beneficiary_id_1,beneficiary_id_2,same_actual_person
BEN-002536,BEN-007025,0
BEN-004682,BEN-006497,0
BEN-004644,BEN-005805,0
BEN-001938,BEN-006823,0
BEN-000955,BEN-009681,1
BEN-002462,BEN-006779,0
BEN-001367,BEN-003988,0
BEN-003273,BEN-009803,0
BEN-000887,BEN-005666,0
BEN-000543,BEN-003505,0
BEN-003653,BEN-008300,0
BEN-007999,BEN-008704,0
BEN-001935,BEN-005364,0
BEN-004946,BEN-007213,0
BEN-000942,BEN-008125,0
BEN-000149,BEN-002433,0
BEN-000165,BEN-004657,0
BEN-002230,BEN-006667,0
BEN-002741,BEN-006447,0
BEN-004182,BEN-005537,0
BEN-002999,BEN-006485,0
BEN-000188,BEN-005020,0
BEN-007400,BEN-009506,0
BEN-005602,BEN-009039,0
BEN-000221,BEN-001682,0
BEN-001139,BEN-007364,0
BEN-002694,BEN-003890,0
BEN-000185,BEN-004299,0
BEN-004264,BEN-009143,0
BEN-004090,BEN-006113,0
BEN-000625,BEN-002884,0
BEN-002145,BEN-003618,0
BEN-003190,BEN-009508,0
BEN-001206,BEN-005074,0
BEN-007513,BEN-009100,0
BEN-002518,BEN-008782,0
BEN-000405,BEN-007202,0
BEN-005072,BEN-008928,0
BEN-000491,BEN-004464,0
BEN-005545,BEN-009474,0
BEN-000145,BEN-006459,1
BEN-001964,BEN-003006,0
BEN-001783,BEN-007422,0
BEN-000999,BEN-001695,0
BEN-003024,BEN-004802,0
BEN-002379,BEN-007591,0
BEN-006465,BEN-006917,0
BEN-000622,BEN-003177,0
BEN-002322,BEN-005835,0
BEN-001909,BEN-005027,0
BEN-000069,BEN-003007,0
BEN-002057,BEN-002110,0
BEN-006064,BEN-009596,0
BEN-002128,BEN-009880,0
BEN-001031,BEN-007249,0
BEN-005806,BEN-009023,0
BEN-009011,BEN-009685,0
BEN-007663,BEN-009765,0
BEN-000365,BEN-009568,0
BEN-002565,BEN-003385,0
BEN-002312,BEN-006057,0
BEN-001191,BEN-008566,0
BEN-000335,BEN-001815,0
BEN-006791,BEN-009593,0
BEN-007657,BEN-008551,0
BEN-000629,BEN-003250,0
BEN-001770,BEN-005373,0
BEN-005950,BEN-006616,0
BEN-003245,BEN-006686,0
BEN-003765,BEN-007021,0
BEN-002891,BEN-006611,0
BEN-000039,BEN-007702,0
BEN-000817,BEN-001782,0
BEN-000541,BEN-009537,0
BEN-001368,BEN-004093,0
BEN-001845,BEN-008810,0
BEN-003809,BEN-007403,0
BEN-000693,BEN-003596,0
BEN-002087,BEN-003875,0
BEN-001439,BEN-002237,0
BEN-001571,BEN-002528,0
BEN-008240,BEN-009214,0
BEN-008420,BEN-008514,0
BEN-004313,BEN-009719,0
BEN-000371,BEN-004411,0
BEN-003008,BEN-006780,0
BEN-000807,BEN-009762,0
BEN-006275,BEN-009003,0
BEN-001681,BEN-005210,0
BEN-001912,BEN-004533,0
BEN-000017,BEN-004338,0
BEN-002940,BEN-005858,0
BEN-001340,BEN-002951,0
BEN-007371,BEN-009170,0
BEN-007099,BEN-009205,0
BEN-008782,BEN-009288,0
BEN-004882,BEN-006977,0
BEN-002535,BEN-005194,0
BEN-001700,BEN-009177,0
BEN-007214,BEN-007692,0
BEN-002456,BEN-006442,0
BEN-004157,BEN-008272,0
BEN-005220,BEN-006933,0
BEN-000855,BEN-003029,0
BEN-005275,BEN-007418,0
BEN-002864,BEN-004776,0
BEN-004019,BEN-009407,0
BEN-000763,BEN-001405,0
BEN-007389,BEN-008217,0
BEN-007281,BEN-008265,0
BEN-001873,BEN-002702,0
BEN-001887,BEN-009428,0
BEN-004713,BEN-008463,0
BEN-001707,BEN-007117,0
BEN-003198,BEN-005583,0
BEN-002677,BEN-007907,0
BEN-006381,BEN-009680,0
BEN-005965,BEN-007404,0
BEN-006330,BEN-007144,0
BEN-004813,BEN-007287,0
BEN-007846,BEN-008553,0
BEN-004064,BEN-009038,0
BEN-000845,BEN-007207,0
BEN-001302,BEN-005016,0
BEN-003579,BEN-007257,0
BEN-002845,BEN-008481,0
BEN-001096,BEN-004030,0
BEN-003221,BEN-005185,0
BEN-003005,BEN-008022,0
BEN-002596,BEN-002923,0
BEN-003030,BEN-005681,0
BEN-000270,BEN-009780,0
BEN-000234,BEN-001872,0
BEN-003968,BEN-008513,0
BEN-000281,BEN-006237,0
BEN-001589,BEN-004602,0
BEN-003340,BEN-004180,0
BEN-000141,BEN-006356,0
BEN-000099,BEN-005648,0
BEN-001780,BEN-006599,0
BEN-004325,BEN-007835,0
BEN-000359,BEN-006541,0
BEN-000283,BEN-006487,0
BEN-001115,BEN-007299,0
BEN-005269,BEN-007246,0
BEN-005156,BEN-008882,0
BEN-005639,BEN-009515,0
BEN-001730,BEN-002134,0
BEN-002577,BEN-005830,0
BEN-002686,BEN-006367,0
BEN-007160,BEN-007728,0
BEN-003664,BEN-006194,0
BEN-009725,BEN-009959,0
BEN-006779,BEN-007480,0
BEN-000633,BEN-007081,0
BEN-002905,BEN-006102,0
BEN-000300,BEN-006578,0
BEN-000268,BEN-000356,0
BEN-006102,BEN-009048,0
BEN-004287,BEN-009285,0
BEN-003074,BEN-006262,0
BEN-000774,BEN-001491,0
BEN-000726,BEN-004118,0
BEN-002253,BEN-009444,0
BEN-003084,BEN-008386,0
BEN-004843,BEN-009084,0
BEN-008007,BEN-008421,0
BEN-004601,BEN-006863,0
BEN-000176,BEN-000895,0
BEN-001318,BEN-007628,0
BEN-004235,BEN-008105,0
BEN-000837,BEN-005923,0
BEN-004366,BEN-005656,0
BEN-001640,BEN-007648,0
BEN-007084,BEN-007554,0
BEN-004031,BEN-008812,0
BEN-006910,BEN-007808,0
BEN-004485,BEN-006314,0
BEN-002326,BEN-007482,0
BEN-002127,BEN-004873,0
BEN-006841,BEN-007301,0
BEN-002948,BEN-009758,0
BEN-003691,BEN-006140,0
BEN-000050,BEN-002919,0
BEN-007587,BEN-008717,0
BEN-002254,BEN-009055,0
BEN-000592,BEN-001217,0
BEN-001424,BEN-003198,0
BEN-000344,BEN-008573,0
BEN-009366,BEN-009595,0
BEN-004818,BEN-007503,0
BEN-003674,BEN-006687,0
BEN-003454,BEN-006110,0
BEN-001450,BEN-002577,0
BEN-006477,BEN-009314,1
BEN-003261,BEN-009124,0
BEN-000662,BEN-001738,0
BEN-006020,BEN-009509,0
BEN-009193,BEN-009839,0
BEN-002375,BEN-004349,0
BEN-003970,BEN-007601,0
BEN-004781,BEN-009345,0
BEN-000622,BEN-006507,0
BEN-006726,BEN-009161,0
BEN-003973,BEN-009377,0
BEN-001745,BEN-002372,0
BEN-002571,BEN-004853,0
BEN-003823,BEN-005605,1
BEN-003440,BEN-009718,0
BEN-001518,BEN-005798,0
BEN-000137,BEN-002846,0
BEN-005780,BEN-006098,0
BEN-000707,BEN-009276,0
BEN-000096,BEN-000391,0
BEN-001013,BEN-006549,0
BEN-004020,BEN-009005,0
BEN-001306,BEN-006242,0
BEN-004715,BEN-007157,0
BEN-004350,BEN-004937,0
BEN-006501,BEN-008250,0
BEN-002139,BEN-005287,0
BEN-001399,BEN-009654,0
BEN-004831,BEN-006651,0
BEN-002992,BEN-005913,0
BEN-000948,BEN-003833,0
BEN-000384,BEN-009472,0
BEN-003272,BEN-008909,0
BEN-002660,BEN-004309,0
BEN-004837,BEN-005335,0
BEN-001682,BEN-002953,0
BEN-006907,BEN-007929,0
BEN-000208,BEN-004526,0
BEN-001199,BEN-005688,0
BEN-000230,BEN-004528,0
BEN-002294,BEN-003307,0
BEN-007119,BEN-007656,0
BEN-001837,BEN-004333,0
BEN-004761,BEN-005893,0
BEN-003262,BEN-005934,0
BEN-002988,BEN-008448,0
BEN-005887,BEN-006981,0
BEN-000763,BEN-006317,0
BEN-000856,BEN-006804,0
BEN-000731,BEN-003018,0
BEN-000068,BEN-009880,0
BEN-005335,BEN-005955,0
BEN-001484,BEN-005766,0
BEN-003967,BEN-009788,0
BEN-000017,BEN-003929,0
BEN-001031,BEN-001771,0
BEN-001645,BEN-004924,0
BEN-006444,BEN-008158,0
BEN-001584,BEN-009829,0
BEN-006086,BEN-009454,0
BEN-003783,BEN-006583,0
BEN-003919,BEN-006454,0
BEN-000608,BEN-009833,0
BEN-005778,BEN-006197,0
BEN-004246,BEN-004356,0
BEN-003112,BEN-003954,0
BEN-008343,BEN-008517,0
BEN-000196,BEN-006966,0
BEN-003930,BEN-007997,0
BEN-004928,BEN-007914,0
BEN-000939,BEN-006146,0
BEN-005038,BEN-005842,0
BEN-001400,BEN-001555,0
BEN-000071,BEN-008499,1
BEN-001532,BEN-004158,0
BEN-002316,BEN-006095,0
BEN-002511,BEN-008075,0
BEN-003088,BEN-008141,0
BEN-003845,BEN-009563,0
BEN-001521,BEN-006382,0
BEN-006292,BEN-006606,0
BEN-000602,BEN-009435,0
BEN-005820,BEN-006732,0
BEN-005156,BEN-007519,0
BEN-007732,BEN-009110,0
BEN-000807,BEN-009344,0
BEN-005624,BEN-006735,0
BEN-000125,BEN-004673,0
BEN-008071,BEN-009601,0
BEN-000409,BEN-005991,0
BEN-000561,BEN-006421,0
BEN-006888,BEN-007360,0
BEN-005803,BEN-007248,0
BEN-002132,BEN-009286,0
BEN-001177,BEN-005031,0
BEN-005216,BEN-006018,0
BEN-002224,BEN-008399,0
BEN-003620,BEN-009518,0
BEN-001358,BEN-009937,0
BEN-004048,BEN-004160,0
BEN-005149,BEN-007063,0
BEN-000571,BEN-001181,0
BEN-008517,BEN-009578,0
BEN-000894,BEN-005959,0
BEN-005546,BEN-009260,1
BEN-000290,BEN-005562,0
BEN-003654,BEN-008466,0
BEN-004056,BEN-005729,0
BEN-001361,BEN-001596,0
BEN-003663,BEN-009833,0
BEN-001861,BEN-003694,0
BEN-000026,BEN-008113,0
BEN-003741,BEN-003902,0
BEN-001368,BEN-006425,0
BEN-003304,BEN-008570,0
BEN-001643,BEN-008287,0
BEN-000553,BEN-008385,0
BEN-006492,BEN-007400,0
BEN-006169,BEN-009348,0
BEN-008692,BEN-009926,0
BEN-001692,BEN-009134,0
BEN-008220,BEN-009018,0
BEN-002236,BEN-004792,0
BEN-002290,BEN-006910,0
BEN-000652,BEN-003993,0
BEN-002021,BEN-004935,0
BEN-001996,BEN-008130,0
BEN-004225,BEN-006609,0
BEN-005141,BEN-005937,0
BEN-006282,BEN-006732,0
BEN-006574,BEN-006982,0
BEN-001985,BEN-003557,0
BEN-006267,BEN-008885,0
BEN-004733,BEN-005359,0
BEN-000899,BEN-001797,0
BEN-000464,BEN-004111,0
BEN-002424,BEN-008727,0
BEN-006901,BEN-007673,0
BEN-000227,BEN-005244,0
BEN-000270,BEN-008307,0
BEN-002121,BEN-006841,0
BEN-000774,BEN-007107,0
BEN-005387,BEN-007153,0
BEN-005673,BEN-009093,0
BEN-002972,BEN-009764,0
BEN-008280,BEN-008568,0
BEN-009352,BEN-009550,0
BEN-000353,BEN-008708,0
BEN-002442,BEN-005292,0
BEN-005066,BEN-007658,0
BEN-006984,BEN-009044,0
BEN-002000,BEN-004949,0
BEN-004524,BEN-008473,0
BEN-002396,BEN-009651,0
BEN-000269,BEN-005508,0
BEN-000328,BEN-006533,0
BEN-004208,BEN-009254,0
BEN-004513,BEN-008982,0
BEN-003890,BEN-004790,0
BEN-001677,BEN-007555,0
BEN-003441,BEN-008085,0
BEN-003901,BEN-006689,0
BEN-006566,BEN-007390,0
BEN-001494,BEN-004787,0
BEN-000575,BEN-006022,0
BEN-006412,BEN-006792,0
BEN-001182,BEN-002492,0
BEN-004438,BEN-006856,0
BEN-001795,BEN-002036,0
BEN-001274,BEN-002645,0
BEN-006305,BEN-006431,0
BEN-002482,BEN-005836,0
BEN-001189,BEN-001380,0
BEN-000849,BEN-005801,0
BEN-003633,BEN-007665,0
BEN-001584,BEN-007775,0
BEN-000944,BEN-002539,0
BEN-001261,BEN-006218,0
BEN-004574,BEN-009939,0
BEN-001907,BEN-009469,0
BEN-005329,BEN-007415,0
BEN-003529,BEN-006376,0
BEN-004475,BEN-005377,0
BEN-003478,BEN-008013,0
BEN-002770,BEN-006178,0
BEN-002410,BEN-007775,0
BEN-003221,BEN-006692,0
BEN-000188,BEN-007512,0
BEN-005286,BEN-006545,0
BEN-000385,BEN-001835,0
BEN-007163,BEN-007458,0
BEN-004293,BEN-007832,0
BEN-005618,BEN-008393,0
BEN-000206,BEN-006162,0
BEN-001169,BEN-008368,0
BEN-000337,BEN-004792,0
BEN-003499,BEN-006893,0
BEN-001537,BEN-002452,0
BEN-002086,BEN-004288,0
BEN-001895,BEN-008121,0
BEN-001878,BEN-009167,0
BEN-004294,BEN-005578,0
BEN-005326,BEN-007527,0
BEN-007933,BEN-008701,0
BEN-005245,BEN-008117,0
BEN-001775,BEN-001818,0
BEN-006913,BEN-008159,0
BEN-002535,BEN-004593,0
BEN-000060,BEN-004709,0
BEN-001615,BEN-008131,0
BEN-004457,BEN-009243,0
BEN-000741,BEN-009802,0
BEN-009842,BEN-009948,0
BEN-005650,BEN-006025,0
BEN-001047,BEN-006951,0
BEN-008824,BEN-009403,0
BEN-001605,BEN-005022,0
BEN-005053,BEN-006380,0
BEN-005517,BEN-008360,0
BEN-003773,BEN-004577,0
BEN-008058,BEN-008342,0
BEN-000237,BEN-000659,0
BEN-000915,BEN-009151,0
BEN-004895,BEN-006036,0
BEN-002806,BEN-004634,0
BEN-002602,BEN-003370,0
BEN-003587,BEN-008524,0
BEN-000205,BEN-005790,0
BEN-006640,BEN-007352,0
BEN-003345,BEN-004087,0
BEN-008016,BEN-009916,1
BEN-000080,BEN-003938,0
BEN-003209,BEN-003888,0
BEN-003310,BEN-004724,0
BEN-005513,BEN-007629,0
BEN-001762,BEN-006497,0
BEN-004735,BEN-009848,0
BEN-005389,BEN-005703,0
BEN-007999,BEN-009211,0
BEN-001069,BEN-003923,0
BEN-006744,BEN-009896,0
BEN-005703,BEN-006831,0
BEN-001536,BEN-005272,0
BEN-006217,BEN-006297,0
BEN-002549,BEN-003893,0
BEN-001961,BEN-008211,0
BEN-007719,BEN-007842,0
BEN-002385,BEN-006357,0
BEN-005929,BEN-007778,0
BEN-005106,BEN-006452,0
BEN-003513,BEN-006564,0
BEN-004044,BEN-004464,0
BEN-000119,BEN-002261,0
BEN-005866,BEN-008395,0
BEN-008115,BEN-008650,0
BEN-002222,BEN-007901,0
BEN-000209,BEN-009399,0
BEN-002542,BEN-008349,0
BEN-002769,BEN-004045,0
BEN-000286,BEN-002491,0
BEN-003430,BEN-003663,0
BEN-000527,BEN-007996,0
BEN-003685,BEN-008440,0
BEN-001175,BEN-007159,0
BEN-003246,BEN-003495,0
BEN-002652,BEN-006805,0
BEN-000870,BEN-009618,0
BEN-005850,BEN-006548,0
BEN-000728,BEN-001093,0
BEN-005282,BEN-007121,0
BEN-004920,BEN-009493,0
BEN-003715,BEN-009078,0
BEN-004567,BEN-004692,0
BEN-006342,BEN-007803,0
BEN-003597,BEN-004849,0
BEN-001505,BEN-006974,0
BEN-002848,BEN-007530,0
BEN-000510,BEN-005196,0
BEN-003886,BEN-005751,0
BEN-001723,BEN-002847,0
BEN-000235,BEN-003035,0
BEN-003494,BEN-006375,0
BEN-003614,BEN-008532,0
BEN-005357,BEN-006869,0
BEN-001751,BEN-006684,0
BEN-002930,BEN-006633,0
BEN-001712,BEN-006443,0
BEN-000566,BEN-006297,0
BEN-005412,BEN-007065,0
BEN-003180,BEN-007128,0
BEN-006423,BEN-009518,0
BEN-000956,BEN-002204,0
BEN-001899,BEN-002202,0
BEN-005461,BEN-009332,0
BEN-002464,BEN-007986,0
BEN-001470,BEN-008261,0
BEN-002364,BEN-007063,0
BEN-006849,BEN-008277,1
BEN-001957,BEN-002406,0
BEN-003522,BEN-009320,0
BEN-003178,BEN-009527,0
BEN-002030,BEN-002291,0
BEN-005937,BEN-008949,0
BEN-000196,BEN-005537,0
BEN-006084,BEN-008042,0
BEN-004394,BEN-007019,0
BEN-008346,BEN-009174,0
BEN-006500,BEN-009833,0
BEN-004269,BEN-006411,0
BEN-003570,BEN-003962,0
BEN-004355,BEN-009261,0
BEN-003574,BEN-003793,0
BEN-003189,BEN-005817,0
BEN-003101,BEN-005000,0
BEN-001333,BEN-008802,0
BEN-004800,BEN-009292,0
BEN-001256,BEN-008334,0
BEN-000957,BEN-007301,0
BEN-002854,BEN-004240,0
BEN-004325,BEN-004486,0
BEN-005479,BEN-007301,0
BEN-006757,BEN-007875,0
BEN-001842,BEN-004308,0
BEN-003269,BEN-004447,0
BEN-007052,BEN-007712,0
BEN-002984,BEN-003282,0
BEN-008336,BEN-008441,0
BEN-001279,BEN-009847,0
BEN-006130,BEN-008610,0
BEN-008322,BEN-009916,1
BEN-000729,BEN-005737,0
BEN-007676,BEN-009279,0
BEN-002386,BEN-004629,0
BEN-008930,BEN-009384,0
BEN-003706,BEN-007180,0
BEN-001211,BEN-006933,0
BEN-000614,BEN-007327,0
BEN-002081,BEN-004055,0
BEN-005674,BEN-008957,0
BEN-006334,BEN-006437,0
BEN-004203,BEN-007118,0
BEN-004293,BEN-008849,0
BEN-001166,BEN-007139,0
BEN-007043,BEN-009778,0
BEN-006165,BEN-007567,0
BEN-004816,BEN-007322,0
BEN-007143,BEN-009716,0
BEN-001808,BEN-004508,0
BEN-002147,BEN-002983,0
BEN-001221,BEN-007523,0
BEN-001071,BEN-005313,0
BEN-002106,BEN-007843,0
BEN-007803,BEN-008592,0
BEN-001232,BEN-003615,0
BEN-002924,BEN-005060,0
BEN-006496,BEN-009143,0
BEN-003662,BEN-006935,1
BEN-007603,BEN-008667,0
BEN-003815,BEN-004690,0
BEN-001748,BEN-006823,0
BEN-001132,BEN-002561,0
BEN-005528,BEN-008358,1
BEN-001739,BEN-006129,0
BEN-007851,BEN-008209,0
BEN-008582,BEN-009707,0
BEN-004224,BEN-007183,0
BEN-000799,BEN-003966,0
BEN-006992,BEN-008807,0
BEN-002718,BEN-007751,0
BEN-005850,BEN-006080,0
BEN-000177,BEN-008259,0
BEN-000952,BEN-001074,0
BEN-002633,BEN-005339,0
BEN-001842,BEN-005772,0
BEN-000351,BEN-004793,0
BEN-002766,BEN-007259,0
BEN-006766,BEN-009891,0
BEN-005651,BEN-007158,0
BEN-000190,BEN-003372,0
BEN-004979,BEN-006446,0
BEN-007484,BEN-009329,0
BEN-002272,BEN-006015,0
BEN-001465,BEN-004772,0
BEN-004174,BEN-004490,0
BEN-005466,BEN-009508,0
BEN-000027,BEN-001863,0
BEN-001086,BEN-003574,0
BEN-004280,BEN-004388,0
BEN-001116,BEN-004778,0
BEN-005279,BEN-006535,0
BEN-003105,BEN-004537,0
BEN-006816,BEN-009119,0
BEN-003833,BEN-004778,0
BEN-000859,BEN-003665,0
BEN-003019,BEN-003352,0
BEN-004268,BEN-007763,0
BEN-004722,BEN-005384,0
BEN-001659,BEN-008378,0
BEN-004779,BEN-009517,0
BEN-001739,BEN-006429,0
BEN-003905,BEN-008372,0
BEN-003550,BEN-007515,0
BEN-000212,BEN-009125,0
BEN-006660,BEN-008719,0
BEN-004130,BEN-004774,0
BEN-008713,BEN-009160,0
BEN-000184,BEN-006307,0
BEN-000365,BEN-004472,0
BEN-003851,BEN-004254,0
BEN-005092,BEN-006056,0
BEN-003630,BEN-004813,0
BEN-000510,BEN-006361,0
BEN-000499,BEN-004926,0
BEN-006003,BEN-008818,0
BEN-000081,BEN-007661,0
BEN-002973,BEN-003561,0
BEN-000537,BEN-001036,0
BEN-006952,BEN-007021,0
BEN-000237,BEN-006743,0
BEN-006615,BEN-007212,0
BEN-004813,BEN-006017,0
BEN-004722,BEN-008161,0
BEN-002531,BEN-004224,0
BEN-000352,BEN-004250,0
BEN-004367,BEN-007208,0
BEN-004056,BEN-007710,0
BEN-004054,BEN-007770,0
BEN-000865,BEN-005912,0
BEN-006291,BEN-006644,0
BEN-002683,BEN-008139,0
BEN-001283,BEN-004855,0
BEN-000915,BEN-008940,0
BEN-000298,BEN-003606,0
BEN-000836,BEN-002200,0
BEN-000509,BEN-009016,0
BEN-005459,BEN-008806,0
BEN-002838,BEN-009307,0
BEN-002706,BEN-005722,0
BEN-005069,BEN-008817,0
BEN-007940,BEN-009383,0
BEN-005301,BEN-007672,0
BEN-002840,BEN-004091,0
BEN-001717,BEN-006857,0
BEN-004087,BEN-004139,0
BEN-002690,BEN-005947,0
BEN-005348,BEN-008114,0
BEN-005102,BEN-007336,0
BEN-004908,BEN-005362,0
BEN-001060,BEN-007571,0
BEN-000476,BEN-008853,0
BEN-003554,BEN-005017,0
BEN-000684,BEN-007032,0
BEN-005522,BEN-008432,0
BEN-008064,BEN-008470,0
BEN-002231,BEN-004159,0
BEN-004137,BEN-004811,0
BEN-000268,BEN-005865,0
BEN-006134,BEN-007791,0
BEN-004719,BEN-008125,0
BEN-002790,BEN-009368,0
BEN-001543,BEN-008842,0
BEN-003158,BEN-009675,0
BEN-006059,BEN-009656,0
BEN-000934,BEN-006919,0
BEN-000819,BEN-005604,0
BEN-001525,BEN-009870,0
BEN-004477,BEN-005768,0
BEN-000618,BEN-005455,0
BEN-007137,BEN-007628,0
BEN-000003,BEN-007062,0
BEN-001179,BEN-002312,0
BEN-001174,BEN-005002,0
BEN-002202,BEN-004564,0
BEN-002819,BEN-009248,0
BEN-003885,BEN-004860,0
BEN-003614,BEN-007160,0
BEN-002222,BEN-002829,0
BEN-000601,BEN-009999,0
BEN-004042,BEN-004182,0
BEN-000294,BEN-009501,0
BEN-003618,BEN-004972,0
BEN-001690,BEN-009132,0
BEN-000143,BEN-009754,0
BEN-001965,BEN-005689,0
BEN-003166,BEN-009549,0
BEN-007918,BEN-008207,0
BEN-003743,BEN-004632,0
BEN-007233,BEN-009186,0
BEN-002171,BEN-005140,0
BEN-006582,BEN-006902,0
BEN-004491,BEN-008544,0
BEN-004471,BEN-006015,0
BEN-000440,BEN-007872,0
BEN-001187,BEN-006162,0
BEN-003546,BEN-007847,0
BEN-006168,BEN-007537,0
BEN-001742,BEN-008393,0
BEN-002033,BEN-004615,0
BEN-001406,BEN-002580,0
BEN-004747,BEN-007130,0
BEN-003194,BEN-009573,0
BEN-002822,BEN-004744,0
BEN-004507,BEN-009240,0
BEN-003956,BEN-009814,0
BEN-001576,BEN-002127,0
BEN-003371,BEN-007466,0
BEN-002134,BEN-002275,0
BEN-000623,BEN-001450,0
BEN-004785,BEN-005586,0
BEN-000736,BEN-006429,0
BEN-000968,BEN-008588,0
BEN-004813,BEN-007303,1
BEN-000173,BEN-004223,0
BEN-000696,BEN-005218,0
BEN-002714,BEN-005374,0
BEN-000920,BEN-002676,0
BEN-001315,BEN-009707,0
BEN-005785,BEN-006056,0
BEN-005684,BEN-009793,0
BEN-000880,BEN-003499,0
BEN-000100,BEN-008063,0
BEN-000738,BEN-002801,0
BEN-005339,BEN-008573,0
BEN-000449,BEN-006067,0
BEN-001942,BEN-003010,0
BEN-004413,BEN-009549,0
BEN-000748,BEN-003715,0
BEN-001644,BEN-008867,0
BEN-004277,BEN-009044,0
BEN-004564,BEN-007200,0
BEN-002346,BEN-005660,0
BEN-000686,BEN-008394,0
BEN-004081,BEN-009695,0
BEN-002478,BEN-002813,0
BEN-001548,BEN-002708,0
BEN-000975,BEN-008134,0
BEN-005851,BEN-009503,0
BEN-002939,BEN-004603,0
BEN-009161,BEN-009332,0
BEN-001009,BEN-002329,0
BEN-007787,BEN-008401,0
BEN-000556,BEN-006156,0
BEN-003013,BEN-009953,1
BEN-003854,BEN-009438,0
BEN-007323,BEN-007510,0
BEN-003334,BEN-007333,0
BEN-001503,BEN-007371,0
BEN-005497,BEN-005960,0
BEN-006504,BEN-009945,0
BEN-005444,BEN-007574,0
BEN-001360,BEN-004125,0
BEN-004779,BEN-009812,0
BEN-002418,BEN-003695,0
BEN-007467,BEN-009847,0
BEN-000234,BEN-006516,0
BEN-001957,BEN-008135,0
BEN-001299,BEN-004517,0
BEN-003819,BEN-009830,0
BEN-007375,BEN-007880,0
BEN-002354,BEN-003398,0
BEN-000347,BEN-007362,0
BEN-002038,BEN-006892,0
BEN-003568,BEN-003970,0
BEN-000256,BEN-003211,0
BEN-003774,BEN-008638,0
BEN-000189,BEN-002597,0
BEN-005164,BEN-005417,0
BEN-003174,BEN-005253,0
BEN-003219,BEN-006604,0
BEN-002339,BEN-005779,0
BEN-000963,BEN-004833,0
BEN-002087,BEN-005642,0
BEN-003766,BEN-006683,0
BEN-000475,BEN-007430,0
BEN-000234,BEN-004845,0
BEN-006508,BEN-006776,0
BEN-001060,BEN-007519,0
BEN-008108,BEN-008296,0
BEN-000761,BEN-009244,0
BEN-001033,BEN-005795,0
BEN-000255,BEN-008745,0
BEN-007875,BEN-009350,0
BEN-005538,BEN-009613,0
BEN-007004,BEN-008661,0
BEN-000205,BEN-006298,0
BEN-003201,BEN-008059,0
BEN-002240,BEN-009307,0
BEN-000973,BEN-008336,0
BEN-002943,BEN-009911,0
BEN-004586,BEN-009534,0
BEN-006851,BEN-007210,0
BEN-004021,BEN-009261,0
BEN-004700,BEN-008696,0
BEN-002772,BEN-009873,0
BEN-003138,BEN-005339,0
BEN-003184,BEN-004370,0
BEN-003320,BEN-003844,0
BEN-000419,BEN-003274,1
BEN-001082,BEN-004850,0
BEN-001315,BEN-009469,0
BEN-004565,BEN-007329,0
BEN-002748,BEN-009666,0
BEN-004866,BEN-007382,0
BEN-000669,BEN-005872,0
BEN-001152,BEN-005679,0
BEN-001502,BEN-002443,0
BEN-005766,BEN-005984,0
BEN-003717,BEN-006134,0
BEN-008097,BEN-009212,0
BEN-006381,BEN-007719,0
BEN-005605,BEN-007680,0
BEN-008450,BEN-008981,0
BEN-001860,BEN-006082,0
BEN-007735,BEN-009247,0
BEN-000377,BEN-001025,0
BEN-001999,BEN-005117,0
BEN-001382,BEN-002774,0
BEN-002333,BEN-005805,0
BEN-000506,BEN-000933,0
BEN-007029,BEN-008622,0
BEN-000883,BEN-009563,0
BEN-005414,BEN-006915,0
BEN-006147,BEN-008765,0
BEN-000492,BEN-005708,0
BEN-001444,BEN-009633,0
BEN-006353,BEN-008480,0
BEN-007469,BEN-009542,0
BEN-002729,BEN-009001,0
BEN-005029,BEN-009177,0
BEN-000507,BEN-009572,0
BEN-006128,BEN-008906,1
BEN-006880,BEN-009004,0
BEN-001804,BEN-005669,0
BEN-006699,BEN-008319,0
BEN-005909,BEN-007191,0
BEN-001416,BEN-003299,0
BEN-004448,BEN-004498,0
BEN-003896,BEN-006401,0
BEN-000632,BEN-007155,0
BEN-002116,BEN-005473,0
BEN-006713,BEN-008350,0
BEN-003122,BEN-005030,0
BEN-001226,BEN-005050,1
BEN-000498,BEN-003409,0
BEN-000321,BEN-001430,0
BEN-004392,BEN-009956,0
BEN-001019,BEN-005027,0
BEN-005484,BEN-007995,0
BEN-001191,BEN-009796,0
BEN-007853,BEN-008157,0
BEN-001432,BEN-003294,0
BEN-000887,BEN-001964,0
BEN-001886,BEN-005717,0
BEN-002154,BEN-008318,0
BEN-005550,BEN-009440,0
BEN-000945,BEN-009228,0
BEN-005692,BEN-005833,0
BEN-004379,BEN-005010,0
BEN-001853,BEN-003496,0
BEN-008237,BEN-008521,0
BEN-004290,BEN-008160,0
BEN-004260,BEN-008626,0
BEN-008429,BEN-008579,0
BEN-002577,BEN-004105,0
BEN-000240,BEN-002564,0
BEN-002280,BEN-009543,0
BEN-002116,BEN-004364,0
BEN-003864,BEN-008204,0
BEN-002039,BEN-005278,0
BEN-003658,BEN-008163,0
BEN-002981,BEN-006974,0
BEN-005879,BEN-006302,0
BEN-004919,BEN-005336,0
BEN-003869,BEN-008877,0
BEN-004343,BEN-006278,0
BEN-002345,BEN-005964,0
BEN-005882,BEN-007650,0
BEN-004584,BEN-008765,0
BEN-001828,BEN-004514,0
BEN-003611,BEN-008464,0
BEN-001578,BEN-008030,0
BEN-005629,BEN-009139,0
BEN-000881,BEN-009317,1
BEN-002752,BEN-005380,0
BEN-002630,BEN-002903,0
BEN-003896,BEN-004112,0
BEN-007124,BEN-007676,0
BEN-001183,BEN-005097,0
BEN-002629,BEN-008915,0
BEN-005572,BEN-006312,0
BEN-001253,BEN-009370,0
BEN-003527,BEN-009205,0
BEN-003000,BEN-006857,0
BEN-002566,BEN-004335,0
BEN-002906,BEN-004931,0
BEN-004189,BEN-006110,0
BEN-001477,BEN-009251,0
BEN-004083,BEN-005328,0
BEN-006832,BEN-009824,0
BEN-001980,BEN-006877,0
BEN-001561,BEN-005707,0
BEN-006498,BEN-006658,0
BEN-003145,BEN-005166,0
BEN-000066,BEN-009208,0
BEN-000016,BEN-004055,0
BEN-001413,BEN-004991,0
BEN-008108,BEN-008220,0
BEN-000399,BEN-004057,0
BEN-002118,BEN-006376,0
BEN-001079,BEN-001915,0
BEN-004070,BEN-005659,0
BEN-000851,BEN-002838,0
BEN-002240,BEN-007933,0
BEN-003282,BEN-003784,0
BEN-003235,BEN-007704,0
BEN-006406,BEN-008414,0
BEN-008017,BEN-008399,0
BEN-003930,BEN-004902,0
BEN-002855,BEN-009855,0
BEN-001422,BEN-006675,0
BEN-000529,BEN-009650,0
BEN-003105,BEN-008512,0
BEN-008686,BEN-009802,0
BEN-003027,BEN-007040,0
BEN-002816,BEN-008197,0
BEN-001727,BEN-005436,0
BEN-002915,BEN-008194,0
BEN-001256,BEN-002003,0
BEN-003770,BEN-009898,0
BEN-004234,BEN-007130,0
BEN-001980,BEN-003820,0
BEN-006948,BEN-008694,0
BEN-000333,BEN-007564,0
BEN-004341,BEN-008710,0
BEN-001489,BEN-007072,0
BEN-001919,BEN-007007,0
BEN-002426,BEN-007900,0
BEN-001408,BEN-003312,0
BEN-002310,BEN-009685,0
BEN-006431,BEN-006964,0
BEN-006122,BEN-006209,0
BEN-001542,BEN-004122,0
BEN-000570,BEN-009362,0
BEN-009105,BEN-009878,0
BEN-000512,BEN-003629,0
BEN-003902,BEN-009698,0
BEN-003657,BEN-005153,0
BEN-001167,BEN-004482,0
BEN-000258,BEN-007268,0
BEN-008273,BEN-009491,0
BEN-004932,BEN-007417,0
BEN-008289,BEN-008858,0
BEN-002739,BEN-007843,0
BEN-007228,BEN-008152,0
BEN-003962,BEN-007085,0
BEN-000064,BEN-005634,0
BEN-007063,BEN-008528,0
BEN-009516,BEN-009708,0
BEN-002189,BEN-009986,0
BEN-001536,BEN-003603,0
BEN-001833,BEN-008780,0
BEN-004253,BEN-006196,0
BEN-003997,BEN-005649,0
BEN-005704,BEN-006075,0
BEN-000043,BEN-001271,0
BEN-003895,BEN-005211,0
BEN-003052,BEN-007343,0
BEN-003852,BEN-009115,0
BEN-003064,BEN-009036,0
BEN-001590,BEN-008146,0
BEN-004964,BEN-008219,0
BEN-006964,BEN-008878,0
BEN-003916,BEN-004462,0
BEN-004553,BEN-009685,0
BEN-001050,BEN-008240,0
BEN-009772,BEN-009841,0
BEN-003872,BEN-007089,0
BEN-007623,BEN-007715,0
BEN-007975,BEN-008592,0
BEN-002735,BEN-006120,0
BEN-000394,BEN-003552,0
BEN-004721,BEN-009526,0
BEN-007155,BEN-009871,0
BEN-000486,BEN-008351,0
BEN-002411,BEN-003705,0
BEN-003159,BEN-003637,0
BEN-005333,BEN-006306,0
BEN-000021,BEN-007623,0
BEN-000174,BEN-005426,0
BEN-002707,BEN-009199,0
BEN-002881,BEN-009133,0
BEN-002919,BEN-005858,0
BEN-006702,BEN-007537,0
BEN-001477,BEN-009363,1
BEN-002332,BEN-004637,0
BEN-002787,BEN-007986,0
BEN-000926,BEN-007886,0
BEN-002228,BEN-002586,0
BEN-005450,BEN-006165,0
BEN-000757,BEN-004065,0
BEN-000670,BEN-006927,0
BEN-002650,BEN-008318,0
BEN-000064,BEN-001520,0
BEN-000829,BEN-004603,0
BEN-002621,BEN-002936,0
BEN-001410,BEN-007039,0
BEN-002823,BEN-003067,0
BEN-002645,BEN-004434,0
BEN-003570,BEN-008820,0
BEN-003089,BEN-004044,0
BEN-000716,BEN-007319,0
BEN-003235,BEN-006303,0
BEN-001008,BEN-006000,0
BEN-000413,BEN-006860,0
BEN-000713,BEN-005456,0
BEN-000105,BEN-009782,0
BEN-001549,BEN-006101,0
BEN-001204,BEN-003287,0
BEN-002816,BEN-004439,0
BEN-007026,BEN-007959,0
BEN-005959,BEN-008248,0
BEN-001403,BEN-007195,0
BEN-003364,BEN-009747,0
BEN-007535,BEN-008297,0
BEN-002019,BEN-004062,0
BEN-002593,BEN-005372,0
BEN-001120,BEN-006346,0
BEN-005559,BEN-007283,0
BEN-001848,BEN-007712,0
BEN-004083,BEN-005633,0
BEN-004530,BEN-008058,0
BEN-006392,BEN-009520,0
BEN-000167,BEN-000841,0
BEN-006326,BEN-007517,0
BEN-001575,BEN-003800,0
BEN-003089,BEN-006692,0
BEN-000981,BEN-001673,0
BEN-003183,BEN-009201,0
BEN-000908,BEN-001331,0
BEN-004749,BEN-008724,0
BEN-000622,BEN-000897,0
BEN-001053,BEN-009532,0
BEN-002769,BEN-003237,0
BEN-004694,BEN-007597,0
BEN-006705,BEN-009029,0
BEN-005312,BEN-008350,1
BEN-001785,BEN-001866,0
BEN-006311,BEN-008157,0
BEN-007169,BEN-008707,0
BEN-003203,BEN-004133,0
BEN-002133,BEN-006744,0
BEN-003304,BEN-009446,0
BEN-005227,BEN-007352,0
BEN-003337,BEN-003741,0
BEN-003722,BEN-009287,0
BEN-002651,BEN-007122,0
BEN-000700,BEN-007687,0
BEN-006129,BEN-008693,0
BEN-005774,BEN-009766,0
BEN-000165,BEN-001079,0
BEN-006948,BEN-009925,0
BEN-001844,BEN-006788,0
BEN-004884,BEN-007127,0
BEN-007125,BEN-008718,0
BEN-004716,BEN-005117,0
BEN-000687,BEN-009899,0
BEN-002654,BEN-005157,0
BEN-004684,BEN-006504,1
BEN-002540,BEN-004278,0
BEN-003619,BEN-004050,0
BEN-000079,BEN-009872,0
BEN-001199,BEN-005661,0
BEN-005693,BEN-006014,0
BEN-002800,BEN-006344,0
BEN-007073,BEN-008606,0
BEN-001602,BEN-006451,0
BEN-000253,BEN-007015,0
BEN-001279,BEN-005393,0
BEN-000206,BEN-000745,0
BEN-008385,BEN-009137,0
BEN-000581,BEN-001765,0
BEN-004189,BEN-008922,0
BEN-005248,BEN-008780,0
BEN-003753,BEN-003992,0
BEN-005558,BEN-006019,0
BEN-006047,BEN-008984,0
BEN-004279,BEN-006410,0
BEN-002160,BEN-009822,0
BEN-006643,BEN-007064,0
BEN-008414,BEN-008756,0
BEN-000794,BEN-003375,0
BEN-003880,BEN-006997,0
BEN-009253,BEN-009656,0
BEN-000398,BEN-008564,0
BEN-001114,BEN-004877,0
BEN-000188,BEN-003161,0
BEN-000999,BEN-003869,0
BEN-001249,BEN-007563,0
BEN-004821,BEN-007647,0
BEN-000523,BEN-007702,0
BEN-002906,BEN-009260,0
BEN-000668,BEN-006852,0
BEN-000187,BEN-009735,0
BEN-002145,BEN-003269,0
BEN-003916,BEN-009095,0
BEN-000057,BEN-006156,0
BEN-001250,BEN-003434,0
BEN-009207,BEN-009307,0
BEN-002525,BEN-008588,0
BEN-004343,BEN-009897,0
BEN-001200,BEN-005562,0
BEN-004782,BEN-006898,0
BEN-007731,BEN-008624,0
BEN-001374,BEN-007962,0
BEN-004337,BEN-008579,0
BEN-004902,BEN-007768,0
BEN-003297,BEN-009051,0
BEN-007777,BEN-008920,0
BEN-000372,BEN-009270,0
BEN-004751,BEN-007323,0
BEN-001157,BEN-009394,0
BEN-005806,BEN-008023,0
BEN-002082,BEN-007931,0
BEN-000978,BEN-002172,0
BEN-003455,BEN-007193,0
BEN-003207,BEN-007230,0
BEN-006317,BEN-007109,0
BEN-000079,BEN-000896,0
BEN-001742,BEN-006134,0
BEN-008181,BEN-009419,0
BEN-000892,BEN-002007,0
BEN-001881,BEN-007695,0
BEN-001612,BEN-007690,0
BEN-000669,BEN-003814,0
BEN-002881,BEN-008687,0
BEN-001573,BEN-008560,0
BEN-005452,BEN-006412,0
BEN-001608,BEN-001624,0
BEN-001472,BEN-007289,0
BEN-004568,BEN-009646,0
BEN-003032,BEN-003823,0
BEN-003715,BEN-005552,0
BEN-008011,BEN-008168,0
BEN-002608,BEN-008781,0
BEN-000769,BEN-005656,0
BEN-007704,BEN-009890,0
BEN-005016,BEN-008843,0
BEN-006669,BEN-007527,0
BEN-006405,BEN-009592,0
BEN-004416,BEN-008312,0
BEN-005243,BEN-007794,0
BEN-004189,BEN-004511,0
BEN-005162,BEN-009030,0
BEN-006497,BEN-008454,0
BEN-005259,BEN-007675,0
BEN-003414,BEN-008294,0
BEN-000940,BEN-007308,0
BEN-001378,BEN-001496,0
BEN-004731,BEN-009551,0
BEN-001021,BEN-004962,0
BEN-006804,BEN-006919,0
BEN-004690,BEN-009527,0
BEN-001251,BEN-005752,0
BEN-005219,BEN-006788,0
BEN-001751,BEN-003520,0
BEN-003361,BEN-009022,0
BEN-002339,BEN-004131,0
BEN-003316,BEN-007538,0
BEN-006917,BEN-009917,0
BEN-007736,BEN-009799,0
BEN-003205,BEN-008334,0
BEN-000496,BEN-003135,0
BEN-002159,BEN-007648,0
BEN-003056,BEN-004370,0
BEN-000044,BEN-001588,0
BEN-001705,BEN-004713,0
BEN-001755,BEN-003143,0
BEN-003034,BEN-008488,0
BEN-006235,BEN-006470,0
BEN-001926,BEN-002199,0
BEN-001572,BEN-009255,0
BEN-000854,BEN-004915,0
BEN-001964,BEN-004265,0
BEN-006710,BEN-009354,0
BEN-000277,BEN-009800,0
BEN-004496,BEN-005624,0
BEN-000325,BEN-008004,0
BEN-000174,BEN-007975,0
BEN-002766,BEN-007112,0
BEN-002680,BEN-006017,0
BEN-004364,BEN-005375,0
BEN-004385,BEN-004935,0
BEN-004528,BEN-006823,0
BEN-006989,BEN-009687,0
BEN-001710,BEN-006190,0
BEN-004034,BEN-008910,0
BEN-004330,BEN-008338,0
BEN-000533,BEN-008387,0
BEN-000044,BEN-004831,0
BEN-000754,BEN-006730,0
BEN-004229,BEN-009114,0
BEN-003758,BEN-009203,0
BEN-003600,BEN-003844,0
BEN-003981,BEN-006387,0
BEN-003027,BEN-003543,0
BEN-007699,BEN-009768,0
BEN-003616,BEN-007350,0
BEN-002694,BEN-007065,0
BEN-004921,BEN-007056,0
BEN-000672,BEN-009298,0
BEN-001455,BEN-008684,0
BEN-002317,BEN-005333,0
BEN-006000,BEN-007018,0
BEN-003731,BEN-007540,0
BEN-003833,BEN-005916,0
BEN-000153,BEN-009137,0
BEN-001369,BEN-009312,0
BEN-005378,BEN-006667,0
BEN-003319,BEN-004373,0
BEN-001203,BEN-008874,0
BEN-006085,BEN-008543,0
BEN-003793,BEN-009368,0
BEN-002996,BEN-003516,0
BEN-003551,BEN-009181,0
BEN-002038,BEN-006754,0
BEN-004370,BEN-009145,0
BEN-001579,BEN-003136,0
BEN-003729,BEN-004454,0
BEN-001130,BEN-004332,0
BEN-004172,BEN-009021,0
BEN-005825,BEN-009331,0
BEN-004674,BEN-006417,0
BEN-001369,BEN-005463,0
BEN-006486,BEN-009353,0
BEN-008964,BEN-009748,0
BEN-001368,BEN-007330,0
BEN-004346,BEN-008102,0
BEN-000960,BEN-002150,0
BEN-005063,BEN-005707,0
BEN-008258,BEN-009744,0
BEN-004929,BEN-008517,0
BEN-004240,BEN-008292,0
BEN-001770,BEN-005381,0
BEN-001538,BEN-005916,0
BEN-000055,BEN-001374,0
BEN-002689,BEN-008282,0
BEN-000169,BEN-003952,0
BEN-000616,BEN-002376,0
BEN-007659,BEN-009907,0
BEN-000303,BEN-004560,0
BEN-003071,BEN-004217,0
BEN-006682,BEN-006742,0
BEN-004172,BEN-004880,0
BEN-003094,BEN-009132,0
BEN-006684,BEN-007964,0
BEN-002998,BEN-009126,0
BEN-005282,BEN-007813,0
BEN-008134,BEN-009685,0
BEN-001457,BEN-004872,0
BEN-002894,BEN-004738,0
BEN-006105,BEN-009479,0
BEN-002265,BEN-004078,0
BEN-001963,BEN-006225,0
BEN-002424,BEN-008318,0
BEN-005254,BEN-006733,0
BEN-000184,BEN-005838,0
BEN-003773,BEN-004512,0
BEN-001355,BEN-009471,0
BEN-004020,BEN-006870,0
BEN-007184,BEN-007669,0
BEN-007298,BEN-009770,0
BEN-003054,BEN-007041,0
BEN-002781,BEN-007893,0
BEN-002947,BEN-003918,0
BEN-003374,BEN-009346,0
BEN-000094,BEN-009435,0
BEN-005652,BEN-008404,1
BEN-001585,BEN-004302,0
BEN-002959,BEN-005553,1
BEN-000858,BEN-008113,0
BEN-000822,BEN-005210,0
BEN-001817,BEN-001923,0
BEN-000356,BEN-001418,0
BEN-001103,BEN-003311,0
BEN-000378,BEN-002881,0
BEN-001596,BEN-008582,0
BEN-001124,BEN-003537,0
BEN-000235,BEN-000667,0
BEN-003845,BEN-005841,0
BEN-001347,BEN-009766,0
BEN-000044,BEN-003569,0
BEN-003919,BEN-005234,0
BEN-004344,BEN-008845,0
BEN-006183,BEN-008025,0
BEN-003094,BEN-008030,0
BEN-003688,BEN-005839,0
BEN-005626,BEN-008213,0
BEN-000006,BEN-008298,0
BEN-000488,BEN-001474,0
BEN-005163,BEN-007856,0
BEN-001646,BEN-003513,0
BEN-001496,BEN-006335,0
BEN-004796,BEN-005192,0
BEN-001627,BEN-005297,0
BEN-006636,BEN-007969,0
BEN-000833,BEN-006669,0
BEN-004019,BEN-009321,0
BEN-000299,BEN-005060,0
BEN-002254,BEN-009917,0
BEN-006577,BEN-009853,0
BEN-000919,BEN-007775,0
BEN-006526,BEN-008876,0
BEN-004323,BEN-005903,0
BEN-000593,BEN-001807,0
BEN-001425,BEN-002567,0
BEN-008269,BEN-008817,0
BEN-003033,BEN-003692,0
BEN-006399,BEN-007192,0
BEN-001047,BEN-006447,0
BEN-001892,BEN-005379,0
BEN-000893,BEN-007365,0
BEN-000844,BEN-007190,0
BEN-000937,BEN-001463,0
BEN-007754,BEN-008306,0
BEN-003631,BEN-005521,0
BEN-004246,BEN-007318,0
BEN-005510,BEN-006461,0
BEN-002394,BEN-005933,0
BEN-002875,BEN-009757,0
BEN-005114,BEN-008711,0
BEN-006840,BEN-006897,0
BEN-001269,BEN-008171,1
BEN-003992,BEN-006388,0
BEN-000599,BEN-004172,0
BEN-000749,BEN-008799,0
BEN-005748,BEN-007227,0
BEN-000591,BEN-007469,0
BEN-005756,BEN-006106,0
BEN-004585,BEN-004955,0
BEN-001895,BEN-003987,0
BEN-008427,BEN-008920,0
BEN-008398,BEN-008639,0
BEN-004972,BEN-009893,0
BEN-001461,BEN-002021,0
BEN-001295,BEN-004293,0
BEN-005848,BEN-009440,0
BEN-008386,BEN-008990,0
BEN-009938,BEN-009956,0
BEN-001655,BEN-004306,0
BEN-007712,BEN-007994,0
BEN-000783,BEN-002134,0
BEN-001713,BEN-008282,0
BEN-006712,BEN-007828,0
BEN-002274,BEN-003608,0
BEN-008322,BEN-009956,0
BEN-006127,BEN-008695,0
BEN-001089,BEN-005981,0
BEN-002222,BEN-008529,0
BEN-002317,BEN-008887,0
BEN-003808,BEN-009063,0
BEN-006165,BEN-007261,0
BEN-008840,BEN-009872,0
BEN-002073,BEN-006315,0
BEN-008165,BEN-008660,0
BEN-004304,BEN-005403,0
BEN-005356,BEN-009776,0
BEN-004406,BEN-007423,0
BEN-002239,BEN-004328,0
BEN-004360,BEN-009049,0
BEN-007702,BEN-009119,0
BEN-007031,BEN-008075,0
BEN-005059,BEN-006600,0
BEN-004811,BEN-007813,0
BEN-001333,BEN-006137,0
BEN-008751,BEN-009029,0
BEN-001270,BEN-002275,0
BEN-000021,BEN-006307,0
BEN-005462,BEN-006878,0
BEN-000954,BEN-007676,0
BEN-000937,BEN-009651,0
BEN-002785,BEN-007925,0
BEN-001239,BEN-009331,0
BEN-006766,BEN-008823,0
BEN-000474,BEN-002314,0
BEN-001409,BEN-007079,0
BEN-002707,BEN-005145,0
BEN-005436,BEN-009949,0
BEN-005031,BEN-009553,0
BEN-002448,BEN-004252,0
BEN-001388,BEN-005197,0
BEN-001708,BEN-003443,0
BEN-000674,BEN-009633,0
BEN-001498,BEN-005184,0
BEN-003376,BEN-007428,0
BEN-004757,BEN-004882,0
BEN-002388,BEN-006841,0
BEN-000077,BEN-003056,0
BEN-000244,BEN-001020,0
BEN-006202,BEN-006909,0
BEN-009124,BEN-009244,0
BEN-000098,BEN-002709,0
BEN-007924,BEN-009507,0
BEN-006446,BEN-006863,0
BEN-000098,BEN-005067,0
BEN-001450,BEN-003765,0
BEN-004850,BEN-006660,0
BEN-001829,BEN-003602,0
BEN-005715,BEN-006374,0
BEN-005225,BEN-005708,0
BEN-007430,BEN-009487,0
BEN-003141,BEN-005746,0
BEN-002706,BEN-005651,0
BEN-000644,BEN-002561,0
BEN-000538,BEN-004459,0
BEN-003833,BEN-008786,0
BEN-003139,BEN-003804,0
BEN-002223,BEN-006679,0
BEN-000504,BEN-007110,0
BEN-003267,BEN-007749,0
BEN-001244,BEN-008353,0
BEN-000174,BEN-008167,0
BEN-005576,BEN-008696,0
BEN-000034,BEN-003732,0
BEN-007700,BEN-008882,0
BEN-004861,BEN-005764,0
BEN-008052,BEN-008312,0
BEN-001673,BEN-004436,0
BEN-003811,BEN-005058,0
BEN-002236,BEN-008962,0
BEN-002420,BEN-009587,0
BEN-001138,BEN-004565,0
BEN-007738,BEN-009343,0
BEN-005730,BEN-008955,0
BEN-002413,BEN-006052,0
BEN-001087,BEN-007453,0
BEN-004468,BEN-008944,0
BEN-000417,BEN-005462,0
BEN-002892,BEN-003735,0
BEN-000391,BEN-007294,0
BEN-009317,BEN-009855,0
BEN-004476,BEN-005164,0
BEN-000430,BEN-002084,0
BEN-003317,BEN-008035,0
BEN-003090,BEN-008736,0
BEN-000283,BEN-001155,0
BEN-004835,BEN-008304,0
BEN-003206,BEN-007406,0
BEN-005060,BEN-007027,0
BEN-000471,BEN-000823,0
BEN-000598,BEN-007351,0
BEN-003560,BEN-008802,0
BEN-004715,BEN-006627,0
BEN-004813,BEN-007919,0
BEN-000936,BEN-001930,0
BEN-006967,BEN-009478,0
BEN-002246,BEN-006363,0
BEN-000782,BEN-006033,0
BEN-000349,BEN-005970,0
BEN-000671,BEN-008504,0
BEN-000771,BEN-006296,0
BEN-006714,BEN-008102,0
BEN-002747,BEN-005375,0
BEN-000290,BEN-001845,0
BEN-001050,BEN-005211,0
BEN-000193,BEN-004239,0
BEN-002814,BEN-003629,0
BEN-005070,BEN-006684,0
BEN-008096,BEN-008667,0
BEN-000173,BEN-003661,0
BEN-002921,BEN-009833,0
BEN-001369,BEN-002362,0
BEN-000770,BEN-004920,0
BEN-006879,BEN-007360,0
BEN-001549,BEN-005692,0
BEN-005824,BEN-009674,0
BEN-004584,BEN-007560,0
BEN-001061,BEN-004807,0
BEN-000010,BEN-004078,0
BEN-000690,BEN-003510,0
BEN-008110,BEN-009637,0
BEN-004481,BEN-006347,0
BEN-000596,BEN-002389,0
BEN-001997,BEN-003074,0
BEN-002362,BEN-007600,0
BEN-003214,BEN-005940,0
BEN-003543,BEN-006177,0
BEN-000267,BEN-006342,0
BEN-004778,BEN-006680,0
BEN-000957,BEN-001841,0
BEN-005667,BEN-009510,0
BEN-003289,BEN-007783,0
BEN-008410,BEN-009340,0
BEN-000092,BEN-006200,0
BEN-002381,BEN-006326,0
BEN-002476,BEN-003523,0
BEN-004193,BEN-008691,0
BEN-005453,BEN-009444,0
BEN-006359,BEN-007734,0
BEN-008599,BEN-009001,0
BEN-000362,BEN-008329,0
BEN-004077,BEN-007759,0
BEN-005262,BEN-006822,0
BEN-004287,BEN-008968,0
BEN-008212,BEN-009955,0
BEN-000317,BEN-002649,0
BEN-007669,BEN-008916,0
BEN-003757,BEN-004549,0
BEN-002851,BEN-006983,0
BEN-000467,BEN-001878,0
BEN-001813,BEN-005939,0
BEN-001048,BEN-003491,0
BEN-003227,BEN-004871,0
BEN-002816,BEN-007560,0
BEN-002793,BEN-006961,0
BEN-000662,BEN-003973,0
BEN-002399,BEN-003405,0
BEN-000206,BEN-002489,0
BEN-002300,BEN-003374,0
BEN-000773,BEN-007147,0
BEN-000423,BEN-006911,0
BEN-002956,BEN-008275,0
BEN-004847,BEN-005200,0
BEN-006136,BEN-009520,0
BEN-000979,BEN-002889,0
BEN-000370,BEN-004952,0
BEN-002896,BEN-009248,0
BEN-003433,BEN-007232,0
BEN-005149,BEN-007309,0
BEN-004147,BEN-007943,0
BEN-007312,BEN-008257,0
BEN-004456,BEN-006836,0
BEN-002758,BEN-005869,0
BEN-002068,BEN-009454,0
BEN-001063,BEN-004649,0
BEN-009271,BEN-009468,0
BEN-001860,BEN-002042,0
BEN-005655,BEN-009303,0
BEN-002629,BEN-005723,0
BEN-007004,BEN-007415,0
BEN-002116,BEN-009193,0
BEN-001933,BEN-008375,0
BEN-002450,BEN-006164,0
BEN-001728,BEN-008743,0
BEN-005131,BEN-008276,0
BEN-001273,BEN-002808,0
BEN-004977,BEN-008261,0
BEN-006501,BEN-008169,0
BEN-002234,BEN-008335,0
BEN-002154,BEN-008577,0
BEN-001878,BEN-007932,0
BEN-000964,BEN-003203,0
BEN-004080,BEN-006853,0
BEN-009722,BEN-009983,0
BEN-005741,BEN-008330,0
BEN-002878,BEN-007179,0
BEN-006952,BEN-007498,0
BEN-004555,BEN-004946,0
BEN-000438,BEN-009291,0
BEN-000194,BEN-002519,0
BEN-007349,BEN-007668,0
BEN-001021,BEN-008958,0
BEN-000663,BEN-004634,0
BEN-001323,BEN-005295,0
BEN-003015,BEN-003838,0
BEN-000134,BEN-003717,0
BEN-005120,BEN-005711,0
BEN-005567,BEN-008803,0
BEN-002602,BEN-009737,0
BEN-002186,BEN-007522,0
BEN-005059,BEN-009105,0
BEN-007764,BEN-008471,0
BEN-000804,BEN-007904,0
BEN-001890,BEN-005822,0
BEN-000859,BEN-009777,0
BEN-004287,BEN-006814,0
BEN-004400,BEN-006640,0
BEN-000038,BEN-002139,0
BEN-002979,BEN-005697,0
BEN-005506,BEN-006624,0
BEN-004583,BEN-008630,0
BEN-000755,BEN-003076,0
BEN-003124,BEN-009210,0
BEN-000229,BEN-005466,0
BEN-006928,BEN-009381,0
BEN-007016,BEN-008890,0
BEN-000203,BEN-008809,0
BEN-002766,BEN-002887,0
BEN-004713,BEN-005104,0
BEN-005406,BEN-007735,0
BEN-001816,BEN-003896,0
BEN-007614,BEN-008486,0
BEN-008848,BEN-009947,0
BEN-000440,BEN-003141,0
BEN-005131,BEN-008878,0
BEN-000672,BEN-005555,0
BEN-006635,BEN-009700,0
BEN-004480,BEN-006389,0
BEN-003660,BEN-006113,0
BEN-003674,BEN-005349,0
BEN-001334,BEN-009804,0
BEN-002207,BEN-009925,0
BEN-002603,BEN-003162,0
BEN-005699,BEN-009257,0
BEN-008388,BEN-009051,0
BEN-002252,BEN-007610,0
BEN-002127,BEN-008966,0
BEN-001676,BEN-003379,0
BEN-000175,BEN-005893,0
BEN-002997,BEN-005002,0
BEN-002574,BEN-002702,0
BEN-001989,BEN-004492,0
BEN-001395,BEN-009936,0
BEN-001504,BEN-004306,0
BEN-001731,BEN-005201,0
BEN-000067,BEN-004232,0
BEN-004120,BEN-004367,0
BEN-003642,BEN-006737,0
BEN-001787,BEN-007388,0
BEN-001669,BEN-009954,0
BEN-005428,BEN-009386,0
BEN-000556,BEN-000956,0
BEN-003940,BEN-007978,0
BEN-005113,BEN-009168,0
BEN-002890,BEN-004891,0
BEN-000122,BEN-006817,0
BEN-000282,BEN-008113,0
BEN-000943,BEN-007188,0
BEN-009740,BEN-009935,0
BEN-000184,BEN-001584,0
BEN-000638,BEN-009700,0
BEN-003181,BEN-006503,0
BEN-001018,BEN-006724,0
BEN-005292,BEN-008273,0
BEN-007724,BEN-009635,0
BEN-003454,BEN-007880,0
BEN-002253,BEN-008289,0
BEN-000515,BEN-003005,0
BEN-005736,BEN-008292,0
BEN-003974,BEN-009575,0
BEN-000056,BEN-002732,0
BEN-008454,BEN-009597,0
BEN-006724,BEN-006814,0
BEN-002138,BEN-008626,0
BEN-001566,BEN-004320,0
BEN-002531,BEN-006249,0
BEN-004505,BEN-009682,0
BEN-006549,BEN-008844,0
BEN-004657,BEN-005267,0
BEN-007239,BEN-009102,0
BEN-000994,BEN-006584,0
BEN-002379,BEN-008596,0
BEN-007776,BEN-008406,0
BEN-003093,BEN-007313,0
BEN-000972,BEN-009308,0
BEN-003630,BEN-009876,0
BEN-004152,BEN-009998,0
BEN-003687,BEN-009648,0
BEN-002129,BEN-005551,0
BEN-000202,BEN-007028,0
BEN-002762,BEN-006677,0
BEN-009442,BEN-009974,0
BEN-002656,BEN-007890,0
BEN-004370,BEN-008910,0
BEN-004267,BEN-007132,0
BEN-003750,BEN-008314,0
BEN-001022,BEN-004982,0
BEN-004021,BEN-005086,0
BEN-004673,BEN-007388,0
BEN-000033,BEN-007552,1
BEN-002165,BEN-008029,0
BEN-001666,BEN-004330,0
BEN-008701,BEN-009696,0
BEN-001500,BEN-002055,0
BEN-000443,BEN-000613,0
BEN-005466,BEN-008274,0
BEN-003779,BEN-009644,0
BEN-003687,BEN-005460,0
BEN-004402,BEN-006189,0
BEN-007205,BEN-007799,0
BEN-002948,BEN-007317,0
BEN-000425,BEN-007735,0
BEN-002462,BEN-008160,0
BEN-009198,BEN-009445,0
BEN-000036,BEN-000688,0
BEN-002809,BEN-008902,0
BEN-001891,BEN-009759,0
BEN-008665,BEN-008841,0
BEN-000073,BEN-006969,0
BEN-000716,BEN-003060,0
BEN-000564,BEN-006463,0
BEN-002530,BEN-007685,0
BEN-001903,BEN-001997,0
BEN-004419,BEN-008510,0
BEN-000422,BEN-004861,0
BEN-002678,BEN-003179,0
BEN-003772,BEN-007375,0
BEN-001873,BEN-002838,0
BEN-005770,BEN-008020,0
BEN-000105,BEN-009300,0
BEN-005619,BEN-009738,0
BEN-001842,BEN-006643,0
BEN-003957,BEN-009689,0
BEN-002805,BEN-008107,0
BEN-005207,BEN-008256,0
BEN-000911,BEN-005520,0
BEN-004304,BEN-004409,0
BEN-001733,BEN-002497,0
BEN-004744,BEN-005994,0
BEN-004923,BEN-009389,0
BEN-005962,BEN-006640,0
BEN-008762,BEN-008990,0
BEN-000340,BEN-003893,0
BEN-002406,BEN-006488,0
BEN-001873,BEN-002161,0
BEN-003857,BEN-009918,0
BEN-002843,BEN-006874,0
BEN-000778,BEN-002150,0
BEN-004560,BEN-007081,0
BEN-002857,BEN-002945,0
BEN-001361,BEN-003519,0
BEN-000797,BEN-008854,0
BEN-002209,BEN-007018,0
BEN-004891,BEN-007963,0
BEN-003823,BEN-004793,0
BEN-007201,BEN-009697,0
BEN-003163,BEN-008465,0
BEN-002058,BEN-006589,0
BEN-007260,BEN-009179,0
BEN-000067,BEN-003703,0
BEN-000301,BEN-008247,0
BEN-002442,BEN-006060,0
BEN-000466,BEN-005259,0
BEN-001359,BEN-005370,0
BEN-004813,BEN-007549,0
BEN-006696,BEN-009928,0
BEN-002249,BEN-007514,0
BEN-003160,BEN-008276,0
BEN-001546,BEN-002840,0
BEN-000281,BEN-004772,0
BEN-000539,BEN-004352,0
BEN-000193,BEN-002318,0
BEN-005749,BEN-007125,0
BEN-001758,BEN-007085,0
BEN-001058,BEN-004150,0
BEN-000220,BEN-008333,0
BEN-005341,BEN-006587,0
BEN-002478,BEN-003081,0
BEN-005610,BEN-006665,0
BEN-000341,BEN-007177,0
BEN-006322,BEN-007873,0
BEN-004305,BEN-004838,0
BEN-000045,BEN-000095,0
BEN-001188,BEN-003615,0
BEN-001984,BEN-004737,0
BEN-007264,BEN-007349,1
BEN-004003,BEN-004252,0
BEN-005312,BEN-006608,0
BEN-002343,BEN-003430,0
BEN-001276,BEN-004756,0
BEN-003059,BEN-003478,0
BEN-001030,BEN-006811,0
BEN-008841,BEN-009641,0
BEN-003751,BEN-007345,0
BEN-000364,BEN-007981,0
BEN-000240,BEN-002774,0
BEN-006967,BEN-009788,0
BEN-006852,BEN-009927,0
BEN-003039,BEN-007042,0
BEN-000290,BEN-007643,0
BEN-002501,BEN-006290,0
BEN-000181,BEN-006031,0
BEN-002257,BEN-006065,0
BEN-005861,BEN-008297,0
BEN-002709,BEN-006559,0
BEN-001566,BEN-003934,0
BEN-002934,BEN-009201,0
BEN-007253,BEN-008707,0
BEN-002334,BEN-005294,0
BEN-004425,BEN-005433,0
BEN-002298,BEN-003674,0
BEN-000928,BEN-004686,0
BEN-001769,BEN-003878,0
BEN-007052,BEN-008172,0
BEN-001754,BEN-008480,0
BEN-000627,BEN-008809,0
BEN-002091,BEN-005779,0
BEN-005953,BEN-007330,0
BEN-000702,BEN-006560,0
BEN-004199,BEN-006415,0
BEN-001818,BEN-004789,0
BEN-001325,BEN-008061,0
BEN-002789,BEN-006504,0
BEN-006627,BEN-008669,0
BEN-003209,BEN-009560,0
BEN-003985,BEN-004796,0
BEN-005498,BEN-008505,0
BEN-004867,BEN-008798,0
BEN-002891,BEN-008504,0
BEN-000309,BEN-000902,0
BEN-004946,BEN-007859,0
BEN-000428,BEN-003607,0
BEN-003692,BEN-008919,0
BEN-004929,BEN-005573,0
BEN-004749,BEN-007542,0
BEN-004829,BEN-006358,0
BEN-004655,BEN-007503,0
BEN-001437,BEN-006515,0
BEN-000277,BEN-007703,0
BEN-001085,BEN-001787,0
BEN-003226,BEN-008502,0
BEN-001694,BEN-007851,0
BEN-002536,BEN-003291,1
BEN-008359,BEN-008748,0
BEN-005039,BEN-005310,0
BEN-004721,BEN-005481,0
BEN-000893,BEN-008906,0
BEN-006587,BEN-009362,0
BEN-005196,BEN-007364,0
BEN-000089,BEN-006215,0
BEN-000375,BEN-002318,0
BEN-000792,BEN-001320,0
BEN-004597,BEN-005719,0
BEN-004902,BEN-008536,0
BEN-006432,BEN-009434,0
BEN-008212,BEN-008571,0
BEN-004031,BEN-007722,0
BEN-001097,BEN-003940,0
BEN-006194,BEN-007563,0
BEN-005179,BEN-006563,0
BEN-000421,BEN-005948,0
BEN-000448,BEN-001035,0
BEN-000780,BEN-006844,0
BEN-003277,BEN-004899,0
BEN-008343,BEN-009479,0
BEN-001057,BEN-002510,0
BEN-001746,BEN-002510,0
BEN-002159,BEN-006326,0
BEN-000730,BEN-006551,0
BEN-001934,BEN-002443,0
BEN-007893,BEN-009738,0
BEN-001778,BEN-009348,0
BEN-000310,BEN-006110,0
BEN-008824,BEN-009064,0
BEN-003003,BEN-007545,0
BEN-005486,BEN-008408,0
BEN-002523,BEN-004359,0
BEN-000453,BEN-007775,0
BEN-003581,BEN-004751,0
BEN-002638,BEN-008395,0
BEN-003984,BEN-004034,0
BEN-001042,BEN-003567,0
BEN-004669,BEN-009543,0
BEN-007603,BEN-008106,0
BEN-004689,BEN-008120,0
BEN-000078,BEN-005429,0
BEN-000395,BEN-009426,0
BEN-000412,BEN-002998,0
BEN-001661,BEN-006697,0
BEN-004833,BEN-008671,0
BEN-005519,BEN-009602,0
BEN-001513,BEN-001803,0
BEN-008558,BEN-009131,0
BEN-007357,BEN-009558,0
BEN-000985,BEN-009856,0
BEN-001174,BEN-005435,0
BEN-006162,BEN-008099,0
BEN-000862,BEN-007062,0
BEN-004141,BEN-005065,0
BEN-000256,BEN-009446,0
BEN-006043,BEN-009666,0
BEN-004246,BEN-008657,0
BEN-000069,BEN-007155,0
BEN-007955,BEN-009875,0
BEN-003185,BEN-003570,0
BEN-004883,BEN-009474,0
BEN-000427,BEN-003447,0
BEN-003167,BEN-006004,0
BEN-001366,BEN-003540,0
BEN-007062,BEN-008523,0
BEN-004930,BEN-005676,0
BEN-001353,BEN-002588,0
BEN-008598,BEN-008891,0
BEN-006939,BEN-008876,0
BEN-004435,BEN-005240,0
BEN-006027,BEN-009644,0
BEN-003912,BEN-007463,0
BEN-001478,BEN-007443,0
BEN-003630,BEN-004574,0
BEN-004629,BEN-008216,0
BEN-004224,BEN-005487,0
BEN-003673,BEN-006292,0
BEN-000759,BEN-002065,0
BEN-005700,BEN-009580,0
BEN-002124,BEN-008246,0
BEN-002281,BEN-007335,0
BEN-003904,BEN-004871,0
BEN-001377,BEN-008226,0
BEN-003293,BEN-007102,0
BEN-002930,BEN-004307,0
BEN-006121,BEN-008853,0
BEN-002262,BEN-002673,0
BEN-003546,BEN-006597,0
BEN-001240,BEN-004678,0
BEN-002562,BEN-007148,0
BEN-001918,BEN-009657,0
BEN-008436,BEN-009335,0
BEN-001104,BEN-008838,0
BEN-005762,BEN-008754,0
BEN-000651,BEN-009055,0
BEN-002236,BEN-006111,0
BEN-002386,BEN-003067,0
BEN-004150,BEN-006867,0
BEN-005854,BEN-007323,0
BEN-005567,BEN-007928,0
BEN-005616,BEN-009156,0
BEN-002499,BEN-008316,0
BEN-002380,BEN-003556,0
BEN-003035,BEN-006132,0
BEN-001342,BEN-002646,0
BEN-002538,BEN-002691,0
BEN-006613,BEN-006622,0
BEN-004253,BEN-006575,0
BEN-007883,BEN-009805,0
BEN-001246,BEN-004803,0
BEN-005131,BEN-008236,0
BEN-000794,BEN-007416,0
BEN-001435,BEN-008271,0
BEN-002104,BEN-004770,0
BEN-002520,BEN-007615,0
BEN-000734,BEN-003460,0
BEN-001470,BEN-006053,0
BEN-004459,BEN-004561,1
BEN-004007,BEN-007792,0
BEN-002478,BEN-002500,0
BEN-007697,BEN-007809,0
BEN-008279,BEN-009425,0
BEN-005297,BEN-008242,0
BEN-001789,BEN-002870,0
BEN-004653,BEN-009110,0
BEN-006781,BEN-009776,0
BEN-000839,BEN-006556,0
BEN-007347,BEN-008767,0
BEN-001191,BEN-001970,0
BEN-001050,BEN-004777,0
BEN-001700,BEN-008694,0
BEN-004704,BEN-005532,1
BEN-007148,BEN-008984,0
BEN-005591,BEN-005939,0
BEN-003454,BEN-009376,0
BEN-007410,BEN-009494,0
BEN-001945,BEN-008472,0
BEN-000549,BEN-000721,0
BEN-003926,BEN-007377,0
BEN-006967,BEN-008019,0
BEN-004988,BEN-005459,0
BEN-003676,BEN-009099,0
BEN-001278,BEN-009268,0
BEN-001853,BEN-005818,0
BEN-005205,BEN-006810,0
BEN-000221,BEN-001805,0
BEN-000753,BEN-001942,0
BEN-001819,BEN-006979,0
BEN-008794,BEN-009575,0
BEN-002318,BEN-003258,0
BEN-001889,BEN-008804,0
BEN-006654,BEN-006896,0
BEN-000019,BEN-004284,0
BEN-002492,BEN-003421,0
BEN-005602,BEN-007382,0
BEN-004711,BEN-005173,0
BEN-001400,BEN-005605,0
BEN-008130,BEN-009907,0
BEN-001731,BEN-008407,0
BEN-001649,BEN-002998,0
BEN-007418,BEN-009600,0
BEN-005419,BEN-008648,0
BEN-006942,BEN-008454,0
BEN-008241,BEN-009986,0
BEN-004430,BEN-007860,0
BEN-000796,BEN-002057,0
BEN-000202,BEN-002540,0
BEN-008133,BEN-009203,0
BEN-003947,BEN-007897,0
BEN-001581,BEN-006492,0
BEN-000879,BEN-002169,0
BEN-004813,BEN-007255,0
BEN-007532,BEN-009468,0
BEN-008913,BEN-009886,0
BEN-006083,BEN-009907,0
BEN-004825,BEN-005935,0
BEN-001186,BEN-006418,0
BEN-007508,BEN-008475,0
BEN-004896,BEN-007075,0
BEN-001741,BEN-004527,0
BEN-002128,BEN-004966,0
BEN-003453,BEN-004407,0
BEN-007139,BEN-008629,0
BEN-007100,BEN-009721,0
BEN-002617,BEN-004933,0
BEN-004779,BEN-006285,0
BEN-003188,BEN-007426,0
BEN-000448,BEN-004470,0
BEN-000602,BEN-009823,0
BEN-003834,BEN-009250,0
BEN-001773,BEN-003440,0
BEN-004241,BEN-005103,0
BEN-001924,BEN-007768,0
BEN-003889,BEN-006789,1
BEN-003655,BEN-005266,0
BEN-001595,BEN-002298,0
BEN-001774,BEN-003523,0
BEN-006976,BEN-009766,0
BEN-006686,BEN-009504,0
BEN-003508,BEN-007547,0
BEN-004291,BEN-008785,0
BEN-005129,BEN-009005,0
BEN-001240,BEN-007016,0
BEN-004354,BEN-009163,0
BEN-001090,BEN-006693,0
BEN-006614,BEN-009435,0
BEN-000958,BEN-003362,0
BEN-006582,BEN-009228,0
BEN-000240,BEN-009215,0
BEN-001462,BEN-001484,0
BEN-004681,BEN-005142,0
BEN-004093,BEN-009115,0
BEN-004025,BEN-006138,0
BEN-001448,BEN-005671,0
BEN-004032,BEN-006551,0
BEN-002256,BEN-007113,0
BEN-002988,BEN-005523,0
BEN-002063,BEN-005223,0
BEN-002003,BEN-006222,0
BEN-001058,BEN-002493,0
BEN-006833,BEN-008561,0
BEN-006548,BEN-007283,0
BEN-007390,BEN-008024,0
BEN-001886,BEN-009498,0
BEN-008425,BEN-009759,0
BEN-001537,BEN-005079,0
BEN-004525,BEN-009671,0
BEN-005941,BEN-008565,0
BEN-007964,BEN-008532,0
BEN-005216,BEN-007642,0
BEN-002269,BEN-005286,0
BEN-005327,BEN-009849,0
BEN-000362,BEN-003153,0
BEN-005733,BEN-007020,0
BEN-003324,BEN-006895,0
BEN-005371,BEN-007779,1
BEN-002288,BEN-008383,0
BEN-002666,BEN-009975,0
BEN-005373,BEN-005381,0
BEN-004922,BEN-008106,0
BEN-002165,BEN-002516,0
BEN-006234,BEN-008090,0
BEN-000819,BEN-002951,0
BEN-004485,BEN-008764,0
BEN-007228,BEN-009949,0
BEN-004311,BEN-008831,0
BEN-002250,BEN-006631,0
BEN-005777,BEN-006910,0
BEN-003525,BEN-009661,0
BEN-000128,BEN-002776,0
BEN-000727,BEN-006772,0
BEN-000725,BEN-001216,0
BEN-003596,BEN-009527,0
BEN-004983,BEN-006031,0
BEN-003018,BEN-009491,0
BEN-003161,BEN-007131,0
BEN-001530,BEN-008261,0
BEN-002763,BEN-006167,0
BEN-006919,BEN-007202,0
BEN-006931,BEN-009194,0
BEN-004772,BEN-005103,0
BEN-003811,BEN-005242,0
BEN-003513,BEN-009943,0
BEN-004280,BEN-004804,0
BEN-002452,BEN-008454,0
BEN-000173,BEN-007031,0
BEN-005989,BEN-009467,0
BEN-001286,BEN-009704,1
BEN-007050,BEN-008809,0
BEN-001616,BEN-006049,0
BEN-008117,BEN-009723,0
BEN-001431,BEN-002551,0
BEN-002595,BEN-006438,0
BEN-009575,BEN-009805,0
BEN-002371,BEN-003204,0
BEN-006323,BEN-008815,0
BEN-002031,BEN-006379,0
BEN-001534,BEN-005554,0
BEN-002344,BEN-009001,0
BEN-001001,BEN-003390,0
BEN-006381,BEN-008661,0
BEN-007973,BEN-008056,0
BEN-007435,BEN-007473,0
BEN-007069,BEN-008280,0
BEN-009051,BEN-009351,0
BEN-003274,BEN-007092,0
BEN-000390,BEN-008502,0
BEN-005008,BEN-005475,0
BEN-002849,BEN-007058,0
BEN-003883,BEN-007381,0
BEN-003659,BEN-009727,0
BEN-001484,BEN-009396,0
BEN-003734,BEN-009356,0
BEN-003447,BEN-008519,0
BEN-002680,BEN-006755,0
BEN-001835,BEN-004345,0
BEN-003165,BEN-005384,0
BEN-002504,BEN-004117,0
BEN-005246,BEN-009206,0
BEN-004278,BEN-006706,0
BEN-000284,BEN-006055,0
BEN-000196,BEN-000850,0
BEN-006108,BEN-006180,0
BEN-006979,BEN-007651,0
BEN-005859,BEN-006567,0
BEN-001990,BEN-009211,0
BEN-001907,BEN-007571,0
BEN-001204,BEN-001950,0
BEN-007453,BEN-009700,0
BEN-008129,BEN-008250,0
BEN-000475,BEN-002872,0
BEN-000285,BEN-009447,0
BEN-001012,BEN-003623,0
BEN-006347,BEN-009128,0
BEN-000161,BEN-008688,0
BEN-002324,BEN-004178,0
BEN-001795,BEN-003283,0
BEN-000568,BEN-005347,0
BEN-004264,BEN-006496,0
BEN-005033,BEN-009651,0
BEN-004098,BEN-006595,0
BEN-000476,BEN-004482,0
BEN-002405,BEN-007337,0
BEN-004480,BEN-004482,0
BEN-006458,BEN-007952,0
BEN-003442,BEN-006201,0
BEN-007778,BEN-008362,0
BEN-005131,BEN-009889,0
BEN-003866,BEN-007057,0
BEN-002155,BEN-005299,0
BEN-002132,BEN-003547,0
BEN-004754,BEN-007044,0
BEN-002933,BEN-005112,0
BEN-003343,BEN-007124,0
BEN-001458,BEN-005005,0
BEN-000238,BEN-004279,0
BEN-001247,BEN-008161,0
BEN-004125,BEN-004333,0
BEN-000836,BEN-008336,0
BEN-001351,BEN-001751,0
BEN-003933,BEN-006498,0
BEN-002766,BEN-006112,0
BEN-006237,BEN-008852,0
BEN-007407,BEN-008933,0
BEN-001828,BEN-003291,0
BEN-002389,BEN-004272,0
BEN-002526,BEN-008823,0
BEN-004470,BEN-005335,0
BEN-003704,BEN-005197,0
BEN-000211,BEN-001248,0
BEN-001505,BEN-007028,0
BEN-000086,BEN-008886,0
BEN-004728,BEN-006929,0
BEN-006500,BEN-007525,0
BEN-007285,BEN-009801,0
BEN-005406,BEN-009399,0
BEN-000087,BEN-006785,0
BEN-006607,BEN-009152,0
BEN-000103,BEN-008109,0
BEN-006184,BEN-007745,0
BEN-001560,BEN-001621,0
BEN-001058,BEN-001304,0
BEN-005976,BEN-009362,0
BEN-001822,BEN-002363,0
BEN-003592,BEN-005254,0
BEN-004486,BEN-007749,0
BEN-003054,BEN-003547,0
BEN-001628,BEN-007157,0
BEN-000331,BEN-009326,0
BEN-003184,BEN-008345,0
BEN-003673,BEN-004641,0
BEN-004166,BEN-007841,0
BEN-006425,BEN-008840,0
BEN-002605,BEN-009721,0
BEN-007876,BEN-008967,0
BEN-002005,BEN-006435,0
BEN-001537,BEN-008335,0
BEN-001480,BEN-007903,0
BEN-000849,BEN-005932,0
BEN-004127,BEN-008631,0
BEN-007165,BEN-009712,0
BEN-002312,BEN-005292,0
BEN-004768,BEN-005803,0
BEN-001927,BEN-004322,0
BEN-003492,BEN-003676,0
BEN-001136,BEN-001440,0
BEN-003999,BEN-005827,0
BEN-001327,BEN-009040,0
BEN-000565,BEN-009317,0
BEN-006584,BEN-007834,0
BEN-000250,BEN-009074,0
BEN-000419,BEN-000445,1
BEN-003470,BEN-004288,0
BEN-001771,BEN-005768,0
BEN-007236,BEN-009709,0
BEN-007192,BEN-009739,0
BEN-002173,BEN-008594,0
BEN-005601,BEN-009398,0
BEN-000626,BEN-003700,0
BEN-007086,BEN-009328,0
BEN-000906,BEN-002890,0
BEN-002018,BEN-006918,0
BEN-002213,BEN-002596,0
BEN-008613,BEN-009673,0
BEN-003185,BEN-006272,0
BEN-000268,BEN-004235,0
BEN-003629,BEN-005566,0
BEN-002567,BEN-007475,0
BEN-003617,BEN-005159,0
BEN-005227,BEN-009880,0
BEN-002289,BEN-002880,0
BEN-002892,BEN-002960,0
BEN-003826,BEN-006618,0
BEN-000193,BEN-007011,0
BEN-003227,BEN-007885,0
BEN-002348,BEN-002738,0
BEN-004441,BEN-006402,0
BEN-000040,BEN-004411,0
BEN-002691,BEN-007978,0
BEN-000106,BEN-008829,0
BEN-002159,BEN-008762,0
BEN-007125,BEN-009047,0
BEN-001382,BEN-004394,0
BEN-001349,BEN-003426,0
BEN-000926,BEN-008745,0
BEN-005666,BEN-005727,0
BEN-000656,BEN-003669,0
BEN-003421,BEN-004221,0
BEN-000457,BEN-006973,0
BEN-005265,BEN-009512,0
BEN-000928,BEN-007396,0
BEN-000052,BEN-000405,0
BEN-004128,BEN-006509,0
BEN-001560,BEN-004814,0
BEN-005617,BEN-006964,0
BEN-003506,BEN-006875,0
BEN-001459,BEN-001522,0
BEN-000090,BEN-008569,0
BEN-005522,BEN-008819,0
BEN-000075,BEN-009618,0
BEN-000022,BEN-000732,0
BEN-001347,BEN-001469,0
BEN-005125,BEN-008513,0
BEN-005189,BEN-009917,0
BEN-006053,BEN-009834,0
BEN-001789,BEN-009836,0
BEN-000642,BEN-006774,0
BEN-003155,BEN-007492,0
BEN-000586,BEN-000633,0
BEN-008521,BEN-009001,0
BEN-002525,BEN-009519,0
BEN-003729,BEN-008024,1
BEN-005364,BEN-007594,0
BEN-000127,BEN-000229,0
BEN-002414,BEN-005174,0
BEN-007248,BEN-009052,0
BEN-003666,BEN-008836,0
BEN-002173,BEN-009863,0
BEN-001432,BEN-006348,0
BEN-000903,BEN-004639,0
BEN-006470,BEN-007543,0
BEN-002149,BEN-008951,0
BEN-005237,BEN-009981,0
BEN-000044,BEN-008982,0
BEN-001014,BEN-005813,0
BEN-003420,BEN-006968,0
BEN-004329,BEN-006614,0
BEN-005571,BEN-007669,0
BEN-003621,BEN-008864,0
BEN-003486,BEN-003621,0
BEN-000709,BEN-006643,0
BEN-005428,BEN-009798,0
BEN-003380,BEN-007240,0
BEN-006400,BEN-007118,0
BEN-000075,BEN-001355,0
BEN-000006,BEN-001715,0
BEN-008159,BEN-009935,0
BEN-004228,BEN-006348,0
BEN-000372,BEN-009159,0
BEN-002925,BEN-003685,0
BEN-002501,BEN-007005,0
BEN-000051,BEN-007053,0
BEN-005246,BEN-009805,0
BEN-002483,BEN-005245,0
BEN-000256,BEN-003477,0
BEN-003530,BEN-007222,0
BEN-003831,BEN-006318,0
BEN-005210,BEN-006644,0
BEN-000196,BEN-000752,0
BEN-004168,BEN-008434,0
BEN-007224,BEN-009145,0
BEN-005180,BEN-005332,0
BEN-003101,BEN-008113,0
BEN-008364,BEN-008395,0
BEN-001905,BEN-003574,0
BEN-004054,BEN-007667,0
BEN-002322,BEN-002815,0
BEN-005942,BEN-006086,0
BEN-001277,BEN-003646,0
BEN-003213,BEN-006265,0
BEN-006401,BEN-007630,0
BEN-000199,BEN-003563,0
BEN-001650,BEN-003458,0
BEN-005397,BEN-009812,0
BEN-002445,BEN-007481,0
BEN-003590,BEN-006941,0
BEN-005933,BEN-009025,0
BEN-007264,BEN-009416,0
BEN-001981,BEN-004603,0
BEN-008104,BEN-009560,0
BEN-002407,BEN-004291,0
BEN-000798,BEN-009732,0
BEN-002397,BEN-006538,0
BEN-004773,BEN-005104,0
BEN-001961,BEN-006004,0
BEN-005715,BEN-006686,0
BEN-002929,BEN-005537,0
BEN-004895,BEN-007416,0
BEN-001308,BEN-008797,0
BEN-003996,BEN-005967,0
BEN-001085,BEN-002881,0
BEN-002846,BEN-004984,0
BEN-007099,BEN-007582,0
BEN-001059,BEN-002734,0
BEN-000433,BEN-006890,0
BEN-000878,BEN-008014,0
BEN-005214,BEN-006889,0
BEN-004685,BEN-006283,0
BEN-003835,BEN-005833,0
BEN-006777,BEN-008008,0
BEN-001477,BEN-008484,0
BEN-000022,BEN-002804,0
BEN-000667,BEN-003997,0
BEN-001767,BEN-008481,0
BEN-001220,BEN-005446,0
BEN-001760,BEN-009320,0
BEN-001963,BEN-005455,0
BEN-005258,BEN-007927,0
BEN-000343,BEN-001177,0
BEN-000075,BEN-005623,0
BEN-008498,BEN-009832,0
BEN-006133,BEN-006423,0
BEN-007541,BEN-009648,0
BEN-005378,BEN-009763,0
BEN-000195,BEN-003873,0
BEN-004545,BEN-006788,0
BEN-001488,BEN-006192,0
BEN-005518,BEN-008692,0
BEN-000059,BEN-006186,0
BEN-001155,BEN-009822,0
BEN-000525,BEN-009593,0
BEN-006203,BEN-006958,0
BEN-001184,BEN-001725,0
BEN-000710,BEN-001904,0
BEN-004433,BEN-006403,0
BEN-006524,BEN-007795,0
BEN-000528,BEN-004850,0
BEN-003115,BEN-003791,0
BEN-006667,BEN-007774,0
BEN-004702,BEN-008492,0
BEN-002215,BEN-006095,0
BEN-002330,BEN-006475,0
BEN-003313,BEN-009226,0
BEN-003756,BEN-009844,0
BEN-002675,BEN-005088,0
BEN-007275,BEN-007915,0
BEN-003244,BEN-007493,0
BEN-000100,BEN-003094,0
BEN-000361,BEN-002927,0
BEN-006080,BEN-007601,0
BEN-003899,BEN-005618,0
BEN-001041,BEN-004418,0
BEN-007520,BEN-008182,0
BEN-006805,BEN-007986,0
BEN-004952,BEN-005083,0
BEN-006032,BEN-007471,0
BEN-001487,BEN-003380,0
BEN-004300,BEN-004814,0
BEN-001238,BEN-005146,0
BEN-001367,BEN-001972,0
BEN-000077,BEN-001932,0
BEN-009465,BEN-009691,0
BEN-001271,BEN-002702,0
BEN-003597,BEN-005069,0
BEN-000524,BEN-006718,0
BEN-001914,BEN-007823,0
BEN-000671,BEN-003810,0
BEN-000797,BEN-005058,0
BEN-000336,BEN-003040,0
BEN-004979,BEN-006644,0
BEN-007451,BEN-008877,0
BEN-000633,BEN-001109,0
BEN-003126,BEN-003795,0
BEN-001942,BEN-004267,0
BEN-004164,BEN-009704,1
BEN-000076,BEN-009481,1
BEN-000162,BEN-000745,0
BEN-002288,BEN-006452,0
BEN-008281,BEN-008699,0
BEN-002812,BEN-009889,0
BEN-001413,BEN-009542,0
BEN-003566,BEN-006850,0
BEN-000154,BEN-008449,1
BEN-003912,BEN-004394,0
BEN-005386,BEN-005634,0
BEN-001084,BEN-009150,0
BEN-004033,BEN-008225,0
BEN-002433,BEN-003218,0
BEN-000062,BEN-003289,0
BEN-003744,BEN-008711,0
BEN-000146,BEN-009079,0
BEN-000604,BEN-005972,0
BEN-000275,BEN-009693,0
BEN-000784,BEN-008141,0
BEN-003053,BEN-006435,0
BEN-005186,BEN-008075,0
BEN-005879,BEN-008159,0
BEN-001501,BEN-003929,0
BEN-001743,BEN-006861,0
BEN-000620,BEN-001141,0
BEN-003340,BEN-006240,0
BEN-008023,BEN-009922,0
BEN-001048,BEN-003044,0
BEN-003542,BEN-008125,0
BEN-002945,BEN-006619,0
BEN-001033,BEN-001558,0
BEN-005730,BEN-008131,0
BEN-001983,BEN-006772,0
BEN-002158,BEN-005801,0
BEN-001737,BEN-009607,0
BEN-005773,BEN-009675,0
BEN-004735,BEN-008719,0
BEN-003490,BEN-009533,0
BEN-005546,BEN-007369,0
BEN-001384,BEN-008527,0
BEN-002860,BEN-007438,0
BEN-004355,BEN-009245,0
BEN-002219,BEN-009147,0
BEN-002970,BEN-006658,0
BEN-000318,BEN-002766,0
BEN-006997,BEN-008876,0
BEN-004405,BEN-008836,0
BEN-003500,BEN-007481,0
BEN-006762,BEN-008173,0
BEN-003206,BEN-005454,0
BEN-001715,BEN-009295,0
BEN-001664,BEN-005071,0
BEN-002603,BEN-005892,0
BEN-007469,BEN-007636,0
BEN-001170,BEN-009547,0
BEN-004125,BEN-005360,0
BEN-005081,BEN-008569,0
BEN-005545,BEN-006863,0
BEN-007525,BEN-008358,0
BEN-005487,BEN-005786,0
BEN-001392,BEN-004609,0
BEN-000482,BEN-007037,0
BEN-002012,BEN-006270,0
BEN-002693,BEN-006725,0
BEN-000014,BEN-003081,0
BEN-008708,BEN-009482,0
BEN-005841,BEN-007645,0
BEN-004598,BEN-008497,1
BEN-007252,BEN-009257,0
BEN-003659,BEN-006418,0
BEN-006620,BEN-008968,0
BEN-001034,BEN-008665,0
BEN-003363,BEN-004705,0
BEN-003035,BEN-004208,0
BEN-004583,BEN-006543,0
BEN-007639,BEN-009176,0
BEN-002793,BEN-005971,0
BEN-001034,BEN-008451,0
BEN-000404,BEN-007149,0
BEN-000707,BEN-002790,0
BEN-001237,BEN-006111,0
BEN-008140,BEN-009786,0
BEN-006748,BEN-009433,0
BEN-006352,BEN-007810,0
BEN-001030,BEN-005346,0
BEN-003179,BEN-009350,0
BEN-003943,BEN-008547,0
BEN-007031,BEN-009341,0
BEN-005982,BEN-006736,0
BEN-007812,BEN-009258,0
BEN-002215,BEN-006741,0
BEN-003664,BEN-005367,0
BEN-002456,BEN-006721,0
BEN-004790,BEN-006858,0
BEN-000109,BEN-009095,0
BEN-005170,BEN-008484,0
BEN-001846,BEN-005702,0
BEN-000632,BEN-009649,0
BEN-006888,BEN-009989,0
BEN-000835,BEN-002778,0
BEN-000002,BEN-002515,0
BEN-002514,BEN-008116,0
BEN-000697,BEN-005864,0
BEN-003529,BEN-006106,0
BEN-001449,BEN-002927,0
BEN-000247,BEN-009445,0
BEN-001049,BEN-002664,0
BEN-004070,BEN-006833,0
BEN-006931,BEN-009848,0
BEN-002525,BEN-007663,0
BEN-006234,BEN-006857,0
BEN-000685,BEN-000745,0
BEN-000605,BEN-008427,0
BEN-001989,BEN-006499,0
BEN-001239,BEN-004021,0
BEN-007569,BEN-008414,0
BEN-001284,BEN-004168,0
BEN-000191,BEN-006818,0
BEN-005739,BEN-006859,0
BEN-002486,BEN-009882,0
BEN-003040,BEN-003375,0
BEN-001490,BEN-002161,0
BEN-000014,BEN-003314,0
BEN-002605,BEN-003479,0
BEN-002365,BEN-002550,0
BEN-003874,BEN-005922,0
BEN-002121,BEN-006127,0
BEN-003008,BEN-004757,0
BEN-000615,BEN-003629,0
BEN-000651,BEN-005859,0
BEN-003935,BEN-008375,0
BEN-002766,BEN-008613,0
BEN-002264,BEN-002636,0
BEN-002177,BEN-003494,0
BEN-002023,BEN-004763,0
BEN-001624,BEN-002906,0
BEN-002253,BEN-008304,0
BEN-003844,BEN-005677,0
BEN-005408,BEN-008290,0
BEN-002462,BEN-007480,0
BEN-009866,BEN-009886,0
BEN-003335,BEN-004259,0
BEN-000658,BEN-009994,0
BEN-002141,BEN-006518,0
BEN-003046,BEN-007356,0
BEN-005741,BEN-009103,0
BEN-005450,BEN-008889,0
BEN-003516,BEN-009245,0
BEN-003484,BEN-008545,0
BEN-001221,BEN-006915,0
BEN-000106,BEN-006365,0
BEN-005499,BEN-009934,0
BEN-001050,BEN-009986,0
BEN-001189,BEN-004766,0
BEN-003174,BEN-008044,0
BEN-002278,BEN-008983,0
BEN-002410,BEN-002581,0
BEN-001550,BEN-009061,0
BEN-000121,BEN-007725,0
BEN-001704,BEN-007969,0
BEN-000826,BEN-003987,0
BEN-001000,BEN-008048,0
BEN-000270,BEN-004161,0
BEN-003228,BEN-003722,0
BEN-001688,BEN-003243,0
BEN-007239,BEN-007435,0
BEN-002620,BEN-003491,0
BEN-000466,BEN-000890,0
BEN-001741,BEN-004645,0
BEN-009227,BEN-009971,0
BEN-002749,BEN-004379,0
BEN-000890,BEN-004710,0
BEN-002143,BEN-009263,0
BEN-000220,BEN-008475,0
BEN-003978,BEN-009471,0
BEN-007437,BEN-007439,0
BEN-001374,BEN-008994,0
BEN-005609,BEN-007733,0
BEN-002343,BEN-006320,0
BEN-002799,BEN-009372,0
BEN-008148,BEN-008720,0
BEN-006855,BEN-008208,0
BEN-000445,BEN-003274,1
BEN-000031,BEN-004317,0
BEN-002210,BEN-008297,0
BEN-000513,BEN-005417,0
BEN-005682,BEN-006925,0
BEN-002160,BEN-009214,0
BEN-002478,BEN-009057,0
BEN-000159,BEN-008327,0
BEN-005728,BEN-009836,0
BEN-001218,BEN-009892,0
BEN-008932,BEN-009558,0
BEN-008132,BEN-009788,0
BEN-001241,BEN-002031,0
BEN-005697,BEN-009427,0
BEN-002726,BEN-004055,0
BEN-002283,BEN-002382,0
BEN-000984,BEN-005005,0
BEN-002548,BEN-004539,0
BEN-002466,BEN-004383,0
BEN-000258,BEN-000297,0
BEN-001410,BEN-003963,0
BEN-002734,BEN-004406,0
BEN-001047,BEN-007807,0
BEN-002884,BEN-003660,0
BEN-007547,BEN-008088,0
BEN-006331,BEN-009636,0
BEN-000954,BEN-004757,0
BEN-006589,BEN-009302,0
BEN-004752,BEN-005348,0
BEN-002141,BEN-008672,0
BEN-000007,BEN-006261,0
BEN-001600,BEN-006258,0
BEN-000151,BEN-000514,0
BEN-006251,BEN-007653,0
BEN-002726,BEN-007384,0
BEN-005199,BEN-006984,0
BEN-002904,BEN-005418,0
BEN-005253,BEN-009957,0
BEN-008032,BEN-009429,0
BEN-008824,BEN-009281,0
BEN-006614,BEN-009587,0
BEN-005938,BEN-009489,0
BEN-004308,BEN-009164,0
BEN-000500,BEN-004140,0
BEN-000947,BEN-002536,0
BEN-005970,BEN-007492,0
BEN-001351,BEN-006706,0
BEN-008910,BEN-009586,0
BEN-005715,BEN-009504,0
BEN-006485,BEN-008399,0
BEN-000290,BEN-004104,0
BEN-004326,BEN-009142,0
BEN-003205,BEN-007493,0
BEN-006511,BEN-007694,0
BEN-001654,BEN-009267,0
BEN-001265,BEN-003203,0
BEN-001415,BEN-009844,0
BEN-002301,BEN-008120,0
BEN-000533,BEN-003319,0
BEN-000958,BEN-005500,0
BEN-002336,BEN-005816,0
BEN-002699,BEN-006083,0
BEN-003547,BEN-004684,0
BEN-003334,BEN-008399,0
BEN-007181,BEN-009035,0
BEN-000218,BEN-003303,0
BEN-003865,BEN-005931,0
BEN-003784,BEN-008434,0
BEN-006852,BEN-009638,0
BEN-000724,BEN-003281,0
BEN-001008,BEN-007018,0
BEN-000094,BEN-005192,0
BEN-001141,BEN-004317,0
BEN-000198,BEN-003905,0
BEN-002428,BEN-008292,0
BEN-003480,BEN-004544,0
BEN-002354,BEN-004840,0
BEN-000345,BEN-009397,0
BEN-000092,BEN-003012,0
BEN-002331,BEN-009226,0
BEN-002886,BEN-006771,0
BEN-006595,BEN-009352,0
BEN-004979,BEN-005715,0
BEN-002882,BEN-006409,0
BEN-002960,BEN-009177,0
BEN-006503,BEN-007665,0
BEN-000815,BEN-001606,0
BEN-003055,BEN-008677,0
BEN-002416,BEN-008719,0
BEN-005494,BEN-006169,0
BEN-003723,BEN-007695,0
BEN-005791,BEN-006799,0
BEN-002506,BEN-008171,1
BEN-002688,BEN-003665,0
BEN-002352,BEN-007739,0
BEN-007730,BEN-008109,0
BEN-000096,BEN-004327,0
BEN-000784,BEN-001751,0
BEN-004472,BEN-005090,0
BEN-002586,BEN-006857,0
BEN-000202,BEN-004385,0
BEN-000764,BEN-000799,0
BEN-005290,BEN-005615,0
BEN-002606,BEN-007848,0
BEN-003949,BEN-005708,0
BEN-005932,BEN-007323,0
BEN-001357,BEN-003518,0
BEN-004055,BEN-007144,0
BEN-001047,BEN-002640,0
BEN-001457,BEN-006800,0
BEN-000852,BEN-007029,0
BEN-007203,BEN-007582,0
BEN-004798,BEN-005202,0
BEN-001289,BEN-003118,0
BEN-002217,BEN-003866,0
BEN-006743,BEN-009248,0
BEN-005265,BEN-009112,0
BEN-001378,BEN-003256,0
BEN-002437,BEN-009897,0
BEN-004328,BEN-007941,0
BEN-002291,BEN-006464,0
BEN-008353,BEN-009055,0
BEN-004390,BEN-007845,0
BEN-000414,BEN-001817,0
BEN-001229,BEN-009171,0
BEN-000100,BEN-000251,0
BEN-002528,BEN-005510,0
BEN-008693,BEN-009484,0
BEN-003294,BEN-008230,0
BEN-001315,BEN-004197,0
BEN-008086,BEN-008101,0
BEN-002506,BEN-008690,0
BEN-001119,BEN-009355,0
BEN-003946,BEN-005330,0
BEN-002596,BEN-007205,0
BEN-004109,BEN-007537,0
BEN-002665,BEN-009827,0
BEN-000980,BEN-006308,0
BEN-000861,BEN-008385,0
BEN-005974,BEN-009557,0
BEN-000182,BEN-003268,0
BEN-006959,BEN-008195,0
BEN-006698,BEN-009726,0
BEN-004192,BEN-008865,0
BEN-001616,BEN-005050,0
BEN-004345,BEN-006861,0
BEN-002457,BEN-005723,0
BEN-005825,BEN-005894,0
BEN-000875,BEN-005538,0
BEN-002218,BEN-005417,0
BEN-005379,BEN-009543,0
BEN-002211,BEN-007794,0
BEN-000723,BEN-006852,0
BEN-004163,BEN-008853,0
BEN-000263,BEN-001753,0
BEN-003373,BEN-006319,0
BEN-000982,BEN-005570,0
BEN-003342,BEN-009510,0
BEN-006625,BEN-007809,0
BEN-005494,BEN-005592,0
BEN-009264,BEN-009435,0
BEN-005304,BEN-007207,0
BEN-004612,BEN-006479,0
BEN-003405,BEN-003921,0
BEN-002093,BEN-009184,0
BEN-003363,BEN-006785,0
BEN-005213,BEN-007173,0
BEN-004513,BEN-005082,0
BEN-008931,BEN-009477,0
BEN-001757,BEN-008673,0
BEN-000642,BEN-003040,0
BEN-007148,BEN-007913,0
BEN-004720,BEN-006466,0
BEN-001268,BEN-004914,0
BEN-003372,BEN-009656,0
BEN-000822,BEN-002389,0
BEN-006368,BEN-008057,0
BEN-001154,BEN-001774,0
BEN-000640,BEN-007318,0
BEN-003011,BEN-006406,0
BEN-001049,BEN-009482,0
BEN-008645,BEN-009740,0
BEN-003777,BEN-009874,0
BEN-004759,BEN-009254,0
BEN-000264,BEN-007822,0
BEN-006138,BEN-008689,0
BEN-002302,BEN-006331,0
BEN-003428,BEN-007963,0
BEN-004105,BEN-009639,0
BEN-001238,BEN-003176,0
BEN-000281,BEN-006809,0
BEN-007677,BEN-007692,0
BEN-000288,BEN-007380,0
BEN-002630,BEN-008644,0
BEN-000626,BEN-005229,0
BEN-008158,BEN-008705,0
BEN-006127,BEN-009891,0
BEN-001606,BEN-007080,0
BEN-004456,BEN-005548,0
BEN-000903,BEN-001749,0
BEN-004702,BEN-009325,0
BEN-003729,BEN-004038,0
BEN-007468,BEN-007667,0
BEN-004516,BEN-004598,0
BEN-005817,BEN-009347,0
BEN-000812,BEN-006544,0
BEN-000597,BEN-000679,0
BEN-001196,BEN-007927,0
BEN-001266,BEN-008082,0
BEN-001274,BEN-005902,0
BEN-006029,BEN-008278,0
BEN-004303,BEN-004434,0
BEN-004517,BEN-005938,0
BEN-001140,BEN-001192,0
BEN-002662,BEN-008461,0
BEN-003459,BEN-009097,0
BEN-002075,BEN-004209,0
BEN-004157,BEN-009005,0
BEN-001186,BEN-009927,0
BEN-000072,BEN-002938,0
BEN-001462,BEN-004886,0
BEN-006116,BEN-007933,0
BEN-003590,BEN-007463,0
BEN-002326,BEN-008147,0
BEN-007657,BEN-009890,0
BEN-000037,BEN-002377,0
BEN-001376,BEN-003500,0
BEN-004230,BEN-006644,0
BEN-003647,BEN-003858,0
BEN-003468,BEN-009456,0
BEN-000776,BEN-007627,0
BEN-002121,BEN-007745,0
BEN-000748,BEN-002894,0
BEN-004498,BEN-006428,0
BEN-005794,BEN-008755,0
BEN-005303,BEN-008794,0
BEN-002741,BEN-009392,0
BEN-008445,BEN-009361,1
BEN-007802,BEN-009546,0
BEN-000836,BEN-009650,0
BEN-001015,BEN-002700,0
BEN-005055,BEN-005261,0
BEN-002677,BEN-005618,0
BEN-001474,BEN-007352,0
BEN-001866,BEN-008527,0
BEN-009259,BEN-009330,0
BEN-003105,BEN-004468,0
BEN-006674,BEN-009688,0
BEN-001547,BEN-008409,0
BEN-003141,BEN-005527,0
BEN-000782,BEN-002516,0
BEN-001806,BEN-004778,0
BEN-001972,BEN-005205,0
BEN-005951,BEN-009086,0
BEN-000926,BEN-009024,0
BEN-003013,BEN-009730,0
BEN-007999,BEN-008970,0
BEN-002694,BEN-005113,0
BEN-002311,BEN-009150,0
BEN-006884,BEN-009488,0
BEN-009093,BEN-009949,0
BEN-001733,BEN-007166,0
BEN-001531,BEN-005687,0
BEN-002926,BEN-009247,0
BEN-005115,BEN-005734,0
BEN-004558,BEN-006862,0
BEN-009763,BEN-009979,0
BEN-000956,BEN-008173,0
BEN-002508,BEN-004099,1
BEN-000114,BEN-009864,0
BEN-002345,BEN-005563,0
BEN-003083,BEN-004756,1
BEN-003513,BEN-006459,1
BEN-001186,BEN-006852,0
BEN-008106,BEN-009198,0
BEN-004065,BEN-004597,0
BEN-001108,BEN-003678,0
BEN-004041,BEN-007258,0
BEN-007552,BEN-007855,0
BEN-000980,BEN-003901,0
BEN-000831,BEN-006087,0
BEN-008651,BEN-009675,0
BEN-007994,BEN-008584,0
BEN-000465,BEN-002506,0
BEN-001683,BEN-006663,0
BEN-005962,BEN-007352,0
BEN-002224,BEN-007821,0
BEN-002333,BEN-003851,0
BEN-001774,BEN-008252,0
BEN-001469,BEN-009344,0
BEN-002153,BEN-002610,0
BEN-004196,BEN-005103,0
BEN-001806,BEN-006500,0
BEN-003843,BEN-004517,0
BEN-002414,BEN-002737,0
BEN-006542,BEN-009227,0
BEN-003035,BEN-003841,0
BEN-002550,BEN-009354,0
BEN-001030,BEN-008651,0
BEN-002929,BEN-007412,0
BEN-003416,BEN-005913,0
BEN-003133,BEN-008915,0
BEN-003061,BEN-005422,0
BEN-001418,BEN-006023,0
BEN-002261,BEN-006902,0
BEN-001615,BEN-009728,0
BEN-005752,BEN-006158,0
BEN-002269,BEN-008584,0
BEN-001890,BEN-009314,1
BEN-004499,BEN-009790,0
BEN-002232,BEN-004243,0
BEN-007196,BEN-009716,0
BEN-004569,BEN-006313,0
BEN-002421,BEN-005656,0
BEN-004907,BEN-007336,0
BEN-003155,BEN-006299,0
BEN-002055,BEN-002147,0
BEN-004478,BEN-008831,0
BEN-002593,BEN-003164,0
BEN-007977,BEN-008288,0
BEN-005484,BEN-008186,0
BEN-004781,BEN-006797,0
BEN-002205,BEN-007742,0
BEN-001674,BEN-009224,0
BEN-002363,BEN-009528,1
BEN-006489,BEN-008255,0
BEN-001461,BEN-004031,0
BEN-004399,BEN-007273,0
BEN-006135,BEN-008527,0
BEN-003174,BEN-003594,0
BEN-006636,BEN-009061,0
BEN-000480,BEN-004297,0
BEN-005006,BEN-006721,0
BEN-004868,BEN-005768,0
BEN-004662,BEN-005574,0
BEN-003481,BEN-006216,0
BEN-001269,BEN-008790,0
BEN-001235,BEN-003724,0
BEN-005138,BEN-006828,0
BEN-003185,BEN-003842,0
BEN-000201,BEN-003242,0
BEN-008383,BEN-008801,0
BEN-004370,BEN-009814,0
BEN-000245,BEN-005551,0
BEN-001929,BEN-009623,0
BEN-007379,BEN-008186,0
BEN-006133,BEN-007065,0
BEN-007000,BEN-007074,0
BEN-003715,BEN-008013,0
BEN-002073,BEN-006954,0
BEN-003335,BEN-006654,0
BEN-005825,BEN-009982,0
BEN-001293,BEN-006668,0
BEN-003585,BEN-004759,0
BEN-004687,BEN-006020,0
BEN-001685,BEN-009804,0
BEN-001556,BEN-008201,1
BEN-007286,BEN-008868,0
BEN-006771,BEN-009860,0
BEN-000351,BEN-005987,0
BEN-002206,BEN-009318,0
BEN-009161,BEN-009511,0
BEN-001105,BEN-005084,0
BEN-004958,BEN-009521,0
BEN-000839,BEN-003606,0
BEN-004987,BEN-006336,0
BEN-001194,BEN-005727,0
BEN-002484,BEN-003218,0
BEN-004007,BEN-005672,0
BEN-001473,BEN-004900,0
BEN-007331,BEN-008028,0
BEN-002224,BEN-002629,0
BEN-002424,BEN-005039,0
BEN-002797,BEN-004795,0
BEN-000805,BEN-003100,0
BEN-000627,BEN-000823,0
BEN-009375,BEN-009834,0
BEN-005247,BEN-005427,0
BEN-000636,BEN-005872,0
BEN-002259,BEN-006400,0
BEN-006469,BEN-008227,0
BEN-004686,BEN-008399,0
BEN-003112,BEN-008059,0
BEN-002623,BEN-003911,0
BEN-002858,BEN-005970,0
BEN-002817,BEN-006226,0
BEN-007032,BEN-009652,0
BEN-000422,BEN-002587,0
BEN-000575,BEN-008642,0
BEN-007161,BEN-008999,0
BEN-003976,BEN-008421,0
BEN-000341,BEN-007247,0
BEN-003203,BEN-005969,0
BEN-003332,BEN-008500,0
BEN-001526,BEN-003513,0
BEN-005208,BEN-005582,0
BEN-006084,BEN-008188,0
BEN-001275,BEN-002093,0
BEN-000449,BEN-004652,0
BEN-000862,BEN-004087,0
BEN-008060,BEN-008382,0
BEN-000519,BEN-005203,1
BEN-004456,BEN-005695,0
BEN-000219,BEN-007893,0
BEN-001085,BEN-006896,0
BEN-001385,BEN-006074,0
BEN-003577,BEN-009338,0
BEN-008213,BEN-008499,0
BEN-000232,BEN-004415,0
BEN-000615,BEN-005753,0
BEN-007601,BEN-007885,0
BEN-006363,BEN-006524,0
BEN-001256,BEN-003674,0
BEN-001891,BEN-008589,0
BEN-001911,BEN-009158,0
BEN-005016,BEN-006520,0
BEN-000100,BEN-008777,0
BEN-001405,BEN-007879,0
BEN-003944,BEN-006969,0
BEN-001624,BEN-003659,0
BEN-000490,BEN-001991,0
BEN-001201,BEN-008131,0
BEN-002778,BEN-004204,0
BEN-000530,BEN-009963,0
BEN-008299,BEN-009285,0
BEN-002097,BEN-008863,0
BEN-008226,BEN-008848,1
BEN-000434,BEN-001838,0
BEN-006930,BEN-007055,0
BEN-001664,BEN-002573,0
BEN-005513,BEN-008626,0
BEN-000546,BEN-009127,0
BEN-003823,BEN-008897,1
BEN-003492,BEN-007548,0
BEN-001433,BEN-004850,0
BEN-007406,BEN-009191,0
BEN-001105,BEN-005962,0
BEN-002043,BEN-002089,0
BEN-003817,BEN-008643,0
BEN-002174,BEN-003368,0
BEN-002372,BEN-008606,0
BEN-000212,BEN-004500,0
BEN-004526,BEN-005630,0
BEN-003134,BEN-005764,0
BEN-001135,BEN-008512,0
BEN-007165,BEN-007418,0
BEN-006023,BEN-007759,0
BEN-002758,BEN-005632,0
BEN-006526,BEN-006532,0
BEN-002933,BEN-004961,0
BEN-004667,BEN-004845,1
BEN-003622,BEN-006891,0
BEN-001203,BEN-004161,0
BEN-001386,BEN-007228,0
BEN-004181,BEN-009269,0
BEN-004033,BEN-009291,0
BEN-003072,BEN-009412,0
BEN-003870,BEN-006566,0
BEN-005102,BEN-008573,0
BEN-000959,BEN-004950,0
BEN-002878,BEN-007516,0
BEN-001668,BEN-008580,0
BEN-006613,BEN-009283,0
BEN-001765,BEN-003452,0
BEN-000144,BEN-006486,0
BEN-001890,BEN-008216,0
BEN-002065,BEN-008600,0
BEN-000521,BEN-005779,0
BEN-005051,BEN-009646,0
BEN-007562,BEN-008158,0
BEN-006247,BEN-008762,0
BEN-002342,BEN-005826,0
BEN-001925,BEN-002811,0
BEN-004809,BEN-007777,0
BEN-004602,BEN-009930,0
BEN-001269,BEN-009234,0
BEN-001607,BEN-004215,0
BEN-005250,BEN-006493,0
BEN-002941,BEN-006720,0
BEN-006529,BEN-008181,0
BEN-000919,BEN-004506,0
BEN-000399,BEN-009530,0
BEN-001340,BEN-008911,0
BEN-004110,BEN-008528,0
BEN-000932,BEN-008321,0
BEN-002026,BEN-007524,0
BEN-000063,BEN-003445,0
BEN-002951,BEN-005802,0
BEN-001161,BEN-004459,1
BEN-003990,BEN-006048,0
BEN-005125,BEN-009666,0
BEN-005127,BEN-009309,0
BEN-002556,BEN-006294,0
BEN-001008,BEN-003985,0
BEN-002185,BEN-004828,0
BEN-002338,BEN-006305,0
BEN-000972,BEN-003373,0
BEN-002000,BEN-009522,0
BEN-005591,BEN-005645,0
BEN-006726,BEN-007552,0
BEN-000376,BEN-003587,0
BEN-002784,BEN-008146,0
BEN-000491,BEN-006867,0
BEN-001755,BEN-002684,0
BEN-000414,BEN-002352,0
BEN-004788,BEN-005007,0
BEN-005693,BEN-006084,0
BEN-001849,BEN-004535,0
BEN-000719,BEN-004177,0
BEN-000739,BEN-003498,0
BEN-001444,BEN-007134,0
BEN-006399,BEN-008576,0
BEN-005040,BEN-009897,0
BEN-003821,BEN-008074,0
BEN-002442,BEN-005872,0
BEN-002669,BEN-005376,0
BEN-004794,BEN-006873,0
BEN-003418,BEN-006031,0
BEN-002827,BEN-009460,0
BEN-001218,BEN-008423,0
BEN-007751,BEN-008335,0
BEN-005941,BEN-007355,0
BEN-002114,BEN-007305,0
BEN-007470,BEN-009871,0
BEN-002895,BEN-003252,0
BEN-000608,BEN-008505,0
BEN-001112,BEN-003013,0
BEN-005080,BEN-007733,0
BEN-001520,BEN-003905,0
BEN-006380,BEN-007197,0
BEN-000802,BEN-006932,0
BEN-000091,BEN-003747,0
BEN-001769,BEN-002569,0
BEN-006443,BEN-009234,0
BEN-006969,BEN-007307,0
BEN-000496,BEN-002645,0
BEN-002285,BEN-007157,0
BEN-007151,BEN-009617,0
BEN-007552,BEN-008119,0
BEN-002587,BEN-005141,0
BEN-001207,BEN-002786,0
BEN-000478,BEN-006853,0
BEN-002448,BEN-002754,0
BEN-000148,BEN-007222,0
BEN-000796,BEN-005428,0
BEN-001721,BEN-005012,0
BEN-000415,BEN-000917,0
BEN-002387,BEN-002804,0
BEN-004085,BEN-005402,0
BEN-003312,BEN-004026,0
BEN-009519,BEN-009639,0
BEN-003439,BEN-008037,0
BEN-006134,BEN-009037,0
BEN-006738,BEN-008023,0
BEN-003471,BEN-003842,0
BEN-001290,BEN-001411,0
BEN-002465,BEN-005802,0
BEN-000608,BEN-005498,0
BEN-001667,BEN-002589,0
BEN-001338,BEN-003727,0
BEN-003349,BEN-005438,0
BEN-005307,BEN-009206,0
BEN-006073,BEN-009561,0
BEN-005893,BEN-006576,0
BEN-002358,BEN-007965,0
BEN-005932,BEN-007510,0
BEN-001236,BEN-001412,0
BEN-006383,BEN-009074,0
BEN-008381,BEN-009993,0
BEN-002648,BEN-009147,0
BEN-007785,BEN-007939,0
BEN-003488,BEN-006439,0
BEN-006424,BEN-007282,0
BEN-001704,BEN-008964,0
BEN-007374,BEN-007735,0
BEN-003204,BEN-004096,0
BEN-007423,BEN-009787,0
BEN-004613,BEN-008803,0
BEN-000642,BEN-009834,0
BEN-004234,BEN-004294,0
BEN-001684,BEN-005710,0
BEN-002954,BEN-009419,0
BEN-002401,BEN-009622,0
BEN-007063,BEN-009455,0
BEN-006434,BEN-007301,0
BEN-000280,BEN-003812,0
BEN-002321,BEN-006790,0
BEN-001383,BEN-003104,0
BEN-008583,BEN-009155,0
BEN-006730,BEN-008609,0
BEN-000542,BEN-006571,0
BEN-003119,BEN-005371,1
BEN-005484,BEN-009449,0
BEN-000714,BEN-002616,0
BEN-000087,BEN-008958,0
BEN-005643,BEN-007422,0
BEN-005934,BEN-009067,0
BEN-002035,BEN-007888,0
BEN-000887,BEN-005727,0
BEN-004009,BEN-008423,0
BEN-000504,BEN-001404,0
BEN-000132,BEN-007107,0
BEN-007302,BEN-009856,0
BEN-001782,BEN-006686,0
BEN-004607,BEN-007082,0
BEN-002388,BEN-008375,0
BEN-002981,BEN-009555,0
BEN-001270,BEN-003687,0
BEN-001160,BEN-002806,0
BEN-007062,BEN-009233,0
BEN-005343,BEN-009055,0
BEN-008974,BEN-009043,0
BEN-003250,BEN-007389,0
BEN-007318,BEN-009884,0
BEN-006231,BEN-007293,0
BEN-003098,BEN-007499,0
BEN-001177,BEN-002057,0
BEN-000466,BEN-002467,0
BEN-004136,BEN-009832,0
BEN-006100,BEN-009713,0
BEN-002378,BEN-003637,0
BEN-001896,BEN-002289,0
BEN-003393,BEN-005953,0
BEN-005274,BEN-009215,0
BEN-004612,BEN-005211,0
BEN-003738,BEN-006198,0
BEN-004755,BEN-008293,0
BEN-007264,BEN-007718,1
BEN-006562,BEN-009016,0
BEN-002992,BEN-008451,0
BEN-000833,BEN-001037,0
BEN-002268,BEN-006583,0
BEN-006874,BEN-009622,0
BEN-005233,BEN-008950,0
BEN-007394,BEN-008172,0
BEN-001806,BEN-006967,0
BEN-000581,BEN-007172,0
BEN-004702,BEN-007994,0
BEN-007361,BEN-007934,0
BEN-002806,BEN-009368,0
BEN-002729,BEN-007598,0
BEN-000828,BEN-003442,0
BEN-000080,BEN-000542,0
BEN-001496,BEN-007753,0
BEN-002941,BEN-009394,0
BEN-003280,BEN-004399,0
BEN-000789,BEN-008489,0
BEN-000101,BEN-006422,0
BEN-008831,BEN-009856,0
BEN-005769,BEN-008905,0
BEN-002172,BEN-008127,0
BEN-002034,BEN-003902,0
BEN-002624,BEN-004707,0
BEN-000060,BEN-002177,0
BEN-004398,BEN-005221,0
BEN-003343,BEN-004719,0
BEN-001152,BEN-008365,0
BEN-004471,BEN-006624,0
BEN-000732,BEN-004445,0
BEN-007627,BEN-009593,0
BEN-003260,BEN-008119,0
BEN-003150,BEN-003528,0
BEN-001187,BEN-009077,0
BEN-003537,BEN-004648,0
BEN-001225,BEN-004445,0
BEN-000386,BEN-004127,0
BEN-002248,BEN-008566,0
BEN-001973,BEN-008547,0
BEN-004682,BEN-004901,0
BEN-004771,BEN-005448,0
BEN-002141,BEN-002589,0
BEN-003099,BEN-006818,0
BEN-001890,BEN-006477,1
BEN-000724,BEN-006448,0
BEN-005157,BEN-008369,0
BEN-004103,BEN-009576,0
BEN-002982,BEN-004742,0
BEN-004791,BEN-008497,0
BEN-000481,BEN-008487,0
BEN-002482,BEN-006821,0
BEN-001030,BEN-005148,0
BEN-000387,BEN-004058,0
BEN-003259,BEN-006860,0
BEN-005627,BEN-009971,0
BEN-006901,BEN-008298,0
BEN-002826,BEN-005455,0
BEN-003167,BEN-006723,0
BEN-000158,BEN-001132,0
BEN-003151,BEN-005842,0
BEN-000323,BEN-009344,0
BEN-005124,BEN-009425,0
BEN-002720,BEN-003178,0
BEN-003091,BEN-004217,0
BEN-000404,BEN-008698,0
BEN-000414,BEN-003283,0
BEN-000985,BEN-004557,0
BEN-004338,BEN-006327,0
BEN-007429,BEN-008648,0
BEN-007127,BEN-009899,0
BEN-005391,BEN-005805,0
BEN-005467,BEN-009704,0
BEN-001104,BEN-004219,0
BEN-006452,BEN-009136,0
BEN-001353,BEN-003519,0
BEN-001367,BEN-007824,0
BEN-008475,BEN-009140,0
BEN-000671,BEN-004053,0
BEN-005464,BEN-006638,0
BEN-003293,BEN-005173,0
BEN-004795,BEN-009442,0
BEN-000310,BEN-003454,0
BEN-000801,BEN-004282,0
BEN-001844,BEN-002057,0
BEN-000003,BEN-002037,0
BEN-002775,BEN-006662,1
BEN-000395,BEN-006780,0
BEN-001518,BEN-009017,0
BEN-004146,BEN-007753,0
BEN-004154,BEN-008576,0
BEN-000003,BEN-006803,0
BEN-001593,BEN-006510,0
BEN-004884,BEN-005624,0
BEN-000329,BEN-007494,0
BEN-000051,BEN-001571,0
BEN-005811,BEN-006576,0
BEN-003125,BEN-003843,0
BEN-002291,BEN-007525,0
BEN-003078,BEN-009025,0
BEN-008175,BEN-009103,0
BEN-004368,BEN-004863,0
BEN-001267,BEN-009367,0
BEN-002190,BEN-003596,0
BEN-002255,BEN-002721,0
BEN-002961,BEN-009563,0
BEN-005320,BEN-007594,0
BEN-008490,BEN-009749,0
BEN-006419,BEN-007094,0
BEN-007848,BEN-009712,0
BEN-002943,BEN-008687,0
BEN-005948,BEN-008547,0
BEN-000438,BEN-006543,0
BEN-004568,BEN-007138,0
BEN-003408,BEN-004234,0
BEN-004124,BEN-009402,0
BEN-003273,BEN-007791,0
BEN-000588,BEN-004344,0
BEN-001321,BEN-005540,0
BEN-007862,BEN-008825,0
BEN-002317,BEN-002410,0
BEN-001077,BEN-001507,0
BEN-001647,BEN-006033,0
BEN-003899,BEN-005414,0
BEN-001096,BEN-002478,0
BEN-001247,BEN-009960,0
BEN-003685,BEN-006305,0
BEN-005051,BEN-006574,0
BEN-000027,BEN-004227,0
BEN-003077,BEN-007713,0
BEN-002566,BEN-006136,0
BEN-000570,BEN-002588,0
BEN-003269,BEN-003531,0
BEN-002788,BEN-004408,0
BEN-001767,BEN-005376,0
BEN-001043,BEN-002094,0
BEN-003582,BEN-005719,0
BEN-001881,BEN-003937,0
BEN-003749,BEN-005185,0
BEN-003193,BEN-006198,0
BEN-004137,BEN-004629,0
BEN-000418,BEN-006116,0
BEN-001563,BEN-003238,0
BEN-002043,BEN-004226,0
BEN-000947,BEN-009293,0
BEN-001314,BEN-004414,0
BEN-007066,BEN-008148,0
BEN-000984,BEN-008280,0
BEN-001982,BEN-005892,0
BEN-000731,BEN-009260,0
BEN-002491,BEN-005433,0
BEN-004474,BEN-009584,0
BEN-000705,BEN-008122,0
BEN-001369,BEN-009062,0
BEN-000447,BEN-004243,0
BEN-001195,BEN-009903,0
BEN-000011,BEN-001951,0
BEN-003287,BEN-007314,0
BEN-006465,BEN-008547,0
BEN-001938,BEN-004528,0
BEN-001574,BEN-005120,0
BEN-003727,BEN-004530,0
BEN-002619,BEN-004190,0
BEN-000634,BEN-009401,0
BEN-004560,BEN-009635,0
BEN-000160,BEN-001459,0
BEN-004826,BEN-005201,0
BEN-001272,BEN-008924,0
BEN-003586,BEN-007782,0
BEN-001906,BEN-003042,0
BEN-007530,BEN-008780,0
BEN-000063,BEN-007681,0
BEN-007186,BEN-009140,0
BEN-001051,BEN-006674,0
BEN-002705,BEN-008392,0
BEN-004162,BEN-004728,0
BEN-001382,BEN-006908,0
BEN-002757,BEN-003944,0
BEN-003451,BEN-005467,0
BEN-001051,BEN-008893,0
BEN-002993,BEN-005759,0
BEN-006857,BEN-008054,0
BEN-002129,BEN-009751,0
BEN-008998,BEN-009091,0
BEN-001678,BEN-006879,0
BEN-003559,BEN-003963,0
BEN-003844,BEN-003938,0
BEN-001464,BEN-009171,0
BEN-008044,BEN-008705,0
BEN-000907,BEN-002483,0
BEN-002414,BEN-005010,0
BEN-005085,BEN-008968,0
BEN-008516,BEN-009625,0
BEN-004070,BEN-007685,0
BEN-003790,BEN-005211,0
BEN-000197,BEN-009171,0
BEN-002409,BEN-009921,0
BEN-000887,BEN-004196,0
BEN-000608,BEN-001334,0
BEN-002320,BEN-008188,0
BEN-002167,BEN-007962,0
BEN-007034,BEN-008245,0
BEN-000021,BEN-001761,0
BEN-000090,BEN-005626,0
BEN-000073,BEN-003179,0
BEN-004039,BEN-009671,0
BEN-000550,BEN-004647,0
BEN-006760,BEN-008079,0
BEN-002290,BEN-004962,0
BEN-009378,BEN-009734,0
BEN-000536,BEN-002924,0
BEN-003605,BEN-007423,0
BEN-002269,BEN-009478,0
BEN-000001,BEN-001174,0
BEN-001032,BEN-003918,0
BEN-005693,BEN-009958,0
BEN-001580,BEN-002469,0
BEN-005361,BEN-007205,0
BEN-005863,BEN-008303,0
BEN-000734,BEN-001883,0
BEN-007253,BEN-009211,0
BEN-002988,BEN-006412,0
BEN-002717,BEN-009623,0
BEN-008991,BEN-009724,0
BEN-004312,BEN-009628,0
BEN-003434,BEN-006164,0
BEN-003304,BEN-006078,0
BEN-003897,BEN-008357,0
BEN-000890,BEN-003871,0
BEN-001853,BEN-002294,0
BEN-001917,BEN-007090,0
BEN-000761,BEN-008270,0
BEN-001034,BEN-009379,0
BEN-001165,BEN-002724,0
BEN-007144,BEN-007977,0
BEN-002555,BEN-008151,0
BEN-000345,BEN-007985,0
BEN-000564,BEN-001366,0
BEN-007874,BEN-008608,0
BEN-009414,BEN-009820,0
BEN-001114,BEN-006626,0
BEN-000450,BEN-006528,0
BEN-001724,BEN-007105,0
BEN-001084,BEN-004643,0
BEN-003926,BEN-007854,0
BEN-000784,BEN-005112,0
BEN-000722,BEN-006055,0
BEN-005574,BEN-006823,0
BEN-002874,BEN-009315,0
BEN-002813,BEN-007031,0
BEN-004422,BEN-009711,0
BEN-001512,BEN-007703,0
BEN-000157,BEN-006169,0
BEN-001216,BEN-007933,0
BEN-005469,BEN-008687,0
BEN-001126,BEN-009533,0
BEN-001462,BEN-008445,0
BEN-001099,BEN-007511,0
BEN-001887,BEN-009303,0
BEN-000807,BEN-001996,0
BEN-000701,BEN-006802,0
BEN-003966,BEN-007490,0
BEN-004272,BEN-009182,0
BEN-005308,BEN-005449,0
BEN-006968,BEN-007014,1
BEN-000101,BEN-009935,0
BEN-008930,BEN-009401,0
BEN-002652,BEN-006327,0
BEN-009182,BEN-009607,0
BEN-004403,BEN-006686,0
BEN-005058,BEN-008824,0
BEN-004332,BEN-006119,0
BEN-002730,BEN-004301,0
BEN-002731,BEN-003921,0
BEN-002662,BEN-002979,0
BEN-005368,BEN-008565,0
BEN-006968,BEN-007185,1
BEN-001601,BEN-001876,0
BEN-002297,BEN-005509,0
BEN-002575,BEN-008630,0
BEN-003010,BEN-005532,1
BEN-001475,BEN-001979,0
BEN-002220,BEN-007684,0
BEN-002047,BEN-009735,0
BEN-000807,BEN-006597,0
BEN-004660,BEN-009369,0
BEN-000784,BEN-006684,0
BEN-001965,BEN-008933,0
BEN-002315,BEN-007046,0
BEN-003277,BEN-003696,0
BEN-001847,BEN-007572,0
BEN-002753,BEN-009787,0
BEN-000090,BEN-002430,0
BEN-000159,BEN-009625,0
BEN-004110,BEN-006004,0
BEN-002274,BEN-005563,0
BEN-004057,BEN-009526,0
BEN-000659,BEN-003438,0
BEN-000230,BEN-009873,0
BEN-008753,BEN-008859,0
BEN-003359,BEN-008027,0
BEN-001879,BEN-006976,0
BEN-000344,BEN-000970,0
BEN-001486,BEN-005323,0
BEN-001502,BEN-004572,0
BEN-007212,BEN-007308,0
BEN-003064,BEN-009770,0
BEN-001430,BEN-003763,0
BEN-001481,BEN-009620,0
BEN-004810,BEN-009280,0
BEN-004072,BEN-007264,0
BEN-002180,BEN-006435,0
BEN-001865,BEN-009249,0
BEN-008736,BEN-009586,0
BEN-001841,BEN-004786,1
BEN-003139,BEN-005939,0
BEN-000633,BEN-002218,0
BEN-001713,BEN-007406,0
BEN-004103,BEN-007713,0
BEN-003338,BEN-004829,0
BEN-006832,BEN-007870,0
BEN-006316,BEN-008982,0
BEN-000506,BEN-008604,0
BEN-000528,BEN-008582,0
BEN-003093,BEN-009671,0
BEN-001112,BEN-001906,0
BEN-007044,BEN-008189,0
BEN-004501,BEN-007815,0
BEN-002682,BEN-005556,0
BEN-001841,BEN-003142,0
BEN-003929,BEN-008659,0
BEN-004450,BEN-007711,0
BEN-000843,BEN-003965,0
BEN-000056,BEN-003366,0
BEN-003013,BEN-005587,0
BEN-002216,BEN-003088,0
BEN-000120,BEN-002646,0
BEN-000639,BEN-000988,0
BEN-003545,BEN-003667,0
BEN-003219,BEN-003902,0
BEN-000483,BEN-006988,0
BEN-006162,BEN-009317,1
BEN-006227,BEN-006498,0
BEN-003501,BEN-009138,0
BEN-004275,BEN-005624,0
BEN-002153,BEN-006938,0
BEN-001903,BEN-009476,0
BEN-002778,BEN-005870,0
BEN-002342,BEN-007345,0
BEN-006105,BEN-008726,0
BEN-001671,BEN-008509,0
BEN-000651,BEN-004082,0
BEN-005254,BEN-007925,0
BEN-000189,BEN-006475,0
BEN-006918,BEN-008563,0
BEN-007229,BEN-009892,0
BEN-000881,BEN-003871,0
BEN-004425,BEN-009633,0
BEN-002235,BEN-009361,0
BEN-002652,BEN-005966,0
BEN-003776,BEN-008826,0
BEN-002416,BEN-003439,0
BEN-006541,BEN-008542,0
BEN-002219,BEN-003184,0
BEN-000349,BEN-004420,0
BEN-000998,BEN-001644,0
BEN-004761,BEN-005291,0
BEN-002292,BEN-002387,0
BEN-000245,BEN-005213,0
BEN-003386,BEN-009731,0
BEN-003431,BEN-006704,0
BEN-000030,BEN-001145,0
BEN-005230,BEN-007851,0
BEN-002705,BEN-007658,0
BEN-003105,BEN-008262,0
BEN-000351,BEN-009616,0
BEN-003754,BEN-007967,0
BEN-000100,BEN-009870,0
BEN-002031,BEN-006743,0
BEN-001515,BEN-005074,0
BEN-000241,BEN-008852,0
BEN-005104,BEN-007866,0
BEN-007501,BEN-009508,0
BEN-001292,BEN-006736,0
BEN-001561,BEN-008499,1
BEN-004352,BEN-005355,0
BEN-001037,BEN-008661,0
BEN-000022,BEN-000839,0
BEN-007742,BEN-009789,0
BEN-000323,BEN-003446,0
BEN-004786,BEN-008390,0
BEN-003183,BEN-007625,0
BEN-004947,BEN-005145,0
BEN-005734,BEN-009410,0
BEN-001289,BEN-006377,0
BEN-000123,BEN-000151,0
BEN-006609,BEN-008044,0
BEN-002788,BEN-007626,0
BEN-001076,BEN-005338,0
BEN-000115,BEN-007354,0
BEN-003835,BEN-006801,1
BEN-005315,BEN-009001,0
BEN-004559,BEN-006809,0
BEN-001169,BEN-008865,0
BEN-000400,BEN-009160,0
BEN-000638,BEN-007808,0
BEN-001258,BEN-007540,0
BEN-001599,BEN-002564,0
BEN-000278,BEN-008044,0
BEN-000642,BEN-004569,0
BEN-008751,BEN-009368,0
BEN-001782,BEN-002463,0
BEN-004140,BEN-009217,0
BEN-000880,BEN-004364,0
BEN-006794,BEN-009218,0
BEN-007343,BEN-009501,0
BEN-000943,BEN-009486,0
BEN-006640,BEN-006765,0
BEN-000370,BEN-007765,0
BEN-001551,BEN-002250,0
BEN-001000,BEN-009219,0
BEN-009738,BEN-009948,0
BEN-001319,BEN-006367,0
BEN-002535,BEN-007522,0
BEN-003706,BEN-004240,1
BEN-003763,BEN-009968,0
BEN-002188,BEN-003463,0
BEN-005134,BEN-005520,0
BEN-000466,BEN-000517,0
BEN-002062,BEN-005081,0
BEN-003466,BEN-008347,0
BEN-007664,BEN-007763,0
BEN-000309,BEN-008451,0
BEN-001494,BEN-009037,0
BEN-001788,BEN-003342,0
BEN-002698,BEN-009545,0
BEN-000175,BEN-005948,0
BEN-002184,BEN-005461,0
BEN-000470,BEN-008444,0
BEN-006144,BEN-009719,0
BEN-001623,BEN-006744,0
BEN-003131,BEN-005830,0
BEN-002141,BEN-005206,0
BEN-004344,BEN-006483,0
BEN-003280,BEN-004710,0
BEN-002775,BEN-005750,0
BEN-005981,BEN-006304,0
BEN-006214,BEN-007446,0
BEN-003197,BEN-008516,0
BEN-003176,BEN-005185,0
BEN-001023,BEN-004960,0
BEN-000656,BEN-005854,0
BEN-007501,BEN-008826,0
BEN-002112,BEN-004314,0
BEN-000206,BEN-004186,0
BEN-009501,BEN-009504,0
BEN-001069,BEN-005306,0
BEN-007208,BEN-009667,0
BEN-000934,BEN-009523,0
BEN-008483,BEN-009795,0
BEN-005678,BEN-009835,0
BEN-000463,BEN-004282,0
BEN-002743,BEN-009878,0
BEN-004436,BEN-007136,0
BEN-000597,BEN-000629,0
BEN-006243,BEN-009732,0
BEN-003849,BEN-008009,0
BEN-003123,BEN-006156,0
BEN-007288,BEN-009173,0
BEN-001167,BEN-009236,0
BEN-001822,BEN-006227,0
BEN-001039,BEN-005097,0
BEN-000637,BEN-002594,0
BEN-001973,BEN-005840,0
BEN-002519,BEN-006421,0
BEN-002942,BEN-005268,0
BEN-005389,BEN-007756,0
BEN-008044,BEN-008158,0
BEN-005801,BEN-007510,0
BEN-002673,BEN-008833,0
BEN-001401,BEN-008382,0
BEN-006191,BEN-007982,0
BEN-002910,BEN-004667,1
BEN-002544,BEN-004807,0
BEN-006130,BEN-009846,0
BEN-003062,BEN-004469,0
BEN-000428,BEN-007006,0
BEN-000518,BEN-009366,0
BEN-001937,BEN-006156,0
BEN-003158,BEN-004724,0
BEN-001557,BEN-003734,0
BEN-000769,BEN-004218,0
BEN-000973,BEN-003638,0
BEN-000833,BEN-001083,0
BEN-008312,BEN-009311,0
BEN-007002,BEN-008445,0
BEN-000186,BEN-005216,0
BEN-007464,BEN-009060,0
BEN-009436,BEN-009757,0
BEN-000822,BEN-004678,0
BEN-003616,BEN-008053,0
BEN-003307,BEN-009385,0
BEN-005119,BEN-006601,0
BEN-001703,BEN-003356,0
BEN-003797,BEN-008675,0
BEN-004364,BEN-009932,0
BEN-002173,BEN-006685,0
BEN-001262,BEN-007828,0
BEN-003753,BEN-006050,0
BEN-000139,BEN-008949,0
BEN-000547,BEN-000948,0
BEN-002459,BEN-005943,0
BEN-000249,BEN-008476,0
BEN-006724,BEN-009929,0
BEN-002978,BEN-009741,0
BEN-002416,BEN-005934,0
BEN-005896,BEN-009828,0
BEN-003881,BEN-009429,0
BEN-004666,BEN-008142,0
BEN-003715,BEN-006336,0
BEN-003462,BEN-007409,0
BEN-002182,BEN-002585,0
BEN-001849,BEN-007484,0
BEN-000872,BEN-007130,0
BEN-000821,BEN-005892,0
BEN-000374,BEN-006529,0
BEN-000980,BEN-006869,0
BEN-008898,BEN-009801,0
BEN-001359,BEN-007100,0
BEN-007044,BEN-009425,0
BEN-000052,BEN-002496,0
BEN-000959,BEN-001461,0
BEN-006118,BEN-006298,0
BEN-003567,BEN-009961,0
BEN-002684,BEN-006670,0
BEN-005741,BEN-007729,0
BEN-002208,BEN-007019,0
BEN-005304,BEN-007677,0
BEN-006185,BEN-007832,0
BEN-000379,BEN-003538,0
BEN-003293,BEN-009956,0
BEN-007655,BEN-009832,0
BEN-000912,BEN-006350,0
BEN-004824,BEN-008487,0
BEN-001832,BEN-007902,0
BEN-001154,BEN-007587,0
BEN-001831,BEN-006363,0
BEN-001021,BEN-003949,0
BEN-007804,BEN-009494,0
BEN-001538,BEN-006549,0
BEN-000217,BEN-008008,0
BEN-005679,BEN-006394,0
BEN-005195,BEN-008675,0
BEN-004235,BEN-005302,0
BEN-002501,BEN-009601,0
BEN-004172,BEN-005681,0
BEN-000222,BEN-004964,0
BEN-003099,BEN-005312,0
BEN-001396,BEN-002389,0
BEN-003484,BEN-004037,0
BEN-005117,BEN-009490,0
BEN-001137,BEN-007537,0
BEN-007196,BEN-008762,0
BEN-005599,BEN-007040,0
BEN-000363,BEN-002262,0
BEN-001252,BEN-003148,0
BEN-001558,BEN-003639,0
BEN-006142,BEN-008203,0
BEN-003256,BEN-004201,0
BEN-008057,BEN-008582,0
BEN-000941,BEN-002613,0
BEN-003188,BEN-008513,0
BEN-002715,BEN-008242,0
BEN-002241,BEN-008706,0
BEN-001987,BEN-009964,0
BEN-001957,BEN-003995,0
BEN-001353,BEN-007305,0
BEN-004391,BEN-008044,0
BEN-004661,BEN-004790,0
BEN-007277,BEN-009323,0
BEN-008128,BEN-008568,0
BEN-007965,BEN-009904,0
BEN-001141,BEN-009573,0
BEN-005461,BEN-007192,0
BEN-002938,BEN-003672,0
BEN-000835,BEN-008176,0
BEN-003002,BEN-003810,0
BEN-001721,BEN-007781,0
BEN-007562,BEN-008044,0
BEN-005995,BEN-007924,0
BEN-005827,BEN-006742,0
BEN-002214,BEN-009095,0
BEN-006569,BEN-008076,0
BEN-003713,BEN-004941,0
BEN-002386,BEN-009416,0
BEN-000537,BEN-009792,0
BEN-002339,BEN-008582,0
BEN-007013,BEN-008317,0
BEN-007214,BEN-007591,0
BEN-006080,BEN-008031,0
BEN-003926,BEN-008225,0
BEN-000572,BEN-001919,0
BEN-001351,BEN-005067,0
BEN-000815,BEN-004135,0
BEN-007162,BEN-008805,0
BEN-007939,BEN-008192,0
BEN-005178,BEN-006080,0
BEN-001084,BEN-007511,0
BEN-001586,BEN-007689,0
BEN-004007,BEN-008960,0
BEN-000752,BEN-003753,0
BEN-004503,BEN-006662,0
BEN-002799,BEN-005959,0
BEN-000261,BEN-009224,0
BEN-003390,BEN-009246,0
BEN-000835,BEN-006837,0
BEN-006804,BEN-006969,0
BEN-002806,BEN-003574,0
BEN-008799,BEN-009685,0
BEN-007789,BEN-008135,0
BEN-005714,BEN-006721,0
BEN-002949,BEN-006348,0
BEN-006737,BEN-007144,0
BEN-004498,BEN-007773,0
BEN-002369,BEN-005277,0
BEN-008048,BEN-009759,0
BEN-007194,BEN-008919,0
BEN-002014,BEN-002828,0
BEN-000868,BEN-005097,0
BEN-000852,BEN-004354,0
BEN-002954,BEN-003115,0
BEN-005521,BEN-006354,0
BEN-001354,BEN-008620,0
BEN-000722,BEN-002125,0
BEN-003967,BEN-008700,0
BEN-003326,BEN-007734,0
BEN-001133,BEN-008843,0
BEN-006452,BEN-007290,0
BEN-001963,BEN-007477,0
BEN-003046,BEN-006267,0
BEN-000315,BEN-004288,0
BEN-000444,BEN-006045,0
BEN-002283,BEN-005926,0
BEN-001135,BEN-009122,0
BEN-002391,BEN-004737,0
BEN-001410,BEN-008515,0
BEN-004184,BEN-009911,0
BEN-004591,BEN-009067,0
BEN-001106,BEN-005935,0
BEN-002572,BEN-007596,0
BEN-002022,BEN-007673,0
BEN-002506,BEN-009260,0
BEN-005762,BEN-006321,0
BEN-000122,BEN-009771,0
BEN-001198,BEN-005146,0
BEN-005616,BEN-007077,0
BEN-002086,BEN-003470,0
BEN-000706,BEN-009190,0
BEN-000819,BEN-006512,0
BEN-008236,BEN-009072,0
BEN-001835,BEN-006439,0
BEN-001045,BEN-006709,0
BEN-001481,BEN-008228,0
BEN-004088,BEN-008235,0
BEN-003968,BEN-006973,0
BEN-005460,BEN-007810,0
BEN-003255,BEN-005908,0
BEN-001606,BEN-006727,0
BEN-006411,BEN-007463,0
BEN-001450,BEN-006028,0
BEN-001066,BEN-001603,0
BEN-005159,BEN-007129,0
BEN-000384,BEN-008401,0
BEN-005577,BEN-005981,0
BEN-003085,BEN-008197,0
BEN-000621,BEN-004143,0
BEN-005552,BEN-006657,0
BEN-003960,BEN-005568,0
BEN-001986,BEN-005705,0
BEN-006949,BEN-008609,0
BEN-009015,BEN-009247,0
BEN-006078,BEN-009030,0
BEN-002084,BEN-005277,0
BEN-002634,BEN-006728,0
BEN-001331,BEN-004471,0
BEN-007782,BEN-008123,0
BEN-006914,BEN-009471,0
BEN-004674,BEN-006482,0
BEN-003513,BEN-005728,0
BEN-000564,BEN-009911,0
BEN-001499,BEN-006776,0
BEN-001179,BEN-003182,0
BEN-007748,BEN-009147,0
BEN-000195,BEN-003704,0
BEN-001895,BEN-004030,0
BEN-007996,BEN-008107,0
BEN-002994,BEN-006773,0
BEN-006644,BEN-006863,0
BEN-005728,BEN-009158,0
BEN-004801,BEN-006375,0
BEN-001809,BEN-008805,0
BEN-001801,BEN-007883,0
BEN-004162,BEN-005778,0
BEN-000739,BEN-001912,0
BEN-007586,BEN-007691,0
BEN-004445,BEN-004845,0
BEN-004078,BEN-006627,0
BEN-003408,BEN-004294,0
BEN-001194,BEN-001934,0
BEN-001226,BEN-001513,0
BEN-002926,BEN-005607,0
BEN-000165,BEN-008324,0
BEN-001724,BEN-005973,0
BEN-001508,BEN-008164,0
BEN-000056,BEN-007382,0
BEN-002862,BEN-004045,0
BEN-000433,BEN-008130,0
BEN-006935,BEN-009068,0
BEN-001387,BEN-004298,0
BEN-002500,BEN-007958,0
BEN-000562,BEN-007186,0
BEN-002082,BEN-008536,0
BEN-002290,BEN-006468,0
BEN-000497,BEN-009138,0
BEN-003429,BEN-004844,0
BEN-007407,BEN-007986,0
BEN-002366,BEN-008909,0
BEN-003340,BEN-008938,0
BEN-000851,BEN-003442,0
BEN-002163,BEN-002922,0
BEN-005351,BEN-007141,0
BEN-003480,BEN-009090,0
BEN-002221,BEN-004520,0
BEN-001668,BEN-002548,0
BEN-004678,BEN-008833,0
BEN-001213,BEN-004496,0
BEN-001017,BEN-006577,0
BEN-002933,BEN-005139,0
BEN-000802,BEN-003690,0
BEN-002161,BEN-006299,0
BEN-002025,BEN-008539,0
BEN-005699,BEN-009088,0
BEN-006881,BEN-007205,0
BEN-002524,BEN-003408,0
BEN-006699,BEN-009269,0
BEN-001611,BEN-007180,0
BEN-003569,BEN-004557,0
BEN-004903,BEN-009684,0
BEN-001904,BEN-007088,0
BEN-000398,BEN-007908,0
BEN-000363,BEN-005846,0
BEN-005186,BEN-006294,0
BEN-005584,BEN-006781,0
BEN-002550,BEN-006510,0
BEN-001841,BEN-007646,0
BEN-004310,BEN-007090,0
BEN-003883,BEN-005472,0
BEN-001564,BEN-001788,0
BEN-002539,BEN-008595,0
BEN-002332,BEN-007310,0
BEN-004822,BEN-007057,0
BEN-000615,BEN-005217,0
BEN-000573,BEN-004412,0
BEN-002525,BEN-004860,0
BEN-007334,BEN-008093,0
BEN-005173,BEN-009154,0
BEN-000220,BEN-001378,0
BEN-000060,BEN-007104,0
BEN-003429,BEN-004215,0
BEN-000221,BEN-005480,0
BEN-006538,BEN-009771,0
BEN-000849,BEN-007510,0
BEN-001083,BEN-005168,0
BEN-001453,BEN-004266,0
BEN-004015,BEN-005354,0
BEN-001276,BEN-004598,1
BEN-001715,BEN-006000,0
BEN-002473,BEN-007801,0
BEN-005851,BEN-009119,0
BEN-005871,BEN-008670,0
BEN-001156,BEN-006022,0
BEN-005213,BEN-005962,0
BEN-005296,BEN-008280,0
BEN-003721,BEN-008346,0
BEN-000496,BEN-008554,0
BEN-000441,BEN-004932,0
BEN-000203,BEN-009922,0
BEN-002339,BEN-009429,0
BEN-001764,BEN-008335,0
BEN-006807,BEN-007717,0
BEN-000061,BEN-000111,0
BEN-007745,BEN-009624,0
BEN-002420,BEN-008277,0
BEN-004649,BEN-004748,0
BEN-003453,BEN-005208,0
BEN-002347,BEN-005912,0
BEN-004714,BEN-008286,0
BEN-000083,BEN-001505,0
BEN-006324,BEN-008956,0
BEN-000441,BEN-003086,0
BEN-003915,BEN-004831,0
BEN-002770,BEN-004958,0
BEN-006925,BEN-007249,0
BEN-001494,BEN-002360,0
BEN-005371,BEN-007722,0
BEN-002160,BEN-008291,0
BEN-003261,BEN-009354,0
BEN-001260,BEN-001385,0
BEN-003879,BEN-007470,0
BEN-000311,BEN-006931,0
BEN-002389,BEN-002516,0
BEN-005196,BEN-007107,0
BEN-000600,BEN-008523,0
BEN-001537,BEN-008894,0
BEN-001643,BEN-003402,0
BEN-001244,BEN-004907,0
BEN-003677,BEN-004092,0
BEN-001889,BEN-002910,0
BEN-000886,BEN-009639,0
BEN-001962,BEN-008854,0
BEN-001707,BEN-002913,0
BEN-007970,BEN-009233,0
BEN-005251,BEN-006153,0
BEN-001432,BEN-008230,0
BEN-000184,BEN-006367,0
BEN-004941,BEN-006238,0
BEN-003762,BEN-004319,0
BEN-000166,BEN-005139,0
BEN-000149,BEN-001454,0
BEN-000347,BEN-003916,0
BEN-003585,BEN-009708,0
BEN-000491,BEN-001324,0
BEN-001950,BEN-009223,0
BEN-006219,BEN-009233,0
BEN-005209,BEN-008286,0
BEN-002053,BEN-004233,0
BEN-002305,BEN-008634,0
BEN-004441,BEN-005711,0
BEN-002682,BEN-006190,0
BEN-000251,BEN-007705,0
BEN-006927,BEN-009768,0
BEN-004617,BEN-008230,0
BEN-000986,BEN-001953,0
BEN-001639,BEN-004793,0
BEN-000367,BEN-002573,0
BEN-002838,BEN-007584,0
BEN-002941,BEN-004158,0
BEN-004241,BEN-004490,0
BEN-004364,BEN-005473,0
BEN-001269,BEN-008369,0
BEN-002668,BEN-003939,0
BEN-002718,BEN-009406,0
BEN-001629,BEN-005469,0
BEN-001586,BEN-004821,0
BEN-000024,BEN-009291,0
BEN-005660,BEN-008824,1
BEN-000155,BEN-004816,0
BEN-001210,BEN-002637,0
BEN-000561,BEN-005354,0
BEN-006272,BEN-007147,0
BEN-000810,BEN-005055,0
BEN-008891,BEN-009674,0
BEN-001956,BEN-007142,0
BEN-001299,BEN-007502,0
BEN-008435,BEN-009689,0
BEN-002827,BEN-006172,0
BEN-001205,BEN-003468,0
BEN-006039,BEN-007202,0
BEN-005245,BEN-005723,0
BEN-001223,BEN-004693,0
BEN-000262,BEN-007628,0
BEN-004542,BEN-007268,0
BEN-009367,BEN-009739,0
BEN-002706,BEN-008436,0
BEN-003955,BEN-008896,0
BEN-001854,BEN-006044,0
BEN-002945,BEN-002975,0
BEN-004061,BEN-006562,0
BEN-004038,BEN-004158,0
BEN-000922,BEN-007426,0
BEN-003448,BEN-004292,0
BEN-000197,BEN-009166,0
BEN-000779,BEN-003111,0
BEN-007809,BEN-007999,0
BEN-002905,BEN-009656,0
BEN-004503,BEN-005188,0
BEN-002145,BEN-003531,0
BEN-000339,BEN-009040,0
BEN-003919,BEN-004871,0
BEN-001837,BEN-004484,0
BEN-000283,BEN-001334,0
BEN-001424,BEN-003696,0
BEN-004363,BEN-005044,0
BEN-004938,BEN-005000,0
BEN-004613,BEN-006861,0
BEN-000865,BEN-002827,0
BEN-005083,BEN-007662,0
BEN-008446,BEN-009864,0
BEN-003188,BEN-004470,0
BEN-004982,BEN-006671,0
BEN-002988,BEN-008142,0
BEN-004692,BEN-005193,0
BEN-001607,BEN-005770,0
BEN-004881,BEN-007880,0
BEN-002237,BEN-007854,0
BEN-003319,BEN-008510,0
BEN-001292,BEN-007126,0
BEN-001005,BEN-004955,0
BEN-003553,BEN-006690,0
BEN-001579,BEN-009293,0
BEN-002055,BEN-009079,0
BEN-005462,BEN-007370,0
BEN-001739,BEN-008988,0
BEN-003264,BEN-006999,0
BEN-001401,BEN-004478,0
BEN-001287,BEN-008431,0
BEN-000270,BEN-002171,0
BEN-005485,BEN-005543,0
BEN-005887,BEN-006847,0
BEN-008632,BEN-009685,0
BEN-004882,BEN-008303,0
BEN-003802,BEN-006339,0
BEN-003201,BEN-007062,0
BEN-001384,BEN-002871,0
BEN-007575,BEN-009510,0
BEN-000775,BEN-005489,0
BEN-007505,BEN-009098,0
BEN-007879,BEN-008575,0
BEN-001024,BEN-008898,0
BEN-000599,BEN-001056,0
BEN-000001,BEN-006099,0
BEN-006359,BEN-007151,0
BEN-007227,BEN-008925,0
BEN-001334,BEN-005640,0
BEN-001477,BEN-008571,0
BEN-003866,BEN-009168,1
BEN-003393,BEN-005724,0
BEN-000394,BEN-009839,0
BEN-003197,BEN-009208,0
BEN-004456,BEN-005995,0
BEN-001341,BEN-002214,0
BEN-003414,BEN-004225,0
BEN-004283,BEN-007937,0
BEN-000299,BEN-007027,0
BEN-002847,BEN-009260,0
BEN-007798,BEN-008632,0
BEN-001490,BEN-003142,0
BEN-000670,BEN-001103,0
BEN-004791,BEN-007581,0
BEN-002224,BEN-003304,0
BEN-004371,BEN-007326,0
BEN-000233,BEN-005508,0
BEN-000839,BEN-006112,0
BEN-000978,BEN-007828,0
BEN-006227,BEN-008485,0
BEN-006153,BEN-008786,0
BEN-000974,BEN-005660,0
BEN-007898,BEN-009122,0
BEN-007337,BEN-008898,0
BEN-000770,BEN-008201,1
BEN-001228,BEN-005226,0
BEN-005494,BEN-007224,0
BEN-001118,BEN-004762,0
BEN-002824,BEN-008391,0
BEN-000824,BEN-007460,0
BEN-005564,BEN-008563,0
BEN-004245,BEN-004786,0
BEN-000014,BEN-002239,0
BEN-001117,BEN-002143,0
BEN-006032,BEN-009336,0
BEN-006937,BEN-008725,0
BEN-000489,BEN-004454,0
BEN-004592,BEN-009789,0
BEN-005724,BEN-007902,0
BEN-002763,BEN-004821,0
BEN-000756,BEN-005070,0
BEN-000522,BEN-003668,0
BEN-003873,BEN-006314,0
BEN-005813,BEN-008580,0
BEN-001264,BEN-007702,0
BEN-001677,BEN-005911,0
BEN-002333,BEN-007110,0
BEN-008392,BEN-008451,0
BEN-004364,BEN-004714,0
BEN-000414,BEN-005487,0
BEN-002005,BEN-007386,0
BEN-004150,BEN-004472,0
BEN-001232,BEN-007713,0
BEN-006752,BEN-007161,0
BEN-002137,BEN-002395,0
BEN-004048,BEN-004538,0
BEN-003550,BEN-006950,0
BEN-002805,BEN-005669,0
BEN-000350,BEN-004764,0
BEN-004084,BEN-007190,0
BEN-001375,BEN-003966,0
BEN-001162,BEN-002173,0
BEN-006416,BEN-009084,0
BEN-002397,BEN-007158,0
BEN-002412,BEN-004954,0
BEN-008786,BEN-009249,0
BEN-001595,BEN-008626,0
BEN-001303,BEN-008141,0
BEN-005983,BEN-009109,0
BEN-001996,BEN-007991,0
BEN-000852,BEN-002620,0
BEN-000537,BEN-009434,0
BEN-005589,BEN-008787,0
BEN-005474,BEN-006921,0
BEN-004312,BEN-009498,1
BEN-006532,BEN-009223,0
BEN-003027,BEN-004759,0
BEN-005207,BEN-006918,0
BEN-006982,BEN-008903,0
BEN-002807,BEN-003433,0
BEN-006444,BEN-008044,0
BEN-007935,BEN-008042,0
BEN-001637,BEN-003476,0
BEN-001996,BEN-004333,0
BEN-008013,BEN-008282,0
BEN-000813,BEN-006699,0
BEN-004038,BEN-006483,0
BEN-002553,BEN-004049,0
BEN-006613,BEN-009175,0
BEN-003271,BEN-006248,0
BEN-004140,BEN-006924,0
BEN-004070,BEN-005176,0
BEN-008094,BEN-008603,0
BEN-006021,BEN-006880,0
BEN-003151,BEN-008108,0
BEN-007464,BEN-009637,0
BEN-007445,BEN-007481,0
BEN-001495,BEN-002801,0
BEN-001656,BEN-004094,0
BEN-003902,BEN-005388,0
BEN-002575,BEN-005793,0
BEN-006090,BEN-006259,0
BEN-002035,BEN-006304,0
BEN-006394,BEN-009417,0
BEN-000105,BEN-005724,0
BEN-006397,BEN-007964,0
BEN-005932,BEN-009525,0
BEN-001355,BEN-006496,0
BEN-000029,BEN-009942,0
BEN-000179,BEN-003451,0
BEN-000569,BEN-001089,0
BEN-005077,BEN-006516,0
BEN-007297,BEN-008743,0
BEN-004054,BEN-004372,0
BEN-007328,BEN-009762,0
BEN-008291,BEN-008320,0
BEN-001395,BEN-006895,0
BEN-002168,BEN-006800,0
BEN-000803,BEN-001509,0
BEN-009230,BEN-009710,0
BEN-001906,BEN-005477,0
BEN-002106,BEN-009418,0
BEN-001639,BEN-007915,0
BEN-008229,BEN-009693,0
BEN-000868,BEN-005818,0
BEN-000567,BEN-003811,0
BEN-002043,BEN-002920,0
BEN-002476,BEN-009545,0
BEN-001369,BEN-002470,0
BEN-005642,BEN-005709,0
BEN-001372,BEN-003980,0
BEN-000652,BEN-007042,0
BEN-008719,BEN-009782,0
BEN-004167,BEN-009772,0
BEN-003383,BEN-007924,0
BEN-002199,BEN-006435,0
BEN-000107,BEN-008646,0
BEN-000776,BEN-001364,0
BEN-001119,BEN-009868,0
BEN-000349,BEN-009764,0
BEN-001281,BEN-003989,0
BEN-002851,BEN-006875,0
BEN-007946,BEN-008794,0
BEN-001022,BEN-009549,0
BEN-003196,BEN-009279,0
BEN-004226,BEN-004913,0
BEN-001451,BEN-004302,0
BEN-002779,BEN-003174,0
BEN-004120,BEN-009102,0
BEN-002115,BEN-009337,0
BEN-000225,BEN-008272,0
BEN-000705,BEN-004410,0
BEN-001744,BEN-006445,0
BEN-002609,BEN-004621,0
BEN-004762,BEN-006516,0
BEN-002389,BEN-005798,0
BEN-002568,BEN-007778,0
BEN-001992,BEN-002373,0
BEN-003502,BEN-009940,0
BEN-001484,BEN-003396,0
BEN-002043,BEN-007122,0
BEN-000640,BEN-008495,0
BEN-007233,BEN-009756,0
BEN-000266,BEN-006225,0
BEN-002198,BEN-008354,0
BEN-008328,BEN-009448,0
BEN-002675,BEN-005880,0
BEN-001293,BEN-009447,0
BEN-000141,BEN-001640,0
BEN-000334,BEN-003697,0
BEN-003150,BEN-003538,0
BEN-007830,BEN-009573,0
BEN-005210,BEN-008070,0
BEN-004365,BEN-004797,0
BEN-000863,BEN-008533,0
BEN-003108,BEN-007463,0
BEN-004772,BEN-006152,0
BEN-003242,BEN-003582,0
BEN-001635,BEN-003887,0
BEN-006061,BEN-008891,0
BEN-007599,BEN-008626,0
BEN-001542,BEN-004105,0
BEN-004497,BEN-007742,0
BEN-001598,BEN-009536,0
BEN-003006,BEN-006430,0
BEN-000451,BEN-000562,0
BEN-005112,BEN-008868,0
BEN-004728,BEN-009593,0
BEN-004895,BEN-008574,0
BEN-004613,BEN-008906,1
BEN-001156,BEN-006391,0
BEN-003629,BEN-005217,0
BEN-003296,BEN-008004,0
BEN-001686,BEN-009215,0
BEN-006047,BEN-006918,0
BEN-000462,BEN-004864,0
BEN-006221,BEN-007830,0
BEN-002568,BEN-003221,0
BEN-004451,BEN-009684,0
BEN-005813,BEN-006275,0
BEN-002649,BEN-006112,0
BEN-003646,BEN-009964,1
BEN-008835,BEN-009656,0
BEN-004334,BEN-009028,0
BEN-006737,BEN-007811,0
BEN-003323,BEN-006568,0
BEN-002065,BEN-002943,0
BEN-000197,BEN-002914,0
BEN-001265,BEN-002153,0
BEN-000796,BEN-007996,0
BEN-003849,BEN-004179,0
BEN-000931,BEN-009103,0
BEN-000601,BEN-002657,0
BEN-008173,BEN-009585,0
BEN-002707,BEN-008060,0
BEN-002254,BEN-002857,0
BEN-003251,BEN-007151,0
BEN-001810,BEN-002920,0
BEN-001236,BEN-003430,0
BEN-008278,BEN-009997,0
BEN-003173,BEN-009663,0
BEN-000123,BEN-009629,0
BEN-000451,BEN-007623,0
BEN-003249,BEN-006973,0
BEN-005996,BEN-007586,0
BEN-008901,BEN-009082,0
BEN-000371,BEN-006837,0
BEN-002080,BEN-005853,0
BEN-003311,BEN-009537,0
BEN-003272,BEN-009251,0
BEN-005386,BEN-005685,0
BEN-003104,BEN-008927,0
BEN-001905,BEN-009368,0
BEN-006114,BEN-006756,0
BEN-000330,BEN-007336,0
BEN-005397,BEN-005808,0
BEN-007000,BEN-009571,0
BEN-003542,BEN-009337,0
BEN-001910,BEN-003890,0
BEN-007300,BEN-009809,0
BEN-006838,BEN-008862,0
BEN-002959,BEN-003259,0
BEN-001387,BEN-001652,0
BEN-000881,BEN-003228,0
BEN-000932,BEN-006859,0
BEN-001964,BEN-008526,0
BEN-004921,BEN-009481,0
BEN-007354,BEN-008462,0
BEN-004260,BEN-006561,0
BEN-001102,BEN-005308,0
BEN-001681,BEN-002196,0
BEN-002318,BEN-004465,0
BEN-003630,BEN-007553,0
BEN-001555,BEN-008094,0
BEN-000576,BEN-003398,0
BEN-002260,BEN-006813,0
BEN-002802,BEN-005880,0
BEN-003413,BEN-009905,0
BEN-000579,BEN-000629,0
BEN-000966,BEN-004244,0
BEN-002951,BEN-007140,0
BEN-000105,BEN-004743,0
BEN-003407,BEN-004003,0
BEN-002710,BEN-004085,0
BEN-001034,BEN-008170,0
BEN-001227,BEN-006937,0
BEN-003465,BEN-008772,0
BEN-008196,BEN-009858,0
BEN-005034,BEN-007709,0
BEN-000706,BEN-004068,0
BEN-003087,BEN-006721,0
BEN-005520,BEN-008459,0
BEN-002650,BEN-009628,0
BEN-000261,BEN-005115,0
BEN-007723,BEN-008192,0
BEN-000070,BEN-007575,0
BEN-007139,BEN-007427,0
BEN-003101,BEN-008151,0
BEN-002617,BEN-007402,0
BEN-003989,BEN-007053,0
BEN-002138,BEN-005570,0
BEN-004613,BEN-009673,0
BEN-000592,BEN-003249,0
BEN-002536,BEN-007348,1
BEN-001751,BEN-009763,0
BEN-004918,BEN-008013,0
BEN-004352,BEN-006636,0
BEN-006331,BEN-006853,0
BEN-003709,BEN-004096,0
BEN-001207,BEN-005619,0
BEN-001659,BEN-003254,0
BEN-001829,BEN-005633,0
BEN-006065,BEN-009116,0
BEN-002055,BEN-005412,0
BEN-006548,BEN-008287,0
BEN-003804,BEN-007428,0
BEN-000518,BEN-001900,0
BEN-004218,BEN-009529,0
BEN-002169,BEN-007417,0
BEN-002634,BEN-006627,0
BEN-002173,BEN-007315,0
BEN-004348,BEN-009848,0
BEN-000362,BEN-007363,0
BEN-005145,BEN-009199,0
BEN-000042,BEN-006661,0
BEN-005235,BEN-006494,0
BEN-003144,BEN-003400,0
BEN-003975,BEN-005572,0
BEN-006206,BEN-007513,0
BEN-003539,BEN-007430,0
BEN-006182,BEN-009548,0
BEN-004054,BEN-006742,0
BEN-006239,BEN-009091,0
BEN-000954,BEN-008009,0
BEN-000594,BEN-001986,0
BEN-007562,BEN-008705,0
BEN-001749,BEN-004596,0
BEN-001657,BEN-004079,0
BEN-001473,BEN-001531,0
BEN-001021,BEN-005831,0
BEN-005132,BEN-007019,0
BEN-003079,BEN-006644,0
BEN-003590,BEN-009070,0
BEN-003367,BEN-006484,0
BEN-002125,BEN-006816,0
BEN-005559,BEN-009474,0
BEN-002614,BEN-004925,0
BEN-003715,BEN-007347,0
BEN-009124,BEN-009573,0
BEN-005687,BEN-006155,0
BEN-006479,BEN-007199,0
BEN-002726,BEN-005316,0
BEN-003007,BEN-005169,0
BEN-005998,BEN-008721,0
BEN-005177,BEN-008385,0
BEN-008328,BEN-008702,0
BEN-000828,BEN-009676,0
BEN-001430,BEN-005086,0
BEN-004739,BEN-005679,0
BEN-001654,BEN-005745,0
BEN-004246,BEN-009884,0
BEN-002356,BEN-006100,0
BEN-003193,BEN-007911,0
BEN-005915,BEN-009633,0
BEN-003454,BEN-004189,0
BEN-002041,BEN-008676,0
BEN-004363,BEN-006480,0
BEN-003019,BEN-003400,0
BEN-002705,BEN-005566,0
BEN-000265,BEN-008156,0
BEN-001314,BEN-007147,0
BEN-005823,BEN-008475,0
BEN-007261,BEN-009932,0
BEN-008467,BEN-008470,0
BEN-002037,BEN-002538,0
BEN-003119,BEN-007779,1
BEN-002254,BEN-005205,0
BEN-008567,BEN-009616,0
BEN-005440,BEN-005502,0
BEN-004627,BEN-005592,0
BEN-002461,BEN-004496,0
BEN-000190,BEN-004471,0
BEN-002174,BEN-005264,0
BEN-002350,BEN-004837,0
BEN-000301,BEN-006801,1
BEN-003450,BEN-009050,0
BEN-000302,BEN-008261,0
BEN-005732,BEN-008205,0
BEN-003012,BEN-005083,0
BEN-002004,BEN-006093,0
BEN-004582,BEN-004925,0
BEN-000737,BEN-003792,0
BEN-002773,BEN-007010,0
BEN-003883,BEN-009635,0
BEN-002949,BEN-008230,0
BEN-003739,BEN-005994,0
BEN-002601,BEN-002698,0
BEN-003329,BEN-008707,0
BEN-005251,BEN-005981,0
BEN-001624,BEN-003909,0
BEN-007802,BEN-009191,0
BEN-003914,BEN-006628,0
BEN-005682,BEN-009256,0
BEN-005625,BEN-007201,0
BEN-006447,BEN-008712,0
BEN-002332,BEN-003222,0
BEN-006003,BEN-007053,0
BEN-001683,BEN-006054,0
BEN-001750,BEN-009745,0
BEN-004409,BEN-009840,0
BEN-001101,BEN-006813,0
BEN-006061,BEN-009094,0
BEN-002348,BEN-007170,0
BEN-008042,BEN-008988,0
BEN-001960,BEN-008588,0
BEN-002862,BEN-004767,0
BEN-005564,BEN-005875,0
BEN-001147,BEN-007066,0
BEN-002126,BEN-009596,0
BEN-005163,BEN-007193,0
BEN-000942,BEN-008964,0
BEN-005813,BEN-008916,0
BEN-001808,BEN-009243,0
BEN-003114,BEN-004478,0
BEN-000946,BEN-006518,0
BEN-000530,BEN-005863,0
BEN-004994,BEN-007522,0
BEN-006478,BEN-009082,0
BEN-004369,BEN-008641,0
BEN-004074,BEN-009373,0
BEN-004992,BEN-007625,0
BEN-001420,BEN-002479,0
BEN-000154,BEN-004365,0
BEN-005846,BEN-006922,0
BEN-000240,BEN-008507,0
BEN-000128,BEN-005326,0
BEN-006741,BEN-008492,0
BEN-002991,BEN-008715,0
BEN-002457,BEN-009987,0
BEN-002846,BEN-005009,0
BEN-005348,BEN-009713,0
BEN-006828,BEN-009744,0
BEN-001469,BEN-008337,0
BEN-002069,BEN-005413,0
BEN-003122,BEN-009543,0
BEN-004886,BEN-006070,0
BEN-002654,BEN-006557,0
BEN-004667,BEN-007523,0
BEN-007738,BEN-009387,0
BEN-003703,BEN-005087,0
BEN-004897,BEN-008447,0
BEN-004236,BEN-005126,0
BEN-006965,BEN-007220,0
BEN-000710,BEN-002889,0
BEN-000582,BEN-002366,0
BEN-001691,BEN-008660,0
BEN-000104,BEN-002955,0
BEN-002454,BEN-003761,0
BEN-001694,BEN-008609,0
BEN-000250,BEN-006071,0
BEN-008883,BEN-009020,0
BEN-001967,BEN-005961,0
BEN-005152,BEN-009937,0
BEN-002845,BEN-004483,0
BEN-006913,BEN-009769,0
BEN-000830,BEN-007550,0
BEN-002580,BEN-006438,0
BEN-001648,BEN-006752,0
BEN-001532,BEN-009427,0
BEN-005388,BEN-006808,0
BEN-004749,BEN-007273,0
BEN-000142,BEN-002608,0
BEN-007850,BEN-009780,0
BEN-003010,BEN-007764,0
BEN-008904,BEN-009283,0
BEN-008710,BEN-009631,0
BEN-007239,BEN-007834,0
BEN-001010,BEN-005784,0
BEN-004466,BEN-008088,0
BEN-000368,BEN-009836,0
BEN-007034,BEN-007897,0
BEN-007803,BEN-008783,0
BEN-005876,BEN-009369,0
BEN-001338,BEN-009301,0
BEN-006708,BEN-008426,0
BEN-001962,BEN-003417,0
BEN-005034,BEN-006988,0
BEN-007402,BEN-008678,0
BEN-005360,BEN-007747,0
BEN-000210,BEN-002776,0
BEN-000756,BEN-004359,0
BEN-005453,BEN-005859,0
BEN-002707,BEN-005495,0
BEN-004549,BEN-009064,0
BEN-000586,BEN-007037,0
BEN-003001,BEN-007093,0
BEN-000166,BEN-000413,0
BEN-004395,BEN-008027,0
BEN-001286,BEN-007589,0
BEN-001277,BEN-002080,0
BEN-004684,BEN-006397,0
BEN-000854,BEN-003225,0
BEN-006795,BEN-008516,0
BEN-005614,BEN-006919,0
BEN-004036,BEN-006344,0
BEN-002909,BEN-007733,0
BEN-004528,BEN-005574,0
BEN-001520,BEN-002690,0
BEN-005624,BEN-006551,0
BEN-005513,BEN-008120,0
BEN-005878,BEN-008065,0
BEN-003216,BEN-005573,0
BEN-006019,BEN-006613,0
BEN-001597,BEN-007064,0
BEN-000658,BEN-001909,0
BEN-000149,BEN-000708,0
BEN-003089,BEN-008233,0
BEN-004058,BEN-007772,0
BEN-004231,BEN-005907,0
BEN-001279,BEN-006620,0
BEN-000240,BEN-002091,0
BEN-007144,BEN-008602,0
BEN-002029,BEN-002260,0
BEN-000333,BEN-003970,0
BEN-001022,BEN-003768,0
BEN-006742,BEN-007081,0
BEN-009245,BEN-009261,0
BEN-000370,BEN-000826,0
BEN-002178,BEN-009026,0
BEN-003402,BEN-009635,0
BEN-001455,BEN-007459,0
BEN-006162,BEN-006291,0
BEN-003015,BEN-004496,0
BEN-002133,BEN-007710,0
BEN-004859,BEN-009109,0
BEN-004705,BEN-007599,0
BEN-003997,BEN-008064,0
BEN-003155,BEN-005401,0
BEN-007822,BEN-009743,0
BEN-006526,BEN-009577,0
BEN-001284,BEN-005318,0
BEN-004434,BEN-007917,0
BEN-005149,BEN-008065,0
BEN-000940,BEN-008892,0
BEN-001179,BEN-005940,0
BEN-002942,BEN-009301,0
BEN-002760,BEN-005557,0
BEN-004146,BEN-007442,1
BEN-002260,BEN-004068,0
BEN-004117,BEN-009625,0
BEN-006614,BEN-006678,0
BEN-001157,BEN-008879,0
BEN-005379,BEN-008746,0
BEN-000897,BEN-003426,0
BEN-003975,BEN-008606,0
BEN-004333,BEN-007783,0
BEN-000431,BEN-001198,0
BEN-000793,BEN-009348,0
BEN-002576,BEN-008223,0
BEN-000718,BEN-004246,0
BEN-003798,BEN-006600,0
BEN-001368,BEN-006134,0
BEN-000839,BEN-006269,0
BEN-005739,BEN-007006,0
BEN-000490,BEN-008218,0
BEN-001730,BEN-004362,0
BEN-006974,BEN-008187,0
BEN-007900,BEN-009414,0
BEN-007442,BEN-009525,1
BEN-001900,BEN-003097,0
BEN-009654,BEN-009752,0
BEN-004549,BEN-006122,0
BEN-002689,BEN-007406,0
BEN-007051,BEN-007311,0
BEN-001487,BEN-007240,0
BEN-000977,BEN-007406,0
BEN-000566,BEN-007708,0
BEN-000329,BEN-009657,0
BEN-001617,BEN-005175,0
BEN-003048,BEN-009112,0
BEN-008080,BEN-008536,0
BEN-004773,BEN-008716,0
BEN-006758,BEN-007540,0
BEN-001446,BEN-004025,0
BEN-002172,BEN-007944,0
BEN-002219,BEN-005645,0
BEN-000034,BEN-001676,0
BEN-001839,BEN-005331,0
BEN-006424,BEN-006670,0
BEN-004253,BEN-006062,0
BEN-003839,BEN-009360,0
BEN-000296,BEN-000888,0
BEN-003041,BEN-004328,0
BEN-002563,BEN-006049,0
BEN-004070,BEN-006688,0
BEN-006272,BEN-008335,0
BEN-001582,BEN-007061,0
BEN-004632,BEN-006163,0
BEN-000746,BEN-007722,0
BEN-002494,BEN-002959,1
BEN-000747,BEN-009678,0
BEN-003215,BEN-005744,0
BEN-001468,BEN-009025,0
BEN-003484,BEN-005279,0
BEN-003792,BEN-005478,0
BEN-006290,BEN-007537,0
BEN-004545,BEN-008140,0
BEN-006900,BEN-007028,0
BEN-000101,BEN-002969,0
BEN-007642,BEN-008516,0
BEN-000634,BEN-001029,0
BEN-006085,BEN-008318,0
BEN-007718,BEN-008319,0
BEN-007322,BEN-009759,0
BEN-006371,BEN-008529,0
BEN-007386,BEN-009211,0
BEN-000762,BEN-003807,0
BEN-004910,BEN-005299,0
BEN-000516,BEN-007174,0
BEN-002268,BEN-009904,0
BEN-004608,BEN-008243,0
BEN-007512,BEN-009531,0
BEN-002032,BEN-002041,0
BEN-004440,BEN-009727,0
BEN-000945,BEN-003835,0
BEN-000431,BEN-006169,0
BEN-000503,BEN-007543,0
BEN-000680,BEN-005686,0
BEN-001796,BEN-007664,0
BEN-003548,BEN-008451,0
BEN-006154,BEN-008557,0
BEN-008045,BEN-009498,0
BEN-004879,BEN-005725,0
BEN-005637,BEN-005935,0
BEN-007436,BEN-008879,0
BEN-002479,BEN-007943,0
BEN-005307,BEN-007784,0
BEN-006202,BEN-009979,0
BEN-001672,BEN-005615,0
BEN-000435,BEN-009529,0
BEN-002243,BEN-002563,0
BEN-000858,BEN-006863,0
BEN-000626,BEN-001362,0
BEN-002080,BEN-009382,0
BEN-001262,BEN-009016,0
BEN-001539,BEN-007241,0
BEN-006329,BEN-007915,0
BEN-000763,BEN-007240,0
BEN-006689,BEN-007301,0
BEN-008774,BEN-009247,0
BEN-003693,BEN-009820,0
BEN-002934,BEN-009718,0
BEN-006659,BEN-009037,0
BEN-004117,BEN-008782,0
BEN-005109,BEN-005280,0
BEN-003883,BEN-008017,0
BEN-007252,BEN-007659,0
BEN-001241,BEN-001462,0
BEN-001604,BEN-008974,0
BEN-000380,BEN-005773,0
BEN-003938,BEN-009114,0
BEN-004382,BEN-008930,0
BEN-003182,BEN-005689,0
BEN-006725,BEN-009901,0
BEN-003975,BEN-009264,0
BEN-002613,BEN-006573,0
BEN-004710,BEN-008302,0
BEN-000929,BEN-007873,0
BEN-003922,BEN-009431,0
BEN-000811,BEN-008680,0
BEN-005232,BEN-008922,0
BEN-003475,BEN-006350,0
BEN-002206,BEN-003298,0
BEN-007140,BEN-009270,0
BEN-004138,BEN-006065,0
BEN-006279,BEN-009027,0
BEN-004439,BEN-007074,0
BEN-003972,BEN-006976,0
BEN-001885,BEN-004728,0
BEN-001274,BEN-004249,0
BEN-002881,BEN-009354,0
BEN-006303,BEN-007454,0
BEN-002326,BEN-006637,0
BEN-002390,BEN-003140,0
BEN-000721,BEN-004835,0
BEN-000160,BEN-003621,0
BEN-000710,BEN-007166,0
BEN-000299,BEN-007600,0
BEN-001167,BEN-003897,0
BEN-006711,BEN-008452,1
BEN-003706,BEN-004122,0
BEN-000479,BEN-009366,0
BEN-008588,BEN-009503,0
BEN-006838,BEN-009739,0
BEN-001881,BEN-009915,0
BEN-006063,BEN-006981,0
BEN-003497,BEN-005847,0
BEN-000120,BEN-008421,0
BEN-000578,BEN-002579,0
BEN-002390,BEN-005689,0
BEN-004588,BEN-005008,0
BEN-001714,BEN-001768,0
BEN-000849,BEN-007323,0
BEN-000759,BEN-004010,0
BEN-000377,BEN-002582,0
BEN-005772,BEN-008373,0
BEN-008338,BEN-008652,0
BEN-001046,BEN-006765,0
BEN-002278,BEN-005004,0
BEN-001698,BEN-009906,0
BEN-006902,BEN-009145,0
BEN-000539,BEN-009089,0
BEN-004490,BEN-005972,0
BEN-008563,BEN-009906,0
BEN-001158,BEN-008673,0
BEN-001788,BEN-002985,0
BEN-006070,BEN-008147,0
BEN-000455,BEN-008896,0
BEN-003076,BEN-004388,0
BEN-003499,BEN-005428,0
BEN-000944,BEN-006614,0
BEN-003752,BEN-009254,0
BEN-009587,BEN-009727,0
BEN-005519,BEN-008732,0
BEN-008073,BEN-008206,0
BEN-006966,BEN-009497,0
BEN-004592,BEN-007283,0
BEN-000377,BEN-004564,0
BEN-003085,BEN-007074,0
BEN-004193,BEN-005519,0
BEN-004593,BEN-005127,0
BEN-002360,BEN-004380,0
BEN-003747,BEN-008273,0
BEN-000906,BEN-001966,0
BEN-008919,BEN-009495,0
BEN-000347,BEN-006726,0
BEN-000474,BEN-005231,0
BEN-002659,BEN-004495,0
BEN-000396,BEN-009617,0
BEN-002414,BEN-004551,0
BEN-002435,BEN-004318,0
BEN-009149,BEN-009747,0
BEN-001276,BEN-003226,0
BEN-005347,BEN-008456,0
BEN-003391,BEN-009822,0
BEN-000282,BEN-007173,0
BEN-009748,BEN-009836,0
BEN-006944,BEN-007525,0
BEN-003266,BEN-007471,0
BEN-004084,BEN-007951,0
BEN-002054,BEN-007745,0
BEN-002234,BEN-008561,0
BEN-001510,BEN-001645,0
BEN-003397,BEN-006003,0
BEN-000029,BEN-000840,0
BEN-007326,BEN-008490,0
BEN-003172,BEN-009836,0
BEN-001636,BEN-003945,0
BEN-003514,BEN-006026,0
BEN-000935,BEN-007408,1
BEN-006962,BEN-008015,0
BEN-000859,BEN-003079,0
BEN-001369,BEN-006610,0
BEN-001947,BEN-008919,0
BEN-001506,BEN-003740,0
BEN-002579,BEN-008712,0
BEN-002530,BEN-004070,0
BEN-001115,BEN-003804,0
BEN-003242,BEN-009965,0
BEN-006519,BEN-007069,0
BEN-000998,BEN-006952,0
BEN-005209,BEN-008332,0
BEN-000311,BEN-000768,0
BEN-000615,BEN-004299,0
BEN-002253,BEN-007616,0
BEN-003420,BEN-007283,0
BEN-002186,BEN-002551,0
BEN-003228,BEN-005373,0
BEN-004222,BEN-006364,0
BEN-002465,BEN-002678,0
BEN-004448,BEN-004794,0
BEN-005385,BEN-007590,0
BEN-003791,BEN-009200,0
BEN-005944,BEN-008095,0
BEN-005911,BEN-009489,0
BEN-001053,BEN-005890,0
BEN-001965,BEN-003274,0
BEN-001672,BEN-005154,0
BEN-003340,BEN-009185,0
BEN-006720,BEN-009394,0
BEN-001268,BEN-001766,0
BEN-001519,BEN-009941,0
BEN-001825,BEN-002338,0
BEN-001154,BEN-002113,0
BEN-008494,BEN-008553,0
BEN-006130,BEN-007360,0
BEN-003878,BEN-005834,0
BEN-006181,BEN-007073,0
BEN-002839,BEN-003757,0
BEN-006718,BEN-009414,0
BEN-001987,BEN-009319,0
BEN-000042,BEN-001598,0
BEN-000441,BEN-009337,0
BEN-001947,BEN-005441,0
BEN-004658,BEN-005814,0
BEN-000330,BEN-003099,0
BEN-006446,BEN-009246,0
BEN-001857,BEN-004584,0
BEN-004662,BEN-006372,0
BEN-000413,BEN-006468,0
BEN-003190,BEN-004581,0
BEN-007350,BEN-007394,0
BEN-002977,BEN-009103,0
BEN-000873,BEN-003818,0
BEN-001019,BEN-009852,0
BEN-000268,BEN-009505,0
BEN-002238,BEN-002689,0
BEN-001183,BEN-001928,0
BEN-002249,BEN-005764,0
BEN-000574,BEN-003801,0
BEN-001297,BEN-004861,0
BEN-004439,BEN-008197,0
BEN-005503,BEN-007835,0
BEN-005630,BEN-007386,0
BEN-006171,BEN-009135,0
BEN-002615,BEN-007770,0
BEN-003468,BEN-006848,0
BEN-002278,BEN-004552,0
BEN-004072,BEN-008453,0
BEN-002114,BEN-005810,0
BEN-002618,BEN-004428,0
BEN-000738,BEN-006279,0
BEN-001434,BEN-006645,0
BEN-002214,BEN-004907,0
BEN-004696,BEN-006797,0
BEN-003268,BEN-003777,0
BEN-004399,BEN-008724,0
BEN-000064,BEN-006529,0
BEN-007320,BEN-008120,1
BEN-002085,BEN-005161,0
BEN-001085,BEN-006063,0
BEN-000621,BEN-006394,0
BEN-004969,BEN-009762,0
BEN-002191,BEN-008874,0
BEN-002188,BEN-004328,0
BEN-002581,BEN-005536,0
BEN-002180,BEN-004316,0
BEN-004312,BEN-009712,1
BEN-001799,BEN-008719,0
BEN-000551,BEN-003847,0
BEN-001391,BEN-008756,0
BEN-001010,BEN-005880,0
BEN-003286,BEN-005851,0
BEN-002431,BEN-004799,0
BEN-000915,BEN-001692,0
BEN-002206,BEN-003885,0
BEN-000517,BEN-001422,0
BEN-005647,BEN-006485,0
BEN-002229,BEN-003758,0
BEN-004600,BEN-007085,0
BEN-005228,BEN-009789,0
BEN-003194,BEN-003309,0
BEN-005508,BEN-007097,0
BEN-001207,BEN-005597,0
BEN-005087,BEN-008637,0
BEN-005609,BEN-009427,0
BEN-008713,BEN-008894,0
BEN-003634,BEN-006066,1
BEN-001958,BEN-009908,0
BEN-001461,BEN-008125,0
BEN-004747,BEN-006607,0
BEN-007766,BEN-009909,0
BEN-002595,BEN-006471,0
BEN-000759,BEN-001435,0
BEN-009408,BEN-009647,0
BEN-000274,BEN-000798,0
BEN-004988,BEN-008274,0
BEN-004036,BEN-006419,0
BEN-001765,BEN-009655,0
BEN-002900,BEN-004658,0
BEN-003047,BEN-007401,0
BEN-002046,BEN-003766,0
BEN-008689,BEN-008713,0
BEN-006218,BEN-009154,0
BEN-003211,BEN-005111,0
BEN-005647,BEN-006508,0
BEN-002011,BEN-005090,0
BEN-004282,BEN-007774,0
BEN-002093,BEN-008092,0
BEN-003626,BEN-009810,0
BEN-000847,BEN-003969,0
BEN-006000,BEN-006199,0
BEN-005925,BEN-008847,0
BEN-009481,BEN-009697,1
BEN-000951,BEN-002014,0
BEN-007418,BEN-007695,0
BEN-008103,BEN-008642,0
BEN-005700,BEN-006916,0
BEN-003297,BEN-007083,0
BEN-003177,BEN-005309,0
BEN-005620,BEN-008843,0
BEN-000782,BEN-002650,0
BEN-003573,BEN-009462,0
BEN-009212,BEN-009676,0
BEN-003626,BEN-004398,0
BEN-000427,BEN-008020,0
BEN-004822,BEN-006197,0
BEN-000366,BEN-005682,0
BEN-007989,BEN-008682,0
BEN-004926,BEN-008973,0
BEN-003267,BEN-007107,0
BEN-000269,BEN-002008,0
BEN-002137,BEN-006565,0
BEN-004638,BEN-005712,0
BEN-000466,BEN-001326,0
BEN-001711,BEN-002865,0
BEN-004102,BEN-009883,0
BEN-006799,BEN-008679,1
BEN-001308,BEN-001975,0
BEN-001593,BEN-008609,0
BEN-001780,BEN-001986,0
BEN-004199,BEN-004461,0
BEN-003341,BEN-003647,0
BEN-002635,BEN-003174,0
BEN-003018,BEN-009869,0
BEN-004890,BEN-006204,0
BEN-001742,BEN-008611,0
BEN-002394,BEN-006098,0
BEN-008112,BEN-008946,0
BEN-003302,BEN-007617,0
BEN-006405,BEN-008508,0
BEN-002139,BEN-008238,0
BEN-002450,BEN-003265,0
BEN-008010,BEN-008894,0
BEN-000264,BEN-005804,0
BEN-003370,BEN-006700,0
BEN-004572,BEN-008962,0
BEN-000803,BEN-004757,0
BEN-004535,BEN-008134,0
BEN-001738,BEN-007206,0
BEN-000403,BEN-008665,0
BEN-004670,BEN-004901,0
BEN-004243,BEN-009160,0
BEN-001924,BEN-004766,0
BEN-002813,BEN-006814,0
BEN-004726,BEN-008227,0
BEN-000161,BEN-009565,0
BEN-001468,BEN-004577,0
BEN-004530,BEN-007714,0
BEN-006812,BEN-009546,0
BEN-006692,BEN-009791,0
BEN-004573,BEN-005444,0
BEN-003413,BEN-004540,0
BEN-005176,BEN-006833,0
BEN-003366,BEN-009793,0
BEN-003009,BEN-004185,0
BEN-003374,BEN-004063,0
BEN-003256,BEN-006099,0
BEN-002856,BEN-004077,0
BEN-001225,BEN-006631,0
BEN-001956,BEN-002526,0
BEN-003329,BEN-009435,0
BEN-002205,BEN-004592,0
BEN-004760,BEN-006103,0
BEN-002680,BEN-009581,0
BEN-002292,BEN-005523,0
BEN-001081,BEN-002327,0
BEN-001833,BEN-009258,0
BEN-000323,BEN-000883,0
BEN-000428,BEN-007874,0
BEN-002127,BEN-003786,0
BEN-001244,BEN-008861,0
BEN-002590,BEN-003144,0
BEN-005003,BEN-005519,0
BEN-003470,BEN-008437,0
BEN-003487,BEN-007141,0
BEN-005972,BEN-006362,0
BEN-003662,BEN-009520,0
BEN-004492,BEN-005254,0
BEN-004554,BEN-006067,0
BEN-005103,BEN-007500,0
BEN-002493,BEN-005799,0
BEN-004203,BEN-009307,0
BEN-003068,BEN-005784,0
BEN-000512,BEN-006032,0
BEN-001607,BEN-007011,0
BEN-002332,BEN-007733,0
BEN-001184,BEN-007339,0
BEN-001479,BEN-006589,0
BEN-001244,BEN-004265,0
BEN-004368,BEN-007332,0
BEN-001492,BEN-002468,0
BEN-005025,BEN-005103,0
BEN-000562,BEN-008413,0
BEN-004280,BEN-009365,0
BEN-002262,BEN-008981,0
BEN-001191,BEN-001222,0
BEN-000310,BEN-004189,0
BEN-005725,BEN-006420,0
BEN-004502,BEN-006957,0
BEN-002490,BEN-009417,0
BEN-003968,BEN-004737,0
BEN-006808,BEN-007150,0
BEN-001711,BEN-009398,0
BEN-006010,BEN-009315,0
BEN-002607,BEN-002705,0
BEN-003767,BEN-009735,0
BEN-001534,BEN-003729,1
BEN-005325,BEN-005390,0
BEN-002689,BEN-009191,0
BEN-002041,BEN-003997,0
BEN-003807,BEN-008148,0
BEN-000221,BEN-006738,0
BEN-005701,BEN-008469,0
BEN-006783,BEN-008223,0
BEN-008569,BEN-008608,0
BEN-000007,BEN-001624,0
BEN-002552,BEN-005898,0
BEN-000587,BEN-002176,0
BEN-003406,BEN-005688,0
BEN-004027,BEN-004269,0
BEN-001512,BEN-003567,0
BEN-001944,BEN-004053,0
BEN-003251,BEN-007157,0
BEN-001823,BEN-006771,0
BEN-001670,BEN-007467,0
BEN-001947,BEN-006585,0
BEN-001481,BEN-004891,0
BEN-000330,BEN-003800,0
BEN-002144,BEN-009252,0
BEN-009498,BEN-009712,1
BEN-001163,BEN-005646,0
BEN-001362,BEN-004401,0
BEN-002125,BEN-006059,0
BEN-006810,BEN-009943,0
BEN-004731,BEN-008212,0
BEN-005591,BEN-006318,0
BEN-001195,BEN-008962,0
BEN-005834,BEN-008526,0
BEN-003710,BEN-009731,0
BEN-006837,BEN-007937,0
BEN-001954,BEN-004240,1
BEN-004190,BEN-006801,0
BEN-004034,BEN-004729,0
BEN-005282,BEN-008984,0
BEN-001912,BEN-003327,0
BEN-003148,BEN-007195,0
BEN-005643,BEN-006423,0
BEN-001087,BEN-004813,0
BEN-004816,BEN-007898,0
BEN-001621,BEN-005951,0
BEN-000448,BEN-007170,0
BEN-005587,BEN-008289,0
BEN-001127,BEN-002220,0
BEN-005096,BEN-008281,0
BEN-001593,BEN-009177,0
BEN-001981,BEN-002336,0
BEN-003627,BEN-009844,0
BEN-001695,BEN-006117,0
BEN-002471,BEN-003643,0
BEN-006012,BEN-006955,0
BEN-001383,BEN-008026,0
BEN-002178,BEN-005975,0
BEN-000616,BEN-003130,0
BEN-003767,BEN-004373,0
BEN-000464,BEN-005305,0
BEN-006496,BEN-009471,0
BEN-001913,BEN-007474,0
BEN-005675,BEN-009081,0
BEN-002113,BEN-006330,0
BEN-001803,BEN-009453,0
BEN-001566,BEN-009662,0
BEN-001444,BEN-005915,0
BEN-003768,BEN-007479,0
BEN-004434,BEN-005704,0
BEN-004065,BEN-005719,0
BEN-001980,BEN-003791,0
BEN-000270,BEN-007460,0
BEN-000402,BEN-003889,0
BEN-001258,BEN-005263,0
BEN-000510,BEN-006935,0
BEN-000689,BEN-002400,0
BEN-000123,BEN-001491,0
BEN-005132,BEN-008520,0
BEN-005695,BEN-006891,0
BEN-001974,BEN-009863,0
BEN-004319,BEN-004423,0
BEN-006377,BEN-008829,0
BEN-006815,BEN-007297,0
BEN-000664,BEN-007300,0
BEN-000945,BEN-008152,0
BEN-001391,BEN-001453,0
BEN-001242,BEN-002698,0
BEN-001518,BEN-003670,0
BEN-007446,BEN-009637,0
BEN-000597,BEN-001602,0
BEN-000909,BEN-008648,0
BEN-002735,BEN-007953,0
BEN-001844,BEN-008365,0
BEN-003721,BEN-008221,0
BEN-002157,BEN-003224,0
BEN-002842,BEN-005450,0
BEN-002483,BEN-003532,0
BEN-004628,BEN-007437,0
BEN-003837,BEN-008698,0
BEN-006774,BEN-009579,0
BEN-002504,BEN-007909,0
BEN-000442,BEN-008572,0
BEN-003640,BEN-007086,0
BEN-007150,BEN-009941,0
BEN-002856,BEN-003889,0
BEN-006040,BEN-007681,0
BEN-008461,BEN-009347,0
BEN-000646,BEN-008750,0
BEN-004386,BEN-007405,0
BEN-000272,BEN-004564,0
BEN-004744,BEN-007226,0
BEN-002122,BEN-007565,0
BEN-003069,BEN-005217,0
BEN-001636,BEN-009582,0
BEN-006204,BEN-008513,0
BEN-006444,BEN-007562,0
BEN-002793,BEN-009718,0
BEN-000081,BEN-003160,0
BEN-005708,BEN-007408,1
BEN-003366,BEN-003437,0
BEN-002024,BEN-008977,0
BEN-000781,BEN-000987,0
BEN-000882,BEN-006571,0
BEN-005003,BEN-006873,0
BEN-001310,BEN-002435,0
BEN-002916,BEN-007087,0
BEN-000479,BEN-003637,0
BEN-005177,BEN-009971,0
BEN-001338,BEN-002942,0
BEN-009046,BEN-009666,0
BEN-003662,BEN-009581,0
BEN-004847,BEN-005788,0
BEN-007161,BEN-008654,0
BEN-002012,BEN-002093,0
BEN-001425,BEN-008870,0
BEN-001640,BEN-006155,0
BEN-007592,BEN-009160,0
BEN-003427,BEN-008974,0
BEN-001845,BEN-002094,0
BEN-008344,BEN-008654,0
BEN-000865,BEN-009380,0
BEN-005957,BEN-006669,0
BEN-006326,BEN-008293,0
BEN-001028,BEN-006611,0
BEN-007387,BEN-008705,0
BEN-002409,BEN-005417,0
BEN-001290,BEN-009585,0
BEN-004573,BEN-008734,0
BEN-007249,BEN-007997,0
BEN-002670,BEN-003711,0
BEN-007280,BEN-008722,0
BEN-001017,BEN-002004,0
BEN-006976,BEN-008092,0
BEN-002646,BEN-009291,0
BEN-002924,BEN-004244,0
BEN-001247,BEN-005402,0
BEN-005199,BEN-009737,0
BEN-001707,BEN-002883,0
BEN-003302,BEN-005402,0
BEN-000426,BEN-002483,0
BEN-004795,BEN-008052,0
BEN-001925,BEN-009234,0
BEN-004061,BEN-009228,0
BEN-000220,BEN-002104,0
BEN-000851,BEN-007554,0
BEN-003542,BEN-009057,0
BEN-004517,BEN-007591,0
BEN-004012,BEN-009425,0
BEN-003353,BEN-006948,0
BEN-001165,BEN-005720,0
BEN-000436,BEN-004586,0
BEN-006259,BEN-009605,0
BEN-001588,BEN-001942,0
BEN-003343,BEN-008125,0
BEN-004879,BEN-007296,1
BEN-004319,BEN-009624,0
BEN-005066,BEN-006839,0
BEN-003709,BEN-004995,0
BEN-004913,BEN-005094,0
BEN-001652,BEN-009915,0
BEN-007819,BEN-009729,0
BEN-002437,BEN-002925,0
BEN-000950,BEN-008183,0
BEN-002162,BEN-006485,0
BEN-000864,BEN-002320,0
BEN-007154,BEN-007897,0
BEN-002205,BEN-004740,0
BEN-004571,BEN-008395,0
BEN-001139,BEN-007441,0
BEN-006832,BEN-009863,0
BEN-005233,BEN-006743,0
BEN-006939,BEN-006955,0
BEN-000391,BEN-009657,0
BEN-002813,BEN-003743,0
BEN-002941,BEN-006970,0
BEN-005692,BEN-008133,0
BEN-002205,BEN-007098,0
BEN-000729,BEN-005167,0
BEN-000059,BEN-003543,0
BEN-005282,BEN-007533,0
BEN-005369,BEN-009046,0
BEN-001975,BEN-007316,0
BEN-005960,BEN-006749,0
BEN-001531,BEN-004900,0
BEN-001078,BEN-004856,0
BEN-002742,BEN-004730,0
BEN-001693,BEN-001792,0
BEN-000836,BEN-008526,0
BEN-003813,BEN-009672,0
BEN-004738,BEN-005831,0
BEN-004332,BEN-006013,0
BEN-000858,BEN-005679,0
BEN-008355,BEN-008613,0
BEN-001787,BEN-005738,0
BEN-000215,BEN-007309,0
BEN-004335,BEN-005839,0
BEN-001632,BEN-001639,0
BEN-006670,BEN-007181,0
BEN-002965,BEN-007613,0
BEN-002057,BEN-003292,0
BEN-005288,BEN-009960,0
BEN-001361,BEN-008216,0
BEN-000461,BEN-002944,0
BEN-005775,BEN-008464,0
BEN-001000,BEN-005643,0
BEN-003293,BEN-007333,0
BEN-008111,BEN-008452,0
BEN-001332,BEN-001358,0
BEN-001810,BEN-005605,0
BEN-002264,BEN-004872,0
BEN-003889,BEN-009672,0
BEN-006817,BEN-009595,0
BEN-005726,BEN-009879,0
BEN-006565,BEN-008855,0
BEN-002174,BEN-007887,0
BEN-000178,BEN-001593,0
BEN-002862,BEN-003466,0
BEN-001037,BEN-004949,0
BEN-004995,BEN-008167,0
BEN-000269,BEN-007765,0
BEN-002910,BEN-004845,1
BEN-005758,BEN-008409,0
BEN-004913,BEN-009383,0
BEN-005385,BEN-007701,0
BEN-000586,BEN-004356,0
BEN-004596,BEN-008896,0
BEN-002409,BEN-005300,0
BEN-005156,BEN-009679,0
BEN-000886,BEN-009519,0
BEN-003371,BEN-008846,0
BEN-000856,BEN-009393,0
BEN-002433,BEN-008588,0
BEN-001160,BEN-003019,0
BEN-004637,BEN-007188,0
BEN-004262,BEN-008535,0
BEN-002293,BEN-009333,0
BEN-000163,BEN-003798,0
BEN-003382,BEN-005440,0
BEN-004342,BEN-005328,0
BEN-004080,BEN-004931,0
BEN-003793,BEN-004039,0
BEN-008611,BEN-009533,0
BEN-000843,BEN-005337,0
BEN-000217,BEN-003784,0
BEN-008337,BEN-008345,0
BEN-001072,BEN-003490,0
BEN-008714,BEN-009335,0
BEN-004032,BEN-005684,0
BEN-000358,BEN-008006,0
BEN-007876,BEN-008627,0
BEN-001536,BEN-009995,0
BEN-003736,BEN-006625,0
BEN-000823,BEN-005450,0
BEN-000591,BEN-006900,0
BEN-002484,BEN-004807,0
BEN-003596,BEN-006230,0
BEN-002298,BEN-004438,0
BEN-000107,BEN-008352,0
BEN-001385,BEN-008299,0
BEN-005712,BEN-007054,0
BEN-006978,BEN-008698,0
BEN-000559,BEN-001536,0
BEN-004299,BEN-005354,0
BEN-000563,BEN-001769,0
BEN-002615,BEN-005582,0
BEN-002171,BEN-008564,0
BEN-003026,BEN-003113,0
BEN-004158,BEN-007550,0
BEN-000602,BEN-004389,0
BEN-002065,BEN-005679,0
BEN-004090,BEN-006174,0
BEN-006017,BEN-009581,0
BEN-007046,BEN-007300,0
BEN-004511,BEN-007203,0
BEN-002754,BEN-003939,0
BEN-000693,BEN-005268,0
BEN-003035,BEN-007816,0
BEN-001332,BEN-007974,0
BEN-000516,BEN-006159,0
BEN-008030,BEN-008043,0
BEN-000387,BEN-004314,0
BEN-001114,BEN-008243,0
BEN-001169,BEN-001896,0
BEN-004625,BEN-005331,0
BEN-000493,BEN-009802,0
BEN-000388,BEN-002355,0
BEN-000202,BEN-001505,0
BEN-001838,BEN-006458,0
BEN-006593,BEN-008552,0
BEN-001879,BEN-003984,0
BEN-007960,BEN-009433,0
BEN-004179,BEN-006911,0
BEN-004255,BEN-005179,0
BEN-001062,BEN-007090,0
BEN-001244,BEN-008109,0
BEN-000254,BEN-007333,0
BEN-002764,BEN-003224,0
BEN-001046,BEN-005506,0
BEN-002718,BEN-009148,0
BEN-000805,BEN-002440,0
BEN-006408,BEN-009892,0
BEN-002148,BEN-006696,0
BEN-003120,BEN-008411,0
BEN-006814,BEN-006836,0
BEN-000962,BEN-005259,0
BEN-001464,BEN-003250,0
BEN-001141,BEN-009284,0
BEN-006002,BEN-009626,0
BEN-000586,BEN-002948,0
BEN-005239,BEN-009081,0
BEN-001317,BEN-004821,0
BEN-006274,BEN-008186,0
BEN-005178,BEN-006614,0
BEN-005852,BEN-005909,0
BEN-000104,BEN-002801,0
BEN-004591,BEN-006639,0
BEN-000215,BEN-008597,0
BEN-005854,BEN-006643,0
BEN-002828,BEN-009678,0
BEN-000286,BEN-000492,0
BEN-000193,BEN-001607,0
BEN-002630,BEN-006319,0
BEN-003497,BEN-005435,0
BEN-002303,BEN-003957,0
BEN-001337,BEN-009430,0
BEN-003362,BEN-007125,0
BEN-004681,BEN-008692,0
BEN-004294,BEN-004941,0
BEN-001381,BEN-003408,0
BEN-001419,BEN-007763,0
BEN-003858,BEN-008878,0
BEN-005823,BEN-007661,0
BEN-004806,BEN-005111,0
BEN-002268,BEN-005512,0
BEN-000192,BEN-008596,0
BEN-002809,BEN-005362,0
BEN-000062,BEN-002550,0
BEN-002351,BEN-007162,0
BEN-003029,BEN-005693,0
BEN-004791,BEN-006887,0
BEN-001262,BEN-001300,0
BEN-000062,BEN-005178,0
BEN-005947,BEN-008813,0
BEN-004632,BEN-006438,0
BEN-008083,BEN-008108,0
BEN-006956,BEN-007508,0
BEN-004989,BEN-005758,0
BEN-001594,BEN-004737,0
BEN-001867,BEN-006070,0
BEN-002621,BEN-007059,0
BEN-001726,BEN-003344,0
BEN-003268,BEN-007268,0
BEN-005672,BEN-008426,0
BEN-002718,BEN-005767,0
BEN-002718,BEN-009879,0
BEN-002863,BEN-007988,0
BEN-003250,BEN-008029,0
BEN-005176,BEN-007685,0
BEN-003850,BEN-007501,0
BEN-006014,BEN-008324,0
BEN-003373,BEN-005308,0
BEN-000032,BEN-007990,0
BEN-000658,BEN-003698,0
BEN-002429,BEN-005594,0
BEN-003275,BEN-005129,0
BEN-000946,BEN-007327,0
BEN-000653,BEN-004751,0
BEN-003860,BEN-008802,0
BEN-007442,BEN-008970,0
BEN-006025,BEN-008228,0
BEN-000663,BEN-002237,0
BEN-006018,BEN-006239,0
BEN-007663,BEN-009897,0
BEN-001994,BEN-009986,0
BEN-004918,BEN-007954,1
BEN-000717,BEN-003765,0
BEN-000145,BEN-008176,0
BEN-000389,BEN-003971,0
BEN-000999,BEN-001681,0
BEN-007357,BEN-008386,0
BEN-002256,BEN-006360,0
BEN-001142,BEN-001855,0
BEN-000603,BEN-002117,0
BEN-000241,BEN-004339,0
BEN-004093,BEN-008682,0
BEN-000998,BEN-005199,0
BEN-002372,BEN-005485,0
BEN-003647,BEN-003867,0
BEN-003619,BEN-008615,0
BEN-005189,BEN-009576,0
BEN-007409,BEN-009460,0
BEN-002821,BEN-008075,0
BEN-001178,BEN-005392,0
BEN-005942,BEN-007332,0
BEN-003871,BEN-005880,0
BEN-005378,BEN-005459,0
BEN-004612,BEN-008718,0
BEN-000572,BEN-004431,0
BEN-008414,BEN-008723,0
BEN-004011,BEN-008379,0
BEN-001325,BEN-004918,0
BEN-002561,BEN-005827,0
BEN-000946,BEN-008582,0
BEN-001981,BEN-004590,0
BEN-001362,BEN-004693,0
BEN-002160,BEN-007885,0
BEN-000443,BEN-009087,0
BEN-003454,BEN-009819,0
BEN-003076,BEN-003319,0
BEN-003460,BEN-008628,0
BEN-001384,BEN-009767,0
BEN-000032,BEN-002811,0
BEN-001018,BEN-009361,1
BEN-000836,BEN-002641,0
BEN-002495,BEN-008707,0
BEN-003233,BEN-009713,0
BEN-001268,BEN-003213,0
BEN-005278,BEN-009458,0
BEN-003777,BEN-005636,0
BEN-006727,BEN-009919,0
BEN-007827,BEN-009492,0
BEN-004845,BEN-005380,0
BEN-002010,BEN-003179,0
BEN-003184,BEN-004997,0
BEN-006974,BEN-007315,0
BEN-002671,BEN-002773,0
BEN-006416,BEN-009761,0
BEN-000664,BEN-006974,0
BEN-004196,BEN-006837,0
BEN-003461,BEN-005476,0
BEN-007507,BEN-009643,0
BEN-002085,BEN-007349,0
BEN-001177,BEN-009845,0
BEN-007557,BEN-009622,0
BEN-000132,BEN-007820,0
BEN-005562,BEN-007043,0
BEN-002584,BEN-004652,0
BEN-004145,BEN-006100,0
BEN-001941,BEN-005751,0
BEN-001310,BEN-004012,0
BEN-004238,BEN-005958,0
BEN-007341,BEN-009643,0
BEN-002394,BEN-006519,0
BEN-007525,BEN-008891,0
BEN-000019,BEN-009345,0
BEN-003565,BEN-009713,0
BEN-009260,BEN-009316,0
BEN-005452,BEN-007013,0
BEN-008745,BEN-009024,0
BEN-006513,BEN-008965,0
BEN-005787,BEN-006124,0
BEN-003181,BEN-003227,0
BEN-004103,BEN-006294,0
BEN-002583,BEN-006634,0
BEN-000073,BEN-009315,0
BEN-000553,BEN-003754,0
BEN-000285,BEN-009769,0
BEN-000485,BEN-000778,0
BEN-001495,BEN-009538,0
BEN-003677,BEN-003779,0
BEN-000951,BEN-005106,0
BEN-002304,BEN-007455,0
BEN-001285,BEN-008540,0
BEN-001381,BEN-008514,0
BEN-000389,BEN-002835,0
BEN-000313,BEN-008226,0
BEN-006118,BEN-007550,0
BEN-000606,BEN-002281,0
BEN-002094,BEN-003309,0
BEN-003871,BEN-009580,0
BEN-006369,BEN-009969,0
BEN-007369,BEN-007855,0
BEN-003266,BEN-006952,0
BEN-001059,BEN-003232,0
BEN-000294,BEN-006711,0
BEN-004611,BEN-007751,0
BEN-001621,BEN-005970,0
BEN-000136,BEN-005661,0
BEN-001193,BEN-005218,0
BEN-001046,BEN-006624,0
BEN-005254,BEN-006778,0
BEN-000307,BEN-001399,0
BEN-001829,BEN-007592,0
BEN-000003,BEN-007576,0
BEN-002625,BEN-008385,0
BEN-001339,BEN-008954,0
BEN-001043,BEN-004407,0
BEN-004192,BEN-006600,0
BEN-001099,BEN-008451,0
BEN-006646,BEN-009676,0
BEN-002011,BEN-005979,0
BEN-008638,BEN-009219,0
BEN-001880,BEN-006682,0
BEN-005333,BEN-007747,0
BEN-002819,BEN-008135,0
BEN-001331,BEN-008751,0
BEN-001634,BEN-003958,0
BEN-002741,BEN-007039,0
BEN-007378,BEN-007759,0
BEN-001889,BEN-007862,0
BEN-000367,BEN-008728,0
BEN-002336,BEN-009939,0
BEN-001378,BEN-004882,0
BEN-000927,BEN-001421,0
BEN-001213,BEN-007871,0
BEN-006137,BEN-007901,0
BEN-002339,BEN-006518,0
BEN-001311,BEN-005690,0
BEN-000316,BEN-002298,0
BEN-001834,BEN-006390,0
BEN-002766,BEN-007299,0
BEN-001345,BEN-004396,0
BEN-002296,BEN-007458,0
BEN-001073,BEN-003511,0
BEN-001026,BEN-007489,0
BEN-000918,BEN-005759,0
BEN-002865,BEN-004783,0
BEN-005395,BEN-009528,1
BEN-001091,BEN-001605,0
BEN-004343,BEN-009768,0
BEN-007330,BEN-008940,0
BEN-003228,BEN-009330,0
BEN-008593,BEN-009100,0
BEN-003767,BEN-008900,0
BEN-000383,BEN-006807,0
BEN-001124,BEN-002596,0
BEN-002194,BEN-007894,0
BEN-000812,BEN-005005,0
BEN-001585,BEN-008204,0
BEN-003366,BEN-009044,0
BEN-000438,BEN-007690,0
BEN-002607,BEN-005066,0
BEN-002005,BEN-006097,0
BEN-003445,BEN-008686,0
BEN-003115,BEN-006114,0
BEN-009399,BEN-009625,0
BEN-009486,BEN-009830,0
BEN-009543,BEN-009661,0
BEN-001493,BEN-002971,0
BEN-008216,BEN-009779,0
BEN-004143,BEN-005746,0
BEN-001581,BEN-003585,0
BEN-004577,BEN-005764,0
BEN-000722,BEN-004175,0
BEN-000303,BEN-006208,0
BEN-002816,BEN-003085,0
BEN-002694,BEN-003269,0
BEN-000980,BEN-002144,0
BEN-002494,BEN-005553,1
BEN-005086,BEN-008095,0
BEN-000305,BEN-004957,0
BEN-000624,BEN-006657,0
BEN-000656,BEN-001307,0
BEN-000216,BEN-008014,0
BEN-000138,BEN-007502,0
BEN-005317,BEN-007817,0
BEN-001690,BEN-005905,0
BEN-007698,BEN-009487,0
BEN-001129,BEN-009883,0
BEN-001774,BEN-006984,0
BEN-004869,BEN-009046,0
BEN-002022,BEN-006901,0
BEN-003020,BEN-007541,0
BEN-002376,BEN-004134,0
BEN-002808,BEN-004140,0
BEN-002685,BEN-002978,0
BEN-002032,BEN-009218,0
BEN-002469,BEN-003137,0
BEN-000925,BEN-003938,0
BEN-005833,BEN-006381,0
BEN-001356,BEN-005512,0
BEN-002282,BEN-004659,0
BEN-002821,BEN-006382,0
BEN-006120,BEN-006829,0
BEN-000789,BEN-004467,0
BEN-000145,BEN-003513,1
BEN-005918,BEN-006853,0
BEN-003671,BEN-008392,0
BEN-002443,BEN-005575,0
BEN-004002,BEN-004643,0
BEN-000789,BEN-002584,0
BEN-003044,BEN-007047,0
BEN-000852,BEN-001818,0
BEN-006765,BEN-008755,0
BEN-000768,BEN-008713,0
BEN-006094,BEN-009040,0
BEN-005015,BEN-008459,0
BEN-000303,BEN-001459,0
BEN-000939,BEN-007662,0
BEN-007302,BEN-007375,0
BEN-005172,BEN-005251,0
BEN-003882,BEN-009561,0
BEN-002599,BEN-007107,0
BEN-004517,BEN-006613,0
BEN-000780,BEN-006522,0
BEN-001363,BEN-002797,0
BEN-007043,BEN-007125,0
BEN-003578,BEN-008806,0
BEN-005490,BEN-008374,0
BEN-001378,BEN-003855,0
BEN-003559,BEN-009801,0
BEN-000470,BEN-003601,0
BEN-004358,BEN-005901,0
BEN-001324,BEN-003061,0
BEN-001807,BEN-007151,0
BEN-004905,BEN-008127,0
BEN-002841,BEN-009492,0
BEN-000927,BEN-006654,0
BEN-006421,BEN-009454,0
BEN-002829,BEN-008491,0
BEN-004028,BEN-004472,0
BEN-007004,BEN-009735,0
BEN-002700,BEN-005856,0
BEN-004679,BEN-009118,0
BEN-003965,BEN-008490,0
BEN-001801,BEN-005968,0
BEN-002005,BEN-009293,0
BEN-000831,BEN-006411,0
BEN-004501,BEN-006559,0
BEN-000390,BEN-002224,0
BEN-003596,BEN-005947,0
BEN-001123,BEN-001607,0
BEN-002295,BEN-003213,0
BEN-000149,BEN-006250,0
BEN-000556,BEN-009585,0
BEN-000404,BEN-001434,0
BEN-000663,BEN-001037,0
BEN-003545,BEN-009033,0
BEN-007314,BEN-009622,0
BEN-001066,BEN-007500,0
BEN-006348,BEN-008230,0
BEN-002786,BEN-002803,0
BEN-000792,BEN-002017,0
BEN-006129,BEN-009484,0
BEN-004824,BEN-007959,0
BEN-003521,BEN-009294,0
BEN-000317,BEN-008388,0
BEN-005334,BEN-009281,0
BEN-000161,BEN-002340,0
BEN-000301,BEN-006071,0
BEN-004153,BEN-008539,0
BEN-005176,BEN-005390,0
BEN-001867,BEN-003843,0
BEN-000977,BEN-007968,0
BEN-009244,BEN-009765,0
BEN-000743,BEN-008282,0
BEN-007049,BEN-008568,0
BEN-000296,BEN-007685,0
BEN-001054,BEN-001616,0
BEN-006892,BEN-007943,0
BEN-003880,BEN-008855,0
BEN-006120,BEN-009713,0
BEN-003234,BEN-003829,0
BEN-006072,BEN-006475,1
BEN-000124,BEN-002414,0
BEN-008916,BEN-009782,0
BEN-000615,BEN-006032,0
BEN-001395,BEN-001468,0
BEN-007878,BEN-008112,0
BEN-002321,BEN-003663,0
BEN-003553,BEN-006654,0
BEN-000877,BEN-002462,0
BEN-005254,BEN-009726,0
BEN-001701,BEN-006709,0
BEN-002314,BEN-006513,0
BEN-003758,BEN-005207,0
BEN-000052,BEN-008967,0
BEN-002185,BEN-009527,0
BEN-003423,BEN-009800,0
BEN-002335,BEN-009161,0
BEN-007636,BEN-009010,0
BEN-000466,BEN-000628,0
BEN-002580,BEN-009426,0
BEN-004569,BEN-007701,0
BEN-002447,BEN-008160,0
BEN-007469,BEN-007515,0
BEN-002107,BEN-006944,0
BEN-005668,BEN-008734,0
BEN-007290,BEN-007650,0
BEN-004494,BEN-004750,0
BEN-006281,BEN-006402,0
BEN-000595,BEN-002207,0
BEN-005020,BEN-006908,0
BEN-002032,BEN-009949,0
BEN-005243,BEN-005412,0
BEN-004322,BEN-006403,0
BEN-000682,BEN-005889,0
BEN-000072,BEN-004441,0
BEN-001612,BEN-006839,0
BEN-001334,BEN-008505,0
BEN-005545,BEN-009026,0
BEN-000076,BEN-009697,1
BEN-005968,BEN-006769,0
BEN-002212,BEN-009675,0
BEN-002284,BEN-008167,0
BEN-000143,BEN-007515,0
BEN-003747,BEN-008450,0
BEN-006200,BEN-006201,0
BEN-002050,BEN-006694,0
BEN-002592,BEN-007047,0
BEN-001862,BEN-002729,0
BEN-003867,BEN-005391,0
BEN-001796,BEN-007964,0
BEN-002012,BEN-007499,0
BEN-003054,BEN-008644,0
BEN-000787,BEN-009391,0
BEN-001301,BEN-007003,0
BEN-003173,BEN-009760,0
BEN-004863,BEN-009022,0
BEN-002204,BEN-008903,0
BEN-001483,BEN-005313,0
BEN-000231,BEN-000822,0
BEN-007291,BEN-008291,0
BEN-000337,BEN-008895,0
BEN-005879,BEN-007618,0
BEN-004804,BEN-008278,0
BEN-003487,BEN-008377,0
BEN-001035,BEN-007319,0
BEN-000957,BEN-003349,0
BEN-003177,BEN-008822,0
BEN-005192,BEN-009820,0
BEN-004428,BEN-004778,0
BEN-000295,BEN-008959,0
BEN-000050,BEN-007068,0
BEN-001413,BEN-003173,0
BEN-000310,BEN-006322,0
BEN-003051,BEN-006442,0
BEN-006137,BEN-007302,0
BEN-001978,BEN-008891,0
BEN-001286,BEN-004164,1
BEN-007898,BEN-009549,0
BEN-003683,BEN-008626,0
BEN-000366,BEN-000918,0
BEN-003003,BEN-003251,0
BEN-003140,BEN-008084,0
BEN-000457,BEN-004595,0
BEN-001681,BEN-008515,0
BEN-009103,BEN-009304,0
BEN-002066,BEN-003186,0
BEN-001689,BEN-004512,0
BEN-001546,BEN-006435,0
BEN-003004,BEN-004772,0
BEN-007325,BEN-008873,0
BEN-003413,BEN-006988,0
BEN-003588,BEN-006179,0
BEN-004279,BEN-008208,0
BEN-002056,BEN-003745,0
BEN-002785,BEN-004447,0
BEN-005992,BEN-007749,0
BEN-002020,BEN-002684,0
BEN-003594,BEN-005213,0
BEN-007180,BEN-009418,0
BEN-003132,BEN-007003,0
BEN-004080,BEN-005245,0
BEN-002393,BEN-004477,0
BEN-003025,BEN-003487,0
BEN-004611,BEN-009450,0
BEN-006666,BEN-007117,0
BEN-003008,BEN-008646,0
BEN-000718,BEN-000874,0
BEN-005123,BEN-007216,0
BEN-001834,BEN-001935,0
BEN-003276,BEN-004948,0
BEN-001284,BEN-008677,0
BEN-004382,BEN-007084,0
BEN-002329,BEN-006660,0
BEN-005070,BEN-005972,0
BEN-005242,BEN-005725,0
BEN-002860,BEN-004826,0
BEN-003414,BEN-009079,0
BEN-001758,BEN-007769,0
BEN-001302,BEN-001887,0
BEN-001816,BEN-006244,0
BEN-006654,BEN-009183,0
BEN-003805,BEN-007820,0
BEN-003507,BEN-007509,0
BEN-004262,BEN-005477,0
BEN-005532,BEN-009569,0
BEN-005224,BEN-009453,0
BEN-001868,BEN-002331,0
BEN-000507,BEN-006411,0
BEN-003790,BEN-005924,0
BEN-005219,BEN-007162,0
BEN-000041,BEN-004881,0
BEN-007339,BEN-009779,0
BEN-001154,BEN-001843,0
BEN-003496,BEN-004246,0
BEN-003805,BEN-008833,0
BEN-009462,BEN-009767,0
BEN-005611,BEN-009885,0
BEN-001555,BEN-007005,0
BEN-005940,BEN-006915,0
BEN-007879,BEN-009954,0
BEN-001391,BEN-009696,0
BEN-001452,BEN-001675,0
BEN-005771,BEN-007484,0
BEN-007748,BEN-009336,0
BEN-004701,BEN-007366,0
BEN-003109,BEN-006162,0
BEN-001346,BEN-004559,0
BEN-001905,BEN-002806,0
BEN-000450,BEN-001240,0
BEN-004987,BEN-008132,0
BEN-009363,BEN-009415,0
BEN-003035,BEN-008056,0
BEN-002299,BEN-003675,0
BEN-001445,BEN-001549,0
BEN-008348,BEN-008910,0
BEN-001480,BEN-006844,0
BEN-001930,BEN-005817,0
BEN-004270,BEN-007295,0
BEN-005619,BEN-008314,0
BEN-000191,BEN-005201,0
BEN-000810,BEN-005659,0
BEN-002854,BEN-007778,0
BEN-007272,BEN-007670,0
BEN-004436,BEN-006352,0
BEN-002210,BEN-008624,0
BEN-003987,BEN-005090,0
BEN-005862,BEN-007796,0
BEN-002888,BEN-004902,0
BEN-004000,BEN-004808,0
BEN-002296,BEN-003957,0
BEN-000986,BEN-005341,0
BEN-006365,BEN-006930,0
BEN-003832,BEN-006744,0
BEN-000438,BEN-006012,0
BEN-000842,BEN-001838,0
BEN-004549,BEN-006450,0
BEN-004227,BEN-008173,0
BEN-002292,BEN-009909,0
BEN-001469,BEN-003157,0
BEN-000895,BEN-007340,0
BEN-008645,BEN-008849,0
BEN-002946,BEN-005146,0
BEN-000971,BEN-008002,0
BEN-000807,BEN-004969,0
BEN-000979,BEN-002424,0
BEN-000741,BEN-002728,0
BEN-001257,BEN-008832,0
BEN-003937,BEN-008874,0
BEN-007882,BEN-009869,0
BEN-003016,BEN-007891,0
BEN-001771,BEN-003511,0
BEN-004160,BEN-009123,0
BEN-002558,BEN-006956,0
BEN-000291,BEN-008056,0
BEN-004860,BEN-008991,0
BEN-001075,BEN-001549,0
BEN-001397,BEN-003452,0
BEN-007817,BEN-009739,0
BEN-004074,BEN-008470,0
BEN-001033,BEN-002541,0
BEN-003124,BEN-006014,0
BEN-003108,BEN-007825,0
BEN-005286,BEN-007656,0
BEN-002333,BEN-002527,0
BEN-002347,BEN-009131,0
BEN-004188,BEN-007420,0
BEN-004977,BEN-007364,0
BEN-002410,BEN-005333,0
BEN-006439,BEN-008231,0
BEN-004618,BEN-009087,0
BEN-004585,BEN-007822,0
BEN-004040,BEN-006128,0
BEN-004164,BEN-005790,0
BEN-005003,BEN-008644,0
BEN-005321,BEN-006892,0
BEN-006828,BEN-009459,0
BEN-000657,BEN-008133,0
BEN-000709,BEN-006722,0
BEN-003168,BEN-004865,0
BEN-000128,BEN-008645,0
BEN-004595,BEN-005633,0
BEN-000744,BEN-004102,0
BEN-000455,BEN-006562,0
BEN-000253,BEN-001831,0
BEN-001766,BEN-008532,0
BEN-003493,BEN-003917,0
BEN-001589,BEN-004464,0
BEN-004270,BEN-007784,0
BEN-008688,BEN-009716,0
BEN-001907,BEN-006827,0
BEN-003201,BEN-009311,0
BEN-000459,BEN-008829,0
BEN-004612,BEN-007823,0
BEN-003702,BEN-009254,0
BEN-004641,BEN-006691,0
BEN-003560,BEN-007409,0
BEN-002363,BEN-005395,1
BEN-003129,BEN-005900,0
BEN-000096,BEN-002653,0
BEN-005532,BEN-009639,0
BEN-009212,BEN-009265,0
BEN-008819,BEN-009523,0
BEN-000652,BEN-001641,0
BEN-004937,BEN-007568,0
BEN-004890,BEN-008339,0
BEN-001146,BEN-006035,0
BEN-006281,BEN-008081,0
BEN-000237,BEN-000772,0
BEN-001020,BEN-007952,0
BEN-002306,BEN-006922,0
BEN-000914,BEN-002990,0
BEN-006211,BEN-009367,0
BEN-000923,BEN-004744,0
BEN-002328,BEN-008008,0
BEN-002499,BEN-009537,0
BEN-006309,BEN-009096,0
BEN-006261,BEN-008078,0
BEN-000250,BEN-004410,0
BEN-002224,BEN-005615,0
BEN-005878,BEN-008833,0
BEN-006449,BEN-006619,0
BEN-002528,BEN-005560,0
BEN-001213,BEN-002725,0
BEN-005717,BEN-008085,0
BEN-007478,BEN-007490,0
BEN-000271,BEN-002095,0
BEN-002104,BEN-004084,0
BEN-005951,BEN-007609,0
BEN-001162,BEN-006441,0
BEN-001431,BEN-006544,0
BEN-006003,BEN-006944,0
BEN-006732,BEN-008775,0
BEN-003968,BEN-007426,0
BEN-007233,BEN-008560,0
BEN-003286,BEN-005715,0
BEN-001366,BEN-006614,0
BEN-006601,BEN-008799,0
BEN-009260,BEN-009935,0
BEN-009275,BEN-009894,0
BEN-000798,BEN-001446,0
BEN-002174,BEN-008545,0
BEN-003549,BEN-004473,0
BEN-004909,BEN-005804,0
BEN-002347,BEN-004473,0
BEN-002429,BEN-009012,0
BEN-001751,BEN-008141,0
BEN-003242,BEN-007113,0
BEN-000053,BEN-003885,0
BEN-005321,BEN-006356,0
BEN-006002,BEN-009681,0
BEN-006815,BEN-009791,0
BEN-004053,BEN-006778,0
BEN-002173,BEN-003364,0
BEN-006497,BEN-008861,0
BEN-002531,BEN-006707,0
BEN-001035,BEN-004325,0
BEN-006862,BEN-008418,0
BEN-005885,BEN-007401,0
BEN-004161,BEN-004443,0
BEN-002795,BEN-004424,0
BEN-001817,BEN-007176,0
BEN-000860,BEN-006853,0
BEN-002281,BEN-008310,0
BEN-000450,BEN-000914,0
BEN-006870,BEN-007953,0
BEN-000098,BEN-000539,0
BEN-007349,BEN-007718,1
BEN-004491,BEN-008779,0
BEN-002303,BEN-004911,0
BEN-002728,BEN-004305,0
BEN-004530,BEN-009947,0
BEN-000842,BEN-007233,0
BEN-005096,BEN-005614,0
BEN-002722,BEN-009598,0
BEN-000702,BEN-004695,0
BEN-003751,BEN-008140,0
BEN-000023,BEN-006685,0
BEN-005152,BEN-007623,0
BEN-002759,BEN-009611,0
BEN-005277,BEN-006187,0
BEN-005203,BEN-005668,1
BEN-000722,BEN-007279,0
BEN-006519,BEN-009419,0
BEN-005028,BEN-006226,0
BEN-006338,BEN-006880,0
BEN-000072,BEN-000145,0
BEN-001198,BEN-003116,0
BEN-002613,BEN-008015,0
BEN-002401,BEN-006348,0
BEN-000011,BEN-005151,0
BEN-003656,BEN-004831,0
BEN-005243,BEN-006889,0
BEN-005548,BEN-009196,0
BEN-005011,BEN-009582,0
BEN-000424,BEN-004627,0
BEN-003997,BEN-006155,0
BEN-004045,BEN-008115,0
BEN-005099,BEN-007946,0
BEN-006789,BEN-008864,0
BEN-001502,BEN-005326,0
BEN-006997,BEN-007246,0
BEN-001231,BEN-003177,0
BEN-000127,BEN-008094,0
BEN-002311,BEN-006344,0
BEN-000348,BEN-002954,0
BEN-001747,BEN-005611,0
BEN-007119,BEN-009153,0
BEN-004072,BEN-005397,0
BEN-002996,BEN-005337,0
BEN-002459,BEN-005918,0
BEN-003294,BEN-008876,0
BEN-002725,BEN-002920,0
BEN-000131,BEN-003986,0
BEN-001435,BEN-004010,0
BEN-004692,BEN-007509,0
BEN-004577,BEN-005563,0
BEN-001627,BEN-004766,0
BEN-004708,BEN-005979,0
BEN-007228,BEN-009838,0
BEN-004361,BEN-008864,0
BEN-005898,BEN-009225,0
BEN-001285,BEN-002094,0
BEN-000018,BEN-009125,0
BEN-001517,BEN-006380,0
BEN-004039,BEN-005755,0
BEN-000614,BEN-007979,0
BEN-002635,BEN-005854,0
BEN-006123,BEN-008326,0
BEN-000487,BEN-002999,0
BEN-001032,BEN-007416,0
BEN-001876,BEN-006251,0
BEN-000973,BEN-004460,0
BEN-007265,BEN-008556,0
BEN-003571,BEN-004081,0
BEN-004202,BEN-009063,0
BEN-001190,BEN-003728,0
BEN-004512,BEN-006270,0
BEN-002175,BEN-008088,0
BEN-005498,BEN-009833,0
BEN-000778,BEN-005736,0
BEN-000586,BEN-005511,0
BEN-000144,BEN-009801,0
BEN-002915,BEN-008883,0
BEN-005340,BEN-005848,0
BEN-005100,BEN-008452,1
BEN-003644,BEN-006733,0
BEN-006006,BEN-008386,0
BEN-004264,BEN-009471,0
BEN-002505,BEN-007879,0
BEN-004087,BEN-006632,0
BEN-003961,BEN-006230,0
BEN-005044,BEN-007145,0
BEN-000288,BEN-003414,0
BEN-002996,BEN-003482,0
BEN-000515,BEN-001038,0
BEN-005669,BEN-008807,0
BEN-003768,BEN-004357,0
BEN-007151,BEN-008320,0
BEN-006353,BEN-006532,0
BEN-003262,BEN-006548,0
BEN-000175,BEN-002336,0
BEN-000721,BEN-006619,0
BEN-003863,BEN-006278,0
BEN-000178,BEN-004819,0
BEN-003896,BEN-005312,0
BEN-002154,BEN-004702,0
BEN-001198,BEN-006448,0
BEN-001462,BEN-003365,0
BEN-005838,BEN-007813,0
BEN-000203,BEN-004242,0
BEN-000457,BEN-003389,0
BEN-000481,BEN-009660,0
BEN-006080,BEN-007751,0
BEN-003091,BEN-008655,0
BEN-000959,BEN-009883,0
BEN-000181,BEN-007940,0
BEN-003689,BEN-007803,0
BEN-007826,BEN-009724,0
BEN-003292,BEN-007669,0
BEN-004399,BEN-004749,0
BEN-001416,BEN-003918,0
BEN-002283,BEN-005425,0
BEN-004448,BEN-009642,0
BEN-000959,BEN-009991,0
BEN-004794,BEN-006503,0
BEN-002495,BEN-002807,0
BEN-000405,BEN-005319,0
BEN-006185,BEN-009211,0
BEN-005729,BEN-008497,0
BEN-007145,BEN-009691,0
BEN-000450,BEN-002990,0
BEN-008299,BEN-008968,0
BEN-001105,BEN-006640,0
BEN-006483,BEN-008710,0
BEN-004915,BEN-005026,0
BEN-004159,BEN-007332,0
BEN-003869,BEN-007451,0
BEN-003545,BEN-009386,0
BEN-002525,BEN-008100,0
BEN-000327,BEN-008193,0
BEN-002038,BEN-004186,0
BEN-004603,BEN-009515,0
BEN-004499,BEN-004845,0
BEN-002945,BEN-005113,0
BEN-004107,BEN-004617,0
BEN-000918,BEN-005140,0
BEN-000493,BEN-002201,0
BEN-000563,BEN-009348,0
BEN-003255,BEN-005431,0
BEN-000260,BEN-000750,0
BEN-003285,BEN-009958,0
BEN-001378,BEN-003005,0
BEN-002500,BEN-007680,0
BEN-005013,BEN-009551,0
BEN-005214,BEN-009076,0
BEN-007083,BEN-009587,0
BEN-004711,BEN-007631,0
BEN-001120,BEN-003650,1
BEN-000409,BEN-000697,0
BEN-006900,BEN-006974,0
BEN-000623,BEN-002772,0
BEN-006403,BEN-008095,0
BEN-006269,BEN-008680,0
BEN-008150,BEN-009073,0
BEN-006717,BEN-007083,0
BEN-006656,BEN-006855,0
BEN-007839,BEN-008206,0
BEN-006902,BEN-008251,0
BEN-000671,BEN-001838,0
BEN-003218,BEN-006807,0
BEN-004242,BEN-007775,0
BEN-006874,BEN-007242,0
BEN-006331,BEN-009174,0
BEN-006287,BEN-009058,0
BEN-002087,BEN-009985,0
BEN-008403,BEN-008711,0
BEN-002579,BEN-007901,0
BEN-006996,BEN-007133,0
BEN-003692,BEN-004617,0
BEN-003100,BEN-005530,0
BEN-000262,BEN-008108,0
BEN-000071,BEN-001561,1
BEN-002306,BEN-007819,0
BEN-001529,BEN-003663,0
BEN-004324,BEN-006028,0
BEN-001017,BEN-007318,0
BEN-000248,BEN-000329,0
BEN-006036,BEN-009490,0
BEN-002284,BEN-009985,0
BEN-001063,BEN-005632,0
BEN-004504,BEN-009952,0
BEN-004323,BEN-006861,0
BEN-005342,BEN-006135,0
BEN-003479,BEN-004151,0
BEN-003407,BEN-005515,0
BEN-001738,BEN-004968,0
BEN-000858,BEN-006644,0
BEN-003494,BEN-009726,0
BEN-002471,BEN-007349,0
BEN-005940,BEN-009156,0
BEN-000762,BEN-004672,0
BEN-001903,BEN-008478,0
BEN-007065,BEN-008177,0
BEN-006125,BEN-007860,0
BEN-001553,BEN-006345,0
BEN-005907,BEN-008244,0
BEN-004212,BEN-006335,0
BEN-003291,BEN-007348,1
BEN-004932,BEN-009071,0
BEN-005998,BEN-007345,0
BEN-003451,BEN-008813,0
BEN-001205,BEN-007458,0
BEN-002707,BEN-006573,0
BEN-007001,BEN-009395,0
BEN-000217,BEN-006162,0
BEN-008992,BEN-009257,0
BEN-003978,BEN-006216,0
BEN-006821,BEN-007716,0
BEN-000858,BEN-004979,0
BEN-007960,BEN-008753,0
BEN-002368,BEN-008486,0
BEN-001224,BEN-007602,0
BEN-005816,BEN-009206,0
BEN-001954,BEN-005659,0
BEN-000422,BEN-003874,0
BEN-006315,BEN-006935,0
BEN-000553,BEN-008033,0
BEN-002573,BEN-009139,0
BEN-000812,BEN-007138,0
BEN-002607,BEN-002812,0
BEN-003203,BEN-007516,0
BEN-002047,BEN-003927,0
BEN-004533,BEN-005534,0
BEN-000930,BEN-007577,0
BEN-004303,BEN-005721,0
BEN-000630,BEN-008190,0
BEN-006123,BEN-006804,0
BEN-004984,BEN-006828,0
BEN-006211,BEN-006717,0
BEN-000160,BEN-006086,0
BEN-006349,BEN-009145,0
BEN-003931,BEN-009343,0
BEN-006974,BEN-007028,0
BEN-003800,BEN-006937,0
BEN-001279,BEN-006491,0
BEN-004164,BEN-008684,0
BEN-003207,BEN-003658,0
BEN-003496,BEN-008622,0
BEN-003085,BEN-005475,0
BEN-000018,BEN-004085,0
BEN-003526,BEN-003727,0
BEN-007212,BEN-008225,0
BEN-000205,BEN-009758,0
BEN-001190,BEN-006518,0
BEN-000474,BEN-000616,0
BEN-000523,BEN-008551,0
BEN-003389,BEN-008693,0
BEN-005705,BEN-008969,0
BEN-000434,BEN-009988,0
BEN-002637,BEN-005558,0
BEN-000651,BEN-002254,0
BEN-004216,BEN-004545,0
BEN-000520,BEN-008133,0
BEN-006169,BEN-009010,0
BEN-008739,BEN-009284,0
BEN-002794,BEN-004319,0
BEN-006215,BEN-007760,0
BEN-003626,BEN-004152,0
BEN-001685,BEN-004360,0
BEN-006684,BEN-008141,0
BEN-002058,BEN-002928,0
BEN-001059,BEN-008121,0
BEN-007882,BEN-008412,0
BEN-007306,BEN-008377,0
BEN-000139,BEN-007777,0
BEN-001128,BEN-006366,0
BEN-007226,BEN-009492,0
BEN-003029,BEN-006469,0
BEN-005691,BEN-005985,0
BEN-005927,BEN-009689,0
BEN-006553,BEN-009292,0
BEN-007406,BEN-008282,0
BEN-001581,BEN-007899,0
BEN-003435,BEN-009926,0
BEN-005747,BEN-008541,0
BEN-002868,BEN-006410,0
BEN-004980,BEN-009561,0
BEN-000423,BEN-002011,0
BEN-001278,BEN-003574,0
BEN-000236,BEN-006759,0
BEN-004030,BEN-004588,0
BEN-005494,BEN-008585,0
BEN-009387,BEN-009512,0
BEN-002511,BEN-007351,0
BEN-000151,BEN-006786,0
BEN-004592,BEN-004740,0
BEN-005124,BEN-008377,0
BEN-002008,BEN-009758,0
BEN-001793,BEN-009905,0
BEN-002363,BEN-003616,0
BEN-001222,BEN-003649,0
BEN-001451,BEN-001748,0
BEN-004299,BEN-009491,0
BEN-002207,BEN-002859,0
BEN-003070,BEN-003080,0
BEN-006654,BEN-006742,0
BEN-005099,BEN-005680,0
BEN-000744,BEN-005757,0
BEN-000763,BEN-001925,0
BEN-003310,BEN-008461,0
BEN-002735,BEN-002894,0
BEN-005653,BEN-007907,0
BEN-004368,BEN-005452,0
BEN-003054,BEN-005747,0
BEN-000146,BEN-005412,0
BEN-000704,BEN-008780,0
BEN-002251,BEN-003809,0
BEN-003105,BEN-006456,0
BEN-002628,BEN-006757,0
BEN-001045,BEN-009349,0
BEN-001174,BEN-004746,0
BEN-003169,BEN-006232,0
BEN-001257,BEN-005653,0
BEN-005267,BEN-008674,0
BEN-002424,BEN-009413,0
BEN-002530,BEN-006833,0
BEN-000967,BEN-006393,0
BEN-005218,BEN-009032,0
BEN-003979,BEN-005855,0
BEN-003280,BEN-004749,0
BEN-000691,BEN-006496,0
BEN-001522,BEN-003125,0
BEN-003669,BEN-007634,0
BEN-003818,BEN-007293,0
BEN-001280,BEN-001499,0
BEN-006920,BEN-007495,0
BEN-003067,BEN-004884,0
BEN-004427,BEN-006540,0
BEN-001121,BEN-005749,0
BEN-004092,BEN-008853,0
BEN-000844,BEN-009792,0
BEN-008080,BEN-008550,0
BEN-004385,BEN-005799,0
BEN-004705,BEN-008942,0
BEN-001809,BEN-003494,0
BEN-006814,BEN-009285,0
BEN-000291,BEN-002039,0
BEN-000573,BEN-001380,0
BEN-003470,BEN-003629,0
BEN-001345,BEN-002555,0
BEN-005969,BEN-008412,0
BEN-001691,BEN-008165,0
BEN-000719,BEN-007074,0
BEN-005027,BEN-008572,0
BEN-003270,BEN-003831,0
BEN-003508,BEN-009352,0
BEN-006007,BEN-006166,0
BEN-001253,BEN-006054,0
BEN-002364,BEN-006415,0
BEN-002931,BEN-006607,0
BEN-005922,BEN-006589,0
BEN-003024,BEN-007732,0
BEN-006212,BEN-008503,0
BEN-006698,BEN-009837,0
BEN-002934,BEN-003805,0
BEN-002161,BEN-002387,0
BEN-003656,BEN-007674,0
BEN-005538,BEN-007828,0
BEN-003807,BEN-008720,0
BEN-006022,BEN-008148,0
BEN-002106,BEN-003053,0
BEN-002831,BEN-006376,0
BEN-000512,BEN-008022,0
BEN-003834,BEN-005198,0
BEN-005152,BEN-008585,0
BEN-001544,BEN-007893,0
BEN-001655,BEN-007311,0
BEN-005354,BEN-009760,0
BEN-002322,BEN-006020,0
BEN-004629,BEN-006940,0
BEN-000631,BEN-007745,0
BEN-000633,BEN-001988,0
BEN-004671,BEN-009456,0
BEN-000876,BEN-004820,0
BEN-001867,BEN-002663,0
BEN-002361,BEN-008041,0
BEN-000012,BEN-000431,0
BEN-003637,BEN-009966,0
BEN-000005,BEN-005479,0
BEN-005382,BEN-006745,0
BEN-007649,BEN-009681,0
BEN-002674,BEN-007700,0
BEN-005049,BEN-006691,0
BEN-001886,BEN-009824,0
BEN-005635,BEN-006536,0
BEN-002325,BEN-006707,0
BEN-001593,BEN-001694,0
BEN-002846,BEN-005133,0
BEN-005588,BEN-005781,0
BEN-002664,BEN-003354,0
BEN-005202,BEN-007008,0
BEN-007409,BEN-009187,0
BEN-002498,BEN-007246,0
BEN-004122,BEN-005700,0
BEN-000526,BEN-005370,0
BEN-004427,BEN-007325,0
BEN-007190,BEN-009522,0
BEN-007001,BEN-007528,0
BEN-002565,BEN-006122,0
BEN-006199,BEN-006799,1
BEN-000018,BEN-009285,0
BEN-002106,BEN-008328,0
BEN-001700,BEN-004326,0
BEN-001013,BEN-006443,0
BEN-002844,BEN-003671,0
BEN-001879,BEN-004573,0
BEN-003430,BEN-005666,0
BEN-000710,BEN-003050,0
BEN-001070,BEN-002740,0
BEN-005098,BEN-008942,0
BEN-000274,BEN-005040,0
BEN-003302,BEN-008000,0
BEN-002019,BEN-006591,0
BEN-005943,BEN-007171,0
BEN-002617,BEN-006863,0
BEN-001009,BEN-001833,0
BEN-000405,BEN-003594,0
BEN-004682,BEN-008861,0
BEN-005471,BEN-006939,0
BEN-005433,BEN-005781,0
BEN-002857,BEN-008536,0
BEN-003917,BEN-009400,0
BEN-001495,BEN-008259,0
BEN-004615,BEN-009065,0
BEN-004132,BEN-004715,0
BEN-003620,BEN-007926,0
BEN-002098,BEN-008631,0
BEN-003737,BEN-005380,0
BEN-001300,BEN-003403,0
BEN-003336,BEN-003745,0
BEN-001672,BEN-007231,0
BEN-005967,BEN-007573,0
BEN-006117,BEN-006161,0
BEN-006418,BEN-009205,0
BEN-001109,BEN-001927,0
BEN-005243,BEN-007796,0
BEN-002718,BEN-008335,0
BEN-004763,BEN-008402,0
BEN-007598,BEN-009618,0
BEN-001171,BEN-002213,0
BEN-009386,BEN-009804,0
BEN-002468,BEN-005642,0
BEN-005876,BEN-009970,0
BEN-006037,BEN-007122,0
BEN-002590,BEN-002899,0
BEN-002896,BEN-004934,0
BEN-003315,BEN-006941,0
BEN-000057,BEN-008190,0
BEN-004587,BEN-009764,0
BEN-005916,BEN-008924,0
BEN-004127,BEN-009946,0
BEN-007087,BEN-008133,0
BEN-003212,BEN-004371,0
BEN-000315,BEN-004179,0
BEN-005671,BEN-006034,0
BEN-000942,BEN-003011,0
BEN-003353,BEN-003877,0
BEN-000808,BEN-006209,0
BEN-003382,BEN-008806,0
BEN-005744,BEN-007198,0
BEN-006014,BEN-008893,0
BEN-008066,BEN-009726,0
BEN-001755,BEN-002013,0
BEN-001760,BEN-006866,0
BEN-001928,BEN-003268,0
BEN-004563,BEN-008455,0
BEN-001596,BEN-009565,0
BEN-005278,BEN-005487,0
BEN-001337,BEN-003561,0
BEN-001603,BEN-009371,0
BEN-007046,BEN-008764,0
BEN-003598,BEN-004499,0
BEN-007114,BEN-009611,0
BEN-001912,BEN-002458,0
BEN-003231,BEN-007791,0
BEN-002990,BEN-008801,0
BEN-004136,BEN-008058,0
BEN-003138,BEN-003983,0
BEN-000883,BEN-001610,0
BEN-002729,BEN-006526,0
BEN-004103,BEN-004440,0
BEN-000614,BEN-006098,0
BEN-003885,BEN-006632,0
BEN-001228,BEN-005254,0
BEN-006813,BEN-009149,0
BEN-000886,BEN-009208,0
BEN-003260,BEN-006089,0
BEN-002727,BEN-009350,0
BEN-001440,BEN-005205,0
BEN-001971,BEN-009887,0
BEN-000171,BEN-003860,0
BEN-005131,BEN-006431,0
BEN-003595,BEN-006200,0
BEN-004846,BEN-007726,0
BEN-001641,BEN-006620,0
BEN-002473,BEN-007158,0
BEN-000230,BEN-009360,0
BEN-001572,BEN-006157,0
BEN-000097,BEN-006286,0
BEN-006953,BEN-007109,0
BEN-001550,BEN-007638,0
BEN-008950,BEN-009290,0
BEN-002532,BEN-004576,0
BEN-004309,BEN-004898,0
BEN-004480,BEN-009800,0
BEN-006719,BEN-006864,0
BEN-001672,BEN-009279,0
BEN-004702,BEN-007236,0
BEN-001640,BEN-005236,0
BEN-007215,BEN-007877,0
BEN-000709,BEN-004717,0
BEN-000877,BEN-007485,0
BEN-008236,BEN-008878,0
BEN-000602,BEN-004198,0
BEN-000540,BEN-007749,0
BEN-005775,BEN-009321,0
BEN-005309,BEN-005763,0
BEN-002025,BEN-009962,0
BEN-000700,BEN-006899,0
BEN-001286,BEN-002332,0
BEN-006432,BEN-008066,0
BEN-006753,BEN-009177,0
BEN-003013,BEN-006140,1
BEN-004560,BEN-006034,0
BEN-002683,BEN-003866,0
BEN-000170,BEN-007590,0
BEN-002286,BEN-007683,0
BEN-001507,BEN-006875,0
BEN-009478,BEN-009532,0
BEN-007377,BEN-008974,0
BEN-001198,BEN-003236,0
BEN-000532,BEN-004928,0
BEN-006288,BEN-008625,0
BEN-001984,BEN-005391,0
BEN-000337,BEN-002942,0
BEN-006938,BEN-007889,0
BEN-000310,BEN-004511,0
BEN-007747,BEN-008462,0
BEN-000203,BEN-005768,0
BEN-000353,BEN-002117,0
BEN-002347,BEN-004451,0
BEN-009035,BEN-009751,0
BEN-003218,BEN-006916,0
BEN-007668,BEN-008108,0
BEN-004883,BEN-008460,0
BEN-003914,BEN-005943,0
BEN-000077,BEN-001167,0
BEN-001091,BEN-002333,0
BEN-000930,BEN-003665,0
BEN-000281,BEN-000997,0
BEN-000011,BEN-001743,0
BEN-000301,BEN-003835,1
BEN-000858,BEN-006446,0
BEN-000198,BEN-003959,0
BEN-000922,BEN-003188,0
BEN-000088,BEN-006871,0
BEN-000995,BEN-001963,0
BEN-008014,BEN-008488,0
BEN-004507,BEN-009566,0
BEN-002729,BEN-002924,0
BEN-004983,BEN-005769,0
BEN-004024,BEN-004453,0
BEN-000184,BEN-002498,0
BEN-004058,BEN-004853,0
BEN-002264,BEN-007905,0
BEN-007445,BEN-008542,0
BEN-003081,BEN-004377,0
BEN-002768,BEN-007731,0
BEN-000723,BEN-006663,0
BEN-004432,BEN-007403,0
BEN-002785,BEN-007525,0
BEN-008579,BEN-009962,0
BEN-004462,BEN-008323,0
BEN-000005,BEN-009699,0
BEN-002703,BEN-005775,0
BEN-001161,BEN-004561,1
BEN-005664,BEN-006547,0
BEN-002425,BEN-005617,0
BEN-001599,BEN-008774,0
BEN-009833,BEN-009909,0
BEN-000290,BEN-004856,0
BEN-003119,BEN-006390,0
BEN-002790,BEN-009780,0
BEN-003617,BEN-006137,0
BEN-001654,BEN-003888,0
BEN-001860,BEN-004953,0
BEN-000526,BEN-005010,0
BEN-002629,BEN-009721,0
BEN-004130,BEN-008925,0
BEN-004045,BEN-009560,0
BEN-001340,BEN-006761,0
BEN-002476,BEN-006924,0
BEN-007687,BEN-008604,0
BEN-002712,BEN-006632,0
BEN-005937,BEN-009938,0
BEN-003747,BEN-008006,0
BEN-003061,BEN-005783,0
BEN-006754,BEN-009930,0
BEN-003397,BEN-008743,0
BEN-001706,BEN-009165,0
BEN-000851,BEN-008550,0
BEN-001277,BEN-006071,0
BEN-005210,BEN-006976,0
BEN-008020,BEN-008153,0
BEN-000521,BEN-007082,0
BEN-005002,BEN-009877,0
BEN-002237,BEN-007584,0
BEN-003452,BEN-008044,0
BEN-003496,BEN-005923,0
BEN-000199,BEN-004990,0
BEN-001210,BEN-005681,0
BEN-002518,BEN-004089,0
BEN-007548,BEN-007995,0
BEN-002067,BEN-004396,0
BEN-001850,BEN-005328,0
BEN-002197,BEN-006629,0
BEN-007341,BEN-009953,0
BEN-005842,BEN-009779,0
BEN-004308,BEN-005702,0
BEN-003916,BEN-005206,0
BEN-000777,BEN-005656,0
BEN-004406,BEN-009710,0
BEN-002097,BEN-005849,0
BEN-003178,BEN-005928,0
BEN-004894,BEN-008078,0
BEN-001873,BEN-007229,0
BEN-000488,BEN-008386,0
BEN-002340,BEN-004307,0
BEN-003632,BEN-005704,0
BEN-007074,BEN-008197,0
BEN-001566,BEN-009898,0
BEN-000249,BEN-005634,0
BEN-003916,BEN-006395,0
BEN-002306,BEN-007533,0
BEN-002001,BEN-005547,0
BEN-002454,BEN-005322,0
BEN-007161,BEN-009476,0
BEN-001801,BEN-008208,0
BEN-000007,BEN-001803,0
BEN-001411,BEN-001632,0
BEN-004289,BEN-007954,1
BEN-001877,BEN-002541,0
BEN-006833,BEN-008493,0
BEN-003083,BEN-005876,1
BEN-004001,BEN-005047,0
BEN-006450,BEN-009733,0
BEN-001792,BEN-005758,0
BEN-004851,BEN-008559,0
BEN-000371,BEN-006351,0
BEN-000764,BEN-004806,0
BEN-000341,BEN-002929,0
BEN-000399,BEN-003836,0
BEN-002047,BEN-009527,0
BEN-000266,BEN-006914,0
BEN-005013,BEN-008818,0
BEN-001898,BEN-009154,0
BEN-001914,BEN-008802,0
BEN-002085,BEN-007269,0
BEN-005434,BEN-007523,0
BEN-000092,BEN-003512,0
BEN-001221,BEN-008460,0
BEN-005503,BEN-006481,0
BEN-003071,BEN-003189,0
BEN-000645,BEN-005040,0
BEN-002716,BEN-004190,0
BEN-003132,BEN-004672,0
BEN-008882,BEN-009546,0
BEN-004967,BEN-007786,0
BEN-006882,BEN-008832,0
BEN-001931,BEN-006679,0
BEN-002339,BEN-008032,0
BEN-000037,BEN-007588,0
BEN-001289,BEN-003862,0
BEN-000234,BEN-002601,0
BEN-000103,BEN-007879,0
BEN-001558,BEN-007430,0
BEN-000663,BEN-002285,0
BEN-002889,BEN-003610,0
BEN-006960,BEN-009117,0
BEN-002570,BEN-009872,0
BEN-002945,BEN-009438,0
BEN-000444,BEN-001117,1
BEN-007877,BEN-008802,0
BEN-006054,BEN-009935,0
BEN-000756,BEN-005625,0
BEN-003842,BEN-009570,0
BEN-001085,BEN-003673,0
BEN-004670,BEN-008852,0
BEN-002139,BEN-005809,0
BEN-006504,BEN-009721,0
BEN-008007,BEN-008630,0
BEN-000507,BEN-006950,0
BEN-000706,BEN-009107,0
BEN-004941,BEN-009618,0
BEN-006780,BEN-008550,0
BEN-005445,BEN-009628,0
BEN-004474,BEN-004642,0
BEN-007214,BEN-009575,0
BEN-002940,BEN-008378,0
BEN-004279,BEN-009069,0
BEN-007651,BEN-009164,0
BEN-005693,BEN-009203,0
BEN-003652,BEN-009501,0
BEN-002818,BEN-005672,0
BEN-001236,BEN-002869,0
BEN-003052,BEN-003474,0
BEN-005090,BEN-007629,0
BEN-000006,BEN-009748,0
BEN-001509,BEN-004192,0
BEN-004690,BEN-006548,0
BEN-005738,BEN-009660,0
BEN-003424,BEN-003747,0
BEN-002571,BEN-002820,0
BEN-003275,BEN-005722,0
BEN-002685,BEN-005921,0
BEN-003101,BEN-009028,0
BEN-004209,BEN-008538,0
BEN-002814,BEN-009036,0
BEN-000078,BEN-002919,0
BEN-003008,BEN-009394,0
BEN-001834,BEN-003063,0
BEN-005513,BEN-006128,0
BEN-008014,BEN-009812,0
BEN-003955,BEN-009370,0
BEN-002284,BEN-004248,0
BEN-009143,BEN-009471,0
BEN-007264,BEN-008002,0
BEN-008855,BEN-009987,0
BEN-006172,BEN-008959,0
BEN-007010,BEN-009569,0
BEN-000913,BEN-009533,0
BEN-000437,BEN-001380,0
BEN-006988,BEN-009874,0
BEN-005144,BEN-005881,0
BEN-002338,BEN-003685,0
BEN-007327,BEN-009308,0
BEN-000375,BEN-002835,0
BEN-004403,BEN-009504,0
BEN-000417,BEN-007596,0
BEN-005235,BEN-008333,0
BEN-005214,BEN-007387,0
BEN-001581,BEN-006548,0
BEN-001247,BEN-005040,0
BEN-007825,BEN-009683,0
BEN-000075,BEN-003278,0
BEN-005866,BEN-007220,0
BEN-007680,BEN-009673,0
BEN-003527,BEN-005653,0
BEN-006347,BEN-007579,0
BEN-002329,BEN-007893,0
BEN-005829,BEN-009238,0
BEN-007152,BEN-009893,0
BEN-004370,BEN-009915,0
BEN-000765,BEN-002066,0
BEN-004321,BEN-009646,0
BEN-001192,BEN-009316,0
BEN-000028,BEN-006434,0
BEN-002821,BEN-007943,0
BEN-002877,BEN-008533,0
BEN-008697,BEN-009168,1
BEN-001841,BEN-007111,1
BEN-003229,BEN-008978,0
BEN-006859,BEN-009510,0
BEN-005151,BEN-006184,0
BEN-002410,BEN-007747,0
BEN-000393,BEN-009823,0
BEN-001959,BEN-006638,0
BEN-006186,BEN-008232,0
BEN-002719,BEN-005074,0
BEN-006094,BEN-006396,0
BEN-000268,BEN-003367,0
BEN-005312,BEN-005581,0
BEN-003943,BEN-007082,0
BEN-002915,BEN-007830,0
BEN-001483,BEN-007269,0
BEN-007260,BEN-009414,0
BEN-004183,BEN-009051,0
BEN-005506,BEN-005530,0
BEN-003629,BEN-006032,0
BEN-000876,BEN-008292,0
BEN-000340,BEN-006662,1
BEN-002362,BEN-007925,0
BEN-000069,BEN-008897,0
BEN-004387,BEN-006995,0
BEN-002884,BEN-005475,0
BEN-000352,BEN-002382,0
BEN-005949,BEN-006995,0
BEN-004622,BEN-005247,0
BEN-000206,BEN-004833,0
BEN-005131,BEN-006964,0
BEN-002797,BEN-005154,0
BEN-000226,BEN-003973,0
BEN-008456,BEN-009688,0
BEN-000562,BEN-009095,0
BEN-004237,BEN-006150,0
BEN-000215,BEN-009706,0
BEN-002563,BEN-003341,0
BEN-003848,BEN-006093,0
BEN-009467,BEN-009496,0
BEN-008318,BEN-009912,0
BEN-000889,BEN-001273,0
BEN-002686,BEN-005288,0
BEN-001673,BEN-004295,0
BEN-005366,BEN-007373,0
BEN-000410,BEN-008511,0
BEN-000866,BEN-004313,0
BEN-000150,BEN-000585,0
BEN-001294,BEN-002662,0
BEN-002981,BEN-007029,0
BEN-007736,BEN-009513,0
BEN-005902,BEN-006003,0
BEN-001920,BEN-008550,0
BEN-001713,BEN-008121,0
BEN-003978,BEN-003988,0
BEN-003105,BEN-004900,0
BEN-002364,BEN-008158,0
BEN-001668,BEN-008898,0
BEN-000006,BEN-009412,0
BEN-005244,BEN-007360,0
BEN-004982,BEN-009549,0
BEN-001578,BEN-004475,0
BEN-001736,BEN-006179,0
BEN-003012,BEN-007135,0
BEN-005146,BEN-007165,0
BEN-000560,BEN-002069,0
BEN-004383,BEN-005970,0
BEN-004004,BEN-009394,0
BEN-001097,BEN-006140,0
BEN-006266,BEN-007392,0
BEN-004239,BEN-006561,0
BEN-002876,BEN-007239,0
BEN-000040,BEN-002860,0
BEN-008358,BEN-009154,1
BEN-000935,BEN-005708,1
BEN-004471,BEN-006056,0
BEN-001859,BEN-006275,0
BEN-005485,BEN-005881,0
BEN-006545,BEN-009147,0
BEN-002553,BEN-008833,0
BEN-004195,BEN-009930,0
BEN-004299,BEN-007078,0
BEN-001007,BEN-007229,0
BEN-006398,BEN-007293,0
BEN-001938,BEN-003201,0
BEN-000211,BEN-004852,0
BEN-004313,BEN-004586,0
BEN-001743,BEN-009408,0
BEN-006798,BEN-007650,0
BEN-005100,BEN-006711,1
BEN-001401,BEN-003264,0
BEN-009609,BEN-009618,0
BEN-003186,BEN-004316,0
BEN-007838,BEN-009126,0
BEN-000922,BEN-006188,0
BEN-005249,BEN-006189,0
BEN-000396,BEN-005125,0
BEN-006814,BEN-008968,0
BEN-006561,BEN-009560,0
BEN-005987,BEN-008538,0
BEN-001086,BEN-009456,0
BEN-001350,BEN-004020,0
BEN-007809,BEN-009044,0
BEN-009316,BEN-009586,0
BEN-000725,BEN-008537,0
BEN-006172,BEN-009460,0
BEN-005706,BEN-006735,0
BEN-002454,BEN-003034,0
BEN-002966,BEN-005890,0
BEN-001406,BEN-005630,0
BEN-002792,BEN-008986,0
BEN-000961,BEN-001784,0
BEN-004111,BEN-006928,0
BEN-005345,BEN-009106,0
BEN-007778,BEN-008938,0
BEN-000189,BEN-007860,0
BEN-004060,BEN-004315,0
BEN-009663,BEN-009929,0
BEN-003678,BEN-007835,0
BEN-003516,BEN-006733,0
BEN-001621,BEN-007412,0
BEN-000044,BEN-006073,0
BEN-000603,BEN-004401,0
BEN-000348,BEN-001391,0
BEN-000770,BEN-001556,1
BEN-005558,BEN-006273,0
BEN-000167,BEN-008630,0
BEN-006266,BEN-006775,0
BEN-001735,BEN-004172,0
BEN-001237,BEN-005255,0
BEN-003922,BEN-006667,0
BEN-001137,BEN-009064,0
BEN-005231,BEN-007912,0
BEN-003965,BEN-008626,0
BEN-006119,BEN-007967,0
BEN-002501,BEN-009577,0
BEN-000201,BEN-005748,0
BEN-003667,BEN-008972,0
BEN-002253,BEN-002593,0
BEN-008270,BEN-009133,0
BEN-002339,BEN-005991,0
BEN-005484,BEN-006009,0
BEN-001976,BEN-002522,0
BEN-001820,BEN-006787,0
BEN-002727,BEN-007018,0
BEN-006192,BEN-008763,0
BEN-000400,BEN-005036,0
BEN-002205,BEN-009789,0
BEN-002354,BEN-007188,0
BEN-003311,BEN-004646,0
BEN-006282,BEN-009362,0
BEN-001459,BEN-008448,0
BEN-000698,BEN-005710,0
BEN-002224,BEN-003414,0
BEN-002134,BEN-005846,0
BEN-005409,BEN-009612,0
BEN-000707,BEN-006567,0
BEN-003127,BEN-003480,0
BEN-000430,BEN-007339,0
BEN-003627,BEN-005530,0
BEN-000414,BEN-004224,0
BEN-002646,BEN-003222,0
BEN-005375,BEN-005473,0
BEN-003467,BEN-003975,0
BEN-001628,BEN-007994,0
BEN-003546,BEN-005517,0
BEN-005032,BEN-008750,0
BEN-005124,BEN-007165,0
BEN-000955,BEN-007412,0
BEN-003882,BEN-008475,0
BEN-001498,BEN-006488,0
BEN-000689,BEN-001046,0
BEN-000129,BEN-001041,0
BEN-007555,BEN-009321,0
BEN-005127,BEN-006377,0
BEN-003469,BEN-009236,0
BEN-000451,BEN-005321,0
BEN-001544,BEN-001714,0
BEN-005494,BEN-007714,0
BEN-000066,BEN-001333,0
BEN-002272,BEN-008332,0
BEN-002935,BEN-006858,0
BEN-004739,BEN-006074,0
BEN-000128,BEN-002843,0
BEN-003091,BEN-008206,0
BEN-002054,BEN-008491,0
BEN-006853,BEN-009635,0
BEN-002755,BEN-007995,0
BEN-004393,BEN-006654,0
BEN-008968,BEN-009285,0
BEN-000783,BEN-003240,0
BEN-005114,BEN-006876,0
BEN-000208,BEN-000278,0
BEN-002243,BEN-005210,0
BEN-000649,BEN-002153,0
BEN-002019,BEN-003968,0
BEN-007226,BEN-007870,0
BEN-001223,BEN-008565,0
BEN-003361,BEN-007755,0
BEN-000171,BEN-006355,0
BEN-003413,BEN-006376,0
BEN-002458,BEN-003849,0
BEN-001312,BEN-002697,0
BEN-002351,BEN-002685,0
BEN-009030,BEN-009171,0
BEN-001434,BEN-005967,0
BEN-006448,BEN-007523,0
BEN-006841,BEN-009790,0
BEN-001300,BEN-001741,0
BEN-002147,BEN-009145,0
BEN-004333,BEN-004524,0
BEN-007082,BEN-009095,0
BEN-003573,BEN-006751,0
BEN-001621,BEN-002929,0
BEN-000239,BEN-008799,0
BEN-001004,BEN-009099,0
BEN-004401,BEN-004522,0
BEN-000781,BEN-008054,0
BEN-003035,BEN-004569,0
BEN-005043,BEN-009339,0
BEN-003451,BEN-006511,0
BEN-006555,BEN-006849,1
BEN-002706,BEN-003251,0
BEN-005269,BEN-007913,0
BEN-000316,BEN-009038,0
BEN-006952,BEN-009189,0
BEN-001200,BEN-005710,0
BEN-002560,BEN-005616,0
BEN-005133,BEN-005890,0
BEN-003121,BEN-005186,0
BEN-007936,BEN-008462,0
BEN-000632,BEN-006620,0
BEN-000930,BEN-003053,0
BEN-000310,BEN-003238,0
BEN-000619,BEN-001873,0
BEN-001395,BEN-004567,0
BEN-001408,BEN-007044,0
BEN-001695,BEN-008176,0
BEN-003841,BEN-005485,0
BEN-004090,BEN-006034,0
BEN-001257,BEN-001908,0
BEN-003076,BEN-007308,0
BEN-007136,BEN-008428,0
BEN-006533,BEN-007708,0
BEN-003829,BEN-005288,0
BEN-002787,BEN-003732,0
BEN-004352,BEN-004903,0
BEN-001660,BEN-006045,0
BEN-001774,BEN-005574,0
BEN-000400,BEN-007564,0
BEN-000377,BEN-006491,0
BEN-000679,BEN-007813,0
BEN-003278,BEN-007561,0
BEN-003378,BEN-003655,0
BEN-004016,BEN-008513,0
BEN-006451,BEN-009025,0
BEN-001881,BEN-006310,0
BEN-001162,BEN-008230,0
BEN-003421,BEN-008716,0
BEN-001931,BEN-002706,0
BEN-001269,BEN-002506,1
BEN-006936,BEN-009809,0
BEN-005365,BEN-007184,0
BEN-005413,BEN-008760,0
BEN-005475,BEN-006584,0
BEN-003833,BEN-006007,0
BEN-003582,BEN-005913,0
BEN-000024,BEN-004616,0
BEN-001052,BEN-004081,0
BEN-001769,BEN-006526,0
BEN-007222,BEN-007856,0
BEN-007018,BEN-007046,0
BEN-005275,BEN-005278,0
BEN-002955,BEN-009079,0
BEN-002066,BEN-002615,0
BEN-005597,BEN-006700,0
BEN-002933,BEN-008847,0
BEN-001155,BEN-004081,0
BEN-001409,BEN-008427,0
BEN-001422,BEN-004939,0
BEN-001161,BEN-004630,0
BEN-004083,BEN-005378,0
BEN-000925,BEN-008764,0
BEN-004907,BEN-006320,0
BEN-002330,BEN-009469,0
BEN-006882,BEN-007067,0
BEN-001538,BEN-005223,0
BEN-003263,BEN-009242,0
BEN-002135,BEN-008437,0
BEN-002866,BEN-009315,0
BEN-007497,BEN-007893,0
BEN-001401,BEN-009900,0
BEN-000608,BEN-003895,0
BEN-002722,BEN-007777,0
BEN-006265,BEN-006495,0
BEN-007371,BEN-009859,0
BEN-005768,BEN-009408,0
BEN-006803,BEN-009452,0
BEN-005057,BEN-007314,0
BEN-001575,BEN-006717,0
BEN-001978,BEN-004721,0
BEN-001422,BEN-006552,0
BEN-001806,BEN-006376,0
BEN-005531,BEN-009379,0
BEN-001176,BEN-001595,0
BEN-001346,BEN-002125,0
BEN-003101,BEN-005084,0
BEN-000138,BEN-008234,0
BEN-006135,BEN-007061,0
BEN-003286,BEN-009947,0
BEN-001362,BEN-008551,0
BEN-002035,BEN-008787,0
BEN-000021,BEN-005117,0
BEN-003255,BEN-003404,0
BEN-008972,BEN-009433,0
BEN-002034,BEN-005680,0
BEN-001182,BEN-008234,0
BEN-002894,BEN-007781,0
BEN-002269,BEN-005523,0
BEN-000925,BEN-004485,0
BEN-008401,BEN-008920,0
BEN-002955,BEN-005759,0
BEN-007102,BEN-007470,0
BEN-001361,BEN-001890,0
BEN-004527,BEN-007754,0
BEN-000462,BEN-006372,0
BEN-005709,BEN-009178,0
BEN-001572,BEN-005066,0
BEN-005797,BEN-008584,0
BEN-000368,BEN-002226,0
BEN-001111,BEN-001784,0
BEN-001330,BEN-001612,0
BEN-000844,BEN-005355,0
BEN-002076,BEN-009474,0
BEN-000542,BEN-002119,0
BEN-000596,BEN-005642,0
BEN-002943,BEN-003980,0
BEN-004424,BEN-005765,0
BEN-002587,BEN-004447,0
BEN-002418,BEN-007408,0
BEN-006930,BEN-007608,0
BEN-005142,BEN-007754,0
BEN-002235,BEN-002818,0
BEN-006130,BEN-008954,0
BEN-001918,BEN-003437,0
BEN-007726,BEN-009110,0
BEN-004401,BEN-005568,0
BEN-000042,BEN-000652,0
BEN-000943,BEN-009017,0
BEN-001955,BEN-007567,0
BEN-004065,BEN-007603,0
BEN-000757,BEN-004550,0
BEN-005427,BEN-007041,0
BEN-002539,BEN-009486,0
BEN-004124,BEN-008232,0
BEN-004606,BEN-004955,0
BEN-002450,BEN-009099,0
BEN-005843,BEN-007567,0
BEN-006563,BEN-008706,0
BEN-006469,BEN-008331,0
BEN-005498,BEN-006659,0
BEN-002037,BEN-005836,0
BEN-004548,BEN-009348,0
BEN-002005,BEN-006614,0
BEN-004850,BEN-006125,0
BEN-003963,BEN-006583,0
BEN-005270,BEN-005774,0
BEN-002786,BEN-004630,0
BEN-000339,BEN-009361,0
BEN-000928,BEN-001602,0
BEN-007839,BEN-008542,0
BEN-003850,BEN-006013,0
BEN-000059,BEN-001855,0
BEN-000753,BEN-006880,0
BEN-002381,BEN-006085,0
BEN-001211,BEN-009532,0
BEN-004274,BEN-009088,0
BEN-000579,BEN-008440,0
BEN-001773,BEN-006901,0
BEN-002551,BEN-005059,0
BEN-004823,BEN-007331,0
BEN-007313,BEN-007426,0
BEN-001481,BEN-005293,0
BEN-003661,BEN-006865,0
BEN-001712,BEN-007413,0
BEN-004126,BEN-008711,0
BEN-006299,BEN-008837,0
BEN-001667,BEN-007593,0
BEN-000474,BEN-004974,0
BEN-001041,BEN-002245,0
BEN-004716,BEN-005689,0
BEN-003587,BEN-006147,0
BEN-002210,BEN-002979,0
BEN-007829,BEN-008617,0
BEN-004740,BEN-007742,0
BEN-000623,BEN-002552,0
BEN-004996,BEN-009841,0
BEN-004410,BEN-006645,0
BEN-003404,BEN-006586,0
BEN-000943,BEN-002477,0
BEN-000070,BEN-009631,0
BEN-000346,BEN-004103,0
BEN-000495,BEN-004646,0
BEN-000188,BEN-007174,0
BEN-001431,BEN-001951,0
BEN-002842,BEN-003114,0
BEN-004925,BEN-005114,0
BEN-000705,BEN-005716,0
BEN-001483,BEN-005280,0
BEN-005179,BEN-006346,0
BEN-000182,BEN-001709,0
BEN-004669,BEN-006159,0
BEN-000847,BEN-004185,0
BEN-004836,BEN-008467,0
BEN-002104,BEN-002915,0
BEN-002610,BEN-004740,0
BEN-001966,BEN-006095,0
BEN-003560,BEN-005013,0
BEN-002976,BEN-007730,0
BEN-005188,BEN-005839,0
BEN-006848,BEN-009098,0
BEN-001750,BEN-004848,0
BEN-004679,BEN-007483,0
BEN-002816,BEN-007074,0
BEN-001630,BEN-002257,0
BEN-004149,BEN-008658,0
BEN-006793,BEN-007949,0
BEN-003778,BEN-008296,0
BEN-003225,BEN-008777,0
BEN-000246,BEN-002968,0
BEN-000059,BEN-008364,0
BEN-000522,BEN-007024,0
BEN-000771,BEN-009901,0
BEN-006875,BEN-006971,0
BEN-005067,BEN-006215,0
BEN-002232,BEN-008615,0
BEN-002636,BEN-009314,0
BEN-004615,BEN-009204,0
BEN-009472,BEN-009551,0
BEN-004338,BEN-005767,0
BEN-003245,BEN-009322,0
BEN-000937,BEN-007516,0
BEN-001534,BEN-002661,0
BEN-001132,BEN-005827,0
BEN-007613,BEN-007736,0
BEN-003449,BEN-004037,0
BEN-007296,BEN-009081,0
BEN-003534,BEN-007460,0
BEN-002151,BEN-003465,0
BEN-003889,BEN-009759,0
BEN-002609,BEN-009470,0
BEN-007127,BEN-008891,0
BEN-004912,BEN-008287,0
BEN-004470,BEN-005703,0
BEN-003409,BEN-006902,0
BEN-001143,BEN-002117,0
BEN-005794,BEN-006595,0
BEN-005448,BEN-007890,0
BEN-000202,BEN-006900,0
BEN-001491,BEN-007506,0
BEN-000191,BEN-003469,0
BEN-003831,BEN-005428,0
BEN-000380,BEN-004625,0
BEN-000376,BEN-005628,0
BEN-006018,BEN-007511,0
BEN-000607,BEN-001435,0
BEN-004528,BEN-004662,0
BEN-003614,BEN-006721,0
BEN-001675,BEN-002038,0
BEN-002762,BEN-003499,0
BEN-003007,BEN-007059,0
BEN-006695,BEN-009277,0
BEN-002448,BEN-009218,0
BEN-005461,BEN-008609,0
BEN-002996,BEN-005333,0
BEN-000175,BEN-005539,0
BEN-000890,BEN-001312,0
BEN-005238,BEN-007793,0
BEN-001446,BEN-003177,0
BEN-001572,BEN-003462,0
BEN-001998,BEN-008461,0
BEN-000391,BEN-005404,0
BEN-003186,BEN-003369,0
BEN-002100,BEN-004088,0
BEN-000963,BEN-007266,0
BEN-002480,BEN-009701,0
BEN-001370,BEN-008733,0
BEN-003782,BEN-006867,0
BEN-003488,BEN-008876,0
BEN-003382,BEN-005296,0
BEN-005711,BEN-007280,0
BEN-002869,BEN-009383,0
BEN-001649,BEN-009671,0
BEN-000184,BEN-002976,0
BEN-006763,BEN-009657,0
BEN-007564,BEN-008006,0
BEN-001567,BEN-007528,0
BEN-000270,BEN-000855,0
BEN-005357,BEN-006796,0
BEN-002876,BEN-007232,0
BEN-001134,BEN-006403,0
BEN-001082,BEN-006606,0
BEN-000544,BEN-003065,0
BEN-004726,BEN-007937,0
BEN-005863,BEN-006190,0
BEN-001087,BEN-002423,0
BEN-000571,BEN-004664,0
BEN-002920,BEN-008256,0
BEN-002454,BEN-008286,0
BEN-003998,BEN-009216,0
BEN-002282,BEN-005043,0
BEN-003643,BEN-009609,0
BEN-000077,BEN-006980,0
BEN-005463,BEN-007120,0
BEN-005059,BEN-006253,0
BEN-000327,BEN-008059,0
BEN-004444,BEN-005892,0
BEN-002060,BEN-006013,0
BEN-004557,BEN-005422,0
BEN-000305,BEN-007283,0
BEN-005056,BEN-006206,0
BEN-003627,BEN-006803,0
BEN-000349,BEN-009772,0
BEN-003869,BEN-006170,0
BEN-001550,BEN-003326,0
BEN-000914,BEN-004244,0
BEN-001287,BEN-006707,0
BEN-005714,BEN-008239,0
BEN-004346,BEN-008633,0
BEN-000751,BEN-003275,0
BEN-001411,BEN-007292,0
BEN-004582,BEN-006488,0
BEN-004050,BEN-005363,0
BEN-003277,BEN-007811,0
BEN-003481,BEN-008851,0
BEN-002612,BEN-007586,0
BEN-000196,BEN-000257,0
BEN-000513,BEN-004973,0
BEN-001934,BEN-006365,0
BEN-004309,BEN-007958,0
BEN-005157,BEN-007031,0
BEN-006745,BEN-009496,0
BEN-005225,BEN-006522,0
BEN-006657,BEN-009386,0
BEN-002424,BEN-005848,0
BEN-005177,BEN-007793,0
BEN-007282,BEN-007955,0
BEN-001220,BEN-002049,0
BEN-002696,BEN-003237,0
BEN-004948,BEN-006208,0
BEN-000907,BEN-001128,0
BEN-002470,BEN-007873,0
BEN-002241,BEN-007668,0
BEN-000208,BEN-000638,0
BEN-005106,BEN-009575,0
BEN-006641,BEN-009463,0
BEN-000569,BEN-002745,0
BEN-003694,BEN-008950,0
BEN-002327,BEN-004429,0
BEN-004154,BEN-009394,0
BEN-002530,BEN-005176,0
BEN-004669,BEN-005266,0
BEN-000708,BEN-004223,0
BEN-002428,BEN-008875,0
BEN-003420,BEN-005934,0
BEN-004732,BEN-007664,0
BEN-003638,BEN-005838,0
BEN-004513,BEN-004652,0
BEN-000481,BEN-004824,0
BEN-002658,BEN-009099,0
BEN-001559,BEN-001592,0
BEN-002470,BEN-003386,0
BEN-001603,BEN-003267,0
BEN-005868,BEN-007165,0
BEN-002323,BEN-002979,0
BEN-002105,BEN-008801,0
BEN-000562,BEN-007269,0
BEN-004759,BEN-007911,0
BEN-004738,BEN-005811,0
BEN-002188,BEN-005340,0
BEN-000194,BEN-002898,0
BEN-005484,BEN-008032,0
BEN-003046,BEN-006504,1
BEN-006100,BEN-008369,0
BEN-003619,BEN-009557,0
BEN-001226,BEN-005613,0
BEN-001533,BEN-006320,0
BEN-003626,BEN-007546,0
BEN-001049,BEN-003790,0
BEN-006431,BEN-008236,0
BEN-004099,BEN-007371,1
BEN-002947,BEN-005954,0
BEN-003758,BEN-003997,0
BEN-002997,BEN-005898,0
BEN-002677,BEN-006682,0
BEN-003704,BEN-003822,0
BEN-004703,BEN-004766,0
BEN-003975,BEN-004316,0
BEN-003426,BEN-004917,0
BEN-000299,BEN-004202,0
BEN-005532,BEN-009381,0
BEN-000363,BEN-008084,0
BEN-004049,BEN-006631,0
BEN-002967,BEN-004454,0
BEN-002134,BEN-003718,0
BEN-000716,BEN-006569,0
BEN-004409,BEN-004545,0
BEN-003080,BEN-003536,0
BEN-002900,BEN-003724,0
BEN-002549,BEN-003263,0
BEN-000055,BEN-001442,0
BEN-001385,BEN-009569,0
BEN-008937,BEN-009054,0
BEN-004596,BEN-007878,0
BEN-001052,BEN-004594,0
BEN-004939,BEN-006399,0
BEN-005751,BEN-009439,0
BEN-003598,BEN-009790,0
BEN-000049,BEN-002411,0
BEN-004789,BEN-008562,0
BEN-004306,BEN-006053,0
BEN-006711,BEN-007389,0
BEN-002121,BEN-007694,0
BEN-000807,BEN-006661,0
BEN-001500,BEN-004181,0
BEN-002205,BEN-003247,0
BEN-001467,BEN-001666,0
BEN-001050,BEN-001105,0
BEN-000865,BEN-001217,0
BEN-002755,BEN-008850,0
BEN-000243,BEN-006541,0
BEN-003043,BEN-007828,0
BEN-000178,BEN-004795,0
BEN-003852,BEN-009487,0
BEN-006728,BEN-006987,0
BEN-004017,BEN-008274,0
BEN-005771,BEN-009802,0
BEN-004071,BEN-004682,0
BEN-003348,BEN-006723,0
BEN-007466,BEN-009021,0
BEN-003377,BEN-003893,0
BEN-001998,BEN-003440,0
BEN-002797,BEN-005511,0
BEN-002707,BEN-004947,0
BEN-001234,BEN-007962,0
BEN-000759,BEN-008859,0
BEN-001207,BEN-008716,0
BEN-000560,BEN-006022,0
BEN-002136,BEN-002515,0
BEN-004294,BEN-007130,0
BEN-004130,BEN-004220,0
BEN-002653,BEN-003846,0
BEN-005565,BEN-007658,0
BEN-003149,BEN-006138,0
BEN-002168,BEN-002575,0
BEN-002895,BEN-004788,0
BEN-000169,BEN-009383,0
BEN-003037,BEN-008797,0
BEN-000107,BEN-001805,0
BEN-005506,BEN-008812,0
BEN-005003,BEN-009602,0
BEN-000722,BEN-006248,0
BEN-002414,BEN-005031,0
BEN-004266,BEN-007784,0
BEN-002935,BEN-004179,0
BEN-008505,BEN-008864,0
BEN-000033,BEN-008376,0
BEN-001025,BEN-004403,0
BEN-005632,BEN-007387,0
BEN-003685,BEN-008066,0
BEN-002051,BEN-002535,0
BEN-001412,BEN-006784,0
BEN-004324,BEN-004354,0
BEN-000937,BEN-008045,0
BEN-008100,BEN-009218,0
BEN-004410,BEN-007438,0
BEN-008207,BEN-009023,0
BEN-002391,BEN-008288,0
BEN-003455,BEN-007075,0
BEN-005814,BEN-006647,0
BEN-002145,BEN-008013,0
BEN-005703,BEN-007030,0
BEN-002125,BEN-002975,0
BEN-005049,BEN-008621,0
BEN-006214,BEN-009321,0
BEN-005375,BEN-007927,0
BEN-003714,BEN-005116,0
BEN-003643,BEN-008227,0
BEN-008375,BEN-009277,0
BEN-000662,BEN-005806,0
BEN-000148,BEN-003623,0
BEN-001329,BEN-005753,0
BEN-002294,BEN-003039,0
BEN-000262,BEN-000850,0
BEN-003004,BEN-006626,0
BEN-007270,BEN-008088,0
BEN-000238,BEN-007269,0
BEN-000538,BEN-009051,0
BEN-007094,BEN-007619,0
BEN-004343,BEN-006416,0
BEN-000119,BEN-004523,0
BEN-001441,BEN-007587,0
BEN-003408,BEN-006467,0
BEN-004072,BEN-007260,0
BEN-000659,BEN-009121,0
BEN-002656,BEN-004850,0
BEN-006305,BEN-009208,0
BEN-001274,BEN-008378,0
BEN-002094,BEN-002432,0
BEN-004321,BEN-006718,0
BEN-003893,BEN-009887,0
BEN-003753,BEN-004398,0
BEN-000323,BEN-009370,0
BEN-002343,BEN-004782,0
BEN-008590,BEN-009132,0
BEN-007070,BEN-008571,0
BEN-004992,BEN-008194,0
BEN-005949,BEN-009956,0
BEN-003743,BEN-004326,0
BEN-006446,BEN-006644,0
BEN-005149,BEN-005878,0
BEN-000602,BEN-004813,1
BEN-005846,BEN-009760,0
BEN-004816,BEN-005558,0
BEN-008082,BEN-008948,0
BEN-005231,BEN-009752,0
BEN-004287,BEN-008299,0
BEN-005136,BEN-009198,0
BEN-005868,BEN-008092,0
BEN-003454,BEN-009796,0
BEN-002298,BEN-008394,0
BEN-000399,BEN-003699,0
BEN-000426,BEN-002398,0
BEN-004511,BEN-007491,0
BEN-005060,BEN-008853,0
BEN-003052,BEN-007689,0
BEN-000696,BEN-005420,0
BEN-004811,BEN-006942,0
BEN-002824,BEN-003181,0
BEN-005379,BEN-008014,0
BEN-006291,BEN-009810,0
BEN-002799,BEN-005537,0
BEN-002553,BEN-008065,0
BEN-007209,BEN-008073,0
BEN-003387,BEN-005872,0
BEN-005678,BEN-009648,0
BEN-001322,BEN-009248,0
BEN-000504,BEN-009868,0
BEN-002116,BEN-002433,0
BEN-005297,BEN-009811,0
BEN-005857,BEN-009724,0
BEN-004160,BEN-007585,0
BEN-004080,BEN-008117,0
BEN-003615,BEN-004278,0
BEN-003431,BEN-006876,0
BEN-003767,BEN-009767,0
BEN-002167,BEN-002488,1
BEN-000045,BEN-008211,0
BEN-002381,BEN-003792,0
BEN-004340,BEN-008169,0
BEN-000571,BEN-002622,0
BEN-005497,BEN-006839,0
BEN-001299,BEN-001539,0
BEN-000784,BEN-001351,0
BEN-000335,BEN-001802,0
BEN-000745,BEN-003292,0
BEN-001310,BEN-002920,0
BEN-000866,BEN-006350,0
BEN-002119,BEN-006557,0
BEN-002872,BEN-006233,0
BEN-003472,BEN-008320,0
BEN-005588,BEN-008281,0
BEN-001177,BEN-006541,0
BEN-000175,BEN-004917,0
BEN-005858,BEN-009644,0
BEN-002373,BEN-005293,0
BEN-001921,BEN-002091,0
BEN-000323,BEN-003489,0
BEN-007384,BEN-009932,0
BEN-000632,BEN-003636,0
BEN-000423,BEN-008264,0
BEN-005480,BEN-006758,0
BEN-007821,BEN-009593,0
BEN-001676,BEN-007575,0
BEN-003634,BEN-008368,1
BEN-002787,BEN-009490,0
BEN-006623,BEN-007969,0
BEN-001333,BEN-008260,0
BEN-006246,BEN-009569,0
BEN-002515,BEN-002517,0
BEN-002389,BEN-004236,0
BEN-006401,BEN-009772,0
BEN-001809,BEN-004317,0
BEN-000944,BEN-007935,0
BEN-004422,BEN-006058,0
BEN-000164,BEN-003218,0
BEN-000817,BEN-003099,0
BEN-003736,BEN-009436,0
BEN-003488,BEN-007980,0
BEN-004554,BEN-008786,0
BEN-003609,BEN-005110,0
BEN-001623,BEN-006802,0
BEN-001721,BEN-007560,0
BEN-003573,BEN-007267,0
BEN-003214,BEN-009349,0
BEN-002678,BEN-004412,0
BEN-000577,BEN-004216,0
BEN-000230,BEN-005363,0
BEN-001143,BEN-004446,0
BEN-005699,BEN-007955,0
BEN-001999,BEN-009669,1
BEN-003318,BEN-007567,0
BEN-003970,BEN-006221,0
BEN-002534,BEN-006332,0
BEN-000014,BEN-001902,0
BEN-004613,BEN-006128,1
BEN-003145,BEN-005838,0
BEN-008509,BEN-009682,0
BEN-004394,BEN-009611,0
BEN-005921,BEN-009738,0
BEN-003620,BEN-005276,0
BEN-000556,BEN-004227,0
BEN-007865,BEN-009286,0
BEN-006708,BEN-007620,0
BEN-007103,BEN-009753,0
BEN-004077,BEN-007474,0
BEN-005783,BEN-006019,0
BEN-004793,BEN-004911,0
BEN-004002,BEN-006907,0
BEN-000679,BEN-000718,0
BEN-001659,BEN-005509,0
BEN-002212,BEN-009398,0
BEN-008447,BEN-009956,0
BEN-005912,BEN-007032,0
BEN-003764,BEN-003869,0
BEN-000857,BEN-002489,0
BEN-003685,BEN-007565,0
BEN-003421,BEN-005649,0
BEN-003998,BEN-009374,0
BEN-001120,BEN-003471,0
BEN-002011,BEN-008915,0
BEN-000077,BEN-007820,0
BEN-001230,BEN-001342,0
BEN-005074,BEN-006689,0
BEN-009205,BEN-009768,0
BEN-000968,BEN-005949,0
BEN-002705,BEN-008874,0
BEN-004462,BEN-005253,0
BEN-001041,BEN-009053,0
BEN-007113,BEN-007813,0
BEN-000767,BEN-002503,0
BEN-003250,BEN-008204,0
BEN-000291,BEN-000450,0
BEN-007907,BEN-008699,0
BEN-006872,BEN-009007,0
BEN-002359,BEN-005884,0
BEN-001062,BEN-005627,0
BEN-008441,BEN-008876,0
BEN-006193,BEN-006999,0
BEN-001868,BEN-002089,0
BEN-003451,BEN-004941,0
BEN-003294,BEN-006348,0
BEN-003463,BEN-004831,0
BEN-007821,BEN-008315,0
BEN-003315,BEN-009065,0
BEN-000849,BEN-009075,0
BEN-000830,BEN-009667,0
BEN-003140,BEN-004915,0
BEN-001605,BEN-006414,0
BEN-005276,BEN-009586,0
BEN-003215,BEN-009461,0
BEN-000109,BEN-008831,0
BEN-001458,BEN-008106,0
BEN-007128,BEN-007709,1
BEN-003327,BEN-007835,0
BEN-001999,BEN-008787,1
BEN-002431,BEN-006173,0
BEN-003235,BEN-003259,0
BEN-004838,BEN-006722,0
BEN-004579,BEN-009141,0
BEN-005028,BEN-006100,0
BEN-000515,BEN-001378,0
BEN-006945,BEN-008848,1
BEN-004583,BEN-009317,0
BEN-002021,BEN-003321,0
BEN-003293,BEN-003861,0
BEN-004092,BEN-007516,0
BEN-004530,BEN-004882,0
BEN-002634,BEN-003929,0
BEN-002786,BEN-009393,0
BEN-004545,BEN-005660,0
BEN-002902,BEN-007269,0
BEN-006792,BEN-007079,0
BEN-001274,BEN-001385,0
BEN-001558,BEN-008076,0
BEN-008060,BEN-009199,0
BEN-006702,BEN-006730,0
BEN-007605,BEN-008921,0
BEN-005158,BEN-009558,0
BEN-005746,BEN-007968,0
BEN-001746,BEN-003710,0
BEN-000240,BEN-006540,0
BEN-003408,BEN-007130,0
BEN-003860,BEN-008688,0
BEN-004370,BEN-009272,0
BEN-001094,BEN-007503,0
BEN-006751,BEN-008760,0
BEN-003597,BEN-004965,0
BEN-004553,BEN-006419,0
BEN-003580,BEN-006656,0
BEN-001063,BEN-001524,0
BEN-002198,BEN-005002,0
BEN-007282,BEN-009096,0
BEN-004883,BEN-008175,0
BEN-006139,BEN-006332,0
BEN-008796,BEN-009155,0
BEN-005336,BEN-009873,0
BEN-003231,BEN-004902,0
BEN-007549,BEN-008367,0
BEN-005586,BEN-006264,0
BEN-003099,BEN-005723,0
BEN-007997,BEN-009146,0
BEN-000891,BEN-001455,0
BEN-000284,BEN-009425,0
BEN-003687,BEN-007418,0
BEN-001096,BEN-009234,0
BEN-002533,BEN-009954,0
BEN-002917,BEN-004584,0
BEN-000414,BEN-002972,0
BEN-002077,BEN-009978,0
BEN-008303,BEN-008924,0
BEN-006461,BEN-007637,0
BEN-007310,BEN-008148,0
BEN-001608,BEN-006185,0
BEN-001591,BEN-008639,0
BEN-005580,BEN-006768,0
BEN-001052,BEN-008317,0
BEN-006589,BEN-008409,0
BEN-003006,BEN-003831,0
BEN-001859,BEN-008956,0
BEN-006617,BEN-008959,0
BEN-003565,BEN-006456,0
BEN-005199,BEN-008139,0
BEN-007245,BEN-008701,0
BEN-002111,BEN-003307,0
BEN-001794,BEN-007607,0
BEN-000567,BEN-002267,0
BEN-006163,BEN-007745,0
BEN-006701,BEN-009141,0
BEN-000634,BEN-003701,0
BEN-008522,BEN-009523,0
BEN-001274,BEN-006326,0
BEN-002059,BEN-007382,0
BEN-004274,BEN-004576,0
BEN-006008,BEN-008997,0
BEN-002079,BEN-005300,0
BEN-003442,BEN-005236,0
BEN-002795,BEN-007737,0
BEN-001453,BEN-002646,0
BEN-003465,BEN-008922,0
BEN-007957,BEN-009754,0
BEN-000300,BEN-003356,0
BEN-005232,BEN-009747,0
BEN-004424,BEN-006645,0
BEN-000093,BEN-002503,0
BEN-003183,BEN-005370,0
BEN-007573,BEN-007613,0
BEN-000246,BEN-005786,0
BEN-002840,BEN-003692,0
BEN-005061,BEN-009771,0
BEN-003391,BEN-005442,0
BEN-000881,BEN-007541,0
BEN-000498,BEN-008049,0
BEN-000817,BEN-004652,0
BEN-000475,BEN-007597,0
BEN-002949,BEN-003294,0
BEN-000990,BEN-002704,0
BEN-001669,BEN-008973,0
BEN-000514,BEN-003445,0
BEN-002521,BEN-006801,0
BEN-001547,BEN-003630,0
BEN-000654,BEN-006421,0
BEN-002115,BEN-002363,0
BEN-003869,BEN-004611,0
BEN-002546,BEN-008314,0
BEN-003882,BEN-005823,0
BEN-003511,BEN-007556,0
BEN-000125,BEN-005364,0
BEN-003275,BEN-009793,0
BEN-000643,BEN-005544,0
BEN-002057,BEN-009845,0
BEN-006156,BEN-009873,0
BEN-004944,BEN-009037,0
BEN-002759,BEN-003087,0
BEN-003809,BEN-004181,0
BEN-007396,BEN-007654,0
BEN-002953,BEN-007350,0
BEN-002465,BEN-006509,0
BEN-001442,BEN-004032,0
BEN-008589,BEN-009404,0
BEN-000119,BEN-006669,0
BEN-003710,BEN-009553,0
BEN-005386,BEN-008796,0
BEN-000295,BEN-008092,0
BEN-000402,BEN-006922,0
BEN-002046,BEN-009867,0
BEN-005865,BEN-007421,0
BEN-006289,BEN-006685,0
BEN-003183,BEN-006553,0
BEN-002690,BEN-002730,0
BEN-006597,BEN-008727,0
BEN-002421,BEN-004208,0
BEN-001601,BEN-004989,0
BEN-001350,BEN-007196,0
BEN-000946,BEN-008303,0
BEN-000411,BEN-006639,0
BEN-004121,BEN-008586,0
BEN-003004,BEN-004150,0
BEN-004449,BEN-008188,0
BEN-001206,BEN-006821,0
BEN-004422,BEN-008074,0
BEN-002105,BEN-004301,0
BEN-009100,BEN-009385,0
BEN-000132,BEN-003919,0
BEN-002770,BEN-009533,0
BEN-001213,BEN-005398,0
BEN-003481,BEN-004680,0
BEN-003266,BEN-005003,0
BEN-005077,BEN-006708,0
BEN-002993,BEN-009130,0
BEN-004879,BEN-008121,1
BEN-004352,BEN-006407,0
BEN-001235,BEN-004050,0
BEN-000140,BEN-000744,0
BEN-007738,BEN-009147,0
BEN-000989,BEN-001657,0
BEN-003907,BEN-006452,0
BEN-003956,BEN-009723,0
BEN-006177,BEN-008295,0
BEN-000008,BEN-008147,0
BEN-003863,BEN-004173,0
BEN-002386,BEN-006976,0
BEN-002799,BEN-009856,0
BEN-003120,BEN-007762,0
BEN-005066,BEN-007429,0
BEN-006592,BEN-007565,0
BEN-004429,BEN-005382,0
BEN-002692,BEN-005132,0
BEN-003910,BEN-005273,0
BEN-002598,BEN-006751,0
BEN-000921,BEN-002845,0
BEN-004350,BEN-005936,0
BEN-002780,BEN-008853,0
BEN-001542,BEN-001886,0
BEN-000804,BEN-006734,0
BEN-008636,BEN-009671,0
BEN-000397,BEN-005491,0
BEN-000142,BEN-001862,0
BEN-006261,BEN-009294,0
BEN-002683,BEN-005577,0
BEN-000154,BEN-004722,1
BEN-005235,BEN-009209,0
BEN-003523,BEN-007693,0
BEN-002072,BEN-002318,0
BEN-001172,BEN-005972,0
BEN-006052,BEN-009830,0
BEN-001630,BEN-004207,0
BEN-005481,BEN-007913,0
BEN-004886,BEN-009938,0
BEN-002504,BEN-002587,0
BEN-000418,BEN-006773,0
BEN-001859,BEN-005697,0
BEN-004017,BEN-007412,0
BEN-002111,BEN-004388,0
BEN-001758,BEN-006258,0
BEN-003627,BEN-009990,0
BEN-008530,BEN-008935,0
BEN-008964,BEN-009805,0
BEN-003610,BEN-007391,0
BEN-000344,BEN-008831,0
BEN-000030,BEN-005135,0
BEN-006540,BEN-009767,0
BEN-003109,BEN-005975,0
BEN-003500,BEN-005137,0
BEN-003156,BEN-009031,0
BEN-002139,BEN-007263,0
BEN-004714,BEN-006809,0
BEN-000202,BEN-004243,0
BEN-001727,BEN-003831,0
BEN-008703,BEN-009959,0
BEN-001726,BEN-006992,0
BEN-004135,BEN-008435,0
BEN-004511,BEN-006110,0
BEN-001066,BEN-006671,0
BEN-007747,BEN-009880,0
BEN-003427,BEN-004865,0
BEN-004523,BEN-006878,0
BEN-003862,BEN-008967,0
BEN-006140,BEN-009953,1
BEN-000827,BEN-006510,0
BEN-002980,BEN-008321,0
BEN-000432,BEN-004369,0
BEN-003058,BEN-008631,0
BEN-004108,BEN-008105,0
BEN-001327,BEN-007730,0
BEN-000970,BEN-006264,0
BEN-000712,BEN-004741,0
BEN-004669,BEN-006460,0
BEN-003392,BEN-003577,0
BEN-002100,BEN-006862,0
BEN-005531,BEN-006442,0
BEN-002978,BEN-003280,0
BEN-001345,BEN-008687,0
BEN-001041,BEN-005856,0
BEN-002620,BEN-003665,0
BEN-002136,BEN-005580,0
BEN-000157,BEN-000546,0
BEN-003725,BEN-009914,0
BEN-001480,BEN-007299,0
BEN-001637,BEN-003462,0
BEN-007087,BEN-009777,0
BEN-003865,BEN-006070,0
BEN-003939,BEN-008011,0
BEN-000061,BEN-008520,0
BEN-002908,BEN-002953,0
BEN-006401,BEN-009137,0
BEN-002980,BEN-007908,0
BEN-004042,BEN-008834,0
BEN-009008,BEN-009765,0
BEN-002967,BEN-008187,0
BEN-003961,BEN-007286,0
BEN-003833,BEN-004699,0
BEN-001329,BEN-006630,0
BEN-003760,BEN-004500,0
BEN-006706,BEN-008697,0
BEN-008065,BEN-008833,0
BEN-008870,BEN-009776,0
BEN-004243,BEN-009573,0
BEN-004880,BEN-005759,0
BEN-003929,BEN-008124,0
BEN-002475,BEN-005074,0
BEN-002684,BEN-003997,0
BEN-002758,BEN-003297,0
BEN-002205,BEN-003486,0
BEN-001057,BEN-007693,0
BEN-000485,BEN-002150,0
BEN-002114,BEN-005787,0
BEN-000797,BEN-002167,1
BEN-005087,BEN-005818,0
BEN-001169,BEN-006957,0
BEN-004711,BEN-005722,0
BEN-002599,BEN-006752,0
BEN-001568,BEN-002974,0
BEN-001663,BEN-006976,0
BEN-008130,BEN-009048,0
BEN-001544,BEN-002626,0
BEN-004358,BEN-008319,0
BEN-006358,BEN-008645,0
BEN-005874,BEN-006175,0
BEN-003476,BEN-008425,0
BEN-001566,BEN-001965,0
BEN-003925,BEN-005188,0
BEN-005350,BEN-009727,0
BEN-001959,BEN-003431,0
BEN-003638,BEN-004442,0
BEN-000471,BEN-001656,0
BEN-007479,BEN-009051,1
BEN-001336,BEN-007103,0
BEN-003249,BEN-006842,0
BEN-002762,BEN-007097,0
BEN-000638,BEN-005478,0
BEN-004877,BEN-008235,0
BEN-005085,BEN-007342,0
BEN-001553,BEN-008509,0
BEN-004550,BEN-009898,0
BEN-003867,BEN-006670,0
BEN-005888,BEN-009414,0
BEN-002910,BEN-004144,0
BEN-002149,BEN-002715,0
BEN-001159,BEN-003059,0
BEN-000776,BEN-007045,0
BEN-006734,BEN-007904,0
BEN-002685,BEN-006250,0
BEN-007424,BEN-009627,0
BEN-002006,BEN-002484,0
BEN-005652,BEN-008592,0
BEN-003333,BEN-007384,0
BEN-002198,BEN-004839,0
BEN-003986,BEN-004074,1
BEN-002646,BEN-009938,0
BEN-001857,BEN-003687,0
BEN-001890,BEN-008391,0
BEN-004300,BEN-005455,0
BEN-001480,BEN-004104,0
BEN-008380,BEN-009376,0
BEN-004819,BEN-009428,0
BEN-002541,BEN-002567,0
BEN-005795,BEN-009558,0
BEN-000082,BEN-007627,0
BEN-003859,BEN-008510,0
BEN-001651,BEN-006108,0
BEN-002973,BEN-005069,0
BEN-002804,BEN-005930,0
BEN-005675,BEN-007178,0
BEN-001322,BEN-003399,0
BEN-005056,BEN-007592,0
BEN-005638,BEN-009651,0
BEN-005525,BEN-005658,0
BEN-001119,BEN-004630,0
BEN-002122,BEN-006212,0
BEN-002744,BEN-005885,0
BEN-004443,BEN-005439,0
BEN-001689,BEN-004182,0
BEN-002387,BEN-003081,0
BEN-001974,BEN-004725,0
BEN-001753,BEN-005975,0
BEN-000349,BEN-005989,0
BEN-000276,BEN-004358,0
BEN-004204,BEN-009261,0
BEN-004855,BEN-009268,0
BEN-005787,BEN-007540,0
BEN-001778,BEN-008654,0
BEN-008454,BEN-008505,0
BEN-004842,BEN-006717,0
BEN-001921,BEN-009125,0
BEN-001895,BEN-005797,0
BEN-005615,BEN-007208,0
BEN-007936,BEN-008385,0
BEN-001541,BEN-002676,0
BEN-000160,BEN-006957,0
BEN-000082,BEN-000083,0
BEN-003674,BEN-007149,0
BEN-001235,BEN-007276,0
BEN-001215,BEN-005238,0
BEN-000911,BEN-008762,0
BEN-005372,BEN-007242,0
BEN-003887,BEN-009187,0
BEN-002792,BEN-007892,0
BEN-001369,BEN-006983,0
BEN-000157,BEN-008743,0
BEN-006893,BEN-009533,0
BEN-001594,BEN-003219,0
BEN-003770,BEN-008061,0
BEN-008365,BEN-008415,0
BEN-002461,BEN-006742,0
BEN-004385,BEN-009893,0
BEN-006929,BEN-007964,0
BEN-000792,BEN-009788,0
BEN-002116,BEN-005111,0
BEN-000493,BEN-001327,0
BEN-001867,BEN-007368,0
BEN-004302,BEN-008124,0
BEN-004604,BEN-006117,0
BEN-004093,BEN-006812,0
BEN-007129,BEN-009496,0
BEN-000258,BEN-002171,0
BEN-001276,BEN-002096,0
BEN-004660,BEN-005857,0
BEN-002553,BEN-005878,0
BEN-000165,BEN-007912,0
BEN-003513,BEN-008322,0
BEN-004516,BEN-005128,0
BEN-001776,BEN-003606,0
BEN-003702,BEN-007754,0
BEN-006925,BEN-007670,0
BEN-000329,BEN-009090,0
BEN-002417,BEN-004926,0
BEN-001789,BEN-002686,0
BEN-001276,BEN-008497,1
BEN-001876,BEN-009225,0
BEN-002108,BEN-007578,0
BEN-001094,BEN-007396,0
BEN-005287,BEN-008434,0
BEN-001572,BEN-002705,0
BEN-003339,BEN-009914,0
BEN-001277,BEN-007198,0
BEN-001958,BEN-002277,0
BEN-000745,BEN-001639,0
BEN-005621,BEN-007657,0
BEN-009240,BEN-009826,0
BEN-009192,BEN-009803,0
BEN-007639,BEN-009125,0
BEN-001169,BEN-003076,0
BEN-002923,BEN-005834,0
BEN-000180,BEN-004097,0
BEN-001595,BEN-008394,0
BEN-003372,BEN-007497,0
BEN-004757,BEN-009007,0
BEN-004703,BEN-007424,0
BEN-004798,BEN-006338,0
BEN-000202,BEN-006974,0
BEN-000156,BEN-007270,0
BEN-001050,BEN-007010,0
BEN-005727,BEN-009509,0
BEN-003266,BEN-005264,0
BEN-000695,BEN-007204,0
BEN-007438,BEN-008687,0
BEN-005329,BEN-009814,0
BEN-001553,BEN-007322,0
BEN-001863,BEN-009556,0
BEN-004656,BEN-009576,0
BEN-001916,BEN-002160,0
BEN-001582,BEN-002787,0
BEN-005536,BEN-008343,0
BEN-001424,BEN-009947,0
BEN-004326,BEN-009657,0
BEN-000611,BEN-002571,0
BEN-000097,BEN-009219,0
BEN-004538,BEN-006733,0
BEN-002295,BEN-002832,0
BEN-003710,BEN-006504,0
BEN-006463,BEN-007135,0
BEN-003212,BEN-006788,0
BEN-007261,BEN-008293,0
BEN-001432,BEN-003032,0
BEN-005536,BEN-008924,0
BEN-007215,BEN-008032,0
BEN-007002,BEN-009374,0
BEN-004872,BEN-006459,0
BEN-002749,BEN-005835,0
BEN-005237,BEN-006112,0
BEN-003976,BEN-007055,0
BEN-004381,BEN-006723,0
BEN-003760,BEN-008954,0
BEN-006345,BEN-008811,0
BEN-008402,BEN-009852,0
BEN-003377,BEN-004727,0
BEN-003395,BEN-004869,0
BEN-004683,BEN-007359,0
BEN-000708,BEN-008121,0
BEN-002108,BEN-009209,0
BEN-002550,BEN-005417,0
BEN-000360,BEN-006406,0
BEN-002167,BEN-008836,0
BEN-002430,BEN-003096,0
BEN-003733,BEN-006210,0
BEN-000943,BEN-008961,0
BEN-002386,BEN-006961,0
BEN-004372,BEN-009238,0
BEN-002336,BEN-005717,0
BEN-000151,BEN-008812,0
BEN-004433,BEN-009781,0
BEN-003385,BEN-006487,0
BEN-006964,BEN-008236,0
BEN-005097,BEN-008653,0
BEN-000031,BEN-008007,0
BEN-008422,BEN-009501,0
BEN-002276,BEN-005431,0
BEN-005632,BEN-008156,0
BEN-008642,BEN-009908,0
BEN-006331,BEN-007259,0
BEN-003912,BEN-009283,0
BEN-000229,BEN-006497,0
BEN-001121,BEN-007768,0
BEN-002394,BEN-004264,0
BEN-005921,BEN-007901,0
BEN-003890,BEN-009768,0
BEN-000462,BEN-001406,0
BEN-006012,BEN-008634,0
BEN-006461,BEN-007321,0
BEN-005600,BEN-009261,0
BEN-003199,BEN-004280,0
BEN-008955,BEN-009535,0
BEN-004874,BEN-007853,0
BEN-004931,BEN-008687,0
BEN-002820,BEN-009781,0
BEN-007873,BEN-008248,0
BEN-004167,BEN-006252,0
BEN-005773,BEN-007657,0
BEN-001385,BEN-009660,0
BEN-001158,BEN-007457,0
BEN-001267,BEN-009043,0
BEN-006341,BEN-009457,0
BEN-007723,BEN-008419,0
BEN-001807,BEN-007735,0
BEN-000748,BEN-008013,0
BEN-000410,BEN-001639,0
BEN-005343,BEN-006568,0
BEN-003034,BEN-006388,0
BEN-003453,BEN-006122,0
BEN-002327,BEN-007794,0
BEN-001151,BEN-003201,0
BEN-000972,BEN-006213,0
BEN-003133,BEN-009465,0
BEN-003727,BEN-007714,0
BEN-006737,BEN-007031,0
BEN-003906,BEN-008349,0
BEN-000652,BEN-002300,0
BEN-004091,BEN-008124,0
BEN-001991,BEN-008940,0
BEN-000449,BEN-004743,0
BEN-000654,BEN-006114,0
BEN-000106,BEN-006729,0
BEN-005171,BEN-007073,0
BEN-006338,BEN-009458,0
BEN-005217,BEN-006032,0
BEN-000173,BEN-004333,0
BEN-001687,BEN-003888,0
BEN-001938,BEN-005574,0
BEN-001206,BEN-008586,0
BEN-001659,BEN-002837,0
BEN-001806,BEN-007167,0
BEN-008652,BEN-008752,0
BEN-002324,BEN-003051,0
BEN-004468,BEN-008895,0
BEN-000668,BEN-004285,0
BEN-006205,BEN-007593,0
BEN-002304,BEN-008887,0
BEN-000246,BEN-002385,0
BEN-001743,BEN-006208,0
BEN-006646,BEN-007218,0
BEN-001551,BEN-001899,0
BEN-006540,BEN-007220,0
BEN-006204,BEN-008523,0
BEN-008869,BEN-009193,0
BEN-003684,BEN-007234,0
BEN-000591,BEN-007680,0
BEN-000509,BEN-000846,0
BEN-002771,BEN-003476,0
BEN-005240,BEN-009600,0
BEN-008432,BEN-009631,0
BEN-004042,BEN-005179,0
BEN-008548,BEN-009330,0
BEN-000512,BEN-000615,0
BEN-003212,BEN-005922,0
BEN-000240,BEN-008089,0
BEN-002807,BEN-007209,0
BEN-001961,BEN-006302,0
BEN-006468,BEN-008457,0
BEN-002072,BEN-005883,0
BEN-004462,BEN-006925,0
BEN-005225,BEN-009286,0
BEN-000607,BEN-002178,0
BEN-005715,BEN-009490,0
BEN-003316,BEN-007678,0
BEN-002815,BEN-005854,0
BEN-000395,BEN-000640,0
BEN-005238,BEN-007794,0
BEN-002977,BEN-008739,0
BEN-002067,BEN-008993,0
BEN-005970,BEN-007668,0
BEN-001868,BEN-007982,0
BEN-003579,BEN-003929,0
BEN-001938,BEN-004232,0
BEN-003345,BEN-009183,0
BEN-001477,BEN-006464,1
BEN-007552,BEN-009205,1
BEN-006027,BEN-008513,0
BEN-003321,BEN-005847,0
BEN-003658,BEN-007612,0
BEN-005006,BEN-005714,0
BEN-005125,BEN-005320,0
BEN-000085,BEN-000451,0
BEN-006947,BEN-009466,0
BEN-002980,BEN-006048,0
BEN-002792,BEN-003766,0
BEN-005293,BEN-006855,0
BEN-005953,BEN-009923,0
BEN-003411,BEN-008262,0
BEN-000767,BEN-005758,0
BEN-004544,BEN-008167,0
BEN-007505,BEN-008269,0
BEN-003109,BEN-008678,0
BEN-003482,BEN-005089,0
BEN-001555,BEN-007468,0
BEN-001058,BEN-002946,0
BEN-000813,BEN-003388,0
BEN-005103,BEN-005245,0
BEN-001913,BEN-003943,0
BEN-003845,BEN-007866,0
BEN-006369,BEN-007530,0
BEN-002665,BEN-005421,0
BEN-003922,BEN-006782,0
BEN-002001,BEN-009545,0
BEN-004276,BEN-007659,0
BEN-003713,BEN-006561,0
BEN-008595,BEN-009918,0
BEN-000363,BEN-006017,0
BEN-005806,BEN-005979,0
BEN-005748,BEN-007881,0
BEN-003108,BEN-009180,0
BEN-002010,BEN-009988,0
BEN-000023,BEN-002207,0
BEN-003639,BEN-004855,0
BEN-003133,BEN-004704,0
BEN-002316,BEN-007035,0
BEN-001578,BEN-008115,0
BEN-000922,BEN-008513,0
BEN-001940,BEN-009990,0
BEN-000684,BEN-004393,0
BEN-003370,BEN-004247,0
BEN-009133,BEN-009912,0
BEN-001767,BEN-007987,0
BEN-004276,BEN-008636,0
BEN-005369,BEN-007017,0
BEN-003012,BEN-007156,0
BEN-003280,BEN-007273,0
BEN-000156,BEN-009777,0
BEN-002330,BEN-007380,0
BEN-005981,BEN-007329,0
BEN-004891,BEN-006657,0
BEN-001334,BEN-009833,0
BEN-003686,BEN-006335,0
BEN-003601,BEN-005813,0
BEN-004035,BEN-007288,0
BEN-001238,BEN-001786,0
BEN-002206,BEN-006326,0
BEN-001697,BEN-005766,0
BEN-003063,BEN-003563,0
BEN-000706,BEN-007925,0
BEN-003351,BEN-004102,0
BEN-006059,BEN-009073,0
BEN-001258,BEN-005787,0
BEN-006815,BEN-007725,0
BEN-002103,BEN-005139,0
BEN-000860,BEN-009888,0
BEN-004508,BEN-006333,0
BEN-000064,BEN-004529,0
BEN-007625,BEN-008850,0
BEN-005594,BEN-009012,0
BEN-005238,BEN-005901,0
BEN-003198,BEN-009173,0
BEN-000136,BEN-009529,0
BEN-006535,BEN-009327,0
BEN-001123,BEN-003034,0
BEN-002408,BEN-005501,0
BEN-006265,BEN-009198,0
BEN-004779,BEN-004814,0
BEN-003650,BEN-008378,0
BEN-000564,BEN-001448,0
BEN-000794,BEN-007811,0
BEN-005460,BEN-007626,0
BEN-006160,BEN-006177,0
BEN-003612,BEN-007122,0
BEN-001778,BEN-002287,0
BEN-004400,BEN-005962,0
BEN-001961,BEN-005555,0
BEN-008338,BEN-008475,0
BEN-005840,BEN-008547,0
BEN-002806,BEN-003793,0
BEN-002077,BEN-008681,0
BEN-000852,BEN-003173,0
BEN-002037,BEN-009383,0
BEN-001203,BEN-005603,0
BEN-005800,BEN-009840,0
BEN-000690,BEN-000832,0
BEN-002723,BEN-007242,0
BEN-006416,BEN-009567,0
BEN-000756,BEN-003134,0
BEN-001666,BEN-004865,0
BEN-002944,BEN-003869,0
BEN-006804,BEN-008309,0
BEN-003010,BEN-004704,1
BEN-002148,BEN-003086,0
BEN-000371,BEN-007390,0
BEN-006243,BEN-008907,0
BEN-004321,BEN-006775,0
BEN-000946,BEN-002622,0
BEN-002826,BEN-008876,0
BEN-000053,BEN-005923,0
BEN-003466,BEN-007052,0
BEN-006835,BEN-007431,0
BEN-000552,BEN-001162,0
BEN-001907,BEN-003746,0
BEN-005698,BEN-006475,1
BEN-001952,BEN-005568,0
BEN-005376,BEN-009808,0
BEN-002852,BEN-004626,0
BEN-008585,BEN-008923,0
BEN-004201,BEN-009375,0
BEN-001313,BEN-004146,0
BEN-002027,BEN-003650,1
BEN-000313,BEN-001860,0
BEN-001319,BEN-006304,0
BEN-000350,BEN-009296,0
BEN-001852,BEN-006709,0
BEN-005560,BEN-006137,0
BEN-000012,BEN-005704,0
BEN-004532,BEN-006162,0
BEN-005149,BEN-006396,0
BEN-002949,BEN-003610,0
BEN-000158,BEN-001272,0
BEN-000954,BEN-005887,0
BEN-002457,BEN-009564,0
BEN-003956,BEN-005701,0
BEN-002252,BEN-003695,0
BEN-006454,BEN-008924,0
BEN-000647,BEN-005054,0
BEN-002315,BEN-002352,0
BEN-002739,BEN-005148,0
BEN-004146,BEN-009525,1
BEN-001366,BEN-008177,0
BEN-008821,BEN-009415,0
BEN-003909,BEN-005203,0
BEN-000476,BEN-006870,0
BEN-000370,BEN-001889,0
BEN-006951,BEN-008534,0
BEN-003191,BEN-005983,0
BEN-002394,BEN-007964,0
BEN-005468,BEN-009827,0
BEN-004693,BEN-005168,0
BEN-005085,BEN-005803,0
BEN-009602,BEN-009888,0
BEN-003137,BEN-009869,0
BEN-002838,BEN-008078,0
BEN-007060,BEN-007851,0
BEN-001162,BEN-007727,0
BEN-001469,BEN-002036,0
BEN-001256,BEN-007468,0
BEN-003495,BEN-005345,0
BEN-000632,BEN-005726,0
BEN-003957,BEN-006822,0
BEN-002507,BEN-008370,0
BEN-004032,BEN-007430,0
BEN-003118,BEN-008337,0
BEN-000193,BEN-009526,0
BEN-000497,BEN-001966,0
BEN-003092,BEN-003531,0
BEN-002050,BEN-005761,0
BEN-007810,BEN-009272,0
BEN-004052,BEN-008236,0
BEN-004410,BEN-005975,0
BEN-001858,BEN-008595,0
BEN-004586,BEN-004852,0
BEN-003995,BEN-009204,0
BEN-000702,BEN-008903,0
BEN-007022,BEN-008615,0
BEN-000202,BEN-008632,0
BEN-005646,BEN-009282,0
BEN-002239,BEN-009980,0
BEN-006342,BEN-008649,0
BEN-001522,BEN-001734,0
BEN-005501,BEN-007000,0
BEN-001018,BEN-002849,0
BEN-003792,BEN-006176,0
BEN-004342,BEN-009634,0
BEN-002600,BEN-006226,0
BEN-000616,BEN-009103,0
BEN-002747,BEN-005473,0
BEN-002769,BEN-003308,0
BEN-001244,BEN-009796,0
BEN-003467,BEN-005025,0
BEN-000879,BEN-002839,0
BEN-000879,BEN-001826,0
BEN-001916,BEN-007394,0
BEN-000888,BEN-005487,0
BEN-002558,BEN-008280,0
BEN-001123,BEN-008867,0
BEN-000766,BEN-001419,0
BEN-003075,BEN-009642,0
BEN-002139,BEN-002230,0
BEN-000811,BEN-001877,0
BEN-000108,BEN-000623,0
BEN-003373,BEN-008094,0
BEN-000326,BEN-001019,0
BEN-000734,BEN-003745,0
BEN-001346,BEN-005497,0
BEN-004344,BEN-007159,0
BEN-001993,BEN-006718,0
BEN-001034,BEN-004515,0
BEN-001153,BEN-007113,0
BEN-001975,BEN-006531,0
BEN-001154,BEN-006173,0
BEN-005401,BEN-009545,0
BEN-003673,BEN-006410,0
BEN-001440,BEN-009027,0
BEN-004852,BEN-006744,0
BEN-001291,BEN-007153,0
BEN-002702,BEN-009334,0
BEN-005997,BEN-006096,0
BEN-005030,BEN-007668,0
BEN-005994,BEN-008194,0
BEN-003788,BEN-007151,0
BEN-003856,BEN-005973,0
BEN-003364,BEN-005026,0
BEN-002489,BEN-005370,0
BEN-000355,BEN-002906,0
BEN-000935,BEN-008584,0
BEN-004979,BEN-006863,0
BEN-000314,BEN-002592,0
BEN-005152,BEN-006071,0
BEN-001678,BEN-008653,0
BEN-003192,BEN-009661,0
BEN-004658,BEN-005431,0
BEN-001786,BEN-008986,0
BEN-002341,BEN-006683,0
BEN-000551,BEN-001764,0
BEN-007292,BEN-007492,0
BEN-002080,BEN-009952,0
BEN-001314,BEN-002776,0
BEN-001819,BEN-007698,0
BEN-000769,BEN-001842,0
BEN-003769,BEN-004508,0
BEN-004299,BEN-005904,0
BEN-002951,BEN-007515,0
BEN-001683,BEN-002751,0
BEN-007747,BEN-009713,0
BEN-007024,BEN-008131,0
BEN-006692,BEN-008779,0
BEN-008692,BEN-009139,0
BEN-006522,BEN-008989,0
BEN-002781,BEN-005124,0
BEN-001553,BEN-003588,0
BEN-002073,BEN-002596,0
BEN-001355,BEN-004264,0
BEN-004863,BEN-005452,0
BEN-006563,BEN-008780,0
BEN-001333,BEN-005886,0
BEN-001432,BEN-007953,0
BEN-001781,BEN-006935,1
BEN-002690,BEN-007518,0
BEN-002747,BEN-004364,0
BEN-001394,BEN-003559,0
BEN-000017,BEN-000803,0
BEN-008687,BEN-009832,0
BEN-002986,BEN-008504,0
BEN-005226,BEN-006669,0
BEN-005359,BEN-009150,0
BEN-000898,BEN-002872,0
BEN-004207,BEN-004551,0
BEN-002897,BEN-006681,0
BEN-000432,BEN-003915,0
BEN-000472,BEN-005829,0
BEN-007319,BEN-009623,0
BEN-002926,BEN-003641,0
BEN-004559,BEN-005726,0
BEN-000439,BEN-006698,0
BEN-008850,BEN-009843,0
BEN-003304,BEN-005939,0
BEN-005866,BEN-007475,0
BEN-000881,BEN-003247,0
BEN-004342,BEN-005567,0
BEN-003421,BEN-009375,0
BEN-002669,BEN-007699,1
BEN-006516,BEN-008365,0
BEN-007049,BEN-008335,0
BEN-001294,BEN-009161,0
BEN-000351,BEN-001009,0
BEN-002719,BEN-005763,0
BEN-000134,BEN-004686,0
BEN-005694,BEN-006020,0
BEN-002613,BEN-007669,0
BEN-005443,BEN-007755,0
BEN-000364,BEN-002807,0
BEN-000827,BEN-007496,0
BEN-007831,BEN-008700,0
BEN-000707,BEN-000850,0
BEN-008220,BEN-008296,0
BEN-002458,BEN-004990,0
BEN-003702,BEN-006365,0
BEN-002827,BEN-005176,0
BEN-000056,BEN-006926,0
BEN-000936,BEN-009922,0
BEN-000467,BEN-000470,0
BEN-001954,BEN-005134,0
BEN-006930,BEN-009821,0
BEN-007082,BEN-008328,0
BEN-000101,BEN-004687,0
BEN-008265,BEN-008706,0
BEN-006789,BEN-007309,1
BEN-003273,BEN-005549,0
BEN-007900,BEN-008849,0
BEN-007057,BEN-009892,0
BEN-001330,BEN-001373,0
BEN-005097,BEN-009505,0
BEN-005927,BEN-008497,0
BEN-003483,BEN-003965,0
BEN-005899,BEN-006869,0
BEN-002277,BEN-008228,0
BEN-004358,BEN-008723,0
BEN-003527,BEN-008038,0
BEN-000217,BEN-006357,0
BEN-002287,BEN-002674,0
BEN-005178,BEN-005870,0
BEN-007755,BEN-008417,0
BEN-000644,BEN-007642,0
BEN-000136,BEN-008967,0
BEN-001889,BEN-007346,0
BEN-002376,BEN-003342,0
BEN-001731,BEN-005951,0
BEN-006168,BEN-009483,0
BEN-003093,BEN-003836,0
BEN-006824,BEN-008976,0
BEN-001037,BEN-006940,0
BEN-004328,BEN-009108,0
BEN-006496,BEN-009253,0
BEN-006053,BEN-006671,0
BEN-002911,BEN-003225,0
BEN-002443,BEN-006676,0
BEN-001560,BEN-003766,0
BEN-001648,BEN-002828,0
BEN-002232,BEN-009350,0
BEN-000220,BEN-001700,0
BEN-002334,BEN-009948,0
BEN-006538,BEN-006982,0
BEN-003757,BEN-005837,0
BEN-007349,BEN-009186,0
BEN-007593,BEN-009205,0
BEN-006282,BEN-007295,0
BEN-002669,BEN-005239,0
BEN-003416,BEN-009563,0
BEN-007770,BEN-008305,0
BEN-006499,BEN-008267,0
BEN-003846,BEN-007126,0
BEN-000025,BEN-006006,0
BEN-000695,BEN-006485,0
BEN-003085,BEN-004439,0
BEN-004414,BEN-005414,0
BEN-003480,BEN-007013,0
BEN-005781,BEN-009468,0
BEN-005698,BEN-006072,1
BEN-002957,BEN-005216,0
BEN-007427,BEN-008539,0
BEN-000447,BEN-004232,0
BEN-008272,BEN-008350,1
BEN-001080,BEN-003235,0
BEN-000208,BEN-003424,0
BEN-001023,BEN-001380,0
BEN-002119,BEN-009047,0
BEN-001208,BEN-007638,0
BEN-008771,BEN-008880,0
BEN-000440,BEN-000470,0
BEN-003176,BEN-005184,0
BEN-000752,BEN-004397,0
BEN-000037,BEN-008264,0
BEN-001983,BEN-008272,0
BEN-004116,BEN-008726,0
BEN-003101,BEN-005588,0
BEN-005557,BEN-009590,0
BEN-003442,BEN-004166,0
BEN-006378,BEN-007130,0
BEN-005456,BEN-008818,0
BEN-003027,BEN-008012,0
BEN-001535,BEN-001583,0
BEN-001345,BEN-007812,0
BEN-000436,BEN-007476,0
BEN-001961,BEN-008404,0
BEN-005243,BEN-009079,0
BEN-003117,BEN-004693,0
BEN-000541,BEN-006447,0
BEN-000621,BEN-000758,0
BEN-001355,BEN-001405,0
BEN-004584,BEN-006588,0
BEN-000088,BEN-001805,0
BEN-000282,BEN-001331,0
BEN-007400,BEN-009361,0
BEN-004736,BEN-005175,0
BEN-000239,BEN-007527,0
BEN-002659,BEN-008126,0
BEN-005704,BEN-008873,0
BEN-000878,BEN-004162,0
BEN-008630,BEN-009329,0
BEN-002954,BEN-009229,0
BEN-003769,BEN-007964,0
BEN-005196,BEN-007623,0
BEN-002860,BEN-008687,0
BEN-005341,BEN-006654,0
BEN-003046,BEN-004684,1
BEN-000962,BEN-006612,0
BEN-008603,BEN-009763,0
BEN-002906,BEN-009198,0
BEN-001011,BEN-005477,0
BEN-006115,BEN-007871,0
BEN-005605,BEN-006553,0
BEN-003531,BEN-009789,0
BEN-005423,BEN-007137,0
BEN-003357,BEN-006986,0
BEN-003836,BEN-004771,0
BEN-001016,BEN-003667,0
BEN-004218,BEN-005350,0
BEN-001010,BEN-007284,0
BEN-003693,BEN-007967,0
BEN-002179,BEN-008611,0
BEN-001449,BEN-006493,0
BEN-006654,BEN-008619,0
BEN-002113,BEN-005775,0
BEN-002312,BEN-003849,0
BEN-002833,BEN-006193,0
BEN-006630,BEN-009131,0
BEN-006877,BEN-009465,0
BEN-002565,BEN-009700,0
BEN-002300,BEN-007126,0
BEN-000217,BEN-005925,0
BEN-005799,BEN-007259,0
BEN-007240,BEN-008686,0
BEN-000631,BEN-003941,0
BEN-001347,BEN-008913,0
BEN-003422,BEN-005391,0
BEN-000783,BEN-001762,0
BEN-001489,BEN-009943,0
BEN-000950,BEN-003827,0
BEN-001701,BEN-008745,0
BEN-000976,BEN-002848,0
BEN-008295,BEN-008600,0
BEN-001393,BEN-001845,0
BEN-002784,BEN-005743,0
BEN-000520,BEN-002019,0
BEN-000720,BEN-003409,0
BEN-002460,BEN-005683,0
BEN-007519,BEN-008672,0
BEN-002821,BEN-003237,0
BEN-004886,BEN-009840,0
BEN-005147,BEN-007787,0
BEN-005921,BEN-007701,0
BEN-002558,BEN-003948,0
BEN-002041,BEN-006516,0
BEN-003290,BEN-006193,0
BEN-006921,BEN-007144,0
BEN-000704,BEN-006305,0
BEN-000112,BEN-006483,0
BEN-003302,BEN-009777,0
BEN-001186,BEN-001675,0
BEN-001075,BEN-003020,0
BEN-002754,BEN-007109,0
BEN-002256,BEN-002760,0
BEN-001755,BEN-001971,0
BEN-006756,BEN-008344,0
BEN-003158,BEN-009166,0
BEN-006453,BEN-008599,0
BEN-007296,BEN-008121,1
BEN-001160,BEN-001372,0
BEN-004047,BEN-008354,0
BEN-005008,BEN-005098,0
BEN-003479,BEN-003996,0
BEN-000773,BEN-001129,0
BEN-008282,BEN-009191,0
BEN-005255,BEN-008551,0
BEN-003440,BEN-004568,0
BEN-000967,BEN-009435,0
BEN-006122,BEN-007771,0
BEN-002541,BEN-005136,0
BEN-007306,BEN-009979,0
BEN-000519,BEN-005668,1
BEN-001504,BEN-009266,0
BEN-000240,BEN-003608,0
BEN-004219,BEN-005327,0
BEN-004178,BEN-008143,0
BEN-000340,BEN-002775,1
BEN-007436,BEN-008805,0
BEN-001702,BEN-002366,0
BEN-003548,BEN-005932,0
BEN-007766,BEN-009064,0
BEN-004573,BEN-008756,0
BEN-001989,BEN-008751,0
BEN-004721,BEN-009157,0
BEN-002750,BEN-007695,0
BEN-000972,BEN-003163,0
BEN-003226,BEN-004094,0
BEN-002380,BEN-007779,0
BEN-001509,BEN-005644,0
BEN-001067,BEN-009295,0
BEN-006715,BEN-007903,0
BEN-004474,BEN-005019,0
BEN-001991,BEN-006448,0
BEN-003098,BEN-004063,0
BEN-000526,BEN-004840,0
BEN-001082,BEN-004027,0
BEN-005172,BEN-007275,0
BEN-006807,BEN-009984,0
BEN-003667,BEN-009502,0
BEN-007479,BEN-009081,0
BEN-000422,BEN-005764,0
BEN-007073,BEN-009113,0
BEN-002012,BEN-003098,0
BEN-002485,BEN-005960,0
BEN-007573,BEN-009532,0
BEN-004932,BEN-009777,0
BEN-004704,BEN-006027,0
BEN-003958,BEN-005864,0
BEN-000064,BEN-008722,0
BEN-001781,BEN-003662,1
BEN-000714,BEN-003901,0
BEN-002230,BEN-007491,0
BEN-003916,BEN-009635,0
BEN-004624,BEN-005974,0
BEN-002833,BEN-005853,0
BEN-001388,BEN-005189,0
BEN-001271,BEN-005469,0
BEN-004262,BEN-007804,0
BEN-000505,BEN-008234,0
BEN-003917,BEN-006330,0
BEN-003295,BEN-009085,0
BEN-005333,BEN-009713,0
BEN-000551,BEN-007924,0
BEN-000927,BEN-005310,0
BEN-004074,BEN-006990,1
BEN-001659,BEN-008437,0
BEN-005553,BEN-006761,0
BEN-003672,BEN-007155,0
BEN-004544,BEN-008646,0
BEN-006107,BEN-007884,0
BEN-001169,BEN-005297,0
BEN-007344,BEN-009062,0
BEN-006238,BEN-009592,0
BEN-003303,BEN-005828,0
BEN-005367,BEN-009040,0
BEN-001489,BEN-001558,0
BEN-001401,BEN-003342,0
BEN-008989,BEN-009278,0
BEN-000270,BEN-001585,0
BEN-001134,BEN-008172,0
BEN-000781,BEN-003905,0
BEN-001354,BEN-004095,0
BEN-000094,BEN-002384,0
BEN-001840,BEN-008853,0
BEN-003799,BEN-006334,0
BEN-002889,BEN-009483,0
BEN-000126,BEN-004450,0
BEN-000810,BEN-005774,0
BEN-003416,BEN-004123,0
BEN-003493,BEN-004196,0
BEN-006199,BEN-008679,1
BEN-005924,BEN-008286,0
BEN-003246,BEN-006485,0
BEN-001688,BEN-005303,0
BEN-005663,BEN-006859,0
BEN-003688,BEN-004335,0
BEN-000444,BEN-009909,0
BEN-004823,BEN-005482,0
BEN-001976,BEN-006265,0
BEN-006200,BEN-008963,0
BEN-003646,BEN-005592,0
BEN-002842,BEN-006596,0
BEN-001425,BEN-003947,0
BEN-003080,BEN-009640,0
BEN-007197,BEN-008243,0
BEN-003899,BEN-006287,0
BEN-004850,BEN-009839,0
BEN-005264,BEN-007276,0
BEN-005567,BEN-009483,0
BEN-003239,BEN-003282,0
BEN-003277,BEN-009832,0
BEN-004000,BEN-005100,0
BEN-004896,BEN-008881,0
BEN-001366,BEN-008791,0
BEN-001792,BEN-002969,0
BEN-000024,BEN-003110,0
BEN-002640,BEN-008645,0
BEN-000611,BEN-003677,0
BEN-006021,BEN-008097,0
BEN-007216,BEN-007236,0
BEN-005628,BEN-007696,0
BEN-002121,BEN-009560,0
BEN-004728,BEN-006878,0
BEN-000492,BEN-009087,0
BEN-002457,BEN-009803,0
BEN-006344,BEN-007944,0
BEN-004750,BEN-007309,0
BEN-004299,BEN-006212,0
BEN-001073,BEN-001139,0
BEN-003866,BEN-008697,1
BEN-001581,BEN-009702,0
BEN-000406,BEN-007128,0
BEN-002519,BEN-002949,0
BEN-006376,BEN-009905,0
BEN-002902,BEN-006187,0
BEN-003035,BEN-009536,0
BEN-000023,BEN-007911,0
BEN-001987,BEN-006580,0
BEN-001708,BEN-006004,0
BEN-005149,BEN-008833,0
BEN-001705,BEN-006284,0
BEN-000956,BEN-004227,0
BEN-001860,BEN-007111,0
BEN-000525,BEN-001570,0
BEN-004453,BEN-008945,0
BEN-002250,BEN-005527,0
BEN-001008,BEN-001142,0
BEN-002493,BEN-008801,0
BEN-001769,BEN-008876,0
BEN-004401,BEN-007308,0
BEN-003076,BEN-004837,0
BEN-000210,BEN-006667,0
BEN-000061,BEN-003039,0
BEN-001581,BEN-002558,0
BEN-006958,BEN-009542,0
BEN-006346,BEN-006623,0
BEN-004437,BEN-006287,0
BEN-000039,BEN-003680,0
BEN-000234,BEN-001586,0
BEN-003091,BEN-007403,0
BEN-002662,BEN-005047,0
BEN-001934,BEN-008990,0
BEN-004287,BEN-009330,0
BEN-002660,BEN-008723,0
BEN-004234,BEN-004747,0
BEN-002851,BEN-003085,0
BEN-006622,BEN-009727,0
BEN-005643,BEN-007555,0
BEN-009358,BEN-009503,0
BEN-002671,BEN-004236,0
BEN-004549,BEN-009047,0
BEN-004568,BEN-005971,0
BEN-002961,BEN-003676,0
BEN-000775,BEN-004863,0
BEN-003098,BEN-007777,0
BEN-009126,BEN-009876,0
BEN-009807,BEN-009854,0
BEN-000595,BEN-002859,0
BEN-000634,BEN-002321,0
BEN-000210,BEN-000315,0
BEN-000305,BEN-008204,0
BEN-001982,BEN-009923,0
BEN-001437,BEN-005851,0
BEN-004097,BEN-008988,0
BEN-004762,BEN-009465,0
BEN-001922,BEN-008573,0
BEN-007582,BEN-008446,0
BEN-003900,BEN-004349,0
BEN-004306,BEN-009312,0
BEN-000082,BEN-008053,0
BEN-001448,BEN-006773,0
BEN-002420,BEN-005113,0
BEN-003303,BEN-008147,0
BEN-000867,BEN-004509,0
BEN-003128,BEN-007527,0
BEN-005311,BEN-005397,0
BEN-005113,BEN-009653,0
BEN-007427,BEN-008442,0
BEN-007664,BEN-009224,0
BEN-002042,BEN-008685,0
BEN-005179,BEN-009235,0
BEN-004042,BEN-009725,0
BEN-005930,BEN-008318,0
BEN-000487,BEN-009457,0
BEN-005171,BEN-005660,1
BEN-000125,BEN-003643,0
BEN-000243,BEN-000580,0
BEN-009408,BEN-009413,0
BEN-002523,BEN-003972,0
BEN-001714,BEN-003989,0
BEN-003183,BEN-008850,0
BEN-003457,BEN-007758,0
BEN-002116,BEN-008906,0
BEN-005312,BEN-007734,0
BEN-006056,BEN-007270,0
BEN-002175,BEN-005920,0
BEN-001807,BEN-002475,0
BEN-000645,BEN-000735,0
BEN-000881,BEN-006162,1
BEN-000009,BEN-000142,0
BEN-000249,BEN-009874,0
BEN-001518,BEN-003887,0
BEN-003718,BEN-005933,0
BEN-000472,BEN-009483,0
BEN-004727,BEN-009910,0
BEN-008150,BEN-008950,0
BEN-004050,BEN-005257,0
BEN-002485,BEN-002722,0
BEN-002203,BEN-007524,0
BEN-004793,BEN-009140,0
BEN-006559,BEN-009602,0
BEN-002646,BEN-004913,0
BEN-008256,BEN-009569,0
BEN-004830,BEN-005979,0
BEN-006102,BEN-009153,0
BEN-000200,BEN-007525,0
BEN-007995,BEN-008847,0
BEN-000058,BEN-000224,0
BEN-004200,BEN-009609,0
BEN-002964,BEN-008518,0
BEN-000511,BEN-007371,0
BEN-008325,BEN-009610,0
BEN-004151,BEN-009974,0
BEN-008151,BEN-009272,0
BEN-004346,BEN-007955,0
BEN-001197,BEN-006602,0
BEN-005240,BEN-008322,0
BEN-005963,BEN-009270,0
BEN-001373,BEN-001960,0
BEN-004387,BEN-009197,0
BEN-005186,BEN-007696,0
BEN-001854,BEN-009302,0
BEN-002834,BEN-006101,0
BEN-008201,BEN-008509,0
BEN-002158,BEN-007691,0
BEN-003267,BEN-005196,0
BEN-005226,BEN-006846,0
BEN-002396,BEN-009518,0
BEN-003788,BEN-005866,0
BEN-004744,BEN-009335,0
BEN-006073,BEN-006522,0
BEN-006444,BEN-008705,0
BEN-004789,BEN-007361,0
BEN-006659,BEN-008482,0
BEN-000288,BEN-003691,0
BEN-008619,BEN-009189,0
BEN-002220,BEN-003636,0
BEN-000219,BEN-002129,0
BEN-006122,BEN-009058,0
BEN-004786,BEN-007111,1
BEN-004875,BEN-008818,0
BEN-002621,BEN-003220,0
BEN-000729,BEN-001117,1
BEN-001480,BEN-005589,0
BEN-008077,BEN-008595,0
BEN-002039,BEN-006299,0
BEN-000956,BEN-009585,0
BEN-001660,BEN-007073,0
BEN-004863,BEN-007724,0
BEN-002665,BEN-003309,0
BEN-002660,BEN-007956,0
BEN-001782,BEN-005715,0
BEN-001880,BEN-007179,0
BEN-001911,BEN-007775,0
BEN-000111,BEN-009051,0
BEN-000206,BEN-002038,0
BEN-002347,BEN-002802,0
BEN-003202,BEN-006353,0
BEN-000597,BEN-006688,0
BEN-002764,BEN-007511,0
BEN-008504,BEN-008929,0
BEN-005310,BEN-006661,0
BEN-004708,BEN-005728,0
BEN-001060,BEN-002197,0
BEN-006067,BEN-006372,0
BEN-001085,BEN-007622,0
BEN-007436,BEN-008550,0
BEN-001259,BEN-009833,0
BEN-003617,BEN-008887,0
BEN-007547,BEN-009222,0
BEN-000994,BEN-006535,0
BEN-004274,BEN-005699,0
BEN-008032,BEN-009927,0
BEN-002763,BEN-007201,0
BEN-006789,BEN-007322,0
BEN-002129,BEN-006539,0
BEN-003395,BEN-009328,0
BEN-001384,BEN-008041,0
BEN-004746,BEN-009209,0
BEN-003655,BEN-007576,0
BEN-000031,BEN-000282,0
BEN-000260,BEN-000842,0
BEN-003337,BEN-008973,0
BEN-001241,BEN-005848,0
BEN-000989,BEN-007879,0
BEN-000639,BEN-003392,0
BEN-008093,BEN-009243,0
BEN-003853,BEN-007911,0
BEN-004853,BEN-008068,0
BEN-006276,BEN-008882,0
BEN-004806,BEN-008658,0
BEN-001173,BEN-001361,0
BEN-001475,BEN-002134,0
BEN-005418,BEN-005852,0
BEN-007033,BEN-009386,0
BEN-008910,BEN-009145,0
BEN-001519,BEN-008074,0
BEN-002296,BEN-002738,0
BEN-000333,BEN-001400,0
BEN-000661,BEN-002895,0
BEN-001514,BEN-004246,0
BEN-005624,BEN-006011,0
BEN-002410,BEN-009713,0
BEN-003702,BEN-008996,0
BEN-003944,BEN-004321,0
BEN-003530,BEN-004022,0
BEN-004133,BEN-009956,0
BEN-000272,BEN-006901,0
BEN-000164,BEN-009433,0
BEN-007781,BEN-008294,0
BEN-001202,BEN-001741,0
BEN-000657,BEN-001192,0
BEN-000134,BEN-002268,0
BEN-004083,BEN-009310,0
BEN-006916,BEN-007176,0
BEN-006138,BEN-007676,0
BEN-000324,BEN-009273,0
BEN-001766,BEN-003213,0
BEN-003501,BEN-007558,0
BEN-001500,BEN-003473,0
BEN-003034,BEN-004120,0
BEN-009457,BEN-009567,0
BEN-005754,BEN-006735,0
BEN-004316,BEN-007264,0
BEN-001736,BEN-003957,0
BEN-006064,BEN-006125,0
BEN-007950,BEN-009374,0
BEN-002014,BEN-005098,0
BEN-003863,BEN-008932,0
BEN-004275,BEN-005006,0
BEN-002581,BEN-007658,0
BEN-002288,BEN-003721,0
BEN-005580,BEN-009874,0
BEN-005770,BEN-007915,0
BEN-008739,BEN-009459,0
BEN-000438,BEN-003739,0
BEN-000508,BEN-001683,0
BEN-003287,BEN-005057,0
BEN-002457,BEN-004532,0
BEN-001140,BEN-005340,0
BEN-000426,BEN-004893,0
BEN-002073,BEN-009217,0
BEN-002482,BEN-007689,0
BEN-004289,BEN-004918,1
BEN-004374,BEN-007041,0
BEN-001555,BEN-007667,0
BEN-005040,BEN-007178,0
BEN-006101,BEN-009305,0
BEN-002958,BEN-007688,0
BEN-001716,BEN-008835,0
BEN-002735,BEN-007661,0
BEN-007327,BEN-007629,0
BEN-001293,BEN-009108,0
BEN-000652,BEN-008015,0
BEN-000999,BEN-004186,0
BEN-001280,BEN-008425,0
BEN-004443,BEN-004702,0
BEN-002893,BEN-006837,0
BEN-000207,BEN-007256,0
BEN-008405,BEN-009822,0
BEN-008834,BEN-009877,0
BEN-004703,BEN-009885,0
BEN-003863,BEN-004343,0
BEN-003268,BEN-007295,0
BEN-006066,BEN-008368,1
BEN-001111,BEN-008066,0
BEN-004226,BEN-004296,0
BEN-005776,BEN-008480,0
BEN-006862,BEN-009881,0
BEN-001685,BEN-007095,0
BEN-006507,BEN-009258,0
BEN-004115,BEN-008666,0
BEN-000406,BEN-007279,0
BEN-000325,BEN-001182,0
BEN-006587,BEN-006624,0
BEN-006457,BEN-007889,0
BEN-006935,BEN-008480,0
BEN-003907,BEN-006658,0
BEN-006367,BEN-007643,0
BEN-001903,BEN-005988,0
BEN-004604,BEN-009929,0
BEN-000663,BEN-006742,0
BEN-002006,BEN-007860,0
BEN-000062,BEN-008441,0
BEN-000146,BEN-002055,0
BEN-001775,BEN-007781,0
BEN-004408,BEN-004471,0
BEN-001357,BEN-006233,0
BEN-008233,BEN-008351,0
BEN-003249,BEN-005614,0
BEN-001620,BEN-009845,0
BEN-001783,BEN-006911,0
BEN-006464,BEN-009363,1
BEN-002412,BEN-003366,0
BEN-001960,BEN-004045,0
BEN-001825,BEN-002103,0
BEN-005909,BEN-007782,0
BEN-002322,BEN-008267,0
BEN-003804,BEN-004045,0
BEN-003511,BEN-008436,0
BEN-003115,BEN-005408,0
BEN-005819,BEN-006314,0
BEN-000701,BEN-006810,0
BEN-000161,BEN-004221,0
BEN-002171,BEN-008307,0
BEN-000476,BEN-007682,0
BEN-003847,BEN-007497,0
BEN-001705,BEN-007805,0
BEN-004415,BEN-009453,0
BEN-003574,BEN-007032,0
BEN-001105,BEN-004400,0
BEN-007028,BEN-008622,0
BEN-002246,BEN-007231,0
BEN-004483,BEN-008263,0
BEN-000180,BEN-004233,0
BEN-005524,BEN-006023,0
BEN-002817,BEN-009657,0
BEN-000206,BEN-009660,0
BEN-002626,BEN-009117,0
BEN-004933,BEN-007999,0
BEN-000177,BEN-005283,0
BEN-002735,BEN-006744,0
BEN-000511,BEN-002653,0
BEN-000820,BEN-003311,0
BEN-001341,BEN-003199,0
BEN-003444,BEN-007107,0
BEN-000104,BEN-004266,0
BEN-003580,BEN-009331,0
BEN-000553,BEN-004777,0
BEN-003248,BEN-006779,0
BEN-000932,BEN-003659,0
BEN-001600,BEN-005789,0
BEN-000252,BEN-008328,0
BEN-000986,BEN-007540,0
BEN-002906,BEN-003960,0
BEN-006077,BEN-008406,0
BEN-002361,BEN-003176,0
BEN-004084,BEN-009277,0
BEN-006274,BEN-009645,0
BEN-009364,BEN-009808,0
BEN-000481,BEN-000496,0
BEN-004228,BEN-007780,0
BEN-005811,BEN-009401,0
BEN-001775,BEN-004927,0
BEN-004198,BEN-006759,0
BEN-006993,BEN-009221,0
BEN-006533,BEN-009394,0
BEN-000103,BEN-002245,0
BEN-002231,BEN-004432,0
BEN-001839,BEN-003996,0
BEN-005013,BEN-008435,0
BEN-001547,BEN-002871,0
BEN-008007,BEN-009987,0
BEN-004952,BEN-009306,0
BEN-000909,BEN-001628,0
BEN-002016,BEN-003113,0
BEN-001307,BEN-004466,0
BEN-006363,BEN-008650,0
BEN-005083,BEN-006082,0
BEN-004641,BEN-005928,0
BEN-001701,BEN-008039,0
BEN-005416,BEN-008022,0
BEN-003360,BEN-004092,0
BEN-000507,BEN-004081,0
BEN-004129,BEN-008447,0
BEN-004999,BEN-005106,0
BEN-001105,BEN-007352,0
BEN-000135,BEN-000548,0
BEN-000946,BEN-005933,0
BEN-002437,BEN-003076,0
BEN-003740,BEN-006220,0
BEN-002611,BEN-003306,0
BEN-003549,BEN-006732,0
BEN-005098,BEN-008295,0
BEN-008174,BEN-008588,0
BEN-005483,BEN-009648,0
BEN-002507,BEN-004518,0
BEN-001944,BEN-003283,0
BEN-004966,BEN-007491,0
BEN-002137,BEN-005783,0
BEN-005592,BEN-008817,0
BEN-001600,BEN-005116,0
BEN-000463,BEN-009871,0
BEN-004249,BEN-007875,0
BEN-001953,BEN-009011,0
BEN-001304,BEN-004663,0
BEN-009420,BEN-009851,0
BEN-005094,BEN-005782,0
BEN-001002,BEN-004246,0
BEN-000743,BEN-009025,0
BEN-004877,BEN-006602,0
BEN-002498,BEN-008716,0
BEN-000621,BEN-005644,0
BEN-004325,BEN-004425,0
BEN-004675,BEN-005645,0
BEN-008527,BEN-009543,0
BEN-002134,BEN-007448,0
BEN-004315,BEN-004763,0
BEN-000668,BEN-006037,0
BEN-007559,BEN-008217,0
BEN-005210,BEN-007692,0
BEN-006210,BEN-009175,0
BEN-004838,BEN-006667,0
BEN-001701,BEN-007618,0
BEN-001315,BEN-007955,0
BEN-002239,BEN-004743,0
BEN-003983,BEN-007801,0
BEN-001316,BEN-004213,0
BEN-001185,BEN-006965,0
BEN-001203,BEN-001812,0
BEN-005425,BEN-006121,0
BEN-003155,BEN-008308,0
BEN-000423,BEN-005028,0
BEN-008359,BEN-009388,0
BEN-001992,BEN-006654,0
BEN-002089,BEN-009654,0
BEN-000831,BEN-009595,0
BEN-005160,BEN-005161,0
BEN-004273,BEN-008952,0
BEN-000277,BEN-008006,0
BEN-004003,BEN-008567,0
BEN-000912,BEN-008586,0
BEN-006787,BEN-009024,0
BEN-000891,BEN-006154,0
BEN-002712,BEN-008734,0
BEN-001307,BEN-002228,0
BEN-001938,BEN-004662,0
BEN-004738,BEN-005881,0
BEN-007505,BEN-009461,0
BEN-006050,BEN-008594,0
BEN-005643,BEN-006133,0
BEN-006431,BEN-008878,0
BEN-002838,BEN-007556,0
BEN-002694,BEN-004952,0
BEN-002964,BEN-003460,0
BEN-002760,BEN-005500,0
BEN-004032,BEN-008180,0
BEN-001880,BEN-001915,0
BEN-000928,BEN-007106,0
BEN-002094,BEN-008726,0
BEN-005194,BEN-006390,0
BEN-004403,BEN-005715,0
BEN-002829,BEN-008366,0
BEN-002389,BEN-008306,0
BEN-003745,BEN-006749,0
BEN-000341,BEN-003975,0
BEN-000106,BEN-004004,0
BEN-001868,BEN-006434,0
BEN-004632,BEN-009420,0
BEN-008731,BEN-009979,0
BEN-001911,BEN-008861,0
BEN-003280,BEN-008724,0
BEN-002454,BEN-003929,0
BEN-001949,BEN-006660,0
BEN-009538,BEN-009573,0
BEN-003987,BEN-005797,0
BEN-006090,BEN-006680,0
BEN-005715,BEN-009825,0
BEN-002900,BEN-005972,0
BEN-003741,BEN-009076,0
BEN-000881,BEN-006445,0
BEN-003928,BEN-009970,0
BEN-002406,BEN-005202,0
BEN-000828,BEN-008270,0
BEN-003112,BEN-003782,0
BEN-008739,BEN-009071,0
BEN-001470,BEN-006695,0
BEN-003951,BEN-005413,0
BEN-005420,BEN-006639,0
BEN-003898,BEN-007858,0
BEN-004528,BEN-006388,0
BEN-008787,BEN-009669,1
BEN-005290,BEN-005441,0
BEN-000481,BEN-001937,0
BEN-000525,BEN-008627,0
BEN-000041,BEN-006834,0
BEN-004029,BEN-008802,0
BEN-005214,BEN-008956,0
BEN-001955,BEN-002664,0
BEN-000729,BEN-003935,0
BEN-000969,BEN-009769,0
BEN-007396,BEN-008407,0
BEN-000164,BEN-006503,0
BEN-002853,BEN-009474,0
BEN-003618,BEN-006647,0
BEN-005601,BEN-006481,0
BEN-006381,BEN-007258,0
BEN-005226,BEN-007530,0
BEN-005900,BEN-007889,0
BEN-001334,BEN-005498,0
BEN-002116,BEN-005375,0
BEN-000602,BEN-007303,1
BEN-009159,BEN-009541,0
BEN-000131,BEN-002898,0
BEN-001638,BEN-008785,0
BEN-005528,BEN-009154,1
BEN-000629,BEN-008579,0
BEN-000599,BEN-008800,0
BEN-000895,BEN-002792,0
BEN-000672,BEN-003049,0
BEN-004403,BEN-007741,0
BEN-000493,BEN-009102,0
BEN-003574,BEN-009368,0
BEN-003928,BEN-008725,0
BEN-004857,BEN-008394,0
BEN-008415,BEN-009323,0
BEN-003955,BEN-009778,0
BEN-000527,BEN-008391,0
BEN-002424,BEN-009852,0
BEN-001517,BEN-006009,0
BEN-001278,BEN-003919,0
BEN-004294,BEN-004747,0
BEN-002729,BEN-005400,0
BEN-002901,BEN-006617,0
BEN-004404,BEN-009123,0
BEN-003893,BEN-005073,0
BEN-005088,BEN-008899,0
BEN-002186,BEN-002724,0
BEN-007790,BEN-008789,0
BEN-004861,BEN-007834,0
BEN-001332,BEN-003437,0
BEN-003392,BEN-004670,0
BEN-001097,BEN-001192,0
BEN-005516,BEN-008376,0
BEN-004767,BEN-005360,0
BEN-003744,BEN-008544,0
BEN-001103,BEN-006328,0
BEN-002035,BEN-009534,0
BEN-001173,BEN-009550,0
BEN-002382,BEN-007969,0
BEN-000433,BEN-003186,0
BEN-003440,BEN-008687,0
BEN-006095,BEN-009421,0
BEN-001534,BEN-006741,0
BEN-004100,BEN-008345,0
BEN-003869,BEN-008592,0
BEN-005201,BEN-006684,0
BEN-003814,BEN-005495,0
BEN-000010,BEN-009666,0
BEN-001766,BEN-007786,0
BEN-002437,BEN-004425,0
BEN-003448,BEN-003891,0
BEN-000881,BEN-009441,0
BEN-000162,BEN-003704,0
BEN-001520,BEN-004350,0
BEN-006087,BEN-009513,0
BEN-003038,BEN-009623,0
BEN-007336,BEN-008887,0
BEN-004592,BEN-007742,0
BEN-004025,BEN-006316,0
BEN-001216,BEN-004353,0
BEN-006579,BEN-007071,0
BEN-002140,BEN-007656,0
BEN-007249,BEN-007398,0
BEN-006601,BEN-009756,0
BEN-000330,BEN-006634,0
BEN-003382,BEN-008664,0
BEN-003451,BEN-004712,0
BEN-001446,BEN-006138,0
BEN-003361,BEN-005638,0
BEN-000981,BEN-007017,0
BEN-000148,BEN-002815,0
BEN-000975,BEN-006898,0
BEN-003389,BEN-008710,0
BEN-000805,BEN-005939,0
BEN-004261,BEN-006265,0
BEN-005262,BEN-008376,0
BEN-005944,BEN-006067,0
BEN-003478,BEN-006269,0
BEN-002315,BEN-007173,0
BEN-002317,BEN-009713,0
BEN-000376,BEN-008406,0
BEN-004197,BEN-005925,0
BEN-002577,BEN-007067,0
BEN-003346,BEN-009048,0
BEN-003743,BEN-009142,0
BEN-004288,BEN-004750,0
BEN-003359,BEN-009551,0
BEN-006669,BEN-009845,0
BEN-000252,BEN-007795,0
BEN-004612,BEN-004628,0
BEN-001221,BEN-008249,0
BEN-000964,BEN-009105,0
BEN-006252,BEN-008706,0
BEN-005443,BEN-006664,0
BEN-001594,BEN-005212,0
BEN-000313,BEN-009093,0
BEN-001195,BEN-006748,0
BEN-003256,BEN-006799,0
BEN-002680,BEN-007308,0
BEN-001708,BEN-004229,0
BEN-000286,BEN-004976,0
BEN-002785,BEN-009672,0
BEN-003280,BEN-008266,0
BEN-005849,BEN-009989,0
BEN-001114,BEN-004463,0
BEN-000556,BEN-008173,0
BEN-005801,BEN-007323,0
BEN-008636,BEN-009969,0
BEN-001643,BEN-007527,0
BEN-001021,BEN-007626,0
BEN-000979,BEN-006978,0
BEN-005341,BEN-005347,0
BEN-001311,BEN-006478,0
BEN-001484,BEN-006550,0
BEN-003276,BEN-007569,0
BEN-000199,BEN-004282,0
BEN-000029,BEN-000514,0
BEN-002474,BEN-003853,0
BEN-000400,BEN-003169,0
BEN-000725,BEN-009337,0
BEN-003170,BEN-006055,0
BEN-003434,BEN-008498,0
BEN-000967,BEN-005772,0
BEN-000154,BEN-000546,0
BEN-001045,BEN-002280,0
BEN-006695,BEN-007370,0
BEN-004721,BEN-009193,0
BEN-002148,BEN-006188,0
BEN-003480,BEN-008080,0
BEN-000933,BEN-006934,0
BEN-000085,BEN-000798,0
BEN-002956,BEN-008533,0
BEN-001503,BEN-008856,0
BEN-001581,BEN-009993,0
BEN-004767,BEN-009053,0
BEN-000599,BEN-007354,0
BEN-001875,BEN-006616,0
BEN-003852,BEN-007520,0
BEN-008654,BEN-009721,0
BEN-000269,BEN-007784,0
BEN-004665,BEN-004886,0
BEN-005067,BEN-009065,0
BEN-007526,BEN-007580,0
BEN-002990,BEN-005192,0
BEN-000934,BEN-002454,0
BEN-003144,BEN-003896,0
BEN-004818,BEN-009836,0
BEN-002892,BEN-007634,0
BEN-002506,BEN-008866,0
BEN-002136,BEN-009420,0
BEN-007650,BEN-009259,0
BEN-000689,BEN-006681,0
BEN-004553,BEN-008275,0
BEN-003449,BEN-008649,0
BEN-001818,BEN-005550,0
BEN-004849,BEN-005608,0
BEN-000271,BEN-007763,0
BEN-007925,BEN-009473,0
BEN-005954,BEN-007126,0
BEN-003815,BEN-009010,0
BEN-000462,BEN-003782,0
BEN-002273,BEN-005778,0
BEN-000643,BEN-009409,0
BEN-003323,BEN-005073,0
BEN-001432,BEN-005397,0
BEN-009294,BEN-009374,0
BEN-005644,BEN-009917,0
BEN-001026,BEN-008687,0
BEN-001116,BEN-004428,0
BEN-007726,BEN-008766,0
BEN-004722,BEN-008449,1
BEN-001552,BEN-001718,0
BEN-005432,BEN-008987,0
BEN-003962,BEN-008631,0
BEN-000286,BEN-000738,0
BEN-002615,BEN-003382,0
BEN-002039,BEN-007727,0
BEN-002680,BEN-009691,0
BEN-002377,BEN-007307,0
BEN-005902,BEN-008914,0
BEN-007684,BEN-009548,0
BEN-004753,BEN-009057,0
BEN-007522,BEN-007956,0
BEN-000577,BEN-002476,0
BEN-003033,BEN-004915,0
BEN-004168,BEN-009925,0
BEN-005018,BEN-007771,0
BEN-006089,BEN-009633,0
BEN-000734,BEN-002679,0
BEN-006499,BEN-007468,0
BEN-004947,BEN-007365,0
BEN-001640,BEN-005687,0
BEN-006962,BEN-007718,0
BEN-001772,BEN-006885,0
BEN-001930,BEN-007958,0
BEN-000572,BEN-004084,0
BEN-002672,BEN-009503,0
BEN-002578,BEN-004269,0
BEN-006199,BEN-007195,0
BEN-000957,BEN-001890,0
BEN-004851,BEN-006445,0
BEN-001953,BEN-003578,0
BEN-004521,BEN-007270,0
BEN-000215,BEN-000741,0
BEN-001801,BEN-006630,0
BEN-000903,BEN-004524,0
BEN-009002,BEN-009149,0
BEN-000092,BEN-002711,0
BEN-001048,BEN-008241,0
BEN-005422,BEN-009190,0
BEN-003454,BEN-004511,0
BEN-007538,BEN-009903,0
BEN-000744,BEN-009618,0
BEN-000683,BEN-007420,0
BEN-003995,BEN-004098,0
BEN-003922,BEN-006689,0
BEN-000621,BEN-007654,0
BEN-002855,BEN-008829,0
BEN-001404,BEN-007040,0
BEN-000450,BEN-008641,0
BEN-006030,BEN-007739,0
BEN-001919,BEN-004906,0
BEN-007425,BEN-009134,0
BEN-002257,BEN-002654,0
BEN-003205,BEN-008570,0
BEN-002116,BEN-002747,0
BEN-005941,BEN-007647,0
BEN-002361,BEN-005647,0
BEN-003452,BEN-007182,0
BEN-006985,BEN-009642,0
BEN-006320,BEN-008274,0
BEN-002194,BEN-007622,0
BEN-002244,BEN-004452,0
BEN-000677,BEN-009297,0
BEN-003827,BEN-008004,0
BEN-005444,BEN-008039,0
BEN-004713,BEN-004792,0
BEN-002294,BEN-003102,0
BEN-003752,BEN-006457,0
BEN-001102,BEN-006825,0
BEN-000201,BEN-009571,0
BEN-006501,BEN-007779,0
BEN-003862,BEN-007960,0
BEN-009574,BEN-009690,0
BEN-000062,BEN-005468,0
BEN-003317,BEN-003788,0
BEN-000885,BEN-005812,0
BEN-002706,BEN-008958,0
BEN-000245,BEN-002250,0
BEN-000027,BEN-008207,0
BEN-002487,BEN-004908,0
BEN-001747,BEN-008889,0
BEN-000984,BEN-009600,0
BEN-001193,BEN-001537,0
BEN-001044,BEN-005880,0
BEN-009644,BEN-009652,0
BEN-005594,BEN-009249,0
BEN-001169,BEN-008462,0
BEN-003887,BEN-004018,0
BEN-001463,BEN-006407,0
BEN-005566,BEN-008440,0
BEN-006017,BEN-009078,0
BEN-004585,BEN-004863,0
BEN-001854,BEN-006868,0
BEN-002882,BEN-007393,0
BEN-002253,BEN-002695,0
BEN-002340,BEN-008036,0
BEN-005433,BEN-008863,0
BEN-002154,BEN-008078,0
BEN-005129,BEN-008339,0
BEN-006726,BEN-008556,0
BEN-006239,BEN-008227,0
BEN-001856,BEN-008751,0
BEN-001495,BEN-008528,0
BEN-003407,BEN-004232,0
BEN-001211,BEN-009121,0
BEN-006889,BEN-008971,0
BEN-004720,BEN-004978,0
BEN-006517,BEN-009431,0
BEN-000105,BEN-006951,0
BEN-006423,BEN-006845,0
BEN-006102,BEN-009669,0
BEN-001343,BEN-007096,0
BEN-001349,BEN-009972,0
BEN-002298,BEN-008460,0
BEN-001520,BEN-006640,0
BEN-001845,BEN-007437,0
BEN-009395,BEN-009789,0
BEN-000934,BEN-001906,0
BEN-004426,BEN-005219,0
BEN-003478,BEN-006184,0
BEN-001678,BEN-009774,0
BEN-005697,BEN-009467,0
BEN-008633,BEN-009713,0
BEN-004662,BEN-005525,0
BEN-003308,BEN-007814,0
BEN-001116,BEN-007853,0
BEN-003502,BEN-004526,0
BEN-002080,BEN-002586,0
BEN-001355,BEN-009143,0
BEN-003502,BEN-006530,0
BEN-006772,BEN-007999,0
BEN-002031,BEN-007400,0
BEN-000384,BEN-001800,0
BEN-001688,BEN-008760,0
BEN-006636,BEN-007329,0
BEN-005551,BEN-006312,0
BEN-000523,BEN-004767,0
BEN-004096,BEN-006098,0
BEN-000116,BEN-002258,0
BEN-005697,BEN-008213,0
BEN-004365,BEN-004413,0
BEN-003928,BEN-009828,0
BEN-003854,BEN-004926,0
BEN-001507,BEN-005885,0
BEN-005838,BEN-006974,0
BEN-004184,BEN-006871,0
BEN-001097,BEN-006857,0
BEN-002914,BEN-004478,0
BEN-002429,BEN-006228,0
BEN-001419,BEN-007664,0
BEN-003579,BEN-009526,0
BEN-000664,BEN-004589,0
BEN-002653,BEN-005470,0
BEN-002519,BEN-004727,0
BEN-003434,BEN-007364,0
BEN-005439,BEN-007968,0
BEN-000813,BEN-002244,0
BEN-006895,BEN-009850,0
BEN-001750,BEN-006065,0
BEN-003076,BEN-008462,0
BEN-000982,BEN-009508,0
BEN-001578,BEN-006906,0
BEN-004995,BEN-009157,0
BEN-002878,BEN-006269,0
BEN-003049,BEN-009413,0
BEN-001332,BEN-007142,0
BEN-005933,BEN-008021,0
BEN-000559,BEN-006920,0
BEN-007137,BEN-007787,0
BEN-004335,BEN-007988,0
BEN-000291,BEN-000587,0
BEN-000236,BEN-006719,0
BEN-003049,BEN-003383,0
BEN-002595,BEN-008952,0
BEN-001763,BEN-005860,0
BEN-000303,BEN-007387,0
BEN-003217,BEN-007769,0
BEN-004154,BEN-007499,0
BEN-000661,BEN-002428,0
BEN-004214,BEN-004565,0
BEN-000542,BEN-008927,0
BEN-000515,BEN-008826,0
BEN-001314,BEN-004636,0
BEN-000082,BEN-003788,0
BEN-003306,BEN-005140,0
BEN-000996,BEN-003687,0
BEN-007925,BEN-008960,0
BEN-000160,BEN-009655,0
BEN-000090,BEN-001648,0
BEN-007818,BEN-009856,0
BEN-002500,BEN-006127,0
BEN-003411,BEN-004317,0
BEN-005556,BEN-008259,0
BEN-001488,BEN-006939,0
BEN-004113,BEN-007825,0
BEN-003808,BEN-009180,0
BEN-003521,BEN-003778,0
BEN-002650,BEN-009011,0
BEN-000107,BEN-006123,0
BEN-002987,BEN-008691,0
BEN-003420,BEN-003998,0
BEN-007076,BEN-007995,0
BEN-002733,BEN-005249,0
BEN-009752,BEN-009916,0
BEN-006209,BEN-009297,0
BEN-005839,BEN-008157,0
BEN-000797,BEN-002488,1
BEN-000630,BEN-008130,0
BEN-008382,BEN-009900,0
BEN-006885,BEN-008214,0
BEN-005546,BEN-006739,0
BEN-000009,BEN-009770,0
BEN-001926,BEN-002802,0
BEN-002991,BEN-004184,0
BEN-002548,BEN-006597,0
BEN-004531,BEN-005184,0
BEN-000343,BEN-006284,0
BEN-002127,BEN-006919,0
BEN-001338,BEN-008018,0
BEN-003166,BEN-004524,0
BEN-001074,BEN-005215,0
BEN-004533,BEN-009055,0
BEN-003801,BEN-007570,0
BEN-001657,BEN-007879,0
BEN-005395,BEN-008816,0
BEN-001980,BEN-008455,0
BEN-003025,BEN-006721,0
BEN-000514,BEN-000688,0
BEN-005799,BEN-009202,0
BEN-002592,BEN-002692,0
BEN-004477,BEN-008946,0
BEN-004697,BEN-006911,0
BEN-000033,BEN-007019,0
BEN-001222,BEN-007289,0
BEN-004948,BEN-007834,0
BEN-003361,BEN-004272,0
BEN-002456,BEN-007306,0
BEN-000181,BEN-007485,0
BEN-000548,BEN-003506,0
BEN-003367,BEN-008408,0
BEN-000303,BEN-001718,0
BEN-001078,BEN-008005,0
BEN-006213,BEN-007390,0
BEN-000224,BEN-000229,0
BEN-003396,BEN-004792,0
BEN-005430,BEN-006256,0
BEN-001145,BEN-009260,0
BEN-003120,BEN-003238,0
BEN-000164,BEN-001048,0
BEN-005842,BEN-008765,0
BEN-007998,BEN-009521,0
BEN-002322,BEN-005632,0
BEN-005104,BEN-008208,0
BEN-001351,BEN-008141,0
BEN-001038,BEN-001498,0
BEN-000476,BEN-006172,0
BEN-000139,BEN-002444,0
BEN-005500,BEN-009008,0
BEN-003154,BEN-007627,0
BEN-001331,BEN-004820,0
BEN-009255,BEN-009508,0
BEN-000914,BEN-006668,0
BEN-001687,BEN-009903,0
BEN-000386,BEN-001202,0
BEN-003646,BEN-004856,1
BEN-007242,BEN-009822,0
BEN-006841,BEN-008982,0
BEN-005624,BEN-006560,0
BEN-007186,BEN-009322,0
BEN-000058,BEN-001319,0
BEN-007070,BEN-009621,0
BEN-000517,BEN-002033,0
BEN-005003,BEN-007674,0
BEN-006890,BEN-009830,0
BEN-001544,BEN-003130,0
BEN-004831,BEN-009014,0
BEN-002275,BEN-007471,0
BEN-000666,BEN-005420,0
BEN-003140,BEN-006915,0
BEN-004619,BEN-006807,0
BEN-004227,BEN-009585,0
BEN-000053,BEN-003187,0
BEN-000155,BEN-005558,0
BEN-004837,BEN-008277,0
BEN-005836,BEN-009119,0
BEN-000576,BEN-001427,0
BEN-003499,BEN-009813,0
BEN-003640,BEN-004981,0
BEN-001005,BEN-002555,0
BEN-000472,BEN-007340,0
BEN-002836,BEN-004698,0
BEN-001722,BEN-006763,0
BEN-003202,BEN-004531,0
BEN-001092,BEN-009238,0
BEN-001436,BEN-001683,0
BEN-003265,BEN-005879,0
BEN-006329,BEN-009964,0
BEN-007270,BEN-009930,0
BEN-006028,BEN-006870,0
BEN-003208,BEN-008238,0
BEN-001476,BEN-003038,0
BEN-004089,BEN-004117,0
BEN-006270,BEN-007065,0
BEN-003861,BEN-005118,0
BEN-004205,BEN-006947,0
BEN-000092,BEN-006450,0
BEN-000395,BEN-007946,0
BEN-002920,BEN-008441,0
BEN-004480,BEN-008593,0
BEN-000986,BEN-004282,0
BEN-007809,BEN-009211,0
BEN-000098,BEN-006559,0
BEN-008205,BEN-008280,0
BEN-001510,BEN-006252,0
BEN-003098,BEN-006113,0
BEN-000360,BEN-000807,0
BEN-001678,BEN-004757,0
BEN-006615,BEN-008928,0
BEN-001809,BEN-003616,0
BEN-004951,BEN-005911,0
BEN-000080,BEN-005063,0
BEN-002248,BEN-007843,0
BEN-003131,BEN-006747,0
BEN-002255,BEN-007153,0
BEN-000831,BEN-002873,0
BEN-009337,BEN-009544,0
BEN-001916,BEN-008172,0
BEN-004108,BEN-007456,0
BEN-002828,BEN-009777,0
BEN-005490,BEN-007152,0
BEN-004378,BEN-008092,0
BEN-005966,BEN-008284,0
BEN-005473,BEN-008552,0
BEN-000733,BEN-002141,0
BEN-006213,BEN-009596,0
BEN-000537,BEN-006943,0
BEN-001180,BEN-004555,0
BEN-000129,BEN-008017,0
BEN-005483,BEN-009679,0
BEN-001635,BEN-001988,0
BEN-001351,BEN-006684,0
BEN-003141,BEN-008990,0
BEN-002077,BEN-009822,0
BEN-001154,BEN-002132,0
BEN-004537,BEN-008262,0
BEN-008921,BEN-009998,0
BEN-003578,BEN-009334,0
BEN-000894,BEN-005502,0
BEN-001971,BEN-004441,0
BEN-001678,BEN-004872,0
BEN-005872,BEN-008108,0
BEN-007097,BEN-008989,0
BEN-002553,BEN-005149,0
BEN-004210,BEN-006829,0
BEN-000704,BEN-006988,0
BEN-003894,BEN-005021,0
BEN-000716,BEN-003603,0
BEN-000717,BEN-009578,0
BEN-001684,BEN-008058,0
BEN-007894,BEN-008718,0
BEN-002958,BEN-006964,0
BEN-000322,BEN-008151,0
BEN-000107,BEN-001576,0
BEN-001676,BEN-009574,0
BEN-004697,BEN-007498,0
BEN-001932,BEN-007242,0
BEN-001344,BEN-002643,0
BEN-002967,BEN-006088,0
BEN-006764,BEN-008239,0
BEN-000568,BEN-005192,0
BEN-002368,BEN-003170,0
BEN-005642,BEN-005758,0
BEN-000505,BEN-001295,0
BEN-001164,BEN-003050,0
BEN-000701,BEN-001461,0
BEN-005063,BEN-009921,0
BEN-000075,BEN-001352,0
BEN-001566,BEN-006310,0
BEN-001514,BEN-006003,0
BEN-002951,BEN-003071,0
BEN-007759,BEN-008354,0
BEN-000050,BEN-004107,0
BEN-002815,BEN-003294,0
BEN-002105,BEN-005453,0
BEN-001669,BEN-006471,0
BEN-001830,BEN-007310,0
BEN-000684,BEN-006912,0
BEN-007835,BEN-009146,0
BEN-000268,BEN-008423,0
BEN-002438,BEN-008353,0
BEN-004340,BEN-004438,0
BEN-003604,BEN-007409,0
BEN-003208,BEN-005257,0
BEN-003491,BEN-007657,0
BEN-006221,BEN-009535,0
BEN-003889,BEN-007309,1
BEN-000068,BEN-003690,0
BEN-008663,BEN-009667,0
BEN-002886,BEN-005747,0
BEN-001120,BEN-002027,1
BEN-002156,BEN-007946,0
BEN-005072,BEN-009256,0
BEN-005192,BEN-005572,0
BEN-003890,BEN-004420,0
BEN-001560,BEN-004815,0
BEN-001572,BEN-002607,0
BEN-006559,BEN-008440,0
BEN-001505,BEN-006900,0
BEN-008353,BEN-009915,0
BEN-006493,BEN-006661,0
BEN-006824,BEN-007918,0
BEN-003980,BEN-008580,0
BEN-002428,BEN-003547,0
BEN-000849,BEN-003616,0
BEN-006566,BEN-009726,0
BEN-004562,BEN-004601,0
BEN-008033,BEN-008241,0
BEN-007265,BEN-007925,0
BEN-003738,BEN-006767,0
BEN-000946,BEN-009030,0
BEN-002159,BEN-006597,0
BEN-000342,BEN-007432,0
BEN-003749,BEN-005044,0
BEN-001423,BEN-007204,0
BEN-001478,BEN-005719,0
BEN-004952,BEN-006982,0
BEN-001114,BEN-001329,0
BEN-001728,BEN-003704,0
BEN-003315,BEN-009461,0
BEN-000432,BEN-005773,0
BEN-002524,BEN-009760,0
BEN-006865,BEN-007663,0
BEN-002607,BEN-007658,0
BEN-002528,BEN-006442,0
BEN-003853,BEN-006439,0
BEN-000201,BEN-002220,0
BEN-002490,BEN-009195,0
BEN-002606,BEN-009406,0
BEN-003497,BEN-006457,0
BEN-003437,BEN-008362,0
BEN-004047,BEN-004691,0
BEN-001006,BEN-008611,0
BEN-006270,BEN-009956,0
BEN-000601,BEN-003570,0
BEN-003932,BEN-008465,0
BEN-004662,BEN-006823,0
BEN-008600,BEN-009739,0
BEN-004400,BEN-007352,0
BEN-006667,BEN-008766,0
BEN-001447,BEN-009736,0
BEN-001933,BEN-003935,0
BEN-004995,BEN-008987,0
BEN-001574,BEN-007587,0
BEN-003485,BEN-009277,0
BEN-000859,BEN-003372,0
BEN-004884,BEN-009200,0
BEN-004302,BEN-009118,0
BEN-000030,BEN-005664,0
BEN-005609,BEN-006557,0
BEN-005224,BEN-007776,0
BEN-003986,BEN-006990,1
BEN-000033,BEN-009205,1
BEN-003800,BEN-009658,0
BEN-002547,BEN-009924,0
BEN-002280,BEN-003373,0
BEN-000670,BEN-006395,0
BEN-001099,BEN-001767,0
BEN-004251,BEN-005107,0
BEN-001314,BEN-005478,0
BEN-001869,BEN-009914,0
BEN-007890,BEN-007925,0
BEN-002034,BEN-009573,0
BEN-001071,BEN-002111,0
BEN-005217,BEN-005869,0
BEN-002998,BEN-005162,0
BEN-004947,BEN-008060,0
BEN-005381,BEN-006061,0
BEN-006237,BEN-007092,0
BEN-001788,BEN-007613,0
BEN-002846,BEN-007608,0
BEN-001018,BEN-008445,1
BEN-000147,BEN-005553,0
BEN-008245,BEN-008504,0
BEN-003191,BEN-003575,0
BEN-005549,BEN-007912,0
BEN-004890,BEN-008313,0
BEN-000336,BEN-009227,0
BEN-003561,BEN-004562,0
BEN-005385,BEN-005960,0
BEN-000643,BEN-000705,0
BEN-004082,BEN-005621,0
BEN-000815,BEN-005352,0
BEN-009057,BEN-009842,0
BEN-002888,BEN-009888,0
BEN-001801,BEN-008648,0
BEN-003153,BEN-003691,0
BEN-008097,BEN-008241,0
BEN-006068,BEN-006290,0
BEN-002145,BEN-005803,0
BEN-005874,BEN-009914,0
BEN-001782,BEN-009504,0
BEN-002458,BEN-002894,0
BEN-003868,BEN-008605,0
BEN-001424,BEN-007902,0
BEN-007878,BEN-009920,0
BEN-005142,BEN-008306,0
BEN-007255,BEN-009995,0
BEN-002834,BEN-004294,0
BEN-005174,BEN-009634,0
BEN-003858,BEN-008110,0
BEN-003087,BEN-004099,0
BEN-004971,BEN-006581,0
BEN-005305,BEN-008168,0
BEN-005795,BEN-008945,0
BEN-004729,BEN-009948,0
BEN-000377,BEN-006609,0
BEN-001962,BEN-008875,0
BEN-000451,BEN-009706,0
BEN-000848,BEN-002658,0
BEN-005284,BEN-005468,0
BEN-001333,BEN-009903,0
BEN-000257,BEN-007106,0
BEN-008343,BEN-009578,0
BEN-005360,BEN-008073,0
BEN-006001,BEN-009667,0
BEN-006787,BEN-009654,0
BEN-001928,BEN-007268,0
BEN-000978,BEN-007469,0
BEN-000264,BEN-007300,0
BEN-002345,BEN-007249,0
BEN-000048,BEN-006225,0
BEN-007280,BEN-007519,0
BEN-001542,BEN-004103,0
BEN-001908,BEN-009827,0
BEN-000913,BEN-004047,0
BEN-007838,BEN-008477,0
BEN-008075,BEN-009914,0
BEN-001698,BEN-008800,0
BEN-002317,BEN-007747,0
BEN-005028,BEN-006243,0
BEN-007780,BEN-009095,0
BEN-001673,BEN-007206,0
BEN-004705,BEN-005368,0
BEN-008692,BEN-008966,0
BEN-007016,BEN-009174,0
BEN-001041,BEN-004354,0
BEN-000072,BEN-007130,0
BEN-007186,BEN-007250,0
BEN-006183,BEN-007854,0
BEN-000850,BEN-001544,0
BEN-003821,BEN-005078,0
BEN-005339,BEN-006864,0
BEN-002055,BEN-005243,0
BEN-005171,BEN-008824,1
BEN-002482,BEN-009481,0
BEN-007482,BEN-008926,0
BEN-001936,BEN-008094,0
BEN-006270,BEN-007333,0
BEN-008468,BEN-009232,0
BEN-005222,BEN-007285,0
BEN-001044,BEN-001786,0
BEN-005080,BEN-008029,0
BEN-000882,BEN-003640,0
BEN-005500,BEN-007442,0
BEN-000281,BEN-004960,0
BEN-001429,BEN-006772,0
BEN-006945,BEN-008226,1
BEN-004780,BEN-006955,0
BEN-001959,BEN-007195,0
BEN-000667,BEN-003870,0
BEN-000665,BEN-007106,0
BEN-002485,BEN-003008,0
BEN-006444,BEN-009644,0
BEN-007563,BEN-008812,0
BEN-003188,BEN-003968,0
BEN-003551,BEN-005648,0
BEN-000260,BEN-007923,0
BEN-000779,BEN-001145,0
BEN-008745,BEN-009494,0
BEN-000370,BEN-009064,0
BEN-002965,BEN-008828,0
BEN-005938,BEN-007574,0
BEN-001464,BEN-005028,0
BEN-000902,BEN-003487,0
BEN-004218,BEN-007621,0
BEN-007014,BEN-007185,1
BEN-001660,BEN-002530,0
BEN-005140,BEN-007966,0
BEN-007171,BEN-009698,0
BEN-004756,BEN-005876,1
BEN-003646,BEN-004637,0
BEN-001765,BEN-004302,0
BEN-000086,BEN-005540,0
BEN-000556,BEN-003435,0
BEN-002122,BEN-003472,0
BEN-005400,BEN-008992,0
BEN-005312,BEN-008272,1
BEN-000146,BEN-005243,0
BEN-001740,BEN-008331,0
BEN-003361,BEN-007459,0
BEN-006237,BEN-008006,0
BEN-005527,BEN-008735,0
BEN-007409,BEN-008437,0
BEN-003900,BEN-004335,0
BEN-001924,BEN-004183,0
BEN-004313,BEN-008888,0
BEN-005216,BEN-005434,0
BEN-000569,BEN-007483,0
BEN-004850,BEN-006707,0
BEN-004912,BEN-006548,0
BEN-003406,BEN-009001,0
BEN-004432,BEN-009201,0
BEN-002508,BEN-007371,1
BEN-004214,BEN-007367,0
BEN-001786,BEN-008679,0
BEN-001833,BEN-007310,0
BEN-001411,BEN-006402,0
BEN-005714,BEN-007698,0
BEN-000103,BEN-008829,0
BEN-000611,BEN-008621,0
BEN-002889,BEN-004627,0
BEN-006322,BEN-008579,0
BEN-002586,BEN-005451,0
BEN-002043,BEN-002413,0
BEN-004740,BEN-009789,0
BEN-005351,BEN-007390,0
BEN-000429,BEN-004115,0
BEN-002600,BEN-006442,0
BEN-008505,BEN-009833,0
BEN-001263,BEN-004520,0
BEN-003256,BEN-006530,0
BEN-003081,BEN-004224,0
BEN-003879,BEN-007102,0
BEN-004328,BEN-006326,0
BEN-000400,BEN-008809,0
BEN-003507,BEN-005518,0
BEN-000003,BEN-001447,0
BEN-005863,BEN-008263,0
BEN-005595,BEN-009759,0
BEN-002668,BEN-002933,0
BEN-000381,BEN-006864,0
BEN-001180,BEN-003456,0
BEN-001361,BEN-004629,0
BEN-003355,BEN-006785,0
BEN-005633,BEN-009728,0
BEN-006215,BEN-009065,0
BEN-005174,BEN-007790,0
BEN-001860,BEN-007286,0
BEN-000598,BEN-004710,0
BEN-000309,BEN-002812,0
BEN-000672,BEN-008223,0
BEN-000802,BEN-006708,0
BEN-003654,BEN-004132,0
BEN-001006,BEN-006319,0
BEN-005984,BEN-009187,0
BEN-004191,BEN-008419,0
BEN-002359,BEN-003087,0
BEN-002574,BEN-008191,0
BEN-003832,BEN-004801,0
BEN-006459,BEN-009141,0
BEN-000344,BEN-009675,0
BEN-000321,BEN-005436,0
BEN-007365,BEN-008750,0
BEN-006845,BEN-008092,0
BEN-001713,BEN-002689,0
BEN-002869,BEN-009051,0
BEN-004395,BEN-005587,0
BEN-006400,BEN-007421,0
BEN-000249,BEN-006988,0
BEN-001928,BEN-004374,0
BEN-005875,BEN-006827,0
BEN-002985,BEN-007724,0
BEN-003382,BEN-009921,0
BEN-006125,BEN-008926,0
BEN-003754,BEN-007678,0
BEN-002763,BEN-003861,0
BEN-003261,BEN-009202,0
BEN-009372,BEN-009784,0
BEN-001666,BEN-006870,0
BEN-003043,BEN-004901,0
BEN-000421,BEN-004115,0
BEN-007548,BEN-008338,0
BEN-008382,BEN-008773,0
BEN-004140,BEN-008228,0
BEN-001624,BEN-009151,0
BEN-005881,BEN-009051,0
BEN-000259,BEN-003949,0
BEN-000225,BEN-002383,0
BEN-007536,BEN-009476,0
BEN-006500,BEN-009472,0
BEN-002289,BEN-006103,0
BEN-001214,BEN-005616,0
BEN-006979,BEN-008781,0
BEN-000511,BEN-009106,0
BEN-001064,BEN-005119,0
BEN-002818,BEN-007417,0
BEN-002472,BEN-009527,0
BEN-001183,BEN-004768,0
BEN-000963,BEN-001481,0
BEN-003734,BEN-004749,0
BEN-003729,BEN-005892,0
BEN-004632,BEN-008864,0
BEN-003984,BEN-004086,0
BEN-003232,BEN-008956,0
BEN-002259,BEN-004721,0
BEN-001778,BEN-004181,0
BEN-007696,BEN-009974,0
BEN-000692,BEN-008272,0
BEN-000922,BEN-003968,0
BEN-002743,BEN-004517,0
BEN-002025,BEN-007253,0
BEN-003321,BEN-004388,0
BEN-004422,BEN-006428,0
BEN-004460,BEN-008183,0
BEN-004162,BEN-007439,0
BEN-001018,BEN-002414,0
BEN-002460,BEN-009791,0
BEN-001079,BEN-008693,0
BEN-007780,BEN-009866,0
BEN-004434,BEN-008873,0
BEN-002998,BEN-009627,0
BEN-008112,BEN-009377,0
BEN-000155,BEN-008973,0
BEN-004971,BEN-007121,0
BEN-002715,BEN-007910,0
BEN-000881,BEN-001353,0
BEN-002298,BEN-005596,0
BEN-000855,BEN-002095,0
BEN-005155,BEN-005476,0
BEN-005390,BEN-008845,0
BEN-004427,BEN-005455,0
BEN-000122,BEN-009595,0
BEN-005668,BEN-005728,0
BEN-001782,BEN-004403,0
BEN-003581,BEN-005909,0
BEN-006149,BEN-006289,0
BEN-007488,BEN-009633,0
BEN-000551,BEN-005759,0
BEN-007750,BEN-009071,0
BEN-007319,BEN-007513,0
BEN-008160,BEN-009842,0
BEN-002360,BEN-009916,0
BEN-003981,BEN-009290,0
BEN-001083,BEN-009502,0
BEN-002419,BEN-003503,0
BEN-000894,BEN-001125,0
BEN-006456,BEN-009760,0
BEN-002887,BEN-007097,0
BEN-002961,BEN-007584,0
BEN-003739,BEN-005987,0
BEN-002076,BEN-009085,0
BEN-002541,BEN-009198,0
BEN-001084,BEN-002240,0
BEN-002498,BEN-003421,0
BEN-005399,BEN-009071,0
BEN-004185,BEN-008115,0
BEN-002119,BEN-009388,0
BEN-005500,BEN-008406,0
BEN-006328,BEN-007721,0
BEN-001399,BEN-001849,0
BEN-000023,BEN-006014,0
BEN-005378,BEN-009025,0
BEN-001818,BEN-003245,0
BEN-006590,BEN-008042,0
BEN-005188,BEN-006300,0
BEN-002183,BEN-009810,0
BEN-002215,BEN-003165,0
BEN-006073,BEN-008458,0
BEN-001634,BEN-002173,0
BEN-000003,BEN-000368,0
BEN-002751,BEN-006663,0
BEN-000088,BEN-003379,0
BEN-005329,BEN-005988,0
BEN-001239,BEN-009453,0
BEN-002526,BEN-006896,0
BEN-003706,BEN-006016,0
BEN-002592,BEN-005741,0
BEN-001596,BEN-003730,0
BEN-005322,BEN-009312,0
BEN-005605,BEN-008897,1
BEN-008902,BEN-009902,0
BEN-004242,BEN-004914,0
BEN-002159,BEN-008190,0
BEN-005599,BEN-007423,0
BEN-002157,BEN-006359,0
BEN-003858,BEN-008182,0
BEN-007703,BEN-009222,0
BEN-002025,BEN-007957,0
BEN-002327,BEN-004191,0
BEN-000400,BEN-009042,0
BEN-004266,BEN-004270,0
BEN-001885,BEN-006389,0
BEN-007983,BEN-008115,0
BEN-007871,BEN-008428,0
BEN-007921,BEN-008692,0
BEN-001446,BEN-002145,0
BEN-002045,BEN-004866,0
BEN-007098,BEN-007472,0
BEN-002218,BEN-004818,0
BEN-000565,BEN-000746,0
BEN-000443,BEN-001049,0
BEN-003133,BEN-003271,0
BEN-005153,BEN-008771,0
BEN-004430,BEN-007011,0
BEN-003408,BEN-004747,0
BEN-006629,BEN-008606,0
BEN-004240,BEN-007481,0
BEN-003793,BEN-003868,0
BEN-001344,BEN-004456,0
BEN-000612,BEN-009504,0
BEN-002109,BEN-008510,0
BEN-004571,BEN-006168,0
BEN-004124,BEN-006388,0
BEN-000716,BEN-002389,0
BEN-001579,BEN-005901,0
BEN-000785,BEN-001640,0
BEN-001441,BEN-003182,0
BEN-001895,BEN-006921,0
BEN-004555,BEN-007859,0
BEN-002083,BEN-002195,0
BEN-002975,BEN-005913,0
BEN-002596,BEN-003736,0
BEN-000570,BEN-004324,0
BEN-004299,BEN-007551,0
BEN-002542,BEN-009569,0
BEN-002320,BEN-009711,0
BEN-000698,BEN-008288,0
BEN-004372,BEN-007318,0
BEN-002115,BEN-008944,0
BEN-003894,BEN-008763,0
BEN-002219,BEN-004390,0
BEN-006335,BEN-008034,0
BEN-003522,BEN-004583,0
BEN-002613,BEN-009927,0
BEN-007202,BEN-009253,0
BEN-002229,BEN-006492,0
BEN-005568,BEN-009047,0
BEN-007235,BEN-009280,0
BEN-000834,BEN-003240,0
BEN-002811,BEN-003096,0
BEN-000324,BEN-007554,0
BEN-005365,BEN-009093,0
BEN-000928,BEN-009751,0
BEN-000435,BEN-001602,0
BEN-004051,BEN-005070,0
BEN-001948,BEN-002464,0
BEN-009111,BEN-009442,0
BEN-000362,BEN-004100,0
BEN-002739,BEN-005243,0
BEN-002106,BEN-006597,0
BEN-001589,BEN-005394,0
BEN-004282,BEN-007948,0
BEN-003196,BEN-008176,0
BEN-001498,BEN-004240,0
BEN-001155,BEN-007095,0
BEN-002429,BEN-008732,0
BEN-000933,BEN-008326,0
BEN-001664,BEN-004406,0
BEN-001564,BEN-003230,0
BEN-001871,BEN-009211,0
BEN-004527,BEN-005407,0
BEN-005930,BEN-009912,0
BEN-004717,BEN-008568,0
BEN-006931,BEN-008572,0
BEN-001693,BEN-003524,0
BEN-001580,BEN-002205,0
BEN-006334,BEN-006354,0
BEN-005157,BEN-009364,0
BEN-001117,BEN-002761,0
BEN-005575,BEN-005904,0
BEN-005707,BEN-009870,0
BEN-002115,BEN-007016,0
BEN-004401,BEN-009728,0
BEN-001718,BEN-002295,0
BEN-001621,BEN-008538,0
BEN-005195,BEN-006222,0
BEN-001835,BEN-002483,0
BEN-004856,BEN-009964,1
BEN-001927,BEN-006403,0
BEN-003436,BEN-008425,0
BEN-000760,BEN-008246,0
BEN-005965,BEN-009388,0
BEN-006369,BEN-006629,0
BEN-001550,BEN-002264,0
BEN-003646,BEN-004496,0
BEN-003957,BEN-004803,0
BEN-000926,BEN-004487,0
BEN-004534,BEN-008292,0
BEN-006436,BEN-007283,0
BEN-000961,BEN-005138,0
BEN-000960,BEN-009530,0
BEN-001652,BEN-006209,0
BEN-001385,BEN-006159,0
BEN-001097,BEN-007871,0
BEN-003659,BEN-008978,0
BEN-002798,BEN-003457,0
BEN-006625,BEN-008581,0
BEN-005245,BEN-008581,0
BEN-001501,BEN-009861,0
BEN-000739,BEN-006182,0
BEN-003342,BEN-004741,0
BEN-000275,BEN-002989,0
BEN-007825,BEN-009932,0
BEN-002959,BEN-009146,0
BEN-000250,BEN-006512,0
BEN-004972,BEN-007152,0
BEN-003245,BEN-009652,0
BEN-000092,BEN-008959,0
BEN-000438,BEN-003779,0
BEN-005115,BEN-008320,0
BEN-005482,BEN-005522,0
BEN-001244,BEN-009454,0
BEN-000583,BEN-005481,0
BEN-003464,BEN-005415,0
BEN-001849,BEN-002173,0
BEN-001199,BEN-001585,0
BEN-006882,BEN-008419,0
BEN-002034,BEN-003219,0
BEN-001675,BEN-003425,0
BEN-001149,BEN-008075,0
BEN-007640,BEN-009751,0
BEN-001669,BEN-004532,0
BEN-008843,BEN-009029,0
BEN-002964,BEN-008735,0
BEN-000105,BEN-006907,0
BEN-002080,BEN-003088,0
BEN-002484,BEN-005816,0
BEN-001525,BEN-001760,0
BEN-000450,BEN-002170,0
BEN-007605,BEN-007823,0
BEN-004730,BEN-004789,0
BEN-001625,BEN-006423,0
BEN-002082,BEN-007169,0
BEN-006851,BEN-007856,0
BEN-007797,BEN-007819,0
BEN-006185,BEN-007334,0
BEN-003102,BEN-009158,0
BEN-003890,BEN-007356,0
BEN-002722,BEN-004475,0
BEN-000459,BEN-002281,0
BEN-006481,BEN-008332,0
BEN-006274,BEN-009509,0
BEN-006555,BEN-008277,1
BEN-001966,BEN-003825,0
BEN-000477,BEN-008525,0
BEN-002696,BEN-006816,0
BEN-004212,BEN-008863,0
BEN-000266,BEN-004325,0
BEN-001217,BEN-001812,0
BEN-008814,BEN-008899,0
BEN-000180,BEN-002051,0
BEN-006814,BEN-008299,0
BEN-001983,BEN-009429,0
BEN-008839,BEN-009597,0
BEN-000338,BEN-009136,0
BEN-001452,BEN-007245,0
BEN-005783,BEN-007949,0
BEN-000632,BEN-009633,0
BEN-001842,BEN-003782,0
BEN-000573,BEN-005415,0
BEN-000275,BEN-001812,0
BEN-001384,BEN-008769,0
BEN-001166,BEN-009254,0
BEN-005959,BEN-008157,0
BEN-000554,BEN-008823,0
BEN-000850,BEN-004850,0
BEN-002171,BEN-009356,0
BEN-003820,BEN-008085,0
BEN-001942,BEN-007199,0
BEN-006074,BEN-009901,0
BEN-000251,BEN-003127,0
BEN-002395,BEN-009061,0
BEN-002372,BEN-002546,0
BEN-001536,BEN-004458,0
BEN-000306,BEN-005251,0
BEN-004035,BEN-008361,0
BEN-000440,BEN-002909,0
BEN-007236,BEN-007855,0
BEN-004143,BEN-006420,0
BEN-002397,BEN-005233,0
BEN-001734,BEN-003079,0
BEN-008596,BEN-009569,0
BEN-000894,BEN-008205,0
BEN-008289,BEN-009444,0
BEN-001317,BEN-008900,0
BEN-007889,BEN-007895,0
BEN-008167,BEN-008410,0
BEN-003050,BEN-006805,0
BEN-009125,BEN-009557,0
BEN-001005,BEN-008768,0
BEN-005374,BEN-007976,0
BEN-001370,BEN-005420,0
BEN-001125,BEN-005714,0
BEN-002216,BEN-006699,0
BEN-001671,BEN-002686,0
BEN-000403,BEN-004318,0
BEN-001166,BEN-007056,0
BEN-001534,BEN-008024,1
BEN-002591,BEN-009869,0
BEN-002097,BEN-004757,0
BEN-004432,BEN-004512,0
BEN-000949,BEN-006944,0
BEN-001407,BEN-002994,0
BEN-001382,BEN-002972,0
BEN-002112,BEN-002803,0
BEN-006928,BEN-008749,0
BEN-000944,BEN-006708,0
BEN-002424,BEN-004452,0
BEN-000377,BEN-009730,0
BEN-003119,BEN-009518,0
BEN-002245,BEN-006226,0
BEN-004037,BEN-006078,0
BEN-000445,BEN-004366,0
BEN-007509,BEN-007802,0
BEN-001656,BEN-009929,0
BEN-007399,BEN-007742,0
BEN-003063,BEN-003790,0
BEN-009163,BEN-009762,0
BEN-006720,BEN-009677,0
BEN-000820,BEN-006243,0
BEN-004563,BEN-009361,0
BEN-007346,BEN-009871,0
BEN-005436,BEN-005678,0
BEN-001427,BEN-004333,0
BEN-000710,BEN-007202,0
BEN-000512,BEN-005217,0
BEN-009232,BEN-009888,0
BEN-000575,BEN-000789,0
BEN-006452,BEN-008143,0
BEN-007783,BEN-009240,0
BEN-002831,BEN-008996,0
BEN-003177,BEN-006559,0
BEN-001295,BEN-003821,0
BEN-004743,BEN-009834,0
BEN-003354,BEN-006950,0
BEN-004609,BEN-004666,0
BEN-004406,BEN-005300,0
BEN-002832,BEN-007976,0
BEN-001846,BEN-002766,0
BEN-001333,BEN-003153,0
BEN-004574,BEN-006536,0
BEN-008685,BEN-009329,0
BEN-001230,BEN-004612,0
BEN-005801,BEN-005932,0
BEN-004861,BEN-009746,0
BEN-005469,BEN-008646,0
BEN-002503,BEN-008041,0
BEN-001240,BEN-005063,0
BEN-006577,BEN-007307,0
BEN-004679,BEN-005674,0
BEN-004717,BEN-007671,0
BEN-004859,BEN-006918,0
BEN-000621,BEN-007338,0
BEN-006163,BEN-008852,0
BEN-002202,BEN-009202,0
BEN-000912,BEN-007460,0
BEN-005486,BEN-007803,0
BEN-007617,BEN-009204,0
BEN-006081,BEN-008805,0
BEN-002273,BEN-008005,0
BEN-007712,BEN-007866,0
BEN-001576,BEN-007730,0
BEN-001605,BEN-006864,0
BEN-000855,BEN-001698,0
BEN-003203,BEN-006066,0
BEN-000085,BEN-008792,0
BEN-003818,BEN-006298,0
BEN-004264,BEN-005610,0
BEN-002099,BEN-007822,0
BEN-000452,BEN-002082,0
BEN-001968,BEN-004479,0
BEN-000330,BEN-002228,0
BEN-002844,BEN-008792,0
BEN-001297,BEN-003301,0
BEN-007304,BEN-007458,0
BEN-005151,BEN-008938,0
BEN-003299,BEN-006202,0
BEN-006504,BEN-006801,0
BEN-002595,BEN-007936,0
BEN-000945,BEN-003070,0
BEN-002140,BEN-007117,0
BEN-004575,BEN-004673,0
BEN-003199,BEN-007227,0
BEN-004833,BEN-009841,0
BEN-008195,BEN-009448,0
BEN-002477,BEN-007188,0
BEN-003874,BEN-004164,0
BEN-003044,BEN-008098,0
BEN-006259,BEN-009814,0
BEN-003586,BEN-003876,0
BEN-001255,BEN-003112,0
BEN-001799,BEN-007658,0
BEN-000887,BEN-001190,0
BEN-005680,BEN-007051,0
BEN-002013,BEN-002700,0
BEN-004549,BEN-009820,0
BEN-008966,BEN-009233,0
BEN-005655,BEN-007279,0
BEN-005997,BEN-006509,0
BEN-002069,BEN-003391,0
BEN-000144,BEN-008565,0
BEN-001690,BEN-006499,0
BEN-003201,BEN-005267,0
BEN-004134,BEN-006867,0
BEN-001109,BEN-002237,0
BEN-002705,BEN-005066,0
BEN-006880,BEN-008132,0
BEN-001030,BEN-001109,0
BEN-000804,BEN-007413,0
BEN-000817,BEN-006521,0
BEN-000952,BEN-008919,0
BEN-006119,BEN-006354,0
BEN-004014,BEN-004977,0
BEN-001572,BEN-007658,0
BEN-001541,BEN-003301,0
BEN-000896,BEN-002391,0
BEN-000003,BEN-001201,0
BEN-004161,BEN-004196,0
BEN-004361,BEN-004391,0
BEN-004181,BEN-007607,0
BEN-004142,BEN-005471,0
BEN-004362,BEN-005911,0
BEN-003919,BEN-006034,0
BEN-003603,BEN-005812,0
BEN-001025,BEN-009508,0
BEN-000861,BEN-003351,0
BEN-002177,BEN-005494,0
BEN-004429,BEN-007737,0
BEN-004492,BEN-006713,0
BEN-000147,BEN-004843,0
BEN-007170,BEN-007564,0
BEN-004627,BEN-008570,0
BEN-003180,BEN-009430,0
BEN-000909,BEN-004038,0
BEN-005704,BEN-006798,0
BEN-001698,BEN-008260,0
BEN-001713,BEN-009191,0
BEN-001018,BEN-005784,0
BEN-002308,BEN-003860,0
BEN-002588,BEN-003794,0
BEN-001749,BEN-002143,0
BEN-001140,BEN-002800,0
BEN-003691,BEN-007993,0
BEN-002591,BEN-009429,0
BEN-003639,BEN-009268,0
BEN-000205,BEN-007217,0
BEN-004662,BEN-005084,0
BEN-000578,BEN-002039,0
BEN-006938,BEN-007571,0
BEN-005629,BEN-006537,0
BEN-007006,BEN-007325,0
BEN-001989,BEN-004642,0
BEN-005695,BEN-008941,0
BEN-003053,BEN-005223,0
BEN-002334,BEN-008743,0
BEN-007527,BEN-009512,0
BEN-000854,BEN-003742,0
BEN-001273,BEN-003339,0
BEN-000967,BEN-003363,0
BEN-005125,BEN-009530,0
BEN-001417,BEN-008132,0
BEN-001341,BEN-004255,0
BEN-003812,BEN-009132,0
BEN-000669,BEN-004104,0
BEN-003289,BEN-007662,0
BEN-002806,BEN-003487,0
BEN-000698,BEN-001078,0
BEN-004061,BEN-004278,0
BEN-007089,BEN-007414,0
BEN-001657,BEN-004877,0
BEN-002047,BEN-002426,0
BEN-000921,BEN-005004,0
BEN-000239,BEN-003128,0
BEN-000664,BEN-004454,0
BEN-000134,BEN-009448,0
BEN-000770,BEN-005350,0
BEN-001270,BEN-001886,0
BEN-005893,BEN-008383,0
BEN-004195,BEN-006452,0
BEN-007553,BEN-008975,0
BEN-006172,BEN-006258,0
BEN-004158,BEN-007410,0
BEN-001064,BEN-001592,0
BEN-002495,BEN-006962,0
BEN-006253,BEN-009244,0
BEN-006689,BEN-007654,0
BEN-003973,BEN-004709,0
BEN-001905,BEN-003793,0
BEN-002634,BEN-008559,0
BEN-003005,BEN-005435,0
BEN-000978,BEN-001886,0
BEN-004311,BEN-008571,0
BEN-000938,BEN-003480,0
BEN-008212,BEN-009893,0
BEN-000793,BEN-001824,0
BEN-007788,BEN-008506,0
BEN-003431,BEN-005910,0
BEN-002947,BEN-004504,0
BEN-004406,BEN-006175,0
BEN-005500,BEN-007568,0
BEN-005145,BEN-008060,0
BEN-002247,BEN-009447,0
BEN-001702,BEN-004270,0
BEN-004176,BEN-007777,0
BEN-004083,BEN-006602,0
BEN-000049,BEN-006494,0
BEN-007350,BEN-009390,0
BEN-001932,BEN-002999,0
BEN-002591,BEN-005389,0
BEN-000562,BEN-009741,0
BEN-001112,BEN-001937,0
BEN-002824,BEN-002958,0
BEN-004316,BEN-004889,0
BEN-001711,BEN-004710,0
BEN-000880,BEN-008067,0
BEN-009682,BEN-009894,0
BEN-006833,BEN-007685,0
BEN-001567,BEN-007418,0
BEN-007264,BEN-009235,0
BEN-007634,BEN-008534,0
BEN-005334,BEN-009413,0
BEN-003779,BEN-007060,0
BEN-006748,BEN-008074,0
BEN-002592,BEN-005670,0
BEN-000774,BEN-003369,0
BEN-005183,BEN-008912,0
BEN-003329,BEN-009264,0
BEN-004147,BEN-009061,0
BEN-000702,BEN-004478,0
BEN-003065,BEN-006971,0
BEN-001217,BEN-007740,0
BEN-003703,BEN-009902,0
BEN-003453,BEN-003541,0
BEN-003867,BEN-009163,0
BEN-004301,BEN-007167,0
BEN-000518,BEN-001315,0
BEN-003864,BEN-006755,0
BEN-002231,BEN-006501,0
BEN-006206,BEN-007268,0
BEN-004172,BEN-005063,0
BEN-000601,BEN-006882,0
BEN-004962,BEN-005831,0
BEN-003058,BEN-007640,0
BEN-005574,BEN-006773,0
BEN-004234,BEN-008661,0
BEN-004570,BEN-007443,0
BEN-003726,BEN-004219,0
BEN-005082,BEN-005118,0
BEN-007144,BEN-008201,0
BEN-003015,BEN-009684,0
BEN-001887,BEN-009082,0
BEN-000606,BEN-001350,0
BEN-001358,BEN-009812,0
BEN-002452,BEN-009863,0
BEN-007426,BEN-008513,0
BEN-005592,BEN-009405,0
BEN-007166,BEN-007665,0
BEN-002171,BEN-006308,0
BEN-003757,BEN-007770,0
BEN-006572,BEN-009214,0
BEN-005745,BEN-007229,0
BEN-007098,BEN-008081,0
BEN-001776,BEN-007126,0
BEN-004947,BEN-009199,0
BEN-008128,BEN-008551,0
BEN-002052,BEN-005861,0
BEN-003827,BEN-005127,0
BEN-003084,BEN-005719,0
BEN-000615,BEN-007788,0
BEN-000685,BEN-001918,0
BEN-007307,BEN-007387,0
BEN-005493,BEN-005874,0
BEN-002081,BEN-005617,0
BEN-007638,BEN-009954,0
BEN-001432,BEN-002949,0
BEN-008447,BEN-008889,0
BEN-000444,BEN-000729,1
BEN-004743,BEN-008351,0
BEN-003641,BEN-004113,0
BEN-001312,BEN-009342,0
BEN-000807,BEN-008523,0
BEN-007826,BEN-008469,0
BEN-002606,BEN-004227,0
BEN-002016,BEN-008796,0
BEN-001783,BEN-008957,0
BEN-002355,BEN-007082,0
BEN-002193,BEN-002647,0
BEN-001411,BEN-004121,0
BEN-000268,BEN-008439,0
BEN-001708,BEN-009114,0
BEN-002235,BEN-009949,0
BEN-004968,BEN-008286,0
BEN-002847,BEN-004448,0
BEN-005007,BEN-008648,0
BEN-006605,BEN-007198,0
BEN-007495,BEN-008501,0
BEN-004904,BEN-007180,0
BEN-003960,BEN-006705,0
BEN-007069,BEN-009505,0
BEN-004704,BEN-005207,0
BEN-003365,BEN-008090,0
BEN-000114,BEN-007648,0
BEN-002226,BEN-002953,0
BEN-005272,BEN-009523,0
BEN-001220,BEN-007415,0
BEN-004731,BEN-005627,0
BEN-004336,BEN-009165,0
BEN-006990,BEN-009902,0
BEN-000639,BEN-008267,0
BEN-002436,BEN-003202,0
BEN-001172,BEN-009248,0
BEN-001954,BEN-003706,1
BEN-002189,BEN-003194,0
BEN-004510,BEN-006218,0
BEN-004902,BEN-005267,0
BEN-002670,BEN-008348,0
BEN-006943,BEN-008043,0
BEN-000739,BEN-002814,0
BEN-009723,BEN-009751,0
BEN-002506,BEN-006706,0
BEN-000574,BEN-009098,0
BEN-002558,BEN-009068,0
BEN-001693,BEN-007851,0
BEN-003193,BEN-006234,0
BEN-008016,BEN-008322,1
BEN-002298,BEN-007115,0
BEN-002154,BEN-005123,0
BEN-005430,BEN-007996,0
BEN-006972,BEN-007771,0
BEN-002013,BEN-006890,0
BEN-003178,BEN-007277,0
BEN-005412,BEN-009079,0
BEN-001819,BEN-008051,0
BEN-001932,BEN-003460,0
BEN-007102,BEN-007991,0
BEN-005912,BEN-006278,0
BEN-001964,BEN-002989,0
BEN-005218,BEN-008596,0
BEN-000423,BEN-007157,0
BEN-001850,BEN-007697,0
BEN-001393,BEN-003957,0
BEN-001171,BEN-001862,0
BEN-003014,BEN-007531,0
BEN-001447,BEN-002526,0
BEN-003460,BEN-006118,0
BEN-001691,BEN-008904,0
BEN-003430,BEN-004858,0
BEN-003521,BEN-009088,0
BEN-007273,BEN-008724,0
BEN-000393,BEN-007656,0
BEN-001911,BEN-003126,0
BEN-000341,BEN-000629,0
BEN-004608,BEN-005213,0
BEN-007302,BEN-008388,0
BEN-002418,BEN-005932,0
BEN-002317,BEN-006852,0
BEN-002850,BEN-008304,0
BEN-000577,BEN-000972,0
BEN-002237,BEN-006183,0
BEN-005117,BEN-006715,0
BEN-000541,BEN-001464,0
BEN-004187,BEN-005856,0
BEN-003090,BEN-009586,0
BEN-004511,BEN-005820,0
BEN-000299,BEN-007108,0
BEN-003191,BEN-008951,0
BEN-007709,BEN-009199,0
BEN-007959,BEN-009180,0
BEN-006062,BEN-008132,0
BEN-006178,BEN-008949,0
BEN-000447,BEN-008558,0
BEN-001088,BEN-002291,0
BEN-002233,BEN-004494,0
BEN-001864,BEN-003620,0
BEN-007802,BEN-009759,0
BEN-001492,BEN-005495,0
BEN-004830,BEN-007210,0
