bank_account_id,account_type,fictional_bank_name,account_role
ACC-010860,SAVINGS,Synthetic Sahyadri Bank 3,CUSTOMER
ACC-012659,SAVINGS,Synthetic Sahyadri Bank 2,CUSTOMER
ACC-025849,SAVINGS,Synthetic Sahyadri Bank 4,CUSTOMER
ACC-024029,SAVINGS,Synthetic Sahyadri Bank 3,CUSTOMER
ACC-013997,SAVINGS,Synthetic Sahyadri Bank 2,CUSTOMER
ACC-001692,SAVINGS,Synthetic Sahyadri Bank 1,CUSTOMER
ACC-021280,SAVINGS,Synthetic Sahyadri Bank 5,CUSTOMER
ACC-021517,SAVINGS,Synthetic Sahyadri Bank 6,CUSTOMER
ACC-001700,SAVINGS,Synthetic Sahyadri Bank 6,CUSTOMER
ACC-001194,SAVINGS,Synthetic Sahyadri Bank 6,CUSTOMER
ACC-023245,SAVINGS,Synthetic Sahyadri Bank 5,CUSTOMER
ACC-021811,SAVINGS,Synthetic Sahyadri Bank 3,CUSTOMER
ACC-015647,SAVINGS,Synthetic Sahyadri Bank 1,CUSTOMER
ACC-015017,SAVINGS,Synthetic Sahyadri Bank 1,CUSTOMER
ACC-022548,SAVINGS,Synthetic Sahyadri Bank 2,CUSTOMER
ACC-027216,SAVINGS,Synthetic Sahyadri Bank 5,CUSTOMER
ACC-012177,SAVINGS,Synthetic Sahyadri Bank 2,CUSTOMER
ACC-000404,SAVINGS,Synthetic Sahyadri Bank 2,CUSTOMER
ACC-001031,SAVINGS,Synthetic Sahyadri Bank 6,CUSTOMER
ACC-011189,SAVINGS,Synthetic Sahyadri Bank 6,CUSTOMER
ACC-019730,SAVINGS,Synthetic Sahyadri Bank 6,CUSTOMER
ACC-000376,SAVINGS,Synthetic Sahyadri Bank 4,CUSTOMER
ACC-024994,SAVINGS,Synthetic Sahyadri Bank 2,CUSTOMER
ACC-005957,SAVINGS,Synthetic Sahyadri Bank 6,CUSTOMER
ACC-029894,SAVINGS,Synthetic Sahyadri Bank 2,CUSTOMER
ACC-012683,SAVINGS,Synthetic Sahyadri Bank 2,CUSTOMER
ACC-001628,SAVINGS,Synthetic Sahyadri Bank 6,CUSTOMER
ACC-013042,SAVINGS,Synthetic Sahyadri Bank 1,CUSTOMER
ACC-014569,SAVINGS,Synthetic Sahyadri Bank 6,CUSTOMER
ACC-011887,SAVINGS,Synthetic Sahyadri Bank 5,CUSTOMER
ACC-021465,SAVINGS,Synthetic Sahyadri Bank 1,CUSTOMER
ACC-008382,SAVINGS,Synthetic Sahyadri Bank 1,CUSTOMER
ACC-001498,SAVINGS,Synthetic Sahyadri Bank 3,CUSTOMER
ACC-016164,SAVINGS,Synthetic Sahyadri Bank 1,CUSTOMER
ACC-006498,SAVINGS,Synthetic Sahyadri Bank 1,CUSTOMER
ACC-017947,SAVINGS,Synthetic Sahyadri Bank 1,CUSTOMER
ACC-016664,SAVINGS,Synthetic Sahyadri Bank 3,CUSTOMER
ACC-008801,SAVINGS,Synthetic Sahyadri Bank 3,CUSTOMER
ACC-029077,SAVINGS,Synthetic Sahyadri Bank 5,CUSTOMER
ACC-014317,SAVINGS,Synthetic Sahyadri Bank 5,CUSTOMER
ACC-010517,SAVINGS,Synthetic Sahyadri Bank 6,CUSTOMER
ACC-014246,SAVINGS,Synthetic Sahyadri Bank 5,CUSTOMER
ACC-021366,SAVINGS,Synthetic Sahyadri Bank 4,CUSTOMER
ACC-028191,SAVINGS,Synthetic Sahyadri Bank 1,CUSTOMER
ACC-020802,SAVINGS,Synthetic Sahyadri Bank 3,CUSTOMER
ACC-022616,SAVINGS,Synthetic Sahyadri Bank 2,CUSTOMER
ACC-020431,SAVINGS,Synthetic Sahyadri Bank 1,CUSTOMER
ACC-004788,SAVINGS,Synthetic Sahyadri Bank 4,CUSTOMER
ACC-018658,SAVINGS,Synthetic Sahyadri Bank 1,CUSTOMER
ACC-009127,SAVINGS,Synthetic Sahyadri Bank 3,CUSTOMER
ACC-004990,SAVINGS,Synthetic Sahyadri Bank 6,CUSTOMER
ACC-005498,SAVINGS,Synthetic Sahyadri Bank 6,CUSTOMER
ACC-023555,SAVINGS,Synthetic Sahyadri Bank 1,CUSTOMER
ACC-013540,SAVINGS,Synthetic Sahyadri Bank 4,CUSTOMER
ACC-012040,SAVINGS,Synthetic Sahyadri Bank 2,CUSTOMER
ACC-008300,SAVINGS,Synthetic Sahyadri Bank 3,CUSTOMER
ACC-020100,SAVINGS,Synthetic Sahyadri Bank 2,CUSTOMER
ACC-027202,SAVINGS,Synthetic Sahyadri Bank 4,CUSTOMER
ACC-013467,SAVINGS,Synthetic Sahyadri Bank 5,CUSTOMER
ACC-001869,SAVINGS,Synthetic Sahyadri Bank 3,CUSTOMER
ACC-005025,SAVINGS,Synthetic Sahyadri Bank 5,CUSTOMER
ACC-017255,SAVINGS,Synthetic Sahyadri Bank 1,CUSTOMER
ACC-029521,SAVINGS,Synthetic Sahyadri Bank 6,CUSTOMER
ACC-008065,SAVINGS,Synthetic Sahyadri Bank 6,CUSTOMER
ACC-001950,SAVINGS,Synthetic Sahyadri Bank 4,CUSTOMER
ACC-026454,SAVINGS,Synthetic Sahyadri Bank 4,CUSTOMER
ACC-005833,SAVINGS,Synthetic Sahyadri Bank 6,CUSTOMER
ACC-025528,SAVINGS,Synthetic Sahyadri Bank 4,CUSTOMER
ACC-019520,SAVINGS,Synthetic Sahyadri Bank 5,CUSTOMER
ACC-014097,SAVINGS,Synthetic Sahyadri Bank 5,CUSTOMER
ACC-013859,SAVINGS,Synthetic Sahyadri Bank 1,CUSTOMER
ACC-025909,SAVINGS,Synthetic Sahyadri Bank 6,CUSTOMER
ACC-015258,SAVINGS,Synthetic Sahyadri Bank 3,CUSTOMER
ACC-018411,SAVINGS,Synthetic Sahyadri Bank 2,CUSTOMER
ACC-009464,SAVINGS,Synthetic Sahyadri Bank 4,CUSTOMER
ACC-021497,SAVINGS,Synthetic Sahyadri Bank 2,CUSTOMER
ACC-016100,SAVINGS,Synthetic Sahyadri Bank 1,CUSTOMER
ACC-025371,SAVINGS,Synthetic Sahyadri Bank 1,CUSTOMER
ACC-014584,SAVINGS,Synthetic Sahyadri Bank 4,CUSTOMER
ACC-007743,SAVINGS,Synthetic Sahyadri Bank 6,CUSTOMER
ACC-001112,SAVINGS,Synthetic Sahyadri Bank 1,CUSTOMER
ACC-028035,SAVINGS,Synthetic Sahyadri Bank 1,CUSTOMER
ACC-002872,SAVINGS,Synthetic Sahyadri Bank 2,CUSTOMER
ACC-026858,SAVINGS,Synthetic Sahyadri Bank 4,CUSTOMER
ACC-005601,SAVINGS,Synthetic Sahyadri Bank 3,CUSTOMER
ACC-023213,SAVINGS,Synthetic Sahyadri Bank 5,CUSTOMER
ACC-016269,SAVINGS,Synthetic Sahyadri Bank 4,CUSTOMER
ACC-022717,SAVINGS,Synthetic Sahyadri Bank 1,CUSTOMER
ACC-007081,SAVINGS,Synthetic Sahyadri Bank 4,CUSTOMER
ACC-004820,SAVINGS,Synthetic Sahyadri Bank 2,CUSTOMER
ACC-000734,SAVINGS,Synthetic Sahyadri Bank 5,CUSTOMER
ACC-025253,SAVINGS,Synthetic Sahyadri Bank 4,CUSTOMER
ACC-008164,SAVINGS,Synthetic Sahyadri Bank 1,CUSTOMER
ACC-017504,SAVINGS,Synthetic Sahyadri Bank 6,CUSTOMER
ACC-002836,SAVINGS,Synthetic Sahyadri Bank 6,CUSTOMER
ACC-020054,SAVINGS,Synthetic Sahyadri Bank 6,CUSTOMER
ACC-025473,SAVINGS,Synthetic Sahyadri Bank 3,CUSTOMER
ACC-017743,SAVINGS,Synthetic Sahyadri Bank 3,CUSTOMER
ACC-022175,SAVINGS,Synthetic Sahyadri Bank 1,CUSTOMER
ACC-013059,SAVINGS,Synthetic Sahyadri Bank 4,CUSTOMER
ACC-017162,SAVINGS,Synthetic Sahyadri Bank 4,CUSTOMER
ACC-027318,SAVINGS,Synthetic Sahyadri Bank 1,CUSTOMER
ACC-002150,SAVINGS,Synthetic Sahyadri Bank 3,CUSTOMER
ACC-020006,SAVINGS,Synthetic Sahyadri Bank 4,CUSTOMER
ACC-014655,SAVINGS,Synthetic Sahyadri Bank 3,CUSTOMER
ACC-019749,SAVINGS,Synthetic Sahyadri Bank 4,CUSTOMER
ACC-029776,SAVINGS,Synthetic Sahyadri Bank 3,CUSTOMER
ACC-017335,SAVINGS,Synthetic Sahyadri Bank 6,CUSTOMER
ACC-005986,SAVINGS,Synthetic Sahyadri Bank 5,CUSTOMER
ACC-027871,SAVINGS,Synthetic Sahyadri Bank 1,CUSTOMER
ACC-015434,SAVINGS,Synthetic Sahyadri Bank 5,CUSTOMER
ACC-013688,SAVINGS,Synthetic Sahyadri Bank 6,CUSTOMER
ACC-012726,SAVINGS,Synthetic Sahyadri Bank 5,CUSTOMER
ACC-015082,SAVINGS,Synthetic Sahyadri Bank 4,CUSTOMER
ACC-000159,SAVINGS,Synthetic Sahyadri Bank 2,CUSTOMER
ACC-007841,SAVINGS,Synthetic Sahyadri Bank 4,CUSTOMER
ACC-022987,SAVINGS,Synthetic Sahyadri Bank 4,CUSTOMER
ACC-022958,SAVINGS,Synthetic Sahyadri Bank 6,CUSTOMER
ACC-023449,SAVINGS,Synthetic Sahyadri Bank 6,CUSTOMER
ACC-009764,SAVINGS,Synthetic Sahyadri Bank 2,CUSTOMER
ACC-026455,SAVINGS,Synthetic Sahyadri Bank 2,CUSTOMER
ACC-017762,SAVINGS,Synthetic Sahyadri Bank 6,CUSTOMER
ACC-004198,SAVINGS,Synthetic Sahyadri Bank 5,CUSTOMER
ACC-000960,SAVINGS,Synthetic Sahyadri Bank 1,CUSTOMER
ACC-022828,SAVINGS,Synthetic Sahyadri Bank 4,CUSTOMER
ACC-001242,SAVINGS,Synthetic Sahyadri Bank 5,CUSTOMER
ACC-018392,SAVINGS,Synthetic Sahyadri Bank 1,CUSTOMER
ACC-002073,SAVINGS,Synthetic Sahyadri Bank 2,CUSTOMER
ACC-002339,SAVINGS,Synthetic Sahyadri Bank 4,CUSTOMER
ACC-029956,SAVINGS,Synthetic Sahyadri Bank 4,CUSTOMER
ACC-029390,SAVINGS,Synthetic Sahyadri Bank 5,CUSTOMER
ACC-028547,SAVINGS,Synthetic Sahyadri Bank 2,CUSTOMER
ACC-008027,SAVINGS,Synthetic Sahyadri Bank 5,CUSTOMER
ACC-011074,SAVINGS,Synthetic Sahyadri Bank 3,CUSTOMER
ACC-021993,SAVINGS,Synthetic Sahyadri Bank 2,CUSTOMER
ACC-003843,SAVINGS,Synthetic Sahyadri Bank 2,CUSTOMER
ACC-011238,SAVINGS,Synthetic Sahyadri Bank 4,CUSTOMER
ACC-000730,SAVINGS,Synthetic Sahyadri Bank 1,CUSTOMER
ACC-017880,SAVINGS,Synthetic Sahyadri Bank 1,CUSTOMER
ACC-006699,SAVINGS,Synthetic Sahyadri Bank 6,CUSTOMER
ACC-020893,SAVINGS,Synthetic Sahyadri Bank 2,CUSTOMER
ACC-022581,SAVINGS,Synthetic Sahyadri Bank 4,CUSTOMER
ACC-015948,SAVINGS,Synthetic Sahyadri Bank 3,CUSTOMER
ACC-012158,SAVINGS,Synthetic Sahyadri Bank 1,CUSTOMER
ACC-007775,SAVINGS,Synthetic Sahyadri Bank 4,CUSTOMER
ACC-000316,SAVINGS,Synthetic Sahyadri Bank 1,CUSTOMER
ACC-007016,SAVINGS,Synthetic Sahyadri Bank 5,CUSTOMER
ACC-022649,SAVINGS,Synthetic Sahyadri Bank 1,CUSTOMER
ACC-015193,SAVINGS,Synthetic Sahyadri Bank 2,CUSTOMER
ACC-028441,SAVINGS,Synthetic Sahyadri Bank 1,CUSTOMER
ACC-006910,SAVINGS,Synthetic Sahyadri Bank 5,CUSTOMER
ACC-009124,SAVINGS,Synthetic Sahyadri Bank 1,CUSTOMER
ACC-006492,SAVINGS,Synthetic Sahyadri Bank 3,CUSTOMER
ACC-025911,SAVINGS,Synthetic Sahyadri Bank 2,CUSTOMER
ACC-005248,SAVINGS,Synthetic Sahyadri Bank 5,CUSTOMER
ACC-016570,SAVINGS,Synthetic Sahyadri Bank 3,CUSTOMER
ACC-012657,SAVINGS,Synthetic Sahyadri Bank 3,CUSTOMER
ACC-009991,SAVINGS,Synthetic Sahyadri Bank 5,CUSTOMER
ACC-020999,SAVINGS,Synthetic Sahyadri Bank 3,CUSTOMER
ACC-008876,SAVINGS,Synthetic Sahyadri Bank 4,CUSTOMER
ACC-016708,SAVINGS,Synthetic Sahyadri Bank 3,CUSTOMER
ACC-000841,SAVINGS,Synthetic Sahyadri Bank 3,CUSTOMER
ACC-005713,SAVINGS,Synthetic Sahyadri Bank 3,CUSTOMER
ACC-025047,SAVINGS,Synthetic Sahyadri Bank 6,CUSTOMER
ACC-011671,SAVINGS,Synthetic Sahyadri Bank 4,CUSTOMER
ACC-013450,SAVINGS,Synthetic Sahyadri Bank 3,CUSTOMER
ACC-001540,SAVINGS,Synthetic Sahyadri Bank 6,CUSTOMER
ACC-014471,SAVINGS,Synthetic Sahyadri Bank 6,CUSTOMER
ACC-001992,SAVINGS,Synthetic Sahyadri Bank 1,CUSTOMER
ACC-001182,SAVINGS,Synthetic Sahyadri Bank 4,CUSTOMER
ACC-014263,SAVINGS,Synthetic Sahyadri Bank 6,CUSTOMER
ACC-001418,SAVINGS,Synthetic Sahyadri Bank 2,CUSTOMER
ACC-002189,SAVINGS,Synthetic Sahyadri Bank 2,CUSTOMER
ACC-013557,SAVINGS,Synthetic Sahyadri Bank 6,CUSTOMER
ACC-005528,SAVINGS,Synthetic Sahyadri Bank 3,CUSTOMER
ACC-006356,SAVINGS,Synthetic Sahyadri Bank 5,CUSTOMER
ACC-002514,SAVINGS,Synthetic Sahyadri Bank 2,CUSTOMER
ACC-020664,SAVINGS,Synthetic Sahyadri Bank 2,CUSTOMER
ACC-016810,SAVINGS,Synthetic Sahyadri Bank 2,CUSTOMER
ACC-003164,SAVINGS,Synthetic Sahyadri Bank 1,CUSTOMER
ACC-024640,SAVINGS,Synthetic Sahyadri Bank 2,CUSTOMER
ACC-020701,SAVINGS,Synthetic Sahyadri Bank 5,CUSTOMER
ACC-016463,SAVINGS,Synthetic Sahyadri Bank 5,CUSTOMER
ACC-009567,SAVINGS,Synthetic Sahyadri Bank 4,CUSTOMER
ACC-015929,SAVINGS,Synthetic Sahyadri Bank 2,CUSTOMER
ACC-009479,SAVINGS,Synthetic Sahyadri Bank 5,CUSTOMER
ACC-008585,SAVINGS,Synthetic Sahyadri Bank 2,CUSTOMER
ACC-017513,SAVINGS,Synthetic Sahyadri Bank 5,CUSTOMER
ACC-007664,SAVINGS,Synthetic Sahyadri Bank 1,CUSTOMER
ACC-025504,SAVINGS,Synthetic Sahyadri Bank 1,CUSTOMER
ACC-022186,SAVINGS,Synthetic Sahyadri Bank 6,CUSTOMER
ACC-014662,SAVINGS,Synthetic Sahyadri Bank 5,CUSTOMER
ACC-021139,SAVINGS,Synthetic Sahyadri Bank 6,CUSTOMER
ACC-018689,SAVINGS,Synthetic Sahyadri Bank 5,CUSTOMER
ACC-014561,SAVINGS,Synthetic Sahyadri Bank 1,CUSTOMER
ACC-007347,SAVINGS,Synthetic Sahyadri Bank 4,CUSTOMER
ACC-012132,SAVINGS,Synthetic Sahyadri Bank 1,CUSTOMER
ACC-012311,SAVINGS,Synthetic Sahyadri Bank 6,CUSTOMER
ACC-007682,SAVINGS,Synthetic Sahyadri Bank 6,CUSTOMER
ACC-026918,SAVINGS,Synthetic Sahyadri Bank 4,CUSTOMER
ACC-018566,SAVINGS,Synthetic Sahyadri Bank 3,CUSTOMER
ACC-014739,SAVINGS,Synthetic Sahyadri Bank 4,CUSTOMER
ACC-001618,SAVINGS,Synthetic Sahyadri Bank 5,CUSTOMER
ACC-002270,SAVINGS,Synthetic Sahyadri Bank 5,CUSTOMER
ACC-007568,SAVINGS,Synthetic Sahyadri Bank 2,CUSTOMER
ACC-009182,SAVINGS,Synthetic Sahyadri Bank 4,CUSTOMER
ACC-005086,SAVINGS,Synthetic Sahyadri Bank 1,CUSTOMER
ACC-003116,SAVINGS,Synthetic Sahyadri Bank 5,CUSTOMER
ACC-017805,SAVINGS,Synthetic Sahyadri Bank 1,CUSTOMER
ACC-013205,SAVINGS,Synthetic Sahyadri Bank 2,CUSTOMER
ACC-003703,SAVINGS,Synthetic Sahyadri Bank 5,CUSTOMER
ACC-028714,SAVINGS,Synthetic Sahyadri Bank 6,CUSTOMER
ACC-008901,SAVINGS,Synthetic Sahyadri Bank 3,CUSTOMER
ACC-027857,SAVINGS,Synthetic Sahyadri Bank 5,CUSTOMER
ACC-003084,SAVINGS,Synthetic Sahyadri Bank 3,CUSTOMER
ACC-017322,SAVINGS,Synthetic Sahyadri Bank 2,CUSTOMER
ACC-017881,SAVINGS,Synthetic Sahyadri Bank 1,CUSTOMER
ACC-009577,SAVINGS,Synthetic Sahyadri Bank 2,CUSTOMER
ACC-007708,SAVINGS,Synthetic Sahyadri Bank 1,CUSTOMER
ACC-020153,SAVINGS,Synthetic Sahyadri Bank 2,CUSTOMER
ACC-027108,SAVINGS,Synthetic Sahyadri Bank 3,CUSTOMER
ACC-027062,SAVINGS,Synthetic Sahyadri Bank 3,CUSTOMER
ACC-022344,SAVINGS,Synthetic Sahyadri Bank 6,CUSTOMER
ACC-002290,SAVINGS,Synthetic Sahyadri Bank 2,CUSTOMER
ACC-022239,SAVINGS,Synthetic Sahyadri Bank 3,CUSTOMER
ACC-000148,SAVINGS,Synthetic Sahyadri Bank 6,CUSTOMER
ACC-009920,SAVINGS,Synthetic Sahyadri Bank 1,CUSTOMER
ACC-029069,SAVINGS,Synthetic Sahyadri Bank 5,CUSTOMER
ACC-026400,SAVINGS,Synthetic Sahyadri Bank 1,CUSTOMER
ACC-006914,SAVINGS,Synthetic Sahyadri Bank 3,CUSTOMER
ACC-018094,SAVINGS,Synthetic Sahyadri Bank 2,CUSTOMER
ACC-027238,SAVINGS,Synthetic Sahyadri Bank 4,CUSTOMER
ACC-016111,SAVINGS,Synthetic Sahyadri Bank 1,CUSTOMER
ACC-027447,SAVINGS,Synthetic Sahyadri Bank 1,CUSTOMER
ACC-009026,SAVINGS,Synthetic Sahyadri Bank 5,CUSTOMER
ACC-012449,SAVINGS,Synthetic Sahyadri Bank 5,CUSTOMER
ACC-002252,SAVINGS,Synthetic Sahyadri Bank 5,CUSTOMER
ACC-001079,SAVINGS,Synthetic Sahyadri Bank 4,CUSTOMER
ACC-025964,SAVINGS,Synthetic Sahyadri Bank 5,CUSTOMER
ACC-012970,SAVINGS,Synthetic Sahyadri Bank 6,CUSTOMER
ACC-022836,SAVINGS,Synthetic Sahyadri Bank 6,CUSTOMER
ACC-021562,SAVINGS,Synthetic Sahyadri Bank 3,CUSTOMER
ACC-008903,SAVINGS,Synthetic Sahyadri Bank 1,CUSTOMER
ACC-008126,SAVINGS,Synthetic Sahyadri Bank 2,CUSTOMER
ACC-013054,SAVINGS,Synthetic Sahyadri Bank 2,CUSTOMER
ACC-024112,SAVINGS,Synthetic Sahyadri Bank 3,CUSTOMER
ACC-018359,SAVINGS,Synthetic Sahyadri Bank 4,CUSTOMER
ACC-014093,SAVINGS,Synthetic Sahyadri Bank 2,CUSTOMER
ACC-014440,SAVINGS,Synthetic Sahyadri Bank 4,CUSTOMER
ACC-005661,SAVINGS,Synthetic Sahyadri Bank 1,CUSTOMER
ACC-002440,SAVINGS,Synthetic Sahyadri Bank 6,CUSTOMER
ACC-005985,SAVINGS,Synthetic Sahyadri Bank 1,CUSTOMER
ACC-029455,SAVINGS,Synthetic Sahyadri Bank 3,CUSTOMER
ACC-010190,SAVINGS,Synthetic Sahyadri Bank 1,CUSTOMER
ACC-009110,SAVINGS,Synthetic Sahyadri Bank 3,CUSTOMER
ACC-008481,SAVINGS,Synthetic Sahyadri Bank 6,CUSTOMER
ACC-005531,SAVINGS,Synthetic Sahyadri Bank 3,CUSTOMER
ACC-028892,SAVINGS,Synthetic Sahyadri Bank 6,CUSTOMER
ACC-007270,SAVINGS,Synthetic Sahyadri Bank 1,CUSTOMER
ACC-019275,SAVINGS,Synthetic Sahyadri Bank 1,CUSTOMER
ACC-001475,SAVINGS,Synthetic Sahyadri Bank 3,CUSTOMER
ACC-003863,SAVINGS,Synthetic Sahyadri Bank 1,CUSTOMER
ACC-015688,SAVINGS,Synthetic Sahyadri Bank 3,CUSTOMER
ACC-013379,SAVINGS,Synthetic Sahyadri Bank 3,CUSTOMER
ACC-016076,SAVINGS,Synthetic Sahyadri Bank 3,CUSTOMER
ACC-008125,SAVINGS,Synthetic Sahyadri Bank 3,CUSTOMER
ACC-007675,SAVINGS,Synthetic Sahyadri Bank 3,CUSTOMER
ACC-028509,SAVINGS,Synthetic Sahyadri Bank 4,CUSTOMER
ACC-025786,SAVINGS,Synthetic Sahyadri Bank 3,CUSTOMER
ACC-002810,SAVINGS,Synthetic Sahyadri Bank 5,CUSTOMER
ACC-023638,SAVINGS,Synthetic Sahyadri Bank 2,CUSTOMER
ACC-019629,SAVINGS,Synthetic Sahyadri Bank 3,CUSTOMER
ACC-020573,SAVINGS,Synthetic Sahyadri Bank 3,CUSTOMER
ACC-008782,SAVINGS,Synthetic Sahyadri Bank 3,CUSTOMER
ACC-018321,SAVINGS,Synthetic Sahyadri Bank 4,CUSTOMER
ACC-015912,SAVINGS,Synthetic Sahyadri Bank 4,CUSTOMER
ACC-002195,SAVINGS,Synthetic Sahyadri Bank 6,CUSTOMER
ACC-028948,SAVINGS,Synthetic Sahyadri Bank 5,CUSTOMER
ACC-018384,SAVINGS,Synthetic Sahyadri Bank 5,CUSTOMER
ACC-028321,SAVINGS,Synthetic Sahyadri Bank 4,CUSTOMER
ACC-022202,SAVINGS,Synthetic Sahyadri Bank 4,CUSTOMER
ACC-022738,SAVINGS,Synthetic Sahyadri Bank 2,CUSTOMER
ACC-013175,SAVINGS,Synthetic Sahyadri Bank 3,CUSTOMER
ACC-001649,SAVINGS,Synthetic Sahyadri Bank 1,CUSTOMER
ACC-027587,SAVINGS,Synthetic Sahyadri Bank 2,CUSTOMER
ACC-001520,SAVINGS,Synthetic Sahyadri Bank 1,CUSTOMER
ACC-006824,SAVINGS,Synthetic Sahyadri Bank 5,CUSTOMER
ACC-007804,SAVINGS,Synthetic Sahyadri Bank 6,CUSTOMER
ACC-008721,SAVINGS,Synthetic Sahyadri Bank 6,CUSTOMER
ACC-008507,SAVINGS,Synthetic Sahyadri Bank 2,CUSTOMER
ACC-008835,SAVINGS,Synthetic Sahyadri Bank 6,CUSTOMER
ACC-017395,SAVINGS,Synthetic Sahyadri Bank 3,CUSTOMER
ACC-026447,SAVINGS,Synthetic Sahyadri Bank 5,CUSTOMER
ACC-029637,SAVINGS,Synthetic Sahyadri Bank 6,CUSTOMER
ACC-025882,SAVINGS,Synthetic Sahyadri Bank 2,CUSTOMER
ACC-028033,SAVINGS,Synthetic Sahyadri Bank 5,CUSTOMER
ACC-024403,SAVINGS,Synthetic Sahyadri Bank 1,CUSTOMER
ACC-013216,SAVINGS,Synthetic Sahyadri Bank 2,CUSTOMER
ACC-022452,SAVINGS,Synthetic Sahyadri Bank 4,CUSTOMER
ACC-011723,SAVINGS,Synthetic Sahyadri Bank 2,CUSTOMER
ACC-011659,SAVINGS,Synthetic Sahyadri Bank 1,CUSTOMER
ACC-003911,SAVINGS,Synthetic Sahyadri Bank 3,CUSTOMER
ACC-005269,SAVINGS,Synthetic Sahyadri Bank 2,CUSTOMER
ACC-009912,SAVINGS,Synthetic Sahyadri Bank 2,CUSTOMER
ACC-009225,SAVINGS,Synthetic Sahyadri Bank 5,CUSTOMER
ACC-020767,SAVINGS,Synthetic Sahyadri Bank 1,CUSTOMER
ACC-007640,SAVINGS,Synthetic Sahyadri Bank 1,CUSTOMER
ACC-005674,SAVINGS,Synthetic Sahyadri Bank 5,CUSTOMER
ACC-013883,SAVINGS,Synthetic Sahyadri Bank 5,CUSTOMER
ACC-003076,SAVINGS,Synthetic Sahyadri Bank 5,CUSTOMER
ACC-006209,SAVINGS,Synthetic Sahyadri Bank 6,CUSTOMER
ACC-010889,SAVINGS,Synthetic Sahyadri Bank 5,CUSTOMER
ACC-008864,SAVINGS,Synthetic Sahyadri Bank 3,CUSTOMER
ACC-026636,SAVINGS,Synthetic Sahyadri Bank 1,CUSTOMER
ACC-012696,SAVINGS,Synthetic Sahyadri Bank 2,CUSTOMER
ACC-001985,SAVINGS,Synthetic Sahyadri Bank 2,CUSTOMER
ACC-003464,SAVINGS,Synthetic Sahyadri Bank 4,CUSTOMER
ACC-001708,SAVINGS,Synthetic Sahyadri Bank 5,CUSTOMER
ACC-022245,SAVINGS,Synthetic Sahyadri Bank 6,CUSTOMER
ACC-019311,SAVINGS,Synthetic Sahyadri Bank 4,CUSTOMER
ACC-002619,SAVINGS,Synthetic Sahyadri Bank 5,CUSTOMER
ACC-010179,SAVINGS,Synthetic Sahyadri Bank 1,CUSTOMER
ACC-027196,SAVINGS,Synthetic Sahyadri Bank 1,CUSTOMER
ACC-020497,SAVINGS,Synthetic Sahyadri Bank 1,CUSTOMER
ACC-023984,SAVINGS,Synthetic Sahyadri Bank 6,CUSTOMER
ACC-014365,SAVINGS,Synthetic Sahyadri Bank 5,CUSTOMER
ACC-025700,SAVINGS,Synthetic Sahyadri Bank 1,CUSTOMER
ACC-004967,SAVINGS,Synthetic Sahyadri Bank 1,CUSTOMER
ACC-029644,SAVINGS,Synthetic Sahyadri Bank 2,CUSTOMER
ACC-023835,SAVINGS,Synthetic Sahyadri Bank 3,CUSTOMER
ACC-023945,SAVINGS,Synthetic Sahyadri Bank 1,CUSTOMER
ACC-000919,SAVINGS,Synthetic Sahyadri Bank 1,CUSTOMER
ACC-009342,SAVINGS,Synthetic Sahyadri Bank 5,CUSTOMER
ACC-019604,SAVINGS,Synthetic Sahyadri Bank 1,CUSTOMER
ACC-009753,SAVINGS,Synthetic Sahyadri Bank 2,CUSTOMER
ACC-021408,SAVINGS,Synthetic Sahyadri Bank 4,CUSTOMER
ACC-023400,SAVINGS,Synthetic Sahyadri Bank 4,CUSTOMER
ACC-015790,SAVINGS,Synthetic Sahyadri Bank 2,CUSTOMER
ACC-026744,SAVINGS,Synthetic Sahyadri Bank 4,CUSTOMER
ACC-001655,SAVINGS,Synthetic Sahyadri Bank 5,CUSTOMER
ACC-005719,SAVINGS,Synthetic Sahyadri Bank 3,CUSTOMER
ACC-002840,SAVINGS,Synthetic Sahyadri Bank 2,CUSTOMER
ACC-028120,SAVINGS,Synthetic Sahyadri Bank 6,CUSTOMER
ACC-011767,SAVINGS,Synthetic Sahyadri Bank 4,CUSTOMER
ACC-029864,SAVINGS,Synthetic Sahyadri Bank 4,CUSTOMER
ACC-006503,SAVINGS,Synthetic Sahyadri Bank 2,CUSTOMER
ACC-009203,SAVINGS,Synthetic Sahyadri Bank 2,CUSTOMER
ACC-001184,SAVINGS,Synthetic Sahyadri Bank 1,CUSTOMER
ACC-015531,SAVINGS,Synthetic Sahyadri Bank 4,CUSTOMER
ACC-005544,SAVINGS,Synthetic Sahyadri Bank 1,CUSTOMER
ACC-010144,SAVINGS,Synthetic Sahyadri Bank 2,CUSTOMER
ACC-019295,SAVINGS,Synthetic Sahyadri Bank 2,CUSTOMER
ACC-022749,SAVINGS,Synthetic Sahyadri Bank 1,CUSTOMER
ACC-017080,SAVINGS,Synthetic Sahyadri Bank 3,CUSTOMER
ACC-009632,SAVINGS,Synthetic Sahyadri Bank 1,CUSTOMER
ACC-029466,SAVINGS,Synthetic Sahyadri Bank 3,CUSTOMER
ACC-019377,SAVINGS,Synthetic Sahyadri Bank 5,CUSTOMER
ACC-009827,SAVINGS,Synthetic Sahyadri Bank 4,CUSTOMER
ACC-021309,SAVINGS,Synthetic Sahyadri Bank 2,CUSTOMER
ACC-020219,SAVINGS,Synthetic Sahyadri Bank 1,CUSTOMER
ACC-024638,SAVINGS,Synthetic Sahyadri Bank 2,CUSTOMER
ACC-018442,SAVINGS,Synthetic Sahyadri Bank 4,CUSTOMER
ACC-008121,SAVINGS,Synthetic Sahyadri Bank 5,CUSTOMER
ACC-005237,SAVINGS,Synthetic Sahyadri Bank 6,CUSTOMER
ACC-008612,SAVINGS,Synthetic Sahyadri Bank 6,CUSTOMER
ACC-022553,SAVINGS,Synthetic Sahyadri Bank 5,CUSTOMER
ACC-008371,SAVINGS,Synthetic Sahyadri Bank 5,CUSTOMER
ACC-026144,SAVINGS,Synthetic Sahyadri Bank 2,CUSTOMER
ACC-024026,SAVINGS,Synthetic Sahyadri Bank 3,CUSTOMER
ACC-011372,SAVINGS,Synthetic Sahyadri Bank 1,CUSTOMER
ACC-028650,SAVINGS,Synthetic Sahyadri Bank 4,CUSTOMER
ACC-028456,SAVINGS,Synthetic Sahyadri Bank 6,CUSTOMER
ACC-018712,SAVINGS,Synthetic Sahyadri Bank 3,CUSTOMER
ACC-019980,SAVINGS,Synthetic Sahyadri Bank 3,CUSTOMER
ACC-028211,SAVINGS,Synthetic Sahyadri Bank 5,CUSTOMER
ACC-018220,SAVINGS,Synthetic Sahyadri Bank 6,CUSTOMER
ACC-004673,SAVINGS,Synthetic Sahyadri Bank 4,CUSTOMER
ACC-028851,SAVINGS,Synthetic Sahyadri Bank 5,CUSTOMER
ACC-007349,SAVINGS,Synthetic Sahyadri Bank 1,CUSTOMER
ACC-011067,SAVINGS,Synthetic Sahyadri Bank 3,CUSTOMER
ACC-006387,SAVINGS,Synthetic Sahyadri Bank 3,CUSTOMER
ACC-019087,SAVINGS,Synthetic Sahyadri Bank 2,CUSTOMER
ACC-023072,SAVINGS,Synthetic Sahyadri Bank 6,CUSTOMER
ACC-002351,SAVINGS,Synthetic Sahyadri Bank 5,CUSTOMER
ACC-007853,SAVINGS,Synthetic Sahyadri Bank 2,CUSTOMER
ACC-008278,SAVINGS,Synthetic Sahyadri Bank 1,CUSTOMER
ACC-007579,SAVINGS,Synthetic Sahyadri Bank 2,CUSTOMER
ACC-005427,SAVINGS,Synthetic Sahyadri Bank 3,CUSTOMER
ACC-012148,SAVINGS,Synthetic Sahyadri Bank 4,CUSTOMER
ACC-023360,SAVINGS,Synthetic Sahyadri Bank 2,CUSTOMER
ACC-004349,SAVINGS,Synthetic Sahyadri Bank 4,CUSTOMER
ACC-019026,SAVINGS,Synthetic Sahyadri Bank 1,CUSTOMER
ACC-009274,SAVINGS,Synthetic Sahyadri Bank 6,CUSTOMER
ACC-007077,SAVINGS,Synthetic Sahyadri Bank 1,CUSTOMER
ACC-016774,SAVINGS,Synthetic Sahyadri Bank 3,CUSTOMER
ACC-019822,SAVINGS,Synthetic Sahyadri Bank 6,CUSTOMER
ACC-028945,SAVINGS,Synthetic Sahyadri Bank 3,CUSTOMER
ACC-023469,SAVINGS,Synthetic Sahyadri Bank 1,CUSTOMER
ACC-010004,SAVINGS,Synthetic Sahyadri Bank 6,CUSTOMER
ACC-023030,SAVINGS,Synthetic Sahyadri Bank 6,CUSTOMER
ACC-028520,SAVINGS,Synthetic Sahyadri Bank 3,CUSTOMER
ACC-007397,SAVINGS,Synthetic Sahyadri Bank 5,CUSTOMER
ACC-026335,SAVINGS,Synthetic Sahyadri Bank 5,CUSTOMER
ACC-021337,SAVINGS,Synthetic Sahyadri Bank 6,CUSTOMER
ACC-000294,SAVINGS,Synthetic Sahyadri Bank 3,CUSTOMER
ACC-008554,SAVINGS,Synthetic Sahyadri Bank 1,CUSTOMER
ACC-023018,SAVINGS,Synthetic Sahyadri Bank 1,CUSTOMER
ACC-022701,SAVINGS,Synthetic Sahyadri Bank 6,CUSTOMER
ACC-010450,SAVINGS,Synthetic Sahyadri Bank 6,CUSTOMER
ACC-027404,SAVINGS,Synthetic Sahyadri Bank 1,CUSTOMER
ACC-021759,SAVINGS,Synthetic Sahyadri Bank 2,CUSTOMER
ACC-005482,SAVINGS,Synthetic Sahyadri Bank 2,CUSTOMER
ACC-022639,SAVINGS,Synthetic Sahyadri Bank 5,CUSTOMER
ACC-020133,SAVINGS,Synthetic Sahyadri Bank 3,CUSTOMER
ACC-001118,SAVINGS,Synthetic Sahyadri Bank 4,CUSTOMER
ACC-010420,SAVINGS,Synthetic Sahyadri Bank 3,CUSTOMER
ACC-012255,SAVINGS,Synthetic Sahyadri Bank 5,CUSTOMER
ACC-008349,SAVINGS,Synthetic Sahyadri Bank 3,CUSTOMER
ACC-007264,SAVINGS,Synthetic Sahyadri Bank 5,CUSTOMER
ACC-004862,SAVINGS,Synthetic Sahyadri Bank 2,CUSTOMER
ACC-019035,SAVINGS,Synthetic Sahyadri Bank 3,CUSTOMER
ACC-007256,SAVINGS,Synthetic Sahyadri Bank 2,CUSTOMER
ACC-026409,SAVINGS,Synthetic Sahyadri Bank 3,CUSTOMER
ACC-002251,SAVINGS,Synthetic Sahyadri Bank 2,CUSTOMER
ACC-024266,SAVINGS,Synthetic Sahyadri Bank 3,CUSTOMER
ACC-025399,SAVINGS,Synthetic Sahyadri Bank 1,CUSTOMER
ACC-006658,SAVINGS,Synthetic Sahyadri Bank 4,CUSTOMER
ACC-002316,SAVINGS,Synthetic Sahyadri Bank 4,CUSTOMER
ACC-002048,SAVINGS,Synthetic Sahyadri Bank 6,CUSTOMER
ACC-004809,SAVINGS,Synthetic Sahyadri Bank 3,CUSTOMER
ACC-019099,SAVINGS,Synthetic Sahyadri Bank 5,CUSTOMER
ACC-011389,SAVINGS,Synthetic Sahyadri Bank 4,CUSTOMER
ACC-014538,SAVINGS,Synthetic Sahyadri Bank 3,CUSTOMER
ACC-016332,SAVINGS,Synthetic Sahyadri Bank 2,CUSTOMER
ACC-019985,SAVINGS,Synthetic Sahyadri Bank 6,CUSTOMER
ACC-017307,SAVINGS,Synthetic Sahyadri Bank 2,CUSTOMER
ACC-028157,SAVINGS,Synthetic Sahyadri Bank 3,CUSTOMER
ACC-013803,SAVINGS,Synthetic Sahyadri Bank 5,CUSTOMER
ACC-006924,SAVINGS,Synthetic Sahyadri Bank 3,CUSTOMER
ACC-001758,SAVINGS,Synthetic Sahyadri Bank 5,CUSTOMER
ACC-019632,SAVINGS,Synthetic Sahyadri Bank 1,CUSTOMER
ACC-026493,SAVINGS,Synthetic Sahyadri Bank 5,CUSTOMER
ACC-017839,SAVINGS,Synthetic Sahyadri Bank 6,CUSTOMER
ACC-017197,SAVINGS,Synthetic Sahyadri Bank 6,CUSTOMER
ACC-000287,SAVINGS,Synthetic Sahyadri Bank 1,CUSTOMER
ACC-006538,SAVINGS,Synthetic Sahyadri Bank 3,CUSTOMER
ACC-017421,SAVINGS,Synthetic Sahyadri Bank 1,CUSTOMER
ACC-011230,SAVINGS,Synthetic Sahyadri Bank 5,CUSTOMER
ACC-006210,SAVINGS,Synthetic Sahyadri Bank 3,CUSTOMER
ACC-028518,SAVINGS,Synthetic Sahyadri Bank 5,CUSTOMER
ACC-006022,SAVINGS,Synthetic Sahyadri Bank 5,CUSTOMER
ACC-017363,SAVINGS,Synthetic Sahyadri Bank 1,CUSTOMER
ACC-005666,SAVINGS,Synthetic Sahyadri Bank 5,CUSTOMER
ACC-000339,SAVINGS,Synthetic Sahyadri Bank 1,CUSTOMER
ACC-005365,SAVINGS,Synthetic Sahyadri Bank 6,CUSTOMER
ACC-001776,SAVINGS,Synthetic Sahyadri Bank 2,CUSTOMER
ACC-000359,SAVINGS,Synthetic Sahyadri Bank 3,CUSTOMER
ACC-005536,SAVINGS,Synthetic Sahyadri Bank 6,CUSTOMER
ACC-010417,SAVINGS,Synthetic Sahyadri Bank 1,CUSTOMER
ACC-006113,SAVINGS,Synthetic Sahyadri Bank 6,CUSTOMER
ACC-013988,SAVINGS,Synthetic Sahyadri Bank 6,CUSTOMER
ACC-028167,SAVINGS,Synthetic Sahyadri Bank 1,CUSTOMER
ACC-028747,SAVINGS,Synthetic Sahyadri Bank 3,CUSTOMER
ACC-023797,SAVINGS,Synthetic Sahyadri Bank 3,CUSTOMER
ACC-008784,SAVINGS,Synthetic Sahyadri Bank 6,CUSTOMER
ACC-007197,SAVINGS,Synthetic Sahyadri Bank 2,CUSTOMER
ACC-009621,SAVINGS,Synthetic Sahyadri Bank 2,CUSTOMER
ACC-002951,SAVINGS,Synthetic Sahyadri Bank 1,CUSTOMER
ACC-020241,SAVINGS,Synthetic Sahyadri Bank 6,CUSTOMER
ACC-014923,SAVINGS,Synthetic Sahyadri Bank 4,CUSTOMER
ACC-013363,SAVINGS,Synthetic Sahyadri Bank 4,CUSTOMER
ACC-021614,SAVINGS,Synthetic Sahyadri Bank 4,CUSTOMER
ACC-024982,SAVINGS,Synthetic Sahyadri Bank 4,CUSTOMER
ACC-025334,SAVINGS,Synthetic Sahyadri Bank 4,CUSTOMER
ACC-027473,SAVINGS,Synthetic Sahyadri Bank 5,CUSTOMER
ACC-005130,SAVINGS,Synthetic Sahyadri Bank 2,CUSTOMER
ACC-016314,SAVINGS,Synthetic Sahyadri Bank 1,CUSTOMER
ACC-012400,SAVINGS,Synthetic Sahyadri Bank 3,CUSTOMER
ACC-016024,SAVINGS,Synthetic Sahyadri Bank 3,CUSTOMER
ACC-007044,SAVINGS,Synthetic Sahyadri Bank 4,CUSTOMER
ACC-002281,SAVINGS,Synthetic Sahyadri Bank 1,CUSTOMER
ACC-016767,SAVINGS,Synthetic Sahyadri Bank 6,CUSTOMER
ACC-014695,SAVINGS,Synthetic Sahyadri Bank 3,CUSTOMER
ACC-006806,SAVINGS,Synthetic Sahyadri Bank 3,CUSTOMER
ACC-005191,SAVINGS,Synthetic Sahyadri Bank 3,CUSTOMER
ACC-005332,SAVINGS,Synthetic Sahyadri Bank 3,CUSTOMER
ACC-000125,SAVINGS,Synthetic Sahyadri Bank 5,CUSTOMER
ACC-025925,SAVINGS,Synthetic Sahyadri Bank 2,CUSTOMER
ACC-014419,SAVINGS,Synthetic Sahyadri Bank 6,CUSTOMER
ACC-018830,SAVINGS,Synthetic Sahyadri Bank 2,CUSTOMER
ACC-023407,SAVINGS,Synthetic Sahyadri Bank 6,CUSTOMER
ACC-011148,SAVINGS,Synthetic Sahyadri Bank 1,CUSTOMER
ACC-024806,SAVINGS,Synthetic Sahyadri Bank 5,CUSTOMER
ACC-005874,SAVINGS,Synthetic Sahyadri Bank 6,CUSTOMER
ACC-008771,SAVINGS,Synthetic Sahyadri Bank 2,CUSTOMER
ACC-010318,SAVINGS,Synthetic Sahyadri Bank 4,CUSTOMER
ACC-001072,SAVINGS,Synthetic Sahyadri Bank 3,CUSTOMER
ACC-020370,SAVINGS,Synthetic Sahyadri Bank 4,CUSTOMER
ACC-014868,SAVINGS,Synthetic Sahyadri Bank 6,CUSTOMER
ACC-007874,SAVINGS,Synthetic Sahyadri Bank 5,CUSTOMER
ACC-012561,SAVINGS,Synthetic Sahyadri Bank 2,CUSTOMER
ACC-024756,SAVINGS,Synthetic Sahyadri Bank 6,CUSTOMER
ACC-005002,SAVINGS,Synthetic Sahyadri Bank 2,CUSTOMER
ACC-003215,SAVINGS,Synthetic Sahyadri Bank 5,CUSTOMER
ACC-025406,SAVINGS,Synthetic Sahyadri Bank 6,CUSTOMER
ACC-000563,SAVINGS,Synthetic Sahyadri Bank 1,CUSTOMER
ACC-012003,SAVINGS,Synthetic Sahyadri Bank 6,CUSTOMER
ACC-004190,SAVINGS,Synthetic Sahyadri Bank 4,CUSTOMER
ACC-010795,SAVINGS,Synthetic Sahyadri Bank 5,CUSTOMER
ACC-005665,SAVINGS,Synthetic Sahyadri Bank 4,CUSTOMER
ACC-019877,SAVINGS,Synthetic Sahyadri Bank 1,CUSTOMER
ACC-019038,SAVINGS,Synthetic Sahyadri Bank 4,CUSTOMER
ACC-026139,SAVINGS,Synthetic Sahyadri Bank 1,CUSTOMER
ACC-023621,SAVINGS,Synthetic Sahyadri Bank 6,CUSTOMER
ACC-024259,SAVINGS,Synthetic Sahyadri Bank 1,CUSTOMER
ACC-001366,SAVINGS,Synthetic Sahyadri Bank 6,CUSTOMER
ACC-009589,SAVINGS,Synthetic Sahyadri Bank 2,CUSTOMER
ACC-002571,SAVINGS,Synthetic Sahyadri Bank 6,CUSTOMER
ACC-020273,SAVINGS,Synthetic Sahyadri Bank 1,CUSTOMER
ACC-023908,SAVINGS,Synthetic Sahyadri Bank 5,CUSTOMER
ACC-005333,SAVINGS,Synthetic Sahyadri Bank 3,CUSTOMER
ACC-027637,SAVINGS,Synthetic Sahyadri Bank 2,CUSTOMER
ACC-005426,SAVINGS,Synthetic Sahyadri Bank 1,CUSTOMER
ACC-005458,SAVINGS,Synthetic Sahyadri Bank 2,CUSTOMER
ACC-026568,SAVINGS,Synthetic Sahyadri Bank 6,CUSTOMER
ACC-024988,SAVINGS,Synthetic Sahyadri Bank 6,CUSTOMER
ACC-026262,SAVINGS,Synthetic Sahyadri Bank 3,CUSTOMER
ACC-006888,SAVINGS,Synthetic Sahyadri Bank 6,CUSTOMER
ACC-010987,SAVINGS,Synthetic Sahyadri Bank 4,CUSTOMER
ACC-028937,SAVINGS,Synthetic Sahyadri Bank 2,CUSTOMER
ACC-017566,SAVINGS,Synthetic Sahyadri Bank 3,CUSTOMER
ACC-017973,SAVINGS,Synthetic Sahyadri Bank 2,CUSTOMER
ACC-013498,SAVINGS,Synthetic Sahyadri Bank 1,CUSTOMER
ACC-029851,SAVINGS,Synthetic Sahyadri Bank 5,CUSTOMER
ACC-012377,SAVINGS,Synthetic Sahyadri Bank 3,CUSTOMER
ACC-002578,SAVINGS,Synthetic Sahyadri Bank 4,CUSTOMER
ACC-027130,SAVINGS,Synthetic Sahyadri Bank 1,CUSTOMER
ACC-017531,SAVINGS,Synthetic Sahyadri Bank 3,CUSTOMER
ACC-010870,SAVINGS,Synthetic Sahyadri Bank 4,CUSTOMER
ACC-026679,SAVINGS,Synthetic Sahyadri Bank 4,CUSTOMER
ACC-012833,SAVINGS,Synthetic Sahyadri Bank 3,CUSTOMER
ACC-024714,SAVINGS,Synthetic Sahyadri Bank 2,CUSTOMER
ACC-028448,SAVINGS,Synthetic Sahyadri Bank 4,CUSTOMER
ACC-018556,SAVINGS,Synthetic Sahyadri Bank 5,CUSTOMER
ACC-006434,SAVINGS,Synthetic Sahyadri Bank 4,CUSTOMER
ACC-000712,SAVINGS,Synthetic Sahyadri Bank 2,CUSTOMER
ACC-012127,SAVINGS,Synthetic Sahyadri Bank 4,CUSTOMER
ACC-027029,SAVINGS,Synthetic Sahyadri Bank 6,CUSTOMER
ACC-022574,SAVINGS,Synthetic Sahyadri Bank 4,CUSTOMER
ACC-028996,SAVINGS,Synthetic Sahyadri Bank 3,CUSTOMER
ACC-023979,SAVINGS,Synthetic Sahyadri Bank 5,CUSTOMER
ACC-024896,SAVINGS,Synthetic Sahyadri Bank 5,CUSTOMER
ACC-003030,SAVINGS,Synthetic Sahyadri Bank 5,CUSTOMER
ACC-029506,SAVINGS,Synthetic Sahyadri Bank 1,CUSTOMER
ACC-015301,SAVINGS,Synthetic Sahyadri Bank 4,CUSTOMER
ACC-026544,SAVINGS,Synthetic Sahyadri Bank 2,CUSTOMER
ACC-022928,SAVINGS,Synthetic Sahyadri Bank 4,CUSTOMER
ACC-007393,SAVINGS,Synthetic Sahyadri Bank 1,CUSTOMER
ACC-020176,SAVINGS,Synthetic Sahyadri Bank 4,CUSTOMER
ACC-020679,SAVINGS,Synthetic Sahyadri Bank 3,CUSTOMER
ACC-014348,SAVINGS,Synthetic Sahyadri Bank 5,CUSTOMER
ACC-019831,SAVINGS,Synthetic Sahyadri Bank 2,CUSTOMER
ACC-005686,SAVINGS,Synthetic Sahyadri Bank 5,CUSTOMER
ACC-003385,SAVINGS,Synthetic Sahyadri Bank 6,CUSTOMER
ACC-019522,SAVINGS,Synthetic Sahyadri Bank 3,CUSTOMER
ACC-016138,SAVINGS,Synthetic Sahyadri Bank 6,CUSTOMER
ACC-002381,SAVINGS,Synthetic Sahyadri Bank 6,CUSTOMER
ACC-016680,SAVINGS,Synthetic Sahyadri Bank 4,CUSTOMER
ACC-018132,SAVINGS,Synthetic Sahyadri Bank 2,CUSTOMER
ACC-020171,SAVINGS,Synthetic Sahyadri Bank 6,CUSTOMER
ACC-011668,SAVINGS,Synthetic Sahyadri Bank 6,CUSTOMER
ACC-002856,SAVINGS,Synthetic Sahyadri Bank 1,CUSTOMER
ACC-025669,SAVINGS,Synthetic Sahyadri Bank 1,CUSTOMER
ACC-021745,SAVINGS,Synthetic Sahyadri Bank 4,CUSTOMER
ACC-005557,SAVINGS,Synthetic Sahyadri Bank 5,CUSTOMER
ACC-027514,SAVINGS,Synthetic Sahyadri Bank 1,CUSTOMER
ACC-005972,SAVINGS,Synthetic Sahyadri Bank 1,CUSTOMER
ACC-022134,SAVINGS,Synthetic Sahyadri Bank 5,CUSTOMER
ACC-004531,SAVINGS,Synthetic Sahyadri Bank 3,CUSTOMER
ACC-000350,SAVINGS,Synthetic Sahyadri Bank 2,CUSTOMER
ACC-019537,SAVINGS,Synthetic Sahyadri Bank 1,CUSTOMER
ACC-020172,SAVINGS,Synthetic Sahyadri Bank 1,CUSTOMER
ACC-024068,SAVINGS,Synthetic Sahyadri Bank 3,CUSTOMER
ACC-001322,SAVINGS,Synthetic Sahyadri Bank 6,CUSTOMER
ACC-008826,SAVINGS,Synthetic Sahyadri Bank 4,CUSTOMER
ACC-026513,SAVINGS,Synthetic Sahyadri Bank 2,CUSTOMER
ACC-027675,SAVINGS,Synthetic Sahyadri Bank 4,CUSTOMER
ACC-006520,SAVINGS,Synthetic Sahyadri Bank 6,CUSTOMER
ACC-019338,SAVINGS,Synthetic Sahyadri Bank 6,CUSTOMER
ACC-005172,SAVINGS,Synthetic Sahyadri Bank 2,CUSTOMER
ACC-006587,SAVINGS,Synthetic Sahyadri Bank 2,CUSTOMER
ACC-016535,SAVINGS,Synthetic Sahyadri Bank 3,CUSTOMER
ACC-019788,SAVINGS,Synthetic Sahyadri Bank 6,CUSTOMER
ACC-024070,SAVINGS,Synthetic Sahyadri Bank 6,CUSTOMER
ACC-027989,SAVINGS,Synthetic Sahyadri Bank 6,CUSTOMER
ACC-008005,SAVINGS,Synthetic Sahyadri Bank 3,CUSTOMER
ACC-023605,SAVINGS,Synthetic Sahyadri Bank 6,CUSTOMER
ACC-011470,SAVINGS,Synthetic Sahyadri Bank 5,CUSTOMER
ACC-011575,SAVINGS,Synthetic Sahyadri Bank 4,CUSTOMER
ACC-017034,SAVINGS,Synthetic Sahyadri Bank 1,CUSTOMER
ACC-000087,SAVINGS,Synthetic Sahyadri Bank 4,CUSTOMER
ACC-004726,SAVINGS,Synthetic Sahyadri Bank 4,CUSTOMER
ACC-003716,SAVINGS,Synthetic Sahyadri Bank 6,CUSTOMER
ACC-018264,SAVINGS,Synthetic Sahyadri Bank 5,CUSTOMER
ACC-003889,SAVINGS,Synthetic Sahyadri Bank 5,CUSTOMER
ACC-013313,SAVINGS,Synthetic Sahyadri Bank 3,CUSTOMER
ACC-016264,SAVINGS,Synthetic Sahyadri Bank 4,CUSTOMER
ACC-002771,SAVINGS,Synthetic Sahyadri Bank 2,CUSTOMER
ACC-007852,SAVINGS,Synthetic Sahyadri Bank 1,CUSTOMER
ACC-002765,SAVINGS,Synthetic Sahyadri Bank 4,CUSTOMER
ACC-016245,SAVINGS,Synthetic Sahyadri Bank 5,CUSTOMER
ACC-024587,SAVINGS,Synthetic Sahyadri Bank 2,CUSTOMER
ACC-024133,SAVINGS,Synthetic Sahyadri Bank 4,CUSTOMER
ACC-007744,SAVINGS,Synthetic Sahyadri Bank 5,CUSTOMER
ACC-023486,SAVINGS,Synthetic Sahyadri Bank 3,CUSTOMER
ACC-023463,SAVINGS,Synthetic Sahyadri Bank 6,CUSTOMER
ACC-012002,SAVINGS,Synthetic Sahyadri Bank 2,CUSTOMER
ACC-021974,SAVINGS,Synthetic Sahyadri Bank 4,CUSTOMER
ACC-018187,SAVINGS,Synthetic Sahyadri Bank 1,CUSTOMER
ACC-014564,SAVINGS,Synthetic Sahyadri Bank 6,CUSTOMER
ACC-028567,SAVINGS,Synthetic Sahyadri Bank 3,CUSTOMER
ACC-006325,SAVINGS,Synthetic Sahyadri Bank 5,CUSTOMER
ACC-012474,SAVINGS,Synthetic Sahyadri Bank 4,CUSTOMER
ACC-021766,SAVINGS,Synthetic Sahyadri Bank 5,CUSTOMER
ACC-020704,SAVINGS,Synthetic Sahyadri Bank 3,CUSTOMER
ACC-026458,SAVINGS,Synthetic Sahyadri Bank 2,CUSTOMER
ACC-010724,SAVINGS,Synthetic Sahyadri Bank 2,CUSTOMER
ACC-018031,SAVINGS,Synthetic Sahyadri Bank 1,CUSTOMER
ACC-010187,SAVINGS,Synthetic Sahyadri Bank 6,CUSTOMER
ACC-001367,SAVINGS,Synthetic Sahyadri Bank 5,CUSTOMER
ACC-017516,SAVINGS,Synthetic Sahyadri Bank 2,CUSTOMER
ACC-009195,SAVINGS,Synthetic Sahyadri Bank 4,CUSTOMER
ACC-029145,SAVINGS,Synthetic Sahyadri Bank 5,CUSTOMER
ACC-010125,SAVINGS,Synthetic Sahyadri Bank 4,CUSTOMER
ACC-020526,SAVINGS,Synthetic Sahyadri Bank 1,CUSTOMER
ACC-006917,SAVINGS,Synthetic Sahyadri Bank 1,CUSTOMER
ACC-004701,SAVINGS,Synthetic Sahyadri Bank 6,CUSTOMER
ACC-012965,SAVINGS,Synthetic Sahyadri Bank 3,CUSTOMER
ACC-000523,SAVINGS,Synthetic Sahyadri Bank 1,CUSTOMER
ACC-021868,SAVINGS,Synthetic Sahyadri Bank 1,CUSTOMER
ACC-008819,SAVINGS,Synthetic Sahyadri Bank 6,CUSTOMER
ACC-016556,SAVINGS,Synthetic Sahyadri Bank 4,CUSTOMER
ACC-012217,SAVINGS,Synthetic Sahyadri Bank 5,CUSTOMER
ACC-003374,SAVINGS,Synthetic Sahyadri Bank 1,CUSTOMER
ACC-002602,SAVINGS,Synthetic Sahyadri Bank 2,CUSTOMER
ACC-021645,SAVINGS,Synthetic Sahyadri Bank 5,CUSTOMER
ACC-024605,SAVINGS,Synthetic Sahyadri Bank 6,CUSTOMER
ACC-000679,SAVINGS,Synthetic Sahyadri Bank 1,CUSTOMER
ACC-026015,SAVINGS,Synthetic Sahyadri Bank 2,CUSTOMER
ACC-004232,SAVINGS,Synthetic Sahyadri Bank 4,CUSTOMER
ACC-012345,SAVINGS,Synthetic Sahyadri Bank 5,CUSTOMER
ACC-010143,SAVINGS,Synthetic Sahyadri Bank 1,CUSTOMER
ACC-010185,SAVINGS,Synthetic Sahyadri Bank 4,CUSTOMER
ACC-012884,SAVINGS,Synthetic Sahyadri Bank 5,CUSTOMER
ACC-027105,SAVINGS,Synthetic Sahyadri Bank 4,CUSTOMER
ACC-004090,SAVINGS,Synthetic Sahyadri Bank 3,CUSTOMER
ACC-026472,SAVINGS,Synthetic Sahyadri Bank 2,CUSTOMER
ACC-018994,SAVINGS,Synthetic Sahyadri Bank 2,CUSTOMER
ACC-010102,SAVINGS,Synthetic Sahyadri Bank 5,CUSTOMER
ACC-005196,SAVINGS,Synthetic Sahyadri Bank 2,CUSTOMER
ACC-023804,SAVINGS,Synthetic Sahyadri Bank 4,CUSTOMER
ACC-019554,SAVINGS,Synthetic Sahyadri Bank 2,CUSTOMER
ACC-024078,SAVINGS,Synthetic Sahyadri Bank 2,CUSTOMER
ACC-025533,SAVINGS,Synthetic Sahyadri Bank 3,CUSTOMER
ACC-002911,SAVINGS,Synthetic Sahyadri Bank 1,CUSTOMER
ACC-016015,SAVINGS,Synthetic Sahyadri Bank 4,CUSTOMER
ACC-022362,SAVINGS,Synthetic Sahyadri Bank 3,CUSTOMER
ACC-016484,SAVINGS,Synthetic Sahyadri Bank 2,CUSTOMER
ACC-005306,SAVINGS,Synthetic Sahyadri Bank 5,CUSTOMER
ACC-014804,SAVINGS,Synthetic Sahyadri Bank 5,CUSTOMER
ACC-016243,SAVINGS,Synthetic Sahyadri Bank 5,CUSTOMER
ACC-027945,SAVINGS,Synthetic Sahyadri Bank 5,CUSTOMER
ACC-006213,SAVINGS,Synthetic Sahyadri Bank 2,CUSTOMER
ACC-006360,SAVINGS,Synthetic Sahyadri Bank 5,CUSTOMER
ACC-021847,SAVINGS,Synthetic Sahyadri Bank 5,CUSTOMER
ACC-028223,SAVINGS,Synthetic Sahyadri Bank 2,CUSTOMER
ACC-016058,SAVINGS,Synthetic Sahyadri Bank 6,CUSTOMER
ACC-002640,SAVINGS,Synthetic Sahyadri Bank 1,CUSTOMER
ACC-011460,SAVINGS,Synthetic Sahyadri Bank 3,CUSTOMER
ACC-029936,SAVINGS,Synthetic Sahyadri Bank 3,CUSTOMER
ACC-003466,SAVINGS,Synthetic Sahyadri Bank 4,CUSTOMER
ACC-017698,SAVINGS,Synthetic Sahyadri Bank 3,CUSTOMER
ACC-022369,SAVINGS,Synthetic Sahyadri Bank 6,CUSTOMER
ACC-020533,SAVINGS,Synthetic Sahyadri Bank 3,CUSTOMER
ACC-023411,SAVINGS,Synthetic Sahyadri Bank 4,CUSTOMER
ACC-022567,SAVINGS,Synthetic Sahyadri Bank 1,CUSTOMER
ACC-006151,SAVINGS,Synthetic Sahyadri Bank 3,CUSTOMER
ACC-012872,SAVINGS,Synthetic Sahyadri Bank 6,CUSTOMER
ACC-008910,SAVINGS,Synthetic Sahyadri Bank 4,CUSTOMER
ACC-017157,SAVINGS,Synthetic Sahyadri Bank 6,CUSTOMER
ACC-026726,SAVINGS,Synthetic Sahyadri Bank 1,CUSTOMER
ACC-029241,SAVINGS,Synthetic Sahyadri Bank 4,CUSTOMER
ACC-029997,SAVINGS,Synthetic Sahyadri Bank 2,CUSTOMER
ACC-029410,SAVINGS,Synthetic Sahyadri Bank 1,CUSTOMER
ACC-008871,SAVINGS,Synthetic Sahyadri Bank 6,CUSTOMER
ACC-020230,SAVINGS,Synthetic Sahyadri Bank 2,CUSTOMER
ACC-025571,SAVINGS,Synthetic Sahyadri Bank 4,CUSTOMER
ACC-028051,SAVINGS,Synthetic Sahyadri Bank 3,CUSTOMER
ACC-002757,SAVINGS,Synthetic Sahyadri Bank 4,CUSTOMER
ACC-022740,SAVINGS,Synthetic Sahyadri Bank 4,CUSTOMER
ACC-016227,SAVINGS,Synthetic Sahyadri Bank 2,CUSTOMER
ACC-013701,SAVINGS,Synthetic Sahyadri Bank 5,CUSTOMER
ACC-002154,SAVINGS,Synthetic Sahyadri Bank 4,CUSTOMER
ACC-007035,SAVINGS,Synthetic Sahyadri Bank 4,CUSTOMER
ACC-009667,SAVINGS,Synthetic Sahyadri Bank 3,CUSTOMER
ACC-010493,SAVINGS,Synthetic Sahyadri Bank 6,CUSTOMER
ACC-013616,SAVINGS,Synthetic Sahyadri Bank 6,CUSTOMER
ACC-027051,SAVINGS,Synthetic Sahyadri Bank 4,CUSTOMER
ACC-014624,SAVINGS,Synthetic Sahyadri Bank 1,CUSTOMER
ACC-002456,SAVINGS,Synthetic Sahyadri Bank 5,CUSTOMER
ACC-016293,SAVINGS,Synthetic Sahyadri Bank 2,CUSTOMER
ACC-024109,SAVINGS,Synthetic Sahyadri Bank 3,CUSTOMER
ACC-003122,SAVINGS,Synthetic Sahyadri Bank 5,CUSTOMER
ACC-017198,SAVINGS,Synthetic Sahyadri Bank 2,CUSTOMER
ACC-018861,SAVINGS,Synthetic Sahyadri Bank 3,CUSTOMER
ACC-003094,SAVINGS,Synthetic Sahyadri Bank 4,CUSTOMER
ACC-028195,SAVINGS,Synthetic Sahyadri Bank 4,CUSTOMER
ACC-000390,SAVINGS,Synthetic Sahyadri Bank 6,CUSTOMER
ACC-017394,SAVINGS,Synthetic Sahyadri Bank 1,CUSTOMER
ACC-024861,SAVINGS,Synthetic Sahyadri Bank 3,CUSTOMER
ACC-003577,SAVINGS,Synthetic Sahyadri Bank 3,CUSTOMER
ACC-021107,SAVINGS,Synthetic Sahyadri Bank 1,CUSTOMER
ACC-005044,SAVINGS,Synthetic Sahyadri Bank 3,CUSTOMER
ACC-019486,SAVINGS,Synthetic Sahyadri Bank 3,CUSTOMER
ACC-015192,SAVINGS,Synthetic Sahyadri Bank 1,CUSTOMER
ACC-024729,SAVINGS,Synthetic Sahyadri Bank 5,CUSTOMER
ACC-028590,SAVINGS,Synthetic Sahyadri Bank 4,CUSTOMER
ACC-001007,SAVINGS,Synthetic Sahyadri Bank 2,CUSTOMER
ACC-008054,SAVINGS,Synthetic Sahyadri Bank 5,CUSTOMER
ACC-019230,SAVINGS,Synthetic Sahyadri Bank 6,CUSTOMER
ACC-016371,SAVINGS,Synthetic Sahyadri Bank 2,CUSTOMER
ACC-012548,SAVINGS,Synthetic Sahyadri Bank 4,CUSTOMER
ACC-004938,SAVINGS,Synthetic Sahyadri Bank 2,CUSTOMER
ACC-017940,SAVINGS,Synthetic Sahyadri Bank 3,CUSTOMER
ACC-003124,SAVINGS,Synthetic Sahyadri Bank 1,CUSTOMER
ACC-003519,SAVINGS,Synthetic Sahyadri Bank 3,CUSTOMER
ACC-002500,SAVINGS,Synthetic Sahyadri Bank 5,CUSTOMER
ACC-008237,SAVINGS,Synthetic Sahyadri Bank 1,CUSTOMER
ACC-024433,SAVINGS,Synthetic Sahyadri Bank 5,CUSTOMER
ACC-014494,SAVINGS,Synthetic Sahyadri Bank 4,CUSTOMER
ACC-014354,SAVINGS,Synthetic Sahyadri Bank 1,CUSTOMER
ACC-027198,SAVINGS,Synthetic Sahyadri Bank 3,CUSTOMER
ACC-025667,SAVINGS,Synthetic Sahyadri Bank 1,CUSTOMER
ACC-000115,SAVINGS,Synthetic Sahyadri Bank 1,CUSTOMER
ACC-018201,SAVINGS,Synthetic Sahyadri Bank 3,CUSTOMER
ACC-001712,SAVINGS,Synthetic Sahyadri Bank 3,CUSTOMER
ACC-016545,SAVINGS,Synthetic Sahyadri Bank 4,CUSTOMER
ACC-020972,SAVINGS,Synthetic Sahyadri Bank 6,CUSTOMER
ACC-018360,SAVINGS,Synthetic Sahyadri Bank 3,CUSTOMER
ACC-014592,SAVINGS,Synthetic Sahyadri Bank 3,CUSTOMER
ACC-007285,SAVINGS,Synthetic Sahyadri Bank 4,CUSTOMER
ACC-008524,SAVINGS,Synthetic Sahyadri Bank 6,CUSTOMER
ACC-015671,SAVINGS,Synthetic Sahyadri Bank 4,CUSTOMER
ACC-010658,SAVINGS,Synthetic Sahyadri Bank 1,CUSTOMER
ACC-018093,SAVINGS,Synthetic Sahyadri Bank 6,CUSTOMER
ACC-009246,SAVINGS,Synthetic Sahyadri Bank 5,CUSTOMER
ACC-019610,SAVINGS,Synthetic Sahyadri Bank 3,CUSTOMER
ACC-023769,SAVINGS,Synthetic Sahyadri Bank 2,CUSTOMER
ACC-010872,SAVINGS,Synthetic Sahyadri Bank 3,CUSTOMER
ACC-020953,SAVINGS,Synthetic Sahyadri Bank 2,CUSTOMER
ACC-012197,SAVINGS,Synthetic Sahyadri Bank 5,CUSTOMER
ACC-012016,SAVINGS,Synthetic Sahyadri Bank 6,CUSTOMER
ACC-018565,SAVINGS,Synthetic Sahyadri Bank 6,CUSTOMER
ACC-000193,SAVINGS,Synthetic Sahyadri Bank 2,CUSTOMER
ACC-013289,SAVINGS,Synthetic Sahyadri Bank 2,CUSTOMER
ACC-008298,SAVINGS,Synthetic Sahyadri Bank 3,CUSTOMER
ACC-021425,SAVINGS,Synthetic Sahyadri Bank 2,CUSTOMER
ACC-022906,SAVINGS,Synthetic Sahyadri Bank 5,CUSTOMER
ACC-004243,SAVINGS,Synthetic Sahyadri Bank 2,CUSTOMER
ACC-000040,SAVINGS,Synthetic Sahyadri Bank 5,CUSTOMER
ACC-021035,SAVINGS,Synthetic Sahyadri Bank 2,CUSTOMER
ACC-007427,SAVINGS,Synthetic Sahyadri Bank 2,CUSTOMER
ACC-019954,SAVINGS,Synthetic Sahyadri Bank 4,CUSTOMER
ACC-014833,SAVINGS,Synthetic Sahyadri Bank 2,CUSTOMER
ACC-008709,SAVINGS,Synthetic Sahyadri Bank 1,CUSTOMER
ACC-020232,SAVINGS,Synthetic Sahyadri Bank 5,CUSTOMER
ACC-025979,SAVINGS,Synthetic Sahyadri Bank 2,CUSTOMER
ACC-011414,SAVINGS,Synthetic Sahyadri Bank 1,CUSTOMER
ACC-024328,SAVINGS,Synthetic Sahyadri Bank 6,CUSTOMER
ACC-007724,SAVINGS,Synthetic Sahyadri Bank 4,CUSTOMER
ACC-018077,SAVINGS,Synthetic Sahyadri Bank 1,CUSTOMER
ACC-008445,SAVINGS,Synthetic Sahyadri Bank 3,CUSTOMER
ACC-019456,SAVINGS,Synthetic Sahyadri Bank 2,CUSTOMER
ACC-018149,SAVINGS,Synthetic Sahyadri Bank 5,CUSTOMER
ACC-029220,SAVINGS,Synthetic Sahyadri Bank 6,CUSTOMER
ACC-026830,SAVINGS,Synthetic Sahyadri Bank 5,CUSTOMER
ACC-004677,SAVINGS,Synthetic Sahyadri Bank 2,CUSTOMER
ACC-028058,SAVINGS,Synthetic Sahyadri Bank 3,CUSTOMER
ACC-014775,SAVINGS,Synthetic Sahyadri Bank 4,CUSTOMER
ACC-015515,SAVINGS,Synthetic Sahyadri Bank 3,CUSTOMER
ACC-004492,SAVINGS,Synthetic Sahyadri Bank 4,CUSTOMER
ACC-021705,SAVINGS,Synthetic Sahyadri Bank 4,CUSTOMER
ACC-008823,SAVINGS,Synthetic Sahyadri Bank 1,CUSTOMER
ACC-018660,SAVINGS,Synthetic Sahyadri Bank 4,CUSTOMER
ACC-017892,SAVINGS,Synthetic Sahyadri Bank 2,CUSTOMER
ACC-012149,SAVINGS,Synthetic Sahyadri Bank 4,CUSTOMER
ACC-013325,SAVINGS,Synthetic Sahyadri Bank 1,CUSTOMER
ACC-028213,SAVINGS,Synthetic Sahyadri Bank 3,CUSTOMER
ACC-012218,SAVINGS,Synthetic Sahyadri Bank 2,CUSTOMER
ACC-003023,SAVINGS,Synthetic Sahyadri Bank 4,CUSTOMER
ACC-018171,SAVINGS,Synthetic Sahyadri Bank 5,CUSTOMER
ACC-012325,SAVINGS,Synthetic Sahyadri Bank 6,CUSTOMER
ACC-002699,SAVINGS,Synthetic Sahyadri Bank 1,CUSTOMER
ACC-028585,SAVINGS,Synthetic Sahyadri Bank 4,CUSTOMER
ACC-026937,SAVINGS,Synthetic Sahyadri Bank 4,CUSTOMER
ACC-024256,SAVINGS,Synthetic Sahyadri Bank 4,CUSTOMER
ACC-014455,SAVINGS,Synthetic Sahyadri Bank 4,CUSTOMER
ACC-021541,SAVINGS,Synthetic Sahyadri Bank 3,CUSTOMER
ACC-007806,SAVINGS,Synthetic Sahyadri Bank 2,CUSTOMER
ACC-006682,SAVINGS,Synthetic Sahyadri Bank 3,CUSTOMER
ACC-013942,SAVINGS,Synthetic Sahyadri Bank 4,CUSTOMER
ACC-017149,SAVINGS,Synthetic Sahyadri Bank 5,CUSTOMER
ACC-003888,SAVINGS,Synthetic Sahyadri Bank 2,CUSTOMER
ACC-016166,SAVINGS,Synthetic Sahyadri Bank 3,CUSTOMER
ACC-002959,SAVINGS,Synthetic Sahyadri Bank 5,CUSTOMER
ACC-025185,SAVINGS,Synthetic Sahyadri Bank 4,CUSTOMER
ACC-017088,SAVINGS,Synthetic Sahyadri Bank 2,CUSTOMER
ACC-026804,SAVINGS,Synthetic Sahyadri Bank 2,CUSTOMER
ACC-017540,SAVINGS,Synthetic Sahyadri Bank 6,CUSTOMER
ACC-013585,SAVINGS,Synthetic Sahyadri Bank 3,CUSTOMER
ACC-015135,SAVINGS,Synthetic Sahyadri Bank 1,CUSTOMER
ACC-020392,SAVINGS,Synthetic Sahyadri Bank 2,CUSTOMER
ACC-016498,SAVINGS,Synthetic Sahyadri Bank 1,CUSTOMER
ACC-014784,SAVINGS,Synthetic Sahyadri Bank 3,CUSTOMER
ACC-027128,SAVINGS,Synthetic Sahyadri Bank 4,CUSTOMER
ACC-029709,SAVINGS,Synthetic Sahyadri Bank 6,CUSTOMER
ACC-002220,SAVINGS,Synthetic Sahyadri Bank 5,CUSTOMER
ACC-005110,SAVINGS,Synthetic Sahyadri Bank 3,CUSTOMER
ACC-004597,SAVINGS,Synthetic Sahyadri Bank 5,CUSTOMER
ACC-016459,SAVINGS,Synthetic Sahyadri Bank 2,CUSTOMER
ACC-021943,SAVINGS,Synthetic Sahyadri Bank 1,CUSTOMER
ACC-002173,SAVINGS,Synthetic Sahyadri Bank 1,CUSTOMER
ACC-010526,SAVINGS,Synthetic Sahyadri Bank 4,CUSTOMER
ACC-008705,SAVINGS,Synthetic Sahyadri Bank 4,CUSTOMER
ACC-011908,SAVINGS,Synthetic Sahyadri Bank 6,CUSTOMER
ACC-013350,SAVINGS,Synthetic Sahyadri Bank 1,CUSTOMER
ACC-017404,SAVINGS,Synthetic Sahyadri Bank 4,CUSTOMER
ACC-006557,SAVINGS,Synthetic Sahyadri Bank 2,CUSTOMER
ACC-008900,SAVINGS,Synthetic Sahyadri Bank 2,CUSTOMER
ACC-024920,SAVINGS,Synthetic Sahyadri Bank 1,CUSTOMER
ACC-023044,SAVINGS,Synthetic Sahyadri Bank 1,CUSTOMER
ACC-021706,SAVINGS,Synthetic Sahyadri Bank 6,CUSTOMER
ACC-020621,SAVINGS,Synthetic Sahyadri Bank 4,CUSTOMER
ACC-006093,SAVINGS,Synthetic Sahyadri Bank 5,CUSTOMER
ACC-025257,SAVINGS,Synthetic Sahyadri Bank 2,CUSTOMER
ACC-008066,SAVINGS,Synthetic Sahyadri Bank 1,CUSTOMER
ACC-027846,SAVINGS,Synthetic Sahyadri Bank 5,CUSTOMER
ACC-005034,SAVINGS,Synthetic Sahyadri Bank 6,CUSTOMER
ACC-017659,SAVINGS,Synthetic Sahyadri Bank 3,CUSTOMER
ACC-019406,SAVINGS,Synthetic Sahyadri Bank 3,CUSTOMER
ACC-003994,SAVINGS,Synthetic Sahyadri Bank 3,CUSTOMER
ACC-019829,SAVINGS,Synthetic Sahyadri Bank 1,CUSTOMER
ACC-006057,SAVINGS,Synthetic Sahyadri Bank 4,CUSTOMER
ACC-012378,SAVINGS,Synthetic Sahyadri Bank 2,CUSTOMER
ACC-016222,SAVINGS,Synthetic Sahyadri Bank 1,CUSTOMER
ACC-021314,SAVINGS,Synthetic Sahyadri Bank 3,CUSTOMER
ACC-012694,SAVINGS,Synthetic Sahyadri Bank 6,CUSTOMER
ACC-017885,SAVINGS,Synthetic Sahyadri Bank 2,CUSTOMER
ACC-013461,SAVINGS,Synthetic Sahyadri Bank 2,CUSTOMER
ACC-023013,SAVINGS,Synthetic Sahyadri Bank 3,CUSTOMER
ACC-003344,SAVINGS,Synthetic Sahyadri Bank 3,CUSTOMER
ACC-019924,SAVINGS,Synthetic Sahyadri Bank 3,CUSTOMER
ACC-008749,SAVINGS,Synthetic Sahyadri Bank 3,CUSTOMER
ACC-023066,SAVINGS,Synthetic Sahyadri Bank 4,CUSTOMER
ACC-009015,SAVINGS,Synthetic Sahyadri Bank 3,CUSTOMER
ACC-019286,SAVINGS,Synthetic Sahyadri Bank 3,CUSTOMER
ACC-019949,SAVINGS,Synthetic Sahyadri Bank 2,CUSTOMER
ACC-009056,SAVINGS,Synthetic Sahyadri Bank 3,CUSTOMER
ACC-022526,SAVINGS,Synthetic Sahyadri Bank 1,CUSTOMER
ACC-005244,SAVINGS,Synthetic Sahyadri Bank 2,CUSTOMER
ACC-027000,SAVINGS,Synthetic Sahyadri Bank 5,CUSTOMER
ACC-021987,SAVINGS,Synthetic Sahyadri Bank 5,CUSTOMER
ACC-011107,SAVINGS,Synthetic Sahyadri Bank 6,CUSTOMER
ACC-022100,SAVINGS,Synthetic Sahyadri Bank 4,CUSTOMER
ACC-008464,SAVINGS,Synthetic Sahyadri Bank 4,CUSTOMER
ACC-013447,SAVINGS,Synthetic Sahyadri Bank 4,CUSTOMER
ACC-007355,SAVINGS,Synthetic Sahyadri Bank 5,CUSTOMER
ACC-007391,SAVINGS,Synthetic Sahyadri Bank 4,CUSTOMER
ACC-018437,SAVINGS,Synthetic Sahyadri Bank 4,CUSTOMER
ACC-004497,SAVINGS,Synthetic Sahyadri Bank 6,CUSTOMER
ACC-017734,SAVINGS,Synthetic Sahyadri Bank 4,CUSTOMER
ACC-004998,SAVINGS,Synthetic Sahyadri Bank 1,CUSTOMER
ACC-008082,SAVINGS,Synthetic Sahyadri Bank 1,CUSTOMER
ACC-026066,SAVINGS,Synthetic Sahyadri Bank 3,CUSTOMER
ACC-010418,SAVINGS,Synthetic Sahyadri Bank 1,CUSTOMER
ACC-015838,SAVINGS,Synthetic Sahyadri Bank 6,CUSTOMER
ACC-023138,SAVINGS,Synthetic Sahyadri Bank 5,CUSTOMER
ACC-013587,SAVINGS,Synthetic Sahyadri Bank 3,CUSTOMER
ACC-022128,SAVINGS,Synthetic Sahyadri Bank 5,CUSTOMER
ACC-022385,SAVINGS,Synthetic Sahyadri Bank 1,CUSTOMER
ACC-002798,SAVINGS,Synthetic Sahyadri Bank 6,CUSTOMER
ACC-012077,SAVINGS,Synthetic Sahyadri Bank 2,CUSTOMER
ACC-020423,SAVINGS,Synthetic Sahyadri Bank 1,CUSTOMER
ACC-029075,SAVINGS,Synthetic Sahyadri Bank 6,CUSTOMER
ACC-008899,SAVINGS,Synthetic Sahyadri Bank 3,CUSTOMER
ACC-020084,SAVINGS,Synthetic Sahyadri Bank 1,CUSTOMER
ACC-018218,SAVINGS,Synthetic Sahyadri Bank 1,CUSTOMER
ACC-003835,SAVINGS,Synthetic Sahyadri Bank 4,CUSTOMER
ACC-001587,SAVINGS,Synthetic Sahyadri Bank 3,CUSTOMER
ACC-018862,SAVINGS,Synthetic Sahyadri Bank 4,CUSTOMER
ACC-025516,SAVINGS,Synthetic Sahyadri Bank 3,CUSTOMER
ACC-013553,SAVINGS,Synthetic Sahyadri Bank 2,CUSTOMER
ACC-005149,SAVINGS,Synthetic Sahyadri Bank 2,CUSTOMER
ACC-011632,SAVINGS,Synthetic Sahyadri Bank 2,CUSTOMER
ACC-020121,SAVINGS,Synthetic Sahyadri Bank 2,CUSTOMER
ACC-005293,SAVINGS,Synthetic Sahyadri Bank 2,CUSTOMER
ACC-005267,SAVINGS,Synthetic Sahyadri Bank 4,CUSTOMER
ACC-026874,SAVINGS,Synthetic Sahyadri Bank 4,CUSTOMER
ACC-017131,SAVINGS,Synthetic Sahyadri Bank 5,CUSTOMER
ACC-024424,SAVINGS,Synthetic Sahyadri Bank 2,CUSTOMER
ACC-009499,SAVINGS,Synthetic Sahyadri Bank 3,CUSTOMER
ACC-027311,SAVINGS,Synthetic Sahyadri Bank 1,CUSTOMER
ACC-027431,SAVINGS,Synthetic Sahyadri Bank 2,CUSTOMER
ACC-004316,SAVINGS,Synthetic Sahyadri Bank 6,CUSTOMER
ACC-007683,SAVINGS,Synthetic Sahyadri Bank 1,CUSTOMER
ACC-012184,SAVINGS,Synthetic Sahyadri Bank 1,CUSTOMER
ACC-013248,SAVINGS,Synthetic Sahyadri Bank 5,CUSTOMER
ACC-004252,SAVINGS,Synthetic Sahyadri Bank 5,CUSTOMER
ACC-004745,SAVINGS,Synthetic Sahyadri Bank 6,CUSTOMER
ACC-006550,SAVINGS,Synthetic Sahyadri Bank 4,CUSTOMER
ACC-020389,SAVINGS,Synthetic Sahyadri Bank 1,CUSTOMER
ACC-013720,SAVINGS,Synthetic Sahyadri Bank 3,CUSTOMER
ACC-025443,SAVINGS,Synthetic Sahyadri Bank 4,CUSTOMER
ACC-016614,SAVINGS,Synthetic Sahyadri Bank 4,CUSTOMER
ACC-001790,SAVINGS,Synthetic Sahyadri Bank 2,CUSTOMER
ACC-002149,SAVINGS,Synthetic Sahyadri Bank 4,CUSTOMER
ACC-024848,SAVINGS,Synthetic Sahyadri Bank 3,CUSTOMER
ACC-024741,SAVINGS,Synthetic Sahyadri Bank 5,CUSTOMER
ACC-000977,SAVINGS,Synthetic Sahyadri Bank 2,CUSTOMER
ACC-028910,SAVINGS,Synthetic Sahyadri Bank 6,CUSTOMER
ACC-013183,SAVINGS,Synthetic Sahyadri Bank 3,CUSTOMER
ACC-012355,SAVINGS,Synthetic Sahyadri Bank 2,CUSTOMER
ACC-012356,SAVINGS,Synthetic Sahyadri Bank 3,CUSTOMER
ACC-002232,SAVINGS,Synthetic Sahyadri Bank 3,CUSTOMER
ACC-021429,SAVINGS,Synthetic Sahyadri Bank 6,CUSTOMER
ACC-004107,SAVINGS,Synthetic Sahyadri Bank 4,CUSTOMER
ACC-002525,SAVINGS,Synthetic Sahyadri Bank 4,CUSTOMER
ACC-012154,SAVINGS,Synthetic Sahyadri Bank 1,CUSTOMER
ACC-009623,SAVINGS,Synthetic Sahyadri Bank 5,CUSTOMER
ACC-020277,SAVINGS,Synthetic Sahyadri Bank 3,CUSTOMER
ACC-027426,SAVINGS,Synthetic Sahyadri Bank 4,CUSTOMER
ACC-008855,SAVINGS,Synthetic Sahyadri Bank 6,CUSTOMER
ACC-020676,SAVINGS,Synthetic Sahyadri Bank 5,CUSTOMER
ACC-007500,SAVINGS,Synthetic Sahyadri Bank 4,CUSTOMER
ACC-020175,SAVINGS,Synthetic Sahyadri Bank 4,CUSTOMER
ACC-008981,SAVINGS,Synthetic Sahyadri Bank 3,CUSTOMER
ACC-009684,SAVINGS,Synthetic Sahyadri Bank 6,CUSTOMER
ACC-026112,SAVINGS,Synthetic Sahyadri Bank 1,CUSTOMER
ACC-014921,SAVINGS,Synthetic Sahyadri Bank 4,CUSTOMER
ACC-019053,SAVINGS,Synthetic Sahyadri Bank 4,CUSTOMER
ACC-001658,SAVINGS,Synthetic Sahyadri Bank 1,CUSTOMER
ACC-026167,SAVINGS,Synthetic Sahyadri Bank 5,CUSTOMER
ACC-016441,SAVINGS,Synthetic Sahyadri Bank 6,CUSTOMER
ACC-013943,SAVINGS,Synthetic Sahyadri Bank 6,CUSTOMER
ACC-007130,SAVINGS,Synthetic Sahyadri Bank 4,CUSTOMER
ACC-024667,SAVINGS,Synthetic Sahyadri Bank 4,CUSTOMER
ACC-006120,SAVINGS,Synthetic Sahyadri Bank 5,CUSTOMER
ACC-010970,SAVINGS,Synthetic Sahyadri Bank 3,CUSTOMER
ACC-018397,SAVINGS,Synthetic Sahyadri Bank 6,CUSTOMER
ACC-002785,SAVINGS,Synthetic Sahyadri Bank 5,CUSTOMER
ACC-017890,SAVINGS,Synthetic Sahyadri Bank 2,CUSTOMER
ACC-011748,SAVINGS,Synthetic Sahyadri Bank 4,CUSTOMER
ACC-016417,SAVINGS,Synthetic Sahyadri Bank 6,CUSTOMER
ACC-008131,SAVINGS,Synthetic Sahyadri Bank 4,CUSTOMER
ACC-007750,SAVINGS,Synthetic Sahyadri Bank 1,CUSTOMER
ACC-029096,SAVINGS,Synthetic Sahyadri Bank 3,CUSTOMER
ACC-011710,SAVINGS,Synthetic Sahyadri Bank 1,CUSTOMER
ACC-019742,SAVINGS,Synthetic Sahyadri Bank 3,CUSTOMER
ACC-002384,SAVINGS,Synthetic Sahyadri Bank 2,CUSTOMER
ACC-007564,SAVINGS,Synthetic Sahyadri Bank 2,CUSTOMER
ACC-023704,SAVINGS,Synthetic Sahyadri Bank 3,CUSTOMER
ACC-005826,SAVINGS,Synthetic Sahyadri Bank 2,CUSTOMER
ACC-018131,SAVINGS,Synthetic Sahyadri Bank 6,CUSTOMER
ACC-018443,SAVINGS,Synthetic Sahyadri Bank 4,CUSTOMER
ACC-024487,SAVINGS,Synthetic Sahyadri Bank 5,CUSTOMER
ACC-003696,SAVINGS,Synthetic Sahyadri Bank 1,CUSTOMER
ACC-014694,SAVINGS,Synthetic Sahyadri Bank 1,CUSTOMER
ACC-000718,SAVINGS,Synthetic Sahyadri Bank 4,CUSTOMER
ACC-016095,SAVINGS,Synthetic Sahyadri Bank 2,CUSTOMER
ACC-012930,SAVINGS,Synthetic Sahyadri Bank 2,CUSTOMER
ACC-000477,SAVINGS,Synthetic Sahyadri Bank 1,CUSTOMER
ACC-014071,SAVINGS,Synthetic Sahyadri Bank 5,CUSTOMER
ACC-001916,SAVINGS,Synthetic Sahyadri Bank 3,CUSTOMER
ACC-026013,SAVINGS,Synthetic Sahyadri Bank 5,CUSTOMER
ACC-016451,SAVINGS,Synthetic Sahyadri Bank 5,CUSTOMER
ACC-004865,SAVINGS,Synthetic Sahyadri Bank 3,CUSTOMER
ACC-026340,SAVINGS,Synthetic Sahyadri Bank 4,CUSTOMER
ACC-015906,SAVINGS,Synthetic Sahyadri Bank 5,CUSTOMER
ACC-016230,SAVINGS,Synthetic Sahyadri Bank 5,CUSTOMER
ACC-012206,SAVINGS,Synthetic Sahyadri Bank 2,CUSTOMER
ACC-003229,SAVINGS,Synthetic Sahyadri Bank 5,CUSTOMER
ACC-026611,SAVINGS,Synthetic Sahyadri Bank 5,CUSTOMER
ACC-022657,SAVINGS,Synthetic Sahyadri Bank 5,CUSTOMER
ACC-020845,SAVINGS,Synthetic Sahyadri Bank 3,CUSTOMER
ACC-015351,SAVINGS,Synthetic Sahyadri Bank 5,CUSTOMER
ACC-004177,SAVINGS,Synthetic Sahyadri Bank 3,CUSTOMER
ACC-004741,SAVINGS,Synthetic Sahyadri Bank 6,CUSTOMER
ACC-029854,SAVINGS,Synthetic Sahyadri Bank 6,CUSTOMER
ACC-027354,SAVINGS,Synthetic Sahyadri Bank 4,CUSTOMER
ACC-017370,SAVINGS,Synthetic Sahyadri Bank 5,CUSTOMER
ACC-028301,SAVINGS,Synthetic Sahyadri Bank 5,CUSTOMER
ACC-017956,SAVINGS,Synthetic Sahyadri Bank 5,CUSTOMER
ACC-019766,SAVINGS,Synthetic Sahyadri Bank 5,CUSTOMER
ACC-000206,SAVINGS,Synthetic Sahyadri Bank 5,CUSTOMER
ACC-026786,SAVINGS,Synthetic Sahyadri Bank 4,CUSTOMER
ACC-015739,SAVINGS,Synthetic Sahyadri Bank 3,CUSTOMER
ACC-003664,SAVINGS,Synthetic Sahyadri Bank 1,CUSTOMER
ACC-018535,SAVINGS,Synthetic Sahyadri Bank 5,CUSTOMER
ACC-018882,SAVINGS,Synthetic Sahyadri Bank 2,CUSTOMER
ACC-025934,SAVINGS,Synthetic Sahyadri Bank 3,CUSTOMER
ACC-010507,SAVINGS,Synthetic Sahyadri Bank 4,CUSTOMER
ACC-020464,SAVINGS,Synthetic Sahyadri Bank 3,CUSTOMER
ACC-008226,SAVINGS,Synthetic Sahyadri Bank 3,CUSTOMER
ACC-018066,SAVINGS,Synthetic Sahyadri Bank 3,CUSTOMER
ACC-021712,SAVINGS,Synthetic Sahyadri Bank 6,CUSTOMER
ACC-016471,SAVINGS,Synthetic Sahyadri Bank 1,CUSTOMER
ACC-013279,SAVINGS,Synthetic Sahyadri Bank 1,CUSTOMER
ACC-028941,SAVINGS,Synthetic Sahyadri Bank 3,CUSTOMER
ACC-003666,SAVINGS,Synthetic Sahyadri Bank 4,CUSTOMER
ACC-017350,SAVINGS,Synthetic Sahyadri Bank 4,CUSTOMER
ACC-005378,SAVINGS,Synthetic Sahyadri Bank 1,CUSTOMER
ACC-028485,SAVINGS,Synthetic Sahyadri Bank 5,CUSTOMER
ACC-023612,SAVINGS,Synthetic Sahyadri Bank 6,CUSTOMER
ACC-004442,SAVINGS,Synthetic Sahyadri Bank 3,CUSTOMER
ACC-001944,SAVINGS,Synthetic Sahyadri Bank 1,CUSTOMER
ACC-002498,SAVINGS,Synthetic Sahyadri Bank 5,CUSTOMER
ACC-018279,SAVINGS,Synthetic Sahyadri Bank 1,CUSTOMER
ACC-029808,SAVINGS,Synthetic Sahyadri Bank 6,CUSTOMER
ACC-002824,SAVINGS,Synthetic Sahyadri Bank 5,CUSTOMER
ACC-026655,SAVINGS,Synthetic Sahyadri Bank 6,CUSTOMER
ACC-007507,SAVINGS,Synthetic Sahyadri Bank 2,CUSTOMER
ACC-021142,SAVINGS,Synthetic Sahyadri Bank 3,CUSTOMER
ACC-000973,SAVINGS,Synthetic Sahyadri Bank 1,CUSTOMER
ACC-017975,SAVINGS,Synthetic Sahyadri Bank 6,CUSTOMER
ACC-015334,SAVINGS,Synthetic Sahyadri Bank 5,CUSTOMER
ACC-024647,SAVINGS,Synthetic Sahyadri Bank 4,CUSTOMER
ACC-020832,SAVINGS,Synthetic Sahyadri Bank 6,CUSTOMER
ACC-016212,SAVINGS,Synthetic Sahyadri Bank 3,CUSTOMER
ACC-022839,SAVINGS,Synthetic Sahyadri Bank 4,CUSTOMER
ACC-012126,SAVINGS,Synthetic Sahyadri Bank 2,CUSTOMER
ACC-002945,SAVINGS,Synthetic Sahyadri Bank 2,CUSTOMER
ACC-024962,SAVINGS,Synthetic Sahyadri Bank 2,CUSTOMER
ACC-008348,SAVINGS,Synthetic Sahyadri Bank 3,CUSTOMER
ACC-016226,SAVINGS,Synthetic Sahyadri Bank 6,CUSTOMER
ACC-019219,SAVINGS,Synthetic Sahyadri Bank 4,CUSTOMER
ACC-029546,SAVINGS,Synthetic Sahyadri Bank 5,CUSTOMER
ACC-004981,SAVINGS,Synthetic Sahyadri Bank 2,CUSTOMER
ACC-014657,SAVINGS,Synthetic Sahyadri Bank 6,CUSTOMER
ACC-007711,SAVINGS,Synthetic Sahyadri Bank 3,CUSTOMER
ACC-028409,SAVINGS,Synthetic Sahyadri Bank 6,CUSTOMER
ACC-012131,SAVINGS,Synthetic Sahyadri Bank 3,CUSTOMER
ACC-007780,SAVINGS,Synthetic Sahyadri Bank 5,CUSTOMER
ACC-028445,SAVINGS,Synthetic Sahyadri Bank 4,CUSTOMER
ACC-015971,SAVINGS,Synthetic Sahyadri Bank 2,CUSTOMER
ACC-013659,SAVINGS,Synthetic Sahyadri Bank 3,CUSTOMER
ACC-024317,SAVINGS,Synthetic Sahyadri Bank 2,CUSTOMER
ACC-023573,SAVINGS,Synthetic Sahyadri Bank 2,CUSTOMER
ACC-005697,SAVINGS,Synthetic Sahyadri Bank 1,CUSTOMER
ACC-028869,SAVINGS,Synthetic Sahyadri Bank 3,CUSTOMER
ACC-029336,SAVINGS,Synthetic Sahyadri Bank 5,CUSTOMER
ACC-003290,SAVINGS,Synthetic Sahyadri Bank 5,CUSTOMER
ACC-009206,SAVINGS,Synthetic Sahyadri Bank 2,CUSTOMER
ACC-006704,SAVINGS,Synthetic Sahyadri Bank 2,CUSTOMER
ACC-028819,SAVINGS,Synthetic Sahyadri Bank 2,CUSTOMER
ACC-011572,SAVINGS,Synthetic Sahyadri Bank 4,CUSTOMER
ACC-018906,SAVINGS,Synthetic Sahyadri Bank 5,CUSTOMER
ACC-011406,SAVINGS,Synthetic Sahyadri Bank 3,CUSTOMER
ACC-002730,SAVINGS,Synthetic Sahyadri Bank 2,CUSTOMER
ACC-022368,SAVINGS,Synthetic Sahyadri Bank 6,CUSTOMER
ACC-021141,SAVINGS,Synthetic Sahyadri Bank 2,CUSTOMER
ACC-026082,SAVINGS,Synthetic Sahyadri Bank 3,CUSTOMER
ACC-029827,SAVINGS,Synthetic Sahyadri Bank 5,CUSTOMER
ACC-025339,SAVINGS,Synthetic Sahyadri Bank 6,CUSTOMER
ACC-002438,SAVINGS,Synthetic Sahyadri Bank 6,CUSTOMER
ACC-025804,SAVINGS,Synthetic Sahyadri Bank 4,CUSTOMER
ACC-014572,SAVINGS,Synthetic Sahyadri Bank 2,CUSTOMER
ACC-028535,SAVINGS,Synthetic Sahyadri Bank 2,CUSTOMER
ACC-021123,SAVINGS,Synthetic Sahyadri Bank 3,CUSTOMER
ACC-012988,SAVINGS,Synthetic Sahyadri Bank 2,CUSTOMER
ACC-000743,SAVINGS,Synthetic Sahyadri Bank 3,CUSTOMER
ACC-022170,SAVINGS,Synthetic Sahyadri Bank 3,CUSTOMER
ACC-008628,SAVINGS,Synthetic Sahyadri Bank 5,CUSTOMER
ACC-000209,SAVINGS,Synthetic Sahyadri Bank 4,CUSTOMER
ACC-023082,SAVINGS,Synthetic Sahyadri Bank 6,CUSTOMER
ACC-029675,SAVINGS,Synthetic Sahyadri Bank 1,CUSTOMER
ACC-025040,SAVINGS,Synthetic Sahyadri Bank 5,CUSTOMER
ACC-005038,SAVINGS,Synthetic Sahyadri Bank 1,CUSTOMER
ACC-027290,SAVINGS,Synthetic Sahyadri Bank 5,CUSTOMER
ACC-002754,SAVINGS,Synthetic Sahyadri Bank 2,CUSTOMER
ACC-023178,SAVINGS,Synthetic Sahyadri Bank 1,CUSTOMER
ACC-018635,SAVINGS,Synthetic Sahyadri Bank 1,CUSTOMER
ACC-014235,SAVINGS,Synthetic Sahyadri Bank 5,CUSTOMER
ACC-019644,SAVINGS,Synthetic Sahyadri Bank 1,CUSTOMER
ACC-015483,SAVINGS,Synthetic Sahyadri Bank 3,CUSTOMER
ACC-012403,SAVINGS,Synthetic Sahyadri Bank 1,CUSTOMER
ACC-024891,SAVINGS,Synthetic Sahyadri Bank 3,CUSTOMER
ACC-006040,SAVINGS,Synthetic Sahyadri Bank 6,CUSTOMER
ACC-006975,SAVINGS,Synthetic Sahyadri Bank 1,CUSTOMER
ACC-015412,SAVINGS,Synthetic Sahyadri Bank 3,CUSTOMER
ACC-008293,SAVINGS,Synthetic Sahyadri Bank 4,CUSTOMER
ACC-015291,SAVINGS,Synthetic Sahyadri Bank 1,CUSTOMER
ACC-028924,SAVINGS,Synthetic Sahyadri Bank 4,CUSTOMER
ACC-016266,SAVINGS,Synthetic Sahyadri Bank 5,CUSTOMER
ACC-009900,SAVINGS,Synthetic Sahyadri Bank 4,CUSTOMER
ACC-014318,SAVINGS,Synthetic Sahyadri Bank 2,CUSTOMER
ACC-017330,SAVINGS,Synthetic Sahyadri Bank 5,CUSTOMER
ACC-019672,SAVINGS,Synthetic Sahyadri Bank 3,CUSTOMER
ACC-015184,SAVINGS,Synthetic Sahyadri Bank 3,CUSTOMER
ACC-006881,SAVINGS,Synthetic Sahyadri Bank 4,CUSTOMER
ACC-011367,SAVINGS,Synthetic Sahyadri Bank 3,CUSTOMER
ACC-023868,SAVINGS,Synthetic Sahyadri Bank 5,CUSTOMER
ACC-028596,SAVINGS,Synthetic Sahyadri Bank 6,CUSTOMER
ACC-029427,SAVINGS,Synthetic Sahyadri Bank 6,CUSTOMER
ACC-000645,SAVINGS,Synthetic Sahyadri Bank 5,CUSTOMER
ACC-027982,SAVINGS,Synthetic Sahyadri Bank 6,CUSTOMER
ACC-005603,SAVINGS,Synthetic Sahyadri Bank 3,CUSTOMER
ACC-017141,SAVINGS,Synthetic Sahyadri Bank 2,CUSTOMER
ACC-004167,SAVINGS,Synthetic Sahyadri Bank 4,CUSTOMER
ACC-011907,SAVINGS,Synthetic Sahyadri Bank 6,CUSTOMER
ACC-004115,SAVINGS,Synthetic Sahyadri Bank 4,CUSTOMER
ACC-014675,SAVINGS,Synthetic Sahyadri Bank 3,CUSTOMER
ACC-016130,SAVINGS,Synthetic Sahyadri Bank 2,CUSTOMER
ACC-004035,SAVINGS,Synthetic Sahyadri Bank 5,CUSTOMER
ACC-006010,SAVINGS,Synthetic Sahyadri Bank 5,CUSTOMER
ACC-007590,SAVINGS,Synthetic Sahyadri Bank 6,CUSTOMER
ACC-015337,SAVINGS,Synthetic Sahyadri Bank 5,CUSTOMER
ACC-002134,SAVINGS,Synthetic Sahyadri Bank 1,CUSTOMER
ACC-009879,SAVINGS,Synthetic Sahyadri Bank 6,CUSTOMER
ACC-018482,SAVINGS,Synthetic Sahyadri Bank 1,CUSTOMER
ACC-020201,SAVINGS,Synthetic Sahyadri Bank 4,CUSTOMER
ACC-017704,SAVINGS,Synthetic Sahyadri Bank 4,CUSTOMER
ACC-023309,SAVINGS,Synthetic Sahyadri Bank 3,CUSTOMER
ACC-011061,SAVINGS,Synthetic Sahyadri Bank 2,CUSTOMER
ACC-010842,SAVINGS,Synthetic Sahyadri Bank 5,CUSTOMER
ACC-026911,SAVINGS,Synthetic Sahyadri Bank 3,CUSTOMER
ACC-014295,SAVINGS,Synthetic Sahyadri Bank 6,CUSTOMER
ACC-019382,SAVINGS,Synthetic Sahyadri Bank 5,CUSTOMER
ACC-029468,SAVINGS,Synthetic Sahyadri Bank 4,CUSTOMER
ACC-005304,SAVINGS,Synthetic Sahyadri Bank 3,CUSTOMER
ACC-004100,SAVINGS,Synthetic Sahyadri Bank 3,CUSTOMER
ACC-015353,SAVINGS,Synthetic Sahyadri Bank 4,CUSTOMER
ACC-028813,SAVINGS,Synthetic Sahyadri Bank 5,CUSTOMER
ACC-026665,SAVINGS,Synthetic Sahyadri Bank 5,CUSTOMER
ACC-019083,SAVINGS,Synthetic Sahyadri Bank 3,CUSTOMER
ACC-027883,SAVINGS,Synthetic Sahyadri Bank 3,CUSTOMER
ACC-001410,SAVINGS,Synthetic Sahyadri Bank 3,CUSTOMER
ACC-003692,SAVINGS,Synthetic Sahyadri Bank 1,CUSTOMER
ACC-028083,SAVINGS,Synthetic Sahyadri Bank 4,CUSTOMER
ACC-019487,SAVINGS,Synthetic Sahyadri Bank 2,CUSTOMER
ACC-023746,SAVINGS,Synthetic Sahyadri Bank 3,CUSTOMER
ACC-012023,SAVINGS,Synthetic Sahyadri Bank 4,CUSTOMER
ACC-023016,SAVINGS,Synthetic Sahyadri Bank 1,CUSTOMER
ACC-011448,SAVINGS,Synthetic Sahyadri Bank 5,CUSTOMER
ACC-023928,SAVINGS,Synthetic Sahyadri Bank 5,CUSTOMER
ACC-005412,SAVINGS,Synthetic Sahyadri Bank 3,CUSTOMER
ACC-015292,SAVINGS,Synthetic Sahyadri Bank 2,CUSTOMER
ACC-008260,SAVINGS,Synthetic Sahyadri Bank 2,CUSTOMER
ACC-022938,SAVINGS,Synthetic Sahyadri Bank 4,CUSTOMER
ACC-026332,SAVINGS,Synthetic Sahyadri Bank 5,CUSTOMER
ACC-024011,SAVINGS,Synthetic Sahyadri Bank 2,CUSTOMER
ACC-013376,SAVINGS,Synthetic Sahyadri Bank 6,CUSTOMER
ACC-018753,SAVINGS,Synthetic Sahyadri Bank 1,CUSTOMER
ACC-021735,SAVINGS,Synthetic Sahyadri Bank 3,CUSTOMER
ACC-016249,SAVINGS,Synthetic Sahyadri Bank 2,CUSTOMER
ACC-006912,SAVINGS,Synthetic Sahyadri Bank 5,CUSTOMER
ACC-019300,SAVINGS,Synthetic Sahyadri Bank 2,CUSTOMER
ACC-025039,SAVINGS,Synthetic Sahyadri Bank 5,CUSTOMER
ACC-001706,SAVINGS,Synthetic Sahyadri Bank 4,CUSTOMER
ACC-013663,SAVINGS,Synthetic Sahyadri Bank 5,CUSTOMER
ACC-018944,SAVINGS,Synthetic Sahyadri Bank 2,CUSTOMER
ACC-017550,SAVINGS,Synthetic Sahyadri Bank 2,CUSTOMER
ACC-000490,SAVINGS,Synthetic Sahyadri Bank 3,CUSTOMER
ACC-017191,SAVINGS,Synthetic Sahyadri Bank 6,CUSTOMER
ACC-005419,SAVINGS,Synthetic Sahyadri Bank 1,CUSTOMER
ACC-009948,SAVINGS,Synthetic Sahyadri Bank 4,CUSTOMER
ACC-008099,SAVINGS,Synthetic Sahyadri Bank 5,CUSTOMER
ACC-026733,SAVINGS,Synthetic Sahyadri Bank 5,CUSTOMER
ACC-023288,SAVINGS,Synthetic Sahyadri Bank 3,CUSTOMER
ACC-026192,SAVINGS,Synthetic Sahyadri Bank 6,CUSTOMER
ACC-027200,SAVINGS,Synthetic Sahyadri Bank 5,CUSTOMER
ACC-002696,SAVINGS,Synthetic Sahyadri Bank 3,CUSTOMER
ACC-006058,SAVINGS,Synthetic Sahyadri Bank 4,CUSTOMER
ACC-028255,SAVINGS,Synthetic Sahyadri Bank 2,CUSTOMER
ACC-023340,SAVINGS,Synthetic Sahyadri Bank 3,CUSTOMER
ACC-029962,SAVINGS,Synthetic Sahyadri Bank 4,CUSTOMER
ACC-029870,SAVINGS,Synthetic Sahyadri Bank 5,CUSTOMER
ACC-014639,SAVINGS,Synthetic Sahyadri Bank 2,CUSTOMER
ACC-017380,SAVINGS,Synthetic Sahyadri Bank 3,CUSTOMER
ACC-028196,SAVINGS,Synthetic Sahyadri Bank 5,CUSTOMER
ACC-006763,SAVINGS,Synthetic Sahyadri Bank 3,CUSTOMER
ACC-028040,SAVINGS,Synthetic Sahyadri Bank 2,CUSTOMER
ACC-005625,SAVINGS,Synthetic Sahyadri Bank 3,CUSTOMER
ACC-016595,SAVINGS,Synthetic Sahyadri Bank 6,CUSTOMER
ACC-001799,SAVINGS,Synthetic Sahyadri Bank 4,CUSTOMER
ACC-013389,SAVINGS,Synthetic Sahyadri Bank 2,CUSTOMER
ACC-023961,SAVINGS,Synthetic Sahyadri Bank 1,CUSTOMER
ACC-004390,SAVINGS,Synthetic Sahyadri Bank 3,CUSTOMER
ACC-003602,SAVINGS,Synthetic Sahyadri Bank 4,CUSTOMER
ACC-004340,SAVINGS,Synthetic Sahyadri Bank 4,CUSTOMER
ACC-021542,SAVINGS,Synthetic Sahyadri Bank 2,CUSTOMER
ACC-007299,SAVINGS,Synthetic Sahyadri Bank 1,CUSTOMER
ACC-029719,SAVINGS,Synthetic Sahyadri Bank 1,CUSTOMER
ACC-014753,SAVINGS,Synthetic Sahyadri Bank 3,CUSTOMER
ACC-012254,SAVINGS,Synthetic Sahyadri Bank 6,CUSTOMER
ACC-011856,SAVINGS,Synthetic Sahyadri Bank 1,CUSTOMER
ACC-018525,SAVINGS,Synthetic Sahyadri Bank 5,CUSTOMER
ACC-009875,SAVINGS,Synthetic Sahyadri Bank 4,CUSTOMER
ACC-004859,SAVINGS,Synthetic Sahyadri Bank 5,CUSTOMER
ACC-002155,SAVINGS,Synthetic Sahyadri Bank 1,CUSTOMER
ACC-022254,SAVINGS,Synthetic Sahyadri Bank 2,CUSTOMER
ACC-011851,SAVINGS,Synthetic Sahyadri Bank 4,CUSTOMER
ACC-023777,SAVINGS,Synthetic Sahyadri Bank 4,CUSTOMER
ACC-003668,SAVINGS,Synthetic Sahyadri Bank 4,CUSTOMER
ACC-027078,SAVINGS,Synthetic Sahyadri Bank 2,CUSTOMER
ACC-021170,SAVINGS,Synthetic Sahyadri Bank 5,CUSTOMER
ACC-022551,SAVINGS,Synthetic Sahyadri Bank 3,CUSTOMER
ACC-028229,SAVINGS,Synthetic Sahyadri Bank 5,CUSTOMER
ACC-005858,SAVINGS,Synthetic Sahyadri Bank 4,CUSTOMER
ACC-022926,SAVINGS,Synthetic Sahyadri Bank 5,CUSTOMER
ACC-025390,SAVINGS,Synthetic Sahyadri Bank 4,CUSTOMER
ACC-000553,SAVINGS,Synthetic Sahyadri Bank 1,CUSTOMER
ACC-013036,SAVINGS,Synthetic Sahyadri Bank 3,CUSTOMER
ACC-016298,SAVINGS,Synthetic Sahyadri Bank 5,CUSTOMER
ACC-027485,SAVINGS,Synthetic Sahyadri Bank 3,CUSTOMER
ACC-026704,SAVINGS,Synthetic Sahyadri Bank 5,CUSTOMER
ACC-015554,SAVINGS,Synthetic Sahyadri Bank 1,CUSTOMER
ACC-016302,SAVINGS,Synthetic Sahyadri Bank 1,CUSTOMER
ACC-020385,SAVINGS,Synthetic Sahyadri Bank 3,CUSTOMER
ACC-026608,SAVINGS,Synthetic Sahyadri Bank 1,CUSTOMER
ACC-007271,SAVINGS,Synthetic Sahyadri Bank 3,CUSTOMER
ACC-023684,SAVINGS,Synthetic Sahyadri Bank 5,CUSTOMER
ACC-010124,SAVINGS,Synthetic Sahyadri Bank 4,CUSTOMER
ACC-021909,SAVINGS,Synthetic Sahyadri Bank 4,CUSTOMER
ACC-010628,SAVINGS,Synthetic Sahyadri Bank 6,CUSTOMER
ACC-006239,SAVINGS,Synthetic Sahyadri Bank 6,CUSTOMER
ACC-010505,SAVINGS,Synthetic Sahyadri Bank 4,CUSTOMER
ACC-003860,SAVINGS,Synthetic Sahyadri Bank 4,CUSTOMER
ACC-005532,SAVINGS,Synthetic Sahyadri Bank 1,CUSTOMER
ACC-000572,SAVINGS,Synthetic Sahyadri Bank 4,CUSTOMER
ACC-008156,SAVINGS,Synthetic Sahyadri Bank 5,CUSTOMER
ACC-004331,SAVINGS,Synthetic Sahyadri Bank 5,CUSTOMER
ACC-017532,SAVINGS,Synthetic Sahyadri Bank 3,CUSTOMER
ACC-011053,SAVINGS,Synthetic Sahyadri Bank 6,CUSTOMER
ACC-029143,SAVINGS,Synthetic Sahyadri Bank 5,CUSTOMER
ACC-004450,SAVINGS,Synthetic Sahyadri Bank 2,CUSTOMER
ACC-004808,SAVINGS,Synthetic Sahyadri Bank 2,CUSTOMER
ACC-021203,SAVINGS,Synthetic Sahyadri Bank 5,CUSTOMER
ACC-028764,SAVINGS,Synthetic Sahyadri Bank 6,CUSTOMER
ACC-029452,SAVINGS,Synthetic Sahyadri Bank 1,CUSTOMER
ACC-010571,SAVINGS,Synthetic Sahyadri Bank 4,CUSTOMER
ACC-026961,SAVINGS,Synthetic Sahyadri Bank 4,CUSTOMER
ACC-029690,SAVINGS,Synthetic Sahyadri Bank 1,CUSTOMER
ACC-004407,SAVINGS,Synthetic Sahyadri Bank 3,CUSTOMER
ACC-004964,SAVINGS,Synthetic Sahyadri Bank 4,CUSTOMER
ACC-000072,SAVINGS,Synthetic Sahyadri Bank 6,CUSTOMER
ACC-011998,SAVINGS,Synthetic Sahyadri Bank 6,CUSTOMER
ACC-023810,SAVINGS,Synthetic Sahyadri Bank 3,CUSTOMER
ACC-001265,SAVINGS,Synthetic Sahyadri Bank 2,CUSTOMER
ACC-027376,SAVINGS,Synthetic Sahyadri Bank 1,CUSTOMER
ACC-009290,SAVINGS,Synthetic Sahyadri Bank 2,CUSTOMER
ACC-002944,SAVINGS,Synthetic Sahyadri Bank 6,CUSTOMER
ACC-004253,SAVINGS,Synthetic Sahyadri Bank 6,CUSTOMER
ACC-013932,SAVINGS,Synthetic Sahyadri Bank 2,CUSTOMER
ACC-024827,SAVINGS,Synthetic Sahyadri Bank 2,CUSTOMER
ACC-013386,SAVINGS,Synthetic Sahyadri Bank 4,CUSTOMER
ACC-027328,SAVINGS,Synthetic Sahyadri Bank 6,CUSTOMER
ACC-021772,SAVINGS,Synthetic Sahyadri Bank 6,CUSTOMER
ACC-017660,SAVINGS,Synthetic Sahyadri Bank 1,CUSTOMER
ACC-008645,SAVINGS,Synthetic Sahyadri Bank 5,CUSTOMER
ACC-016374,SAVINGS,Synthetic Sahyadri Bank 3,CUSTOMER
ACC-017487,SAVINGS,Synthetic Sahyadri Bank 4,CUSTOMER
ACC-026464,SAVINGS,Synthetic Sahyadri Bank 2,CUSTOMER
ACC-015653,SAVINGS,Synthetic Sahyadri Bank 3,CUSTOMER
ACC-013180,SAVINGS,Synthetic Sahyadri Bank 4,CUSTOMER
ACC-000145,SAVINGS,Synthetic Sahyadri Bank 6,CUSTOMER
ACC-019324,SAVINGS,Synthetic Sahyadri Bank 2,CUSTOMER
ACC-008595,SAVINGS,Synthetic Sahyadri Bank 2,CUSTOMER
ACC-029259,SAVINGS,Synthetic Sahyadri Bank 3,CUSTOMER
ACC-003191,SAVINGS,Synthetic Sahyadri Bank 4,CUSTOMER
ACC-027035,SAVINGS,Synthetic Sahyadri Bank 3,CUSTOMER
ACC-008380,SAVINGS,Synthetic Sahyadri Bank 5,CUSTOMER
ACC-026854,SAVINGS,Synthetic Sahyadri Bank 2,CUSTOMER
ACC-027756,SAVINGS,Synthetic Sahyadri Bank 1,CUSTOMER
ACC-025163,SAVINGS,Synthetic Sahyadri Bank 5,CUSTOMER
ACC-028699,SAVINGS,Synthetic Sahyadri Bank 3,CUSTOMER
ACC-011383,SAVINGS,Synthetic Sahyadri Bank 5,CUSTOMER
ACC-025659,SAVINGS,Synthetic Sahyadri Bank 5,CUSTOMER
ACC-025361,SAVINGS,Synthetic Sahyadri Bank 4,CUSTOMER
ACC-000317,SAVINGS,Synthetic Sahyadri Bank 3,CUSTOMER
ACC-000342,SAVINGS,Synthetic Sahyadri Bank 5,CUSTOMER
ACC-028128,SAVINGS,Synthetic Sahyadri Bank 1,CUSTOMER
ACC-007897,SAVINGS,Synthetic Sahyadri Bank 1,CUSTOMER
ACC-024188,SAVINGS,Synthetic Sahyadri Bank 5,CUSTOMER
ACC-015109,SAVINGS,Synthetic Sahyadri Bank 4,CUSTOMER
ACC-017305,SAVINGS,Synthetic Sahyadri Bank 3,CUSTOMER
ACC-018539,SAVINGS,Synthetic Sahyadri Bank 2,CUSTOMER
ACC-024562,SAVINGS,Synthetic Sahyadri Bank 6,CUSTOMER
ACC-007934,SAVINGS,Synthetic Sahyadri Bank 2,CUSTOMER
ACC-021305,SAVINGS,Synthetic Sahyadri Bank 6,CUSTOMER
ACC-028174,SAVINGS,Synthetic Sahyadri Bank 6,CUSTOMER
ACC-027803,SAVINGS,Synthetic Sahyadri Bank 1,CUSTOMER
ACC-019424,SAVINGS,Synthetic Sahyadri Bank 4,CUSTOMER
ACC-000918,SAVINGS,Synthetic Sahyadri Bank 5,CUSTOMER
ACC-016378,SAVINGS,Synthetic Sahyadri Bank 2,CUSTOMER
ACC-024377,SAVINGS,Synthetic Sahyadri Bank 2,CUSTOMER
ACC-028189,SAVINGS,Synthetic Sahyadri Bank 3,CUSTOMER
ACC-018534,SAVINGS,Synthetic Sahyadri Bank 2,CUSTOMER
ACC-017882,SAVINGS,Synthetic Sahyadri Bank 1,CUSTOMER
ACC-019528,SAVINGS,Synthetic Sahyadri Bank 2,CUSTOMER
ACC-005134,SAVINGS,Synthetic Sahyadri Bank 3,CUSTOMER
ACC-025808,SAVINGS,Synthetic Sahyadri Bank 2,CUSTOMER
ACC-010072,SAVINGS,Synthetic Sahyadri Bank 3,CUSTOMER
ACC-011807,SAVINGS,Synthetic Sahyadri Bank 1,CUSTOMER
ACC-002781,SAVINGS,Synthetic Sahyadri Bank 6,CUSTOMER
ACC-025322,SAVINGS,Synthetic Sahyadri Bank 5,CUSTOMER
ACC-018826,SAVINGS,Synthetic Sahyadri Bank 5,CUSTOMER
ACC-001345,SAVINGS,Synthetic Sahyadri Bank 3,CUSTOMER
ACC-018864,SAVINGS,Synthetic Sahyadri Bank 5,CUSTOMER
ACC-010848,SAVINGS,Synthetic Sahyadri Bank 6,CUSTOMER
ACC-014650,SAVINGS,Synthetic Sahyadri Bank 1,CUSTOMER
ACC-006015,SAVINGS,Synthetic Sahyadri Bank 5,CUSTOMER
ACC-028010,SAVINGS,Synthetic Sahyadri Bank 6,CUSTOMER
ACC-027046,SAVINGS,Synthetic Sahyadri Bank 6,CUSTOMER
ACC-025968,SAVINGS,Synthetic Sahyadri Bank 3,CUSTOMER
ACC-013319,SAVINGS,Synthetic Sahyadri Bank 2,CUSTOMER
ACC-012599,SAVINGS,Synthetic Sahyadri Bank 3,CUSTOMER
ACC-003154,SAVINGS,Synthetic Sahyadri Bank 3,CUSTOMER
ACC-017990,SAVINGS,Synthetic Sahyadri Bank 3,CUSTOMER
ACC-005842,SAVINGS,Synthetic Sahyadri Bank 1,CUSTOMER
ACC-014688,SAVINGS,Synthetic Sahyadri Bank 6,CUSTOMER
ACC-001227,SAVINGS,Synthetic Sahyadri Bank 1,CUSTOMER
ACC-005775,SAVINGS,Synthetic Sahyadri Bank 3,CUSTOMER
ACC-000225,SAVINGS,Synthetic Sahyadri Bank 2,CUSTOMER
ACC-008737,SAVINGS,Synthetic Sahyadri Bank 6,CUSTOMER
ACC-011411,SAVINGS,Synthetic Sahyadri Bank 6,CUSTOMER
ACC-012502,SAVINGS,Synthetic Sahyadri Bank 2,CUSTOMER
ACC-022398,SAVINGS,Synthetic Sahyadri Bank 2,CUSTOMER
ACC-020429,SAVINGS,Synthetic Sahyadri Bank 1,CUSTOMER
ACC-011033,SAVINGS,Synthetic Sahyadri Bank 6,CUSTOMER
ACC-025643,SAVINGS,Synthetic Sahyadri Bank 3,CUSTOMER
ACC-029245,SAVINGS,Synthetic Sahyadri Bank 5,CUSTOMER
ACC-024046,SAVINGS,Synthetic Sahyadri Bank 3,CUSTOMER
ACC-026326,SAVINGS,Synthetic Sahyadri Bank 1,CUSTOMER
ACC-000539,SAVINGS,Synthetic Sahyadri Bank 1,CUSTOMER
ACC-004895,SAVINGS,Synthetic Sahyadri Bank 2,CUSTOMER
ACC-003827,SAVINGS,Synthetic Sahyadri Bank 5,CUSTOMER
ACC-011131,SAVINGS,Synthetic Sahyadri Bank 2,CUSTOMER
ACC-009490,SAVINGS,Synthetic Sahyadri Bank 4,CUSTOMER
ACC-023306,SAVINGS,Synthetic Sahyadri Bank 4,CUSTOMER
ACC-010827,SAVINGS,Synthetic Sahyadri Bank 3,CUSTOMER
ACC-028777,SAVINGS,Synthetic Sahyadri Bank 5,CUSTOMER
ACC-011620,SAVINGS,Synthetic Sahyadri Bank 1,CUSTOMER
ACC-017509,SAVINGS,Synthetic Sahyadri Bank 4,CUSTOMER
ACC-010617,SAVINGS,Synthetic Sahyadri Bank 2,CUSTOMER
ACC-003833,SAVINGS,Synthetic Sahyadri Bank 3,CUSTOMER
ACC-008449,SAVINGS,Synthetic Sahyadri Bank 4,CUSTOMER
ACC-016665,SAVINGS,Synthetic Sahyadri Bank 6,CUSTOMER
ACC-028025,SAVINGS,Synthetic Sahyadri Bank 5,CUSTOMER
ACC-027970,SAVINGS,Synthetic Sahyadri Bank 1,CUSTOMER
ACC-010076,SAVINGS,Synthetic Sahyadri Bank 4,CUSTOMER
ACC-010141,SAVINGS,Synthetic Sahyadri Bank 6,CUSTOMER
ACC-010069,SAVINGS,Synthetic Sahyadri Bank 6,CUSTOMER
ACC-009346,SAVINGS,Synthetic Sahyadri Bank 3,CUSTOMER
ACC-002082,SAVINGS,Synthetic Sahyadri Bank 5,CUSTOMER
ACC-012479,SAVINGS,Synthetic Sahyadri Bank 6,CUSTOMER
ACC-012927,SAVINGS,Synthetic Sahyadri Bank 3,CUSTOMER
ACC-020320,SAVINGS,Synthetic Sahyadri Bank 1,CUSTOMER
ACC-013978,SAVINGS,Synthetic Sahyadri Bank 5,CUSTOMER
ACC-012461,SAVINGS,Synthetic Sahyadri Bank 4,CUSTOMER
ACC-025807,SAVINGS,Synthetic Sahyadri Bank 3,CUSTOMER
ACC-027149,SAVINGS,Synthetic Sahyadri Bank 3,CUSTOMER
ACC-005254,SAVINGS,Synthetic Sahyadri Bank 1,CUSTOMER
ACC-005648,SAVINGS,Synthetic Sahyadri Bank 6,CUSTOMER
ACC-015231,SAVINGS,Synthetic Sahyadri Bank 6,CUSTOMER
ACC-001491,SAVINGS,Synthetic Sahyadri Bank 6,CUSTOMER
ACC-006342,SAVINGS,Synthetic Sahyadri Bank 3,CUSTOMER
ACC-012363,SAVINGS,Synthetic Sahyadri Bank 3,CUSTOMER
ACC-008582,SAVINGS,Synthetic Sahyadri Bank 1,CUSTOMER
ACC-017697,SAVINGS,Synthetic Sahyadri Bank 4,CUSTOMER
ACC-013439,SAVINGS,Synthetic Sahyadri Bank 1,CUSTOMER
ACC-024047,SAVINGS,Synthetic Sahyadri Bank 5,CUSTOMER
ACC-018732,SAVINGS,Synthetic Sahyadri Bank 2,CUSTOMER
ACC-020271,SAVINGS,Synthetic Sahyadri Bank 1,CUSTOMER
ACC-010979,SAVINGS,Synthetic Sahyadri Bank 1,CUSTOMER
ACC-025224,SAVINGS,Synthetic Sahyadri Bank 4,CUSTOMER
ACC-010058,SAVINGS,Synthetic Sahyadri Bank 4,CUSTOMER
ACC-011494,SAVINGS,Synthetic Sahyadri Bank 4,CUSTOMER
ACC-022641,SAVINGS,Synthetic Sahyadri Bank 6,CUSTOMER
ACC-022053,SAVINGS,Synthetic Sahyadri Bank 6,CUSTOMER
ACC-009019,SAVINGS,Synthetic Sahyadri Bank 3,CUSTOMER
ACC-008551,SAVINGS,Synthetic Sahyadri Bank 6,CUSTOMER
ACC-019253,SAVINGS,Synthetic Sahyadri Bank 2,CUSTOMER
ACC-002995,SAVINGS,Synthetic Sahyadri Bank 2,CUSTOMER
ACC-029133,SAVINGS,Synthetic Sahyadri Bank 1,CUSTOMER
ACC-012866,SAVINGS,Synthetic Sahyadri Bank 4,CUSTOMER
ACC-029893,SAVINGS,Synthetic Sahyadri Bank 4,CUSTOMER
ACC-025123,SAVINGS,Synthetic Sahyadri Bank 2,CUSTOMER
ACC-016334,SAVINGS,Synthetic Sahyadri Bank 6,CUSTOMER
ACC-025309,SAVINGS,Synthetic Sahyadri Bank 6,CUSTOMER
ACC-013000,SAVINGS,Synthetic Sahyadri Bank 2,CUSTOMER
ACC-006672,SAVINGS,Synthetic Sahyadri Bank 3,CUSTOMER
ACC-003858,SAVINGS,Synthetic Sahyadri Bank 2,CUSTOMER
ACC-021341,SAVINGS,Synthetic Sahyadri Bank 4,CUSTOMER
ACC-009470,SAVINGS,Synthetic Sahyadri Bank 4,CUSTOMER
ACC-004006,SAVINGS,Synthetic Sahyadri Bank 6,CUSTOMER
ACC-001751,SAVINGS,Synthetic Sahyadri Bank 2,CUSTOMER
ACC-007104,SAVINGS,Synthetic Sahyadri Bank 5,CUSTOMER
ACC-004136,SAVINGS,Synthetic Sahyadri Bank 5,CUSTOMER
ACC-027733,SAVINGS,Synthetic Sahyadri Bank 3,CUSTOMER
ACC-006788,SAVINGS,Synthetic Sahyadri Bank 2,CUSTOMER
ACC-027627,SAVINGS,Synthetic Sahyadri Bank 3,CUSTOMER
ACC-019536,SAVINGS,Synthetic Sahyadri Bank 4,CUSTOMER
ACC-009100,SAVINGS,Synthetic Sahyadri Bank 6,CUSTOMER
ACC-010562,SAVINGS,Synthetic Sahyadri Bank 2,CUSTOMER
ACC-008544,SAVINGS,Synthetic Sahyadri Bank 5,CUSTOMER
ACC-016944,SAVINGS,Synthetic Sahyadri Bank 2,CUSTOMER
ACC-028616,SAVINGS,Synthetic Sahyadri Bank 2,CUSTOMER
ACC-002072,SAVINGS,Synthetic Sahyadri Bank 4,CUSTOMER
ACC-006026,SAVINGS,Synthetic Sahyadri Bank 3,CUSTOMER
ACC-001831,SAVINGS,Synthetic Sahyadri Bank 1,CUSTOMER
ACC-016000,SAVINGS,Synthetic Sahyadri Bank 1,CUSTOMER
ACC-017810,SAVINGS,Synthetic Sahyadri Bank 6,CUSTOMER
ACC-005190,SAVINGS,Synthetic Sahyadri Bank 5,CUSTOMER
ACC-028545,SAVINGS,Synthetic Sahyadri Bank 5,CUSTOMER
ACC-021796,SAVINGS,Synthetic Sahyadri Bank 4,CUSTOMER
ACC-013590,SAVINGS,Synthetic Sahyadri Bank 1,CUSTOMER
ACC-004321,SAVINGS,Synthetic Sahyadri Bank 2,CUSTOMER
ACC-018686,SAVINGS,Synthetic Sahyadri Bank 1,CUSTOMER
ACC-017407,SAVINGS,Synthetic Sahyadri Bank 2,CUSTOMER
ACC-007546,SAVINGS,Synthetic Sahyadri Bank 5,CUSTOMER
ACC-025815,SAVINGS,Synthetic Sahyadri Bank 2,CUSTOMER
ACC-024028,SAVINGS,Synthetic Sahyadri Bank 4,CUSTOMER
ACC-025019,SAVINGS,Synthetic Sahyadri Bank 6,CUSTOMER
ACC-000756,SAVINGS,Synthetic Sahyadri Bank 2,CUSTOMER
ACC-011304,SAVINGS,Synthetic Sahyadri Bank 5,CUSTOMER
ACC-027436,SAVINGS,Synthetic Sahyadri Bank 3,CUSTOMER
ACC-028732,SAVINGS,Synthetic Sahyadri Bank 6,CUSTOMER
ACC-004758,SAVINGS,Synthetic Sahyadri Bank 3,CUSTOMER
ACC-003177,SAVINGS,Synthetic Sahyadri Bank 5,CUSTOMER
ACC-005840,SAVINGS,Synthetic Sahyadri Bank 4,CUSTOMER
ACC-008374,SAVINGS,Synthetic Sahyadri Bank 1,CUSTOMER
ACC-026016,SAVINGS,Synthetic Sahyadri Bank 3,CUSTOMER
ACC-028989,SAVINGS,Synthetic Sahyadri Bank 5,CUSTOMER
ACC-017264,SAVINGS,Synthetic Sahyadri Bank 4,CUSTOMER
ACC-010672,SAVINGS,Synthetic Sahyadri Bank 6,CUSTOMER
ACC-010794,SAVINGS,Synthetic Sahyadri Bank 2,CUSTOMER
ACC-012995,SAVINGS,Synthetic Sahyadri Bank 1,CUSTOMER
ACC-025277,SAVINGS,Synthetic Sahyadri Bank 1,CUSTOMER
ACC-017187,SAVINGS,Synthetic Sahyadri Bank 5,CUSTOMER
ACC-026114,SAVINGS,Synthetic Sahyadri Bank 2,CUSTOMER
ACC-011048,SAVINGS,Synthetic Sahyadri Bank 1,CUSTOMER
ACC-012433,SAVINGS,Synthetic Sahyadri Bank 6,CUSTOMER
ACC-024496,SAVINGS,Synthetic Sahyadri Bank 1,CUSTOMER
ACC-012123,SAVINGS,Synthetic Sahyadri Bank 4,CUSTOMER
ACC-004044,SAVINGS,Synthetic Sahyadri Bank 5,CUSTOMER
ACC-023033,SAVINGS,Synthetic Sahyadri Bank 2,CUSTOMER
ACC-024260,SAVINGS,Synthetic Sahyadri Bank 6,CUSTOMER
ACC-004501,SAVINGS,Synthetic Sahyadri Bank 6,CUSTOMER
ACC-028305,SAVINGS,Synthetic Sahyadri Bank 3,CUSTOMER
ACC-012489,SAVINGS,Synthetic Sahyadri Bank 2,CUSTOMER
ACC-021591,SAVINGS,Synthetic Sahyadri Bank 2,CUSTOMER
ACC-024525,SAVINGS,Synthetic Sahyadri Bank 3,CUSTOMER
ACC-000871,SAVINGS,Synthetic Sahyadri Bank 4,CUSTOMER
ACC-001763,SAVINGS,Synthetic Sahyadri Bank 5,CUSTOMER
ACC-008031,SAVINGS,Synthetic Sahyadri Bank 6,CUSTOMER
ACC-006847,SAVINGS,Synthetic Sahyadri Bank 1,CUSTOMER
ACC-000560,SAVINGS,Synthetic Sahyadri Bank 3,CUSTOMER
ACC-015200,SAVINGS,Synthetic Sahyadri Bank 6,CUSTOMER
ACC-024964,SAVINGS,Synthetic Sahyadri Bank 3,CUSTOMER
ACC-012918,SAVINGS,Synthetic Sahyadri Bank 3,CUSTOMER
ACC-015446,SAVINGS,Synthetic Sahyadri Bank 2,CUSTOMER
ACC-024628,SAVINGS,Synthetic Sahyadri Bank 2,CUSTOMER
ACC-013026,SAVINGS,Synthetic Sahyadri Bank 3,CUSTOMER
ACC-027676,SAVINGS,Synthetic Sahyadri Bank 3,CUSTOMER
ACC-014262,SAVINGS,Synthetic Sahyadri Bank 6,CUSTOMER
ACC-001293,SAVINGS,Synthetic Sahyadri Bank 6,CUSTOMER
ACC-028218,SAVINGS,Synthetic Sahyadri Bank 4,CUSTOMER
ACC-019479,SAVINGS,Synthetic Sahyadri Bank 2,CUSTOMER
ACC-011662,SAVINGS,Synthetic Sahyadri Bank 4,CUSTOMER
ACC-027493,SAVINGS,Synthetic Sahyadri Bank 3,CUSTOMER
ACC-006313,SAVINGS,Synthetic Sahyadri Bank 6,CUSTOMER
ACC-011905,SAVINGS,Synthetic Sahyadri Bank 2,CUSTOMER
ACC-005895,SAVINGS,Synthetic Sahyadri Bank 2,CUSTOMER
ACC-027302,SAVINGS,Synthetic Sahyadri Bank 4,CUSTOMER
ACC-007846,SAVINGS,Synthetic Sahyadri Bank 1,CUSTOMER
ACC-023875,SAVINGS,Synthetic Sahyadri Bank 6,CUSTOMER
ACC-016260,SAVINGS,Synthetic Sahyadri Bank 2,CUSTOMER
ACC-010805,SAVINGS,Synthetic Sahyadri Bank 3,CUSTOMER
ACC-023592,SAVINGS,Synthetic Sahyadri Bank 3,CUSTOMER
ACC-012263,SAVINGS,Synthetic Sahyadri Bank 5,CUSTOMER
ACC-011266,SAVINGS,Synthetic Sahyadri Bank 4,CUSTOMER
ACC-010092,SAVINGS,Synthetic Sahyadri Bank 4,CUSTOMER
ACC-000868,SAVINGS,Synthetic Sahyadri Bank 2,CUSTOMER
ACC-023561,SAVINGS,Synthetic Sahyadri Bank 5,CUSTOMER
ACC-007940,SAVINGS,Synthetic Sahyadri Bank 4,CUSTOMER
ACC-003087,SAVINGS,Synthetic Sahyadri Bank 4,CUSTOMER
ACC-002495,SAVINGS,Synthetic Sahyadri Bank 2,CUSTOMER
ACC-014977,SAVINGS,Synthetic Sahyadri Bank 3,CUSTOMER
ACC-015162,SAVINGS,Synthetic Sahyadri Bank 4,CUSTOMER
ACC-010468,SAVINGS,Synthetic Sahyadri Bank 5,CUSTOMER
ACC-020128,SAVINGS,Synthetic Sahyadri Bank 3,CUSTOMER
ACC-007253,SAVINGS,Synthetic Sahyadri Bank 1,CUSTOMER
ACC-019624,SAVINGS,Synthetic Sahyadri Bank 5,CUSTOMER
ACC-028431,SAVINGS,Synthetic Sahyadri Bank 4,CUSTOMER
ACC-014863,SAVINGS,Synthetic Sahyadri Bank 5,CUSTOMER
ACC-014303,SAVINGS,Synthetic Sahyadri Bank 3,CUSTOMER
ACC-023891,SAVINGS,Synthetic Sahyadri Bank 3,CUSTOMER
ACC-008760,SAVINGS,Synthetic Sahyadri Bank 5,CUSTOMER
ACC-026506,SAVINGS,Synthetic Sahyadri Bank 4,CUSTOMER
ACC-011108,SAVINGS,Synthetic Sahyadri Bank 2,CUSTOMER
ACC-008280,SAVINGS,Synthetic Sahyadri Bank 3,CUSTOMER
ACC-016985,SAVINGS,Synthetic Sahyadri Bank 5,CUSTOMER
ACC-017505,SAVINGS,Synthetic Sahyadri Bank 2,CUSTOMER
ACC-004056,SAVINGS,Synthetic Sahyadri Bank 6,CUSTOMER
ACC-005360,SAVINGS,Synthetic Sahyadri Bank 2,CUSTOMER
ACC-022635,SAVINGS,Synthetic Sahyadri Bank 4,CUSTOMER
ACC-006950,SAVINGS,Synthetic Sahyadri Bank 5,CUSTOMER
ACC-013856,SAVINGS,Synthetic Sahyadri Bank 5,CUSTOMER
ACC-004505,SAVINGS,Synthetic Sahyadri Bank 1,CUSTOMER
ACC-006607,SAVINGS,Synthetic Sahyadri Bank 3,CUSTOMER
ACC-015042,SAVINGS,Synthetic Sahyadri Bank 1,CUSTOMER
ACC-024784,SAVINGS,Synthetic Sahyadri Bank 2,CUSTOMER
ACC-013960,SAVINGS,Synthetic Sahyadri Bank 2,CUSTOMER
ACC-005630,SAVINGS,Synthetic Sahyadri Bank 4,CUSTOMER
ACC-011697,SAVINGS,Synthetic Sahyadri Bank 3,CUSTOMER
ACC-015487,SAVINGS,Synthetic Sahyadri Bank 5,CUSTOMER
ACC-008284,SAVINGS,Synthetic Sahyadri Bank 4,CUSTOMER
ACC-025461,SAVINGS,Synthetic Sahyadri Bank 3,CUSTOMER
ACC-015909,SAVINGS,Synthetic Sahyadri Bank 6,CUSTOMER
ACC-009114,SAVINGS,Synthetic Sahyadri Bank 5,CUSTOMER
ACC-025456,SAVINGS,Synthetic Sahyadri Bank 3,CUSTOMER
ACC-026873,SAVINGS,Synthetic Sahyadri Bank 3,CUSTOMER
ACC-014766,SAVINGS,Synthetic Sahyadri Bank 4,CUSTOMER
ACC-025090,SAVINGS,Synthetic Sahyadri Bank 4,CUSTOMER
ACC-009724,SAVINGS,Synthetic Sahyadri Bank 4,CUSTOMER
ACC-005489,SAVINGS,Synthetic Sahyadri Bank 4,CUSTOMER
ACC-028184,SAVINGS,Synthetic Sahyadri Bank 4,CUSTOMER
ACC-019119,SAVINGS,Synthetic Sahyadri Bank 5,CUSTOMER
ACC-024010,SAVINGS,Synthetic Sahyadri Bank 6,CUSTOMER
ACC-004534,SAVINGS,Synthetic Sahyadri Bank 3,CUSTOMER
ACC-002277,SAVINGS,Synthetic Sahyadri Bank 1,CUSTOMER
ACC-019782,SAVINGS,Synthetic Sahyadri Bank 6,CUSTOMER
ACC-013860,SAVINGS,Synthetic Sahyadri Bank 6,CUSTOMER
ACC-010741,SAVINGS,Synthetic Sahyadri Bank 1,CUSTOMER
ACC-021625,SAVINGS,Synthetic Sahyadri Bank 5,CUSTOMER
ACC-002545,SAVINGS,Synthetic Sahyadri Bank 2,CUSTOMER
ACC-014642,SAVINGS,Synthetic Sahyadri Bank 2,CUSTOMER
ACC-021638,SAVINGS,Synthetic Sahyadri Bank 3,CUSTOMER
ACC-026023,SAVINGS,Synthetic Sahyadri Bank 4,CUSTOMER
ACC-002639,SAVINGS,Synthetic Sahyadri Bank 5,CUSTOMER
ACC-020488,SAVINGS,Synthetic Sahyadri Bank 3,CUSTOMER
ACC-013199,SAVINGS,Synthetic Sahyadri Bank 2,CUSTOMER
ACC-007029,SAVINGS,Synthetic Sahyadri Bank 4,CUSTOMER
ACC-029798,SAVINGS,Synthetic Sahyadri Bank 2,CUSTOMER
ACC-002568,SAVINGS,Synthetic Sahyadri Bank 1,CUSTOMER
ACC-002790,SAVINGS,Synthetic Sahyadri Bank 5,CUSTOMER
ACC-014560,SAVINGS,Synthetic Sahyadri Bank 1,CUSTOMER
ACC-003046,SAVINGS,Synthetic Sahyadri Bank 4,CUSTOMER
ACC-021209,SAVINGS,Synthetic Sahyadri Bank 4,CUSTOMER
ACC-028621,SAVINGS,Synthetic Sahyadri Bank 6,CUSTOMER
ACC-018926,SAVINGS,Synthetic Sahyadri Bank 6,CUSTOMER
ACC-024940,SAVINGS,Synthetic Sahyadri Bank 6,CUSTOMER
ACC-011915,SAVINGS,Synthetic Sahyadri Bank 3,CUSTOMER
ACC-004181,SAVINGS,Synthetic Sahyadri Bank 5,CUSTOMER
ACC-001414,SAVINGS,Synthetic Sahyadri Bank 1,CUSTOMER
ACC-005028,SAVINGS,Synthetic Sahyadri Bank 5,CUSTOMER
ACC-020226,SAVINGS,Synthetic Sahyadri Bank 5,CUSTOMER
ACC-016553,SAVINGS,Synthetic Sahyadri Bank 5,CUSTOMER
ACC-008542,SAVINGS,Synthetic Sahyadri Bank 3,CUSTOMER
ACC-023534,SAVINGS,Synthetic Sahyadri Bank 5,CUSTOMER
ACC-006343,SAVINGS,Synthetic Sahyadri Bank 2,CUSTOMER
ACC-016905,SAVINGS,Synthetic Sahyadri Bank 2,CUSTOMER
ACC-000456,SAVINGS,Synthetic Sahyadri Bank 3,CUSTOMER
ACC-001162,SAVINGS,Synthetic Sahyadri Bank 4,CUSTOMER
ACC-001378,SAVINGS,Synthetic Sahyadri Bank 5,CUSTOMER
ACC-011735,SAVINGS,Synthetic Sahyadri Bank 5,CUSTOMER
ACC-002891,SAVINGS,Synthetic Sahyadri Bank 2,CUSTOMER
ACC-008239,SAVINGS,Synthetic Sahyadri Bank 1,CUSTOMER
ACC-021102,SAVINGS,Synthetic Sahyadri Bank 2,CUSTOMER
ACC-000388,SAVINGS,Synthetic Sahyadri Bank 3,CUSTOMER
ACC-004665,SAVINGS,Synthetic Sahyadri Bank 6,CUSTOMER
ACC-006964,SAVINGS,Synthetic Sahyadri Bank 4,CUSTOMER
ACC-029705,SAVINGS,Synthetic Sahyadri Bank 1,CUSTOMER
ACC-010223,SAVINGS,Synthetic Sahyadri Bank 2,CUSTOMER
ACC-006684,SAVINGS,Synthetic Sahyadri Bank 5,CUSTOMER
ACC-000481,SAVINGS,Synthetic Sahyadri Bank 3,CUSTOMER
ACC-023907,SAVINGS,Synthetic Sahyadri Bank 6,CUSTOMER
ACC-021004,SAVINGS,Synthetic Sahyadri Bank 5,CUSTOMER
ACC-021149,SAVINGS,Synthetic Sahyadri Bank 3,CUSTOMER
ACC-000789,SAVINGS,Synthetic Sahyadri Bank 1,CUSTOMER
ACC-023471,SAVINGS,Synthetic Sahyadri Bank 3,CUSTOMER
ACC-028943,SAVINGS,Synthetic Sahyadri Bank 5,CUSTOMER
ACC-024665,SAVINGS,Synthetic Sahyadri Bank 2,CUSTOMER
ACC-021458,SAVINGS,Synthetic Sahyadri Bank 2,CUSTOMER
ACC-008361,SAVINGS,Synthetic Sahyadri Bank 1,CUSTOMER
ACC-001088,SAVINGS,Synthetic Sahyadri Bank 6,CUSTOMER
ACC-020102,SAVINGS,Synthetic Sahyadri Bank 4,CUSTOMER
ACC-010994,SAVINGS,Synthetic Sahyadri Bank 3,CUSTOMER
ACC-013947,SAVINGS,Synthetic Sahyadri Bank 2,CUSTOMER
ACC-017670,SAVINGS,Synthetic Sahyadri Bank 3,CUSTOMER
ACC-018917,SAVINGS,Synthetic Sahyadri Bank 6,CUSTOMER
ACC-029274,SAVINGS,Synthetic Sahyadri Bank 2,CUSTOMER
ACC-009232,SAVINGS,Synthetic Sahyadri Bank 5,CUSTOMER
ACC-025593,SAVINGS,Synthetic Sahyadri Bank 5,CUSTOMER
ACC-022101,SAVINGS,Synthetic Sahyadri Bank 2,CUSTOMER
ACC-026111,SAVINGS,Synthetic Sahyadri Bank 5,CUSTOMER
ACC-017473,SAVINGS,Synthetic Sahyadri Bank 4,CUSTOMER
ACC-019589,SAVINGS,Synthetic Sahyadri Bank 3,CUSTOMER
ACC-002594,SAVINGS,Synthetic Sahyadri Bank 3,CUSTOMER
ACC-025618,SAVINGS,Synthetic Sahyadri Bank 2,CUSTOMER
ACC-004072,SAVINGS,Synthetic Sahyadri Bank 4,CUSTOMER
ACC-002402,SAVINGS,Synthetic Sahyadri Bank 6,CUSTOMER
ACC-022505,SAVINGS,Synthetic Sahyadri Bank 5,CUSTOMER
ACC-022348,SAVINGS,Synthetic Sahyadri Bank 6,CUSTOMER
ACC-008241,SAVINGS,Synthetic Sahyadri Bank 3,CUSTOMER
ACC-006814,SAVINGS,Synthetic Sahyadri Bank 1,CUSTOMER
ACC-013326,SAVINGS,Synthetic Sahyadri Bank 2,CUSTOMER
ACC-008327,SAVINGS,Synthetic Sahyadri Bank 2,CUSTOMER
ACC-005592,SAVINGS,Synthetic Sahyadri Bank 3,CUSTOMER
ACC-029257,SAVINGS,Synthetic Sahyadri Bank 3,CUSTOMER
ACC-029930,SAVINGS,Synthetic Sahyadri Bank 6,CUSTOMER
ACC-018142,SAVINGS,Synthetic Sahyadri Bank 5,CUSTOMER
ACC-021866,SAVINGS,Synthetic Sahyadri Bank 2,CUSTOMER
ACC-007143,SAVINGS,Synthetic Sahyadri Bank 6,CUSTOMER
ACC-021615,SAVINGS,Synthetic Sahyadri Bank 3,CUSTOMER
ACC-014204,SAVINGS,Synthetic Sahyadri Bank 4,CUSTOMER
ACC-028882,SAVINGS,Synthetic Sahyadri Bank 1,CUSTOMER
ACC-022788,SAVINGS,Synthetic Sahyadri Bank 1,CUSTOMER
ACC-017965,SAVINGS,Synthetic Sahyadri Bank 4,CUSTOMER
ACC-020913,SAVINGS,Synthetic Sahyadri Bank 4,CUSTOMER
ACC-004618,SAVINGS,Synthetic Sahyadri Bank 3,CUSTOMER
ACC-008750,SAVINGS,Synthetic Sahyadri Bank 3,CUSTOMER
ACC-002965,SAVINGS,Synthetic Sahyadri Bank 2,CUSTOMER
ACC-008730,SAVINGS,Synthetic Sahyadri Bank 3,CUSTOMER
ACC-004328,SAVINGS,Synthetic Sahyadri Bank 1,CUSTOMER
ACC-028955,SAVINGS,Synthetic Sahyadri Bank 3,CUSTOMER
ACC-010212,SAVINGS,Synthetic Sahyadri Bank 4,CUSTOMER
ACC-023814,SAVINGS,Synthetic Sahyadri Bank 1,CUSTOMER
ACC-024122,SAVINGS,Synthetic Sahyadri Bank 4,CUSTOMER
ACC-022001,SAVINGS,Synthetic Sahyadri Bank 4,CUSTOMER
ACC-013473,SAVINGS,Synthetic Sahyadri Bank 2,CUSTOMER
ACC-014438,SAVINGS,Synthetic Sahyadri Bank 5,CUSTOMER
ACC-015914,SAVINGS,Synthetic Sahyadri Bank 5,CUSTOMER
ACC-008611,SAVINGS,Synthetic Sahyadri Bank 5,CUSTOMER
ACC-003549,SAVINGS,Synthetic Sahyadri Bank 3,CUSTOMER
ACC-026415,SAVINGS,Synthetic Sahyadri Bank 1,CUSTOMER
ACC-004649,SAVINGS,Synthetic Sahyadri Bank 1,CUSTOMER
ACC-001669,SAVINGS,Synthetic Sahyadri Bank 1,CUSTOMER
ACC-013972,SAVINGS,Synthetic Sahyadri Bank 5,CUSTOMER
ACC-028182,SAVINGS,Synthetic Sahyadri Bank 2,CUSTOMER
ACC-004577,SAVINGS,Synthetic Sahyadri Bank 3,CUSTOMER
ACC-014939,SAVINGS,Synthetic Sahyadri Bank 4,CUSTOMER
ACC-022099,SAVINGS,Synthetic Sahyadri Bank 3,CUSTOMER
ACC-002980,SAVINGS,Synthetic Sahyadri Bank 5,CUSTOMER
ACC-006287,SAVINGS,Synthetic Sahyadri Bank 1,CUSTOMER
ACC-001679,SAVINGS,Synthetic Sahyadri Bank 1,CUSTOMER
ACC-016897,SAVINGS,Synthetic Sahyadri Bank 4,CUSTOMER
ACC-016866,SAVINGS,Synthetic Sahyadri Bank 5,CUSTOMER
ACC-007693,SAVINGS,Synthetic Sahyadri Bank 3,CUSTOMER
ACC-009721,SAVINGS,Synthetic Sahyadri Bank 6,CUSTOMER
ACC-027972,SAVINGS,Synthetic Sahyadri Bank 3,CUSTOMER
ACC-029424,SAVINGS,Synthetic Sahyadri Bank 2,CUSTOMER
ACC-021130,SAVINGS,Synthetic Sahyadri Bank 3,CUSTOMER
ACC-010919,SAVINGS,Synthetic Sahyadri Bank 2,CUSTOMER
ACC-008866,SAVINGS,Synthetic Sahyadri Bank 5,CUSTOMER
ACC-007252,SAVINGS,Synthetic Sahyadri Bank 3,CUSTOMER
ACC-005496,SAVINGS,Synthetic Sahyadri Bank 3,CUSTOMER
ACC-005307,SAVINGS,Synthetic Sahyadri Bank 3,CUSTOMER
ACC-017128,SAVINGS,Synthetic Sahyadri Bank 1,CUSTOMER
ACC-002887,SAVINGS,Synthetic Sahyadri Bank 3,CUSTOMER
ACC-007986,SAVINGS,Synthetic Sahyadri Bank 2,CUSTOMER
ACC-005014,SAVINGS,Synthetic Sahyadri Bank 1,CUSTOMER
ACC-014135,SAVINGS,Synthetic Sahyadri Bank 2,CUSTOMER
ACC-013941,SAVINGS,Synthetic Sahyadri Bank 5,CUSTOMER
ACC-022387,SAVINGS,Synthetic Sahyadri Bank 4,CUSTOMER
ACC-018793,SAVINGS,Synthetic Sahyadri Bank 1,CUSTOMER
ACC-006812,SAVINGS,Synthetic Sahyadri Bank 4,CUSTOMER
ACC-017725,SAVINGS,Synthetic Sahyadri Bank 6,CUSTOMER
ACC-009699,SAVINGS,Synthetic Sahyadri Bank 5,CUSTOMER
ACC-021140,SAVINGS,Synthetic Sahyadri Bank 2,CUSTOMER
ACC-012928,SAVINGS,Synthetic Sahyadri Bank 3,CUSTOMER
ACC-016845,SAVINGS,Synthetic Sahyadri Bank 3,CUSTOMER
ACC-012862,SAVINGS,Synthetic Sahyadri Bank 3,CUSTOMER
ACC-021857,SAVINGS,Synthetic Sahyadri Bank 1,CUSTOMER
ACC-014437,SAVINGS,Synthetic Sahyadri Bank 4,CUSTOMER
ACC-003270,SAVINGS,Synthetic Sahyadri Bank 4,CUSTOMER
ACC-017443,SAVINGS,Synthetic Sahyadri Bank 5,CUSTOMER
ACC-004959,SAVINGS,Synthetic Sahyadri Bank 4,CUSTOMER
ACC-016383,SAVINGS,Synthetic Sahyadri Bank 1,CUSTOMER
ACC-018896,SAVINGS,Synthetic Sahyadri Bank 5,CUSTOMER
ACC-002794,SAVINGS,Synthetic Sahyadri Bank 1,CUSTOMER
ACC-026073,SAVINGS,Synthetic Sahyadri Bank 4,CUSTOMER
ACC-001037,SAVINGS,Synthetic Sahyadri Bank 1,CUSTOMER
ACC-022805,SAVINGS,Synthetic Sahyadri Bank 4,CUSTOMER
ACC-027492,SAVINGS,Synthetic Sahyadri Bank 6,CUSTOMER
ACC-001640,SAVINGS,Synthetic Sahyadri Bank 2,CUSTOMER
ACC-023334,SAVINGS,Synthetic Sahyadri Bank 1,CUSTOMER
ACC-010011,SAVINGS,Synthetic Sahyadri Bank 5,CUSTOMER
ACC-028256,SAVINGS,Synthetic Sahyadri Bank 6,CUSTOMER
ACC-009498,SAVINGS,Synthetic Sahyadri Bank 3,CUSTOMER
ACC-025343,SAVINGS,Synthetic Sahyadri Bank 4,CUSTOMER
ACC-011886,SAVINGS,Synthetic Sahyadri Bank 3,CUSTOMER
ACC-006885,SAVINGS,Synthetic Sahyadri Bank 2,CUSTOMER
ACC-015829,SAVINGS,Synthetic Sahyadri Bank 5,CUSTOMER
ACC-016116,SAVINGS,Synthetic Sahyadri Bank 5,CUSTOMER
ACC-018674,SAVINGS,Synthetic Sahyadri Bank 4,CUSTOMER
ACC-015309,SAVINGS,Synthetic Sahyadri Bank 1,CUSTOMER
ACC-001104,SAVINGS,Synthetic Sahyadri Bank 3,CUSTOMER
ACC-005511,SAVINGS,Synthetic Sahyadri Bank 6,CUSTOMER
ACC-000050,SAVINGS,Synthetic Sahyadri Bank 6,CUSTOMER
ACC-022011,SAVINGS,Synthetic Sahyadri Bank 4,CUSTOMER
ACC-002101,SAVINGS,Synthetic Sahyadri Bank 3,CUSTOMER
ACC-014588,SAVINGS,Synthetic Sahyadri Bank 1,CUSTOMER
ACC-001295,SAVINGS,Synthetic Sahyadri Bank 2,CUSTOMER
ACC-029545,SAVINGS,Synthetic Sahyadri Bank 4,CUSTOMER
ACC-014809,SAVINGS,Synthetic Sahyadri Bank 4,CUSTOMER
ACC-003139,SAVINGS,Synthetic Sahyadri Bank 6,CUSTOMER
ACC-016119,SAVINGS,Synthetic Sahyadri Bank 3,CUSTOMER
ACC-015696,SAVINGS,Synthetic Sahyadri Bank 5,CUSTOMER
ACC-022631,SAVINGS,Synthetic Sahyadri Bank 6,CUSTOMER
ACC-006690,SAVINGS,Synthetic Sahyadri Bank 4,CUSTOMER
ACC-028081,SAVINGS,Synthetic Sahyadri Bank 1,CUSTOMER
ACC-000249,SAVINGS,Synthetic Sahyadri Bank 6,CUSTOMER
ACC-004382,SAVINGS,Synthetic Sahyadri Bank 1,CUSTOMER
ACC-004634,SAVINGS,Synthetic Sahyadri Bank 4,CUSTOMER
ACC-012295,SAVINGS,Synthetic Sahyadri Bank 6,CUSTOMER
ACC-019515,SAVINGS,Synthetic Sahyadri Bank 1,CUSTOMER
ACC-009314,SAVINGS,Synthetic Sahyadri Bank 4,CUSTOMER
ACC-018779,SAVINGS,Synthetic Sahyadri Bank 4,CUSTOMER
ACC-023420,SAVINGS,Synthetic Sahyadri Bank 5,CUSTOMER
ACC-013156,SAVINGS,Synthetic Sahyadri Bank 1,CUSTOMER
ACC-027926,SAVINGS,Synthetic Sahyadri Bank 5,CUSTOMER
ACC-025524,SAVINGS,Synthetic Sahyadri Bank 4,CUSTOMER
ACC-013533,SAVINGS,Synthetic Sahyadri Bank 4,CUSTOMER
ACC-020975,SAVINGS,Synthetic Sahyadri Bank 5,CUSTOMER
ACC-000648,SAVINGS,Synthetic Sahyadri Bank 3,CUSTOMER
ACC-025437,SAVINGS,Synthetic Sahyadri Bank 5,CUSTOMER
ACC-017338,SAVINGS,Synthetic Sahyadri Bank 2,CUSTOMER
ACC-014048,SAVINGS,Synthetic Sahyadri Bank 1,CUSTOMER
ACC-024790,SAVINGS,Synthetic Sahyadri Bank 3,CUSTOMER
ACC-009221,SAVINGS,Synthetic Sahyadri Bank 5,CUSTOMER
ACC-002445,SAVINGS,Synthetic Sahyadri Bank 3,CUSTOMER
ACC-000619,SAVINGS,Synthetic Sahyadri Bank 6,CUSTOMER
ACC-016568,SAVINGS,Synthetic Sahyadri Bank 4,CUSTOMER
ACC-012251,SAVINGS,Synthetic Sahyadri Bank 6,CUSTOMER
ACC-003234,SAVINGS,Synthetic Sahyadri Bank 4,CUSTOMER
ACC-005541,SAVINGS,Synthetic Sahyadri Bank 1,CUSTOMER
ACC-002084,SAVINGS,Synthetic Sahyadri Bank 3,CUSTOMER
ACC-011204,SAVINGS,Synthetic Sahyadri Bank 6,CUSTOMER
ACC-019918,SAVINGS,Synthetic Sahyadri Bank 4,CUSTOMER
ACC-018529,SAVINGS,Synthetic Sahyadri Bank 1,CUSTOMER
ACC-014383,SAVINGS,Synthetic Sahyadri Bank 4,CUSTOMER
ACC-012093,SAVINGS,Synthetic Sahyadri Bank 4,CUSTOMER
ACC-022293,SAVINGS,Synthetic Sahyadri Bank 4,CUSTOMER
ACC-029606,SAVINGS,Synthetic Sahyadri Bank 3,CUSTOMER
ACC-005830,SAVINGS,Synthetic Sahyadri Bank 1,CUSTOMER
ACC-028965,SAVINGS,Synthetic Sahyadri Bank 5,CUSTOMER
ACC-014039,SAVINGS,Synthetic Sahyadri Bank 2,CUSTOMER
ACC-000963,SAVINGS,Synthetic Sahyadri Bank 4,CUSTOMER
ACC-001567,SAVINGS,Synthetic Sahyadri Bank 1,CUSTOMER
ACC-011254,SAVINGS,Synthetic Sahyadri Bank 2,CUSTOMER
ACC-010752,SAVINGS,Synthetic Sahyadri Bank 1,CUSTOMER
ACC-016630,SAVINGS,Synthetic Sahyadri Bank 6,CUSTOMER
ACC-024154,SAVINGS,Synthetic Sahyadri Bank 6,CUSTOMER
ACC-004829,SAVINGS,Synthetic Sahyadri Bank 5,CUSTOMER
ACC-003645,SAVINGS,Synthetic Sahyadri Bank 2,CUSTOMER
ACC-003812,SAVINGS,Synthetic Sahyadri Bank 5,CUSTOMER
ACC-011489,SAVINGS,Synthetic Sahyadri Bank 4,CUSTOMER
ACC-009795,SAVINGS,Synthetic Sahyadri Bank 1,CUSTOMER
ACC-029037,SAVINGS,Synthetic Sahyadri Bank 2,CUSTOMER
ACC-002204,SAVINGS,Synthetic Sahyadri Bank 3,CUSTOMER
ACC-018767,SAVINGS,Synthetic Sahyadri Bank 6,CUSTOMER
ACC-000917,SAVINGS,Synthetic Sahyadri Bank 4,CUSTOMER
ACC-022161,SAVINGS,Synthetic Sahyadri Bank 6,CUSTOMER
ACC-026742,SAVINGS,Synthetic Sahyadri Bank 5,CUSTOMER
ACC-001087,SAVINGS,Synthetic Sahyadri Bank 1,CUSTOMER
ACC-008963,SAVINGS,Synthetic Sahyadri Bank 3,CUSTOMER
ACC-001936,SAVINGS,Synthetic Sahyadri Bank 5,CUSTOMER
ACC-015954,SAVINGS,Synthetic Sahyadri Bank 3,CUSTOMER
ACC-009134,SAVINGS,Synthetic Sahyadri Bank 3,CUSTOMER
ACC-019227,SAVINGS,Synthetic Sahyadri Bank 5,CUSTOMER
ACC-013150,SAVINGS,Synthetic Sahyadri Bank 5,CUSTOMER
ACC-011481,SAVINGS,Synthetic Sahyadri Bank 2,CUSTOMER
ACC-026590,SAVINGS,Synthetic Sahyadri Bank 2,CUSTOMER
ACC-022210,SAVINGS,Synthetic Sahyadri Bank 3,CUSTOMER
ACC-003619,SAVINGS,Synthetic Sahyadri Bank 5,CUSTOMER
ACC-025131,SAVINGS,Synthetic Sahyadri Bank 5,CUSTOMER
ACC-004230,SAVINGS,Synthetic Sahyadri Bank 3,CUSTOMER
ACC-005908,SAVINGS,Synthetic Sahyadri Bank 5,CUSTOMER
ACC-000887,SAVINGS,Synthetic Sahyadri Bank 1,CUSTOMER
ACC-024563,SAVINGS,Synthetic Sahyadri Bank 1,CUSTOMER
ACC-021627,SAVINGS,Synthetic Sahyadri Bank 3,CUSTOMER
ACC-028605,SAVINGS,Synthetic Sahyadri Bank 5,CUSTOMER
ACC-006928,SAVINGS,Synthetic Sahyadri Bank 6,CUSTOMER
ACC-006115,SAVINGS,Synthetic Sahyadri Bank 4,CUSTOMER
ACC-016259,SAVINGS,Synthetic Sahyadri Bank 5,CUSTOMER
ACC-000296,SAVINGS,Synthetic Sahyadri Bank 5,CUSTOMER
ACC-009456,SAVINGS,Synthetic Sahyadri Bank 6,CUSTOMER
ACC-014848,SAVINGS,Synthetic Sahyadri Bank 2,CUSTOMER
ACC-026667,SAVINGS,Synthetic Sahyadri Bank 3,CUSTOMER
ACC-008071,SAVINGS,Synthetic Sahyadri Bank 6,CUSTOMER
ACC-009474,SAVINGS,Synthetic Sahyadri Bank 4,CUSTOMER
ACC-027012,SAVINGS,Synthetic Sahyadri Bank 1,CUSTOMER
ACC-000306,SAVINGS,Synthetic Sahyadri Bank 5,CUSTOMER
ACC-020290,SAVINGS,Synthetic Sahyadri Bank 6,CUSTOMER
ACC-026194,SAVINGS,Synthetic Sahyadri Bank 2,CUSTOMER
ACC-002973,SAVINGS,Synthetic Sahyadri Bank 3,CUSTOMER
ACC-018730,SAVINGS,Synthetic Sahyadri Bank 1,CUSTOMER
ACC-003877,SAVINGS,Synthetic Sahyadri Bank 1,CUSTOMER
ACC-003538,SAVINGS,Synthetic Sahyadri Bank 1,CUSTOMER
ACC-027867,SAVINGS,Synthetic Sahyadri Bank 6,CUSTOMER
ACC-014258,SAVINGS,Synthetic Sahyadri Bank 4,CUSTOMER
ACC-017822,SAVINGS,Synthetic Sahyadri Bank 4,CUSTOMER
ACC-015880,SAVINGS,Synthetic Sahyadri Bank 2,CUSTOMER
ACC-005867,SAVINGS,Synthetic Sahyadri Bank 5,CUSTOMER
ACC-021156,SAVINGS,Synthetic Sahyadri Bank 5,CUSTOMER
ACC-020165,SAVINGS,Synthetic Sahyadri Bank 2,CUSTOMER
ACC-001222,SAVINGS,Synthetic Sahyadri Bank 5,CUSTOMER
ACC-024853,SAVINGS,Synthetic Sahyadri Bank 5,CUSTOMER
ACC-001068,SAVINGS,Synthetic Sahyadri Bank 4,CUSTOMER
ACC-004771,SAVINGS,Synthetic Sahyadri Bank 4,CUSTOMER
ACC-022097,SAVINGS,Synthetic Sahyadri Bank 1,CUSTOMER
ACC-020005,SAVINGS,Synthetic Sahyadri Bank 2,CUSTOMER
ACC-017243,SAVINGS,Synthetic Sahyadri Bank 3,CUSTOMER
ACC-027543,SAVINGS,Synthetic Sahyadri Bank 6,CUSTOMER
ACC-003062,SAVINGS,Synthetic Sahyadri Bank 3,CUSTOMER
ACC-010077,SAVINGS,Synthetic Sahyadri Bank 1,CUSTOMER
ACC-010775,SAVINGS,Synthetic Sahyadri Bank 2,CUSTOMER
ACC-025207,SAVINGS,Synthetic Sahyadri Bank 1,CUSTOMER
ACC-006400,SAVINGS,Synthetic Sahyadri Bank 5,CUSTOMER
ACC-018296,SAVINGS,Synthetic Sahyadri Bank 5,CUSTOMER
ACC-021147,SAVINGS,Synthetic Sahyadri Bank 4,CUSTOMER
ACC-008458,SAVINGS,Synthetic Sahyadri Bank 3,CUSTOMER
ACC-000630,SAVINGS,Synthetic Sahyadri Bank 1,CUSTOMER
ACC-019054,SAVINGS,Synthetic Sahyadri Bank 3,CUSTOMER
ACC-019809,SAVINGS,Synthetic Sahyadri Bank 6,CUSTOMER
ACC-025393,SAVINGS,Synthetic Sahyadri Bank 4,CUSTOMER
ACC-002897,SAVINGS,Synthetic Sahyadri Bank 3,CUSTOMER
ACC-009828,SAVINGS,Synthetic Sahyadri Bank 2,CUSTOMER
ACC-002888,SAVINGS,Synthetic Sahyadri Bank 4,CUSTOMER
ACC-012384,SAVINGS,Synthetic Sahyadri Bank 6,CUSTOMER
ACC-024210,SAVINGS,Synthetic Sahyadri Bank 6,CUSTOMER
ACC-001042,SAVINGS,Synthetic Sahyadri Bank 5,CUSTOMER
ACC-018399,SAVINGS,Synthetic Sahyadri Bank 1,CUSTOMER
ACC-004314,SAVINGS,Synthetic Sahyadri Bank 2,CUSTOMER
ACC-019470,SAVINGS,Synthetic Sahyadri Bank 6,CUSTOMER
ACC-004844,SAVINGS,Synthetic Sahyadri Bank 5,CUSTOMER
ACC-002423,SAVINGS,Synthetic Sahyadri Bank 1,CUSTOMER
ACC-007075,SAVINGS,Synthetic Sahyadri Bank 3,CUSTOMER
ACC-017643,SAVINGS,Synthetic Sahyadri Bank 5,CUSTOMER
ACC-013868,SAVINGS,Synthetic Sahyadri Bank 4,CUSTOMER
ACC-007552,SAVINGS,Synthetic Sahyadri Bank 4,CUSTOMER
ACC-005739,SAVINGS,Synthetic Sahyadri Bank 5,CUSTOMER
ACC-016621,SAVINGS,Synthetic Sahyadri Bank 5,CUSTOMER
ACC-017560,SAVINGS,Synthetic Sahyadri Bank 3,CUSTOMER
ACC-004804,SAVINGS,Synthetic Sahyadri Bank 4,CUSTOMER
ACC-014016,SAVINGS,Synthetic Sahyadri Bank 1,CUSTOMER
ACC-026054,SAVINGS,Synthetic Sahyadri Bank 6,CUSTOMER
ACC-021059,SAVINGS,Synthetic Sahyadri Bank 2,CUSTOMER
ACC-004392,SAVINGS,Synthetic Sahyadri Bank 3,CUSTOMER
ACC-007864,SAVINGS,Synthetic Sahyadri Bank 4,CUSTOMER
ACC-022915,SAVINGS,Synthetic Sahyadri Bank 2,CUSTOMER
ACC-003743,SAVINGS,Synthetic Sahyadri Bank 4,CUSTOMER
ACC-006680,SAVINGS,Synthetic Sahyadri Bank 3,CUSTOMER
ACC-028962,SAVINGS,Synthetic Sahyadri Bank 1,CUSTOMER
ACC-024895,SAVINGS,Synthetic Sahyadri Bank 1,CUSTOMER
ACC-001466,SAVINGS,Synthetic Sahyadri Bank 2,CUSTOMER
ACC-008829,SAVINGS,Synthetic Sahyadri Bank 5,CUSTOMER
ACC-010580,SAVINGS,Synthetic Sahyadri Bank 2,CUSTOMER
ACC-024603,SAVINGS,Synthetic Sahyadri Bank 6,CUSTOMER
ACC-009231,SAVINGS,Synthetic Sahyadri Bank 2,CUSTOMER
ACC-029130,SAVINGS,Synthetic Sahyadri Bank 4,CUSTOMER
ACC-004526,SAVINGS,Synthetic Sahyadri Bank 1,CUSTOMER
ACC-019699,SAVINGS,Synthetic Sahyadri Bank 3,CUSTOMER
ACC-001285,SAVINGS,Synthetic Sahyadri Bank 6,CUSTOMER
ACC-017605,SAVINGS,Synthetic Sahyadri Bank 5,CUSTOMER
ACC-024337,SAVINGS,Synthetic Sahyadri Bank 5,CUSTOMER
ACC-000861,SAVINGS,Synthetic Sahyadri Bank 3,CUSTOMER
ACC-012835,SAVINGS,Synthetic Sahyadri Bank 4,CUSTOMER
ACC-008473,SAVINGS,Synthetic Sahyadri Bank 4,CUSTOMER
ACC-022975,SAVINGS,Synthetic Sahyadri Bank 5,CUSTOMER
ACC-005650,SAVINGS,Synthetic Sahyadri Bank 5,CUSTOMER
ACC-008607,SAVINGS,Synthetic Sahyadri Bank 2,CUSTOMER
ACC-002773,SAVINGS,Synthetic Sahyadri Bank 4,CUSTOMER
ACC-001247,SAVINGS,Synthetic Sahyadri Bank 3,CUSTOMER
ACC-009105,SAVINGS,Synthetic Sahyadri Bank 1,CUSTOMER
ACC-013620,SAVINGS,Synthetic Sahyadri Bank 1,CUSTOMER
ACC-005973,SAVINGS,Synthetic Sahyadri Bank 4,CUSTOMER
ACC-021657,SAVINGS,Synthetic Sahyadri Bank 5,CUSTOMER
ACC-025721,SAVINGS,Synthetic Sahyadri Bank 3,CUSTOMER
ACC-009638,SAVINGS,Synthetic Sahyadri Bank 1,CUSTOMER
ACC-013499,SAVINGS,Synthetic Sahyadri Bank 5,CUSTOMER
ACC-006101,SAVINGS,Synthetic Sahyadri Bank 1,CUSTOMER
ACC-004377,SAVINGS,Synthetic Sahyadri Bank 6,CUSTOMER
ACC-013729,SAVINGS,Synthetic Sahyadri Bank 3,CUSTOMER
ACC-008159,SAVINGS,Synthetic Sahyadri Bank 4,CUSTOMER
ACC-000161,SAVINGS,Synthetic Sahyadri Bank 5,CUSTOMER
ACC-011601,SAVINGS,Synthetic Sahyadri Bank 4,CUSTOMER
ACC-000213,SAVINGS,Synthetic Sahyadri Bank 5,CUSTOMER
ACC-018237,SAVINGS,Synthetic Sahyadri Bank 3,CUSTOMER
ACC-028493,SAVINGS,Synthetic Sahyadri Bank 6,CUSTOMER
ACC-002938,SAVINGS,Synthetic Sahyadri Bank 4,CUSTOMER
ACC-006335,SAVINGS,Synthetic Sahyadri Bank 5,CUSTOMER
ACC-016859,SAVINGS,Synthetic Sahyadri Bank 5,CUSTOMER
ACC-012661,SAVINGS,Synthetic Sahyadri Bank 6,CUSTOMER
ACC-001535,SAVINGS,Synthetic Sahyadri Bank 2,CUSTOMER
ACC-023748,SAVINGS,Synthetic Sahyadri Bank 5,CUSTOMER
ACC-008512,SAVINGS,Synthetic Sahyadri Bank 3,CUSTOMER
ACC-013189,SAVINGS,Synthetic Sahyadri Bank 3,CUSTOMER
ACC-011212,SAVINGS,Synthetic Sahyadri Bank 2,CUSTOMER
ACC-017569,SAVINGS,Synthetic Sahyadri Bank 5,CUSTOMER
ACC-015095,SAVINGS,Synthetic Sahyadri Bank 4,CUSTOMER
ACC-014396,SAVINGS,Synthetic Sahyadri Bank 4,CUSTOMER
ACC-014891,SAVINGS,Synthetic Sahyadri Bank 2,CUSTOMER
ACC-024735,SAVINGS,Synthetic Sahyadri Bank 1,CUSTOMER
ACC-005949,SAVINGS,Synthetic Sahyadri Bank 4,CUSTOMER
ACC-029307,SAVINGS,Synthetic Sahyadri Bank 4,CUSTOMER
ACC-013474,SAVINGS,Synthetic Sahyadri Bank 6,CUSTOMER
ACC-010875,SAVINGS,Synthetic Sahyadri Bank 3,CUSTOMER
ACC-020014,SAVINGS,Synthetic Sahyadri Bank 3,CUSTOMER
ACC-010770,SAVINGS,Synthetic Sahyadri Bank 6,CUSTOMER
ACC-013162,SAVINGS,Synthetic Sahyadri Bank 4,CUSTOMER
ACC-021904,SAVINGS,Synthetic Sahyadri Bank 1,CUSTOMER
ACC-027689,SAVINGS,Synthetic Sahyadri Bank 6,CUSTOMER
ACC-018044,SAVINGS,Synthetic Sahyadri Bank 3,CUSTOMER
ACC-022577,SAVINGS,Synthetic Sahyadri Bank 2,CUSTOMER
ACC-028030,SAVINGS,Synthetic Sahyadri Bank 3,CUSTOMER
ACC-019942,SAVINGS,Synthetic Sahyadri Bank 4,CUSTOMER
ACC-018430,SAVINGS,Synthetic Sahyadri Bank 5,CUSTOMER
ACC-011555,SAVINGS,Synthetic Sahyadri Bank 3,CUSTOMER
ACC-024520,SAVINGS,Synthetic Sahyadri Bank 5,CUSTOMER
ACC-003071,SAVINGS,Synthetic Sahyadri Bank 3,CUSTOMER
ACC-024060,SAVINGS,Synthetic Sahyadri Bank 5,CUSTOMER
ACC-013708,SAVINGS,Synthetic Sahyadri Bank 2,CUSTOMER
ACC-018013,SAVINGS,Synthetic Sahyadri Bank 4,CUSTOMER
ACC-011225,SAVINGS,Synthetic Sahyadri Bank 2,CUSTOMER
ACC-025103,SAVINGS,Synthetic Sahyadri Bank 1,CUSTOMER
ACC-023949,SAVINGS,Synthetic Sahyadri Bank 6,CUSTOMER
ACC-020215,SAVINGS,Synthetic Sahyadri Bank 6,CUSTOMER
ACC-012282,SAVINGS,Synthetic Sahyadri Bank 5,CUSTOMER
ACC-018784,SAVINGS,Synthetic Sahyadri Bank 3,CUSTOMER
ACC-025896,SAVINGS,Synthetic Sahyadri Bank 4,CUSTOMER
ACC-006432,SAVINGS,Synthetic Sahyadri Bank 4,CUSTOMER
ACC-006791,SAVINGS,Synthetic Sahyadri Bank 3,CUSTOMER
ACC-025300,SAVINGS,Synthetic Sahyadri Bank 3,CUSTOMER
ACC-015137,SAVINGS,Synthetic Sahyadri Bank 4,CUSTOMER
ACC-007788,SAVINGS,Synthetic Sahyadri Bank 1,CUSTOMER
ACC-023625,SAVINGS,Synthetic Sahyadri Bank 4,CUSTOMER
ACC-020061,SAVINGS,Synthetic Sahyadri Bank 3,CUSTOMER
ACC-023860,SAVINGS,Synthetic Sahyadri Bank 1,CUSTOMER
ACC-025080,SAVINGS,Synthetic Sahyadri Bank 2,CUSTOMER
ACC-025787,SAVINGS,Synthetic Sahyadri Bank 2,CUSTOMER
ACC-018853,SAVINGS,Synthetic Sahyadri Bank 5,CUSTOMER
ACC-018570,SAVINGS,Synthetic Sahyadri Bank 5,CUSTOMER
ACC-012036,SAVINGS,Synthetic Sahyadri Bank 6,CUSTOMER
ACC-027154,SAVINGS,Synthetic Sahyadri Bank 4,CUSTOMER
ACC-005621,SAVINGS,Synthetic Sahyadri Bank 4,CUSTOMER
ACC-002284,SAVINGS,Synthetic Sahyadri Bank 3,CUSTOMER
ACC-011769,SAVINGS,Synthetic Sahyadri Bank 6,CUSTOMER
ACC-004664,SAVINGS,Synthetic Sahyadri Bank 5,CUSTOMER
ACC-002749,SAVINGS,Synthetic Sahyadri Bank 4,CUSTOMER
ACC-011497,SAVINGS,Synthetic Sahyadri Bank 3,CUSTOMER
ACC-004927,SAVINGS,Synthetic Sahyadri Bank 6,CUSTOMER
ACC-009374,SAVINGS,Synthetic Sahyadri Bank 5,CUSTOMER
ACC-001894,SAVINGS,Synthetic Sahyadri Bank 6,CUSTOMER
ACC-021860,SAVINGS,Synthetic Sahyadri Bank 6,CUSTOMER
ACC-010196,SAVINGS,Synthetic Sahyadri Bank 3,CUSTOMER
ACC-004880,SAVINGS,Synthetic Sahyadri Bank 2,CUSTOMER
ACC-001521,SAVINGS,Synthetic Sahyadri Bank 3,CUSTOMER
ACC-025706,SAVINGS,Synthetic Sahyadri Bank 2,CUSTOMER
ACC-003024,SAVINGS,Synthetic Sahyadri Bank 5,CUSTOMER
ACC-013949,SAVINGS,Synthetic Sahyadri Bank 5,CUSTOMER
ACC-020445,SAVINGS,Synthetic Sahyadri Bank 3,CUSTOMER
ACC-012845,SAVINGS,Synthetic Sahyadri Bank 3,CUSTOMER
ACC-007048,SAVINGS,Synthetic Sahyadri Bank 3,CUSTOMER
ACC-005989,SAVINGS,Synthetic Sahyadri Bank 1,CUSTOMER
ACC-025749,SAVINGS,Synthetic Sahyadri Bank 6,CUSTOMER
ACC-024200,SAVINGS,Synthetic Sahyadri Bank 6,CUSTOMER
ACC-013687,SAVINGS,Synthetic Sahyadri Bank 3,CUSTOMER
ACC-012838,SAVINGS,Synthetic Sahyadri Bank 5,CUSTOMER
ACC-004946,SAVINGS,Synthetic Sahyadri Bank 2,CUSTOMER
ACC-013177,SAVINGS,Synthetic Sahyadri Bank 4,CUSTOMER
ACC-024592,SAVINGS,Synthetic Sahyadri Bank 1,CUSTOMER
ACC-007088,SAVINGS,Synthetic Sahyadri Bank 5,CUSTOMER
ACC-016835,SAVINGS,Synthetic Sahyadri Bank 4,CUSTOMER
ACC-021613,SAVINGS,Synthetic Sahyadri Bank 2,CUSTOMER
ACC-002858,SAVINGS,Synthetic Sahyadri Bank 3,CUSTOMER
ACC-023377,SAVINGS,Synthetic Sahyadri Bank 5,CUSTOMER
ACC-011105,SAVINGS,Synthetic Sahyadri Bank 6,CUSTOMER
ACC-001783,SAVINGS,Synthetic Sahyadri Bank 6,CUSTOMER
ACC-005639,SAVINGS,Synthetic Sahyadri Bank 5,CUSTOMER
ACC-003252,SAVINGS,Synthetic Sahyadri Bank 6,CUSTOMER
ACC-008425,SAVINGS,Synthetic Sahyadri Bank 3,CUSTOMER
ACC-001472,SAVINGS,Synthetic Sahyadri Bank 6,CUSTOMER
ACC-022826,SAVINGS,Synthetic Sahyadri Bank 6,CUSTOMER
ACC-010400,SAVINGS,Synthetic Sahyadri Bank 1,CUSTOMER
ACC-026751,SAVINGS,Synthetic Sahyadri Bank 2,CUSTOMER
ACC-007964,SAVINGS,Synthetic Sahyadri Bank 2,CUSTOMER
ACC-006018,SAVINGS,Synthetic Sahyadri Bank 2,CUSTOMER
ACC-009330,SAVINGS,Synthetic Sahyadri Bank 2,CUSTOMER
ACC-008215,SAVINGS,Synthetic Sahyadri Bank 3,CUSTOMER
ACC-005340,SAVINGS,Synthetic Sahyadri Bank 2,CUSTOMER
ACC-001964,SAVINGS,Synthetic Sahyadri Bank 6,CUSTOMER
ACC-022802,SAVINGS,Synthetic Sahyadri Bank 5,CUSTOMER
ACC-014436,SAVINGS,Synthetic Sahyadri Bank 2,CUSTOMER
ACC-017483,SAVINGS,Synthetic Sahyadri Bank 3,CUSTOMER
ACC-027512,SAVINGS,Synthetic Sahyadri Bank 2,CUSTOMER
ACC-015061,SAVINGS,Synthetic Sahyadri Bank 4,CUSTOMER
ACC-027242,SAVINGS,Synthetic Sahyadri Bank 2,CUSTOMER
ACC-026558,SAVINGS,Synthetic Sahyadri Bank 2,CUSTOMER
ACC-008134,SAVINGS,Synthetic Sahyadri Bank 6,CUSTOMER
ACC-004986,SAVINGS,Synthetic Sahyadri Bank 6,CUSTOMER
ACC-022012,SAVINGS,Synthetic Sahyadri Bank 5,CUSTOMER
ACC-003787,SAVINGS,Synthetic Sahyadri Bank 6,CUSTOMER
ACC-026292,SAVINGS,Synthetic Sahyadri Bank 1,CUSTOMER
ACC-018948,SAVINGS,Synthetic Sahyadri Bank 2,CUSTOMER
ACC-022554,SAVINGS,Synthetic Sahyadri Bank 2,CUSTOMER
ACC-011412,SAVINGS,Synthetic Sahyadri Bank 4,CUSTOMER
ACC-001637,SAVINGS,Synthetic Sahyadri Bank 6,CUSTOMER
ACC-008635,SAVINGS,Synthetic Sahyadri Bank 4,CUSTOMER
ACC-011661,SAVINGS,Synthetic Sahyadri Bank 1,CUSTOMER
ACC-010279,SAVINGS,Synthetic Sahyadri Bank 1,CUSTOMER
ACC-016743,SAVINGS,Synthetic Sahyadri Bank 6,CUSTOMER
ACC-028690,SAVINGS,Synthetic Sahyadri Bank 4,CUSTOMER
ACC-029464,SAVINGS,Synthetic Sahyadri Bank 6,CUSTOMER
ACC-009579,SAVINGS,Synthetic Sahyadri Bank 5,CUSTOMER
ACC-004404,SAVINGS,Synthetic Sahyadri Bank 3,CUSTOMER
ACC-012971,SAVINGS,Synthetic Sahyadri Bank 5,CUSTOMER
ACC-027565,SAVINGS,Synthetic Sahyadri Bank 6,CUSTOMER
ACC-002071,SAVINGS,Synthetic Sahyadri Bank 3,CUSTOMER
ACC-015732,SAVINGS,Synthetic Sahyadri Bank 1,CUSTOMER
ACC-012584,SAVINGS,Synthetic Sahyadri Bank 2,CUSTOMER
ACC-008420,SAVINGS,Synthetic Sahyadri Bank 6,CUSTOMER
ACC-008867,SAVINGS,Synthetic Sahyadri Bank 3,CUSTOMER
ACC-016816,SAVINGS,Synthetic Sahyadri Bank 6,CUSTOMER
ACC-018617,SAVINGS,Synthetic Sahyadri Bank 4,CUSTOMER
ACC-010945,SAVINGS,Synthetic Sahyadri Bank 6,CUSTOMER
ACC-004415,SAVINGS,Synthetic Sahyadri Bank 4,CUSTOMER
ACC-017188,SAVINGS,Synthetic Sahyadri Bank 6,CUSTOMER
ACC-018533,SAVINGS,Synthetic Sahyadri Bank 5,CUSTOMER
ACC-005158,SAVINGS,Synthetic Sahyadri Bank 3,CUSTOMER
ACC-021628,SAVINGS,Synthetic Sahyadri Bank 1,CUSTOMER
ACC-014216,SAVINGS,Synthetic Sahyadri Bank 4,CUSTOMER
ACC-008465,SAVINGS,Synthetic Sahyadri Bank 6,CUSTOMER
ACC-014250,SAVINGS,Synthetic Sahyadri Bank 4,CUSTOMER
ACC-001557,SAVINGS,Synthetic Sahyadri Bank 1,CUSTOMER
ACC-001855,SAVINGS,Synthetic Sahyadri Bank 4,CUSTOMER
ACC-023172,SAVINGS,Synthetic Sahyadri Bank 3,CUSTOMER
ACC-020048,SAVINGS,Synthetic Sahyadri Bank 6,CUSTOMER
ACC-026429,SAVINGS,Synthetic Sahyadri Bank 2,CUSTOMER
ACC-005447,SAVINGS,Synthetic Sahyadri Bank 6,CUSTOMER
ACC-023167,SAVINGS,Synthetic Sahyadri Bank 1,CUSTOMER
ACC-019764,SAVINGS,Synthetic Sahyadri Bank 5,CUSTOMER
ACC-016149,SAVINGS,Synthetic Sahyadri Bank 6,CUSTOMER
ACC-005354,SAVINGS,Synthetic Sahyadri Bank 6,CUSTOMER
ACC-000198,SAVINGS,Synthetic Sahyadri Bank 6,CUSTOMER
ACC-018596,SAVINGS,Synthetic Sahyadri Bank 3,CUSTOMER
ACC-010324,SAVINGS,Synthetic Sahyadri Bank 1,CUSTOMER
ACC-018781,SAVINGS,Synthetic Sahyadri Bank 5,CUSTOMER
ACC-018298,SAVINGS,Synthetic Sahyadri Bank 2,CUSTOMER
ACC-000806,SAVINGS,Synthetic Sahyadri Bank 4,CUSTOMER
ACC-004668,SAVINGS,Synthetic Sahyadri Bank 4,CUSTOMER
ACC-009083,SAVINGS,Synthetic Sahyadri Bank 2,CUSTOMER
ACC-004612,SAVINGS,Synthetic Sahyadri Bank 3,CUSTOMER
ACC-026785,SAVINGS,Synthetic Sahyadri Bank 4,CUSTOMER
ACC-012792,SAVINGS,Synthetic Sahyadri Bank 3,CUSTOMER
ACC-013215,SAVINGS,Synthetic Sahyadri Bank 1,CUSTOMER
ACC-007538,SAVINGS,Synthetic Sahyadri Bank 2,CUSTOMER
ACC-026857,SAVINGS,Synthetic Sahyadri Bank 1,CUSTOMER
ACC-026734,SAVINGS,Synthetic Sahyadri Bank 3,CUSTOMER
ACC-010257,SAVINGS,Synthetic Sahyadri Bank 4,CUSTOMER
ACC-015076,SAVINGS,Synthetic Sahyadri Bank 5,CUSTOMER
ACC-012490,SAVINGS,Synthetic Sahyadri Bank 5,CUSTOMER
ACC-007132,SAVINGS,Synthetic Sahyadri Bank 6,CUSTOMER
ACC-009612,SAVINGS,Synthetic Sahyadri Bank 5,CUSTOMER
ACC-020556,SAVINGS,Synthetic Sahyadri Bank 5,CUSTOMER
ACC-023936,SAVINGS,Synthetic Sahyadri Bank 4,CUSTOMER
ACC-019354,SAVINGS,Synthetic Sahyadri Bank 3,CUSTOMER
ACC-006061,SAVINGS,Synthetic Sahyadri Bank 1,CUSTOMER
ACC-015347,SAVINGS,Synthetic Sahyadri Bank 5,CUSTOMER
ACC-021672,SAVINGS,Synthetic Sahyadri Bank 5,CUSTOMER
ACC-019781,SAVINGS,Synthetic Sahyadri Bank 5,CUSTOMER
ACC-001760,SAVINGS,Synthetic Sahyadri Bank 6,CUSTOMER
ACC-003942,SAVINGS,Synthetic Sahyadri Bank 4,CUSTOMER
ACC-005910,SAVINGS,Synthetic Sahyadri Bank 1,CUSTOMER
ACC-020302,SAVINGS,Synthetic Sahyadri Bank 4,CUSTOMER
ACC-029551,SAVINGS,Synthetic Sahyadri Bank 2,CUSTOMER
ACC-001923,SAVINGS,Synthetic Sahyadri Bank 5,CUSTOMER
ACC-023749,SAVINGS,Synthetic Sahyadri Bank 6,CUSTOMER
ACC-007654,SAVINGS,Synthetic Sahyadri Bank 6,CUSTOMER
ACC-018677,SAVINGS,Synthetic Sahyadri Bank 3,CUSTOMER
ACC-008577,SAVINGS,Synthetic Sahyadri Bank 6,CUSTOMER
ACC-003790,SAVINGS,Synthetic Sahyadri Bank 1,CUSTOMER
ACC-025029,SAVINGS,Synthetic Sahyadri Bank 5,CUSTOMER
ACC-029580,SAVINGS,Synthetic Sahyadri Bank 4,CUSTOMER
ACC-019155,SAVINGS,Synthetic Sahyadri Bank 3,CUSTOMER
ACC-023642,SAVINGS,Synthetic Sahyadri Bank 3,CUSTOMER
ACC-009150,SAVINGS,Synthetic Sahyadri Bank 1,CUSTOMER
ACC-011337,SAVINGS,Synthetic Sahyadri Bank 5,CUSTOMER
ACC-027244,SAVINGS,Synthetic Sahyadri Bank 3,CUSTOMER
ACC-001409,SAVINGS,Synthetic Sahyadri Bank 2,CUSTOMER
ACC-029865,SAVINGS,Synthetic Sahyadri Bank 2,CUSTOMER
ACC-009586,SAVINGS,Synthetic Sahyadri Bank 2,CUSTOMER
ACC-012556,SAVINGS,Synthetic Sahyadri Bank 6,CUSTOMER
ACC-028542,SAVINGS,Synthetic Sahyadri Bank 2,CUSTOMER
ACC-022697,SAVINGS,Synthetic Sahyadri Bank 1,CUSTOMER
ACC-024421,SAVINGS,Synthetic Sahyadri Bank 4,CUSTOMER
ACC-015181,SAVINGS,Synthetic Sahyadri Bank 1,CUSTOMER
ACC-022633,SAVINGS,Synthetic Sahyadri Bank 6,CUSTOMER
ACC-012728,SAVINGS,Synthetic Sahyadri Bank 2,CUSTOMER
ACC-017269,SAVINGS,Synthetic Sahyadri Bank 6,CUSTOMER
ACC-012160,SAVINGS,Synthetic Sahyadri Bank 6,CUSTOMER
ACC-014709,SAVINGS,Synthetic Sahyadri Bank 5,CUSTOMER
ACC-024224,SAVINGS,Synthetic Sahyadri Bank 6,CUSTOMER
ACC-002585,SAVINGS,Synthetic Sahyadri Bank 6,CUSTOMER
ACC-003293,SAVINGS,Synthetic Sahyadri Bank 6,CUSTOMER
ACC-005095,SAVINGS,Synthetic Sahyadri Bank 2,CUSTOMER
ACC-022413,SAVINGS,Synthetic Sahyadri Bank 3,CUSTOMER
ACC-027269,SAVINGS,Synthetic Sahyadri Bank 5,CUSTOMER
ACC-023249,SAVINGS,Synthetic Sahyadri Bank 1,CUSTOMER
ACC-017344,SAVINGS,Synthetic Sahyadri Bank 3,CUSTOMER
ACC-002936,SAVINGS,Synthetic Sahyadri Bank 5,CUSTOMER
ACC-014949,SAVINGS,Synthetic Sahyadri Bank 1,CUSTOMER
ACC-023054,SAVINGS,Synthetic Sahyadri Bank 6,CUSTOMER
ACC-008535,SAVINGS,Synthetic Sahyadri Bank 5,CUSTOMER
ACC-001643,SAVINGS,Synthetic Sahyadri Bank 1,CUSTOMER
ACC-002415,SAVINGS,Synthetic Sahyadri Bank 1,CUSTOMER
ACC-013805,SAVINGS,Synthetic Sahyadri Bank 3,CUSTOMER
ACC-010514,SAVINGS,Synthetic Sahyadri Bank 4,CUSTOMER
ACC-022613,SAVINGS,Synthetic Sahyadri Bank 1,CUSTOMER
ACC-020949,SAVINGS,Synthetic Sahyadri Bank 6,CUSTOMER
ACC-027874,SAVINGS,Synthetic Sahyadri Bank 6,CUSTOMER
ACC-018984,SAVINGS,Synthetic Sahyadri Bank 6,CUSTOMER
ACC-022445,SAVINGS,Synthetic Sahyadri Bank 3,CUSTOMER
ACC-027297,SAVINGS,Synthetic Sahyadri Bank 2,CUSTOMER
ACC-007385,SAVINGS,Synthetic Sahyadri Bank 3,CUSTOMER
ACC-002461,SAVINGS,Synthetic Sahyadri Bank 2,CUSTOMER
ACC-025543,SAVINGS,Synthetic Sahyadri Bank 4,CUSTOMER
ACC-006386,SAVINGS,Synthetic Sahyadri Bank 5,CUSTOMER
ACC-023919,SAVINGS,Synthetic Sahyadri Bank 6,CUSTOMER
ACC-008519,SAVINGS,Synthetic Sahyadri Bank 6,CUSTOMER
ACC-013123,SAVINGS,Synthetic Sahyadri Bank 6,CUSTOMER
ACC-012978,SAVINGS,Synthetic Sahyadri Bank 1,CUSTOMER
ACC-009675,SAVINGS,Synthetic Sahyadri Bank 2,CUSTOMER
ACC-021357,SAVINGS,Synthetic Sahyadri Bank 2,CUSTOMER
ACC-006829,SAVINGS,Synthetic Sahyadri Bank 5,CUSTOMER
ACC-023068,SAVINGS,Synthetic Sahyadri Bank 1,CUSTOMER
ACC-000704,SAVINGS,Synthetic Sahyadri Bank 4,CUSTOMER
ACC-010531,SAVINGS,Synthetic Sahyadri Bank 2,CUSTOMER
ACC-018153,SAVINGS,Synthetic Sahyadri Bank 3,CUSTOMER
ACC-007155,SAVINGS,Synthetic Sahyadri Bank 4,CUSTOMER
ACC-023263,SAVINGS,Synthetic Sahyadri Bank 2,CUSTOMER
ACC-011837,SAVINGS,Synthetic Sahyadri Bank 2,CUSTOMER
ACC-007919,SAVINGS,Synthetic Sahyadri Bank 5,CUSTOMER
ACC-003673,SAVINGS,Synthetic Sahyadri Bank 3,CUSTOMER
ACC-023683,SAVINGS,Synthetic Sahyadri Bank 6,CUSTOMER
ACC-014066,SAVINGS,Synthetic Sahyadri Bank 5,CUSTOMER
ACC-008364,SAVINGS,Synthetic Sahyadri Bank 1,CUSTOMER
ACC-003882,SAVINGS,Synthetic Sahyadri Bank 1,CUSTOMER
ACC-009059,SAVINGS,Synthetic Sahyadri Bank 6,CUSTOMER
ACC-009151,SAVINGS,Synthetic Sahyadri Bank 3,CUSTOMER
ACC-025505,SAVINGS,Synthetic Sahyadri Bank 6,CUSTOMER
ACC-016355,SAVINGS,Synthetic Sahyadri Bank 4,CUSTOMER
ACC-000445,SAVINGS,Synthetic Sahyadri Bank 4,CUSTOMER
ACC-023590,SAVINGS,Synthetic Sahyadri Bank 3,CUSTOMER
ACC-017812,SAVINGS,Synthetic Sahyadri Bank 3,CUSTOMER
ACC-017145,SAVINGS,Synthetic Sahyadri Bank 1,CUSTOMER
ACC-016809,SAVINGS,Synthetic Sahyadri Bank 3,CUSTOMER
ACC-024363,SAVINGS,Synthetic Sahyadri Bank 3,CUSTOMER
ACC-019101,SAVINGS,Synthetic Sahyadri Bank 6,CUSTOMER
ACC-019239,SAVINGS,Synthetic Sahyadri Bank 1,CUSTOMER
ACC-007243,SAVINGS,Synthetic Sahyadri Bank 3,CUSTOMER
ACC-003507,SAVINGS,Synthetic Sahyadri Bank 5,CUSTOMER
ACC-028622,SAVINGS,Synthetic Sahyadri Bank 2,CUSTOMER
ACC-011762,SAVINGS,Synthetic Sahyadri Bank 5,CUSTOMER
ACC-025955,SAVINGS,Synthetic Sahyadri Bank 1,CUSTOMER
ACC-011568,SAVINGS,Synthetic Sahyadri Bank 5,CUSTOMER
ACC-006376,SAVINGS,Synthetic Sahyadri Bank 5,CUSTOMER
ACC-001920,SAVINGS,Synthetic Sahyadri Bank 2,CUSTOMER
ACC-015452,SAVINGS,Synthetic Sahyadri Bank 6,CUSTOMER
ACC-027172,SAVINGS,Synthetic Sahyadri Bank 6,CUSTOMER
ACC-019709,SAVINGS,Synthetic Sahyadri Bank 6,CUSTOMER
ACC-003652,SAVINGS,Synthetic Sahyadri Bank 1,CUSTOMER
ACC-010356,SAVINGS,Synthetic Sahyadri Bank 2,CUSTOMER
ACC-006059,SAVINGS,Synthetic Sahyadri Bank 6,CUSTOMER
ACC-024683,SAVINGS,Synthetic Sahyadri Bank 5,CUSTOMER
ACC-006427,SAVINGS,Synthetic Sahyadri Bank 3,CUSTOMER
ACC-022756,SAVINGS,Synthetic Sahyadri Bank 3,CUSTOMER
ACC-005793,SAVINGS,Synthetic Sahyadri Bank 3,CUSTOMER
ACC-006676,SAVINGS,Synthetic Sahyadri Bank 6,CUSTOMER
ACC-012705,SAVINGS,Synthetic Sahyadri Bank 6,CUSTOMER
ACC-022277,SAVINGS,Synthetic Sahyadri Bank 3,CUSTOMER
ACC-020655,SAVINGS,Synthetic Sahyadri Bank 2,CUSTOMER
ACC-008106,SAVINGS,Synthetic Sahyadri Bank 1,CUSTOMER
ACC-011927,SAVINGS,Synthetic Sahyadri Bank 6,CUSTOMER
ACC-019569,SAVINGS,Synthetic Sahyadri Bank 5,CUSTOMER
ACC-003312,SAVINGS,Synthetic Sahyadri Bank 1,CUSTOMER
ACC-015856,SAVINGS,Synthetic Sahyadri Bank 5,CUSTOMER
ACC-013738,SAVINGS,Synthetic Sahyadri Bank 1,CUSTOMER
ACC-009953,SAVINGS,Synthetic Sahyadri Bank 6,CUSTOMER
ACC-014757,SAVINGS,Synthetic Sahyadri Bank 1,CUSTOMER
ACC-023416,SAVINGS,Synthetic Sahyadri Bank 5,CUSTOMER
ACC-016823,SAVINGS,Synthetic Sahyadri Bank 2,CUSTOMER
ACC-022299,SAVINGS,Synthetic Sahyadri Bank 1,CUSTOMER
ACC-011358,SAVINGS,Synthetic Sahyadri Bank 2,CUSTOMER
ACC-014041,SAVINGS,Synthetic Sahyadri Bank 3,CUSTOMER
ACC-026030,SAVINGS,Synthetic Sahyadri Bank 3,CUSTOMER
ACC-002592,SAVINGS,Synthetic Sahyadri Bank 6,CUSTOMER
ACC-021137,SAVINGS,Synthetic Sahyadri Bank 3,CUSTOMER
ACC-007912,SAVINGS,Synthetic Sahyadri Bank 5,CUSTOMER
ACC-022810,SAVINGS,Synthetic Sahyadri Bank 2,CUSTOMER
ACC-004282,SAVINGS,Synthetic Sahyadri Bank 1,CUSTOMER
ACC-020037,SAVINGS,Synthetic Sahyadri Bank 6,CUSTOMER
ACC-023974,SAVINGS,Synthetic Sahyadri Bank 3,CUSTOMER
ACC-018196,SAVINGS,Synthetic Sahyadri Bank 5,CUSTOMER
ACC-000012,SAVINGS,Synthetic Sahyadri Bank 6,CUSTOMER
ACC-024543,SAVINGS,Synthetic Sahyadri Bank 2,CUSTOMER
ACC-028187,SAVINGS,Synthetic Sahyadri Bank 2,CUSTOMER
ACC-013833,SAVINGS,Synthetic Sahyadri Bank 4,CUSTOMER
ACC-004715,SAVINGS,Synthetic Sahyadri Bank 4,CUSTOMER
ACC-003563,SAVINGS,Synthetic Sahyadri Bank 5,CUSTOMER
ACC-029252,SAVINGS,Synthetic Sahyadri Bank 6,CUSTOMER
ACC-027924,SAVINGS,Synthetic Sahyadri Bank 1,CUSTOMER
ACC-025293,SAVINGS,Synthetic Sahyadri Bank 5,CUSTOMER
ACC-003685,SAVINGS,Synthetic Sahyadri Bank 1,CUSTOMER
ACC-007040,SAVINGS,Synthetic Sahyadri Bank 3,CUSTOMER
ACC-020774,SAVINGS,Synthetic Sahyadri Bank 2,CUSTOMER
ACC-014247,SAVINGS,Synthetic Sahyadri Bank 1,CUSTOMER
ACC-010137,SAVINGS,Synthetic Sahyadri Bank 1,CUSTOMER
ACC-028180,SAVINGS,Synthetic Sahyadri Bank 6,CUSTOMER
ACC-021955,SAVINGS,Synthetic Sahyadri Bank 2,CUSTOMER
ACC-020493,SAVINGS,Synthetic Sahyadri Bank 5,CUSTOMER
ACC-014722,SAVINGS,Synthetic Sahyadri Bank 5,CUSTOMER
ACC-022823,SAVINGS,Synthetic Sahyadri Bank 3,CUSTOMER
ACC-002540,SAVINGS,Synthetic Sahyadri Bank 5,CUSTOMER
ACC-023634,SAVINGS,Synthetic Sahyadri Bank 5,CUSTOMER
ACC-022562,SAVINGS,Synthetic Sahyadri Bank 1,CUSTOMER
ACC-001030,SAVINGS,Synthetic Sahyadri Bank 2,CUSTOMER
ACC-028362,SAVINGS,Synthetic Sahyadri Bank 3,CUSTOMER
ACC-026979,SAVINGS,Synthetic Sahyadri Bank 5,CUSTOMER
ACC-021010,SAVINGS,Synthetic Sahyadri Bank 4,CUSTOMER
ACC-029335,SAVINGS,Synthetic Sahyadri Bank 4,CUSTOMER
ACC-026860,SAVINGS,Synthetic Sahyadri Bank 2,CUSTOMER
ACC-022088,SAVINGS,Synthetic Sahyadri Bank 1,CUSTOMER
ACC-012364,SAVINGS,Synthetic Sahyadri Bank 4,CUSTOMER
ACC-001134,SAVINGS,Synthetic Sahyadri Bank 1,CUSTOMER
ACC-026365,SAVINGS,Synthetic Sahyadri Bank 5,CUSTOMER
ACC-003907,SAVINGS,Synthetic Sahyadri Bank 5,CUSTOMER
ACC-021566,SAVINGS,Synthetic Sahyadri Bank 3,CUSTOMER
ACC-001915,SAVINGS,Synthetic Sahyadri Bank 4,CUSTOMER
ACC-011658,SAVINGS,Synthetic Sahyadri Bank 3,CUSTOMER
ACC-008306,SAVINGS,Synthetic Sahyadri Bank 5,CUSTOMER
ACC-026589,SAVINGS,Synthetic Sahyadri Bank 3,CUSTOMER
ACC-014056,SAVINGS,Synthetic Sahyadri Bank 6,CUSTOMER
ACC-023507,SAVINGS,Synthetic Sahyadri Bank 2,CUSTOMER
ACC-000500,SAVINGS,Synthetic Sahyadri Bank 6,CUSTOMER
ACC-027349,SAVINGS,Synthetic Sahyadri Bank 2,CUSTOMER
ACC-026387,SAVINGS,Synthetic Sahyadri Bank 3,CUSTOMER
ACC-003903,SAVINGS,Synthetic Sahyadri Bank 5,CUSTOMER
ACC-021722,SAVINGS,Synthetic Sahyadri Bank 3,CUSTOMER
ACC-014674,SAVINGS,Synthetic Sahyadri Bank 4,CUSTOMER
ACC-005057,SAVINGS,Synthetic Sahyadri Bank 4,CUSTOMER
ACC-025511,SAVINGS,Synthetic Sahyadri Bank 1,CUSTOMER
ACC-010127,SAVINGS,Synthetic Sahyadri Bank 2,CUSTOMER
ACC-006179,SAVINGS,Synthetic Sahyadri Bank 5,CUSTOMER
ACC-010835,SAVINGS,Synthetic Sahyadri Bank 4,CUSTOMER
ACC-013115,SAVINGS,Synthetic Sahyadri Bank 5,CUSTOMER
ACC-029477,SAVINGS,Synthetic Sahyadri Bank 4,CUSTOMER
ACC-002170,SAVINGS,Synthetic Sahyadri Bank 3,CUSTOMER
ACC-011463,SAVINGS,Synthetic Sahyadri Bank 6,CUSTOMER
ACC-005165,SAVINGS,Synthetic Sahyadri Bank 2,CUSTOMER
ACC-029992,SAVINGS,Synthetic Sahyadri Bank 3,CUSTOMER
ACC-022003,SAVINGS,Synthetic Sahyadri Bank 2,CUSTOMER
ACC-021388,SAVINGS,Synthetic Sahyadri Bank 4,CUSTOMER
ACC-026334,SAVINGS,Synthetic Sahyadri Bank 4,CUSTOMER
ACC-006083,SAVINGS,Synthetic Sahyadri Bank 1,CUSTOMER
ACC-003005,SAVINGS,Synthetic Sahyadri Bank 1,CUSTOMER
ACC-011773,SAVINGS,Synthetic Sahyadri Bank 5,CUSTOMER
ACC-005024,SAVINGS,Synthetic Sahyadri Bank 3,CUSTOMER
ACC-003524,SAVINGS,Synthetic Sahyadri Bank 2,CUSTOMER
ACC-010843,SAVINGS,Synthetic Sahyadri Bank 3,CUSTOMER
ACC-019530,SAVINGS,Synthetic Sahyadri Bank 2,CUSTOMER
ACC-011795,SAVINGS,Synthetic Sahyadri Bank 5,CUSTOMER
ACC-018204,SAVINGS,Synthetic Sahyadri Bank 3,CUSTOMER
ACC-016820,SAVINGS,Synthetic Sahyadri Bank 4,CUSTOMER
ACC-015218,SAVINGS,Synthetic Sahyadri Bank 2,CUSTOMER
ACC-014931,SAVINGS,Synthetic Sahyadri Bank 4,CUSTOMER
ACC-024208,SAVINGS,Synthetic Sahyadri Bank 1,CUSTOMER
ACC-009834,SAVINGS,Synthetic Sahyadri Bank 6,CUSTOMER
ACC-025427,SAVINGS,Synthetic Sahyadri Bank 2,CUSTOMER
ACC-016742,SAVINGS,Synthetic Sahyadri Bank 4,CUSTOMER
ACC-027406,SAVINGS,Synthetic Sahyadri Bank 5,CUSTOMER
ACC-028796,SAVINGS,Synthetic Sahyadri Bank 3,CUSTOMER
ACC-007515,SAVINGS,Synthetic Sahyadri Bank 4,CUSTOMER
ACC-004646,SAVINGS,Synthetic Sahyadri Bank 4,CUSTOMER
ACC-009781,SAVINGS,Synthetic Sahyadri Bank 4,CUSTOMER
ACC-003064,SAVINGS,Synthetic Sahyadri Bank 4,CUSTOMER
ACC-014959,SAVINGS,Synthetic Sahyadri Bank 3,CUSTOMER
ACC-006306,SAVINGS,Synthetic Sahyadri Bank 5,CUSTOMER
ACC-001632,SAVINGS,Synthetic Sahyadri Bank 2,CUSTOMER
ACC-024852,SAVINGS,Synthetic Sahyadri Bank 4,CUSTOMER
ACC-015716,SAVINGS,Synthetic Sahyadri Bank 6,CUSTOMER
ACC-006828,SAVINGS,Synthetic Sahyadri Bank 1,CUSTOMER
ACC-023477,SAVINGS,Synthetic Sahyadri Bank 1,CUSTOMER
ACC-021347,SAVINGS,Synthetic Sahyadri Bank 2,CUSTOMER
ACC-000626,SAVINGS,Synthetic Sahyadri Bank 1,CUSTOMER
ACC-021950,SAVINGS,Synthetic Sahyadri Bank 6,CUSTOMER
ACC-013102,SAVINGS,Synthetic Sahyadri Bank 6,CUSTOMER
ACC-013277,SAVINGS,Synthetic Sahyadri Bank 6,CUSTOMER
ACC-029723,SAVINGS,Synthetic Sahyadri Bank 4,CUSTOMER
ACC-022472,SAVINGS,Synthetic Sahyadri Bank 1,CUSTOMER
ACC-000275,SAVINGS,Synthetic Sahyadri Bank 5,CUSTOMER
ACC-012352,SAVINGS,Synthetic Sahyadri Bank 4,CUSTOMER
ACC-020583,SAVINGS,Synthetic Sahyadri Bank 1,CUSTOMER
ACC-008316,SAVINGS,Synthetic Sahyadri Bank 5,CUSTOMER
ACC-015766,SAVINGS,Synthetic Sahyadri Bank 6,CUSTOMER
ACC-018182,SAVINGS,Synthetic Sahyadri Bank 6,CUSTOMER
ACC-028220,SAVINGS,Synthetic Sahyadri Bank 2,CUSTOMER
ACC-026985,SAVINGS,Synthetic Sahyadri Bank 2,CUSTOMER
ACC-010437,SAVINGS,Synthetic Sahyadri Bank 1,CUSTOMER
ACC-018652,SAVINGS,Synthetic Sahyadri Bank 6,CUSTOMER
ACC-001662,SAVINGS,Synthetic Sahyadri Bank 1,CUSTOMER
ACC-018147,SAVINGS,Synthetic Sahyadri Bank 6,CUSTOMER
ACC-011050,SAVINGS,Synthetic Sahyadri Bank 3,CUSTOMER
ACC-013139,SAVINGS,Synthetic Sahyadri Bank 6,CUSTOMER
ACC-007918,SAVINGS,Synthetic Sahyadri Bank 1,CUSTOMER
ACC-029579,SAVINGS,Synthetic Sahyadri Bank 1,CUSTOMER
ACC-005971,SAVINGS,Synthetic Sahyadri Bank 2,CUSTOMER
ACC-000250,SAVINGS,Synthetic Sahyadri Bank 3,CUSTOMER
ACC-006315,SAVINGS,Synthetic Sahyadri Bank 1,CUSTOMER
ACC-014355,SAVINGS,Synthetic Sahyadri Bank 3,CUSTOMER
ACC-027632,SAVINGS,Synthetic Sahyadri Bank 1,CUSTOMER
ACC-002454,SAVINGS,Synthetic Sahyadri Bank 6,CUSTOMER
ACC-013306,SAVINGS,Synthetic Sahyadri Bank 6,CUSTOMER
ACC-006531,SAVINGS,Synthetic Sahyadri Bank 3,CUSTOMER
ACC-017735,SAVINGS,Synthetic Sahyadri Bank 2,CUSTOMER
ACC-022901,SAVINGS,Synthetic Sahyadri Bank 4,CUSTOMER
ACC-018002,SAVINGS,Synthetic Sahyadri Bank 1,CUSTOMER
ACC-020739,SAVINGS,Synthetic Sahyadri Bank 3,CUSTOMER
ACC-027706,SAVINGS,Synthetic Sahyadri Bank 4,CUSTOMER
ACC-016669,SAVINGS,Synthetic Sahyadri Bank 3,CUSTOMER
ACC-004629,SAVINGS,Synthetic Sahyadri Bank 5,CUSTOMER
ACC-001633,SAVINGS,Synthetic Sahyadri Bank 3,CUSTOMER
ACC-005735,SAVINGS,Synthetic Sahyadri Bank 1,CUSTOMER
ACC-025654,SAVINGS,Synthetic Sahyadri Bank 6,CUSTOMER
ACC-021676,SAVINGS,Synthetic Sahyadri Bank 6,CUSTOMER
ACC-003737,SAVINGS,Synthetic Sahyadri Bank 4,CUSTOMER
ACC-013837,SAVINGS,Synthetic Sahyadri Bank 3,CUSTOMER
ACC-001584,SAVINGS,Synthetic Sahyadri Bank 2,CUSTOMER
ACC-009615,SAVINGS,Synthetic Sahyadri Bank 3,CUSTOMER
ACC-019344,SAVINGS,Synthetic Sahyadri Bank 3,CUSTOMER
ACC-022779,SAVINGS,Synthetic Sahyadri Bank 6,CUSTOMER
ACC-029120,SAVINGS,Synthetic Sahyadri Bank 4,CUSTOMER
ACC-017427,SAVINGS,Synthetic Sahyadri Bank 3,CUSTOMER
ACC-016391,SAVINGS,Synthetic Sahyadri Bank 5,CUSTOMER
ACC-011863,SAVINGS,Synthetic Sahyadri Bank 2,CUSTOMER
ACC-025906,SAVINGS,Synthetic Sahyadri Bank 4,CUSTOMER
ACC-010825,SAVINGS,Synthetic Sahyadri Bank 2,CUSTOMER
ACC-017450,SAVINGS,Synthetic Sahyadri Bank 4,CUSTOMER
ACC-003443,SAVINGS,Synthetic Sahyadri Bank 6,CUSTOMER
ACC-016201,SAVINGS,Synthetic Sahyadri Bank 4,CUSTOMER
ACC-010245,SAVINGS,Synthetic Sahyadri Bank 3,CUSTOMER
ACC-028333,SAVINGS,Synthetic Sahyadri Bank 5,CUSTOMER
ACC-028471,SAVINGS,Synthetic Sahyadri Bank 5,CUSTOMER
ACC-024924,SAVINGS,Synthetic Sahyadri Bank 6,CUSTOMER
ACC-015607,SAVINGS,Synthetic Sahyadri Bank 3,CUSTOMER
ACC-005328,SAVINGS,Synthetic Sahyadri Bank 4,CUSTOMER
ACC-012367,SAVINGS,Synthetic Sahyadri Bank 4,CUSTOMER
ACC-021338,SAVINGS,Synthetic Sahyadri Bank 4,CUSTOMER
ACC-005734,SAVINGS,Synthetic Sahyadri Bank 2,CUSTOMER
ACC-026696,SAVINGS,Synthetic Sahyadri Bank 5,CUSTOMER
ACC-025507,SAVINGS,Synthetic Sahyadri Bank 3,CUSTOMER
ACC-017713,SAVINGS,Synthetic Sahyadri Bank 5,CUSTOMER
ACC-024675,SAVINGS,Synthetic Sahyadri Bank 6,CUSTOMER
ACC-009347,SAVINGS,Synthetic Sahyadri Bank 4,CUSTOMER
ACC-028855,SAVINGS,Synthetic Sahyadri Bank 1,CUSTOMER
ACC-011058,SAVINGS,Synthetic Sahyadri Bank 4,CUSTOMER
ACC-019446,SAVINGS,Synthetic Sahyadri Bank 6,CUSTOMER
ACC-023435,SAVINGS,Synthetic Sahyadri Bank 3,CUSTOMER
ACC-001553,SAVINGS,Synthetic Sahyadri Bank 5,CUSTOMER
ACC-017866,SAVINGS,Synthetic Sahyadri Bank 6,CUSTOMER
ACC-001234,SAVINGS,Synthetic Sahyadri Bank 4,CUSTOMER
ACC-018719,SAVINGS,Synthetic Sahyadri Bank 3,CUSTOMER
ACC-001361,SAVINGS,Synthetic Sahyadri Bank 6,CUSTOMER
ACC-024158,SAVINGS,Synthetic Sahyadri Bank 2,CUSTOMER
ACC-025666,SAVINGS,Synthetic Sahyadri Bank 4,CUSTOMER
ACC-011109,SAVINGS,Synthetic Sahyadri Bank 4,CUSTOMER
ACC-007422,SAVINGS,Synthetic Sahyadri Bank 1,CUSTOMER
ACC-018648,SAVINGS,Synthetic Sahyadri Bank 2,CUSTOMER
ACC-012805,SAVINGS,Synthetic Sahyadri Bank 1,CUSTOMER
ACC-013835,SAVINGS,Synthetic Sahyadri Bank 3,CUSTOMER
ACC-019256,SAVINGS,Synthetic Sahyadri Bank 2,CUSTOMER
ACC-002923,SAVINGS,Synthetic Sahyadri Bank 3,CUSTOMER
ACC-002978,SAVINGS,Synthetic Sahyadri Bank 6,CUSTOMER
ACC-026197,SAVINGS,Synthetic Sahyadri Bank 5,CUSTOMER
ACC-027884,SAVINGS,Synthetic Sahyadri Bank 1,CUSTOMER
ACC-021218,SAVINGS,Synthetic Sahyadri Bank 1,CUSTOMER
ACC-012339,SAVINGS,Synthetic Sahyadri Bank 4,CUSTOMER
ACC-018199,SAVINGS,Synthetic Sahyadri Bank 3,CUSTOMER
ACC-020491,SAVINGS,Synthetic Sahyadri Bank 3,CUSTOMER
ACC-014307,SAVINGS,Synthetic Sahyadri Bank 6,CUSTOMER
ACC-011159,SAVINGS,Synthetic Sahyadri Bank 1,CUSTOMER
ACC-000878,SAVINGS,Synthetic Sahyadri Bank 5,CUSTOMER
ACC-000471,SAVINGS,Synthetic Sahyadri Bank 3,CUSTOMER
ACC-001145,SAVINGS,Synthetic Sahyadri Bank 2,CUSTOMER
ACC-005861,SAVINGS,Synthetic Sahyadri Bank 6,CUSTOMER
ACC-014284,SAVINGS,Synthetic Sahyadri Bank 1,CUSTOMER
ACC-012568,SAVINGS,Synthetic Sahyadri Bank 2,CUSTOMER
ACC-022761,SAVINGS,Synthetic Sahyadri Bank 3,CUSTOMER
ACC-015921,SAVINGS,Synthetic Sahyadri Bank 2,CUSTOMER
ACC-015679,SAVINGS,Synthetic Sahyadri Bank 3,CUSTOMER
ACC-017756,SAVINGS,Synthetic Sahyadri Bank 1,CUSTOMER
ACC-023671,SAVINGS,Synthetic Sahyadri Bank 5,CUSTOMER
ACC-005839,SAVINGS,Synthetic Sahyadri Bank 1,CUSTOMER
ACC-022818,SAVINGS,Synthetic Sahyadri Bank 4,CUSTOMER
ACC-006686,SAVINGS,Synthetic Sahyadri Bank 4,CUSTOMER
ACC-023649,SAVINGS,Synthetic Sahyadri Bank 3,CUSTOMER
ACC-001107,SAVINGS,Synthetic Sahyadri Bank 2,CUSTOMER
ACC-011347,SAVINGS,Synthetic Sahyadri Bank 1,CUSTOMER
ACC-027408,SAVINGS,Synthetic Sahyadri Bank 5,CUSTOMER
ACC-016098,SAVINGS,Synthetic Sahyadri Bank 5,CUSTOMER
ACC-006146,SAVINGS,Synthetic Sahyadri Bank 1,CUSTOMER
ACC-027909,SAVINGS,Synthetic Sahyadri Bank 4,CUSTOMER
ACC-027515,SAVINGS,Synthetic Sahyadri Bank 4,CUSTOMER
ACC-011918,SAVINGS,Synthetic Sahyadri Bank 4,CUSTOMER
ACC-029990,SAVINGS,Synthetic Sahyadri Bank 5,CUSTOMER
ACC-028680,SAVINGS,Synthetic Sahyadri Bank 5,CUSTOMER
ACC-003627,SAVINGS,Synthetic Sahyadri Bank 2,CUSTOMER
ACC-007341,SAVINGS,Synthetic Sahyadri Bank 5,CUSTOMER
ACC-026501,SAVINGS,Synthetic Sahyadri Bank 1,CUSTOMER
ACC-020013,SAVINGS,Synthetic Sahyadri Bank 3,CUSTOMER
ACC-008872,SAVINGS,Synthetic Sahyadri Bank 3,CUSTOMER
ACC-021030,SAVINGS,Synthetic Sahyadri Bank 4,CUSTOMER
ACC-012796,SAVINGS,Synthetic Sahyadri Bank 2,CUSTOMER
ACC-022123,SAVINGS,Synthetic Sahyadri Bank 1,CUSTOMER
ACC-009603,SAVINGS,Synthetic Sahyadri Bank 5,CUSTOMER
ACC-023421,SAVINGS,Synthetic Sahyadri Bank 3,CUSTOMER
ACC-006350,SAVINGS,Synthetic Sahyadri Bank 3,CUSTOMER
ACC-006731,SAVINGS,Synthetic Sahyadri Bank 2,CUSTOMER
ACC-016112,SAVINGS,Synthetic Sahyadri Bank 4,CUSTOMER
ACC-022468,SAVINGS,Synthetic Sahyadri Bank 1,CUSTOMER
ACC-024311,SAVINGS,Synthetic Sahyadri Bank 6,CUSTOMER
ACC-019291,SAVINGS,Synthetic Sahyadri Bank 2,CUSTOMER
ACC-001288,SAVINGS,Synthetic Sahyadri Bank 6,CUSTOMER
ACC-018766,SAVINGS,Synthetic Sahyadri Bank 5,CUSTOMER
ACC-020110,SAVINGS,Synthetic Sahyadri Bank 5,CUSTOMER
ACC-017123,SAVINGS,Synthetic Sahyadri Bank 5,CUSTOMER
ACC-006372,SAVINGS,Synthetic Sahyadri Bank 1,CUSTOMER
ACC-027839,SAVINGS,Synthetic Sahyadri Bank 6,CUSTOMER
ACC-020967,SAVINGS,Synthetic Sahyadri Bank 2,CUSTOMER
ACC-010347,SAVINGS,Synthetic Sahyadri Bank 2,CUSTOMER
ACC-000634,SAVINGS,Synthetic Sahyadri Bank 3,CUSTOMER
ACC-009008,SAVINGS,Synthetic Sahyadri Bank 1,CUSTOMER
ACC-000923,SAVINGS,Synthetic Sahyadri Bank 3,CUSTOMER
ACC-023584,SAVINGS,Synthetic Sahyadri Bank 5,CUSTOMER
ACC-013968,SAVINGS,Synthetic Sahyadri Bank 2,CUSTOMER
ACC-004724,SAVINGS,Synthetic Sahyadri Bank 3,CUSTOMER
ACC-004217,SAVINGS,Synthetic Sahyadri Bank 1,CUSTOMER
ACC-008667,SAVINGS,Synthetic Sahyadri Bank 5,CUSTOMER
ACC-014241,SAVINGS,Synthetic Sahyadri Bank 6,CUSTOMER
ACC-006395,SAVINGS,Synthetic Sahyadri Bank 6,CUSTOMER
ACC-024698,SAVINGS,Synthetic Sahyadri Bank 2,CUSTOMER
ACC-026949,SAVINGS,Synthetic Sahyadri Bank 3,CUSTOMER
ACC-005914,SAVINGS,Synthetic Sahyadri Bank 4,CUSTOMER
ACC-020154,SAVINGS,Synthetic Sahyadri Bank 2,CUSTOMER
ACC-003818,SAVINGS,Synthetic Sahyadri Bank 3,CUSTOMER
ACC-003473,SAVINGS,Synthetic Sahyadri Bank 3,CUSTOMER
ACC-012843,SAVINGS,Synthetic Sahyadri Bank 5,CUSTOMER
ACC-021778,SAVINGS,Synthetic Sahyadri Bank 5,CUSTOMER
ACC-004254,SAVINGS,Synthetic Sahyadri Bank 5,CUSTOMER
ACC-027718,SAVINGS,Synthetic Sahyadri Bank 1,CUSTOMER
ACC-000381,SAVINGS,Synthetic Sahyadri Bank 2,CUSTOMER
ACC-003090,SAVINGS,Synthetic Sahyadri Bank 4,CUSTOMER
ACC-017547,SAVINGS,Synthetic Sahyadri Bank 6,CUSTOMER
ACC-000640,SAVINGS,Synthetic Sahyadri Bank 3,CUSTOMER
ACC-029131,SAVINGS,Synthetic Sahyadri Bank 5,CUSTOMER
ACC-019206,SAVINGS,Synthetic Sahyadri Bank 5,CUSTOMER
ACC-015541,SAVINGS,Synthetic Sahyadri Bank 6,CUSTOMER
ACC-007032,SAVINGS,Synthetic Sahyadri Bank 6,CUSTOMER
ACC-025874,SAVINGS,Synthetic Sahyadri Bank 2,CUSTOMER
ACC-025005,SAVINGS,Synthetic Sahyadri Bank 4,CUSTOMER
ACC-002906,SAVINGS,Synthetic Sahyadri Bank 4,CUSTOMER
ACC-015810,SAVINGS,Synthetic Sahyadri Bank 3,CUSTOMER
ACC-015108,SAVINGS,Synthetic Sahyadri Bank 5,CUSTOMER
ACC-021604,SAVINGS,Synthetic Sahyadri Bank 4,CUSTOMER
ACC-006409,SAVINGS,Synthetic Sahyadri Bank 6,CUSTOMER
ACC-019841,SAVINGS,Synthetic Sahyadri Bank 3,CUSTOMER
ACC-000493,SAVINGS,Synthetic Sahyadri Bank 5,CUSTOMER
ACC-007871,SAVINGS,Synthetic Sahyadri Bank 1,CUSTOMER
ACC-017037,SAVINGS,Synthetic Sahyadri Bank 1,CUSTOMER
ACC-026323,SAVINGS,Synthetic Sahyadri Bank 3,CUSTOMER
ACC-009998,SAVINGS,Synthetic Sahyadri Bank 2,CUSTOMER
ACC-002028,SAVINGS,Synthetic Sahyadri Bank 2,CUSTOMER
ACC-004571,SAVINGS,Synthetic Sahyadri Bank 4,CUSTOMER
ACC-025273,SAVINGS,Synthetic Sahyadri Bank 6,CUSTOMER
ACC-026716,SAVINGS,Synthetic Sahyadri Bank 6,CUSTOMER
ACC-013863,SAVINGS,Synthetic Sahyadri Bank 1,CUSTOMER
ACC-018578,SAVINGS,Synthetic Sahyadri Bank 1,CUSTOMER
ACC-019853,SAVINGS,Synthetic Sahyadri Bank 4,CUSTOMER
ACC-021920,SAVINGS,Synthetic Sahyadri Bank 4,CUSTOMER
ACC-012757,SAVINGS,Synthetic Sahyadri Bank 1,CUSTOMER
ACC-010728,SAVINGS,Synthetic Sahyadri Bank 2,CUSTOMER
ACC-022632,SAVINGS,Synthetic Sahyadri Bank 5,CUSTOMER
ACC-007268,SAVINGS,Synthetic Sahyadri Bank 4,CUSTOMER
ACC-027257,SAVINGS,Synthetic Sahyadri Bank 2,CUSTOMER
ACC-006195,SAVINGS,Synthetic Sahyadri Bank 5,CUSTOMER
ACC-028108,SAVINGS,Synthetic Sahyadri Bank 6,CUSTOMER
ACC-014988,SAVINGS,Synthetic Sahyadri Bank 6,CUSTOMER
ACC-007369,SAVINGS,Synthetic Sahyadri Bank 3,CUSTOMER
ACC-011104,SAVINGS,Synthetic Sahyadri Bank 6,CUSTOMER
ACC-001505,SAVINGS,Synthetic Sahyadri Bank 1,CUSTOMER
ACC-008511,SAVINGS,Synthetic Sahyadri Bank 5,CUSTOMER
ACC-003372,SAVINGS,Synthetic Sahyadri Bank 1,CUSTOMER
ACC-017321,SAVINGS,Synthetic Sahyadri Bank 6,CUSTOMER
ACC-009034,SAVINGS,Synthetic Sahyadri Bank 6,CUSTOMER
ACC-012525,SAVINGS,Synthetic Sahyadri Bank 1,CUSTOMER
ACC-000457,SAVINGS,Synthetic Sahyadri Bank 3,CUSTOMER
ACC-012334,SAVINGS,Synthetic Sahyadri Bank 4,CUSTOMER
ACC-028806,SAVINGS,Synthetic Sahyadri Bank 4,CUSTOMER
ACC-013441,SAVINGS,Synthetic Sahyadri Bank 4,CUSTOMER
ACC-019594,SAVINGS,Synthetic Sahyadri Bank 5,CUSTOMER
ACC-009392,SAVINGS,Synthetic Sahyadri Bank 4,CUSTOMER
ACC-023667,SAVINGS,Synthetic Sahyadri Bank 6,CUSTOMER
ACC-007057,SAVINGS,Synthetic Sahyadri Bank 1,CUSTOMER
ACC-018940,SAVINGS,Synthetic Sahyadri Bank 5,CUSTOMER
ACC-024576,SAVINGS,Synthetic Sahyadri Bank 3,CUSTOMER
ACC-005286,SAVINGS,Synthetic Sahyadri Bank 6,CUSTOMER
ACC-013930,SAVINGS,Synthetic Sahyadri Bank 5,CUSTOMER
ACC-022495,SAVINGS,Synthetic Sahyadri Bank 5,CUSTOMER
ACC-016649,SAVINGS,Synthetic Sahyadri Bank 6,CUSTOMER
ACC-012069,SAVINGS,Synthetic Sahyadri Bank 3,CUSTOMER
ACC-024495,SAVINGS,Synthetic Sahyadri Bank 1,CUSTOMER
ACC-010379,SAVINGS,Synthetic Sahyadri Bank 2,CUSTOMER
ACC-017072,SAVINGS,Synthetic Sahyadri Bank 1,CUSTOMER
ACC-005292,SAVINGS,Synthetic Sahyadri Bank 4,CUSTOMER
ACC-023259,SAVINGS,Synthetic Sahyadri Bank 1,CUSTOMER
ACC-024578,SAVINGS,Synthetic Sahyadri Bank 5,CUSTOMER
ACC-023565,SAVINGS,Synthetic Sahyadri Bank 2,CUSTOMER
ACC-015402,SAVINGS,Synthetic Sahyadri Bank 3,CUSTOMER
ACC-013433,SAVINGS,Synthetic Sahyadri Bank 3,CUSTOMER
ACC-001091,SAVINGS,Synthetic Sahyadri Bank 3,CUSTOMER
ACC-024155,SAVINGS,Synthetic Sahyadri Bank 2,CUSTOMER
ACC-002185,SAVINGS,Synthetic Sahyadri Bank 3,CUSTOMER
ACC-014511,SAVINGS,Synthetic Sahyadri Bank 1,CUSTOMER
ACC-012643,SAVINGS,Synthetic Sahyadri Bank 6,CUSTOMER
ACC-028276,SAVINGS,Synthetic Sahyadri Bank 5,CUSTOMER
ACC-015658,SAVINGS,Synthetic Sahyadri Bank 5,CUSTOMER
ACC-021636,SAVINGS,Synthetic Sahyadri Bank 2,CUSTOMER
ACC-007761,SAVINGS,Synthetic Sahyadri Bank 6,CUSTOMER
ACC-023154,SAVINGS,Synthetic Sahyadri Bank 3,CUSTOMER
ACC-011713,SAVINGS,Synthetic Sahyadri Bank 1,CUSTOMER
ACC-003536,SAVINGS,Synthetic Sahyadri Bank 5,CUSTOMER
ACC-012067,SAVINGS,Synthetic Sahyadri Bank 6,CUSTOMER
ACC-019983,SAVINGS,Synthetic Sahyadri Bank 5,CUSTOMER
ACC-026406,SAVINGS,Synthetic Sahyadri Bank 5,CUSTOMER
ACC-004122,SAVINGS,Synthetic Sahyadri Bank 1,CUSTOMER
ACC-008713,SAVINGS,Synthetic Sahyadri Bank 1,CUSTOMER
ACC-018331,SAVINGS,Synthetic Sahyadri Bank 2,CUSTOMER
ACC-000260,SAVINGS,Synthetic Sahyadri Bank 2,CUSTOMER
ACC-028194,SAVINGS,Synthetic Sahyadri Bank 1,CUSTOMER
ACC-029347,SAVINGS,Synthetic Sahyadri Bank 1,CUSTOMER
ACC-029123,SAVINGS,Synthetic Sahyadri Bank 1,CUSTOMER
ACC-016235,SAVINGS,Synthetic Sahyadri Bank 5,CUSTOMER
ACC-023685,SAVINGS,Synthetic Sahyadri Bank 5,CUSTOMER
ACC-007948,SAVINGS,Synthetic Sahyadri Bank 3,CUSTOMER
ACC-009713,SAVINGS,Synthetic Sahyadri Bank 2,CUSTOMER
ACC-011964,SAVINGS,Synthetic Sahyadri Bank 4,CUSTOMER
ACC-002111,SAVINGS,Synthetic Sahyadri Bank 2,CUSTOMER
ACC-022359,SAVINGS,Synthetic Sahyadri Bank 3,CUSTOMER
ACC-025766,SAVINGS,Synthetic Sahyadri Bank 5,CUSTOMER
ACC-016115,SAVINGS,Synthetic Sahyadri Bank 5,CUSTOMER
ACC-012859,SAVINGS,Synthetic Sahyadri Bank 6,CUSTOMER
ACC-001001,SAVINGS,Synthetic Sahyadri Bank 1,CUSTOMER
ACC-003276,SAVINGS,Synthetic Sahyadri Bank 1,CUSTOMER
ACC-014430,SAVINGS,Synthetic Sahyadri Bank 6,CUSTOMER
ACC-028045,SAVINGS,Synthetic Sahyadri Bank 1,CUSTOMER
ACC-011629,SAVINGS,Synthetic Sahyadri Bank 4,CUSTOMER
ACC-003756,SAVINGS,Synthetic Sahyadri Bank 5,CUSTOMER
ACC-019046,SAVINGS,Synthetic Sahyadri Bank 5,CUSTOMER
ACC-006261,SAVINGS,Synthetic Sahyadri Bank 6,CUSTOMER
ACC-024734,SAVINGS,Synthetic Sahyadri Bank 4,CUSTOMER
ACC-019603,SAVINGS,Synthetic Sahyadri Bank 3,CUSTOMER
ACC-008513,SAVINGS,Synthetic Sahyadri Bank 1,CUSTOMER
ACC-025332,SAVINGS,Synthetic Sahyadri Bank 5,CUSTOMER
ACC-028228,SAVINGS,Synthetic Sahyadri Bank 2,CUSTOMER
ACC-026810,SAVINGS,Synthetic Sahyadri Bank 1,CUSTOMER
ACC-003435,SAVINGS,Synthetic Sahyadri Bank 5,CUSTOMER
ACC-009400,SAVINGS,Synthetic Sahyadri Bank 6,CUSTOMER
ACC-026894,SAVINGS,Synthetic Sahyadri Bank 4,CUSTOMER
ACC-029599,SAVINGS,Synthetic Sahyadri Bank 6,CUSTOMER
ACC-027429,SAVINGS,Synthetic Sahyadri Bank 3,CUSTOMER
ACC-012202,SAVINGS,Synthetic Sahyadri Bank 4,CUSTOMER
ACC-005221,SAVINGS,Synthetic Sahyadri Bank 5,CUSTOMER
ACC-009817,SAVINGS,Synthetic Sahyadri Bank 4,CUSTOMER
ACC-008724,SAVINGS,Synthetic Sahyadri Bank 6,CUSTOMER
ACC-004827,SAVINGS,Synthetic Sahyadri Bank 6,CUSTOMER
ACC-017492,SAVINGS,Synthetic Sahyadri Bank 1,CUSTOMER
ACC-020863,SAVINGS,Synthetic Sahyadri Bank 2,CUSTOMER
ACC-002227,SAVINGS,Synthetic Sahyadri Bank 4,CUSTOMER
ACC-015327,SAVINGS,Synthetic Sahyadri Bank 1,CUSTOMER
ACC-016604,SAVINGS,Synthetic Sahyadri Bank 3,CUSTOMER
ACC-015414,SAVINGS,Synthetic Sahyadri Bank 1,CUSTOMER
ACC-022959,SAVINGS,Synthetic Sahyadri Bank 2,CUSTOMER
ACC-005640,SAVINGS,Synthetic Sahyadri Bank 6,CUSTOMER
ACC-008008,SAVINGS,Synthetic Sahyadri Bank 6,CUSTOMER
ACC-023640,SAVINGS,Synthetic Sahyadri Bank 3,CUSTOMER
ACC-005050,SAVINGS,Synthetic Sahyadri Bank 5,CUSTOMER
ACC-000901,SAVINGS,Synthetic Sahyadri Bank 1,CUSTOMER
ACC-026620,SAVINGS,Synthetic Sahyadri Bank 5,CUSTOMER
ACC-028999,SAVINGS,Synthetic Sahyadri Bank 4,CUSTOMER
ACC-023885,SAVINGS,Synthetic Sahyadri Bank 4,CUSTOMER
ACC-008588,SAVINGS,Synthetic Sahyadri Bank 6,CUSTOMER
ACC-014714,SAVINGS,Synthetic Sahyadri Bank 2,CUSTOMER
ACC-018179,SAVINGS,Synthetic Sahyadri Bank 3,CUSTOMER
ACC-016654,SAVINGS,Synthetic Sahyadri Bank 5,CUSTOMER
ACC-009315,SAVINGS,Synthetic Sahyadri Bank 2,CUSTOMER
ACC-013551,SAVINGS,Synthetic Sahyadri Bank 4,CUSTOMER
ACC-022856,SAVINGS,Synthetic Sahyadri Bank 6,CUSTOMER
ACC-029934,SAVINGS,Synthetic Sahyadri Bank 3,CUSTOMER
ACC-007290,SAVINGS,Synthetic Sahyadri Bank 6,CUSTOMER
ACC-025030,SAVINGS,Synthetic Sahyadri Bank 5,CUSTOMER
ACC-028282,SAVINGS,Synthetic Sahyadri Bank 4,CUSTOMER
ACC-026045,SAVINGS,Synthetic Sahyadri Bank 4,CUSTOMER
ACC-000142,SAVINGS,Synthetic Sahyadri Bank 1,CUSTOMER
ACC-025672,SAVINGS,Synthetic Sahyadri Bank 1,CUSTOMER
ACC-000089,SAVINGS,Synthetic Sahyadri Bank 4,CUSTOMER
ACC-015737,SAVINGS,Synthetic Sahyadri Bank 5,CUSTOMER
ACC-001994,SAVINGS,Synthetic Sahyadri Bank 3,CUSTOMER
ACC-029029,SAVINGS,Synthetic Sahyadri Bank 5,CUSTOMER
ACC-025440,SAVINGS,Synthetic Sahyadri Bank 3,CUSTOMER
ACC-022059,SAVINGS,Synthetic Sahyadri Bank 5,CUSTOMER
ACC-001549,SAVINGS,Synthetic Sahyadri Bank 4,CUSTOMER
ACC-022634,SAVINGS,Synthetic Sahyadri Bank 1,CUSTOMER
ACC-009543,SAVINGS,Synthetic Sahyadri Bank 2,CUSTOMER
ACC-014702,SAVINGS,Synthetic Sahyadri Bank 2,CUSTOMER
ACC-021021,SAVINGS,Synthetic Sahyadri Bank 3,CUSTOMER
ACC-015425,SAVINGS,Synthetic Sahyadri Bank 1,CUSTOMER
ACC-013839,SAVINGS,Synthetic Sahyadri Bank 1,CUSTOMER
ACC-021572,SAVINGS,Synthetic Sahyadri Bank 1,CUSTOMER
ACC-008754,SAVINGS,Synthetic Sahyadri Bank 6,CUSTOMER
ACC-004815,SAVINGS,Synthetic Sahyadri Bank 1,CUSTOMER
ACC-028967,SAVINGS,Synthetic Sahyadri Bank 3,CUSTOMER
ACC-024771,SAVINGS,Synthetic Sahyadri Bank 6,CUSTOMER
ACC-027974,SAVINGS,Synthetic Sahyadri Bank 5,CUSTOMER
ACC-027800,SAVINGS,Synthetic Sahyadri Bank 5,CUSTOMER
ACC-001306,SAVINGS,Synthetic Sahyadri Bank 5,CUSTOMER
ACC-019510,SAVINGS,Synthetic Sahyadri Bank 4,CUSTOMER
ACC-000547,SAVINGS,Synthetic Sahyadri Bank 2,CUSTOMER
ACC-011663,SAVINGS,Synthetic Sahyadri Bank 1,CUSTOMER
ACC-024660,SAVINGS,Synthetic Sahyadri Bank 5,CUSTOMER
ACC-021079,SAVINGS,Synthetic Sahyadri Bank 6,CUSTOMER
ACC-022894,SAVINGS,Synthetic Sahyadri Bank 4,CUSTOMER
ACC-028447,SAVINGS,Synthetic Sahyadri Bank 4,CUSTOMER
ACC-029805,SAVINGS,Synthetic Sahyadri Bank 1,CUSTOMER
ACC-004305,SAVINGS,Synthetic Sahyadri Bank 4,CUSTOMER
ACC-003876,SAVINGS,Synthetic Sahyadri Bank 3,CUSTOMER
ACC-026833,SAVINGS,Synthetic Sahyadri Bank 2,CUSTOMER
ACC-028097,SAVINGS,Synthetic Sahyadri Bank 2,CUSTOMER
ACC-002131,SAVINGS,Synthetic Sahyadri Bank 4,CUSTOMER
ACC-024935,SAVINGS,Synthetic Sahyadri Bank 5,CUSTOMER
ACC-003506,SAVINGS,Synthetic Sahyadri Bank 5,CUSTOMER
ACC-016684,SAVINGS,Synthetic Sahyadri Bank 6,CUSTOMER
ACC-014101,SAVINGS,Synthetic Sahyadri Bank 1,CUSTOMER
ACC-026145,SAVINGS,Synthetic Sahyadri Bank 2,CUSTOMER
ACC-016582,SAVINGS,Synthetic Sahyadri Bank 4,CUSTOMER
ACC-024547,SAVINGS,Synthetic Sahyadri Bank 4,CUSTOMER
ACC-007758,SAVINGS,Synthetic Sahyadri Bank 6,CUSTOMER
ACC-013228,SAVINGS,Synthetic Sahyadri Bank 3,CUSTOMER
ACC-013733,SAVINGS,Synthetic Sahyadri Bank 1,CUSTOMER
ACC-022114,SAVINGS,Synthetic Sahyadri Bank 5,CUSTOMER
ACC-023661,SAVINGS,Synthetic Sahyadri Bank 1,CUSTOMER
ACC-027383,SAVINGS,Synthetic Sahyadri Bank 1,CUSTOMER
ACC-014279,SAVINGS,Synthetic Sahyadri Bank 1,CUSTOMER
ACC-024796,SAVINGS,Synthetic Sahyadri Bank 3,CUSTOMER
ACC-002148,SAVINGS,Synthetic Sahyadri Bank 1,CUSTOMER
ACC-010216,SAVINGS,Synthetic Sahyadri Bank 6,CUSTOMER
ACC-029109,SAVINGS,Synthetic Sahyadri Bank 3,CUSTOMER
ACC-020678,SAVINGS,Synthetic Sahyadri Bank 6,CUSTOMER
ACC-018519,SAVINGS,Synthetic Sahyadri Bank 4,CUSTOMER
ACC-012495,SAVINGS,Synthetic Sahyadri Bank 2,CUSTOMER
ACC-026391,SAVINGS,Synthetic Sahyadri Bank 1,CUSTOMER
ACC-027030,SAVINGS,Synthetic Sahyadri Bank 3,CUSTOMER
ACC-006121,SAVINGS,Synthetic Sahyadri Bank 6,CUSTOMER
ACC-015134,SAVINGS,Synthetic Sahyadri Bank 3,CUSTOMER
ACC-025033,SAVINGS,Synthetic Sahyadri Bank 4,CUSTOMER
ACC-006640,SAVINGS,Synthetic Sahyadri Bank 2,CUSTOMER
ACC-017991,SAVINGS,Synthetic Sahyadri Bank 5,CUSTOMER
ACC-000405,SAVINGS,Synthetic Sahyadri Bank 4,CUSTOMER
ACC-029620,SAVINGS,Synthetic Sahyadri Bank 2,CUSTOMER
ACC-027520,SAVINGS,Synthetic Sahyadri Bank 5,CUSTOMER
ACC-008492,SAVINGS,Synthetic Sahyadri Bank 5,CUSTOMER
ACC-009596,SAVINGS,Synthetic Sahyadri Bank 2,CUSTOMER
ACC-019364,SAVINGS,Synthetic Sahyadri Bank 5,CUSTOMER
ACC-001308,SAVINGS,Synthetic Sahyadri Bank 1,CUSTOMER
ACC-028438,SAVINGS,Synthetic Sahyadri Bank 4,CUSTOMER
ACC-014131,SAVINGS,Synthetic Sahyadri Bank 6,CUSTOMER
ACC-002105,SAVINGS,Synthetic Sahyadri Bank 1,CUSTOMER
ACC-024257,SAVINGS,Synthetic Sahyadri Bank 3,CUSTOMER
ACC-024828,SAVINGS,Synthetic Sahyadri Bank 2,CUSTOMER
ACC-008017,SAVINGS,Synthetic Sahyadri Bank 6,CUSTOMER
ACC-016678,SAVINGS,Synthetic Sahyadri Bank 6,CUSTOMER
ACC-012390,SAVINGS,Synthetic Sahyadri Bank 3,CUSTOMER
ACC-021135,SAVINGS,Synthetic Sahyadri Bank 5,CUSTOMER
ACC-008531,SAVINGS,Synthetic Sahyadri Bank 6,CUSTOMER
ACC-004423,SAVINGS,Synthetic Sahyadri Bank 3,CUSTOMER
ACC-015703,SAVINGS,Synthetic Sahyadri Bank 2,CUSTOMER
ACC-020029,SAVINGS,Synthetic Sahyadri Bank 3,CUSTOMER
ACC-029030,SAVINGS,Synthetic Sahyadri Bank 2,CUSTOMER
ACC-009672,SAVINGS,Synthetic Sahyadri Bank 4,CUSTOMER
ACC-015517,SAVINGS,Synthetic Sahyadri Bank 4,CUSTOMER
ACC-012842,SAVINGS,Synthetic Sahyadri Bank 2,CUSTOMER
ACC-019123,SAVINGS,Synthetic Sahyadri Bank 1,CUSTOMER
ACC-014895,SAVINGS,Synthetic Sahyadri Bank 4,CUSTOMER
ACC-020441,SAVINGS,Synthetic Sahyadri Bank 3,CUSTOMER
ACC-010060,SAVINGS,Synthetic Sahyadri Bank 1,CUSTOMER
ACC-026553,SAVINGS,Synthetic Sahyadri Bank 1,CUSTOMER
ACC-026641,SAVINGS,Synthetic Sahyadri Bank 5,CUSTOMER
ACC-019927,SAVINGS,Synthetic Sahyadri Bank 5,CUSTOMER
ACC-020512,SAVINGS,Synthetic Sahyadri Bank 1,CUSTOMER
ACC-000363,SAVINGS,Synthetic Sahyadri Bank 1,CUSTOMER
ACC-019875,SAVINGS,Synthetic Sahyadri Bank 1,CUSTOMER
ACC-012371,SAVINGS,Synthetic Sahyadri Bank 1,CUSTOMER
ACC-020227,SAVINGS,Synthetic Sahyadri Bank 6,CUSTOMER
ACC-001960,SAVINGS,Synthetic Sahyadri Bank 1,CUSTOMER
ACC-006527,SAVINGS,Synthetic Sahyadri Bank 4,CUSTOMER
ACC-026605,SAVINGS,Synthetic Sahyadri Bank 4,CUSTOMER
ACC-018661,SAVINGS,Synthetic Sahyadri Bank 6,CUSTOMER
ACC-023228,SAVINGS,Synthetic Sahyadri Bank 3,CUSTOMER
ACC-001612,SAVINGS,Synthetic Sahyadri Bank 1,CUSTOMER
ACC-025989,SAVINGS,Synthetic Sahyadri Bank 4,CUSTOMER
ACC-016531,SAVINGS,Synthetic Sahyadri Bank 5,CUSTOMER
ACC-003687,SAVINGS,Synthetic Sahyadri Bank 6,CUSTOMER
ACC-000673,SAVINGS,Synthetic Sahyadri Bank 6,CUSTOMER
ACC-027281,SAVINGS,Synthetic Sahyadri Bank 5,CUSTOMER
ACC-000761,SAVINGS,Synthetic Sahyadri Bank 3,CUSTOMER
ACC-025656,SAVINGS,Synthetic Sahyadri Bank 2,CUSTOMER
ACC-012749,SAVINGS,Synthetic Sahyadri Bank 4,CUSTOMER
ACC-026087,SAVINGS,Synthetic Sahyadri Bank 2,CUSTOMER
ACC-022989,SAVINGS,Synthetic Sahyadri Bank 2,CUSTOMER
ACC-023626,SAVINGS,Synthetic Sahyadri Bank 4,CUSTOMER
ACC-006375,SAVINGS,Synthetic Sahyadri Bank 1,CUSTOMER
ACC-018720,SAVINGS,Synthetic Sahyadri Bank 3,CUSTOMER
ACC-014788,SAVINGS,Synthetic Sahyadri Bank 1,CUSTOMER
ACC-018213,SAVINGS,Synthetic Sahyadri Bank 4,CUSTOMER
ACC-013062,SAVINGS,Synthetic Sahyadri Bank 3,CUSTOMER
ACC-010284,SAVINGS,Synthetic Sahyadri Bank 6,CUSTOMER
ACC-021555,SAVINGS,Synthetic Sahyadri Bank 1,CUSTOMER
ACC-020023,SAVINGS,Synthetic Sahyadri Bank 5,CUSTOMER
ACC-002036,SAVINGS,Synthetic Sahyadri Bank 5,CUSTOMER
ACC-015571,SAVINGS,Synthetic Sahyadri Bank 1,CUSTOMER
ACC-006996,SAVINGS,Synthetic Sahyadri Bank 6,CUSTOMER
ACC-008373,SAVINGS,Synthetic Sahyadri Bank 6,CUSTOMER
ACC-023643,SAVINGS,Synthetic Sahyadri Bank 2,CUSTOMER
ACC-009088,SAVINGS,Synthetic Sahyadri Bank 3,CUSTOMER
ACC-011221,SAVINGS,Synthetic Sahyadri Bank 4,CUSTOMER
ACC-004007,SAVINGS,Synthetic Sahyadri Bank 6,CUSTOMER
ACC-009032,SAVINGS,Synthetic Sahyadri Bank 6,CUSTOMER
ACC-004140,SAVINGS,Synthetic Sahyadri Bank 4,CUSTOMER
ACC-008324,SAVINGS,Synthetic Sahyadri Bank 4,CUSTOMER
ACC-006544,SAVINGS,Synthetic Sahyadri Bank 4,CUSTOMER
ACC-028857,SAVINGS,Synthetic Sahyadri Bank 4,CUSTOMER
ACC-021790,SAVINGS,Synthetic Sahyadri Bank 2,CUSTOMER
ACC-029086,SAVINGS,Synthetic Sahyadri Bank 4,CUSTOMER
ACC-011950,SAVINGS,Synthetic Sahyadri Bank 6,CUSTOMER
ACC-021747,SAVINGS,Synthetic Sahyadri Bank 1,CUSTOMER
ACC-025228,SAVINGS,Synthetic Sahyadri Bank 2,CUSTOMER
ACC-017849,SAVINGS,Synthetic Sahyadri Bank 3,CUSTOMER
ACC-010110,SAVINGS,Synthetic Sahyadri Bank 3,CUSTOMER
ACC-001443,SAVINGS,Synthetic Sahyadri Bank 3,CUSTOMER
ACC-017221,SAVINGS,Synthetic Sahyadri Bank 6,CUSTOMER
ACC-022942,SAVINGS,Synthetic Sahyadri Bank 5,CUSTOMER
ACC-000408,SAVINGS,Synthetic Sahyadri Bank 4,CUSTOMER
ACC-013355,SAVINGS,Synthetic Sahyadri Bank 1,CUSTOMER
ACC-019780,SAVINGS,Synthetic Sahyadri Bank 2,CUSTOMER
ACC-014765,SAVINGS,Synthetic Sahyadri Bank 2,CUSTOMER
ACC-001421,SAVINGS,Synthetic Sahyadri Bank 6,CUSTOMER
ACC-008642,SAVINGS,Synthetic Sahyadri Bank 2,CUSTOMER
ACC-008442,SAVINGS,Synthetic Sahyadri Bank 5,CUSTOMER
ACC-004294,SAVINGS,Synthetic Sahyadri Bank 5,CUSTOMER
ACC-021880,SAVINGS,Synthetic Sahyadri Bank 2,CUSTOMER
ACC-029635,SAVINGS,Synthetic Sahyadri Bank 5,CUSTOMER
ACC-020109,SAVINGS,Synthetic Sahyadri Bank 4,CUSTOMER
ACC-001495,SAVINGS,Synthetic Sahyadri Bank 4,CUSTOMER
ACC-011447,SAVINGS,Synthetic Sahyadri Bank 1,CUSTOMER
ACC-027280,SAVINGS,Synthetic Sahyadri Bank 1,CUSTOMER
ACC-018641,SAVINGS,Synthetic Sahyadri Bank 4,CUSTOMER
ACC-028679,SAVINGS,Synthetic Sahyadri Bank 2,CUSTOMER
ACC-012534,SAVINGS,Synthetic Sahyadri Bank 5,CUSTOMER
ACC-006428,SAVINGS,Synthetic Sahyadri Bank 4,CUSTOMER
ACC-024612,SAVINGS,Synthetic Sahyadri Bank 5,CUSTOMER
ACC-008434,SAVINGS,Synthetic Sahyadri Bank 3,CUSTOMER
ACC-021709,SAVINGS,Synthetic Sahyadri Bank 3,CUSTOMER
ACC-013697,SAVINGS,Synthetic Sahyadri Bank 3,CUSTOMER
ACC-024273,SAVINGS,Synthetic Sahyadri Bank 1,CUSTOMER
ACC-000609,SAVINGS,Synthetic Sahyadri Bank 3,CUSTOMER
ACC-011151,SAVINGS,Synthetic Sahyadri Bank 1,CUSTOMER
ACC-014221,SAVINGS,Synthetic Sahyadri Bank 3,CUSTOMER
ACC-025728,SAVINGS,Synthetic Sahyadri Bank 3,CUSTOMER
ACC-016045,SAVINGS,Synthetic Sahyadri Bank 2,CUSTOMER
ACC-001046,SAVINGS,Synthetic Sahyadri Bank 5,CUSTOMER
ACC-026273,SAVINGS,Synthetic Sahyadri Bank 2,CUSTOMER
ACC-005699,SAVINGS,Synthetic Sahyadri Bank 5,CUSTOMER
ACC-024579,SAVINGS,Synthetic Sahyadri Bank 5,CUSTOMER
ACC-021437,SAVINGS,Synthetic Sahyadri Bank 1,CUSTOMER
ACC-025420,SAVINGS,Synthetic Sahyadri Bank 1,CUSTOMER
ACC-024354,SAVINGS,Synthetic Sahyadri Bank 4,CUSTOMER
ACC-017497,SAVINGS,Synthetic Sahyadri Bank 1,CUSTOMER
ACC-006747,SAVINGS,Synthetic Sahyadri Bank 1,CUSTOMER
ACC-022234,SAVINGS,Synthetic Sahyadri Bank 3,CUSTOMER
ACC-010604,SAVINGS,Synthetic Sahyadri Bank 5,CUSTOMER
ACC-010766,SAVINGS,Synthetic Sahyadri Bank 3,CUSTOMER
ACC-023862,SAVINGS,Synthetic Sahyadri Bank 1,CUSTOMER
ACC-009820,SAVINGS,Synthetic Sahyadri Bank 4,CUSTOMER
ACC-009635,SAVINGS,Synthetic Sahyadri Bank 1,CUSTOMER
ACC-021319,SAVINGS,Synthetic Sahyadri Bank 6,CUSTOMER
ACC-025091,SAVINGS,Synthetic Sahyadri Bank 2,CUSTOMER
ACC-011038,SAVINGS,Synthetic Sahyadri Bank 4,CUSTOMER
ACC-029759,SAVINGS,Synthetic Sahyadri Bank 1,CUSTOMER
ACC-017624,SAVINGS,Synthetic Sahyadri Bank 6,CUSTOMER
ACC-013508,SAVINGS,Synthetic Sahyadri Bank 6,CUSTOMER
ACC-025325,SAVINGS,Synthetic Sahyadri Bank 5,CUSTOMER
ACC-008360,SAVINGS,Synthetic Sahyadri Bank 1,CUSTOMER
ACC-001019,SAVINGS,Synthetic Sahyadri Bank 5,CUSTOMER
ACC-021257,SAVINGS,Synthetic Sahyadri Bank 6,CUSTOMER
ACC-027392,SAVINGS,Synthetic Sahyadri Bank 3,CUSTOMER
ACC-025886,SAVINGS,Synthetic Sahyadri Bank 1,CUSTOMER
ACC-024906,SAVINGS,Synthetic Sahyadri Bank 5,CUSTOMER
ACC-015173,SAVINGS,Synthetic Sahyadri Bank 3,CUSTOMER
ACC-028434,SAVINGS,Synthetic Sahyadri Bank 6,CUSTOMER
ACC-028330,SAVINGS,Synthetic Sahyadri Bank 4,CUSTOMER
ACC-027851,SAVINGS,Synthetic Sahyadri Bank 4,CUSTOMER
ACC-027341,SAVINGS,Synthetic Sahyadri Bank 2,CUSTOMER
ACC-018306,SAVINGS,Synthetic Sahyadri Bank 1,CUSTOMER
ACC-014734,SAVINGS,Synthetic Sahyadri Bank 2,CUSTOMER
ACC-025413,SAVINGS,Synthetic Sahyadri Bank 1,CUSTOMER
ACC-016785,SAVINGS,Synthetic Sahyadri Bank 3,CUSTOMER
ACC-028070,SAVINGS,Synthetic Sahyadri Bank 5,CUSTOMER
ACC-008018,SAVINGS,Synthetic Sahyadri Bank 1,CUSTOMER
ACC-006499,SAVINGS,Synthetic Sahyadri Bank 5,CUSTOMER
ACC-026790,SAVINGS,Synthetic Sahyadri Bank 2,CUSTOMER
ACC-016066,SAVINGS,Synthetic Sahyadri Bank 4,CUSTOMER
ACC-027798,SAVINGS,Synthetic Sahyadri Bank 2,CUSTOMER
ACC-013075,SAVINGS,Synthetic Sahyadri Bank 5,CUSTOMER
ACC-007278,SAVINGS,Synthetic Sahyadri Bank 5,CUSTOMER
ACC-009115,SAVINGS,Synthetic Sahyadri Bank 2,CUSTOMER
ACC-009175,SAVINGS,Synthetic Sahyadri Bank 4,CUSTOMER
ACC-000226,SAVINGS,Synthetic Sahyadri Bank 2,CUSTOMER
ACC-003933,SAVINGS,Synthetic Sahyadri Bank 3,CUSTOMER
ACC-008636,SAVINGS,Synthetic Sahyadri Bank 6,CUSTOMER
ACC-004015,SAVINGS,Synthetic Sahyadri Bank 2,CUSTOMER
ACC-019885,SAVINGS,Synthetic Sahyadri Bank 6,CUSTOMER
ACC-001457,SAVINGS,Synthetic Sahyadri Bank 4,CUSTOMER
ACC-013133,SAVINGS,Synthetic Sahyadri Bank 5,CUSTOMER
ACC-005990,SAVINGS,Synthetic Sahyadri Bank 6,CUSTOMER
ACC-006754,SAVINGS,Synthetic Sahyadri Bank 3,CUSTOMER
ACC-016033,SAVINGS,Synthetic Sahyadri Bank 4,CUSTOMER
ACC-027583,SAVINGS,Synthetic Sahyadri Bank 1,CUSTOMER
ACC-025557,SAVINGS,Synthetic Sahyadri Bank 4,CUSTOMER
ACC-002564,SAVINGS,Synthetic Sahyadri Bank 3,CUSTOMER
ACC-002918,SAVINGS,Synthetic Sahyadri Bank 3,CUSTOMER
ACC-018435,SAVINGS,Synthetic Sahyadri Bank 4,CUSTOMER
ACC-019390,SAVINGS,Synthetic Sahyadri Bank 3,CUSTOMER
ACC-000507,SAVINGS,Synthetic Sahyadri Bank 2,CUSTOMER
ACC-018358,SAVINGS,Synthetic Sahyadri Bank 6,CUSTOMER
ACC-019360,SAVINGS,Synthetic Sahyadri Bank 1,CUSTOMER
ACC-000593,SAVINGS,Synthetic Sahyadri Bank 2,CUSTOMER
ACC-009509,SAVINGS,Synthetic Sahyadri Bank 6,CUSTOMER
ACC-017753,SAVINGS,Synthetic Sahyadri Bank 2,CUSTOMER
ACC-029713,SAVINGS,Synthetic Sahyadri Bank 3,CUSTOMER
ACC-028664,SAVINGS,Synthetic Sahyadri Bank 5,CUSTOMER
ACC-013323,SAVINGS,Synthetic Sahyadri Bank 4,CUSTOMER
ACC-004338,SAVINGS,Synthetic Sahyadri Bank 2,CUSTOMER
ACC-004521,SAVINGS,Synthetic Sahyadri Bank 2,CUSTOMER
ACC-004303,SAVINGS,Synthetic Sahyadri Bank 3,CUSTOMER
ACC-020903,SAVINGS,Synthetic Sahyadri Bank 1,CUSTOMER
ACC-026627,SAVINGS,Synthetic Sahyadri Bank 2,CUSTOMER
ACC-006692,SAVINGS,Synthetic Sahyadri Bank 1,CUSTOMER
ACC-029291,SAVINGS,Synthetic Sahyadri Bank 4,CUSTOMER
ACC-018128,SAVINGS,Synthetic Sahyadri Bank 5,CUSTOMER
ACC-010454,SAVINGS,Synthetic Sahyadri Bank 5,CUSTOMER
ACC-015117,SAVINGS,Synthetic Sahyadri Bank 5,CUSTOMER
ACC-021295,SAVINGS,Synthetic Sahyadri Bank 5,CUSTOMER
ACC-015708,SAVINGS,Synthetic Sahyadri Bank 2,CUSTOMER
ACC-020363,SAVINGS,Synthetic Sahyadri Bank 3,CUSTOMER
ACC-018308,SAVINGS,Synthetic Sahyadri Bank 5,CUSTOMER
ACC-028867,SAVINGS,Synthetic Sahyadri Bank 4,CUSTOMER
ACC-023648,SAVINGS,Synthetic Sahyadri Bank 4,CUSTOMER
ACC-023041,SAVINGS,Synthetic Sahyadri Bank 3,CUSTOMER
ACC-008844,SAVINGS,Synthetic Sahyadri Bank 5,CUSTOMER
ACC-009818,SAVINGS,Synthetic Sahyadri Bank 6,CUSTOMER
ACC-005584,SAVINGS,Synthetic Sahyadri Bank 1,CUSTOMER
ACC-014358,SAVINGS,Synthetic Sahyadri Bank 3,CUSTOMER
ACC-002239,SAVINGS,Synthetic Sahyadri Bank 1,CUSTOMER
ACC-021933,SAVINGS,Synthetic Sahyadri Bank 1,CUSTOMER
ACC-018111,SAVINGS,Synthetic Sahyadri Bank 4,CUSTOMER
ACC-009350,SAVINGS,Synthetic Sahyadri Bank 5,CUSTOMER
ACC-027215,SAVINGS,Synthetic Sahyadri Bank 2,CUSTOMER
ACC-024679,SAVINGS,Synthetic Sahyadri Bank 1,CUSTOMER
ACC-029852,SAVINGS,Synthetic Sahyadri Bank 3,CUSTOMER
ACC-005345,SAVINGS,Synthetic Sahyadri Bank 6,CUSTOMER
ACC-029385,SAVINGS,Synthetic Sahyadri Bank 4,CUSTOMER
ACC-015345,SAVINGS,Synthetic Sahyadri Bank 5,CUSTOMER
ACC-027232,SAVINGS,Synthetic Sahyadri Bank 5,CUSTOMER
ACC-005295,SAVINGS,Synthetic Sahyadri Bank 5,CUSTOMER
ACC-025506,SAVINGS,Synthetic Sahyadri Bank 6,CUSTOMER
ACC-019814,SAVINGS,Synthetic Sahyadri Bank 1,CUSTOMER
ACC-025879,SAVINGS,Synthetic Sahyadri Bank 1,CUSTOMER
ACC-006053,SAVINGS,Synthetic Sahyadri Bank 1,CUSTOMER
ACC-026535,SAVINGS,Synthetic Sahyadri Bank 4,CUSTOMER
ACC-001488,SAVINGS,Synthetic Sahyadri Bank 4,CUSTOMER
ACC-000351,SAVINGS,Synthetic Sahyadri Bank 4,CUSTOMER
ACC-001998,SAVINGS,Synthetic Sahyadri Bank 5,CUSTOMER
ACC-029693,SAVINGS,Synthetic Sahyadri Bank 2,CUSTOMER
ACC-023720,SAVINGS,Synthetic Sahyadri Bank 4,CUSTOMER
ACC-013759,SAVINGS,Synthetic Sahyadri Bank 5,CUSTOMER
ACC-004693,SAVINGS,Synthetic Sahyadri Bank 5,CUSTOMER
ACC-010483,SAVINGS,Synthetic Sahyadri Bank 3,CUSTOMER
ACC-010299,SAVINGS,Synthetic Sahyadri Bank 4,CUSTOMER
ACC-003939,SAVINGS,Synthetic Sahyadri Bank 5,CUSTOMER
ACC-001430,SAVINGS,Synthetic Sahyadri Bank 2,CUSTOMER
ACC-026702,SAVINGS,Synthetic Sahyadri Bank 5,CUSTOMER
ACC-014292,SAVINGS,Synthetic Sahyadri Bank 1,CUSTOMER
ACC-007561,SAVINGS,Synthetic Sahyadri Bank 1,CUSTOMER
ACC-029507,SAVINGS,Synthetic Sahyadri Bank 3,CUSTOMER
ACC-015543,SAVINGS,Synthetic Sahyadri Bank 6,CUSTOMER
ACC-019068,SAVINGS,Synthetic Sahyadri Bank 4,CUSTOMER
ACC-029300,SAVINGS,Synthetic Sahyadri Bank 3,CUSTOMER
ACC-026249,SAVINGS,Synthetic Sahyadri Bank 2,CUSTOMER
ACC-000737,SAVINGS,Synthetic Sahyadri Bank 3,CUSTOMER
ACC-020244,SAVINGS,Synthetic Sahyadri Bank 1,CUSTOMER
ACC-016514,SAVINGS,Synthetic Sahyadri Bank 2,CUSTOMER
ACC-027683,SAVINGS,Synthetic Sahyadri Bank 5,CUSTOMER
ACC-002115,SAVINGS,Synthetic Sahyadri Bank 6,CUSTOMER
ACC-024376,SAVINGS,Synthetic Sahyadri Bank 3,CUSTOMER
ACC-004040,SAVINGS,Synthetic Sahyadri Bank 3,CUSTOMER
ACC-020821,SAVINGS,Synthetic Sahyadri Bank 2,CUSTOMER
ACC-007277,SAVINGS,Synthetic Sahyadri Bank 4,CUSTOMER
ACC-010688,SAVINGS,Synthetic Sahyadri Bank 1,CUSTOMER
ACC-018902,SAVINGS,Synthetic Sahyadri Bank 4,CUSTOMER
ACC-022286,SAVINGS,Synthetic Sahyadri Bank 2,CUSTOMER
ACC-007028,SAVINGS,Synthetic Sahyadri Bank 6,CUSTOMER
ACC-007883,SAVINGS,Synthetic Sahyadri Bank 6,CUSTOMER
ACC-014305,SAVINGS,Synthetic Sahyadri Bank 4,CUSTOMER
ACC-028876,SAVINGS,Synthetic Sahyadri Bank 1,CUSTOMER
ACC-015227,SAVINGS,Synthetic Sahyadri Bank 5,CUSTOMER
ACC-010095,SAVINGS,Synthetic Sahyadri Bank 2,CUSTOMER
ACC-014213,SAVINGS,Synthetic Sahyadri Bank 1,CUSTOMER
ACC-016868,SAVINGS,Synthetic Sahyadri Bank 3,CUSTOMER
ACC-027420,SAVINGS,Synthetic Sahyadri Bank 1,CUSTOMER
ACC-015770,SAVINGS,Synthetic Sahyadri Bank 4,CUSTOMER
ACC-005772,SAVINGS,Synthetic Sahyadri Bank 2,CUSTOMER
ACC-019578,SAVINGS,Synthetic Sahyadri Bank 2,CUSTOMER
ACC-018176,SAVINGS,Synthetic Sahyadri Bank 1,CUSTOMER
ACC-029683,SAVINGS,Synthetic Sahyadri Bank 6,CUSTOMER
ACC-017638,SAVINGS,Synthetic Sahyadri Bank 5,CUSTOMER
ACC-015569,SAVINGS,Synthetic Sahyadri Bank 4,CUSTOMER
ACC-011214,SAVINGS,Synthetic Sahyadri Bank 5,CUSTOMER
ACC-026306,SAVINGS,Synthetic Sahyadri Bank 1,CUSTOMER
ACC-017098,SAVINGS,Synthetic Sahyadri Bank 5,CUSTOMER
ACC-016019,SAVINGS,Synthetic Sahyadri Bank 6,CUSTOMER
ACC-013785,SAVINGS,Synthetic Sahyadri Bank 2,CUSTOMER
ACC-005492,SAVINGS,Synthetic Sahyadri Bank 2,CUSTOMER
ACC-016506,SAVINGS,Synthetic Sahyadri Bank 1,CUSTOMER
ACC-006759,SAVINGS,Synthetic Sahyadri Bank 6,CUSTOMER
ACC-019523,SAVINGS,Synthetic Sahyadri Bank 2,CUSTOMER
ACC-023695,SAVINGS,Synthetic Sahyadri Bank 3,CUSTOMER
ACC-010452,SAVINGS,Synthetic Sahyadri Bank 5,CUSTOMER
ACC-002620,SAVINGS,Synthetic Sahyadri Bank 2,CUSTOMER
ACC-002075,SAVINGS,Synthetic Sahyadri Bank 1,CUSTOMER
ACC-016518,SAVINGS,Synthetic Sahyadri Bank 6,CUSTOMER
ACC-013804,SAVINGS,Synthetic Sahyadri Bank 2,CUSTOMER
ACC-023335,SAVINGS,Synthetic Sahyadri Bank 5,CUSTOMER
ACC-011394,SAVINGS,Synthetic Sahyadri Bank 1,CUSTOMER
ACC-025439,SAVINGS,Synthetic Sahyadri Bank 2,CUSTOMER
ACC-017598,SAVINGS,Synthetic Sahyadri Bank 3,CUSTOMER
ACC-027295,SAVINGS,Synthetic Sahyadri Bank 1,CUSTOMER
ACC-008279,SAVINGS,Synthetic Sahyadri Bank 2,CUSTOMER
ACC-022829,SAVINGS,Synthetic Sahyadri Bank 6,CUSTOMER
ACC-005468,SAVINGS,Synthetic Sahyadri Bank 3,CUSTOMER
ACC-016889,SAVINGS,Synthetic Sahyadri Bank 1,CUSTOMER
ACC-011125,SAVINGS,Synthetic Sahyadri Bank 3,CUSTOMER
ACC-003269,SAVINGS,Synthetic Sahyadri Bank 3,CUSTOMER
ACC-008783,SAVINGS,Synthetic Sahyadri Bank 4,CUSTOMER
ACC-000111,SAVINGS,Synthetic Sahyadri Bank 5,CUSTOMER
ACC-028659,SAVINGS,Synthetic Sahyadri Bank 4,CUSTOMER
ACC-019682,SAVINGS,Synthetic Sahyadri Bank 3,CUSTOMER
ACC-026987,SAVINGS,Synthetic Sahyadri Bank 2,CUSTOMER
ACC-026283,SAVINGS,Synthetic Sahyadri Bank 4,CUSTOMER
ACC-015970,SAVINGS,Synthetic Sahyadri Bank 6,CUSTOMER
ACC-027697,SAVINGS,Synthetic Sahyadri Bank 6,CUSTOMER
ACC-024918,SAVINGS,Synthetic Sahyadri Bank 4,CUSTOMER
ACC-024760,SAVINGS,Synthetic Sahyadri Bank 4,CUSTOMER
ACC-008707,SAVINGS,Synthetic Sahyadri Bank 3,CUSTOMER
ACC-010362,SAVINGS,Synthetic Sahyadri Bank 3,CUSTOMER
ACC-025495,SAVINGS,Synthetic Sahyadri Bank 4,CUSTOMER
ACC-017795,SAVINGS,Synthetic Sahyadri Bank 6,CUSTOMER
ACC-020355,SAVINGS,Synthetic Sahyadri Bank 5,CUSTOMER
ACC-024183,SAVINGS,Synthetic Sahyadri Bank 5,CUSTOMER
ACC-007226,SAVINGS,Synthetic Sahyadri Bank 2,CUSTOMER
ACC-027110,SAVINGS,Synthetic Sahyadri Bank 1,CUSTOMER
ACC-000655,SAVINGS,Synthetic Sahyadri Bank 3,CUSTOMER
ACC-018568,SAVINGS,Synthetic Sahyadri Bank 5,CUSTOMER
ACC-010691,SAVINGS,Synthetic Sahyadri Bank 1,CUSTOMER
ACC-003733,SAVINGS,Synthetic Sahyadri Bank 2,CUSTOMER
ACC-013427,SAVINGS,Synthetic Sahyadri Bank 5,CUSTOMER
ACC-017706,SAVINGS,Synthetic Sahyadri Bank 3,CUSTOMER
ACC-009847,SAVINGS,Synthetic Sahyadri Bank 5,CUSTOMER
ACC-022490,SAVINGS,Synthetic Sahyadri Bank 2,CUSTOMER
ACC-021782,SAVINGS,Synthetic Sahyadri Bank 5,CUSTOMER
ACC-012262,SAVINGS,Synthetic Sahyadri Bank 4,CUSTOMER
ACC-002996,SAVINGS,Synthetic Sahyadri Bank 6,CUSTOMER
ACC-007689,SAVINGS,Synthetic Sahyadri Bank 5,CUSTOMER
ACC-016399,SAVINGS,Synthetic Sahyadri Bank 4,CUSTOMER
ACC-029406,SAVINGS,Synthetic Sahyadri Bank 5,CUSTOMER
ACC-010055,SAVINGS,Synthetic Sahyadri Bank 3,CUSTOMER
ACC-023896,SAVINGS,Synthetic Sahyadri Bank 1,CUSTOMER
ACC-009077,SAVINGS,Synthetic Sahyadri Bank 4,CUSTOMER
ACC-019180,SAVINGS,Synthetic Sahyadri Bank 3,CUSTOMER
ACC-025898,SAVINGS,Synthetic Sahyadri Bank 4,CUSTOMER
ACC-019348,SAVINGS,Synthetic Sahyadri Bank 3,CUSTOMER
ACC-002297,SAVINGS,Synthetic Sahyadri Bank 4,CUSTOMER
ACC-026327,SAVINGS,Synthetic Sahyadri Bank 1,CUSTOMER
ACC-003958,SAVINGS,Synthetic Sahyadri Bank 5,CUSTOMER
ACC-021775,SAVINGS,Synthetic Sahyadri Bank 4,CUSTOMER
ACC-017227,SAVINGS,Synthetic Sahyadri Bank 5,CUSTOMER
ACC-009665,SAVINGS,Synthetic Sahyadri Bank 5,CUSTOMER
ACC-002747,SAVINGS,Synthetic Sahyadri Bank 3,CUSTOMER
ACC-024249,SAVINGS,Synthetic Sahyadri Bank 1,CUSTOMER
ACC-006038,SAVINGS,Synthetic Sahyadri Bank 3,CUSTOMER
ACC-006555,SAVINGS,Synthetic Sahyadri Bank 1,CUSTOMER
ACC-016609,SAVINGS,Synthetic Sahyadri Bank 6,CUSTOMER
ACC-020716,SAVINGS,Synthetic Sahyadri Bank 4,CUSTOMER
ACC-025839,SAVINGS,Synthetic Sahyadri Bank 4,CUSTOMER
ACC-001201,SAVINGS,Synthetic Sahyadri Bank 5,CUSTOMER
ACC-028206,SAVINGS,Synthetic Sahyadri Bank 2,CUSTOMER
ACC-016437,SAVINGS,Synthetic Sahyadri Bank 6,CUSTOMER
ACC-029351,SAVINGS,Synthetic Sahyadri Bank 1,CUSTOMER
ACC-005770,SAVINGS,Synthetic Sahyadri Bank 1,CUSTOMER
ACC-002023,SAVINGS,Synthetic Sahyadri Bank 4,CUSTOMER
ACC-000575,SAVINGS,Synthetic Sahyadri Bank 4,CUSTOMER
ACC-027263,SAVINGS,Synthetic Sahyadri Bank 1,CUSTOMER
ACC-014599,SAVINGS,Synthetic Sahyadri Bank 6,CUSTOMER
ACC-013388,SAVINGS,Synthetic Sahyadri Bank 3,CUSTOMER
ACC-016728,SAVINGS,Synthetic Sahyadri Bank 1,CUSTOMER
ACC-024003,SAVINGS,Synthetic Sahyadri Bank 1,CUSTOMER
ACC-006597,SAVINGS,Synthetic Sahyadri Bank 2,CUSTOMER
ACC-000002,SAVINGS,Synthetic Sahyadri Bank 1,CUSTOMER
ACC-010488,SAVINGS,Synthetic Sahyadri Bank 6,CUSTOMER
ACC-002420,SAVINGS,Synthetic Sahyadri Bank 4,CUSTOMER
ACC-025660,SAVINGS,Synthetic Sahyadri Bank 2,CUSTOMER
ACC-001436,SAVINGS,Synthetic Sahyadri Bank 2,CUSTOMER
ACC-021372,SAVINGS,Synthetic Sahyadri Bank 4,CUSTOMER
ACC-012698,SAVINGS,Synthetic Sahyadri Bank 2,CUSTOMER
ACC-029552,SAVINGS,Synthetic Sahyadri Bank 5,CUSTOMER
ACC-026746,SAVINGS,Synthetic Sahyadri Bank 6,CUSTOMER
ACC-018974,SAVINGS,Synthetic Sahyadri Bank 1,CUSTOMER
ACC-020225,SAVINGS,Synthetic Sahyadri Bank 4,CUSTOMER
ACC-011543,SAVINGS,Synthetic Sahyadri Bank 5,CUSTOMER
ACC-010850,SAVINGS,Synthetic Sahyadri Bank 1,CUSTOMER
ACC-029095,SAVINGS,Synthetic Sahyadri Bank 5,CUSTOMER
ACC-004651,SAVINGS,Synthetic Sahyadri Bank 5,CUSTOMER
ACC-016082,SAVINGS,Synthetic Sahyadri Bank 3,CUSTOMER
ACC-022354,SAVINGS,Synthetic Sahyadri Bank 1,CUSTOMER
ACC-008830,SAVINGS,Synthetic Sahyadri Bank 2,CUSTOMER
ACC-019197,SAVINGS,Synthetic Sahyadri Bank 4,CUSTOMER
ACC-008162,SAVINGS,Synthetic Sahyadri Bank 5,CUSTOMER
ACC-021956,SAVINGS,Synthetic Sahyadri Bank 1,CUSTOMER
ACC-024519,SAVINGS,Synthetic Sahyadri Bank 1,CUSTOMER
ACC-012891,SAVINGS,Synthetic Sahyadri Bank 1,CUSTOMER
ACC-014902,SAVINGS,Synthetic Sahyadri Bank 1,CUSTOMER
ACC-024976,SAVINGS,Synthetic Sahyadri Bank 2,CUSTOMER
ACC-004457,SAVINGS,Synthetic Sahyadri Bank 1,CUSTOMER
ACC-029404,SAVINGS,Synthetic Sahyadri Bank 4,CUSTOMER
ACC-016658,SAVINGS,Synthetic Sahyadri Bank 1,CUSTOMER
ACC-017442,SAVINGS,Synthetic Sahyadri Bank 2,CUSTOMER
ACC-021889,SAVINGS,Synthetic Sahyadri Bank 1,CUSTOMER
ACC-015482,SAVINGS,Synthetic Sahyadri Bank 6,CUSTOMER
ACC-027307,SAVINGS,Synthetic Sahyadri Bank 3,CUSTOMER
ACC-008062,SAVINGS,Synthetic Sahyadri Bank 1,CUSTOMER
ACC-023286,SAVINGS,Synthetic Sahyadri Bank 1,CUSTOMER
ACC-013824,SAVINGS,Synthetic Sahyadri Bank 4,CUSTOMER
ACC-021055,SAVINGS,Synthetic Sahyadri Bank 1,CUSTOMER
ACC-002436,SAVINGS,Synthetic Sahyadri Bank 3,CUSTOMER
ACC-012952,SAVINGS,Synthetic Sahyadri Bank 1,CUSTOMER
ACC-017606,SAVINGS,Synthetic Sahyadri Bank 1,CUSTOMER
ACC-021000,SAVINGS,Synthetic Sahyadri Bank 6,CUSTOMER
ACC-029781,SAVINGS,Synthetic Sahyadri Bank 4,CUSTOMER
ACC-020045,SAVINGS,Synthetic Sahyadri Bank 3,CUSTOMER
ACC-021849,SAVINGS,Synthetic Sahyadri Bank 3,CUSTOMER
ACC-012628,SAVINGS,Synthetic Sahyadri Bank 6,CUSTOMER
ACC-027691,SAVINGS,Synthetic Sahyadri Bank 4,CUSTOMER
ACC-024063,SAVINGS,Synthetic Sahyadri Bank 4,CUSTOMER
ACC-002192,SAVINGS,Synthetic Sahyadri Bank 6,CUSTOMER
ACC-022189,SAVINGS,Synthetic Sahyadri Bank 5,CUSTOMER
ACC-023616,SAVINGS,Synthetic Sahyadri Bank 6,CUSTOMER
ACC-017029,SAVINGS,Synthetic Sahyadri Bank 6,CUSTOMER
ACC-021044,SAVINGS,Synthetic Sahyadri Bank 6,CUSTOMER
ACC-000326,SAVINGS,Synthetic Sahyadri Bank 6,CUSTOMER
ACC-015164,SAVINGS,Synthetic Sahyadri Bank 4,CUSTOMER
ACC-014851,SAVINGS,Synthetic Sahyadri Bank 2,CUSTOMER
ACC-018894,SAVINGS,Synthetic Sahyadri Bank 5,CUSTOMER
ACC-003850,SAVINGS,Synthetic Sahyadri Bank 3,CUSTOMER
ACC-008685,SAVINGS,Synthetic Sahyadri Bank 6,CUSTOMER
ACC-028758,SAVINGS,Synthetic Sahyadri Bank 3,CUSTOMER
ACC-009661,SAVINGS,Synthetic Sahyadri Bank 6,CUSTOMER
ACC-001919,SAVINGS,Synthetic Sahyadri Bank 5,CUSTOMER
ACC-025773,SAVINGS,Synthetic Sahyadri Bank 5,CUSTOMER
ACC-009092,SAVINGS,Synthetic Sahyadri Bank 4,CUSTOMER
ACC-023544,SAVINGS,Synthetic Sahyadri Bank 6,CUSTOMER
ACC-016978,SAVINGS,Synthetic Sahyadri Bank 6,CUSTOMER
ACC-019496,SAVINGS,Synthetic Sahyadri Bank 3,CUSTOMER
ACC-015404,SAVINGS,Synthetic Sahyadri Bank 1,CUSTOMER
ACC-002458,SAVINGS,Synthetic Sahyadri Bank 5,CUSTOMER
ACC-011037,SAVINGS,Synthetic Sahyadri Bank 1,CUSTOMER
ACC-009215,SAVINGS,Synthetic Sahyadri Bank 4,CUSTOMER
ACC-002834,SAVINGS,Synthetic Sahyadri Bank 4,CUSTOMER
ACC-015194,SAVINGS,Synthetic Sahyadri Bank 2,CUSTOMER
ACC-008127,SAVINGS,Synthetic Sahyadri Bank 3,CUSTOMER
ACC-016773,SAVINGS,Synthetic Sahyadri Bank 2,CUSTOMER
ACC-011052,SAVINGS,Synthetic Sahyadri Bank 6,CUSTOMER
ACC-006080,SAVINGS,Synthetic Sahyadri Bank 4,CUSTOMER
ACC-021330,SAVINGS,Synthetic Sahyadri Bank 2,CUSTOMER
ACC-018312,SAVINGS,Synthetic Sahyadri Bank 3,CUSTOMER
ACC-011548,SAVINGS,Synthetic Sahyadri Bank 1,CUSTOMER
ACC-012383,SAVINGS,Synthetic Sahyadri Bank 6,CUSTOMER
ACC-008923,SAVINGS,Synthetic Sahyadri Bank 3,CUSTOMER
ACC-010964,SAVINGS,Synthetic Sahyadri Bank 4,CUSTOMER
ACC-023353,SAVINGS,Synthetic Sahyadri Bank 5,CUSTOMER
ACC-023574,SAVINGS,Synthetic Sahyadri Bank 4,CUSTOMER
ACC-025858,SAVINGS,Synthetic Sahyadri Bank 2,CUSTOMER
ACC-006280,SAVINGS,Synthetic Sahyadri Bank 1,CUSTOMER
ACC-016420,SAVINGS,Synthetic Sahyadri Bank 2,CUSTOMER
ACC-027413,SAVINGS,Synthetic Sahyadri Bank 6,CUSTOMER
ACC-012291,SAVINGS,Synthetic Sahyadri Bank 2,CUSTOMER
ACC-006487,SAVINGS,Synthetic Sahyadri Bank 5,CUSTOMER
ACC-003351,SAVINGS,Synthetic Sahyadri Bank 6,CUSTOMER
ACC-020298,SAVINGS,Synthetic Sahyadri Bank 1,CUSTOMER
ACC-016275,SAVINGS,Synthetic Sahyadri Bank 1,CUSTOMER
ACC-029102,SAVINGS,Synthetic Sahyadri Bank 2,CUSTOMER
ACC-023186,SAVINGS,Synthetic Sahyadri Bank 2,CUSTOMER
ACC-017690,SAVINGS,Synthetic Sahyadri Bank 6,CUSTOMER
ACC-006198,SAVINGS,Synthetic Sahyadri Bank 4,CUSTOMER
ACC-012056,SAVINGS,Synthetic Sahyadri Bank 6,CUSTOMER
ACC-012531,SAVINGS,Synthetic Sahyadri Bank 4,CUSTOMER
ACC-020756,SAVINGS,Synthetic Sahyadri Bank 1,CUSTOMER
ACC-012317,SAVINGS,Synthetic Sahyadri Bank 3,CUSTOMER
ACC-009399,SAVINGS,Synthetic Sahyadri Bank 4,CUSTOMER
ACC-021537,SAVINGS,Synthetic Sahyadri Bank 5,CUSTOMER
ACC-000687,SAVINGS,Synthetic Sahyadri Bank 4,CUSTOMER
ACC-020452,SAVINGS,Synthetic Sahyadri Bank 2,CUSTOMER
ACC-009656,SAVINGS,Synthetic Sahyadri Bank 3,CUSTOMER
ACC-023918,SAVINGS,Synthetic Sahyadri Bank 3,CUSTOMER
ACC-028505,SAVINGS,Synthetic Sahyadri Bank 1,CUSTOMER
ACC-017658,SAVINGS,Synthetic Sahyadri Bank 6,CUSTOMER
ACC-024149,SAVINGS,Synthetic Sahyadri Bank 4,CUSTOMER
ACC-018284,SAVINGS,Synthetic Sahyadri Bank 5,CUSTOMER
ACC-006943,SAVINGS,Synthetic Sahyadri Bank 2,CUSTOMER
ACC-012350,SAVINGS,Synthetic Sahyadri Bank 5,CUSTOMER
ACC-020387,SAVINGS,Synthetic Sahyadri Bank 5,CUSTOMER
ACC-012138,SAVINGS,Synthetic Sahyadri Bank 4,CUSTOMER
ACC-023564,SAVINGS,Synthetic Sahyadri Bank 1,CUSTOMER
ACC-020843,SAVINGS,Synthetic Sahyadri Bank 6,CUSTOMER
ACC-010810,SAVINGS,Synthetic Sahyadri Bank 1,CUSTOMER
ACC-003182,SAVINGS,Synthetic Sahyadri Bank 5,CUSTOMER
ACC-028911,SAVINGS,Synthetic Sahyadri Bank 1,CUSTOMER
ACC-004669,SAVINGS,Synthetic Sahyadri Bank 1,CUSTOMER
ACC-008124,SAVINGS,Synthetic Sahyadri Bank 4,CUSTOMER
ACC-010226,SAVINGS,Synthetic Sahyadri Bank 5,CUSTOMER
ACC-006706,SAVINGS,Synthetic Sahyadri Bank 1,CUSTOMER
ACC-028673,SAVINGS,Synthetic Sahyadri Bank 3,CUSTOMER
ACC-009357,SAVINGS,Synthetic Sahyadri Bank 4,CUSTOMER
ACC-000564,SAVINGS,Synthetic Sahyadri Bank 5,CUSTOMER
ACC-013098,SAVINGS,Synthetic Sahyadri Bank 1,CUSTOMER
ACC-023620,SAVINGS,Synthetic Sahyadri Bank 5,CUSTOMER
ACC-017665,SAVINGS,Synthetic Sahyadri Bank 2,CUSTOMER
ACC-022715,SAVINGS,Synthetic Sahyadri Bank 4,CUSTOMER
ACC-003397,SAVINGS,Synthetic Sahyadri Bank 1,CUSTOMER
ACC-004746,SAVINGS,Synthetic Sahyadri Bank 3,CUSTOMER
ACC-026116,SAVINGS,Synthetic Sahyadri Bank 4,CUSTOMER
ACC-000615,SAVINGS,Synthetic Sahyadri Bank 2,CUSTOMER
ACC-029366,SAVINGS,Synthetic Sahyadri Bank 2,CUSTOMER
ACC-017332,SAVINGS,Synthetic Sahyadri Bank 5,CUSTOMER
ACC-007157,SAVINGS,Synthetic Sahyadri Bank 1,CUSTOMER
ACC-004825,SAVINGS,Synthetic Sahyadri Bank 3,CUSTOMER
ACC-016027,SAVINGS,Synthetic Sahyadri Bank 4,CUSTOMER
ACC-001538,SAVINGS,Synthetic Sahyadri Bank 1,CUSTOMER
ACC-003611,SAVINGS,Synthetic Sahyadri Bank 5,CUSTOMER
ACC-024295,SAVINGS,Synthetic Sahyadri Bank 5,CUSTOMER
ACC-006075,SAVINGS,Synthetic Sahyadri Bank 6,CUSTOMER
ACC-002466,SAVINGS,Synthetic Sahyadri Bank 5,CUSTOMER
ACC-025845,SAVINGS,Synthetic Sahyadri Bank 3,CUSTOMER
ACC-014111,SAVINGS,Synthetic Sahyadri Bank 2,CUSTOMER
ACC-009138,SAVINGS,Synthetic Sahyadri Bank 4,CUSTOMER
ACC-018268,SAVINGS,Synthetic Sahyadri Bank 4,CUSTOMER
ACC-028302,SAVINGS,Synthetic Sahyadri Bank 6,CUSTOMER
ACC-021744,SAVINGS,Synthetic Sahyadri Bank 6,CUSTOMER
ACC-000262,SAVINGS,Synthetic Sahyadri Bank 5,CUSTOMER
ACC-015869,SAVINGS,Synthetic Sahyadri Bank 4,CUSTOMER
ACC-019115,SAVINGS,Synthetic Sahyadri Bank 5,CUSTOMER
ACC-014547,SAVINGS,Synthetic Sahyadri Bank 6,CUSTOMER
ACC-016936,SAVINGS,Synthetic Sahyadri Bank 2,CUSTOMER
ACC-010841,SAVINGS,Synthetic Sahyadri Bank 4,CUSTOMER
ACC-013966,SAVINGS,Synthetic Sahyadri Bank 3,CUSTOMER
ACC-018937,SAVINGS,Synthetic Sahyadri Bank 6,CUSTOMER
ACC-028313,SAVINGS,Synthetic Sahyadri Bank 1,CUSTOMER
ACC-014269,SAVINGS,Synthetic Sahyadri Bank 1,CUSTOMER
ACC-012099,SAVINGS,Synthetic Sahyadri Bank 4,CUSTOMER
ACC-016155,SAVINGS,Synthetic Sahyadri Bank 5,CUSTOMER
ACC-002650,SAVINGS,Synthetic Sahyadri Bank 4,CUSTOMER
ACC-014156,SAVINGS,Synthetic Sahyadri Bank 4,CUSTOMER
ACC-024744,SAVINGS,Synthetic Sahyadri Bank 5,CUSTOMER
ACC-029476,SAVINGS,Synthetic Sahyadri Bank 1,CUSTOMER
ACC-027176,SAVINGS,Synthetic Sahyadri Bank 1,CUSTOMER
ACC-012775,SAVINGS,Synthetic Sahyadri Bank 2,CUSTOMER
ACC-025823,SAVINGS,Synthetic Sahyadri Bank 3,CUSTOMER
ACC-012554,SAVINGS,Synthetic Sahyadri Bank 5,CUSTOMER
ACC-025513,SAVINGS,Synthetic Sahyadri Bank 3,CUSTOMER
ACC-005566,SAVINGS,Synthetic Sahyadri Bank 3,CUSTOMER
ACC-001281,SAVINGS,Synthetic Sahyadri Bank 5,CUSTOMER
ACC-005738,SAVINGS,Synthetic Sahyadri Bank 6,CUSTOMER
ACC-004234,SAVINGS,Synthetic Sahyadri Bank 4,CUSTOMER
ACC-014464,SAVINGS,Synthetic Sahyadri Bank 4,CUSTOMER
ACC-020688,SAVINGS,Synthetic Sahyadri Bank 2,CUSTOMER
ACC-029082,SAVINGS,Synthetic Sahyadri Bank 6,CUSTOMER
ACC-022949,SAVINGS,Synthetic Sahyadri Bank 2,CUSTOMER
ACC-013164,SAVINGS,Synthetic Sahyadri Bank 2,CUSTOMER
ACC-004675,SAVINGS,Synthetic Sahyadri Bank 5,CUSTOMER
ACC-001835,SAVINGS,Synthetic Sahyadri Bank 3,CUSTOMER
ACC-020184,SAVINGS,Synthetic Sahyadri Bank 5,CUSTOMER
ACC-020127,SAVINGS,Synthetic Sahyadri Bank 6,CUSTOMER
ACC-014758,SAVINGS,Synthetic Sahyadri Bank 4,CUSTOMER
ACC-026914,SAVINGS,Synthetic Sahyadri Bank 4,CUSTOMER
ACC-004705,SAVINGS,Synthetic Sahyadri Bank 4,CUSTOMER
ACC-029287,SAVINGS,Synthetic Sahyadri Bank 5,CUSTOMER
ACC-004262,SAVINGS,Synthetic Sahyadri Bank 6,CUSTOMER
ACC-014087,SAVINGS,Synthetic Sahyadri Bank 1,CUSTOMER
ACC-017062,SAVINGS,Synthetic Sahyadri Bank 4,CUSTOMER
ACC-005006,SAVINGS,Synthetic Sahyadri Bank 2,CUSTOMER
ACC-008913,SAVINGS,Synthetic Sahyadri Bank 1,CUSTOMER
ACC-027721,SAVINGS,Synthetic Sahyadri Bank 6,CUSTOMER
ACC-016341,SAVINGS,Synthetic Sahyadri Bank 5,CUSTOMER
ACC-029511,SAVINGS,Synthetic Sahyadri Bank 2,CUSTOMER
ACC-008852,SAVINGS,Synthetic Sahyadri Bank 5,CUSTOMER
ACC-003734,SAVINGS,Synthetic Sahyadri Bank 4,CUSTOMER
ACC-024382,SAVINGS,Synthetic Sahyadri Bank 3,CUSTOMER
ACC-010314,SAVINGS,Synthetic Sahyadri Bank 4,CUSTOMER
ACC-004760,SAVINGS,Synthetic Sahyadri Bank 2,CUSTOMER
ACC-020553,SAVINGS,Synthetic Sahyadri Bank 6,CUSTOMER
ACC-023518,SAVINGS,Synthetic Sahyadri Bank 2,CUSTOMER
ACC-000483,SAVINGS,Synthetic Sahyadri Bank 6,CUSTOMER
ACC-003605,SAVINGS,Synthetic Sahyadri Bank 3,CUSTOMER
ACC-006105,SAVINGS,Synthetic Sahyadri Bank 6,CUSTOMER
ACC-004488,SAVINGS,Synthetic Sahyadri Bank 1,CUSTOMER
ACC-000742,SAVINGS,Synthetic Sahyadri Bank 6,CUSTOMER
ACC-005349,SAVINGS,Synthetic Sahyadri Bank 1,CUSTOMER
ACC-019410,SAVINGS,Synthetic Sahyadri Bank 3,CUSTOMER
ACC-011595,SAVINGS,Synthetic Sahyadri Bank 5,CUSTOMER
ACC-010881,SAVINGS,Synthetic Sahyadri Bank 3,CUSTOMER
ACC-023351,SAVINGS,Synthetic Sahyadri Bank 2,CUSTOMER
ACC-023717,SAVINGS,Synthetic Sahyadri Bank 4,CUSTOMER
ACC-012702,SAVINGS,Synthetic Sahyadri Bank 5,CUSTOMER
ACC-013181,SAVINGS,Synthetic Sahyadri Bank 3,CUSTOMER
ACC-010923,SAVINGS,Synthetic Sahyadri Bank 3,CUSTOMER
ACC-013581,SAVINGS,Synthetic Sahyadri Bank 6,CUSTOMER
ACC-023280,SAVINGS,Synthetic Sahyadri Bank 5,CUSTOMER
ACC-015179,SAVINGS,Synthetic Sahyadri Bank 1,CUSTOMER
ACC-020545,SAVINGS,Synthetic Sahyadri Bank 2,CUSTOMER
ACC-004019,SAVINGS,Synthetic Sahyadri Bank 6,CUSTOMER
ACC-025740,SAVINGS,Synthetic Sahyadri Bank 6,CUSTOMER
ACC-007478,SAVINGS,Synthetic Sahyadri Bank 1,CUSTOMER
ACC-029534,SAVINGS,Synthetic Sahyadri Bank 4,CUSTOMER
ACC-014730,SAVINGS,Synthetic Sahyadri Bank 5,CUSTOMER
ACC-006825,SAVINGS,Synthetic Sahyadri Bank 6,CUSTOMER
ACC-020656,SAVINGS,Synthetic Sahyadri Bank 5,CUSTOMER
ACC-004462,SAVINGS,Synthetic Sahyadri Bank 6,CUSTOMER
ACC-020819,SAVINGS,Synthetic Sahyadri Bank 4,CUSTOMER
ACC-000283,SAVINGS,Synthetic Sahyadri Bank 2,CUSTOMER
ACC-014726,SAVINGS,Synthetic Sahyadri Bank 6,CUSTOMER
ACC-004146,SAVINGS,Synthetic Sahyadri Bank 2,CUSTOMER
ACC-029067,SAVINGS,Synthetic Sahyadri Bank 2,CUSTOMER
ACC-026877,SAVINGS,Synthetic Sahyadri Bank 5,CUSTOMER
ACC-017118,SAVINGS,Synthetic Sahyadri Bank 6,CUSTOMER
ACC-016997,SAVINGS,Synthetic Sahyadri Bank 1,CUSTOMER
ACC-029228,SAVINGS,Synthetic Sahyadri Bank 2,CUSTOMER
ACC-008704,SAVINGS,Synthetic Sahyadri Bank 6,CUSTOMER
ACC-020822,SAVINGS,Synthetic Sahyadri Bank 2,CUSTOMER
ACC-020123,SAVINGS,Synthetic Sahyadri Bank 5,CUSTOMER
ACC-000109,SAVINGS,Synthetic Sahyadri Bank 4,CUSTOMER
ACC-024750,SAVINGS,Synthetic Sahyadri Bank 2,CUSTOMER
ACC-005362,SAVINGS,Synthetic Sahyadri Bank 4,CUSTOMER
ACC-024634,SAVINGS,Synthetic Sahyadri Bank 2,CUSTOMER
ACC-015689,SAVINGS,Synthetic Sahyadri Bank 4,CUSTOMER
ACC-015715,SAVINGS,Synthetic Sahyadri Bank 6,CUSTOMER
ACC-020838,SAVINGS,Synthetic Sahyadri Bank 2,CUSTOMER
ACC-022021,SAVINGS,Synthetic Sahyadri Bank 5,CUSTOMER
ACC-014379,SAVINGS,Synthetic Sahyadri Bank 1,CUSTOMER
ACC-023039,SAVINGS,Synthetic Sahyadri Bank 4,CUSTOMER
ACC-009027,SAVINGS,Synthetic Sahyadri Bank 1,CUSTOMER
ACC-010033,SAVINGS,Synthetic Sahyadri Bank 2,CUSTOMER
ACC-001913,SAVINGS,Synthetic Sahyadri Bank 4,CUSTOMER
ACC-018270,SAVINGS,Synthetic Sahyadri Bank 5,CUSTOMER
ACC-023599,SAVINGS,Synthetic Sahyadri Bank 6,CUSTOMER
ACC-023425,SAVINGS,Synthetic Sahyadri Bank 1,CUSTOMER
ACC-010909,SAVINGS,Synthetic Sahyadri Bank 2,CUSTOMER
ACC-029611,SAVINGS,Synthetic Sahyadri Bank 4,CUSTOMER
ACC-025645,SAVINGS,Synthetic Sahyadri Bank 3,CUSTOMER
ACC-001012,SAVINGS,Synthetic Sahyadri Bank 5,CUSTOMER
ACC-015019,SAVINGS,Synthetic Sahyadri Bank 6,CUSTOMER
ACC-010698,SAVINGS,Synthetic Sahyadri Bank 6,CUSTOMER
ACC-005930,SAVINGS,Synthetic Sahyadri Bank 1,CUSTOMER
ACC-006323,SAVINGS,Synthetic Sahyadri Bank 3,CUSTOMER
ACC-027456,SAVINGS,Synthetic Sahyadri Bank 3,CUSTOMER
ACC-028478,SAVINGS,Synthetic Sahyadri Bank 3,CUSTOMER
ACC-021520,SAVINGS,Synthetic Sahyadri Bank 2,CUSTOMER
ACC-021189,SAVINGS,Synthetic Sahyadri Bank 6,CUSTOMER
ACC-022403,SAVINGS,Synthetic Sahyadri Bank 2,CUSTOMER
ACC-027359,SAVINGS,Synthetic Sahyadri Bank 4,CUSTOMER
ACC-009355,SAVINGS,Synthetic Sahyadri Bank 4,CUSTOMER
ACC-016309,SAVINGS,Synthetic Sahyadri Bank 5,CUSTOMER
ACC-029950,SAVINGS,Synthetic Sahyadri Bank 5,CUSTOMER
ACC-015396,SAVINGS,Synthetic Sahyadri Bank 2,CUSTOMER
ACC-012638,SAVINGS,Synthetic Sahyadri Bank 1,CUSTOMER
ACC-017844,SAVINGS,Synthetic Sahyadri Bank 6,CUSTOMER
ACC-019541,SAVINGS,Synthetic Sahyadri Bank 2,CUSTOMER
ACC-006199,SAVINGS,Synthetic Sahyadri Bank 3,CUSTOMER
ACC-000980,SAVINGS,Synthetic Sahyadri Bank 4,CUSTOMER
ACC-025357,SAVINGS,Synthetic Sahyadri Bank 3,CUSTOMER
ACC-011679,SAVINGS,Synthetic Sahyadri Bank 2,CUSTOMER
ACC-020032,SAVINGS,Synthetic Sahyadri Bank 5,CUSTOMER
ACC-014105,SAVINGS,Synthetic Sahyadri Bank 5,CUSTOMER
ACC-019225,SAVINGS,Synthetic Sahyadri Bank 6,CUSTOMER
ACC-000183,SAVINGS,Synthetic Sahyadri Bank 5,CUSTOMER
ACC-007523,SAVINGS,Synthetic Sahyadri Bank 4,CUSTOMER
ACC-018417,SAVINGS,Synthetic Sahyadri Bank 4,CUSTOMER
ACC-021583,SAVINGS,Synthetic Sahyadri Bank 4,CUSTOMER
ACC-025515,SAVINGS,Synthetic Sahyadri Bank 3,CUSTOMER
ACC-004111,SAVINGS,Synthetic Sahyadri Bank 2,CUSTOMER
ACC-026812,SAVINGS,Synthetic Sahyadri Bank 2,CUSTOMER
ACC-012773,SAVINGS,Synthetic Sahyadri Bank 4,CUSTOMER
ACC-013130,SAVINGS,Synthetic Sahyadri Bank 2,CUSTOMER
ACC-017711,SAVINGS,Synthetic Sahyadri Bank 5,CUSTOMER
ACC-024419,SAVINGS,Synthetic Sahyadri Bank 3,CUSTOMER
ACC-007669,SAVINGS,Synthetic Sahyadri Bank 4,CUSTOMER
ACC-004893,SAVINGS,Synthetic Sahyadri Bank 1,CUSTOMER
ACC-029686,SAVINGS,Synthetic Sahyadri Bank 5,CUSTOMER
ACC-024996,SAVINGS,Synthetic Sahyadri Bank 5,CUSTOMER
ACC-020051,SAVINGS,Synthetic Sahyadri Bank 3,CUSTOMER
ACC-015768,SAVINGS,Synthetic Sahyadri Bank 2,CUSTOMER
ACC-009749,SAVINGS,Synthetic Sahyadri Bank 2,CUSTOMER
ACC-020884,SAVINGS,Synthetic Sahyadri Bank 5,CUSTOMER
ACC-023755,SAVINGS,Synthetic Sahyadri Bank 3,CUSTOMER
ACC-017114,SAVINGS,Synthetic Sahyadri Bank 2,CUSTOMER
ACC-007334,SAVINGS,Synthetic Sahyadri Bank 2,CUSTOMER
ACC-011094,SAVINGS,Synthetic Sahyadri Bank 3,CUSTOMER
ACC-028931,SAVINGS,Synthetic Sahyadri Bank 5,CUSTOMER
ACC-004846,SAVINGS,Synthetic Sahyadri Bank 4,CUSTOMER
ACC-014548,SAVINGS,Synthetic Sahyadri Bank 5,CUSTOMER
ACC-010616,SAVINGS,Synthetic Sahyadri Bank 6,CUSTOMER
ACC-004942,SAVINGS,Synthetic Sahyadri Bank 2,CUSTOMER
ACC-027858,SAVINGS,Synthetic Sahyadri Bank 1,CUSTOMER
ACC-018583,SAVINGS,Synthetic Sahyadri Bank 2,CUSTOMER
ACC-016757,SAVINGS,Synthetic Sahyadri Bank 1,CUSTOMER
ACC-024782,SAVINGS,Synthetic Sahyadri Bank 4,CUSTOMER
ACC-008648,SAVINGS,Synthetic Sahyadri Bank 5,CUSTOMER
ACC-018266,SAVINGS,Synthetic Sahyadri Bank 2,CUSTOMER
ACC-005276,SAVINGS,Synthetic Sahyadri Bank 1,CUSTOMER
ACC-023703,SAVINGS,Synthetic Sahyadri Bank 2,CUSTOMER
ACC-009889,SAVINGS,Synthetic Sahyadri Bank 1,CUSTOMER
ACC-015740,SAVINGS,Synthetic Sahyadri Bank 1,CUSTOMER
ACC-008020,SAVINGS,Synthetic Sahyadri Bank 3,CUSTOMER
ACC-001715,SAVINGS,Synthetic Sahyadri Bank 4,CUSTOMER
ACC-028815,SAVINGS,Synthetic Sahyadri Bank 3,CUSTOMER
ACC-025335,SAVINGS,Synthetic Sahyadri Bank 4,CUSTOMER
ACC-015528,SAVINGS,Synthetic Sahyadri Bank 1,CUSTOMER
ACC-011730,SAVINGS,Synthetic Sahyadri Bank 1,CUSTOMER
ACC-006320,SAVINGS,Synthetic Sahyadri Bank 3,CUSTOMER
ACC-012426,SAVINGS,Synthetic Sahyadri Bank 6,CUSTOMER
ACC-016626,SAVINGS,Synthetic Sahyadri Bank 3,CUSTOMER
ACC-000569,SAVINGS,Synthetic Sahyadri Bank 4,CUSTOMER
ACC-015512,SAVINGS,Synthetic Sahyadri Bank 6,CUSTOMER
ACC-002953,SAVINGS,Synthetic Sahyadri Bank 3,CUSTOMER
ACC-017474,SAVINGS,Synthetic Sahyadri Bank 6,CUSTOMER
ACC-010146,SAVINGS,Synthetic Sahyadri Bank 5,CUSTOMER
ACC-016827,SAVINGS,Synthetic Sahyadri Bank 2,CUSTOMER
ACC-021232,SAVINGS,Synthetic Sahyadri Bank 1,CUSTOMER
ACC-028727,SAVINGS,Synthetic Sahyadri Bank 4,CUSTOMER
ACC-014664,SAVINGS,Synthetic Sahyadri Bank 3,CUSTOMER
ACC-025943,SAVINGS,Synthetic Sahyadri Bank 3,CUSTOMER
ACC-026819,SAVINGS,Synthetic Sahyadri Bank 3,CUSTOMER
ACC-004616,SAVINGS,Synthetic Sahyadri Bank 3,CUSTOMER
ACC-004757,SAVINGS,Synthetic Sahyadri Bank 2,CUSTOMER
ACC-008254,SAVINGS,Synthetic Sahyadri Bank 6,CUSTOMER
ACC-004551,SAVINGS,Synthetic Sahyadri Bank 4,CUSTOMER
ACC-010422,SAVINGS,Synthetic Sahyadri Bank 4,CUSTOMER
ACC-016282,SAVINGS,Synthetic Sahyadri Bank 1,CUSTOMER
ACC-001815,SAVINGS,Synthetic Sahyadri Bank 5,CUSTOMER
ACC-008598,SAVINGS,Synthetic Sahyadri Bank 5,CUSTOMER
ACC-005350,SAVINGS,Synthetic Sahyadri Bank 6,CUSTOMER
ACC-016133,SAVINGS,Synthetic Sahyadri Bank 5,CUSTOMER
ACC-004851,SAVINGS,Synthetic Sahyadri Bank 3,CUSTOMER
ACC-020760,SAVINGS,Synthetic Sahyadri Bank 1,CUSTOMER
ACC-028969,SAVINGS,Synthetic Sahyadri Bank 1,CUSTOMER
ACC-014199,SAVINGS,Synthetic Sahyadri Bank 6,CUSTOMER
ACC-020147,SAVINGS,Synthetic Sahyadri Bank 5,CUSTOMER
ACC-009169,SAVINGS,Synthetic Sahyadri Bank 2,CUSTOMER
ACC-023967,SAVINGS,Synthetic Sahyadri Bank 2,CUSTOMER
ACC-026088,SAVINGS,Synthetic Sahyadri Bank 5,CUSTOMER
ACC-019513,SAVINGS,Synthetic Sahyadri Bank 4,CUSTOMER
ACC-027455,SAVINGS,Synthetic Sahyadri Bank 2,CUSTOMER
ACC-000200,SAVINGS,Synthetic Sahyadri Bank 5,CUSTOMER
ACC-027658,SAVINGS,Synthetic Sahyadri Bank 1,CUSTOMER
ACC-015391,SAVINGS,Synthetic Sahyadri Bank 4,CUSTOMER
ACC-029773,SAVINGS,Synthetic Sahyadri Bank 5,CUSTOMER
ACC-025317,SAVINGS,Synthetic Sahyadri Bank 5,CUSTOMER
ACC-023275,SAVINGS,Synthetic Sahyadri Bank 4,CUSTOMER
ACC-010154,SAVINGS,Synthetic Sahyadri Bank 4,CUSTOMER
ACC-029633,SAVINGS,Synthetic Sahyadri Bank 2,CUSTOMER
ACC-002855,SAVINGS,Synthetic Sahyadri Bank 4,CUSTOMER
ACC-011055,SAVINGS,Synthetic Sahyadri Bank 2,CUSTOMER
ACC-019889,SAVINGS,Synthetic Sahyadri Bank 6,CUSTOMER
ACC-025305,SAVINGS,Synthetic Sahyadri Bank 2,CUSTOMER
ACC-000141,SAVINGS,Synthetic Sahyadri Bank 4,CUSTOMER
ACC-011626,SAVINGS,Synthetic Sahyadri Bank 1,CUSTOMER
ACC-010520,SAVINGS,Synthetic Sahyadri Bank 5,CUSTOMER
ACC-010986,SAVINGS,Synthetic Sahyadri Bank 6,CUSTOMER
ACC-011482,SAVINGS,Synthetic Sahyadri Bank 5,CUSTOMER
ACC-026435,SAVINGS,Synthetic Sahyadri Bank 5,CUSTOMER
ACC-025592,SAVINGS,Synthetic Sahyadri Bank 5,CUSTOMER
ACC-001934,SAVINGS,Synthetic Sahyadri Bank 5,CUSTOMER
ACC-008289,SAVINGS,Synthetic Sahyadri Bank 4,CUSTOMER
ACC-012080,SAVINGS,Synthetic Sahyadri Bank 4,CUSTOMER
ACC-019714,SAVINGS,Synthetic Sahyadri Bank 6,CUSTOMER
ACC-019824,SAVINGS,Synthetic Sahyadri Bank 1,CUSTOMER
ACC-019381,SAVINGS,Synthetic Sahyadri Bank 6,CUSTOMER
ACC-004950,SAVINGS,Synthetic Sahyadri Bank 1,CUSTOMER
ACC-004389,SAVINGS,Synthetic Sahyadri Bank 2,CUSTOMER
ACC-029281,SAVINGS,Synthetic Sahyadri Bank 1,CUSTOMER
ACC-026924,SAVINGS,Synthetic Sahyadri Bank 2,CUSTOMER
ACC-012837,SAVINGS,Synthetic Sahyadri Bank 2,CUSTOMER
ACC-005474,SAVINGS,Synthetic Sahyadri Bank 3,CUSTOMER
ACC-001066,SAVINGS,Synthetic Sahyadri Bank 6,CUSTOMER
ACC-014322,SAVINGS,Synthetic Sahyadri Bank 6,CUSTOMER
ACC-021803,SAVINGS,Synthetic Sahyadri Bank 4,CUSTOMER
ACC-005811,SAVINGS,Synthetic Sahyadri Bank 6,CUSTOMER
ACC-015593,SAVINGS,Synthetic Sahyadri Bank 1,CUSTOMER
ACC-006710,SAVINGS,Synthetic Sahyadri Bank 2,CUSTOMER
ACC-024034,SAVINGS,Synthetic Sahyadri Bank 5,CUSTOMER
ACC-002786,SAVINGS,Synthetic Sahyadri Bank 2,CUSTOMER
ACC-021989,SAVINGS,Synthetic Sahyadri Bank 5,CUSTOMER
ACC-012830,SAVINGS,Synthetic Sahyadri Bank 1,CUSTOMER
ACC-026057,SAVINGS,Synthetic Sahyadri Bank 3,CUSTOMER
ACC-021836,SAVINGS,Synthetic Sahyadri Bank 1,CUSTOMER
ACC-012815,SAVINGS,Synthetic Sahyadri Bank 1,CUSTOMER
ACC-009317,SAVINGS,Synthetic Sahyadri Bank 4,CUSTOMER
ACC-023498,SAVINGS,Synthetic Sahyadri Bank 2,CUSTOMER
ACC-019292,SAVINGS,Synthetic Sahyadri Bank 1,CUSTOMER
ACC-019385,SAVINGS,Synthetic Sahyadri Bank 1,CUSTOMER
ACC-001108,SAVINGS,Synthetic Sahyadri Bank 1,CUSTOMER
ACC-003754,SAVINGS,Synthetic Sahyadri Bank 6,CUSTOMER
ACC-010528,SAVINGS,Synthetic Sahyadri Bank 3,CUSTOMER
ACC-004540,SAVINGS,Synthetic Sahyadri Bank 1,CUSTOMER
ACC-023438,SAVINGS,Synthetic Sahyadri Bank 5,CUSTOMER
ACC-027560,SAVINGS,Synthetic Sahyadri Bank 3,CUSTOMER
ACC-007945,SAVINGS,Synthetic Sahyadri Bank 1,CUSTOMER
ACC-017022,SAVINGS,Synthetic Sahyadri Bank 6,CUSTOMER
ACC-014484,SAVINGS,Synthetic Sahyadri Bank 4,CUSTOMER
ACC-001636,SAVINGS,Synthetic Sahyadri Bank 2,CUSTOMER
ACC-022910,SAVINGS,Synthetic Sahyadri Bank 3,CUSTOMER
ACC-004941,SAVINGS,Synthetic Sahyadri Bank 4,CUSTOMER
ACC-021916,SAVINGS,Synthetic Sahyadri Bank 6,CUSTOMER
ACC-010585,SAVINGS,Synthetic Sahyadri Bank 4,CUSTOMER
ACC-004412,SAVINGS,Synthetic Sahyadri Bank 5,CUSTOMER
ACC-024092,SAVINGS,Synthetic Sahyadri Bank 3,CUSTOMER
ACC-022595,SAVINGS,Synthetic Sahyadri Bank 2,CUSTOMER
ACC-027730,SAVINGS,Synthetic Sahyadri Bank 2,CUSTOMER
ACC-017878,SAVINGS,Synthetic Sahyadri Bank 4,CUSTOMER
ACC-013259,SAVINGS,Synthetic Sahyadri Bank 6,CUSTOMER
ACC-019685,SAVINGS,Synthetic Sahyadri Bank 1,CUSTOMER
ACC-014414,SAVINGS,Synthetic Sahyadri Bank 5,CUSTOMER
ACC-017889,SAVINGS,Synthetic Sahyadri Bank 5,CUSTOMER
ACC-013710,SAVINGS,Synthetic Sahyadri Bank 3,CUSTOMER
ACC-025475,SAVINGS,Synthetic Sahyadri Bank 6,CUSTOMER
ACC-004334,SAVINGS,Synthetic Sahyadri Bank 5,CUSTOMER
ACC-019906,SAVINGS,Synthetic Sahyadri Bank 1,CUSTOMER
ACC-009469,SAVINGS,Synthetic Sahyadri Bank 3,CUSTOMER
ACC-004239,SAVINGS,Synthetic Sahyadri Bank 4,CUSTOMER
ACC-009117,SAVINGS,Synthetic Sahyadri Bank 2,CUSTOMER
ACC-023920,SAVINGS,Synthetic Sahyadri Bank 5,CUSTOMER
ACC-024715,SAVINGS,Synthetic Sahyadri Bank 5,CUSTOMER
ACC-009725,SAVINGS,Synthetic Sahyadri Bank 2,CUSTOMER
ACC-011146,SAVINGS,Synthetic Sahyadri Bank 5,CUSTOMER
ACC-003146,SAVINGS,Synthetic Sahyadri Bank 5,CUSTOMER
ACC-027952,SAVINGS,Synthetic Sahyadri Bank 1,CUSTOMER
ACC-004013,SAVINGS,Synthetic Sahyadri Bank 3,CUSTOMER
ACC-003739,SAVINGS,Synthetic Sahyadri Bank 3,CUSTOMER
ACC-021617,SAVINGS,Synthetic Sahyadri Bank 6,CUSTOMER
ACC-025045,SAVINGS,Synthetic Sahyadri Bank 4,CUSTOMER
ACC-028077,SAVINGS,Synthetic Sahyadri Bank 1,CUSTOMER
ACC-028954,SAVINGS,Synthetic Sahyadri Bank 4,CUSTOMER
ACC-028938,SAVINGS,Synthetic Sahyadri Bank 2,CUSTOMER
ACC-022709,SAVINGS,Synthetic Sahyadri Bank 5,CUSTOMER
ACC-016902,SAVINGS,Synthetic Sahyadri Bank 6,CUSTOMER
ACC-000428,SAVINGS,Synthetic Sahyadri Bank 1,CUSTOMER
ACC-012496,SAVINGS,Synthetic Sahyadri Bank 1,CUSTOMER
ACC-020378,SAVINGS,Synthetic Sahyadri Bank 6,CUSTOMER
ACC-016229,SAVINGS,Synthetic Sahyadri Bank 1,CUSTOMER
ACC-005401,SAVINGS,Synthetic Sahyadri Bank 1,CUSTOMER
ACC-015436,SAVINGS,Synthetic Sahyadri Bank 2,CUSTOMER
ACC-005578,SAVINGS,Synthetic Sahyadri Bank 2,CUSTOMER
ACC-019521,SAVINGS,Synthetic Sahyadri Bank 1,CUSTOMER
ACC-025025,SAVINGS,Synthetic Sahyadri Bank 6,CUSTOMER
ACC-012483,SAVINGS,Synthetic Sahyadri Bank 1,CUSTOMER
ACC-019435,SAVINGS,Synthetic Sahyadri Bank 3,CUSTOMER
ACC-008087,SAVINGS,Synthetic Sahyadri Bank 1,CUSTOMER
ACC-025967,SAVINGS,Synthetic Sahyadri Bank 1,CUSTOMER
ACC-023549,SAVINGS,Synthetic Sahyadri Bank 2,CUSTOMER
ACC-007838,SAVINGS,Synthetic Sahyadri Bank 4,CUSTOMER
ACC-016321,SAVINGS,Synthetic Sahyadri Bank 6,CUSTOMER
ACC-010207,SAVINGS,Synthetic Sahyadri Bank 3,CUSTOMER
ACC-006657,SAVINGS,Synthetic Sahyadri Bank 6,CUSTOMER
ACC-021296,SAVINGS,Synthetic Sahyadri Bank 5,CUSTOMER
ACC-021927,SAVINGS,Synthetic Sahyadri Bank 4,CUSTOMER
ACC-027504,SAVINGS,Synthetic Sahyadri Bank 5,CUSTOMER
ACC-004082,SAVINGS,Synthetic Sahyadri Bank 2,CUSTOMER
ACC-019146,SAVINGS,Synthetic Sahyadri Bank 2,CUSTOMER
ACC-028350,SAVINGS,Synthetic Sahyadri Bank 2,CUSTOMER
ACC-018544,SAVINGS,Synthetic Sahyadri Bank 5,CUSTOMER
ACC-008472,SAVINGS,Synthetic Sahyadri Bank 2,CUSTOMER
ACC-019498,SAVINGS,Synthetic Sahyadri Bank 5,CUSTOMER
ACC-000867,SAVINGS,Synthetic Sahyadri Bank 1,CUSTOMER
ACC-028538,SAVINGS,Synthetic Sahyadri Bank 6,CUSTOMER
ACC-028649,SAVINGS,Synthetic Sahyadri Bank 2,CUSTOMER
ACC-008742,SAVINGS,Synthetic Sahyadri Bank 2,CUSTOMER
ACC-011231,SAVINGS,Synthetic Sahyadri Bank 4,CUSTOMER
ACC-020601,SAVINGS,Synthetic Sahyadri Bank 1,CUSTOMER
ACC-020665,SAVINGS,Synthetic Sahyadri Bank 3,CUSTOMER
ACC-004109,SAVINGS,Synthetic Sahyadri Bank 4,CUSTOMER
ACC-022309,SAVINGS,Synthetic Sahyadri Bank 5,CUSTOMER
ACC-017402,SAVINGS,Synthetic Sahyadri Bank 3,CUSTOMER
ACC-024707,SAVINGS,Synthetic Sahyadri Bank 6,CUSTOMER
ACC-022272,SAVINGS,Synthetic Sahyadri Bank 4,CUSTOMER
ACC-019172,SAVINGS,Synthetic Sahyadri Bank 5,CUSTOMER
ACC-016833,SAVINGS,Synthetic Sahyadri Bank 3,CUSTOMER
ACC-029222,SAVINGS,Synthetic Sahyadri Bank 4,CUSTOMER
ACC-012924,SAVINGS,Synthetic Sahyadri Bank 4,CUSTOMER
ACC-014314,SAVINGS,Synthetic Sahyadri Bank 3,CUSTOMER
ACC-009555,SAVINGS,Synthetic Sahyadri Bank 4,CUSTOMER
ACC-011272,SAVINGS,Synthetic Sahyadri Bank 1,CUSTOMER
ACC-010544,SAVINGS,Synthetic Sahyadri Bank 5,CUSTOMER
ACC-025615,SAVINGS,Synthetic Sahyadri Bank 4,CUSTOMER
ACC-027935,SAVINGS,Synthetic Sahyadri Bank 1,CUSTOMER
ACC-001497,SAVINGS,Synthetic Sahyadri Bank 2,CUSTOMER
ACC-003927,SAVINGS,Synthetic Sahyadri Bank 5,CUSTOMER
ACC-018259,SAVINGS,Synthetic Sahyadri Bank 4,CUSTOMER
ACC-018456,SAVINGS,Synthetic Sahyadri Bank 3,CUSTOMER
ACC-005732,SAVINGS,Synthetic Sahyadri Bank 4,CUSTOMER
ACC-010955,SAVINGS,Synthetic Sahyadri Bank 5,CUSTOMER
ACC-000558,SAVINGS,Synthetic Sahyadri Bank 2,CUSTOMER
ACC-026162,SAVINGS,Synthetic Sahyadri Bank 3,CUSTOMER
ACC-018024,SAVINGS,Synthetic Sahyadri Bank 3,CUSTOMER
ACC-026565,SAVINGS,Synthetic Sahyadri Bank 4,CUSTOMER
ACC-009287,SAVINGS,Synthetic Sahyadri Bank 5,CUSTOMER
ACC-009334,SAVINGS,Synthetic Sahyadri Bank 4,CUSTOMER
ACC-019923,SAVINGS,Synthetic Sahyadri Bank 6,CUSTOMER
ACC-009321,SAVINGS,Synthetic Sahyadri Bank 4,CUSTOMER
ACC-014632,SAVINGS,Synthetic Sahyadri Bank 1,CUSTOMER
ACC-004357,SAVINGS,Synthetic Sahyadri Bank 2,CUSTOMER
ACC-023606,SAVINGS,Synthetic Sahyadri Bank 2,CUSTOMER
ACC-008725,SAVINGS,Synthetic Sahyadri Bank 1,CUSTOMER
ACC-007279,SAVINGS,Synthetic Sahyadri Bank 2,CUSTOMER
ACC-005708,SAVINGS,Synthetic Sahyadri Bank 3,CUSTOMER
ACC-020543,SAVINGS,Synthetic Sahyadri Bank 3,CUSTOMER
ACC-009700,SAVINGS,Synthetic Sahyadri Bank 3,CUSTOMER
ACC-001885,SAVINGS,Synthetic Sahyadri Bank 3,CUSTOMER
ACC-009222,SAVINGS,Synthetic Sahyadri Bank 4,CUSTOMER
ACC-027164,SAVINGS,Synthetic Sahyadri Bank 6,CUSTOMER
ACC-007519,SAVINGS,Synthetic Sahyadri Bank 6,CUSTOMER
ACC-005514,SAVINGS,Synthetic Sahyadri Bank 4,CUSTOMER
ACC-022527,SAVINGS,Synthetic Sahyadri Bank 5,CUSTOMER
ACC-013996,SAVINGS,Synthetic Sahyadri Bank 5,CUSTOMER
ACC-020629,SAVINGS,Synthetic Sahyadri Bank 6,CUSTOMER
ACC-011077,SAVINGS,Synthetic Sahyadri Bank 6,CUSTOMER
ACC-027174,SAVINGS,Synthetic Sahyadri Bank 3,CUSTOMER
ACC-013698,SAVINGS,Synthetic Sahyadri Bank 4,CUSTOMER
ACC-017930,SAVINGS,Synthetic Sahyadri Bank 1,CUSTOMER
ACC-006161,SAVINGS,Synthetic Sahyadri Bank 5,CUSTOMER
ACC-017032,SAVINGS,Synthetic Sahyadri Bank 1,CUSTOMER
ACC-014031,SAVINGS,Synthetic Sahyadri Bank 2,CUSTOMER
ACC-001090,SAVINGS,Synthetic Sahyadri Bank 6,CUSTOMER
ACC-007653,SAVINGS,Synthetic Sahyadri Bank 5,CUSTOMER
ACC-015629,SAVINGS,Synthetic Sahyadri Bank 2,CUSTOMER
ACC-012465,SAVINGS,Synthetic Sahyadri Bank 6,CUSTOMER
ACC-028825,SAVINGS,Synthetic Sahyadri Bank 3,CUSTOMER
ACC-011809,SAVINGS,Synthetic Sahyadri Bank 3,CUSTOMER
ACC-005933,SAVINGS,Synthetic Sahyadri Bank 6,CUSTOMER
ACC-021697,SAVINGS,Synthetic Sahyadri Bank 6,CUSTOMER
ACC-014412,SAVINGS,Synthetic Sahyadri Bank 4,CUSTOMER
ACC-014417,SAVINGS,Synthetic Sahyadri Bank 5,CUSTOMER
ACC-014573,SAVINGS,Synthetic Sahyadri Bank 2,CUSTOMER
ACC-019438,SAVINGS,Synthetic Sahyadri Bank 3,CUSTOMER
ACC-007003,SAVINGS,Synthetic Sahyadri Bank 2,CUSTOMER
ACC-019740,SAVINGS,Synthetic Sahyadri Bank 5,CUSTOMER
ACC-005272,SAVINGS,Synthetic Sahyadri Bank 5,CUSTOMER
ACC-024857,SAVINGS,Synthetic Sahyadri Bank 1,CUSTOMER
ACC-011283,SAVINGS,Synthetic Sahyadri Bank 3,CUSTOMER
ACC-003349,SAVINGS,Synthetic Sahyadri Bank 3,CUSTOMER
ACC-000205,SAVINGS,Synthetic Sahyadri Bank 1,CUSTOMER
ACC-022339,SAVINGS,Synthetic Sahyadri Bank 6,CUSTOMER
ACC-028619,SAVINGS,Synthetic Sahyadri Bank 3,CUSTOMER
ACC-000175,SAVINGS,Synthetic Sahyadri Bank 2,CUSTOMER
ACC-018452,SAVINGS,Synthetic Sahyadri Bank 1,CUSTOMER
ACC-003202,SAVINGS,Synthetic Sahyadri Bank 2,CUSTOMER
ACC-000537,SAVINGS,Synthetic Sahyadri Bank 4,CUSTOMER
ACC-009962,SAVINGS,Synthetic Sahyadri Bank 2,CUSTOMER
ACC-006688,SAVINGS,Synthetic Sahyadri Bank 5,CUSTOMER
ACC-000745,SAVINGS,Synthetic Sahyadri Bank 1,CUSTOMER
ACC-017012,SAVINGS,Synthetic Sahyadri Bank 5,CUSTOMER
ACC-011515,SAVINGS,Synthetic Sahyadri Bank 1,CUSTOMER
ACC-021529,SAVINGS,Synthetic Sahyadri Bank 1,CUSTOMER
ACC-008789,SAVINGS,Synthetic Sahyadri Bank 6,CUSTOMER
ACC-008346,SAVINGS,Synthetic Sahyadri Bank 1,CUSTOMER
ACC-019981,SAVINGS,Synthetic Sahyadri Bank 1,CUSTOMER
ACC-005470,SAVINGS,Synthetic Sahyadri Bank 4,CUSTOMER
ACC-017949,SAVINGS,Synthetic Sahyadri Bank 3,CUSTOMER
ACC-017586,SAVINGS,Synthetic Sahyadri Bank 3,CUSTOMER
ACC-011683,SAVINGS,Synthetic Sahyadri Bank 4,CUSTOMER
ACC-002077,SAVINGS,Synthetic Sahyadri Bank 2,CUSTOMER
ACC-002847,SAVINGS,Synthetic Sahyadri Bank 3,CUSTOMER
ACC-022896,SAVINGS,Synthetic Sahyadri Bank 1,CUSTOMER
ACC-026706,SAVINGS,Synthetic Sahyadri Bank 1,CUSTOMER
ACC-005303,SAVINGS,Synthetic Sahyadri Bank 1,CUSTOMER
ACC-017005,SAVINGS,Synthetic Sahyadri Bank 3,CUSTOMER
ACC-002066,SAVINGS,Synthetic Sahyadri Bank 4,CUSTOMER
ACC-028173,SAVINGS,Synthetic Sahyadri Bank 1,CUSTOMER
ACC-011674,SAVINGS,Synthetic Sahyadri Bank 3,CUSTOMER
ACC-004811,SAVINGS,Synthetic Sahyadri Bank 5,CUSTOMER
ACC-007862,SAVINGS,Synthetic Sahyadri Bank 3,CUSTOMER
ACC-003681,SAVINGS,Synthetic Sahyadri Bank 4,CUSTOMER
ACC-029391,SAVINGS,Synthetic Sahyadri Bank 6,CUSTOMER
ACC-018202,SAVINGS,Synthetic Sahyadri Bank 6,CUSTOMER
ACC-016068,SAVINGS,Synthetic Sahyadri Bank 2,CUSTOMER
ACC-000556,SAVINGS,Synthetic Sahyadri Bank 1,CUSTOMER
ACC-017125,SAVINGS,Synthetic Sahyadri Bank 1,CUSTOMER
ACC-015859,SAVINGS,Synthetic Sahyadri Bank 3,CUSTOMER
ACC-027102,SAVINGS,Synthetic Sahyadri Bank 2,CUSTOMER
ACC-013890,SAVINGS,Synthetic Sahyadri Bank 5,CUSTOMER
ACC-010019,SAVINGS,Synthetic Sahyadri Bank 6,CUSTOMER
ACC-027122,SAVINGS,Synthetic Sahyadri Bank 1,CUSTOMER
ACC-007976,SAVINGS,Synthetic Sahyadri Bank 1,CUSTOMER
ACC-026936,SAVINGS,Synthetic Sahyadri Bank 3,CUSTOMER
ACC-013709,SAVINGS,Synthetic Sahyadri Bank 1,CUSTOMER
ACC-004904,SAVINGS,Synthetic Sahyadri Bank 3,CUSTOMER
ACC-000101,SAVINGS,Synthetic Sahyadri Bank 6,CUSTOMER
ACC-003817,SAVINGS,Synthetic Sahyadri Bank 3,CUSTOMER
ACC-017475,SAVINGS,Synthetic Sahyadri Bank 1,CUSTOMER
ACC-024279,SAVINGS,Synthetic Sahyadri Bank 1,CUSTOMER
ACC-019549,SAVINGS,Synthetic Sahyadri Bank 4,CUSTOMER
ACC-026405,SAVINGS,Synthetic Sahyadri Bank 3,CUSTOMER
ACC-000215,SAVINGS,Synthetic Sahyadri Bank 4,CUSTOMER
ACC-027701,SAVINGS,Synthetic Sahyadri Bank 6,CUSTOMER
ACC-007353,SAVINGS,Synthetic Sahyadri Bank 5,CUSTOMER
ACC-010057,SAVINGS,Synthetic Sahyadri Bank 6,CUSTOMER
ACC-010974,SAVINGS,Synthetic Sahyadri Bank 2,CUSTOMER
ACC-009913,SAVINGS,Synthetic Sahyadri Bank 4,CUSTOMER
ACC-022558,SAVINGS,Synthetic Sahyadri Bank 2,CUSTOMER
ACC-021711,SAVINGS,Synthetic Sahyadri Bank 2,CUSTOMER
ACC-027751,SAVINGS,Synthetic Sahyadri Bank 3,CUSTOMER
ACC-002153,SAVINGS,Synthetic Sahyadri Bank 2,CUSTOMER
ACC-016928,SAVINGS,Synthetic Sahyadri Bank 6,CUSTOMER
ACC-008256,SAVINGS,Synthetic Sahyadri Bank 6,CUSTOMER
ACC-025561,SAVINGS,Synthetic Sahyadri Bank 1,CUSTOMER
ACC-019552,SAVINGS,Synthetic Sahyadri Bank 6,CUSTOMER
ACC-003353,SAVINGS,Synthetic Sahyadri Bank 3,CUSTOMER
ACC-009403,SAVINGS,Synthetic Sahyadri Bank 3,CUSTOMER
ACC-013630,SAVINGS,Synthetic Sahyadri Bank 2,CUSTOMER
ACC-008340,SAVINGS,Synthetic Sahyadri Bank 6,CUSTOMER
ACC-012553,SAVINGS,Synthetic Sahyadri Bank 5,CUSTOMER
ACC-010175,SAVINGS,Synthetic Sahyadri Bank 2,CUSTOMER
ACC-024877,SAVINGS,Synthetic Sahyadri Bank 2,CUSTOMER
ACC-014401,SAVINGS,Synthetic Sahyadri Bank 5,CUSTOMER
ACC-016368,SAVINGS,Synthetic Sahyadri Bank 2,CUSTOMER
ACC-014323,SAVINGS,Synthetic Sahyadri Bank 6,CUSTOMER
ACC-012731,SAVINGS,Synthetic Sahyadri Bank 3,CUSTOMER
ACC-024072,SAVINGS,Synthetic Sahyadri Bank 6,CUSTOMER
ACC-020245,SAVINGS,Synthetic Sahyadri Bank 1,CUSTOMER
ACC-008149,SAVINGS,Synthetic Sahyadri Bank 6,CUSTOMER
ACC-025843,SAVINGS,Synthetic Sahyadri Bank 5,CUSTOMER
ACC-004075,SAVINGS,Synthetic Sahyadri Bank 5,CUSTOMER
ACC-002737,SAVINGS,Synthetic Sahyadri Bank 3,CUSTOMER
ACC-014552,SAVINGS,Synthetic Sahyadri Bank 5,CUSTOMER
ACC-005626,SAVINGS,Synthetic Sahyadri Bank 6,CUSTOMER
ACC-022487,SAVINGS,Synthetic Sahyadri Bank 5,CUSTOMER
ACC-012032,SAVINGS,Synthetic Sahyadri Bank 3,CUSTOMER
ACC-026537,SAVINGS,Synthetic Sahyadri Bank 2,CUSTOMER
ACC-014090,SAVINGS,Synthetic Sahyadri Bank 2,CUSTOMER
ACC-009633,SAVINGS,Synthetic Sahyadri Bank 5,CUSTOMER
ACC-018463,SAVINGS,Synthetic Sahyadri Bank 6,CUSTOMER
ACC-026820,SAVINGS,Synthetic Sahyadri Bank 2,CUSTOMER
ACC-017371,SAVINGS,Synthetic Sahyadri Bank 6,CUSTOMER
ACC-010880,SAVINGS,Synthetic Sahyadri Bank 2,CUSTOMER
ACC-013307,SAVINGS,Synthetic Sahyadri Bank 6,CUSTOMER
ACC-005538,SAVINGS,Synthetic Sahyadri Bank 3,CUSTOMER
ACC-004155,SAVINGS,Synthetic Sahyadri Bank 5,CUSTOMER
ACC-005066,SAVINGS,Synthetic Sahyadri Bank 1,CUSTOMER
ACC-013037,SAVINGS,Synthetic Sahyadri Bank 3,CUSTOMER
ACC-023791,SAVINGS,Synthetic Sahyadri Bank 4,CUSTOMER
ACC-006932,SAVINGS,Synthetic Sahyadri Bank 2,CUSTOMER
ACC-007063,SAVINGS,Synthetic Sahyadri Bank 5,CUSTOMER
ACC-026919,SAVINGS,Synthetic Sahyadri Bank 6,CUSTOMER
ACC-026063,SAVINGS,Synthetic Sahyadri Bank 1,CUSTOMER
ACC-020927,SAVINGS,Synthetic Sahyadri Bank 1,CUSTOMER
ACC-015306,SAVINGS,Synthetic Sahyadri Bank 5,CUSTOMER
ACC-015474,SAVINGS,Synthetic Sahyadri Bank 4,CUSTOMER
ACC-003635,SAVINGS,Synthetic Sahyadri Bank 3,CUSTOMER
ACC-000970,SAVINGS,Synthetic Sahyadri Bank 1,CUSTOMER
ACC-027886,SAVINGS,Synthetic Sahyadri Bank 2,CUSTOMER
ACC-015067,SAVINGS,Synthetic Sahyadri Bank 5,CUSTOMER
ACC-022406,SAVINGS,Synthetic Sahyadri Bank 4,CUSTOMER
ACC-001083,SAVINGS,Synthetic Sahyadri Bank 5,CUSTOMER
ACC-003532,SAVINGS,Synthetic Sahyadri Bank 4,CUSTOMER
ACC-014700,SAVINGS,Synthetic Sahyadri Bank 6,CUSTOMER
ACC-022872,SAVINGS,Synthetic Sahyadri Bank 4,CUSTOMER
ACC-000723,SAVINGS,Synthetic Sahyadri Bank 1,CUSTOMER
ACC-004318,SAVINGS,Synthetic Sahyadri Bank 1,CUSTOMER
ACC-026280,SAVINGS,Synthetic Sahyadri Bank 1,CUSTOMER
ACC-006295,SAVINGS,Synthetic Sahyadri Bank 5,CUSTOMER
ACC-017262,SAVINGS,Synthetic Sahyadri Bank 2,CUSTOMER
ACC-004530,SAVINGS,Synthetic Sahyadri Bank 3,CUSTOMER
ACC-020515,SAVINGS,Synthetic Sahyadri Bank 2,CUSTOMER
ACC-018008,SAVINGS,Synthetic Sahyadri Bank 1,CUSTOMER
ACC-014197,SAVINGS,Synthetic Sahyadri Bank 4,CUSTOMER
ACC-004656,SAVINGS,Synthetic Sahyadri Bank 2,CUSTOMER
ACC-022292,SAVINGS,Synthetic Sahyadri Bank 1,CUSTOMER
ACC-020362,SAVINGS,Synthetic Sahyadri Bank 6,CUSTOMER
ACC-001781,SAVINGS,Synthetic Sahyadri Bank 6,CUSTOMER
ACC-010527,SAVINGS,Synthetic Sahyadri Bank 6,CUSTOMER
ACC-010301,SAVINGS,Synthetic Sahyadri Bank 2,CUSTOMER
ACC-007624,SAVINGS,Synthetic Sahyadri Bank 6,CUSTOMER
ACC-001152,SAVINGS,Synthetic Sahyadri Bank 5,CUSTOMER
ACC-023451,SAVINGS,Synthetic Sahyadri Bank 5,CUSTOMER
ACC-013831,SAVINGS,Synthetic Sahyadri Bank 3,CUSTOMER
ACC-005934,SAVINGS,Synthetic Sahyadri Bank 6,CUSTOMER
ACC-027807,SAVINGS,Synthetic Sahyadri Bank 1,CUSTOMER
ACC-016473,SAVINGS,Synthetic Sahyadri Bank 5,CUSTOMER
ACC-014044,SAVINGS,Synthetic Sahyadri Bank 5,CUSTOMER
ACC-010233,SAVINGS,Synthetic Sahyadri Bank 2,CUSTOMER
ACC-012750,SAVINGS,Synthetic Sahyadri Bank 1,CUSTOMER
ACC-007960,SAVINGS,Synthetic Sahyadri Bank 3,CUSTOMER
ACC-010710,SAVINGS,Synthetic Sahyadri Bank 6,CUSTOMER
ACC-009763,SAVINGS,Synthetic Sahyadri Bank 5,CUSTOMER
ACC-007885,SAVINGS,Synthetic Sahyadri Bank 1,CUSTOMER
ACC-024654,SAVINGS,Synthetic Sahyadri Bank 4,CUSTOMER
ACC-007532,SAVINGS,Synthetic Sahyadri Bank 6,CUSTOMER
ACC-012574,SAVINGS,Synthetic Sahyadri Bank 6,CUSTOMER
ACC-009688,SAVINGS,Synthetic Sahyadri Bank 5,CUSTOMER
ACC-009304,SAVINGS,Synthetic Sahyadri Bank 3,CUSTOMER
ACC-001610,SAVINGS,Synthetic Sahyadri Bank 4,CUSTOMER
ACC-017654,SAVINGS,Synthetic Sahyadri Bank 6,CUSTOMER
ACC-015902,SAVINGS,Synthetic Sahyadri Bank 4,CUSTOMER
ACC-026926,SAVINGS,Synthetic Sahyadri Bank 6,CUSTOMER
ACC-006358,SAVINGS,Synthetic Sahyadri Bank 4,CUSTOMER
ACC-002323,SAVINGS,Synthetic Sahyadri Bank 4,CUSTOMER
ACC-027769,SAVINGS,Synthetic Sahyadri Bank 3,CUSTOMER
ACC-007760,SAVINGS,Synthetic Sahyadri Bank 1,CUSTOMER
ACC-021694,SAVINGS,Synthetic Sahyadri Bank 4,CUSTOMER
ACC-006100,SAVINGS,Synthetic Sahyadri Bank 1,CUSTOMER
ACC-009808,SAVINGS,Synthetic Sahyadri Bank 3,CUSTOMER
ACC-011727,SAVINGS,Synthetic Sahyadri Bank 3,CUSTOMER
ACC-007984,SAVINGS,Synthetic Sahyadri Bank 3,CUSTOMER
ACC-010416,SAVINGS,Synthetic Sahyadri Bank 5,CUSTOMER
ACC-019413,SAVINGS,Synthetic Sahyadri Bank 4,CUSTOMER
ACC-026100,SAVINGS,Synthetic Sahyadri Bank 2,CUSTOMER
ACC-000603,SAVINGS,Synthetic Sahyadri Bank 5,CUSTOMER
ACC-012689,SAVINGS,Synthetic Sahyadri Bank 2,CUSTOMER
ACC-028027,SAVINGS,Synthetic Sahyadri Bank 4,CUSTOMER
ACC-005759,SAVINGS,Synthetic Sahyadri Bank 4,CUSTOMER
ACC-023071,SAVINGS,Synthetic Sahyadri Bank 4,CUSTOMER
ACC-015415,SAVINGS,Synthetic Sahyadri Bank 5,CUSTOMER
ACC-004515,SAVINGS,Synthetic Sahyadri Bank 1,CUSTOMER
ACC-003335,SAVINGS,Synthetic Sahyadri Bank 2,CUSTOMER
ACC-004721,SAVINGS,Synthetic Sahyadri Bank 2,CUSTOMER
ACC-026354,SAVINGS,Synthetic Sahyadri Bank 1,CUSTOMER
ACC-026516,SAVINGS,Synthetic Sahyadri Bank 4,CUSTOMER
ACC-021316,SAVINGS,Synthetic Sahyadri Bank 4,CUSTOMER
ACC-007992,SAVINGS,Synthetic Sahyadri Bank 2,CUSTOMER
ACC-009296,SAVINGS,Synthetic Sahyadri Bank 6,CUSTOMER
ACC-015310,SAVINGS,Synthetic Sahyadri Bank 4,CUSTOMER
ACC-023493,SAVINGS,Synthetic Sahyadri Bank 1,CUSTOMER
ACC-020596,SAVINGS,Synthetic Sahyadri Bank 1,CUSTOMER
ACC-005579,SAVINGS,Synthetic Sahyadri Bank 3,CUSTOMER
ACC-015548,SAVINGS,Synthetic Sahyadri Bank 4,CUSTOMER
ACC-004708,SAVINGS,Synthetic Sahyadri Bank 6,CUSTOMER
ACC-019322,SAVINGS,Synthetic Sahyadri Bank 1,CUSTOMER
ACC-016413,SAVINGS,Synthetic Sahyadri Bank 2,CUSTOMER
ACC-015075,SAVINGS,Synthetic Sahyadri Bank 6,CUSTOMER
ACC-004143,SAVINGS,Synthetic Sahyadri Bank 5,CUSTOMER
ACC-027212,SAVINGS,Synthetic Sahyadri Bank 6,CUSTOMER
ACC-005188,SAVINGS,Synthetic Sahyadri Bank 1,CUSTOMER
ACC-005641,SAVINGS,Synthetic Sahyadri Bank 3,CUSTOMER
ACC-026451,SAVINGS,Synthetic Sahyadri Bank 3,CUSTOMER
ACC-006777,SAVINGS,Synthetic Sahyadri Bank 1,CUSTOMER
ACC-014715,SAVINGS,Synthetic Sahyadri Bank 5,CUSTOMER
ACC-016631,SAVINGS,Synthetic Sahyadri Bank 5,CUSTOMER
ACC-027115,SAVINGS,Synthetic Sahyadri Bank 2,CUSTOMER
ACC-017048,SAVINGS,Synthetic Sahyadri Bank 5,CUSTOMER
ACC-001738,SAVINGS,Synthetic Sahyadri Bank 6,CUSTOMER
ACC-000894,SAVINGS,Synthetic Sahyadri Bank 1,CUSTOMER
ACC-005067,SAVINGS,Synthetic Sahyadri Bank 6,CUSTOMER
ACC-012786,SAVINGS,Synthetic Sahyadri Bank 3,CUSTOMER
ACC-000926,SAVINGS,Synthetic Sahyadri Bank 1,CUSTOMER
ACC-004037,SAVINGS,Synthetic Sahyadri Bank 3,CUSTOMER
ACC-006849,SAVINGS,Synthetic Sahyadri Bank 4,CUSTOMER
ACC-015521,SAVINGS,Synthetic Sahyadri Bank 5,CUSTOMER
ACC-019533,SAVINGS,Synthetic Sahyadri Bank 2,CUSTOMER
ACC-029969,SAVINGS,Synthetic Sahyadri Bank 6,CUSTOMER
ACC-018346,SAVINGS,Synthetic Sahyadri Bank 6,CUSTOMER
ACC-004974,SAVINGS,Synthetic Sahyadri Bank 1,CUSTOMER
ACC-004131,SAVINGS,Synthetic Sahyadri Bank 4,CUSTOMER
ACC-023476,SAVINGS,Synthetic Sahyadri Bank 2,CUSTOMER
ACC-013402,SAVINGS,Synthetic Sahyadri Bank 5,CUSTOMER
ACC-027795,SAVINGS,Synthetic Sahyadri Bank 5,CUSTOMER
ACC-015410,SAVINGS,Synthetic Sahyadri Bank 5,CUSTOMER
ACC-000975,SAVINGS,Synthetic Sahyadri Bank 3,CUSTOMER
ACC-019765,SAVINGS,Synthetic Sahyadri Bank 4,CUSTOMER
ACC-004362,SAVINGS,Synthetic Sahyadri Bank 1,CUSTOMER
ACC-016185,SAVINGS,Synthetic Sahyadri Bank 5,CUSTOMER
ACC-021179,SAVINGS,Synthetic Sahyadri Bank 5,CUSTOMER
ACC-009720,SAVINGS,Synthetic Sahyadri Bank 4,CUSTOMER
ACC-027133,SAVINGS,Synthetic Sahyadri Bank 1,CUSTOMER
ACC-010191,SAVINGS,Synthetic Sahyadri Bank 2,CUSTOMER
ACC-009919,SAVINGS,Synthetic Sahyadri Bank 6,CUSTOMER
ACC-001394,SAVINGS,Synthetic Sahyadri Bank 6,CUSTOMER
ACC-026208,SAVINGS,Synthetic Sahyadri Bank 5,CUSTOMER
ACC-010079,SAVINGS,Synthetic Sahyadri Bank 5,CUSTOMER
ACC-027270,SAVINGS,Synthetic Sahyadri Bank 3,CUSTOMER
ACC-005919,SAVINGS,Synthetic Sahyadri Bank 2,CUSTOMER
ACC-020888,SAVINGS,Synthetic Sahyadri Bank 4,CUSTOMER
ACC-029568,SAVINGS,Synthetic Sahyadri Bank 6,CUSTOMER
ACC-025333,SAVINGS,Synthetic Sahyadri Bank 1,CUSTOMER
ACC-018409,SAVINGS,Synthetic Sahyadri Bank 4,CUSTOMER
ACC-005342,SAVINGS,Synthetic Sahyadri Bank 3,CUSTOMER
ACC-000014,SAVINGS,Synthetic Sahyadri Bank 4,CUSTOMER
ACC-027651,SAVINGS,Synthetic Sahyadri Bank 1,CUSTOMER
ACC-011602,SAVINGS,Synthetic Sahyadri Bank 4,CUSTOMER
ACC-002846,SAVINGS,Synthetic Sahyadri Bank 5,CUSTOMER
ACC-021827,SAVINGS,Synthetic Sahyadri Bank 4,CUSTOMER
ACC-023124,SAVINGS,Synthetic Sahyadri Bank 4,CUSTOMER
ACC-017523,SAVINGS,Synthetic Sahyadri Bank 6,CUSTOMER
ACC-000106,SAVINGS,Synthetic Sahyadri Bank 6,CUSTOMER
ACC-027175,SAVINGS,Synthetic Sahyadri Bank 1,CUSTOMER
ACC-019260,SAVINGS,Synthetic Sahyadri Bank 4,CUSTOMER
ACC-014706,SAVINGS,Synthetic Sahyadri Bank 5,CUSTOMER
ACC-000790,SAVINGS,Synthetic Sahyadri Bank 3,CUSTOMER
ACC-026749,SAVINGS,Synthetic Sahyadri Bank 3,CUSTOMER
ACC-014507,SAVINGS,Synthetic Sahyadri Bank 3,CUSTOMER
ACC-013984,SAVINGS,Synthetic Sahyadri Bank 6,CUSTOMER
ACC-013214,SAVINGS,Synthetic Sahyadri Bank 1,CUSTOMER
ACC-019395,SAVINGS,Synthetic Sahyadri Bank 2,CUSTOMER
ACC-015676,SAVINGS,Synthetic Sahyadri Bank 1,CUSTOMER
ACC-020817,SAVINGS,Synthetic Sahyadri Bank 4,CUSTOMER
ACC-011675,SAVINGS,Synthetic Sahyadri Bank 6,CUSTOMER
ACC-018106,SAVINGS,Synthetic Sahyadri Bank 5,CUSTOMER
ACC-002523,SAVINGS,Synthetic Sahyadri Bank 6,CUSTOMER
ACC-028280,SAVINGS,Synthetic Sahyadri Bank 2,CUSTOMER
ACC-006098,SAVINGS,Synthetic Sahyadri Bank 3,CUSTOMER
ACC-005658,SAVINGS,Synthetic Sahyadri Bank 4,CUSTOMER
ACC-016411,SAVINGS,Synthetic Sahyadri Bank 5,CUSTOMER
ACC-012708,SAVINGS,Synthetic Sahyadri Bank 1,CUSTOMER
ACC-007856,SAVINGS,Synthetic Sahyadri Bank 5,CUSTOMER
ACC-026599,SAVINGS,Synthetic Sahyadri Bank 2,CUSTOMER
ACC-024608,SAVINGS,Synthetic Sahyadri Bank 6,CUSTOMER
ACC-012051,SAVINGS,Synthetic Sahyadri Bank 5,CUSTOMER
ACC-026201,SAVINGS,Synthetic Sahyadri Bank 2,CUSTOMER
ACC-020628,SAVINGS,Synthetic Sahyadri Bank 5,CUSTOMER
ACC-007895,SAVINGS,Synthetic Sahyadri Bank 1,CUSTOMER
ACC-026661,SAVINGS,Synthetic Sahyadri Bank 6,CUSTOMER
ACC-021454,SAVINGS,Synthetic Sahyadri Bank 6,CUSTOMER
ACC-015199,SAVINGS,Synthetic Sahyadri Bank 1,CUSTOMER
ACC-009433,SAVINGS,Synthetic Sahyadri Bank 2,CUSTOMER
ACC-004074,SAVINGS,Synthetic Sahyadri Bank 4,CUSTOMER
ACC-029253,SAVINGS,Synthetic Sahyadri Bank 6,CUSTOMER
ACC-002986,SAVINGS,Synthetic Sahyadri Bank 4,CUSTOMER
ACC-016955,SAVINGS,Synthetic Sahyadri Bank 6,CUSTOMER
ACC-008799,SAVINGS,Synthetic Sahyadri Bank 6,CUSTOMER
ACC-017359,SAVINGS,Synthetic Sahyadri Bank 5,CUSTOMER
ACC-009142,SAVINGS,Synthetic Sahyadri Bank 4,CUSTOMER
ACC-025679,SAVINGS,Synthetic Sahyadri Bank 6,CUSTOMER
ACC-004991,SAVINGS,Synthetic Sahyadri Bank 1,CUSTOMER
ACC-005252,SAVINGS,Synthetic Sahyadri Bank 1,CUSTOMER
ACC-017329,SAVINGS,Synthetic Sahyadri Bank 2,CUSTOMER
ACC-016521,SAVINGS,Synthetic Sahyadri Bank 2,CUSTOMER
ACC-005197,SAVINGS,Synthetic Sahyadri Bank 1,CUSTOMER
ACC-000708,SAVINGS,Synthetic Sahyadri Bank 1,CUSTOMER
ACC-010142,SAVINGS,Synthetic Sahyadri Bank 5,CUSTOMER
ACC-003273,SAVINGS,Synthetic Sahyadri Bank 3,CUSTOMER
ACC-024367,SAVINGS,Synthetic Sahyadri Bank 3,CUSTOMER
ACC-018735,SAVINGS,Synthetic Sahyadri Bank 4,CUSTOMER
ACC-016258,SAVINGS,Synthetic Sahyadri Bank 6,CUSTOMER
ACC-016920,SAVINGS,Synthetic Sahyadri Bank 2,CUSTOMER
ACC-028573,SAVINGS,Synthetic Sahyadri Bank 4,CUSTOMER
ACC-007181,SAVINGS,Synthetic Sahyadri Bank 6,CUSTOMER
ACC-010900,SAVINGS,Synthetic Sahyadri Bank 6,CUSTOMER
ACC-028028,SAVINGS,Synthetic Sahyadri Bank 6,CUSTOMER
ACC-002017,SAVINGS,Synthetic Sahyadri Bank 1,CUSTOMER
ACC-009228,SAVINGS,Synthetic Sahyadri Bank 4,CUSTOMER
ACC-017583,SAVINGS,Synthetic Sahyadri Bank 2,CUSTOMER
ACC-001481,SAVINGS,Synthetic Sahyadri Bank 3,CUSTOMER
ACC-011054,SAVINGS,Synthetic Sahyadri Bank 1,CUSTOMER
ACC-013547,SAVINGS,Synthetic Sahyadri Bank 6,CUSTOMER
ACC-027812,SAVINGS,Synthetic Sahyadri Bank 3,CUSTOMER
ACC-013756,SAVINGS,Synthetic Sahyadri Bank 3,CUSTOMER
ACC-023406,SAVINGS,Synthetic Sahyadri Bank 6,CUSTOMER
ACC-025568,SAVINGS,Synthetic Sahyadri Bank 3,CUSTOMER
ACC-021846,SAVINGS,Synthetic Sahyadri Bank 5,CUSTOMER
ACC-016627,SAVINGS,Synthetic Sahyadri Bank 2,CUSTOMER
ACC-004518,SAVINGS,Synthetic Sahyadri Bank 4,CUSTOMER
ACC-027394,SAVINGS,Synthetic Sahyadri Bank 3,CUSTOMER
ACC-006556,SAVINGS,Synthetic Sahyadri Bank 4,CUSTOMER
ACC-021131,SAVINGS,Synthetic Sahyadri Bank 4,CUSTOMER
ACC-015509,SAVINGS,Synthetic Sahyadri Bank 5,CUSTOMER
ACC-005854,SAVINGS,Synthetic Sahyadri Bank 1,CUSTOMER
ACC-007392,SAVINGS,Synthetic Sahyadri Bank 3,CUSTOMER
ACC-011995,SAVINGS,Synthetic Sahyadri Bank 5,CUSTOMER
ACC-021023,SAVINGS,Synthetic Sahyadri Bank 5,CUSTOMER
ACC-009196,SAVINGS,Synthetic Sahyadri Bank 1,CUSTOMER
ACC-015499,SAVINGS,Synthetic Sahyadri Bank 2,CUSTOMER
ACC-025521,SAVINGS,Synthetic Sahyadri Bank 4,CUSTOMER
ACC-016596,SAVINGS,Synthetic Sahyadri Bank 1,CUSTOMER
ACC-008878,SAVINGS,Synthetic Sahyadri Bank 6,CUSTOMER
ACC-020766,SAVINGS,Synthetic Sahyadri Bank 1,CUSTOMER
ACC-015096,SAVINGS,Synthetic Sahyadri Bank 2,CUSTOMER
ACC-015884,SAVINGS,Synthetic Sahyadri Bank 2,CUSTOMER
ACC-006311,SAVINGS,Synthetic Sahyadri Bank 6,CUSTOMER
ACC-009186,SAVINGS,Synthetic Sahyadri Bank 5,CUSTOMER
ACC-013611,SAVINGS,Synthetic Sahyadri Bank 2,CUSTOMER
ACC-016768,SAVINGS,Synthetic Sahyadri Bank 5,CUSTOMER
ACC-018406,SAVINGS,Synthetic Sahyadri Bank 6,CUSTOMER
ACC-003576,SAVINGS,Synthetic Sahyadri Bank 4,CUSTOMER
ACC-024475,SAVINGS,Synthetic Sahyadri Bank 4,CUSTOMER
ACC-027538,SAVINGS,Synthetic Sahyadri Bank 2,CUSTOMER
ACC-009676,SAVINGS,Synthetic Sahyadri Bank 1,CUSTOMER
ACC-024209,SAVINGS,Synthetic Sahyadri Bank 2,CUSTOMER
ACC-005887,SAVINGS,Synthetic Sahyadri Bank 6,CUSTOMER
ACC-016168,SAVINGS,Synthetic Sahyadri Bank 3,CUSTOMER
ACC-003128,SAVINGS,Synthetic Sahyadri Bank 1,CUSTOMER
ACC-003426,SAVINGS,Synthetic Sahyadri Bank 5,CUSTOMER
ACC-026975,SAVINGS,Synthetic Sahyadri Bank 5,CUSTOMER
ACC-006051,SAVINGS,Synthetic Sahyadri Bank 6,CUSTOMER
ACC-023031,SAVINGS,Synthetic Sahyadri Bank 2,CUSTOMER
ACC-014973,SAVINGS,Synthetic Sahyadri Bank 4,CUSTOMER
ACC-011066,SAVINGS,Synthetic Sahyadri Bank 2,CUSTOMER
ACC-019951,SAVINGS,Synthetic Sahyadri Bank 2,CUSTOMER
ACC-005953,SAVINGS,Synthetic Sahyadri Bank 3,CUSTOMER
ACC-009130,SAVINGS,Synthetic Sahyadri Bank 6,CUSTOMER
ACC-017341,SAVINGS,Synthetic Sahyadri Bank 1,CUSTOMER
ACC-000195,SAVINGS,Synthetic Sahyadri Bank 4,CUSTOMER
ACC-024998,SAVINGS,Synthetic Sahyadri Bank 2,CUSTOMER
ACC-001060,SAVINGS,Synthetic Sahyadri Bank 3,CUSTOMER
ACC-004132,SAVINGS,Synthetic Sahyadri Bank 3,CUSTOMER
ACC-023499,SAVINGS,Synthetic Sahyadri Bank 2,CUSTOMER
ACC-023805,SAVINGS,Synthetic Sahyadri Bank 5,CUSTOMER
ACC-017683,SAVINGS,Synthetic Sahyadri Bank 3,CUSTOMER
ACC-007188,SAVINGS,Synthetic Sahyadri Bank 1,CUSTOMER
ACC-008311,SAVINGS,Synthetic Sahyadri Bank 4,CUSTOMER
ACC-012723,SAVINGS,Synthetic Sahyadri Bank 3,CUSTOMER
ACC-001172,SAVINGS,Synthetic Sahyadri Bank 1,CUSTOMER
ACC-013390,SAVINGS,Synthetic Sahyadri Bank 2,CUSTOMER
ACC-024372,SAVINGS,Synthetic Sahyadri Bank 4,CUSTOMER
ACC-006816,SAVINGS,Synthetic Sahyadri Bank 4,CUSTOMER
ACC-014029,SAVINGS,Synthetic Sahyadri Bank 3,CUSTOMER
ACC-029409,SAVINGS,Synthetic Sahyadri Bank 3,CUSTOMER
ACC-026176,SAVINGS,Synthetic Sahyadri Bank 5,CUSTOMER
ACC-018667,SAVINGS,Synthetic Sahyadri Bank 5,CUSTOMER
ACC-000400,SAVINGS,Synthetic Sahyadri Bank 2,CUSTOMER
ACC-016205,SAVINGS,Synthetic Sahyadri Bank 5,CUSTOMER
ACC-004360,SAVINGS,Synthetic Sahyadri Bank 2,CUSTOMER
ACC-026715,SAVINGS,Synthetic Sahyadri Bank 1,CUSTOMER
ACC-008229,SAVINGS,Synthetic Sahyadri Bank 3,CUSTOMER
ACC-013058,SAVINGS,Synthetic Sahyadri Bank 6,CUSTOMER
ACC-000990,SAVINGS,Synthetic Sahyadri Bank 4,CUSTOMER
ACC-025472,SAVINGS,Synthetic Sahyadri Bank 6,CUSTOMER
ACC-007740,SAVINGS,Synthetic Sahyadri Bank 5,CUSTOMER
ACC-024352,SAVINGS,Synthetic Sahyadri Bank 1,CUSTOMER
ACC-026512,SAVINGS,Synthetic Sahyadri Bank 4,CUSTOMER
ACC-006134,SAVINGS,Synthetic Sahyadri Bank 2,CUSTOMER
ACC-016169,SAVINGS,Synthetic Sahyadri Bank 6,CUSTOMER
ACC-007135,SAVINGS,Synthetic Sahyadri Bank 3,CUSTOMER
ACC-021260,SAVINGS,Synthetic Sahyadri Bank 3,CUSTOMER
ACC-008234,SAVINGS,Synthetic Sahyadri Bank 5,CUSTOMER
ACC-013567,SAVINGS,Synthetic Sahyadri Bank 3,CUSTOMER
ACC-020900,SAVINGS,Synthetic Sahyadri Bank 4,CUSTOMER
ACC-009297,SAVINGS,Synthetic Sahyadri Bank 1,CUSTOMER
ACC-026570,SAVINGS,Synthetic Sahyadri Bank 6,CUSTOMER
ACC-010145,SAVINGS,Synthetic Sahyadri Bank 6,CUSTOMER
ACC-016380,SAVINGS,Synthetic Sahyadri Bank 5,CUSTOMER
ACC-029048,SAVINGS,Synthetic Sahyadri Bank 5,CUSTOMER
ACC-020190,SAVINGS,Synthetic Sahyadri Bank 4,CUSTOMER
ACC-002123,SAVINGS,Synthetic Sahyadri Bank 2,CUSTOMER
ACC-012677,SAVINGS,Synthetic Sahyadri Bank 4,CUSTOMER
ACC-026825,SAVINGS,Synthetic Sahyadri Bank 5,CUSTOMER
ACC-001468,SAVINGS,Synthetic Sahyadri Bank 4,CUSTOMER
ACC-024915,SAVINGS,Synthetic Sahyadri Bank 2,CUSTOMER
ACC-017857,SAVINGS,Synthetic Sahyadri Bank 3,CUSTOMER
ACC-013877,SAVINGS,Synthetic Sahyadri Bank 4,CUSTOMER
ACC-026359,SAVINGS,Synthetic Sahyadri Bank 4,CUSTOMER
ACC-025379,SAVINGS,Synthetic Sahyadri Bank 4,CUSTOMER
ACC-007229,SAVINGS,Synthetic Sahyadri Bank 5,CUSTOMER
ACC-022290,SAVINGS,Synthetic Sahyadri Bank 5,CUSTOMER
ACC-009964,SAVINGS,Synthetic Sahyadri Bank 6,CUSTOMER
ACC-027361,SAVINGS,Synthetic Sahyadri Bank 1,CUSTOMER
ACC-000898,SAVINGS,Synthetic Sahyadri Bank 4,CUSTOMER
ACC-029592,SAVINGS,Synthetic Sahyadri Bank 4,CUSTOMER
ACC-009867,SAVINGS,Synthetic Sahyadri Bank 4,CUSTOMER
ACC-018431,SAVINGS,Synthetic Sahyadri Bank 3,CUSTOMER
ACC-024511,SAVINGS,Synthetic Sahyadri Bank 5,CUSTOMER
ACC-024441,SAVINGS,Synthetic Sahyadri Bank 5,CUSTOMER
ACC-021452,SAVINGS,Synthetic Sahyadri Bank 2,CUSTOMER
ACC-025612,SAVINGS,Synthetic Sahyadri Bank 4,CUSTOMER
ACC-006205,SAVINGS,Synthetic Sahyadri Bank 6,CUSTOMER
ACC-014342,SAVINGS,Synthetic Sahyadri Bank 1,CUSTOMER
ACC-025009,SAVINGS,Synthetic Sahyadri Bank 6,CUSTOMER
ACC-017103,SAVINGS,Synthetic Sahyadri Bank 2,CUSTOMER
ACC-016075,SAVINGS,Synthetic Sahyadri Bank 1,CUSTOMER
ACC-022333,SAVINGS,Synthetic Sahyadri Bank 6,CUSTOMER
ACC-010662,SAVINGS,Synthetic Sahyadri Bank 1,CUSTOMER
ACC-004237,SAVINGS,Synthetic Sahyadri Bank 4,CUSTOMER
ACC-010325,SAVINGS,Synthetic Sahyadri Bank 1,CUSTOMER
ACC-009556,SAVINGS,Synthetic Sahyadri Bank 6,CUSTOMER
ACC-017369,SAVINGS,Synthetic Sahyadri Bank 2,CUSTOMER
ACC-005807,SAVINGS,Synthetic Sahyadri Bank 5,CUSTOMER
ACC-006407,SAVINGS,Synthetic Sahyadri Bank 5,CUSTOMER
ACC-000830,SAVINGS,Synthetic Sahyadri Bank 1,CUSTOMER
ACC-002943,SAVINGS,Synthetic Sahyadri Bank 2,CUSTOMER
ACC-023232,SAVINGS,Synthetic Sahyadri Bank 1,CUSTOMER
ACC-029932,SAVINGS,Synthetic Sahyadri Bank 4,CUSTOMER
ACC-005591,SAVINGS,Synthetic Sahyadri Bank 3,CUSTOMER
ACC-008780,SAVINGS,Synthetic Sahyadri Bank 2,CUSTOMER
ACC-005215,SAVINGS,Synthetic Sahyadri Bank 1,CUSTOMER
ACC-020564,SAVINGS,Synthetic Sahyadri Bank 6,CUSTOMER
ACC-015597,SAVINGS,Synthetic Sahyadri Bank 2,CUSTOMER
ACC-012810,SAVINGS,Synthetic Sahyadri Bank 4,CUSTOMER
ACC-013683,SAVINGS,Synthetic Sahyadri Bank 2,CUSTOMER
ACC-017870,SAVINGS,Synthetic Sahyadri Bank 4,CUSTOMER
ACC-017549,SAVINGS,Synthetic Sahyadri Bank 6,CUSTOMER
ACC-012182,SAVINGS,Synthetic Sahyadri Bank 5,CUSTOMER
ACC-020155,SAVINGS,Synthetic Sahyadri Bank 1,CUSTOMER
ACC-015638,SAVINGS,Synthetic Sahyadri Bank 5,CUSTOMER
ACC-001501,SAVINGS,Synthetic Sahyadri Bank 5,CUSTOMER
ACC-025572,SAVINGS,Synthetic Sahyadri Bank 3,CUSTOMER
ACC-026096,SAVINGS,Synthetic Sahyadri Bank 3,CUSTOMER
ACC-026093,SAVINGS,Synthetic Sahyadri Bank 6,CUSTOMER
ACC-008336,SAVINGS,Synthetic Sahyadri Bank 4,CUSTOMER
ACC-003793,SAVINGS,Synthetic Sahyadri Bank 4,CUSTOMER
ACC-005175,SAVINGS,Synthetic Sahyadri Bank 4,CUSTOMER
ACC-019963,SAVINGS,Synthetic Sahyadri Bank 4,CUSTOMER
ACC-014774,SAVINGS,Synthetic Sahyadri Bank 2,CUSTOMER
ACC-017884,SAVINGS,Synthetic Sahyadri Bank 6,CUSTOMER
ACC-000533,SAVINGS,Synthetic Sahyadri Bank 4,CUSTOMER
ACC-006337,SAVINGS,Synthetic Sahyadri Bank 6,CUSTOMER
ACC-009154,SAVINGS,Synthetic Sahyadri Bank 3,CUSTOMER
ACC-014884,SAVINGS,Synthetic Sahyadri Bank 6,CUSTOMER
ACC-006709,SAVINGS,Synthetic Sahyadri Bank 5,CUSTOMER
ACC-013987,SAVINGS,Synthetic Sahyadri Bank 1,CUSTOMER
ACC-027573,SAVINGS,Synthetic Sahyadri Bank 4,CUSTOMER
ACC-009606,SAVINGS,Synthetic Sahyadri Bank 6,CUSTOMER
ACC-001917,SAVINGS,Synthetic Sahyadri Bank 2,CUSTOMER
ACC-004406,SAVINGS,Synthetic Sahyadri Bank 2,CUSTOMER
ACC-018991,SAVINGS,Synthetic Sahyadri Bank 1,CUSTOMER
ACC-019861,SAVINGS,Synthetic Sahyadri Bank 2,CUSTOMER
ACC-004029,SAVINGS,Synthetic Sahyadri Bank 1,CUSTOMER
ACC-015394,SAVINGS,Synthetic Sahyadri Bank 2,CUSTOMER
ACC-016574,SAVINGS,Synthetic Sahyadri Bank 6,CUSTOMER
ACC-027914,SAVINGS,Synthetic Sahyadri Bank 6,CUSTOMER
ACC-019645,SAVINGS,Synthetic Sahyadri Bank 5,CUSTOMER
ACC-018395,SAVINGS,Synthetic Sahyadri Bank 4,CUSTOMER
ACC-005681,SAVINGS,Synthetic Sahyadri Bank 4,CUSTOMER
ACC-020890,SAVINGS,Synthetic Sahyadri Bank 6,CUSTOMER
ACC-017826,SAVINGS,Synthetic Sahyadri Bank 3,CUSTOMER
ACC-014132,SAVINGS,Synthetic Sahyadri Bank 5,CUSTOMER
ACC-010327,SAVINGS,Synthetic Sahyadri Bank 1,CUSTOMER
ACC-028080,SAVINGS,Synthetic Sahyadri Bank 3,CUSTOMER
ACC-024194,SAVINGS,Synthetic Sahyadri Bank 4,CUSTOMER
ACC-021946,SAVINGS,Synthetic Sahyadri Bank 4,CUSTOMER
ACC-004743,SAVINGS,Synthetic Sahyadri Bank 6,CUSTOMER
ACC-003002,SAVINGS,Synthetic Sahyadri Bank 1,CUSTOMER
ACC-023930,SAVINGS,Synthetic Sahyadri Bank 4,CUSTOMER
ACC-023758,SAVINGS,Synthetic Sahyadri Bank 3,CUSTOMER
ACC-020478,SAVINGS,Synthetic Sahyadri Bank 4,CUSTOMER
ACC-016407,SAVINGS,Synthetic Sahyadri Bank 5,CUSTOMER
ACC-014285,SAVINGS,Synthetic Sahyadri Bank 1,CUSTOMER
ACC-010973,SAVINGS,Synthetic Sahyadri Bank 5,CUSTOMER
ACC-019285,SAVINGS,Synthetic Sahyadri Bank 1,CUSTOMER
ACC-015056,SAVINGS,Synthetic Sahyadri Bank 2,CUSTOMER
ACC-023808,SAVINGS,Synthetic Sahyadri Bank 3,CUSTOMER
ACC-023798,SAVINGS,Synthetic Sahyadri Bank 1,CUSTOMER
ACC-027123,SAVINGS,Synthetic Sahyadri Bank 1,CUSTOMER
ACC-017298,SAVINGS,Synthetic Sahyadri Bank 4,CUSTOMER
ACC-022371,SAVINGS,Synthetic Sahyadri Bank 6,CUSTOMER
ACC-027536,SAVINGS,Synthetic Sahyadri Bank 4,CUSTOMER
ACC-024826,SAVINGS,Synthetic Sahyadri Bank 5,CUSTOMER
ACC-011020,SAVINGS,Synthetic Sahyadri Bank 2,CUSTOMER
ACC-000292,SAVINGS,Synthetic Sahyadri Bank 6,CUSTOMER
ACC-028390,SAVINGS,Synthetic Sahyadri Bank 6,CUSTOMER
ACC-009999,SAVINGS,Synthetic Sahyadri Bank 5,CUSTOMER
ACC-016240,SAVINGS,Synthetic Sahyadri Bank 6,CUSTOMER
ACC-009050,SAVINGS,Synthetic Sahyadri Bank 1,CUSTOMER
ACC-002993,SAVINGS,Synthetic Sahyadri Bank 6,CUSTOMER
ACC-008717,SAVINGS,Synthetic Sahyadri Bank 6,CUSTOMER
ACC-004093,SAVINGS,Synthetic Sahyadri Bank 2,CUSTOMER
ACC-000773,SAVINGS,Synthetic Sahyadri Bank 3,CUSTOMER
ACC-028862,SAVINGS,Synthetic Sahyadri Bank 5,CUSTOMER
ACC-028266,SAVINGS,Synthetic Sahyadri Bank 2,CUSTOMER
ACC-023623,SAVINGS,Synthetic Sahyadri Bank 3,CUSTOMER
ACC-019272,SAVINGS,Synthetic Sahyadri Bank 1,CUSTOMER
ACC-015312,SAVINGS,Synthetic Sahyadri Bank 2,CUSTOMER
ACC-028417,SAVINGS,Synthetic Sahyadri Bank 2,CUSTOMER
ACC-020178,SAVINGS,Synthetic Sahyadri Bank 1,CUSTOMER
ACC-005751,SAVINGS,Synthetic Sahyadri Bank 3,CUSTOMER
ACC-026423,SAVINGS,Synthetic Sahyadri Bank 6,CUSTOMER
ACC-002709,SAVINGS,Synthetic Sahyadri Bank 2,CUSTOMER
ACC-018927,SAVINGS,Synthetic Sahyadri Bank 6,CUSTOMER
ACC-013309,SAVINGS,Synthetic Sahyadri Bank 5,CUSTOMER
ACC-015591,SAVINGS,Synthetic Sahyadri Bank 5,CUSTOMER
ACC-023404,SAVINGS,Synthetic Sahyadri Bank 3,CUSTOMER
ACC-007829,SAVINGS,Synthetic Sahyadri Bank 1,CUSTOMER
ACC-029454,SAVINGS,Synthetic Sahyadri Bank 1,CUSTOMER
ACC-010413,SAVINGS,Synthetic Sahyadri Bank 5,CUSTOMER
ACC-006420,SAVINGS,Synthetic Sahyadri Bank 5,CUSTOMER
ACC-025752,SAVINGS,Synthetic Sahyadri Bank 5,CUSTOMER
ACC-005115,SAVINGS,Synthetic Sahyadri Bank 5,CUSTOMER
ACC-019905,SAVINGS,Synthetic Sahyadri Bank 2,CUSTOMER
ACC-026882,SAVINGS,Synthetic Sahyadri Bank 5,CUSTOMER
ACC-011557,SAVINGS,Synthetic Sahyadri Bank 6,CUSTOMER
ACC-011552,SAVINGS,Synthetic Sahyadri Bank 5,CUSTOMER
ACC-027199,SAVINGS,Synthetic Sahyadri Bank 1,CUSTOMER
ACC-010851,SAVINGS,Synthetic Sahyadri Bank 2,CUSTOMER
ACC-015746,SAVINGS,Synthetic Sahyadri Bank 6,CUSTOMER
ACC-020849,SAVINGS,Synthetic Sahyadri Bank 1,CUSTOMER
ACC-001350,SAVINGS,Synthetic Sahyadri Bank 6,CUSTOMER
ACC-028838,SAVINGS,Synthetic Sahyadri Bank 5,CUSTOMER
ACC-025655,SAVINGS,Synthetic Sahyadri Bank 6,CUSTOMER
ACC-007389,SAVINGS,Synthetic Sahyadri Bank 3,CUSTOMER
ACC-012627,SAVINGS,Synthetic Sahyadri Bank 3,CUSTOMER
ACC-005473,SAVINGS,Synthetic Sahyadri Bank 1,CUSTOMER
ACC-028686,SAVINGS,Synthetic Sahyadri Bank 2,CUSTOMER
ACC-002964,SAVINGS,Synthetic Sahyadri Bank 5,CUSTOMER
ACC-002491,SAVINGS,Synthetic Sahyadri Bank 5,CUSTOMER
ACC-007817,SAVINGS,Synthetic Sahyadri Bank 6,CUSTOMER
ACC-000418,SAVINGS,Synthetic Sahyadri Bank 5,CUSTOMER
ACC-026343,SAVINGS,Synthetic Sahyadri Bank 4,CUSTOMER
ACC-013308,SAVINGS,Synthetic Sahyadri Bank 4,CUSTOMER
ACC-009529,SAVINGS,Synthetic Sahyadri Bank 1,CUSTOMER
ACC-012518,SAVINGS,Synthetic Sahyadri Bank 1,CUSTOMER
ACC-023614,SAVINGS,Synthetic Sahyadri Bank 5,CUSTOMER
ACC-029890,SAVINGS,Synthetic Sahyadri Bank 2,CUSTOMER
ACC-011544,SAVINGS,Synthetic Sahyadri Bank 1,CUSTOMER
ACC-021967,SAVINGS,Synthetic Sahyadri Bank 4,CUSTOMER
ACC-000099,SAVINGS,Synthetic Sahyadri Bank 4,CUSTOMER
ACC-017581,SAVINGS,Synthetic Sahyadri Bank 4,CUSTOMER
ACC-006821,SAVINGS,Synthetic Sahyadri Bank 4,CUSTOMER
ACC-018058,SAVINGS,Synthetic Sahyadri Bank 5,CUSTOMER
ACC-024893,SAVINGS,Synthetic Sahyadri Bank 4,CUSTOMER
ACC-004583,SAVINGS,Synthetic Sahyadri Bank 2,CUSTOMER
ACC-026308,SAVINGS,Synthetic Sahyadri Bank 6,CUSTOMER
ACC-025001,SAVINGS,Synthetic Sahyadri Bank 5,CUSTOMER
ACC-001290,SAVINGS,Synthetic Sahyadri Bank 4,CUSTOMER
ACC-013614,SAVINGS,Synthetic Sahyadri Bank 6,CUSTOMER
ACC-010275,SAVINGS,Synthetic Sahyadri Bank 6,CUSTOMER
ACC-026103,SAVINGS,Synthetic Sahyadri Bank 2,CUSTOMER
ACC-028741,SAVINGS,Synthetic Sahyadri Bank 1,CUSTOMER
ACC-015876,SAVINGS,Synthetic Sahyadri Bank 3,CUSTOMER
ACC-018576,SAVINGS,Synthetic Sahyadri Bank 1,CUSTOMER
ACC-024333,SAVINGS,Synthetic Sahyadri Bank 1,CUSTOMER
ACC-012741,SAVINGS,Synthetic Sahyadri Bank 3,CUSTOMER
ACC-022305,SAVINGS,Synthetic Sahyadri Bank 3,CUSTOMER
ACC-007553,SAVINGS,Synthetic Sahyadri Bank 5,CUSTOMER
ACC-022479,SAVINGS,Synthetic Sahyadri Bank 4,CUSTOMER
ACC-014349,SAVINGS,Synthetic Sahyadri Bank 3,CUSTOMER
ACC-000775,SAVINGS,Synthetic Sahyadri Bank 2,CUSTOMER
ACC-027276,SAVINGS,Synthetic Sahyadri Bank 3,CUSTOMER
ACC-016313,SAVINGS,Synthetic Sahyadri Bank 2,CUSTOMER
ACC-005322,SAVINGS,Synthetic Sahyadri Bank 4,CUSTOMER
ACC-015913,SAVINGS,Synthetic Sahyadri Bank 3,CUSTOMER
ACC-022107,SAVINGS,Synthetic Sahyadri Bank 2,CUSTOMER
ACC-005222,SAVINGS,Synthetic Sahyadri Bank 4,CUSTOMER
ACC-000510,SAVINGS,Synthetic Sahyadri Bank 5,CUSTOMER
ACC-018918,SAVINGS,Synthetic Sahyadri Bank 3,CUSTOMER
ACC-015635,SAVINGS,Synthetic Sahyadri Bank 1,CUSTOMER
ACC-000571,SAVINGS,Synthetic Sahyadri Bank 3,CUSTOMER
ACC-003579,SAVINGS,Synthetic Sahyadri Bank 3,CUSTOMER
ACC-004323,SAVINGS,Synthetic Sahyadri Bank 6,CUSTOMER
ACC-017710,SAVINGS,Synthetic Sahyadri Bank 2,CUSTOMER
ACC-015818,SAVINGS,Synthetic Sahyadri Bank 1,CUSTOMER
ACC-027496,SAVINGS,Synthetic Sahyadri Bank 3,CUSTOMER
ACC-003881,SAVINGS,Synthetic Sahyadri Bank 2,CUSTOMER
ACC-022126,SAVINGS,Synthetic Sahyadri Bank 2,CUSTOMER
ACC-025319,SAVINGS,Synthetic Sahyadri Bank 6,CUSTOMER
ACC-011042,SAVINGS,Synthetic Sahyadri Bank 2,CUSTOMER
ACC-026048,SAVINGS,Synthetic Sahyadri Bank 3,CUSTOMER
ACC-025792,SAVINGS,Synthetic Sahyadri Bank 6,CUSTOMER
ACC-015024,SAVINGS,Synthetic Sahyadri Bank 1,CUSTOMER
ACC-007102,SAVINGS,Synthetic Sahyadri Bank 1,CUSTOMER
ACC-006622,SAVINGS,Synthetic Sahyadri Bank 1,CUSTOMER
ACC-008103,SAVINGS,Synthetic Sahyadri Bank 1,CUSTOMER
ACC-017785,SAVINGS,Synthetic Sahyadri Bank 2,CUSTOMER
ACC-014600,SAVINGS,Synthetic Sahyadri Bank 1,CUSTOMER
ACC-012000,SAVINGS,Synthetic Sahyadri Bank 2,CUSTOMER
ACC-028973,SAVINGS,Synthetic Sahyadri Bank 6,CUSTOMER
ACC-017772,SAVINGS,Synthetic Sahyadri Bank 2,CUSTOMER
ACC-007021,SAVINGS,Synthetic Sahyadri Bank 1,CUSTOMER
ACC-003017,SAVINGS,Synthetic Sahyadri Bank 4,CUSTOMER
ACC-001512,SAVINGS,Synthetic Sahyadri Bank 2,CUSTOMER
ACC-013791,SAVINGS,Synthetic Sahyadri Bank 3,CUSTOMER
ACC-017390,SAVINGS,Synthetic Sahyadri Bank 5,CUSTOMER
ACC-027865,SAVINGS,Synthetic Sahyadri Bank 6,CUSTOMER
ACC-014527,SAVINGS,Synthetic Sahyadri Bank 3,CUSTOMER
ACC-015674,SAVINGS,Synthetic Sahyadri Bank 1,CUSTOMER
ACC-014510,SAVINGS,Synthetic Sahyadri Bank 2,CUSTOMER
ACC-025683,SAVINGS,Synthetic Sahyadri Bank 2,CUSTOMER
ACC-025866,SAVINGS,Synthetic Sahyadri Bank 5,CUSTOMER
ACC-012494,SAVINGS,Synthetic Sahyadri Bank 1,CUSTOMER
ACC-025118,SAVINGS,Synthetic Sahyadri Bank 4,CUSTOMER
ACC-002854,SAVINGS,Synthetic Sahyadri Bank 4,CUSTOMER
ACC-010030,SAVINGS,Synthetic Sahyadri Bank 4,CUSTOMER
ACC-014291,SAVINGS,Synthetic Sahyadri Bank 1,CUSTOMER
ACC-024439,SAVINGS,Synthetic Sahyadri Bank 3,CUSTOMER
ACC-027660,SAVINGS,Synthetic Sahyadri Bank 1,CUSTOMER
ACC-025970,SAVINGS,Synthetic Sahyadri Bank 6,CUSTOMER
ACC-025411,SAVINGS,Synthetic Sahyadri Bank 2,CUSTOMER
ACC-004930,SAVINGS,Synthetic Sahyadri Bank 3,CUSTOMER
ACC-014992,SAVINGS,Synthetic Sahyadri Bank 3,CUSTOMER
ACC-015285,SAVINGS,Synthetic Sahyadri Bank 6,CUSTOMER
ACC-011295,SAVINGS,Synthetic Sahyadri Bank 1,CUSTOMER
ACC-003230,SAVINGS,Synthetic Sahyadri Bank 5,CUSTOMER
ACC-018966,SAVINGS,Synthetic Sahyadri Bank 2,CUSTOMER
ACC-017041,SAVINGS,Synthetic Sahyadri Bank 3,CUSTOMER
ACC-028117,SAVINGS,Synthetic Sahyadri Bank 4,CUSTOMER
ACC-022947,SAVINGS,Synthetic Sahyadri Bank 3,CUSTOMER
ACC-021748,SAVINGS,Synthetic Sahyadri Bank 3,CUSTOMER
ACC-006749,SAVINGS,Synthetic Sahyadri Bank 6,CUSTOMER
ACC-025935,SAVINGS,Synthetic Sahyadri Bank 6,CUSTOMER
ACC-003865,SAVINGS,Synthetic Sahyadri Bank 1,CUSTOMER
ACC-021563,SAVINGS,Synthetic Sahyadri Bank 3,CUSTOMER
ACC-013715,SAVINGS,Synthetic Sahyadri Bank 4,CUSTOMER
ACC-008408,SAVINGS,Synthetic Sahyadri Bank 6,CUSTOMER
ACC-010594,SAVINGS,Synthetic Sahyadri Bank 5,CUSTOMER
ACC-016777,SAVINGS,Synthetic Sahyadri Bank 6,CUSTOMER
ACC-019934,SAVINGS,Synthetic Sahyadri Bank 2,CUSTOMER
ACC-000070,SAVINGS,Synthetic Sahyadri Bank 3,CUSTOMER
ACC-001252,SAVINGS,Synthetic Sahyadri Bank 1,CUSTOMER
ACC-011126,SAVINGS,Synthetic Sahyadri Bank 5,CUSTOMER
ACC-024073,SAVINGS,Synthetic Sahyadri Bank 4,CUSTOMER
ACC-003513,SAVINGS,Synthetic Sahyadri Bank 6,CUSTOMER
ACC-028667,SAVINGS,Synthetic Sahyadri Bank 1,CUSTOMER
ACC-029088,SAVINGS,Synthetic Sahyadri Bank 2,CUSTOMER
ACC-002206,SAVINGS,Synthetic Sahyadri Bank 4,CUSTOMER
ACC-000852,SAVINGS,Synthetic Sahyadri Bank 6,CUSTOMER
ACC-010132,SAVINGS,Synthetic Sahyadri Bank 5,CUSTOMER
ACC-023655,SAVINGS,Synthetic Sahyadri Bank 6,CUSTOMER
ACC-029320,SAVINGS,Synthetic Sahyadri Bank 3,CUSTOMER
ACC-019726,SAVINGS,Synthetic Sahyadri Bank 2,CUSTOMER
ACC-026787,SAVINGS,Synthetic Sahyadri Bank 3,CUSTOMER
ACC-000780,SAVINGS,Synthetic Sahyadri Bank 1,CUSTOMER
ACC-015837,SAVINGS,Synthetic Sahyadri Bank 6,CUSTOMER
ACC-027464,SAVINGS,Synthetic Sahyadri Bank 4,CUSTOMER
ACC-011426,SAVINGS,Synthetic Sahyadri Bank 1,CUSTOMER
ACC-022840,SAVINGS,Synthetic Sahyadri Bank 2,CUSTOMER
ACC-017676,SAVINGS,Synthetic Sahyadri Bank 3,CUSTOMER
ACC-022758,SAVINGS,Synthetic Sahyadri Bank 1,CUSTOMER
ACC-010708,SAVINGS,Synthetic Sahyadri Bank 1,CUSTOMER
ACC-001779,SAVINGS,Synthetic Sahyadri Bank 5,CUSTOMER
ACC-005515,SAVINGS,Synthetic Sahyadri Bank 6,CUSTOMER
ACC-004487,SAVINGS,Synthetic Sahyadri Bank 1,CUSTOMER
ACC-005922,SAVINGS,Synthetic Sahyadri Bank 5,CUSTOMER
ACC-004307,SAVINGS,Synthetic Sahyadri Bank 4,CUSTOMER
ACC-000860,SAVINGS,Synthetic Sahyadri Bank 1,CUSTOMER
ACC-005337,SAVINGS,Synthetic Sahyadri Bank 5,CUSTOMER
ACC-018721,SAVINGS,Synthetic Sahyadri Bank 1,CUSTOMER
ACC-006122,SAVINGS,Synthetic Sahyadri Bank 4,CUSTOMER
ACC-001982,SAVINGS,Synthetic Sahyadri Bank 1,CUSTOMER
ACC-024076,SAVINGS,Synthetic Sahyadri Bank 6,CUSTOMER
ACC-017530,SAVINGS,Synthetic Sahyadri Bank 5,CUSTOMER
ACC-014854,SAVINGS,Synthetic Sahyadri Bank 2,CUSTOMER
ACC-012332,SAVINGS,Synthetic Sahyadri Bank 1,CUSTOMER
ACC-021164,SAVINGS,Synthetic Sahyadri Bank 5,CUSTOMER
ACC-018606,SAVINGS,Synthetic Sahyadri Bank 5,CUSTOMER
ACC-021902,SAVINGS,Synthetic Sahyadri Bank 5,CUSTOMER
ACC-006551,SAVINGS,Synthetic Sahyadri Bank 5,CUSTOMER
ACC-020984,SAVINGS,Synthetic Sahyadri Bank 5,CUSTOMER
ACC-023229,SAVINGS,Synthetic Sahyadri Bank 2,CUSTOMER
ACC-026216,SAVINGS,Synthetic Sahyadri Bank 1,CUSTOMER
ACC-001970,SAVINGS,Synthetic Sahyadri Bank 1,CUSTOMER
ACC-029447,SAVINGS,Synthetic Sahyadri Bank 4,CUSTOMER
ACC-000036,SAVINGS,Synthetic Sahyadri Bank 5,CUSTOMER
ACC-007709,SAVINGS,Synthetic Sahyadri Bank 4,CUSTOMER
ACC-003758,SAVINGS,Synthetic Sahyadri Bank 5,CUSTOMER
ACC-001542,SAVINGS,Synthetic Sahyadri Bank 1,CUSTOMER
ACC-013019,SAVINGS,Synthetic Sahyadri Bank 4,CUSTOMER
ACC-017333,SAVINGS,Synthetic Sahyadri Bank 5,CUSTOMER
ACC-029499,SAVINGS,Synthetic Sahyadri Bank 3,CUSTOMER
ACC-016488,SAVINGS,Synthetic Sahyadri Bank 3,CUSTOMER
ACC-015143,SAVINGS,Synthetic Sahyadri Bank 2,CUSTOMER
ACC-003626,SAVINGS,Synthetic Sahyadri Bank 5,CUSTOMER
ACC-016200,SAVINGS,Synthetic Sahyadri Bank 2,CUSTOMER
ACC-026225,SAVINGS,Synthetic Sahyadri Bank 2,CUSTOMER
ACC-008475,SAVINGS,Synthetic Sahyadri Bank 1,CUSTOMER
ACC-028786,SAVINGS,Synthetic Sahyadri Bank 2,CUSTOMER
ACC-026659,SAVINGS,Synthetic Sahyadri Bank 3,CUSTOMER
ACC-021960,SAVINGS,Synthetic Sahyadri Bank 3,CUSTOMER
ACC-015975,SAVINGS,Synthetic Sahyadri Bank 1,CUSTOMER
ACC-006890,SAVINGS,Synthetic Sahyadri Bank 4,CUSTOMER
ACC-011334,SAVINGS,Synthetic Sahyadri Bank 4,CUSTOMER
ACC-020859,SAVINGS,Synthetic Sahyadri Bank 4,CUSTOMER
ACC-025059,SAVINGS,Synthetic Sahyadri Bank 3,CUSTOMER
ACC-017090,SAVINGS,Synthetic Sahyadri Bank 5,CUSTOMER
ACC-009777,SAVINGS,Synthetic Sahyadri Bank 2,CUSTOMER
ACC-015004,SAVINGS,Synthetic Sahyadri Bank 3,CUSTOMER
ACC-017104,SAVINGS,Synthetic Sahyadri Bank 4,CUSTOMER
ACC-006127,SAVINGS,Synthetic Sahyadri Bank 2,CUSTOMER
ACC-003511,SAVINGS,Synthetic Sahyadri Bank 2,CUSTOMER
ACC-028298,SAVINGS,Synthetic Sahyadri Bank 5,CUSTOMER
ACC-001211,SAVINGS,Synthetic Sahyadri Bank 2,CUSTOMER
ACC-023297,SAVINGS,Synthetic Sahyadri Bank 6,CUSTOMER
ACC-019217,SAVINGS,Synthetic Sahyadri Bank 6,CUSTOMER
ACC-008500,SAVINGS,Synthetic Sahyadri Bank 1,CUSTOMER
ACC-019990,SAVINGS,Synthetic Sahyadri Bank 1,CUSTOMER
ACC-000899,SAVINGS,Synthetic Sahyadri Bank 4,CUSTOMER
ACC-024716,SAVINGS,Synthetic Sahyadri Bank 5,CUSTOMER
ACC-007625,SAVINGS,Synthetic Sahyadri Bank 4,CUSTOMER
ACC-019656,SAVINGS,Synthetic Sahyadri Bank 1,CUSTOMER
ACC-009037,SAVINGS,Synthetic Sahyadri Bank 2,CUSTOMER
ACC-004511,SAVINGS,Synthetic Sahyadri Bank 3,CUSTOMER
ACC-018805,SAVINGS,Synthetic Sahyadri Bank 2,CUSTOMER
ACC-010302,SAVINGS,Synthetic Sahyadri Bank 5,CUSTOMER
ACC-017397,SAVINGS,Synthetic Sahyadri Bank 5,CUSTOMER
ACC-025251,SAVINGS,Synthetic Sahyadri Bank 2,CUSTOMER
ACC-018745,SAVINGS,Synthetic Sahyadri Bank 2,CUSTOMER
ACC-000290,SAVINGS,Synthetic Sahyadri Bank 6,CUSTOMER
ACC-009091,SAVINGS,Synthetic Sahyadri Bank 5,CUSTOMER
ACC-008435,SAVINGS,Synthetic Sahyadri Bank 1,CUSTOMER
ACC-000335,SAVINGS,Synthetic Sahyadri Bank 3,CUSTOMER
ACC-028818,SAVINGS,Synthetic Sahyadri Bank 5,CUSTOMER
ACC-028898,SAVINGS,Synthetic Sahyadri Bank 2,CUSTOMER
ACC-026633,SAVINGS,Synthetic Sahyadri Bank 4,CUSTOMER
ACC-014626,SAVINGS,Synthetic Sahyadri Bank 6,CUSTOMER
ACC-028726,SAVINGS,Synthetic Sahyadri Bank 6,CUSTOMER
ACC-017364,SAVINGS,Synthetic Sahyadri Bank 1,CUSTOMER
ACC-012688,SAVINGS,Synthetic Sahyadri Bank 4,CUSTOMER
ACC-001946,SAVINGS,Synthetic Sahyadri Bank 2,CUSTOMER
ACC-027252,SAVINGS,Synthetic Sahyadri Bank 6,CUSTOMER
ACC-013910,SAVINGS,Synthetic Sahyadri Bank 1,CUSTOMER
ACC-027039,SAVINGS,Synthetic Sahyadri Bank 4,CUSTOMER
ACC-017076,SAVINGS,Synthetic Sahyadri Bank 5,CUSTOMER
ACC-009716,SAVINGS,Synthetic Sahyadri Bank 1,CUSTOMER
ACC-016605,SAVINGS,Synthetic Sahyadri Bank 1,CUSTOMER
ACC-022347,SAVINGS,Synthetic Sahyadri Bank 6,CUSTOMER
ACC-001150,SAVINGS,Synthetic Sahyadri Bank 4,CUSTOMER
ACC-020461,SAVINGS,Synthetic Sahyadri Bank 1,CUSTOMER
ACC-029654,SAVINGS,Synthetic Sahyadri Bank 1,CUSTOMER
ACC-020292,SAVINGS,Synthetic Sahyadri Bank 6,CUSTOMER
ACC-009622,SAVINGS,Synthetic Sahyadri Bank 5,CUSTOMER
ACC-016145,SAVINGS,Synthetic Sahyadri Bank 1,CUSTOMER
ACC-006834,SAVINGS,Synthetic Sahyadri Bank 4,CUSTOMER
ACC-016284,SAVINGS,Synthetic Sahyadri Bank 6,CUSTOMER
ACC-005395,SAVINGS,Synthetic Sahyadri Bank 6,CUSTOMER
ACC-018943,SAVINGS,Synthetic Sahyadri Bank 2,CUSTOMER
ACC-020262,SAVINGS,Synthetic Sahyadri Bank 4,CUSTOMER
ACC-023916,SAVINGS,Synthetic Sahyadri Bank 6,CUSTOMER
ACC-013031,SAVINGS,Synthetic Sahyadri Bank 5,CUSTOMER
ACC-016163,SAVINGS,Synthetic Sahyadri Bank 6,CUSTOMER
ACC-027441,SAVINGS,Synthetic Sahyadri Bank 4,CUSTOMER
ACC-010542,SAVINGS,Synthetic Sahyadri Bank 5,CUSTOMER
ACC-002469,SAVINGS,Synthetic Sahyadri Bank 3,CUSTOMER
ACC-026934,SAVINGS,Synthetic Sahyadri Bank 6,CUSTOMER
ACC-001995,SAVINGS,Synthetic Sahyadri Bank 3,CUSTOMER
ACC-025606,SAVINGS,Synthetic Sahyadri Bank 2,CUSTOMER
ACC-026371,SAVINGS,Synthetic Sahyadri Bank 5,CUSTOMER
ACC-013356,SAVINGS,Synthetic Sahyadri Bank 4,CUSTOMER
ACC-001330,SAVINGS,Synthetic Sahyadri Bank 1,CUSTOMER
ACC-024913,SAVINGS,Synthetic Sahyadri Bank 1,CUSTOMER
ACC-013296,SAVINGS,Synthetic Sahyadri Bank 5,CUSTOMER
ACC-008793,SAVINGS,Synthetic Sahyadri Bank 6,CUSTOMER
ACC-001875,SAVINGS,Synthetic Sahyadri Bank 2,CUSTOMER
ACC-002968,SAVINGS,Synthetic Sahyadri Bank 2,CUSTOMER
ACC-027064,SAVINGS,Synthetic Sahyadri Bank 3,CUSTOMER
ACC-015441,SAVINGS,Synthetic Sahyadri Bank 3,CUSTOMER
ACC-009420,SAVINGS,Synthetic Sahyadri Bank 1,CUSTOMER
ACC-004446,SAVINGS,Synthetic Sahyadri Bank 2,CUSTOMER
ACC-029188,SAVINGS,Synthetic Sahyadri Bank 2,CUSTOMER
ACC-011139,SAVINGS,Synthetic Sahyadri Bank 2,CUSTOMER
ACC-023211,SAVINGS,Synthetic Sahyadri Bank 2,CUSTOMER
ACC-014392,SAVINGS,Synthetic Sahyadri Bank 1,CUSTOMER
ACC-025191,SAVINGS,Synthetic Sahyadri Bank 2,CUSTOMER
ACC-019602,SAVINGS,Synthetic Sahyadri Bank 2,CUSTOMER
ACC-000394,SAVINGS,Synthetic Sahyadri Bank 1,CUSTOMER
ACC-001750,SAVINGS,Synthetic Sahyadri Bank 6,CUSTOMER
ACC-026551,SAVINGS,Synthetic Sahyadri Bank 6,CUSTOMER
ACC-008236,SAVINGS,Synthetic Sahyadri Bank 5,CUSTOMER
ACC-021939,SAVINGS,Synthetic Sahyadri Bank 3,CUSTOMER
ACC-024835,SAVINGS,Synthetic Sahyadri Bank 4,CUSTOMER
ACC-006243,SAVINGS,Synthetic Sahyadri Bank 4,CUSTOMER
ACC-000511,SAVINGS,Synthetic Sahyadri Bank 5,CUSTOMER
ACC-006588,SAVINGS,Synthetic Sahyadri Bank 4,CUSTOMER
ACC-002216,SAVINGS,Synthetic Sahyadri Bank 5,CUSTOMER
ACC-027708,SAVINGS,Synthetic Sahyadri Bank 6,CUSTOMER
ACC-027367,SAVINGS,Synthetic Sahyadri Bank 3,CUSTOMER
ACC-019805,SAVINGS,Synthetic Sahyadri Bank 4,CUSTOMER
ACC-020003,SAVINGS,Synthetic Sahyadri Bank 2,CUSTOMER
ACC-018526,SAVINGS,Synthetic Sahyadri Bank 3,CUSTOMER
ACC-015354,SAVINGS,Synthetic Sahyadri Bank 2,CUSTOMER
ACC-015898,SAVINGS,Synthetic Sahyadri Bank 5,CUSTOMER
ACC-013046,SAVINGS,Synthetic Sahyadri Bank 5,CUSTOMER
ACC-029392,SAVINGS,Synthetic Sahyadri Bank 1,CUSTOMER
ACC-020349,SAVINGS,Synthetic Sahyadri Bank 5,CUSTOMER
ACC-005235,SAVINGS,Synthetic Sahyadri Bank 5,CUSTOMER
ACC-014491,SAVINGS,Synthetic Sahyadri Bank 3,CUSTOMER
ACC-024083,SAVINGS,Synthetic Sahyadri Bank 3,CUSTOMER
ACC-012592,SAVINGS,Synthetic Sahyadri Bank 4,CUSTOMER
ACC-026594,SAVINGS,Synthetic Sahyadri Bank 2,CUSTOMER
ACC-018714,SAVINGS,Synthetic Sahyadri Bank 5,CUSTOMER
ACC-022205,SAVINGS,Synthetic Sahyadri Bank 2,CUSTOMER
ACC-024483,SAVINGS,Synthetic Sahyadri Bank 2,CUSTOMER
ACC-023644,SAVINGS,Synthetic Sahyadri Bank 5,CUSTOMER
ACC-005629,SAVINGS,Synthetic Sahyadri Bank 6,CUSTOMER
ACC-008608,SAVINGS,Synthetic Sahyadri Bank 6,CUSTOMER
ACC-000530,SAVINGS,Synthetic Sahyadri Bank 3,CUSTOMER
ACC-005211,SAVINGS,Synthetic Sahyadri Bank 1,CUSTOMER
ACC-002903,SAVINGS,Synthetic Sahyadri Bank 5,CUSTOMER
ACC-020450,SAVINGS,Synthetic Sahyadri Bank 4,CUSTOMER
ACC-026932,SAVINGS,Synthetic Sahyadri Bank 5,CUSTOMER
ACC-023897,SAVINGS,Synthetic Sahyadri Bank 1,CUSTOMER
ACC-020343,SAVINGS,Synthetic Sahyadri Bank 2,CUSTOMER
ACC-009038,SAVINGS,Synthetic Sahyadri Bank 3,CUSTOMER
ACC-010652,SAVINGS,Synthetic Sahyadri Bank 6,CUSTOMER
ACC-003026,SAVINGS,Synthetic Sahyadri Bank 3,CUSTOMER
ACC-013013,SAVINGS,Synthetic Sahyadri Bank 2,CUSTOMER
ACC-002615,SAVINGS,Synthetic Sahyadri Bank 1,CUSTOMER
ACC-004475,SAVINGS,Synthetic Sahyadri Bank 5,CUSTOMER
ACC-004642,SAVINGS,Synthetic Sahyadri Bank 4,CUSTOMER
ACC-005319,SAVINGS,Synthetic Sahyadri Bank 1,CUSTOMER
ACC-004555,SAVINGS,Synthetic Sahyadri Bank 1,CUSTOMER
ACC-010684,SAVINGS,Synthetic Sahyadri Bank 3,CUSTOMER
ACC-015005,SAVINGS,Synthetic Sahyadri Bank 1,CUSTOMER
ACC-010475,SAVINGS,Synthetic Sahyadri Bank 4,CUSTOMER
ACC-006760,SAVINGS,Synthetic Sahyadri Bank 6,CUSTOMER
ACC-003688,SAVINGS,Synthetic Sahyadri Bank 1,CUSTOMER
ACC-025068,SAVINGS,Synthetic Sahyadri Bank 3,CUSTOMER
ACC-004236,SAVINGS,Synthetic Sahyadri Bank 4,CUSTOMER
ACC-001098,SAVINGS,Synthetic Sahyadri Bank 4,CUSTOMER
ACC-029868,SAVINGS,Synthetic Sahyadri Bank 1,CUSTOMER
ACC-006175,SAVINGS,Synthetic Sahyadri Bank 4,CUSTOMER
ACC-000169,SAVINGS,Synthetic Sahyadri Bank 5,CUSTOMER
ACC-000430,SAVINGS,Synthetic Sahyadri Bank 2,CUSTOMER
ACC-015627,SAVINGS,Synthetic Sahyadri Bank 1,CUSTOMER
ACC-019945,SAVINGS,Synthetic Sahyadri Bank 5,CUSTOMER
ACC-001734,SAVINGS,Synthetic Sahyadri Bank 1,CUSTOMER
ACC-017167,SAVINGS,Synthetic Sahyadri Bank 3,CUSTOMER
ACC-014994,SAVINGS,Synthetic Sahyadri Bank 4,CUSTOMER
ACC-003470,SAVINGS,Synthetic Sahyadri Bank 3,CUSTOMER
ACC-003149,SAVINGS,Synthetic Sahyadri Bank 4,CUSTOMER
ACC-012818,SAVINGS,Synthetic Sahyadri Bank 3,CUSTOMER
ACC-006736,SAVINGS,Synthetic Sahyadri Bank 4,CUSTOMER
ACC-029625,SAVINGS,Synthetic Sahyadri Bank 6,CUSTOMER
ACC-003332,SAVINGS,Synthetic Sahyadri Bank 4,CUSTOMER
ACC-020436,SAVINGS,Synthetic Sahyadri Bank 6,CUSTOMER
ACC-010519,SAVINGS,Synthetic Sahyadri Bank 5,CUSTOMER
ACC-013459,SAVINGS,Synthetic Sahyadri Bank 2,CUSTOMER
ACC-021538,SAVINGS,Synthetic Sahyadri Bank 2,CUSTOMER
ACC-019976,SAVINGS,Synthetic Sahyadri Bank 3,CUSTOMER
ACC-005956,SAVINGS,Synthetic Sahyadri Bank 1,CUSTOMER
ACC-025206,SAVINGS,Synthetic Sahyadri Bank 3,CUSTOMER
ACC-016683,SAVINGS,Synthetic Sahyadri Bank 2,CUSTOMER
ACC-025761,SAVINGS,Synthetic Sahyadri Bank 6,CUSTOMER
ACC-017384,SAVINGS,Synthetic Sahyadri Bank 3,CUSTOMER
ACC-005864,SAVINGS,Synthetic Sahyadri Bank 1,CUSTOMER
ACC-023709,SAVINGS,Synthetic Sahyadri Bank 4,CUSTOMER
ACC-021086,SAVINGS,Synthetic Sahyadri Bank 5,CUSTOMER
ACC-013257,SAVINGS,Synthetic Sahyadri Bank 2,CUSTOMER
ACC-006646,SAVINGS,Synthetic Sahyadri Bank 3,CUSTOMER
ACC-025993,SAVINGS,Synthetic Sahyadri Bank 5,CUSTOMER
ACC-013032,SAVINGS,Synthetic Sahyadri Bank 4,CUSTOMER
ACC-017800,SAVINGS,Synthetic Sahyadri Bank 5,CUSTOMER
ACC-013064,SAVINGS,Synthetic Sahyadri Bank 3,CUSTOMER
ACC-007742,SAVINGS,Synthetic Sahyadri Bank 6,CUSTOMER
ACC-024534,SAVINGS,Synthetic Sahyadri Bank 2,CUSTOMER
ACC-002961,SAVINGS,Synthetic Sahyadri Bank 1,CUSTOMER
ACC-026610,SAVINGS,Synthetic Sahyadri Bank 1,CUSTOMER
ACC-026001,SAVINGS,Synthetic Sahyadri Bank 2,CUSTOMER
ACC-018115,SAVINGS,Synthetic Sahyadri Bank 3,CUSTOMER
ACC-008622,SAVINGS,Synthetic Sahyadri Bank 6,CUSTOMER
ACC-007603,SAVINGS,Synthetic Sahyadri Bank 4,CUSTOMER
ACC-003241,SAVINGS,Synthetic Sahyadri Bank 2,CUSTOMER
ACC-025633,SAVINGS,Synthetic Sahyadri Bank 5,CUSTOMER
ACC-012033,SAVINGS,Synthetic Sahyadri Bank 4,CUSTOMER
ACC-012950,SAVINGS,Synthetic Sahyadri Bank 1,CUSTOMER
ACC-019973,SAVINGS,Synthetic Sahyadri Bank 1,CUSTOMER
ACC-021478,SAVINGS,Synthetic Sahyadri Bank 4,CUSTOMER
ACC-014024,SAVINGS,Synthetic Sahyadri Bank 1,CUSTOMER
ACC-011973,SAVINGS,Synthetic Sahyadri Bank 3,CUSTOMER
ACC-004158,SAVINGS,Synthetic Sahyadri Bank 1,CUSTOMER
ACC-016765,SAVINGS,Synthetic Sahyadri Bank 6,CUSTOMER
ACC-007172,SAVINGS,Synthetic Sahyadri Bank 4,CUSTOMER
ACC-000488,SAVINGS,Synthetic Sahyadri Bank 1,CUSTOMER
ACC-019899,SAVINGS,Synthetic Sahyadri Bank 1,CUSTOMER
ACC-026509,SAVINGS,Synthetic Sahyadri Bank 5,CUSTOMER
ACC-000052,SAVINGS,Synthetic Sahyadri Bank 1,CUSTOMER
ACC-023146,SAVINGS,Synthetic Sahyadri Bank 4,CUSTOMER
ACC-019757,SAVINGS,Synthetic Sahyadri Bank 1,CUSTOMER
ACC-015180,SAVINGS,Synthetic Sahyadri Bank 6,CUSTOMER
ACC-011623,SAVINGS,Synthetic Sahyadri Bank 3,CUSTOMER
ACC-007302,SAVINGS,Synthetic Sahyadri Bank 2,CUSTOMER
ACC-011381,SAVINGS,Synthetic Sahyadri Bank 6,CUSTOMER
ACC-006838,SAVINGS,Synthetic Sahyadri Bank 6,CUSTOMER
ACC-011840,SAVINGS,Synthetic Sahyadri Bank 6,CUSTOMER
ACC-020872,SAVINGS,Synthetic Sahyadri Bank 1,CUSTOMER
ACC-026373,SAVINGS,Synthetic Sahyadri Bank 6,CUSTOMER
ACC-023889,SAVINGS,Synthetic Sahyadri Bank 1,CUSTOMER
ACC-014515,SAVINGS,Synthetic Sahyadri Bank 5,CUSTOMER
ACC-024339,SAVINGS,Synthetic Sahyadri Bank 1,CUSTOMER
ACC-001990,SAVINGS,Synthetic Sahyadri Bank 3,CUSTOMER
ACC-013806,SAVINGS,Synthetic Sahyadri Bank 6,CUSTOMER
ACC-025936,SAVINGS,Synthetic Sahyadri Bank 1,CUSTOMER
ACC-019978,SAVINGS,Synthetic Sahyadri Bank 3,CUSTOMER
ACC-015707,SAVINGS,Synthetic Sahyadri Bank 1,CUSTOMER
ACC-002720,SAVINGS,Synthetic Sahyadri Bank 6,CUSTOMER
ACC-005905,SAVINGS,Synthetic Sahyadri Bank 2,CUSTOMER
ACC-015322,SAVINGS,Synthetic Sahyadri Bank 3,CUSTOMER
ACC-023520,SAVINGS,Synthetic Sahyadri Bank 5,CUSTOMER
ACC-029439,SAVINGS,Synthetic Sahyadri Bank 2,CUSTOMER
ACC-012758,SAVINGS,Synthetic Sahyadri Bank 6,CUSTOMER
ACC-021392,SAVINGS,Synthetic Sahyadri Bank 5,CUSTOMER
ACC-020690,SAVINGS,Synthetic Sahyadri Bank 1,CUSTOMER
ACC-009770,SAVINGS,Synthetic Sahyadri Bank 3,CUSTOMER
ACC-027950,SAVINGS,Synthetic Sahyadri Bank 6,CUSTOMER
ACC-019823,SAVINGS,Synthetic Sahyadri Bank 6,CUSTOMER
ACC-019623,SAVINGS,Synthetic Sahyadri Bank 4,CUSTOMER
ACC-022974,SAVINGS,Synthetic Sahyadri Bank 2,CUSTOMER
ACC-023732,SAVINGS,Synthetic Sahyadri Bank 3,CUSTOMER
ACC-022876,SAVINGS,Synthetic Sahyadri Bank 3,CUSTOMER
ACC-009504,SAVINGS,Synthetic Sahyadri Bank 1,CUSTOMER
ACC-019153,SAVINGS,Synthetic Sahyadri Bank 2,CUSTOMER
ACC-022076,SAVINGS,Synthetic Sahyadri Bank 5,CUSTOMER
ACC-012875,SAVINGS,Synthetic Sahyadri Bank 1,CUSTOMER
ACC-017904,SAVINGS,Synthetic Sahyadri Bank 5,CUSTOMER
ACC-019591,SAVINGS,Synthetic Sahyadri Bank 4,CUSTOMER
ACC-001493,SAVINGS,Synthetic Sahyadri Bank 5,CUSTOMER
ACC-016751,SAVINGS,Synthetic Sahyadri Bank 6,CUSTOMER
ACC-001924,SAVINGS,Synthetic Sahyadri Bank 6,CUSTOMER
ACC-021499,SAVINGS,Synthetic Sahyadri Bank 3,CUSTOMER
ACC-020880,SAVINGS,Synthetic Sahyadri Bank 4,CUSTOMER
ACC-001154,SAVINGS,Synthetic Sahyadri Bank 3,CUSTOMER
ACC-026652,SAVINGS,Synthetic Sahyadri Bank 4,CUSTOMER
ACC-029830,SAVINGS,Synthetic Sahyadri Bank 3,CUSTOMER
ACC-002324,SAVINGS,Synthetic Sahyadri Bank 1,CUSTOMER
ACC-007395,SAVINGS,Synthetic Sahyadri Bank 2,CUSTOMER
ACC-015537,SAVINGS,Synthetic Sahyadri Bank 2,CUSTOMER
ACC-009840,SAVINGS,Synthetic Sahyadri Bank 3,CUSTOMER
ACC-001546,SAVINGS,Synthetic Sahyadri Bank 3,CUSTOMER
ACC-025179,SAVINGS,Synthetic Sahyadri Bank 3,CUSTOMER
ACC-021681,SAVINGS,Synthetic Sahyadri Bank 2,CUSTOMER
ACC-007493,SAVINGS,Synthetic Sahyadri Bank 1,CUSTOMER
ACC-002628,SAVINGS,Synthetic Sahyadri Bank 2,CUSTOMER
ACC-009520,SAVINGS,Synthetic Sahyadri Bank 6,CUSTOMER
ACC-022789,SAVINGS,Synthetic Sahyadri Bank 6,CUSTOMER
ACC-023202,SAVINGS,Synthetic Sahyadri Bank 4,CUSTOMER
ACC-014038,SAVINGS,Synthetic Sahyadri Bank 4,CUSTOMER
ACC-024569,SAVINGS,Synthetic Sahyadri Bank 5,CUSTOMER
ACC-007869,SAVINGS,Synthetic Sahyadri Bank 2,CUSTOMER
ACC-009685,SAVINGS,Synthetic Sahyadri Bank 4,CUSTOMER
ACC-017339,SAVINGS,Synthetic Sahyadri Bank 4,CUSTOMER
ACC-001733,SAVINGS,Synthetic Sahyadri Bank 1,CUSTOMER
ACC-015632,SAVINGS,Synthetic Sahyadri Bank 2,CUSTOMER
ACC-019305,SAVINGS,Synthetic Sahyadri Bank 1,CUSTOMER
ACC-026311,SAVINGS,Synthetic Sahyadri Bank 1,CUSTOMER
ACC-007420,SAVINGS,Synthetic Sahyadri Bank 2,CUSTOMER
ACC-024666,SAVINGS,Synthetic Sahyadri Bank 6,CUSTOMER
ACC-009439,SAVINGS,Synthetic Sahyadri Bank 2,CUSTOMER
ACC-009629,SAVINGS,Synthetic Sahyadri Bank 6,CUSTOMER
ACC-012913,SAVINGS,Synthetic Sahyadri Bank 2,CUSTOMER
ACC-014268,SAVINGS,Synthetic Sahyadri Bank 1,CUSTOMER
ACC-018628,SAVINGS,Synthetic Sahyadri Bank 3,CUSTOMER
ACC-028204,SAVINGS,Synthetic Sahyadri Bank 5,CUSTOMER
ACC-003941,SAVINGS,Synthetic Sahyadri Bank 4,CUSTOMER
ACC-000676,SAVINGS,Synthetic Sahyadri Bank 3,CUSTOMER
ACC-023998,SAVINGS,Synthetic Sahyadri Bank 3,CUSTOMER
ACC-027547,SAVINGS,Synthetic Sahyadri Bank 5,CUSTOMER
ACC-015315,SAVINGS,Synthetic Sahyadri Bank 6,CUSTOMER
ACC-022176,SAVINGS,Synthetic Sahyadri Bank 2,CUSTOMER
ACC-025326,SAVINGS,Synthetic Sahyadri Bank 2,CUSTOMER
ACC-017655,SAVINGS,Synthetic Sahyadri Bank 1,CUSTOMER
ACC-018837,SAVINGS,Synthetic Sahyadri Bank 5,CUSTOMER
ACC-016597,SAVINGS,Synthetic Sahyadri Bank 1,CUSTOMER
ACC-028423,SAVINGS,Synthetic Sahyadri Bank 3,CUSTOMER
ACC-003281,SAVINGS,Synthetic Sahyadri Bank 1,CUSTOMER
ACC-016576,SAVINGS,Synthetic Sahyadri Bank 5,CUSTOMER
ACC-027904,SAVINGS,Synthetic Sahyadri Bank 5,CUSTOMER
ACC-001143,SAVINGS,Synthetic Sahyadri Bank 3,CUSTOMER
ACC-012881,SAVINGS,Synthetic Sahyadri Bank 6,CUSTOMER
ACC-011279,SAVINGS,Synthetic Sahyadri Bank 5,CUSTOMER
ACC-009986,SAVINGS,Synthetic Sahyadri Bank 2,CUSTOMER
ACC-021350,SAVINGS,Synthetic Sahyadri Bank 2,CUSTOMER
ACC-019494,SAVINGS,Synthetic Sahyadri Bank 1,CUSTOMER
ACC-025913,SAVINGS,Synthetic Sahyadri Bank 5,CUSTOMER
ACC-016486,SAVINGS,Synthetic Sahyadri Bank 5,CUSTOMER
ACC-018912,SAVINGS,Synthetic Sahyadri Bank 4,CUSTOMER
ACC-019279,SAVINGS,Synthetic Sahyadri Bank 4,CUSTOMER
ACC-008816,SAVINGS,Synthetic Sahyadri Bank 4,CUSTOMER
ACC-012268,SAVINGS,Synthetic Sahyadri Bank 3,CUSTOMER
ACC-016241,SAVINGS,Synthetic Sahyadri Bank 6,CUSTOMER
ACC-029461,SAVINGS,Synthetic Sahyadri Bank 2,CUSTOMER
ACC-020492,SAVINGS,Synthetic Sahyadri Bank 2,CUSTOMER
ACC-024888,SAVINGS,Synthetic Sahyadri Bank 5,CUSTOMER
ACC-022381,SAVINGS,Synthetic Sahyadri Bank 6,CUSTOMER
ACC-023880,SAVINGS,Synthetic Sahyadri Bank 6,CUSTOMER
ACC-027838,SAVINGS,Synthetic Sahyadri Bank 5,CUSTOMER
ACC-008879,SAVINGS,Synthetic Sahyadri Bank 2,CUSTOMER
ACC-015257,SAVINGS,Synthetic Sahyadri Bank 4,CUSTOMER
ACC-024160,SAVINGS,Synthetic Sahyadri Bank 5,CUSTOMER
ACC-008599,SAVINGS,Synthetic Sahyadri Bank 4,CUSTOMER
ACC-011904,SAVINGS,Synthetic Sahyadri Bank 3,CUSTOMER
ACC-021804,SAVINGS,Synthetic Sahyadri Bank 3,CUSTOMER
ACC-025485,SAVINGS,Synthetic Sahyadri Bank 2,CUSTOMER
ACC-018062,SAVINGS,Synthetic Sahyadri Bank 2,CUSTOMER
ACC-019847,SAVINGS,Synthetic Sahyadri Bank 1,CUSTOMER
ACC-029495,SAVINGS,Synthetic Sahyadri Bank 2,CUSTOMER
ACC-029361,SAVINGS,Synthetic Sahyadri Bank 6,CUSTOMER
ACC-017480,SAVINGS,Synthetic Sahyadri Bank 2,CUSTOMER
ACC-014703,SAVINGS,Synthetic Sahyadri Bank 5,CUSTOMER
ACC-016798,SAVINGS,Synthetic Sahyadri Bank 2,CUSTOMER
ACC-025927,SAVINGS,Synthetic Sahyadri Bank 4,CUSTOMER
ACC-000760,SAVINGS,Synthetic Sahyadri Bank 5,CUSTOMER
ACC-029019,SAVINGS,Synthetic Sahyadri Bank 1,CUSTOMER
ACC-021355,SAVINGS,Synthetic Sahyadri Bank 1,CUSTOMER
ACC-018911,SAVINGS,Synthetic Sahyadri Bank 1,CUSTOMER
ACC-016898,SAVINGS,Synthetic Sahyadri Bank 4,CUSTOMER
ACC-000589,SAVINGS,Synthetic Sahyadri Bank 5,CUSTOMER
ACC-003804,SAVINGS,Synthetic Sahyadri Bank 5,CUSTOMER
ACC-014924,SAVINGS,Synthetic Sahyadri Bank 2,CUSTOMER
ACC-024446,SAVINGS,Synthetic Sahyadri Bank 3,CUSTOMER
ACC-000506,SAVINGS,Synthetic Sahyadri Bank 5,CUSTOMER
ACC-004374,SAVINGS,Synthetic Sahyadri Bank 6,CUSTOMER
ACC-000709,SAVINGS,Synthetic Sahyadri Bank 3,CUSTOMER
ACC-016060,SAVINGS,Synthetic Sahyadri Bank 4,CUSTOMER
ACC-004003,SAVINGS,Synthetic Sahyadri Bank 2,CUSTOMER
ACC-014536,SAVINGS,Synthetic Sahyadri Bank 1,CUSTOMER
ACC-001395,SAVINGS,Synthetic Sahyadri Bank 6,CUSTOMER
ACC-011934,SAVINGS,Synthetic Sahyadri Bank 2,CUSTOMER
ACC-009475,SAVINGS,Synthetic Sahyadri Bank 1,CUSTOMER
ACC-011462,SAVINGS,Synthetic Sahyadri Bank 2,CUSTOMER
ACC-018657,SAVINGS,Synthetic Sahyadri Bank 2,CUSTOMER
ACC-014782,SAVINGS,Synthetic Sahyadri Bank 5,CUSTOMER
ACC-011642,SAVINGS,Synthetic Sahyadri Bank 3,CUSTOMER
ACC-013979,SAVINGS,Synthetic Sahyadri Bank 5,CUSTOMER
ACC-015719,SAVINGS,Synthetic Sahyadri Bank 1,CUSTOMER
ACC-028557,SAVINGS,Synthetic Sahyadri Bank 4,CUSTOMER
ACC-000091,SAVINGS,Synthetic Sahyadri Bank 2,CUSTOMER
ACC-006142,SAVINGS,Synthetic Sahyadri Bank 6,CUSTOMER
ACC-022948,SAVINGS,Synthetic Sahyadri Bank 3,CUSTOMER
ACC-003829,SAVINGS,Synthetic Sahyadri Bank 1,CUSTOMER
ACC-021826,SAVINGS,Synthetic Sahyadri Bank 4,CUSTOMER
ACC-008390,SAVINGS,Synthetic Sahyadri Bank 1,CUSTOMER
ACC-012157,SAVINGS,Synthetic Sahyadri Bank 3,CUSTOMER
ACC-008677,SAVINGS,Synthetic Sahyadri Bank 1,CUSTOMER
ACC-006504,SAVINGS,Synthetic Sahyadri Bank 6,CUSTOMER
ACC-020536,SAVINGS,Synthetic Sahyadri Bank 5,CUSTOMER
ACC-023673,SAVINGS,Synthetic Sahyadri Bank 3,CUSTOMER
ACC-022830,SAVINGS,Synthetic Sahyadri Bank 4,CUSTOMER
ACC-013935,SAVINGS,Synthetic Sahyadri Bank 3,CUSTOMER
ACC-007033,SAVINGS,Synthetic Sahyadri Bank 6,CUSTOMER
ACC-025004,SAVINGS,Synthetic Sahyadri Bank 4,CUSTOMER
ACC-027374,SAVINGS,Synthetic Sahyadri Bank 5,CUSTOMER
ACC-006111,SAVINGS,Synthetic Sahyadri Bank 6,CUSTOMER
ACC-026793,SAVINGS,Synthetic Sahyadri Bank 3,CUSTOMER
ACC-025923,SAVINGS,Synthetic Sahyadri Bank 1,CUSTOMER
ACC-021435,SAVINGS,Synthetic Sahyadri Bank 1,CUSTOMER
ACC-001332,SAVINGS,Synthetic Sahyadri Bank 5,CUSTOMER
ACC-005316,SAVINGS,Synthetic Sahyadri Bank 3,CUSTOMER
ACC-000818,SAVINGS,Synthetic Sahyadri Bank 1,CUSTOMER
ACC-007774,SAVINGS,Synthetic Sahyadri Bank 1,CUSTOMER
ACC-008136,SAVINGS,Synthetic Sahyadri Bank 4,CUSTOMER
ACC-017867,SAVINGS,Synthetic Sahyadri Bank 5,CUSTOMER
ACC-003874,SAVINGS,Synthetic Sahyadri Bank 3,CUSTOMER
ACC-000180,SAVINGS,Synthetic Sahyadri Bank 5,CUSTOMER
ACC-020862,SAVINGS,Synthetic Sahyadri Bank 6,CUSTOMER
ACC-025087,SAVINGS,Synthetic Sahyadri Bank 3,CUSTOMER
ACC-019175,SAVINGS,Synthetic Sahyadri Bank 3,CUSTOMER
ACC-009131,SAVINGS,Synthetic Sahyadri Bank 2,CUSTOMER
ACC-023941,SAVINGS,Synthetic Sahyadri Bank 1,CUSTOMER
ACC-023426,SAVINGS,Synthetic Sahyadri Bank 4,CUSTOMER
ACC-010068,SAVINGS,Synthetic Sahyadri Bank 1,CUSTOMER
ACC-001373,SAVINGS,Synthetic Sahyadri Bank 3,CUSTOMER
ACC-008556,SAVINGS,Synthetic Sahyadri Bank 1,CUSTOMER
ACC-017918,SAVINGS,Synthetic Sahyadri Bank 3,CUSTOMER
ACC-021188,SAVINGS,Synthetic Sahyadri Bank 4,CUSTOMER
ACC-004421,SAVINGS,Synthetic Sahyadri Bank 5,CUSTOMER
ACC-006055,SAVINGS,Synthetic Sahyadri Bank 2,CUSTOMER
ACC-022688,SAVINGS,Synthetic Sahyadri Bank 4,CUSTOMER
ACC-000596,SAVINGS,Synthetic Sahyadri Bank 6,CUSTOMER
ACC-019736,SAVINGS,Synthetic Sahyadri Bank 4,CUSTOMER
ACC-018821,SAVINGS,Synthetic Sahyadri Bank 3,CUSTOMER
ACC-006369,SAVINGS,Synthetic Sahyadri Bank 1,CUSTOMER
ACC-001239,SAVINGS,Synthetic Sahyadri Bank 3,CUSTOMER
ACC-011852,SAVINGS,Synthetic Sahyadri Bank 6,CUSTOMER
ACC-001139,SAVINGS,Synthetic Sahyadri Bank 4,CUSTOMER
ACC-019148,SAVINGS,Synthetic Sahyadri Bank 2,CUSTOMER
ACC-009332,SAVINGS,Synthetic Sahyadri Bank 2,CUSTOMER
ACC-013256,SAVINGS,Synthetic Sahyadri Bank 1,CUSTOMER
ACC-022951,SAVINGS,Synthetic Sahyadri Bank 4,CUSTOMER
ACC-026033,SAVINGS,Synthetic Sahyadri Bank 3,CUSTOMER
ACC-020897,SAVINGS,Synthetic Sahyadri Bank 1,CUSTOMER
ACC-006507,SAVINGS,Synthetic Sahyadri Bank 2,CUSTOMER
ACC-013858,SAVINGS,Synthetic Sahyadri Bank 1,CUSTOMER
ACC-000952,SAVINGS,Synthetic Sahyadri Bank 6,CUSTOMER
ACC-025895,SAVINGS,Synthetic Sahyadri Bank 6,CUSTOMER
ACC-018446,SAVINGS,Synthetic Sahyadri Bank 5,CUSTOMER
ACC-022719,SAVINGS,Synthetic Sahyadri Bank 5,CUSTOMER
ACC-014667,SAVINGS,Synthetic Sahyadri Bank 5,CUSTOMER
ACC-027849,SAVINGS,Synthetic Sahyadri Bank 5,CUSTOMER
ACC-025348,SAVINGS,Synthetic Sahyadri Bank 5,CUSTOMER
ACC-019545,SAVINGS,Synthetic Sahyadri Bank 3,CUSTOMER
ACC-003331,SAVINGS,Synthetic Sahyadri Bank 6,CUSTOMER
ACC-014163,SAVINGS,Synthetic Sahyadri Bank 3,CUSTOMER
ACC-011554,SAVINGS,Synthetic Sahyadri Bank 3,CUSTOMER
ACC-012233,SAVINGS,Synthetic Sahyadri Bank 6,CUSTOMER
ACC-006953,SAVINGS,Synthetic Sahyadri Bank 1,CUSTOMER
ACC-016359,SAVINGS,Synthetic Sahyadri Bank 4,CUSTOMER
ACC-025072,SAVINGS,Synthetic Sahyadri Bank 1,CUSTOMER
ACC-017424,SAVINGS,Synthetic Sahyadri Bank 5,CUSTOMER
ACC-017817,SAVINGS,Synthetic Sahyadri Bank 3,CUSTOMER
ACC-019255,SAVINGS,Synthetic Sahyadri Bank 4,CUSTOMER
ACC-014050,SAVINGS,Synthetic Sahyadri Bank 4,CUSTOMER
ACC-006435,SAVINGS,Synthetic Sahyadri Bank 4,CUSTOMER
ACC-003674,SAVINGS,Synthetic Sahyadri Bank 1,CUSTOMER
ACC-022054,SAVINGS,Synthetic Sahyadri Bank 5,CUSTOMER
ACC-003436,SAVINGS,Synthetic Sahyadri Bank 2,CUSTOMER
ACC-018340,SAVINGS,Synthetic Sahyadri Bank 3,CUSTOMER
ACC-009257,SAVINGS,Synthetic Sahyadri Bank 6,CUSTOMER
ACC-009816,SAVINGS,Synthetic Sahyadri Bank 3,CUSTOMER
ACC-007845,SAVINGS,Synthetic Sahyadri Bank 4,CUSTOMER
ACC-018323,SAVINGS,Synthetic Sahyadri Bank 4,CUSTOMER
ACC-025306,SAVINGS,Synthetic Sahyadri Bank 3,CUSTOMER
ACC-028234,SAVINGS,Synthetic Sahyadri Bank 1,CUSTOMER
ACC-004734,SAVINGS,Synthetic Sahyadri Bank 5,CUSTOMER
ACC-018865,SAVINGS,Synthetic Sahyadri Bank 6,CUSTOMER
ACC-010780,SAVINGS,Synthetic Sahyadri Bank 2,CUSTOMER
ACC-023142,SAVINGS,Synthetic Sahyadri Bank 2,CUSTOMER
ACC-016575,SAVINGS,Synthetic Sahyadri Bank 3,CUSTOMER
ACC-025585,SAVINGS,Synthetic Sahyadri Bank 6,CUSTOMER
ACC-001397,SAVINGS,Synthetic Sahyadri Bank 2,CUSTOMER
ACC-021622,SAVINGS,Synthetic Sahyadri Bank 5,CUSTOMER
ACC-029554,SAVINGS,Synthetic Sahyadri Bank 1,CUSTOMER
ACC-001424,SAVINGS,Synthetic Sahyadri Bank 4,CUSTOMER
ACC-014091,SAVINGS,Synthetic Sahyadri Bank 4,CUSTOMER
ACC-019946,SAVINGS,Synthetic Sahyadri Bank 1,CUSTOMER
ACC-028998,SAVINGS,Synthetic Sahyadri Bank 6,CUSTOMER
ACC-018320,SAVINGS,Synthetic Sahyadri Bank 5,CUSTOMER
ACC-027061,SAVINGS,Synthetic Sahyadri Bank 6,CUSTOMER
ACC-029414,SAVINGS,Synthetic Sahyadri Bank 4,CUSTOMER
ACC-009950,SAVINGS,Synthetic Sahyadri Bank 4,CUSTOMER
ACC-025337,SAVINGS,Synthetic Sahyadri Bank 5,CUSTOMER
ACC-005402,SAVINGS,Synthetic Sahyadri Bank 2,CUSTOMER
ACC-012391,SAVINGS,Synthetic Sahyadri Bank 2,CUSTOMER
ACC-017705,SAVINGS,Synthetic Sahyadri Bank 6,CUSTOMER
ACC-029203,SAVINGS,Synthetic Sahyadri Bank 6,CUSTOMER
ACC-028410,SAVINGS,Synthetic Sahyadri Bank 5,CUSTOMER
ACC-015552,SAVINGS,Synthetic Sahyadri Bank 1,CUSTOMER
ACC-015138,SAVINGS,Synthetic Sahyadri Bank 3,CUSTOMER
ACC-010518,SAVINGS,Synthetic Sahyadri Bank 5,CUSTOMER
ACC-004339,SAVINGS,Synthetic Sahyadri Bank 6,CUSTOMER
ACC-029838,SAVINGS,Synthetic Sahyadri Bank 1,CUSTOMER
ACC-003861,SAVINGS,Synthetic Sahyadri Bank 6,CUSTOMER
ACC-029435,SAVINGS,Synthetic Sahyadri Bank 1,CUSTOMER
ACC-029943,SAVINGS,Synthetic Sahyadri Bank 4,CUSTOMER
ACC-017728,SAVINGS,Synthetic Sahyadri Bank 6,CUSTOMER
ACC-005802,SAVINGS,Synthetic Sahyadri Bank 1,CUSTOMER
ACC-019738,SAVINGS,Synthetic Sahyadri Bank 2,CUSTOMER
ACC-026046,SAVINGS,Synthetic Sahyadri Bank 5,CUSTOMER
ACC-000207,SAVINGS,Synthetic Sahyadri Bank 3,CUSTOMER
ACC-001429,SAVINGS,Synthetic Sahyadri Bank 5,CUSTOMER
ACC-010913,SAVINGS,Synthetic Sahyadri Bank 2,CUSTOMER
ACC-017489,SAVINGS,Synthetic Sahyadri Bank 1,CUSTOMER
ACC-010438,SAVINGS,Synthetic Sahyadri Bank 2,CUSTOMER
ACC-006737,SAVINGS,Synthetic Sahyadri Bank 5,CUSTOMER
ACC-023939,SAVINGS,Synthetic Sahyadri Bank 2,CUSTOMER
ACC-023836,SAVINGS,Synthetic Sahyadri Bank 1,CUSTOMER
ACC-029965,SAVINGS,Synthetic Sahyadri Bank 6,CUSTOMER
ACC-013038,SAVINGS,Synthetic Sahyadri Bank 1,CUSTOMER
ACC-027419,SAVINGS,Synthetic Sahyadri Bank 3,CUSTOMER
ACC-012900,SAVINGS,Synthetic Sahyadri Bank 4,CUSTOMER
ACC-028675,SAVINGS,Synthetic Sahyadri Bank 6,CUSTOMER
ACC-023427,SAVINGS,Synthetic Sahyadri Bank 3,CUSTOMER
ACC-006902,SAVINGS,Synthetic Sahyadri Bank 3,CUSTOMER
ACC-013924,SAVINGS,Synthetic Sahyadri Bank 3,CUSTOMER
ACC-028511,SAVINGS,Synthetic Sahyadri Bank 5,CUSTOMER
ACC-002710,SAVINGS,Synthetic Sahyadri Bank 2,CUSTOMER
ACC-024780,SAVINGS,Synthetic Sahyadri Bank 1,CUSTOMER
ACC-012721,SAVINGS,Synthetic Sahyadri Bank 2,CUSTOMER
ACC-005085,SAVINGS,Synthetic Sahyadri Bank 3,CUSTOMER
ACC-021551,SAVINGS,Synthetic Sahyadri Bank 2,CUSTOMER
ACC-005709,SAVINGS,Synthetic Sahyadri Bank 5,CUSTOMER
ACC-016063,SAVINGS,Synthetic Sahyadri Bank 6,CUSTOMER
ACC-006923,SAVINGS,Synthetic Sahyadri Bank 6,CUSTOMER
ACC-006656,SAVINGS,Synthetic Sahyadri Bank 3,CUSTOMER
ACC-004287,SAVINGS,Synthetic Sahyadri Bank 6,CUSTOMER
ACC-011313,SAVINGS,Synthetic Sahyadri Bank 2,CUSTOMER
ACC-005749,SAVINGS,Synthetic Sahyadri Bank 3,CUSTOMER
ACC-018634,SAVINGS,Synthetic Sahyadri Bank 3,CUSTOMER
ACC-023774,SAVINGS,Synthetic Sahyadri Bank 1,CUSTOMER
ACC-003043,SAVINGS,Synthetic Sahyadri Bank 2,CUSTOMER
ACC-004192,SAVINGS,Synthetic Sahyadri Bank 2,CUSTOMER
ACC-018021,SAVINGS,Synthetic Sahyadri Bank 3,CUSTOMER
ACC-003286,SAVINGS,Synthetic Sahyadri Bank 1,CUSTOMER
ACC-026788,SAVINGS,Synthetic Sahyadri Bank 4,CUSTOMER
ACC-013035,SAVINGS,Synthetic Sahyadri Bank 1,CUSTOMER
ACC-019176,SAVINGS,Synthetic Sahyadri Bank 5,CUSTOMER
ACC-017313,SAVINGS,Synthetic Sahyadri Bank 1,CUSTOMER
ACC-000441,SAVINGS,Synthetic Sahyadri Bank 1,CUSTOMER
ACC-019201,SAVINGS,Synthetic Sahyadri Bank 3,CUSTOMER
ACC-026815,SAVINGS,Synthetic Sahyadri Bank 6,CUSTOMER
ACC-013934,SAVINGS,Synthetic Sahyadri Bank 6,CUSTOMER
ACC-008257,SAVINGS,Synthetic Sahyadri Bank 6,CUSTOMER
ACC-013354,SAVINGS,Synthetic Sahyadri Bank 4,CUSTOMER
ACC-022026,SAVINGS,Synthetic Sahyadri Bank 3,CUSTOMER
ACC-001605,SAVINGS,Synthetic Sahyadri Bank 3,CUSTOMER
ACC-000095,SAVINGS,Synthetic Sahyadri Bank 6,CUSTOMER
ACC-020481,SAVINGS,Synthetic Sahyadri Bank 1,CUSTOMER
ACC-019688,SAVINGS,Synthetic Sahyadri Bank 2,CUSTOMER
ACC-022244,SAVINGS,Synthetic Sahyadri Bank 3,CUSTOMER
ACC-019567,SAVINGS,Synthetic Sahyadri Bank 6,CUSTOMER
ACC-001647,SAVINGS,Synthetic Sahyadri Bank 2,CUSTOMER
ACC-010260,SAVINGS,Synthetic Sahyadri Bank 6,CUSTOMER
ACC-005488,SAVINGS,Synthetic Sahyadri Bank 2,CUSTOMER
ACC-005503,SAVINGS,Synthetic Sahyadri Bank 4,CUSTOMER
ACC-007492,SAVINGS,Synthetic Sahyadri Bank 6,CUSTOMER
ACC-000641,SAVINGS,Synthetic Sahyadri Bank 3,CUSTOMER
ACC-003159,SAVINGS,Synthetic Sahyadri Bank 2,CUSTOMER
ACC-020916,SAVINGS,Synthetic Sahyadri Bank 2,CUSTOMER
ACC-026444,SAVINGS,Synthetic Sahyadri Bank 4,CUSTOMER
ACC-015849,SAVINGS,Synthetic Sahyadri Bank 6,CUSTOMER
ACC-011364,SAVINGS,Synthetic Sahyadri Bank 2,CUSTOMER
ACC-014685,SAVINGS,Synthetic Sahyadri Bank 6,CUSTOMER
ACC-015106,SAVINGS,Synthetic Sahyadri Bank 6,CUSTOMER
ACC-010865,SAVINGS,Synthetic Sahyadri Bank 1,CUSTOMER
ACC-022407,SAVINGS,Synthetic Sahyadri Bank 5,CUSTOMER
ACC-003651,SAVINGS,Synthetic Sahyadri Bank 3,CUSTOMER
ACC-007136,SAVINGS,Synthetic Sahyadri Bank 2,CUSTOMER
ACC-007947,SAVINGS,Synthetic Sahyadri Bank 2,CUSTOMER
ACC-029993,SAVINGS,Synthetic Sahyadri Bank 4,CUSTOMER
ACC-015782,SAVINGS,Synthetic Sahyadri Bank 4,CUSTOMER
ACC-020352,SAVINGS,Synthetic Sahyadri Bank 5,CUSTOMER
ACC-018258,SAVINGS,Synthetic Sahyadri Bank 2,CUSTOMER
ACC-028870,SAVINGS,Synthetic Sahyadri Bank 3,CUSTOMER
ACC-024636,SAVINGS,Synthetic Sahyadri Bank 3,CUSTOMER
ACC-012610,SAVINGS,Synthetic Sahyadri Bank 6,CUSTOMER
ACC-003145,SAVINGS,Synthetic Sahyadri Bank 3,CUSTOMER
ACC-001907,SAVINGS,Synthetic Sahyadri Bank 2,CUSTOMER
ACC-000726,SAVINGS,Synthetic Sahyadri Bank 6,CUSTOMER
ACC-011092,SAVINGS,Synthetic Sahyadri Bank 3,CUSTOMER
ACC-019803,SAVINGS,Synthetic Sahyadri Bank 3,CUSTOMER
ACC-010767,SAVINGS,Synthetic Sahyadri Bank 5,CUSTOMER
ACC-009477,SAVINGS,Synthetic Sahyadri Bank 3,CUSTOMER
ACC-014796,SAVINGS,Synthetic Sahyadri Bank 1,CUSTOMER
ACC-012712,SAVINGS,Synthetic Sahyadri Bank 4,CUSTOMER
ACC-006687,SAVINGS,Synthetic Sahyadri Bank 6,CUSTOMER
ACC-018167,SAVINGS,Synthetic Sahyadri Bank 3,CUSTOMER
ACC-028874,SAVINGS,Synthetic Sahyadri Bank 6,CUSTOMER
ACC-027991,SAVINGS,Synthetic Sahyadri Bank 5,CUSTOMER
ACC-010685,SAVINGS,Synthetic Sahyadri Bank 4,CUSTOMER
ACC-020966,SAVINGS,Synthetic Sahyadri Bank 3,CUSTOMER
ACC-022543,SAVINGS,Synthetic Sahyadri Bank 1,CUSTOMER
ACC-024768,SAVINGS,Synthetic Sahyadri Bank 1,CUSTOMER
ACC-015892,SAVINGS,Synthetic Sahyadri Bank 2,CUSTOMER
ACC-006739,SAVINGS,Synthetic Sahyadri Bank 1,CUSTOMER
ACC-029306,SAVINGS,Synthetic Sahyadri Bank 4,CUSTOMER
ACC-022754,SAVINGS,Synthetic Sahyadri Bank 3,CUSTOMER
ACC-000325,SAVINGS,Synthetic Sahyadri Bank 5,CUSTOMER
ACC-008670,SAVINGS,Synthetic Sahyadri Bank 1,CUSTOMER
ACC-014146,SAVINGS,Synthetic Sahyadri Bank 3,CUSTOMER
ACC-025639,SAVINGS,Synthetic Sahyadri Bank 2,CUSTOMER
ACC-000478,SAVINGS,Synthetic Sahyadri Bank 2,CUSTOMER
ACC-024939,SAVINGS,Synthetic Sahyadri Bank 2,CUSTOMER
ACC-018866,SAVINGS,Synthetic Sahyadri Bank 3,CUSTOMER
ACC-016934,SAVINGS,Synthetic Sahyadri Bank 4,CUSTOMER
ACC-001135,SAVINGS,Synthetic Sahyadri Bank 1,CUSTOMER
ACC-013927,SAVINGS,Synthetic Sahyadri Bank 3,CUSTOMER
ACC-009367,SAVINGS,Synthetic Sahyadri Bank 4,CUSTOMER
ACC-003883,SAVINGS,Synthetic Sahyadri Bank 6,CUSTOMER
ACC-018806,SAVINGS,Synthetic Sahyadri Bank 1,CUSTOMER
ACC-021254,SAVINGS,Synthetic Sahyadri Bank 3,CUSTOMER
ACC-003449,SAVINGS,Synthetic Sahyadri Bank 6,CUSTOMER
ACC-005678,SAVINGS,Synthetic Sahyadri Bank 4,CUSTOMER
ACC-024709,SAVINGS,Synthetic Sahyadri Bank 1,CUSTOMER
ACC-012983,SAVINGS,Synthetic Sahyadri Bank 6,CUSTOMER
ACC-019881,SAVINGS,Synthetic Sahyadri Bank 2,CUSTOMER
ACC-010414,SAVINGS,Synthetic Sahyadri Bank 5,CUSTOMER
ACC-024607,SAVINGS,Synthetic Sahyadri Bank 3,CUSTOMER
ACC-028704,SAVINGS,Synthetic Sahyadri Bank 6,CUSTOMER
ACC-020239,SAVINGS,Synthetic Sahyadri Bank 5,CUSTOMER
ACC-024281,SAVINGS,Synthetic Sahyadri Bank 2,CUSTOMER
ACC-000447,SAVINGS,Synthetic Sahyadri Bank 5,CUSTOMER
ACC-005598,SAVINGS,Synthetic Sahyadri Bank 4,CUSTOMER
ACC-009936,SAVINGS,Synthetic Sahyadri Bank 1,CUSTOMER
ACC-017511,SAVINGS,Synthetic Sahyadri Bank 6,CUSTOMER
ACC-011896,SAVINGS,Synthetic Sahyadri Bank 1,CUSTOMER
ACC-013344,SAVINGS,Synthetic Sahyadri Bank 6,CUSTOMER
ACC-020126,SAVINGS,Synthetic Sahyadri Bank 6,CUSTOMER
ACC-014099,SAVINGS,Synthetic Sahyadri Bank 3,CUSTOMER
ACC-013025,SAVINGS,Synthetic Sahyadri Bank 6,CUSTOMER
ACC-009144,SAVINGS,Synthetic Sahyadri Bank 6,CUSTOMER
ACC-006138,SAVINGS,Synthetic Sahyadri Bank 2,CUSTOMER
ACC-021592,SAVINGS,Synthetic Sahyadri Bank 3,CUSTOMER
ACC-024931,SAVINGS,Synthetic Sahyadri Bank 3,CUSTOMER
ACC-004881,SAVINGS,Synthetic Sahyadri Bank 4,CUSTOMER
ACC-029695,SAVINGS,Synthetic Sahyadri Bank 5,CUSTOMER
ACC-013047,SAVINGS,Synthetic Sahyadri Bank 5,CUSTOMER
ACC-026494,SAVINGS,Synthetic Sahyadri Bank 4,CUSTOMER
ACC-028986,SAVINGS,Synthetic Sahyadri Bank 2,CUSTOMER
ACC-027072,SAVINGS,Synthetic Sahyadri Bank 3,CUSTOMER
ACC-026475,SAVINGS,Synthetic Sahyadri Bank 4,CUSTOMER
ACC-016618,SAVINGS,Synthetic Sahyadri Bank 2,CUSTOMER
ACC-027724,SAVINGS,Synthetic Sahyadri Bank 2,CUSTOMER
ACC-028964,SAVINGS,Synthetic Sahyadri Bank 4,CUSTOMER
ACC-014963,SAVINGS,Synthetic Sahyadri Bank 3,CUSTOMER
ACC-024597,SAVINGS,Synthetic Sahyadri Bank 4,CUSTOMER
ACC-008353,SAVINGS,Synthetic Sahyadri Bank 4,CUSTOMER
ACC-016961,SAVINGS,Synthetic Sahyadri Bank 3,CUSTOMER
ACC-001859,SAVINGS,Synthetic Sahyadri Bank 4,CUSTOMER
ACC-010506,SAVINGS,Synthetic Sahyadri Bank 6,CUSTOMER
ACC-009267,SAVINGS,Synthetic Sahyadri Bank 3,CUSTOMER
ACC-006956,SAVINGS,Synthetic Sahyadri Bank 5,CUSTOMER
ACC-024232,SAVINGS,Synthetic Sahyadri Bank 2,CUSTOMER
ACC-027370,SAVINGS,Synthetic Sahyadri Bank 6,CUSTOMER
ACC-023059,SAVINGS,Synthetic Sahyadri Bank 5,CUSTOMER
ACC-005581,SAVINGS,Synthetic Sahyadri Bank 3,CUSTOMER
ACC-000009,SAVINGS,Synthetic Sahyadri Bank 4,CUSTOMER
ACC-021461,SAVINGS,Synthetic Sahyadri Bank 1,CUSTOMER
ACC-023357,SAVINGS,Synthetic Sahyadri Bank 3,CUSTOMER
ACC-021919,SAVINGS,Synthetic Sahyadri Bank 4,CUSTOMER
ACC-024012,SAVINGS,Synthetic Sahyadri Bank 6,CUSTOMER
ACC-022316,SAVINGS,Synthetic Sahyadri Bank 5,CUSTOMER
ACC-004139,SAVINGS,Synthetic Sahyadri Bank 6,CUSTOMER
ACC-015642,SAVINGS,Synthetic Sahyadri Bank 2,CUSTOMER
ACC-026385,SAVINGS,Synthetic Sahyadri Bank 5,CUSTOMER
ACC-011901,SAVINGS,Synthetic Sahyadri Bank 1,CUSTOMER
ACC-018048,SAVINGS,Synthetic Sahyadri Bank 2,CUSTOMER
ACC-007414,SAVINGS,Synthetic Sahyadri Bank 2,CUSTOMER
ACC-018900,SAVINGS,Synthetic Sahyadri Bank 5,CUSTOMER
ACC-020868,SAVINGS,Synthetic Sahyadri Bank 6,CUSTOMER
ACC-004405,SAVINGS,Synthetic Sahyadri Bank 6,CUSTOMER
ACC-011757,SAVINGS,Synthetic Sahyadri Bank 1,CUSTOMER
ACC-004417,SAVINGS,Synthetic Sahyadri Bank 4,CUSTOMER
ACC-011800,SAVINGS,Synthetic Sahyadri Bank 5,CUSTOMER
ACC-021666,SAVINGS,Synthetic Sahyadri Bank 2,CUSTOMER
ACC-014832,SAVINGS,Synthetic Sahyadri Bank 2,CUSTOMER
ACC-009821,SAVINGS,Synthetic Sahyadri Bank 4,CUSTOMER
ACC-017099,SAVINGS,Synthetic Sahyadri Bank 2,CUSTOMER
ACC-005275,SAVINGS,Synthetic Sahyadri Bank 3,CUSTOMER
ACC-019481,SAVINGS,Synthetic Sahyadri Bank 1,CUSTOMER
ACC-011982,SAVINGS,Synthetic Sahyadri Bank 5,CUSTOMER
ACC-022931,SAVINGS,Synthetic Sahyadri Bank 1,CUSTOMER
ACC-018499,SAVINGS,Synthetic Sahyadri Bank 1,CUSTOMER
ACC-003066,SAVINGS,Synthetic Sahyadri Bank 4,CUSTOMER
ACC-019215,SAVINGS,Synthetic Sahyadri Bank 1,CUSTOMER
ACC-001699,SAVINGS,Synthetic Sahyadri Bank 2,CUSTOMER
ACC-002285,SAVINGS,Synthetic Sahyadri Bank 5,CUSTOMER
ACC-002941,SAVINGS,Synthetic Sahyadri Bank 1,CUSTOMER
ACC-001999,SAVINGS,Synthetic Sahyadri Bank 2,CUSTOMER
ACC-021158,SAVINGS,Synthetic Sahyadri Bank 4,CUSTOMER
ACC-006066,SAVINGS,Synthetic Sahyadri Bank 1,CUSTOMER
ACC-013342,SAVINGS,Synthetic Sahyadri Bank 1,CUSTOMER
ACC-012948,SAVINGS,Synthetic Sahyadri Bank 2,CUSTOMER
ACC-003382,SAVINGS,Synthetic Sahyadri Bank 5,CUSTOMER
ACC-021527,SAVINGS,Synthetic Sahyadri Bank 3,CUSTOMER
ACC-010501,SAVINGS,Synthetic Sahyadri Bank 2,CUSTOMER
ACC-008050,SAVINGS,Synthetic Sahyadri Bank 3,CUSTOMER
ACC-020151,SAVINGS,Synthetic Sahyadri Bank 2,CUSTOMER
ACC-020286,SAVINGS,Synthetic Sahyadri Bank 3,CUSTOMER
ACC-018787,SAVINGS,Synthetic Sahyadri Bank 1,CUSTOMER
ACC-014964,SAVINGS,Synthetic Sahyadri Bank 2,CUSTOMER
ACC-017578,SAVINGS,Synthetic Sahyadri Bank 1,CUSTOMER
ACC-019100,SAVINGS,Synthetic Sahyadri Bank 5,CUSTOMER
ACC-006779,SAVINGS,Synthetic Sahyadri Bank 3,CUSTOMER
ACC-017896,SAVINGS,Synthetic Sahyadri Bank 2,CUSTOMER
ACC-027326,SAVINGS,Synthetic Sahyadri Bank 4,CUSTOMER
ACC-013136,SAVINGS,Synthetic Sahyadri Bank 1,CUSTOMER
ACC-003425,SAVINGS,Synthetic Sahyadri Bank 5,CUSTOMER
ACC-019213,SAVINGS,Synthetic Sahyadri Bank 2,CUSTOMER
ACC-022870,SAVINGS,Synthetic Sahyadri Bank 6,CUSTOMER
ACC-023519,SAVINGS,Synthetic Sahyadri Bank 2,CUSTOMER
ACC-015560,SAVINGS,Synthetic Sahyadri Bank 5,CUSTOMER
ACC-004465,SAVINGS,Synthetic Sahyadri Bank 5,CUSTOMER
ACC-006468,SAVINGS,Synthetic Sahyadri Bank 5,CUSTOMER
ACC-000460,SAVINGS,Synthetic Sahyadri Bank 3,CUSTOMER
ACC-005982,SAVINGS,Synthetic Sahyadri Bank 4,CUSTOMER
ACC-022450,SAVINGS,Synthetic Sahyadri Bank 1,CUSTOMER
ACC-021715,SAVINGS,Synthetic Sahyadri Bank 1,CUSTOMER
ACC-006879,SAVINGS,Synthetic Sahyadri Bank 4,CUSTOMER
ACC-013739,SAVINGS,Synthetic Sahyadri Bank 4,CUSTOMER
ACC-002817,SAVINGS,Synthetic Sahyadri Bank 4,CUSTOMER
ACC-016895,SAVINGS,Synthetic Sahyadri Bank 3,CUSTOMER
ACC-013735,SAVINGS,Synthetic Sahyadri Bank 5,CUSTOMER
ACC-000986,SAVINGS,Synthetic Sahyadri Bank 5,CUSTOMER
ACC-025951,SAVINGS,Synthetic Sahyadri Bank 5,CUSTOMER
ACC-000022,SAVINGS,Synthetic Sahyadri Bank 1,CUSTOMER
ACC-010627,SAVINGS,Synthetic Sahyadri Bank 3,CUSTOMER
ACC-023553,SAVINGS,Synthetic Sahyadri Bank 5,CUSTOMER
ACC-021980,SAVINGS,Synthetic Sahyadri Bank 2,CUSTOMER
ACC-010940,SAVINGS,Synthetic Sahyadri Bank 6,CUSTOMER
ACC-007138,SAVINGS,Synthetic Sahyadri Bank 1,CUSTOMER
ACC-015113,SAVINGS,Synthetic Sahyadri Bank 4,CUSTOMER
ACC-029415,SAVINGS,Synthetic Sahyadri Bank 3,CUSTOMER
ACC-025720,SAVINGS,Synthetic Sahyadri Bank 1,CUSTOMER
ACC-001879,SAVINGS,Synthetic Sahyadri Bank 1,CUSTOMER
ACC-024171,SAVINGS,Synthetic Sahyadri Bank 4,CUSTOMER
ACC-004630,SAVINGS,Synthetic Sahyadri Bank 6,CUSTOMER
ACC-010776,SAVINGS,Synthetic Sahyadri Bank 2,CUSTOMER
ACC-028554,SAVINGS,Synthetic Sahyadri Bank 2,CUSTOMER
ACC-008416,SAVINGS,Synthetic Sahyadri Bank 4,CUSTOMER
ACC-001725,SAVINGS,Synthetic Sahyadri Bank 3,CUSTOMER
ACC-024269,SAVINGS,Synthetic Sahyadri Bank 2,CUSTOMER
ACC-017133,SAVINGS,Synthetic Sahyadri Bank 5,CUSTOMER
ACC-000092,SAVINGS,Synthetic Sahyadri Bank 2,CUSTOMER
ACC-010434,SAVINGS,Synthetic Sahyadri Bank 6,CUSTOMER
ACC-028023,SAVINGS,Synthetic Sahyadri Bank 1,CUSTOMER
ACC-022767,SAVINGS,Synthetic Sahyadri Bank 1,CUSTOMER
ACC-022429,SAVINGS,Synthetic Sahyadri Bank 2,CUSTOMER
ACC-026041,SAVINGS,Synthetic Sahyadri Bank 6,CUSTOMER
ACC-009702,SAVINGS,Synthetic Sahyadri Bank 3,CUSTOMER
ACC-024079,SAVINGS,Synthetic Sahyadri Bank 4,CUSTOMER
ACC-000903,SAVINGS,Synthetic Sahyadri Bank 6,CUSTOMER
ACC-005479,SAVINGS,Synthetic Sahyadri Bank 1,CUSTOMER
ACC-023148,SAVINGS,Synthetic Sahyadri Bank 2,CUSTOMER
ACC-007291,SAVINGS,Synthetic Sahyadri Bank 5,CUSTOMER
ACC-022811,SAVINGS,Synthetic Sahyadri Bank 3,CUSTOMER
ACC-009787,SAVINGS,Synthetic Sahyadri Bank 5,CUSTOMER
ACC-005529,SAVINGS,Synthetic Sahyadri Bank 1,CUSTOMER
ACC-029855,SAVINGS,Synthetic Sahyadri Bank 1,CUSTOMER
ACC-008791,SAVINGS,Synthetic Sahyadri Bank 3,CUSTOMER
ACC-020351,SAVINGS,Synthetic Sahyadri Bank 3,CUSTOMER
ACC-028889,SAVINGS,Synthetic Sahyadri Bank 5,CUSTOMER
ACC-025280,SAVINGS,Synthetic Sahyadri Bank 1,CUSTOMER
ACC-002977,SAVINGS,Synthetic Sahyadri Bank 5,CUSTOMER
ACC-009591,SAVINGS,Synthetic Sahyadri Bank 6,CUSTOMER
ACC-011944,SAVINGS,Synthetic Sahyadri Bank 6,CUSTOMER
ACC-021685,SAVINGS,Synthetic Sahyadri Bank 3,CUSTOMER
ACC-007169,SAVINGS,Synthetic Sahyadri Bank 5,CUSTOMER
ACC-008581,SAVINGS,Synthetic Sahyadri Bank 2,CUSTOMER
ACC-028985,SAVINGS,Synthetic Sahyadri Bank 2,CUSTOMER
ACC-001661,SAVINGS,Synthetic Sahyadri Bank 4,CUSTOMER
ACC-015090,SAVINGS,Synthetic Sahyadri Bank 3,CUSTOMER
ACC-017957,SAVINGS,Synthetic Sahyadri Bank 5,CUSTOMER
ACC-028353,SAVINGS,Synthetic Sahyadri Bank 4,CUSTOMER
ACC-024653,SAVINGS,Synthetic Sahyadri Bank 4,CUSTOMER
ACC-026284,SAVINGS,Synthetic Sahyadri Bank 2,CUSTOMER
ACC-012793,SAVINGS,Synthetic Sahyadri Bank 5,CUSTOMER
ACC-023595,SAVINGS,Synthetic Sahyadri Bank 3,CUSTOMER
ACC-009648,SAVINGS,Synthetic Sahyadri Bank 1,CUSTOMER
ACC-025674,SAVINGS,Synthetic Sahyadri Bank 6,CUSTOMER
ACC-011072,SAVINGS,Synthetic Sahyadri Bank 6,CUSTOMER
ACC-027049,SAVINGS,Synthetic Sahyadri Bank 4,CUSTOMER
ACC-016216,SAVINGS,Synthetic Sahyadri Bank 6,CUSTOMER
ACC-016512,SAVINGS,Synthetic Sahyadri Bank 4,CUSTOMER
ACC-018126,SAVINGS,Synthetic Sahyadri Bank 4,CUSTOMER
ACC-005404,SAVINGS,Synthetic Sahyadri Bank 3,CUSTOMER
ACC-019366,SAVINGS,Synthetic Sahyadri Bank 3,CUSTOMER
ACC-021831,SAVINGS,Synthetic Sahyadri Bank 3,CUSTOMER
ACC-014242,SAVINGS,Synthetic Sahyadri Bank 4,CUSTOMER
ACC-001266,SAVINGS,Synthetic Sahyadri Bank 4,CUSTOMER
ACC-008418,SAVINGS,Synthetic Sahyadri Bank 4,CUSTOMER
ACC-021995,SAVINGS,Synthetic Sahyadri Bank 2,CUSTOMER
ACC-029479,SAVINGS,Synthetic Sahyadri Bank 6,CUSTOMER
ACC-021717,SAVINGS,Synthetic Sahyadri Bank 5,CUSTOMER
ACC-004118,SAVINGS,Synthetic Sahyadri Bank 5,CUSTOMER
ACC-023218,SAVINGS,Synthetic Sahyadri Bank 6,CUSTOMER
ACC-007621,SAVINGS,Synthetic Sahyadri Bank 3,CUSTOMER
ACC-007090,SAVINGS,Synthetic Sahyadri Bank 1,CUSTOMER
ACC-029937,SAVINGS,Synthetic Sahyadri Bank 6,CUSTOMER
ACC-001236,SAVINGS,Synthetic Sahyadri Bank 2,CUSTOMER
ACC-018247,SAVINGS,Synthetic Sahyadri Bank 4,CUSTOMER
ACC-021605,SAVINGS,Synthetic Sahyadri Bank 6,CUSTOMER
ACC-001347,SAVINGS,Synthetic Sahyadri Bank 2,CUSTOMER
ACC-005808,SAVINGS,Synthetic Sahyadri Bank 3,CUSTOMER
ACC-024246,SAVINGS,Synthetic Sahyadri Bank 2,CUSTOMER
ACC-023757,SAVINGS,Synthetic Sahyadri Bank 2,CUSTOMER
ACC-000324,SAVINGS,Synthetic Sahyadri Bank 1,CUSTOMER
ACC-013268,SAVINGS,Synthetic Sahyadri Bank 6,CUSTOMER
ACC-020684,SAVINGS,Synthetic Sahyadri Bank 5,CUSTOMER
ACC-017790,SAVINGS,Synthetic Sahyadri Bank 4,CUSTOMER
ACC-024815,SAVINGS,Synthetic Sahyadri Bank 3,CUSTOMER
ACC-024477,SAVINGS,Synthetic Sahyadri Bank 2,CUSTOMER
ACC-008252,SAVINGS,Synthetic Sahyadri Bank 5,CUSTOMER
ACC-028977,SAVINGS,Synthetic Sahyadri Bank 1,CUSTOMER
ACC-002234,SAVINGS,Synthetic Sahyadri Bank 3,CUSTOMER
ACC-014366,SAVINGS,Synthetic Sahyadri Bank 5,CUSTOMER
ACC-003864,SAVINGS,Synthetic Sahyadri Bank 1,CUSTOMER
ACC-014120,SAVINGS,Synthetic Sahyadri Bank 3,CUSTOMER
ACC-026976,SAVINGS,Synthetic Sahyadri Bank 6,CUSTOMER
ACC-002731,SAVINGS,Synthetic Sahyadri Bank 4,CUSTOMER
ACC-026488,SAVINGS,Synthetic Sahyadri Bank 6,CUSTOMER
ACC-003590,SAVINGS,Synthetic Sahyadri Bank 2,CUSTOMER
ACC-023845,SAVINGS,Synthetic Sahyadri Bank 1,CUSTOMER
ACC-028737,SAVINGS,Synthetic Sahyadri Bank 4,CUSTOMER
ACC-011349,SAVINGS,Synthetic Sahyadri Bank 2,CUSTOMER
ACC-024418,SAVINGS,Synthetic Sahyadri Bank 2,CUSTOMER
ACC-020534,SAVINGS,Synthetic Sahyadri Bank 5,CUSTOMER
ACC-015572,SAVINGS,Synthetic Sahyadri Bank 3,CUSTOMER
ACC-002160,SAVINGS,Synthetic Sahyadri Bank 5,CUSTOMER
ACC-014406,SAVINGS,Synthetic Sahyadri Bank 1,CUSTOMER
ACC-003319,SAVINGS,Synthetic Sahyadri Bank 5,CUSTOMER
ACC-021923,SAVINGS,Synthetic Sahyadri Bank 6,CUSTOMER
ACC-029889,SAVINGS,Synthetic Sahyadri Bank 2,CUSTOMER
ACC-022916,SAVINGS,Synthetic Sahyadri Bank 4,CUSTOMER
ACC-012911,SAVINGS,Synthetic Sahyadri Bank 3,CUSTOMER
ACC-021161,SAVINGS,Synthetic Sahyadri Bank 6,CUSTOMER
ACC-006441,SAVINGS,Synthetic Sahyadri Bank 6,CUSTOMER
ACC-019018,SAVINGS,Synthetic Sahyadri Bank 2,CUSTOMER
ACC-010834,SAVINGS,Synthetic Sahyadri Bank 6,CUSTOMER
ACC-023484,SAVINGS,Synthetic Sahyadri Bank 3,CUSTOMER
ACC-027240,SAVINGS,Synthetic Sahyadri Bank 1,CUSTOMER
ACC-008092,SAVINGS,Synthetic Sahyadri Bank 5,CUSTOMER
ACC-027255,SAVINGS,Synthetic Sahyadri Bank 6,CUSTOMER
ACC-011190,SAVINGS,Synthetic Sahyadri Bank 1,CUSTOMER
ACC-003323,SAVINGS,Synthetic Sahyadri Bank 4,CUSTOMER
ACC-022617,SAVINGS,Synthetic Sahyadri Bank 2,CUSTOMER
ACC-029703,SAVINGS,Synthetic Sahyadri Bank 2,CUSTOMER
ACC-007531,SAVINGS,Synthetic Sahyadri Bank 5,CUSTOMER
ACC-013278,SAVINGS,Synthetic Sahyadri Bank 6,CUSTOMER
ACC-027239,SAVINGS,Synthetic Sahyadri Bank 2,CUSTOMER
ACC-021662,SAVINGS,Synthetic Sahyadri Bank 4,CUSTOMER
ACC-007771,SAVINGS,Synthetic Sahyadri Bank 3,CUSTOMER
ACC-007808,SAVINGS,Synthetic Sahyadri Bank 6,CUSTOMER
ACC-017503,SAVINGS,Synthetic Sahyadri Bank 4,CUSTOMER
ACC-026459,SAVINGS,Synthetic Sahyadri Bank 5,CUSTOMER
ACC-001151,SAVINGS,Synthetic Sahyadri Bank 6,CUSTOMER
ACC-004767,SAVINGS,Synthetic Sahyadri Bank 2,CUSTOMER
ACC-015626,SAVINGS,Synthetic Sahyadri Bank 1,CUSTOMER
ACC-017597,SAVINGS,Synthetic Sahyadri Bank 3,CUSTOMER
ACC-002342,SAVINGS,Synthetic Sahyadri Bank 3,CUSTOMER
ACC-013301,SAVINGS,Synthetic Sahyadri Bank 1,CUSTOMER
ACC-013192,SAVINGS,Synthetic Sahyadri Bank 1,CUSTOMER
ACC-017410,SAVINGS,Synthetic Sahyadri Bank 4,CUSTOMER
ACC-024506,SAVINGS,Synthetic Sahyadri Bank 4,CUSTOMER
ACC-025774,SAVINGS,Synthetic Sahyadri Bank 5,CUSTOMER
ACC-009751,SAVINGS,Synthetic Sahyadri Bank 2,CUSTOMER
ACC-029837,SAVINGS,Synthetic Sahyadri Bank 1,CUSTOMER
ACC-023116,SAVINGS,Synthetic Sahyadri Bank 1,CUSTOMER
ACC-010349,SAVINGS,Synthetic Sahyadri Bank 4,CUSTOMER
ACC-016467,SAVINGS,Synthetic Sahyadri Bank 3,CUSTOMER
ACC-016942,SAVINGS,Synthetic Sahyadri Bank 1,CUSTOMER
ACC-010118,SAVINGS,Synthetic Sahyadri Bank 1,CUSTOMER
ACC-020733,SAVINGS,Synthetic Sahyadri Bank 5,CUSTOMER
ACC-013618,SAVINGS,Synthetic Sahyadri Bank 2,CUSTOMER
ACC-011472,SAVINGS,Synthetic Sahyadri Bank 5,CUSTOMER
ACC-008339,SAVINGS,Synthetic Sahyadri Bank 6,CUSTOMER
ACC-028552,SAVINGS,Synthetic Sahyadri Bank 5,CUSTOMER
ACC-015152,SAVINGS,Synthetic Sahyadri Bank 2,CUSTOMER
ACC-026622,SAVINGS,Synthetic Sahyadri Bank 2,CUSTOMER
ACC-014074,SAVINGS,Synthetic Sahyadri Bank 1,CUSTOMER
ACC-006025,SAVINGS,Synthetic Sahyadri Bank 6,CUSTOMER
ACC-027017,SAVINGS,Synthetic Sahyadri Bank 4,CUSTOMER
ACC-000409,SAVINGS,Synthetic Sahyadri Bank 4,CUSTOMER
ACC-004078,SAVINGS,Synthetic Sahyadri Bank 5,CUSTOMER
ACC-015496,SAVINGS,Synthetic Sahyadri Bank 2,CUSTOMER
ACC-012763,SAVINGS,Synthetic Sahyadri Bank 5,CUSTOMER
ACC-010814,SAVINGS,Synthetic Sahyadri Bank 1,CUSTOMER
ACC-018291,SAVINGS,Synthetic Sahyadri Bank 3,CUSTOMER
ACC-015456,SAVINGS,Synthetic Sahyadri Bank 5,CUSTOMER
ACC-006034,SAVINGS,Synthetic Sahyadri Bank 4,CUSTOMER
ACC-011669,SAVINGS,Synthetic Sahyadri Bank 2,CUSTOMER
ACC-000464,SAVINGS,Synthetic Sahyadri Bank 1,CUSTOMER
ACC-013112,SAVINGS,Synthetic Sahyadri Bank 5,CUSTOMER
ACC-007098,SAVINGS,Synthetic Sahyadri Bank 6,CUSTOMER
ACC-009133,SAVINGS,Synthetic Sahyadri Bank 6,CUSTOMER
ACC-021469,SAVINGS,Synthetic Sahyadri Bank 6,CUSTOMER
ACC-008013,SAVINGS,Synthetic Sahyadri Bank 3,CUSTOMER
ACC-020609,SAVINGS,Synthetic Sahyadri Bank 2,CUSTOMER
ACC-019405,SAVINGS,Synthetic Sahyadri Bank 4,CUSTOMER
ACC-010784,SAVINGS,Synthetic Sahyadri Bank 6,CUSTOMER
ACC-026473,SAVINGS,Synthetic Sahyadri Bank 5,CUSTOMER
ACC-016994,SAVINGS,Synthetic Sahyadri Bank 6,CUSTOMER
ACC-021068,SAVINGS,Synthetic Sahyadri Bank 6,CUSTOMER
ACC-016146,SAVINGS,Synthetic Sahyadri Bank 5,CUSTOMER
ACC-022377,SAVINGS,Synthetic Sahyadri Bank 5,CUSTOMER
ACC-019772,SAVINGS,Synthetic Sahyadri Bank 6,CUSTOMER
ACC-028000,SAVINGS,Synthetic Sahyadri Bank 2,CUSTOMER
ACC-008811,SAVINGS,Synthetic Sahyadri Bank 2,CUSTOMER
ACC-010635,SAVINGS,Synthetic Sahyadri Bank 4,CUSTOMER
ACC-013600,SAVINGS,Synthetic Sahyadri Bank 2,CUSTOMER
ACC-001376,SAVINGS,Synthetic Sahyadri Bank 3,CUSTOMER
ACC-028193,SAVINGS,Synthetic Sahyadri Bank 1,CUSTOMER
ACC-006307,SAVINGS,Synthetic Sahyadri Bank 3,CUSTOMER
ACC-014267,SAVINGS,Synthetic Sahyadri Bank 3,CUSTOMER
ACC-028669,SAVINGS,Synthetic Sahyadri Bank 6,CUSTOMER
ACC-029473,SAVINGS,Synthetic Sahyadri Bank 5,CUSTOMER
ACC-016077,SAVINGS,Synthetic Sahyadri Bank 3,CUSTOMER
ACC-024211,SAVINGS,Synthetic Sahyadri Bank 4,CUSTOMER
ACC-008503,SAVINGS,Synthetic Sahyadri Bank 5,CUSTOMER
ACC-021029,SAVINGS,Synthetic Sahyadri Bank 3,CUSTOMER
ACC-009516,SAVINGS,Synthetic Sahyadri Bank 2,CUSTOMER
ACC-005881,SAVINGS,Synthetic Sahyadri Bank 2,CUSTOMER
ACC-017920,SAVINGS,Synthetic Sahyadri Bank 2,CUSTOMER
ACC-002787,SAVINGS,Synthetic Sahyadri Bank 1,CUSTOMER
ACC-023715,SAVINGS,Synthetic Sahyadri Bank 2,CUSTOMER
ACC-005645,SAVINGS,Synthetic Sahyadri Bank 1,CUSTOMER
ACC-015742,SAVINGS,Synthetic Sahyadri Bank 1,CUSTOMER
ACC-016538,SAVINGS,Synthetic Sahyadri Bank 1,CUSTOMER
ACC-006848,SAVINGS,Synthetic Sahyadri Bank 2,CUSTOMER
ACC-004906,SAVINGS,Synthetic Sahyadri Bank 4,CUSTOMER
ACC-001578,SAVINGS,Synthetic Sahyadri Bank 5,CUSTOMER
ACC-003498,SAVINGS,Synthetic Sahyadri Bank 6,CUSTOMER
ACC-001808,SAVINGS,Synthetic Sahyadri Bank 6,CUSTOMER
ACC-025232,SAVINGS,Synthetic Sahyadri Bank 3,CUSTOMER
ACC-008078,SAVINGS,Synthetic Sahyadri Bank 6,CUSTOMER
ACC-001539,SAVINGS,Synthetic Sahyadri Bank 5,CUSTOMER
ACC-029205,SAVINGS,Synthetic Sahyadri Bank 3,CUSTOMER
ACC-007582,SAVINGS,Synthetic Sahyadri Bank 3,CUSTOMER
ACC-002697,SAVINGS,Synthetic Sahyadri Bank 2,CUSTOMER
ACC-000719,SAVINGS,Synthetic Sahyadri Bank 3,CUSTOMER
ACC-023217,SAVINGS,Synthetic Sahyadri Bank 6,CUSTOMER
ACC-028292,SAVINGS,Synthetic Sahyadri Bank 2,CUSTOMER
ACC-026468,SAVINGS,Synthetic Sahyadri Bank 6,CUSTOMER
ACC-016670,SAVINGS,Synthetic Sahyadri Bank 6,CUSTOMER
ACC-020477,SAVINGS,Synthetic Sahyadri Bank 1,CUSTOMER
ACC-026381,SAVINGS,Synthetic Sahyadri Bank 4,CUSTOMER
ACC-005921,SAVINGS,Synthetic Sahyadri Bank 6,CUSTOMER
ACC-029267,SAVINGS,Synthetic Sahyadri Bank 2,CUSTOMER
ACC-002103,SAVINGS,Synthetic Sahyadri Bank 2,CUSTOMER
ACC-006009,SAVINGS,Synthetic Sahyadri Bank 3,CUSTOMER
ACC-000632,SAVINGS,Synthetic Sahyadri Bank 1,CUSTOMER
ACC-025450,SAVINGS,Synthetic Sahyadri Bank 4,CUSTOMER
ACC-024656,SAVINGS,Synthetic Sahyadri Bank 2,CUSTOMER
ACC-023894,SAVINGS,Synthetic Sahyadri Bank 6,CUSTOMER
ACC-016319,SAVINGS,Synthetic Sahyadri Bank 6,CUSTOMER
ACC-017479,SAVINGS,Synthetic Sahyadri Bank 6,CUSTOMER
ACC-014619,SAVINGS,Synthetic Sahyadri Bank 3,CUSTOMER
ACC-013554,SAVINGS,Synthetic Sahyadri Bank 3,CUSTOMER
ACC-005438,SAVINGS,Synthetic Sahyadri Bank 4,CUSTOMER
ACC-013878,SAVINGS,Synthetic Sahyadri Bank 3,CUSTOMER
ACC-024220,SAVINGS,Synthetic Sahyadri Bank 4,CUSTOMER
ACC-017681,SAVINGS,Synthetic Sahyadri Bank 3,CUSTOMER
ACC-029372,SAVINGS,Synthetic Sahyadri Bank 2,CUSTOMER
ACC-017701,SAVINGS,Synthetic Sahyadri Bank 2,CUSTOMER
ACC-021522,SAVINGS,Synthetic Sahyadri Bank 4,CUSTOMER
ACC-011252,SAVINGS,Synthetic Sahyadri Bank 5,CUSTOMER
ACC-025035,SAVINGS,Synthetic Sahyadri Bank 4,CUSTOMER
ACC-002703,SAVINGS,Synthetic Sahyadri Bank 6,CUSTOMER
ACC-007995,SAVINGS,Synthetic Sahyadri Bank 3,CUSTOMER
ACC-026789,SAVINGS,Synthetic Sahyadri Bank 6,CUSTOMER
ACC-006830,SAVINGS,Synthetic Sahyadri Bank 6,CUSTOMER
ACC-002949,SAVINGS,Synthetic Sahyadri Bank 3,CUSTOMER
ACC-000962,SAVINGS,Synthetic Sahyadri Bank 4,CUSTOMER
ACC-019090,SAVINGS,Synthetic Sahyadri Bank 2,CUSTOMER
ACC-019066,SAVINGS,Synthetic Sahyadri Bank 1,CUSTOMER
ACC-004445,SAVINGS,Synthetic Sahyadri Bank 3,CUSTOMER
ACC-011274,SAVINGS,Synthetic Sahyadri Bank 6,CUSTOMER
ACC-013869,SAVINGS,Synthetic Sahyadri Bank 4,CUSTOMER
ACC-003495,SAVINGS,Synthetic Sahyadri Bank 6,CUSTOMER
ACC-025668,SAVINGS,Synthetic Sahyadri Bank 6,CUSTOMER
ACC-020041,SAVINGS,Synthetic Sahyadri Bank 1,CUSTOMER
ACC-006114,SAVINGS,Synthetic Sahyadri Bank 4,CUSTOMER
ACC-009815,SAVINGS,Synthetic Sahyadri Bank 2,CUSTOMER
ACC-020487,SAVINGS,Synthetic Sahyadri Bank 6,CUSTOMER
ACC-029730,SAVINGS,Synthetic Sahyadri Bank 3,CUSTOMER
ACC-023019,SAVINGS,Synthetic Sahyadri Bank 4,CUSTOMER
ACC-011794,SAVINGS,Synthetic Sahyadri Bank 5,CUSTOMER
ACC-018047,SAVINGS,Synthetic Sahyadri Bank 5,CUSTOMER
ACC-018829,SAVINGS,Synthetic Sahyadri Bank 5,CUSTOMER
ACC-004653,SAVINGS,Synthetic Sahyadri Bank 1,CUSTOMER
ACC-016283,SAVINGS,Synthetic Sahyadri Bank 6,CUSTOMER
ACC-006236,SAVINGS,Synthetic Sahyadri Bank 5,CUSTOMER
ACC-022764,SAVINGS,Synthetic Sahyadri Bank 5,CUSTOMER
ACC-011652,SAVINGS,Synthetic Sahyadri Bank 1,CUSTOMER
ACC-029621,SAVINGS,Synthetic Sahyadri Bank 4,CUSTOMER
ACC-010991,SAVINGS,Synthetic Sahyadri Bank 2,CUSTOMER
ACC-004055,SAVINGS,Synthetic Sahyadri Bank 6,CUSTOMER
ACC-026891,SAVINGS,Synthetic Sahyadri Bank 3,CUSTOMER
ACC-018157,SAVINGS,Synthetic Sahyadri Bank 4,CUSTOMER
ACC-022977,SAVINGS,Synthetic Sahyadri Bank 4,CUSTOMER
ACC-016373,SAVINGS,Synthetic Sahyadri Bank 6,CUSTOMER
ACC-007030,SAVINGS,Synthetic Sahyadri Bank 6,CUSTOMER
ACC-020797,SAVINGS,Synthetic Sahyadri Bank 2,CUSTOMER
ACC-008331,SAVINGS,Synthetic Sahyadri Bank 3,CUSTOMER
ACC-007606,SAVINGS,Synthetic Sahyadri Bank 3,CUSTOMER
ACC-011528,SAVINGS,Synthetic Sahyadri Bank 3,CUSTOMER
ACC-003430,SAVINGS,Synthetic Sahyadri Bank 5,CUSTOMER
ACC-019355,SAVINGS,Synthetic Sahyadri Bank 4,CUSTOMER
ACC-015085,SAVINGS,Synthetic Sahyadri Bank 4,CUSTOMER
ACC-009012,SAVINGS,Synthetic Sahyadri Bank 6,CUSTOMER
ACC-025594,SAVINGS,Synthetic Sahyadri Bank 1,CUSTOMER
ACC-016993,SAVINGS,Synthetic Sahyadri Bank 3,CUSTOMER
ACC-015800,SAVINGS,Synthetic Sahyadri Bank 1,CUSTOMER
ACC-023311,SAVINGS,Synthetic Sahyadri Bank 2,CUSTOMER
ACC-003411,SAVINGS,Synthetic Sahyadri Bank 3,CUSTOMER
ACC-028042,SAVINGS,Synthetic Sahyadri Bank 4,CUSTOMER
ACC-019926,SAVINGS,Synthetic Sahyadri Bank 5,CUSTOMER
ACC-015538,SAVINGS,Synthetic Sahyadri Bank 3,CUSTOMER
ACC-007641,SAVINGS,Synthetic Sahyadri Bank 2,CUSTOMER
ACC-025400,SAVINGS,Synthetic Sahyadri Bank 4,CUSTOMER
ACC-007281,SAVINGS,Synthetic Sahyadri Bank 4,CUSTOMER
ACC-024699,SAVINGS,Synthetic Sahyadri Bank 4,CUSTOMER
ACC-023753,SAVINGS,Synthetic Sahyadri Bank 1,CUSTOMER
ACC-019988,SAVINGS,Synthetic Sahyadri Bank 4,CUSTOMER
ACC-026172,SAVINGS,Synthetic Sahyadri Bank 5,CUSTOMER
ACC-005790,SAVINGS,Synthetic Sahyadri Bank 6,CUSTOMER
ACC-013110,SAVINGS,Synthetic Sahyadri Bank 5,CUSTOMER
ACC-019416,SAVINGS,Synthetic Sahyadri Bank 5,CUSTOMER
ACC-006807,SAVINGS,Synthetic Sahyadri Bank 4,CUSTOMER
ACC-018931,SAVINGS,Synthetic Sahyadri Bank 2,CUSTOMER
ACC-025962,SAVINGS,Synthetic Sahyadri Bank 2,CUSTOMER
ACC-025532,SAVINGS,Synthetic Sahyadri Bank 1,CUSTOMER
ACC-008909,SAVINGS,Synthetic Sahyadri Bank 6,CUSTOMER
ACC-016445,SAVINGS,Synthetic Sahyadri Bank 6,CUSTOMER
ACC-021064,SAVINGS,Synthetic Sahyadri Bank 6,CUSTOMER
ACC-007345,SAVINGS,Synthetic Sahyadri Bank 3,CUSTOMER
ACC-020642,SAVINGS,Synthetic Sahyadri Bank 6,CUSTOMER
ACC-025559,SAVINGS,Synthetic Sahyadri Bank 6,CUSTOMER
ACC-028484,SAVINGS,Synthetic Sahyadri Bank 1,CUSTOMER
ACC-014699,SAVINGS,Synthetic Sahyadri Bank 4,CUSTOMER
ACC-008048,SAVINGS,Synthetic Sahyadri Bank 1,CUSTOMER
ACC-003813,SAVINGS,Synthetic Sahyadri Bank 6,CUSTOMER
ACC-001215,SAVINGS,Synthetic Sahyadri Bank 1,CUSTOMER
ACC-009085,SAVINGS,Synthetic Sahyadri Bank 5,CUSTOMER
ACC-027325,SAVINGS,Synthetic Sahyadri Bank 5,CUSTOMER
ACC-009058,SAVINGS,Synthetic Sahyadri Bank 5,CUSTOMER
ACC-012984,SAVINGS,Synthetic Sahyadri Bank 4,CUSTOMER
ACC-010084,SAVINGS,Synthetic Sahyadri Bank 6,CUSTOMER
ACC-013845,SAVINGS,Synthetic Sahyadri Bank 4,CUSTOMER
ACC-004655,SAVINGS,Synthetic Sahyadri Bank 5,CUSTOMER
ACC-018246,SAVINGS,Synthetic Sahyadri Bank 2,CUSTOMER
ACC-004832,SAVINGS,Synthetic Sahyadri Bank 4,CUSTOMER
ACC-026955,SAVINGS,Synthetic Sahyadri Bank 5,CUSTOMER
ACC-027853,SAVINGS,Synthetic Sahyadri Bank 6,CUSTOMER
ACC-018496,SAVINGS,Synthetic Sahyadri Bank 2,CUSTOMER
ACC-014260,SAVINGS,Synthetic Sahyadri Bank 2,CUSTOMER
ACC-002398,SAVINGS,Synthetic Sahyadri Bank 1,CUSTOMER
ACC-020865,SAVINGS,Synthetic Sahyadri Bank 1,CUSTOMER
ACC-005893,SAVINGS,Synthetic Sahyadri Bank 2,CUSTOMER
ACC-005801,SAVINGS,Synthetic Sahyadri Bank 5,CUSTOMER
ACC-023966,SAVINGS,Synthetic Sahyadri Bank 5,CUSTOMER
ACC-017637,SAVINGS,Synthetic Sahyadri Bank 5,CUSTOMER
ACC-009415,SAVINGS,Synthetic Sahyadri Bank 6,CUSTOMER
ACC-000993,SAVINGS,Synthetic Sahyadri Bank 2,CUSTOMER
ACC-025919,SAVINGS,Synthetic Sahyadri Bank 6,CUSTOMER
ACC-001886,SAVINGS,Synthetic Sahyadri Bank 5,CUSTOMER
ACC-017865,SAVINGS,Synthetic Sahyadri Bank 1,CUSTOMER
ACC-026761,SAVINGS,Synthetic Sahyadri Bank 3,CUSTOMER
ACC-024014,SAVINGS,Synthetic Sahyadri Bank 5,CUSTOMER
ACC-016623,SAVINGS,Synthetic Sahyadri Bank 3,CUSTOMER
ACC-023112,SAVINGS,Synthetic Sahyadri Bank 5,CUSTOMER
ACC-025831,SAVINGS,Synthetic Sahyadri Bank 3,CUSTOMER
ACC-010130,SAVINGS,Synthetic Sahyadri Bank 5,CUSTOMER
ACC-005387,SAVINGS,Synthetic Sahyadri Bank 5,CUSTOMER
ACC-004854,SAVINGS,Synthetic Sahyadri Bank 5,CUSTOMER
ACC-026137,SAVINGS,Synthetic Sahyadri Bank 6,CUSTOMER
ACC-027564,SAVINGS,Synthetic Sahyadri Bank 4,CUSTOMER
ACC-029001,SAVINGS,Synthetic Sahyadri Bank 5,CUSTOMER
ACC-021078,SAVINGS,Synthetic Sahyadri Bank 6,CUSTOMER
ACC-003551,SAVINGS,Synthetic Sahyadri Bank 5,CUSTOMER
ACC-000552,SAVINGS,Synthetic Sahyadri Bank 1,CUSTOMER
ACC-025873,SAVINGS,Synthetic Sahyadri Bank 3,CUSTOMER
ACC-018913,SAVINGS,Synthetic Sahyadri Bank 2,CUSTOMER
ACC-000163,SAVINGS,Synthetic Sahyadri Bank 2,CUSTOMER
ACC-005768,SAVINGS,Synthetic Sahyadri Bank 5,CUSTOMER
ACC-025453,SAVINGS,Synthetic Sahyadri Bank 1,CUSTOMER
ACC-025471,SAVINGS,Synthetic Sahyadri Bank 3,CUSTOMER
ACC-021922,SAVINGS,Synthetic Sahyadri Bank 3,CUSTOMER
ACC-006230,SAVINGS,Synthetic Sahyadri Bank 2,CUSTOMER
ACC-003028,SAVINGS,Synthetic Sahyadri Bank 2,CUSTOMER
ACC-007049,SAVINGS,Synthetic Sahyadri Bank 1,CUSTOMER
ACC-010725,SAVINGS,Synthetic Sahyadri Bank 1,CUSTOMER
ACC-012017,SAVINGS,Synthetic Sahyadri Bank 3,CUSTOMER
ACC-015724,SAVINGS,Synthetic Sahyadri Bank 1,CUSTOMER
ACC-007704,SAVINGS,Synthetic Sahyadri Bank 4,CUSTOMER
ACC-019296,SAVINGS,Synthetic Sahyadri Bank 3,CUSTOMER
ACC-007257,SAVINGS,Synthetic Sahyadri Bank 2,CUSTOMER
ACC-022622,SAVINGS,Synthetic Sahyadri Bank 4,CUSTOMER
ACC-003634,SAVINGS,Synthetic Sahyadri Bank 3,CUSTOMER
ACC-017147,SAVINGS,Synthetic Sahyadri Bank 1,CUSTOMER
ACC-024633,SAVINGS,Synthetic Sahyadri Bank 2,CUSTOMER
ACC-027040,SAVINGS,Synthetic Sahyadri Bank 1,CUSTOMER
ACC-005169,SAVINGS,Synthetic Sahyadri Bank 6,CUSTOMER
ACC-002375,SAVINGS,Synthetic Sahyadri Bank 3,CUSTOMER
ACC-006662,SAVINGS,Synthetic Sahyadri Bank 1,CUSTOMER
ACC-002999,SAVINGS,Synthetic Sahyadri Bank 5,CUSTOMER
ACC-006792,SAVINGS,Synthetic Sahyadri Bank 4,CUSTOMER
ACC-028483,SAVINGS,Synthetic Sahyadri Bank 6,CUSTOMER
ACC-028003,SAVINGS,Synthetic Sahyadri Bank 2,CUSTOMER
ACC-001146,SAVINGS,Synthetic Sahyadri Bank 1,CUSTOMER
ACC-029328,SAVINGS,Synthetic Sahyadri Bank 1,CUSTOMER
ACC-003158,SAVINGS,Synthetic Sahyadri Bank 2,CUSTOMER
ACC-028059,SAVINGS,Synthetic Sahyadri Bank 2,CUSTOMER
ACC-026386,SAVINGS,Synthetic Sahyadri Bank 2,CUSTOMER
ACC-001581,SAVINGS,Synthetic Sahyadri Bank 5,CUSTOMER
ACC-001303,SAVINGS,Synthetic Sahyadri Bank 6,CUSTOMER
ACC-016244,SAVINGS,Synthetic Sahyadri Bank 6,CUSTOMER
ACC-025070,SAVINGS,Synthetic Sahyadri Bank 3,CUSTOMER
ACC-015594,SAVINGS,Synthetic Sahyadri Bank 6,CUSTOMER
ACC-007878,SAVINGS,Synthetic Sahyadri Bank 6,CUSTOMER
ACC-000982,SAVINGS,Synthetic Sahyadri Bank 1,CUSTOMER
ACC-022506,SAVINGS,Synthetic Sahyadri Bank 5,CUSTOMER
ACC-020086,SAVINGS,Synthetic Sahyadri Bank 3,CUSTOMER
ACC-003959,SAVINGS,Synthetic Sahyadri Bank 2,CUSTOMER
ACC-007065,SAVINGS,Synthetic Sahyadri Bank 4,CUSTOMER
ACC-005159,SAVINGS,Synthetic Sahyadri Bank 3,CUSTOMER
ACC-000083,SAVINGS,Synthetic Sahyadri Bank 3,CUSTOMER
ACC-016855,SAVINGS,Synthetic Sahyadri Bank 5,CUSTOMER
ACC-016622,SAVINGS,Synthetic Sahyadri Bank 1,CUSTOMER
ACC-025530,SAVINGS,Synthetic Sahyadri Bank 6,CUSTOMER
ACC-014944,SAVINGS,Synthetic Sahyadri Bank 3,CUSTOMER
ACC-017519,SAVINGS,Synthetic Sahyadri Bank 2,CUSTOMER
ACC-010343,SAVINGS,Synthetic Sahyadri Bank 1,CUSTOMER
ACC-021570,SAVINGS,Synthetic Sahyadri Bank 4,CUSTOMER
ACC-020115,SAVINGS,Synthetic Sahyadri Bank 1,CUSTOMER
ACC-018725,SAVINGS,Synthetic Sahyadri Bank 3,CUSTOMER
ACC-016476,SAVINGS,Synthetic Sahyadri Bank 4,CUSTOMER
ACC-024980,SAVINGS,Synthetic Sahyadri Bank 3,CUSTOMER
ACC-007567,SAVINGS,Synthetic Sahyadri Bank 3,CUSTOMER
ACC-002916,SAVINGS,Synthetic Sahyadri Bank 3,CUSTOMER
ACC-015141,SAVINGS,Synthetic Sahyadri Bank 3,CUSTOMER
ACC-022469,SAVINGS,Synthetic Sahyadri Bank 2,CUSTOMER
ACC-006399,SAVINGS,Synthetic Sahyadri Bank 3,CUSTOMER
ACC-003964,SAVINGS,Synthetic Sahyadri Bank 6,CUSTOMER
ACC-010163,SAVINGS,Synthetic Sahyadri Bank 4,CUSTOMER
ACC-008688,SAVINGS,Synthetic Sahyadri Bank 6,CUSTOMER
ACC-012532,SAVINGS,Synthetic Sahyadri Bank 4,CUSTOMER
ACC-022256,SAVINGS,Synthetic Sahyadri Bank 5,CUSTOMER
ACC-028065,SAVINGS,Synthetic Sahyadri Bank 1,CUSTOMER
ACC-009617,SAVINGS,Synthetic Sahyadri Bank 1,CUSTOMER
ACC-003440,SAVINGS,Synthetic Sahyadri Bank 1,CUSTOMER
ACC-019845,SAVINGS,Synthetic Sahyadri Bank 5,CUSTOMER
ACC-029833,SAVINGS,Synthetic Sahyadri Bank 6,CUSTOMER
ACC-015182,SAVINGS,Synthetic Sahyadri Bank 3,CUSTOMER
ACC-002141,SAVINGS,Synthetic Sahyadri Bank 5,CUSTOMER
ACC-003104,SAVINGS,Synthetic Sahyadri Bank 1,CUSTOMER
ACC-023208,SAVINGS,Synthetic Sahyadri Bank 3,CUSTOMER
ACC-017456,SAVINGS,Synthetic Sahyadri Bank 4,CUSTOMER
ACC-012915,SAVINGS,Synthetic Sahyadri Bank 2,CUSTOMER
ACC-009075,SAVINGS,Synthetic Sahyadri Bank 4,CUSTOMER
ACC-011686,SAVINGS,Synthetic Sahyadri Bank 5,CUSTOMER
ACC-025800,SAVINGS,Synthetic Sahyadri Bank 4,CUSTOMER
ACC-001191,SAVINGS,Synthetic Sahyadri Bank 1,CUSTOMER
ACC-014059,SAVINGS,Synthetic Sahyadri Bank 3,CUSTOMER
ACC-026532,SAVINGS,Synthetic Sahyadri Bank 5,CUSTOMER
ACC-017047,SAVINGS,Synthetic Sahyadri Bank 6,CUSTOMER
ACC-003096,SAVINGS,Synthetic Sahyadri Bank 3,CUSTOMER
ACC-023953,SAVINGS,Synthetic Sahyadri Bank 1,CUSTOMER
ACC-002336,SAVINGS,Synthetic Sahyadri Bank 3,CUSTOMER
ACC-029926,SAVINGS,Synthetic Sahyadri Bank 2,CUSTOMER
ACC-024123,SAVINGS,Synthetic Sahyadri Bank 1,CUSTOMER
ACC-015255,SAVINGS,Synthetic Sahyadri Bank 1,CUSTOMER
ACC-010499,SAVINGS,Synthetic Sahyadri Bank 3,CUSTOMER
ACC-000720,SAVINGS,Synthetic Sahyadri Bank 6,CUSTOMER
ACC-004740,SAVINGS,Synthetic Sahyadri Bank 3,CUSTOMER
ACC-015405,SAVINGS,Synthetic Sahyadri Bank 4,CUSTOMER
ACC-010932,SAVINGS,Synthetic Sahyadri Bank 3,CUSTOMER
ACC-006222,SAVINGS,Synthetic Sahyadri Bank 1,CUSTOMER
ACC-021597,SAVINGS,Synthetic Sahyadri Bank 1,CUSTOMER
ACC-021789,SAVINGS,Synthetic Sahyadri Bank 3,CUSTOMER
ACC-004775,SAVINGS,Synthetic Sahyadri Bank 2,CUSTOMER
ACC-007178,SAVINGS,Synthetic Sahyadri Bank 3,CUSTOMER
ACC-019040,SAVINGS,Synthetic Sahyadri Bank 2,CUSTOMER
ACC-003659,SAVINGS,Synthetic Sahyadri Bank 4,CUSTOMER
ACC-019873,SAVINGS,Synthetic Sahyadri Bank 3,CUSTOMER
ACC-002869,SAVINGS,Synthetic Sahyadri Bank 4,CUSTOMER
ACC-002119,SAVINGS,Synthetic Sahyadri Bank 6,CUSTOMER
ACC-014637,SAVINGS,Synthetic Sahyadri Bank 4,CUSTOMER
ACC-029754,SAVINGS,Synthetic Sahyadri Bank 2,CUSTOMER
ACC-023692,SAVINGS,Synthetic Sahyadri Bank 6,CUSTOMER
ACC-006171,SAVINGS,Synthetic Sahyadri Bank 5,CUSTOMER
ACC-015826,SAVINGS,Synthetic Sahyadri Bank 2,CUSTOMER
ACC-028761,SAVINGS,Synthetic Sahyadri Bank 1,CUSTOMER
ACC-017898,SAVINGS,Synthetic Sahyadri Bank 5,CUSTOMER
ACC-020216,SAVINGS,Synthetic Sahyadri Bank 1,CUSTOMER
ACC-008172,SAVINGS,Synthetic Sahyadri Bank 3,CUSTOMER
ACC-020559,SAVINGS,Synthetic Sahyadri Bank 2,CUSTOMER
ACC-013597,SAVINGS,Synthetic Sahyadri Bank 3,CUSTOMER
ACC-018550,SAVINGS,Synthetic Sahyadri Bank 6,CUSTOMER
ACC-009898,SAVINGS,Synthetic Sahyadri Bank 1,CUSTOMER
ACC-027740,SAVINGS,Synthetic Sahyadri Bank 3,CUSTOMER
ACC-010754,SAVINGS,Synthetic Sahyadri Bank 2,CUSTOMER
ACC-001671,SAVINGS,Synthetic Sahyadri Bank 6,CUSTOMER
ACC-008958,SAVINGS,Synthetic Sahyadri Bank 4,CUSTOMER
ACC-021637,SAVINGS,Synthetic Sahyadri Bank 5,CUSTOMER
ACC-003035,SAVINGS,Synthetic Sahyadri Bank 1,CUSTOMER
ACC-021362,SAVINGS,Synthetic Sahyadri Bank 2,CUSTOMER
ACC-018190,SAVINGS,Synthetic Sahyadri Bank 6,CUSTOMER
ACC-020776,SAVINGS,Synthetic Sahyadri Bank 1,CUSTOMER
ACC-001899,SAVINGS,Synthetic Sahyadri Bank 1,CUSTOMER
ACC-018063,SAVINGS,Synthetic Sahyadri Bank 6,CUSTOMER
ACC-002662,SAVINGS,Synthetic Sahyadri Bank 1,CUSTOMER
ACC-028589,SAVINGS,Synthetic Sahyadri Bank 1,CUSTOMER
ACC-012710,SAVINGS,Synthetic Sahyadri Bank 6,CUSTOMER
ACC-009838,SAVINGS,Synthetic Sahyadri Bank 2,CUSTOMER
ACC-008714,SAVINGS,Synthetic Sahyadri Bank 1,CUSTOMER
ACC-008776,SAVINGS,Synthetic Sahyadri Bank 4,CUSTOMER
ACC-024737,SAVINGS,Synthetic Sahyadri Bank 4,CUSTOMER
ACC-024275,SAVINGS,Synthetic Sahyadri Bank 1,CUSTOMER
ACC-027369,SAVINGS,Synthetic Sahyadri Bank 3,CUSTOMER
ACC-002062,SAVINGS,Synthetic Sahyadri Bank 3,CUSTOMER
ACC-025147,SAVINGS,Synthetic Sahyadri Bank 3,CUSTOMER
ACC-005815,SAVINGS,Synthetic Sahyadri Bank 6,CUSTOMER
ACC-002952,SAVINGS,Synthetic Sahyadri Bank 6,CUSTOMER
ACC-024545,SAVINGS,Synthetic Sahyadri Bank 2,CUSTOMER
ACC-023790,SAVINGS,Synthetic Sahyadri Bank 2,CUSTOMER
ACC-010214,SAVINGS,Synthetic Sahyadri Bank 2,CUSTOMER
ACC-018733,SAVINGS,Synthetic Sahyadri Bank 5,CUSTOMER
ACC-014331,SAVINGS,Synthetic Sahyadri Bank 4,CUSTOMER
ACC-007511,SAVINGS,Synthetic Sahyadri Bank 5,CUSTOMER
ACC-008576,SAVINGS,Synthetic Sahyadri Bank 1,CUSTOMER
ACC-007332,SAVINGS,Synthetic Sahyadri Bank 5,CUSTOMER
ACC-010016,SAVINGS,Synthetic Sahyadri Bank 4,CUSTOMER
ACC-014423,SAVINGS,Synthetic Sahyadri Bank 1,CUSTOMER
ACC-001256,SAVINGS,Synthetic Sahyadri Bank 5,CUSTOMER
ACC-024228,SAVINGS,Synthetic Sahyadri Bank 4,CUSTOMER
ACC-028804,SAVINGS,Synthetic Sahyadri Bank 6,CUSTOMER
ACC-018820,SAVINGS,Synthetic Sahyadri Bank 6,CUSTOMER
ACC-001536,SAVINGS,Synthetic Sahyadri Bank 1,CUSTOMER
ACC-023773,SAVINGS,Synthetic Sahyadri Bank 6,CUSTOMER
ACC-015623,SAVINGS,Synthetic Sahyadri Bank 5,CUSTOMER
ACC-004635,SAVINGS,Synthetic Sahyadri Bank 6,CUSTOMER
ACC-015946,SAVINGS,Synthetic Sahyadri Bank 1,CUSTOMER
ACC-013527,SAVINGS,Synthetic Sahyadri Bank 4,CUSTOMER
ACC-000587,SAVINGS,Synthetic Sahyadri Bank 1,CUSTOMER
ACC-010996,SAVINGS,Synthetic Sahyadri Bank 3,CUSTOMER
ACC-013767,SAVINGS,Synthetic Sahyadri Bank 2,CUSTOMER
ACC-008560,SAVINGS,Synthetic Sahyadri Bank 2,CUSTOMER
ACC-020019,SAVINGS,Synthetic Sahyadri Bank 4,CUSTOMER
ACC-021081,SAVINGS,Synthetic Sahyadri Bank 6,CUSTOMER
ACC-006541,SAVINGS,Synthetic Sahyadri Bank 5,CUSTOMER
ACC-002061,SAVINGS,Synthetic Sahyadri Bank 2,CUSTOMER
ACC-028384,SAVINGS,Synthetic Sahyadri Bank 1,CUSTOMER
ACC-000794,SAVINGS,Synthetic Sahyadri Bank 1,CUSTOMER
ACC-023464,SAVINGS,Synthetic Sahyadri Bank 2,CUSTOMER
ACC-000433,SAVINGS,Synthetic Sahyadri Bank 2,CUSTOMER
ACC-020590,SAVINGS,Synthetic Sahyadri Bank 5,CUSTOMER
ACC-008978,SAVINGS,Synthetic Sahyadri Bank 5,CUSTOMER
ACC-026826,SAVINGS,Synthetic Sahyadri Bank 4,CUSTOMER
ACC-016852,SAVINGS,Synthetic Sahyadri Bank 6,CUSTOMER
ACC-026395,SAVINGS,Synthetic Sahyadri Bank 3,CUSTOMER
ACC-023604,SAVINGS,Synthetic Sahyadri Bank 6,CUSTOMER
ACC-001100,SAVINGS,Synthetic Sahyadri Bank 5,CUSTOMER
ACC-024385,SAVINGS,Synthetic Sahyadri Bank 3,CUSTOMER
ACC-021641,SAVINGS,Synthetic Sahyadri Bank 2,CUSTOMER
ACC-013131,SAVINGS,Synthetic Sahyadri Bank 1,CUSTOMER
ACC-022528,SAVINGS,Synthetic Sahyadri Bank 2,CUSTOMER
ACC-004923,SAVINGS,Synthetic Sahyadri Bank 3,CUSTOMER
ACC-023085,SAVINGS,Synthetic Sahyadri Bank 6,CUSTOMER
ACC-008590,SAVINGS,Synthetic Sahyadri Bank 3,CUSTOMER
ACC-026888,SAVINGS,Synthetic Sahyadri Bank 5,CUSTOMER
ACC-013632,SAVINGS,Synthetic Sahyadri Bank 2,CUSTOMER
ACC-010730,SAVINGS,Synthetic Sahyadri Bank 1,CUSTOMER
ACC-006475,SAVINGS,Synthetic Sahyadri Bank 6,CUSTOMER
ACC-012171,SAVINGS,Synthetic Sahyadri Bank 2,CUSTOMER
ACC-021171,SAVINGS,Synthetic Sahyadri Bank 4,CUSTOMER
ACC-013201,SAVINGS,Synthetic Sahyadri Bank 6,CUSTOMER
ACC-013836,SAVINGS,Synthetic Sahyadri Bank 4,CUSTOMER
ACC-023057,SAVINGS,Synthetic Sahyadri Bank 2,CUSTOMER
ACC-005951,SAVINGS,Synthetic Sahyadri Bank 1,CUSTOMER
ACC-023850,SAVINGS,Synthetic Sahyadri Bank 2,CUSTOMER
ACC-020234,SAVINGS,Synthetic Sahyadri Bank 4,CUSTOMER
ACC-026523,SAVINGS,Synthetic Sahyadri Bank 3,CUSTOMER
ACC-005140,SAVINGS,Synthetic Sahyadri Bank 6,CUSTOMER
ACC-013977,SAVINGS,Synthetic Sahyadri Bank 4,CUSTOMER
ACC-019674,SAVINGS,Synthetic Sahyadri Bank 5,CUSTOMER
ACC-019402,SAVINGS,Synthetic Sahyadri Bank 6,CUSTOMER
ACC-011829,SAVINGS,Synthetic Sahyadri Bank 1,CUSTOMER
ACC-026970,SAVINGS,Synthetic Sahyadri Bank 2,CUSTOMER
ACC-002743,SAVINGS,Synthetic Sahyadri Bank 6,CUSTOMER
ACC-018669,SAVINGS,Synthetic Sahyadri Bank 4,CUSTOMER
ACC-000487,SAVINGS,Synthetic Sahyadri Bank 3,CUSTOMER
ACC-019398,SAVINGS,Synthetic Sahyadri Bank 5,CUSTOMER
ACC-000221,SAVINGS,Synthetic Sahyadri Bank 4,CUSTOMER
ACC-019518,SAVINGS,Synthetic Sahyadri Bank 6,CUSTOMER
ACC-003720,SAVINGS,Synthetic Sahyadri Bank 1,CUSTOMER
ACC-010540,SAVINGS,Synthetic Sahyadri Bank 5,CUSTOMER
ACC-010738,SAVINGS,Synthetic Sahyadri Bank 2,CUSTOMER
ACC-017781,SAVINGS,Synthetic Sahyadri Bank 2,CUSTOMER
ACC-005383,SAVINGS,Synthetic Sahyadri Bank 1,CUSTOMER
ACC-023550,SAVINGS,Synthetic Sahyadri Bank 6,CUSTOMER
ACC-014663,SAVINGS,Synthetic Sahyadri Bank 1,CUSTOMER
ACC-024229,SAVINGS,Synthetic Sahyadri Bank 6,CUSTOMER
ACC-002518,SAVINGS,Synthetic Sahyadri Bank 3,CUSTOMER
ACC-012778,SAVINGS,Synthetic Sahyadri Bank 1,CUSTOMER
ACC-011141,SAVINGS,Synthetic Sahyadri Bank 3,CUSTOMER
ACC-017043,SAVINGS,Synthetic Sahyadri Bank 5,CUSTOMER
ACC-003025,SAVINGS,Synthetic Sahyadri Bank 6,CUSTOMER
ACC-028383,SAVINGS,Synthetic Sahyadri Bank 5,CUSTOMER
ACC-021498,SAVINGS,Synthetic Sahyadri Bank 1,CUSTOMER
ACC-022228,SAVINGS,Synthetic Sahyadri Bank 1,CUSTOMER
ACC-003702,SAVINGS,Synthetic Sahyadri Bank 2,CUSTOMER
ACC-014184,SAVINGS,Synthetic Sahyadri Bank 4,CUSTOMER
ACC-003275,SAVINGS,Synthetic Sahyadri Bank 6,CUSTOMER
ACC-025961,SAVINGS,Synthetic Sahyadri Bank 3,CUSTOMER
ACC-011296,SAVINGS,Synthetic Sahyadri Bank 5,CUSTOMER
ACC-027592,SAVINGS,Synthetic Sahyadri Bank 1,CUSTOMER
ACC-001981,SAVINGS,Synthetic Sahyadri Bank 3,CUSTOMER
ACC-003283,SAVINGS,Synthetic Sahyadri Bank 2,CUSTOMER
ACC-017640,SAVINGS,Synthetic Sahyadri Bank 3,CUSTOMER
ACC-003478,SAVINGS,Synthetic Sahyadri Bank 4,CUSTOMER
ACC-012512,SAVINGS,Synthetic Sahyadri Bank 4,CUSTOMER
ACC-029198,SAVINGS,Synthetic Sahyadri Bank 3,CUSTOMER
ACC-021885,SAVINGS,Synthetic Sahyadri Bank 2,CUSTOMER
ACC-003533,SAVINGS,Synthetic Sahyadri Bank 1,CUSTOMER
ACC-018479,SAVINGS,Synthetic Sahyadri Bank 3,CUSTOMER
ACC-007701,SAVINGS,Synthetic Sahyadri Bank 3,CUSTOMER
ACC-029828,SAVINGS,Synthetic Sahyadri Bank 4,CUSTOMER
ACC-000261,SAVINGS,Synthetic Sahyadri Bank 2,CUSTOMER
ACC-001202,SAVINGS,Synthetic Sahyadri Bank 5,CUSTOMER
ACC-025851,SAVINGS,Synthetic Sahyadri Bank 2,CUSTOMER
ACC-016209,SAVINGS,Synthetic Sahyadri Bank 3,CUSTOMER
ACC-004888,SAVINGS,Synthetic Sahyadri Bank 5,CUSTOMER
ACC-000525,SAVINGS,Synthetic Sahyadri Bank 5,CUSTOMER
ACC-028064,SAVINGS,Synthetic Sahyadri Bank 1,CUSTOMER
ACC-017078,SAVINGS,Synthetic Sahyadri Bank 1,CUSTOMER
ACC-009709,SAVINGS,Synthetic Sahyadri Bank 2,CUSTOMER
ACC-028642,SAVINGS,Synthetic Sahyadri Bank 1,CUSTOMER
ACC-012156,SAVINGS,Synthetic Sahyadri Bank 4,CUSTOMER
ACC-013681,SAVINGS,Synthetic Sahyadri Bank 2,CUSTOMER
ACC-015910,SAVINGS,Synthetic Sahyadri Bank 2,CUSTOMER
ACC-026042,SAVINGS,Synthetic Sahyadri Bank 5,CUSTOMER
ACC-002624,SAVINGS,Synthetic Sahyadri Bank 3,CUSTOMER
ACC-017508,SAVINGS,Synthetic Sahyadri Bank 6,CUSTOMER
ACC-006895,SAVINGS,Synthetic Sahyadri Bank 2,CUSTOMER
ACC-003900,SAVINGS,Synthetic Sahyadri Bank 3,CUSTOMER
ACC-023576,SAVINGS,Synthetic Sahyadri Bank 1,CUSTOMER
ACC-001576,SAVINGS,Synthetic Sahyadri Bank 6,CUSTOMER
ACC-009164,SAVINGS,Synthetic Sahyadri Bank 2,CUSTOMER
ACC-017618,SAVINGS,Synthetic Sahyadri Bank 2,CUSTOMER
ACC-023630,SAVINGS,Synthetic Sahyadri Bank 6,CUSTOMER
ACC-022062,SAVINGS,Synthetic Sahyadri Bank 4,CUSTOMER
ACC-019152,SAVINGS,Synthetic Sahyadri Bank 5,CUSTOMER
ACC-013501,SAVINGS,Synthetic Sahyadri Bank 4,CUSTOMER
ACC-001858,SAVINGS,Synthetic Sahyadri Bank 5,CUSTOMER
ACC-019572,SAVINGS,Synthetic Sahyadri Bank 6,CUSTOMER
ACC-027372,SAVINGS,Synthetic Sahyadri Bank 6,CUSTOMER
ACC-016555,SAVINGS,Synthetic Sahyadri Bank 4,CUSTOMER
ACC-021075,SAVINGS,Synthetic Sahyadri Bank 1,CUSTOMER
ACC-024125,SAVINGS,Synthetic Sahyadri Bank 1,CUSTOMER
ACC-003063,SAVINGS,Synthetic Sahyadri Bank 2,CUSTOMER
ACC-003667,SAVINGS,Synthetic Sahyadri Bank 3,CUSTOMER
ACC-025905,SAVINGS,Synthetic Sahyadri Bank 1,CUSTOMER
ACC-028086,SAVINGS,Synthetic Sahyadri Bank 1,CUSTOMER
ACC-023647,SAVINGS,Synthetic Sahyadri Bank 1,CUSTOMER
ACC-015726,SAVINGS,Synthetic Sahyadri Bank 5,CUSTOMER
ACC-002693,SAVINGS,Synthetic Sahyadri Bank 6,CUSTOMER
ACC-009993,SAVINGS,Synthetic Sahyadri Bank 5,CUSTOMER
ACC-020730,SAVINGS,Synthetic Sahyadri Bank 6,CUSTOMER
ACC-017026,SAVINGS,Synthetic Sahyadri Bank 1,CUSTOMER
ACC-029379,SAVINGS,Synthetic Sahyadri Bank 6,CUSTOMER
ACC-001819,SAVINGS,Synthetic Sahyadri Bank 1,CUSTOMER
ACC-029834,SAVINGS,Synthetic Sahyadri Bank 6,CUSTOMER
ACC-004016,SAVINGS,Synthetic Sahyadri Bank 2,CUSTOMER
ACC-000201,SAVINGS,Synthetic Sahyadri Bank 5,CUSTOMER
ACC-025999,SAVINGS,Synthetic Sahyadri Bank 2,CUSTOMER
ACC-008804,SAVINGS,Synthetic Sahyadri Bank 5,CUSTOMER
ACC-024494,SAVINGS,Synthetic Sahyadri Bank 2,CUSTOMER
ACC-013670,SAVINGS,Synthetic Sahyadri Bank 5,CUSTOMER
ACC-021269,SAVINGS,Synthetic Sahyadri Bank 5,CUSTOMER
ACC-019221,SAVINGS,Synthetic Sahyadri Bank 4,CUSTOMER
ACC-000961,SAVINGS,Synthetic Sahyadri Bank 2,CUSTOMER
ACC-029346,SAVINGS,Synthetic Sahyadri Bank 4,CUSTOMER
ACC-009594,SAVINGS,Synthetic Sahyadri Bank 5,CUSTOMER
ACC-013631,SAVINGS,Synthetic Sahyadri Bank 6,CUSTOMER
ACC-001800,SAVINGS,Synthetic Sahyadri Bank 4,CUSTOMER
ACC-003463,SAVINGS,Synthetic Sahyadri Bank 1,CUSTOMER
ACC-000026,SAVINGS,Synthetic Sahyadri Bank 5,CUSTOMER
ACC-008653,SAVINGS,Synthetic Sahyadri Bank 4,CUSTOMER
ACC-007402,SAVINGS,Synthetic Sahyadri Bank 4,CUSTOMER
ACC-012081,SAVINGS,Synthetic Sahyadri Bank 1,CUSTOMER
ACC-006770,SAVINGS,Synthetic Sahyadri Bank 5,CUSTOMER
ACC-019359,SAVINGS,Synthetic Sahyadri Bank 3,CUSTOMER
ACC-028695,SAVINGS,Synthetic Sahyadri Bank 5,CUSTOMER
ACC-008555,SAVINGS,Synthetic Sahyadri Bank 5,CUSTOMER
ACC-006566,SAVINGS,Synthetic Sahyadri Bank 3,CUSTOMER
ACC-004504,SAVINGS,Synthetic Sahyadri Bank 3,CUSTOMER
ACC-029501,SAVINGS,Synthetic Sahyadri Bank 2,CUSTOMER
ACC-015840,SAVINGS,Synthetic Sahyadri Bank 4,CUSTOMER
ACC-015493,SAVINGS,Synthetic Sahyadri Bank 5,CUSTOMER
ACC-008233,SAVINGS,Synthetic Sahyadri Bank 1,CUSTOMER
ACC-018645,SAVINGS,Synthetic Sahyadri Bank 5,CUSTOMER
ACC-023126,SAVINGS,Synthetic Sahyadri Bank 5,CUSTOMER
ACC-009726,SAVINGS,Synthetic Sahyadri Bank 1,CUSTOMER
ACC-001857,SAVINGS,Synthetic Sahyadri Bank 5,CUSTOMER
ACC-005752,SAVINGS,Synthetic Sahyadri Bank 6,CUSTOMER
ACC-012745,SAVINGS,Synthetic Sahyadri Bank 3,CUSTOMER
ACC-012109,SAVINGS,Synthetic Sahyadri Bank 4,CUSTOMER
ACC-014807,SAVINGS,Synthetic Sahyadri Bank 6,CUSTOMER
ACC-000554,SAVINGS,Synthetic Sahyadri Bank 5,CUSTOMER
ACC-020811,SAVINGS,Synthetic Sahyadri Bank 2,CUSTOMER
ACC-008384,SAVINGS,Synthetic Sahyadri Bank 6,CUSTOMER
ACC-004657,SAVINGS,Synthetic Sahyadri Bank 2,CUSTOMER
ACC-006346,SAVINGS,Synthetic Sahyadri Bank 6,CUSTOMER
ACC-028143,SAVINGS,Synthetic Sahyadri Bank 1,CUSTOMER
ACC-002338,SAVINGS,Synthetic Sahyadri Bank 6,CUSTOMER
ACC-003396,SAVINGS,Synthetic Sahyadri Bank 1,CUSTOMER
ACC-026656,SAVINGS,Synthetic Sahyadri Bank 5,CUSTOMER
ACC-026963,SAVINGS,Synthetic Sahyadri Bank 6,CUSTOMER
ACC-017591,SAVINGS,Synthetic Sahyadri Bank 6,CUSTOMER
ACC-013269,SAVINGS,Synthetic Sahyadri Bank 1,CUSTOMER
ACC-003892,SAVINGS,Synthetic Sahyadri Bank 1,CUSTOMER
ACC-004045,SAVINGS,Synthetic Sahyadri Bank 4,CUSTOMER
ACC-016745,SAVINGS,Synthetic Sahyadri Bank 3,CUSTOMER
ACC-018662,SAVINGS,Synthetic Sahyadri Bank 6,CUSTOMER
ACC-012598,SAVINGS,Synthetic Sahyadri Bank 3,CUSTOMER
ACC-021753,SAVINGS,Synthetic Sahyadri Bank 2,CUSTOMER
ACC-025705,SAVINGS,Synthetic Sahyadri Bank 5,CUSTOMER
ACC-026549,SAVINGS,Synthetic Sahyadri Bank 4,CUSTOMER
ACC-009772,SAVINGS,Synthetic Sahyadri Bank 4,CUSTOMER
ACC-025204,SAVINGS,Synthetic Sahyadri Bank 1,CUSTOMER
ACC-000258,SAVINGS,Synthetic Sahyadri Bank 5,CUSTOMER
ACC-014259,SAVINGS,Synthetic Sahyadri Bank 3,CUSTOMER
ACC-014230,SAVINGS,Synthetic Sahyadri Bank 1,CUSTOMER
ACC-025036,SAVINGS,Synthetic Sahyadri Bank 5,CUSTOMER
ACC-007381,SAVINGS,Synthetic Sahyadri Bank 3,CUSTOMER
ACC-007378,SAVINGS,Synthetic Sahyadri Bank 1,CUSTOMER
ACC-016616,SAVINGS,Synthetic Sahyadri Bank 5,CUSTOMER
ACC-025743,SAVINGS,Synthetic Sahyadri Bank 1,CUSTOMER
ACC-029084,SAVINGS,Synthetic Sahyadri Bank 4,CUSTOMER
ACC-002556,SAVINGS,Synthetic Sahyadri Bank 4,CUSTOMER
ACC-024721,SAVINGS,Synthetic Sahyadri Bank 4,CUSTOMER
ACC-001837,SAVINGS,Synthetic Sahyadri Bank 1,CUSTOMER
ACC-008574,SAVINGS,Synthetic Sahyadri Bank 4,CUSTOMER
ACC-010479,SAVINGS,Synthetic Sahyadri Bank 2,CUSTOMER
ACC-023904,SAVINGS,Synthetic Sahyadri Bank 3,CUSTOMER
ACC-006630,SAVINGS,Synthetic Sahyadri Bank 4,CUSTOMER
ACC-015045,SAVINGS,Synthetic Sahyadri Bank 2,CUSTOMER
ACC-000354,SAVINGS,Synthetic Sahyadri Bank 4,CUSTOMER
ACC-020137,SAVINGS,Synthetic Sahyadri Bank 2,CUSTOMER
ACC-007968,SAVINGS,Synthetic Sahyadri Bank 5,CUSTOMER
ACC-002047,SAVINGS,Synthetic Sahyadri Bank 4,CUSTOMER
ACC-017398,SAVINGS,Synthetic Sahyadri Bank 3,CUSTOMER
ACC-006281,SAVINGS,Synthetic Sahyadri Bank 3,CUSTOMER
ACC-026229,SAVINGS,Synthetic Sahyadri Bank 4,CUSTOMER
ACC-004168,SAVINGS,Synthetic Sahyadri Bank 4,CUSTOMER
ACC-000840,SAVINGS,Synthetic Sahyadri Bank 6,CUSTOMER
ACC-012653,SAVINGS,Synthetic Sahyadri Bank 2,CUSTOMER
ACC-000751,SAVINGS,Synthetic Sahyadri Bank 3,CUSTOMER
ACC-000378,SAVINGS,Synthetic Sahyadri Bank 6,CUSTOMER
ACC-009163,SAVINGS,Synthetic Sahyadri Bank 5,CUSTOMER
ACC-018294,SAVINGS,Synthetic Sahyadri Bank 3,CUSTOMER
ACC-017843,SAVINGS,Synthetic Sahyadri Bank 3,CUSTOMER
ACC-026968,SAVINGS,Synthetic Sahyadri Bank 4,CUSTOMER
ACC-018014,SAVINGS,Synthetic Sahyadri Bank 4,CUSTOMER
ACC-014117,SAVINGS,Synthetic Sahyadri Bank 2,CUSTOMER
ACC-015557,SAVINGS,Synthetic Sahyadri Bank 5,CUSTOMER
ACC-025249,SAVINGS,Synthetic Sahyadri Bank 4,CUSTOMER
ACC-017929,SAVINGS,Synthetic Sahyadri Bank 6,CUSTOMER
ACC-026922,SAVINGS,Synthetic Sahyadri Bank 1,CUSTOMER
ACC-011103,SAVINGS,Synthetic Sahyadri Bank 5,CUSTOMER
ACC-002825,SAVINGS,Synthetic Sahyadri Bank 3,CUSTOMER
ACC-000431,SAVINGS,Synthetic Sahyadri Bank 2,CUSTOMER
ACC-008517,SAVINGS,Synthetic Sahyadri Bank 6,CUSTOMER
ACC-020057,SAVINGS,Synthetic Sahyadri Bank 5,CUSTOMER
ACC-002385,SAVINGS,Synthetic Sahyadri Bank 3,CUSTOMER
ACC-023185,SAVINGS,Synthetic Sahyadri Bank 5,CUSTOMER
ACC-003520,SAVINGS,Synthetic Sahyadri Bank 1,CUSTOMER
ACC-022480,SAVINGS,Synthetic Sahyadri Bank 3,CUSTOMER
ACC-028099,SAVINGS,Synthetic Sahyadri Bank 6,CUSTOMER
ACC-001565,SAVINGS,Synthetic Sahyadri Bank 6,CUSTOMER
ACC-025064,SAVINGS,Synthetic Sahyadri Bank 4,CUSTOMER
ACC-007323,SAVINGS,Synthetic Sahyadri Bank 5,CUSTOMER
ACC-002509,SAVINGS,Synthetic Sahyadri Bank 6,CUSTOMER
ACC-010368,SAVINGS,Synthetic Sahyadri Bank 6,CUSTOMER
ACC-013951,SAVINGS,Synthetic Sahyadri Bank 3,CUSTOMER
ACC-000956,SAVINGS,Synthetic Sahyadri Bank 3,CUSTOMER
ACC-026278,SAVINGS,Synthetic Sahyadri Bank 2,CUSTOMER
ACC-021364,SAVINGS,Synthetic Sahyadri Bank 5,CUSTOMER
ACC-012231,SAVINGS,Synthetic Sahyadri Bank 6,CUSTOMER
ACC-000444,SAVINGS,Synthetic Sahyadri Bank 6,CUSTOMER
ACC-013200,SAVINGS,Synthetic Sahyadri Bank 4,CUSTOMER
ACC-012522,SAVINGS,Synthetic Sahyadri Bank 2,CUSTOMER
ACC-009394,SAVINGS,Synthetic Sahyadri Bank 6,CUSTOMER
ACC-018159,SAVINGS,Synthetic Sahyadri Bank 1,CUSTOMER
ACC-020405,SAVINGS,Synthetic Sahyadri Bank 4,CUSTOMER
ACC-017650,SAVINGS,Synthetic Sahyadri Bank 4,CUSTOMER
ACC-005685,SAVINGS,Synthetic Sahyadri Bank 6,CUSTOMER
ACC-006006,SAVINGS,Synthetic Sahyadri Bank 1,CUSTOMER
ACC-007112,SAVINGS,Synthetic Sahyadri Bank 2,CUSTOMER
ACC-028849,SAVINGS,Synthetic Sahyadri Bank 4,CUSTOMER
ACC-005715,SAVINGS,Synthetic Sahyadri Bank 5,CUSTOMER
ACC-000764,SAVINGS,Synthetic Sahyadri Bank 6,CUSTOMER
ACC-010329,SAVINGS,Synthetic Sahyadri Bank 3,CUSTOMER
ACC-003553,SAVINGS,Synthetic Sahyadri Bank 4,CUSTOMER
ACC-006086,SAVINGS,Synthetic Sahyadri Bank 1,CUSTOMER
ACC-010080,SAVINGS,Synthetic Sahyadri Bank 2,CUSTOMER
ACC-003467,SAVINGS,Synthetic Sahyadri Bank 4,CUSTOMER
ACC-001622,SAVINGS,Synthetic Sahyadri Bank 3,CUSTOMER
ACC-001174,SAVINGS,Synthetic Sahyadri Bank 2,CUSTOMER
ACC-018643,SAVINGS,Synthetic Sahyadri Bank 1,CUSTOMER
ACC-000607,SAVINGS,Synthetic Sahyadri Bank 2,CUSTOMER
ACC-025267,SAVINGS,Synthetic Sahyadri Bank 4,CUSTOMER
ACC-005305,SAVINGS,Synthetic Sahyadri Bank 3,CUSTOMER
ACC-011931,SAVINGS,Synthetic Sahyadri Bank 5,CUSTOMER
ACC-005604,SAVINGS,Synthetic Sahyadri Bank 2,CUSTOMER
ACC-008347,SAVINGS,Synthetic Sahyadri Bank 4,CUSTOMER
ACC-010237,SAVINGS,Synthetic Sahyadri Bank 1,CUSTOMER
ACC-028519,SAVINGS,Synthetic Sahyadri Bank 1,CUSTOMER
ACC-003923,SAVINGS,Synthetic Sahyadri Bank 1,CUSTOMER
ACC-004958,SAVINGS,Synthetic Sahyadri Bank 5,CUSTOMER
ACC-001359,SAVINGS,Synthetic Sahyadri Bank 4,CUSTOMER
ACC-010998,SAVINGS,Synthetic Sahyadri Bank 1,CUSTOMER
ACC-008752,SAVINGS,Synthetic Sahyadri Bank 2,CUSTOMER
ACC-008381,SAVINGS,Synthetic Sahyadri Bank 6,CUSTOMER
ACC-019535,SAVINGS,Synthetic Sahyadri Bank 3,CUSTOMER
ACC-022492,SAVINGS,Synthetic Sahyadri Bank 2,CUSTOMER
ACC-021120,SAVINGS,Synthetic Sahyadri Bank 4,CUSTOMER
ACC-013358,SAVINGS,Synthetic Sahyadri Bank 1,CUSTOMER
ACC-002579,SAVINGS,Synthetic Sahyadri Bank 4,CUSTOMER
ACC-017185,SAVINGS,Synthetic Sahyadri Bank 6,CUSTOMER
ACC-003016,SAVINGS,Synthetic Sahyadri Bank 1,CUSTOMER
ACC-025079,SAVINGS,Synthetic Sahyadri Bank 3,CUSTOMER
ACC-002360,SAVINGS,Synthetic Sahyadri Bank 4,CUSTOMER
ACC-017534,SAVINGS,Synthetic Sahyadri Bank 6,CUSTOMER
ACC-013775,SAVINGS,Synthetic Sahyadri Bank 4,CUSTOMER
ACC-025587,SAVINGS,Synthetic Sahyadri Bank 1,CUSTOMER
ACC-024054,SAVINGS,Synthetic Sahyadri Bank 4,CUSTOMER
ACC-006442,SAVINGS,Synthetic Sahyadri Bank 6,CUSTOMER
ACC-008058,SAVINGS,Synthetic Sahyadri Bank 3,CUSTOMER
ACC-011446,SAVINGS,Synthetic Sahyadri Bank 6,CUSTOMER
ACC-026482,SAVINGS,Synthetic Sahyadri Bank 1,CUSTOMER
ACC-003588,SAVINGS,Synthetic Sahyadri Bank 1,CUSTOMER
ACC-019057,SAVINGS,Synthetic Sahyadri Bank 2,CUSTOMER
ACC-019072,SAVINGS,Synthetic Sahyadri Bank 5,CUSTOMER
ACC-013430,SAVINGS,Synthetic Sahyadri Bank 6,CUSTOMER
ACC-022936,SAVINGS,Synthetic Sahyadri Bank 5,CUSTOMER
ACC-011935,SAVINGS,Synthetic Sahyadri Bank 1,CUSTOMER
ACC-000999,SAVINGS,Synthetic Sahyadri Bank 3,CUSTOMER
ACC-004903,SAVINGS,Synthetic Sahyadri Bank 4,CUSTOMER
ACC-010962,SAVINGS,Synthetic Sahyadri Bank 5,CUSTOMER
ACC-019073,SAVINGS,Synthetic Sahyadri Bank 3,CUSTOMER
ACC-010432,SAVINGS,Synthetic Sahyadri Bank 4,CUSTOMER
ACC-019380,SAVINGS,Synthetic Sahyadri Bank 1,CUSTOMER
ACC-006225,SAVINGS,Synthetic Sahyadri Bank 6,CUSTOMER
ACC-004300,SAVINGS,Synthetic Sahyadri Bank 6,CUSTOMER
ACC-020275,SAVINGS,Synthetic Sahyadri Bank 3,CUSTOMER
ACC-019277,SAVINGS,Synthetic Sahyadri Bank 4,CUSTOMER
ACC-012005,SAVINGS,Synthetic Sahyadri Bank 3,CUSTOMER
ACC-029224,SAVINGS,Synthetic Sahyadri Bank 6,CUSTOMER
ACC-023958,SAVINGS,Synthetic Sahyadri Bank 5,CUSTOMER
ACC-027682,SAVINGS,Synthetic Sahyadri Bank 2,CUSTOMER
ACC-028127,SAVINGS,Synthetic Sahyadri Bank 4,CUSTOMER
ACC-026921,SAVINGS,Synthetic Sahyadri Bank 6,CUSTOMER
ACC-027286,SAVINGS,Synthetic Sahyadri Bank 4,CUSTOMER
ACC-003093,SAVINGS,Synthetic Sahyadri Bank 4,CUSTOMER
ACC-025526,SAVINGS,Synthetic Sahyadri Bank 3,CUSTOMER
ACC-015416,SAVINGS,Synthetic Sahyadri Bank 5,CUSTOMER
ACC-007176,SAVINGS,Synthetic Sahyadri Bank 2,CUSTOMER
ACC-004388,SAVINGS,Synthetic Sahyadri Bank 4,CUSTOMER
ACC-020213,SAVINGS,Synthetic Sahyadri Bank 5,CUSTOMER
ACC-009101,SAVINGS,Synthetic Sahyadri Bank 6,CUSTOMER
ACC-005848,SAVINGS,Synthetic Sahyadri Bank 2,CUSTOMER
ACC-019695,SAVINGS,Synthetic Sahyadri Bank 3,CUSTOMER
ACC-020440,SAVINGS,Synthetic Sahyadri Bank 4,CUSTOMER
ACC-012578,SAVINGS,Synthetic Sahyadri Bank 5,CUSTOMER
ACC-026588,SAVINGS,Synthetic Sahyadri Bank 3,CUSTOMER
ACC-001997,SAVINGS,Synthetic Sahyadri Bank 5,CUSTOMER
ACC-013280,SAVINGS,Synthetic Sahyadri Bank 5,CUSTOMER
ACC-010104,SAVINGS,Synthetic Sahyadri Bank 5,CUSTOMER
ACC-025094,SAVINGS,Synthetic Sahyadri Bank 1,CUSTOMER
ACC-027895,SAVINGS,Synthetic Sahyadri Bank 4,CUSTOMER
ACC-013341,SAVINGS,Synthetic Sahyadri Bank 5,CUSTOMER
ACC-015855,SAVINGS,Synthetic Sahyadri Bank 2,CUSTOMER
ACC-011876,SAVINGS,Synthetic Sahyadri Bank 6,CUSTOMER
ACC-029371,SAVINGS,Synthetic Sahyadri Bank 2,CUSTOMER
ACC-017459,SAVINGS,Synthetic Sahyadri Bank 6,CUSTOMER
ACC-019952,SAVINGS,Synthetic Sahyadri Bank 3,CUSTOMER
ACC-006619,SAVINGS,Synthetic Sahyadri Bank 1,CUSTOMER
ACC-020070,SAVINGS,Synthetic Sahyadri Bank 4,CUSTOMER
ACC-021385,SAVINGS,Synthetic Sahyadri Bank 5,CUSTOMER
ACC-010040,SAVINGS,Synthetic Sahyadri Bank 1,CUSTOMER
ACC-012509,SAVINGS,Synthetic Sahyadri Bank 6,CUSTOMER
ACC-020317,SAVINGS,Synthetic Sahyadri Bank 1,CUSTOMER
ACC-015565,SAVINGS,Synthetic Sahyadri Bank 5,CUSTOMER
ACC-029862,SAVINGS,Synthetic Sahyadri Bank 4,CUSTOMER
ACC-017381,SAVINGS,Synthetic Sahyadri Bank 3,CUSTOMER
ACC-023738,SAVINGS,Synthetic Sahyadri Bank 3,CUSTOMER
ACC-027045,SAVINGS,Synthetic Sahyadri Bank 6,CUSTOMER
ACC-007521,SAVINGS,Synthetic Sahyadri Bank 5,CUSTOMER
ACC-003113,SAVINGS,Synthetic Sahyadri Bank 5,CUSTOMER
ACC-012228,SAVINGS,Synthetic Sahyadri Bank 1,CUSTOMER
ACC-022845,SAVINGS,Synthetic Sahyadri Bank 6,CUSTOMER
ACC-021302,SAVINGS,Synthetic Sahyadri Bank 2,CUSTOMER
ACC-019378,SAVINGS,Synthetic Sahyadri Bank 5,CUSTOMER
ACC-009369,SAVINGS,Synthetic Sahyadri Bank 1,CUSTOMER
ACC-014580,SAVINGS,Synthetic Sahyadri Bank 4,CUSTOMER
ACC-016504,SAVINGS,Synthetic Sahyadri Bank 5,CUSTOMER
ACC-028822,SAVINGS,Synthetic Sahyadri Bank 5,CUSTOMER
ACC-005312,SAVINGS,Synthetic Sahyadri Bank 3,CUSTOMER
ACC-005892,SAVINGS,Synthetic Sahyadri Bank 1,CUSTOMER
ACC-018609,SAVINGS,Synthetic Sahyadri Bank 4,CUSTOMER
ACC-029182,SAVINGS,Synthetic Sahyadri Bank 2,CUSTOMER
ACC-012416,SAVINGS,Synthetic Sahyadri Bank 2,CUSTOMER
ACC-018627,SAVINGS,Synthetic Sahyadri Bank 2,CUSTOMER
ACC-004576,SAVINGS,Synthetic Sahyadri Bank 6,CUSTOMER
ACC-000766,SAVINGS,Synthetic Sahyadri Bank 1,CUSTOMER
ACC-025189,SAVINGS,Synthetic Sahyadri Bank 3,CUSTOMER
ACC-015081,SAVINGS,Synthetic Sahyadri Bank 3,CUSTOMER
ACC-028463,SAVINGS,Synthetic Sahyadri Bank 1,CUSTOMER
ACC-020499,SAVINGS,Synthetic Sahyadri Bank 3,CUSTOMER
ACC-013828,SAVINGS,Synthetic Sahyadri Bank 2,CUSTOMER
ACC-009780,SAVINGS,Synthetic Sahyadri Bank 2,CUSTOMER
ACC-022593,SAVINGS,Synthetic Sahyadri Bank 6,CUSTOMER
ACC-014328,SAVINGS,Synthetic Sahyadri Bank 2,CUSTOMER
ACC-024231,SAVINGS,Synthetic Sahyadri Bank 3,CUSTOMER
ACC-029462,SAVINGS,Synthetic Sahyadri Bank 5,CUSTOMER
ACC-004519,SAVINGS,Synthetic Sahyadri Bank 3,CUSTOMER
ACC-007093,SAVINGS,Synthetic Sahyadri Bank 3,CUSTOMER
ACC-009247,SAVINGS,Synthetic Sahyadri Bank 6,CUSTOMER
ACC-012820,SAVINGS,Synthetic Sahyadri Bank 1,CUSTOMER
ACC-012273,SAVINGS,Synthetic Sahyadri Bank 3,CUSTOMER
ACC-028734,SAVINGS,Synthetic Sahyadri Bank 3,CUSTOMER
ACC-018113,SAVINGS,Synthetic Sahyadri Bank 3,CUSTOMER
ACC-006197,SAVINGS,Synthetic Sahyadri Bank 5,CUSTOMER
ACC-011850,SAVINGS,Synthetic Sahyadri Bank 1,CUSTOMER
ACC-005035,SAVINGS,Synthetic Sahyadri Bank 2,CUSTOMER
ACC-001385,SAVINGS,Synthetic Sahyadri Bank 5,CUSTOMER
ACC-025903,SAVINGS,Synthetic Sahyadri Bank 3,CUSTOMER
ACC-011596,SAVINGS,Synthetic Sahyadri Bank 3,CUSTOMER
ACC-019635,SAVINGS,Synthetic Sahyadri Bank 2,CUSTOMER
ACC-029449,SAVINGS,Synthetic Sahyadri Bank 3,CUSTOMER
ACC-019816,SAVINGS,Synthetic Sahyadri Bank 6,CUSTOMER
ACC-002063,SAVINGS,Synthetic Sahyadri Bank 3,CUSTOMER
ACC-023381,SAVINGS,Synthetic Sahyadri Bank 3,CUSTOMER
ACC-013411,SAVINGS,Synthetic Sahyadri Bank 3,CUSTOMER
ACC-001947,SAVINGS,Synthetic Sahyadri Bank 2,CUSTOMER
ACC-028684,SAVINGS,Synthetic Sahyadri Bank 1,CUSTOMER
ACC-011135,SAVINGS,Synthetic Sahyadri Bank 5,CUSTOMER
ACC-028960,SAVINGS,Synthetic Sahyadri Bank 3,CUSTOMER
ACC-008751,SAVINGS,Synthetic Sahyadri Bank 2,CUSTOMER
ACC-024875,SAVINGS,Synthetic Sahyadri Bank 2,CUSTOMER
ACC-004586,SAVINGS,Synthetic Sahyadri Bank 5,CUSTOMER
ACC-011186,SAVINGS,Synthetic Sahyadri Bank 6,CUSTOMER
ACC-020871,SAVINGS,Synthetic Sahyadri Bank 3,CUSTOMER
ACC-005409,SAVINGS,Synthetic Sahyadri Bank 6,CUSTOMER
ACC-017702,SAVINGS,Synthetic Sahyadri Bank 4,CUSTOMER
ACC-009160,SAVINGS,Synthetic Sahyadri Bank 3,CUSTOMER
ACC-010726,SAVINGS,Synthetic Sahyadri Bank 6,CUSTOMER
ACC-027327,SAVINGS,Synthetic Sahyadri Bank 3,CUSTOMER
ACC-014777,SAVINGS,Synthetic Sahyadri Bank 3,CUSTOMER
ACC-001396,SAVINGS,Synthetic Sahyadri Bank 4,CUSTOMER
ACC-006661,SAVINGS,Synthetic Sahyadri Bank 6,CUSTOMER
ACC-015267,SAVINGS,Synthetic Sahyadri Bank 2,CUSTOMER
ACC-009054,SAVINGS,Synthetic Sahyadri Bank 5,CUSTOMER
ACC-010642,SAVINGS,Synthetic Sahyadri Bank 5,CUSTOMER
ACC-027600,SAVINGS,Synthetic Sahyadri Bank 2,CUSTOMER
ACC-017472,SAVINGS,Synthetic Sahyadri Bank 3,CUSTOMER
ACC-025135,SAVINGS,Synthetic Sahyadri Bank 1,CUSTOMER
ACC-001494,SAVINGS,Synthetic Sahyadri Bank 3,CUSTOMER
ACC-005671,SAVINGS,Synthetic Sahyadri Bank 6,CUSTOMER
ACC-015386,SAVINGS,Synthetic Sahyadri Bank 2,CUSTOMER
ACC-008095,SAVINGS,Synthetic Sahyadri Bank 3,CUSTOMER
ACC-009761,SAVINGS,Synthetic Sahyadri Bank 1,CUSTOMER
ACC-019493,SAVINGS,Synthetic Sahyadri Bank 4,CUSTOMER
ACC-000555,SAVINGS,Synthetic Sahyadri Bank 2,CUSTOMER
ACC-025222,SAVINGS,Synthetic Sahyadri Bank 2,CUSTOMER
ACC-029388,SAVINGS,Synthetic Sahyadri Bank 5,CUSTOMER
ACC-029669,SAVINGS,Synthetic Sahyadri Bank 6,CUSTOMER
ACC-008583,SAVINGS,Synthetic Sahyadri Bank 1,CUSTOMER
ACC-027920,SAVINGS,Synthetic Sahyadri Bank 6,CUSTOMER
ACC-023911,SAVINGS,Synthetic Sahyadri Bank 4,CUSTOMER
ACC-027964,SAVINGS,Synthetic Sahyadri Bank 2,CUSTOMER
ACC-013821,SAVINGS,Synthetic Sahyadri Bank 2,CUSTOMER
ACC-014930,SAVINGS,Synthetic Sahyadri Bank 1,CUSTOMER
ACC-026892,SAVINGS,Synthetic Sahyadri Bank 6,CUSTOMER
ACC-002180,SAVINGS,Synthetic Sahyadri Bank 1,CUSTOMER
ACC-022984,SAVINGS,Synthetic Sahyadri Bank 3,CUSTOMER
ACC-010653,SAVINGS,Synthetic Sahyadri Bank 5,CUSTOMER
ACC-016659,SAVINGS,Synthetic Sahyadri Bank 1,CUSTOMER
ACC-013114,SAVINGS,Synthetic Sahyadri Bank 6,CUSTOMER
ACC-014904,SAVINGS,Synthetic Sahyadri Bank 1,CUSTOMER
ACC-015361,SAVINGS,Synthetic Sahyadri Bank 4,CUSTOMER
ACC-019775,SAVINGS,Synthetic Sahyadri Bank 1,CUSTOMER
ACC-017172,SAVINGS,Synthetic Sahyadri Bank 3,CUSTOMER
ACC-024369,SAVINGS,Synthetic Sahyadri Bank 3,CUSTOMER
ACC-011743,SAVINGS,Synthetic Sahyadri Bank 3,CUSTOMER
ACC-002386,SAVINGS,Synthetic Sahyadri Bank 4,CUSTOMER
ACC-013730,SAVINGS,Synthetic Sahyadri Bank 6,CUSTOMER
ACC-004438,SAVINGS,Synthetic Sahyadri Bank 2,CUSTOMER
ACC-018914,SAVINGS,Synthetic Sahyadri Bank 3,CUSTOMER
ACC-004271,SAVINGS,Synthetic Sahyadri Bank 1,CUSTOMER
ACC-012658,SAVINGS,Synthetic Sahyadri Bank 3,CUSTOMER
ACC-020743,SAVINGS,Synthetic Sahyadri Bank 5,CUSTOMER
ACC-016983,SAVINGS,Synthetic Sahyadri Bank 2,CUSTOMER
ACC-007083,SAVINGS,Synthetic Sahyadri Bank 4,CUSTOMER
ACC-016849,SAVINGS,Synthetic Sahyadri Bank 4,CUSTOMER
ACC-014617,SAVINGS,Synthetic Sahyadri Bank 4,CUSTOMER
ACC-018032,SAVINGS,Synthetic Sahyadri Bank 4,CUSTOMER
ACC-025017,SAVINGS,Synthetic Sahyadri Bank 2,CUSTOMER
ACC-004261,SAVINGS,Synthetic Sahyadri Bank 5,CUSTOMER
ACC-029071,SAVINGS,Synthetic Sahyadri Bank 5,CUSTOMER
ACC-022793,SAVINGS,Synthetic Sahyadri Bank 5,CUSTOMER
ACC-029791,SAVINGS,Synthetic Sahyadri Bank 2,CUSTOMER
ACC-011375,SAVINGS,Synthetic Sahyadri Bank 3,CUSTOMER
ACC-006333,SAVINGS,Synthetic Sahyadri Bank 2,CUSTOMER
ACC-011588,SAVINGS,Synthetic Sahyadri Bank 2,CUSTOMER
ACC-021892,SAVINGS,Synthetic Sahyadri Bank 2,CUSTOMER
ACC-018025,SAVINGS,Synthetic Sahyadri Bank 3,CUSTOMER
ACC-018992,SAVINGS,Synthetic Sahyadri Bank 2,CUSTOMER
ACC-025816,SAVINGS,Synthetic Sahyadri Bank 5,CUSTOMER
ACC-001382,SAVINGS,Synthetic Sahyadri Bank 6,CUSTOMER
ACC-012671,SAVINGS,Synthetic Sahyadri Bank 4,CUSTOMER
ACC-008015,SAVINGS,Synthetic Sahyadri Bank 6,CUSTOMER
ACC-027499,SAVINGS,Synthetic Sahyadri Bank 4,CUSTOMER
ACC-026081,SAVINGS,Synthetic Sahyadri Bank 4,CUSTOMER
ACC-001745,SAVINGS,Synthetic Sahyadri Bank 2,CUSTOMER
ACC-006368,SAVINGS,Synthetic Sahyadri Bank 2,CUSTOMER
ACC-005375,SAVINGS,Synthetic Sahyadri Bank 4,CUSTOMER
ACC-010159,SAVINGS,Synthetic Sahyadri Bank 4,CUSTOMER
ACC-024723,SAVINGS,Synthetic Sahyadri Bank 5,CUSTOMER
ACC-018843,SAVINGS,Synthetic Sahyadri Bank 2,CUSTOMER
ACC-004012,SAVINGS,Synthetic Sahyadri Bank 4,CUSTOMER
ACC-007595,SAVINGS,Synthetic Sahyadri Bank 6,CUSTOMER
ACC-029217,SAVINGS,Synthetic Sahyadri Bank 3,CUSTOMER
ACC-022667,SAVINGS,Synthetic Sahyadri Bank 6,CUSTOMER
ACC-028919,SAVINGS,Synthetic Sahyadri Bank 3,CUSTOMER
ACC-019415,SAVINGS,Synthetic Sahyadri Bank 4,CUSTOMER
ACC-022401,SAVINGS,Synthetic Sahyadri Bank 4,CUSTOMER
ACC-006237,SAVINGS,Synthetic Sahyadri Bank 4,CUSTOMER
ACC-025161,SAVINGS,Synthetic Sahyadri Bank 6,CUSTOMER
ACC-008107,SAVINGS,Synthetic Sahyadri Bank 3,CUSTOMER
ACC-005993,SAVINGS,Synthetic Sahyadri Bank 3,CUSTOMER
ACC-004098,SAVINGS,Synthetic Sahyadri Bank 1,CUSTOMER
ACC-013864,SAVINGS,Synthetic Sahyadri Bank 3,CUSTOMER
ACC-018791,SAVINGS,Synthetic Sahyadri Bank 3,CUSTOMER
ACC-009600,SAVINGS,Synthetic Sahyadri Bank 1,CUSTOMER
ACC-000924,SAVINGS,Synthetic Sahyadri Bank 3,CUSTOMER
ACC-028625,SAVINGS,Synthetic Sahyadri Bank 2,CUSTOMER
ACC-007894,SAVINGS,Synthetic Sahyadri Bank 5,CUSTOMER
ACC-000971,SAVINGS,Synthetic Sahyadri Bank 4,CUSTOMER
ACC-011237,SAVINGS,Synthetic Sahyadri Bank 2,CUSTOMER
ACC-021391,SAVINGS,Synthetic Sahyadri Bank 4,CUSTOMER
ACC-014849,SAVINGS,Synthetic Sahyadri Bank 6,CUSTOMER
ACC-008716,SAVINGS,Synthetic Sahyadri Bank 3,CUSTOMER
ACC-025956,SAVINGS,Synthetic Sahyadri Bank 3,CUSTOMER
ACC-026416,SAVINGS,Synthetic Sahyadri Bank 6,CUSTOMER
ACC-012088,SAVINGS,Synthetic Sahyadri Bank 1,CUSTOMER
ACC-010051,SAVINGS,Synthetic Sahyadri Bank 1,CUSTOMER
ACC-023026,SAVINGS,Synthetic Sahyadri Bank 5,CUSTOMER
ACC-005796,SAVINGS,Synthetic Sahyadri Bank 2,CUSTOMER
ACC-022799,SAVINGS,Synthetic Sahyadri Bank 2,CUSTOMER
ACC-019092,SAVINGS,Synthetic Sahyadri Bank 6,CUSTOMER
ACC-007534,SAVINGS,Synthetic Sahyadri Bank 3,CUSTOMER
ACC-019898,SAVINGS,Synthetic Sahyadri Bank 1,CUSTOMER
ACC-019903,SAVINGS,Synthetic Sahyadri Bank 2,CUSTOMER
ACC-008312,SAVINGS,Synthetic Sahyadri Bank 5,CUSTOMER
ACC-029026,SAVINGS,Synthetic Sahyadri Bank 5,CUSTOMER
ACC-010306,SAVINGS,Synthetic Sahyadri Bank 6,CUSTOMER
ACC-003596,SAVINGS,Synthetic Sahyadri Bank 3,CUSTOMER
ACC-007012,SAVINGS,Synthetic Sahyadri Bank 5,CUSTOMER
ACC-019692,SAVINGS,Synthetic Sahyadri Bank 3,CUSTOMER
ACC-018348,SAVINGS,Synthetic Sahyadri Bank 5,CUSTOMER
ACC-016799,SAVINGS,Synthetic Sahyadri Bank 2,CUSTOMER
ACC-018960,SAVINGS,Synthetic Sahyadri Bank 3,CUSTOMER
ACC-010464,SAVINGS,Synthetic Sahyadri Bank 3,CUSTOMER
ACC-015814,SAVINGS,Synthetic Sahyadri Bank 2,CUSTOMER
ACC-021558,SAVINGS,Synthetic Sahyadri Bank 1,CUSTOMER
ACC-014646,SAVINGS,Synthetic Sahyadri Bank 3,CUSTOMER
ACC-026584,SAVINGS,Synthetic Sahyadri Bank 5,CUSTOMER
ACC-007085,SAVINGS,Synthetic Sahyadri Bank 5,CUSTOMER
ACC-008953,SAVINGS,Synthetic Sahyadri Bank 5,CUSTOMER
ACC-018043,SAVINGS,Synthetic Sahyadri Bank 3,CUSTOMER
ACC-019817,SAVINGS,Synthetic Sahyadri Bank 3,CUSTOMER
ACC-010388,SAVINGS,Synthetic Sahyadri Bank 6,CUSTOMER
ACC-010151,SAVINGS,Synthetic Sahyadri Bank 2,CUSTOMER
ACC-028983,SAVINGS,Synthetic Sahyadri Bank 3,CUSTOMER
ACC-003963,SAVINGS,Synthetic Sahyadri Bank 6,CUSTOMER
ACC-005736,SAVINGS,Synthetic Sahyadri Bank 2,CUSTOMER
ACC-017760,SAVINGS,Synthetic Sahyadri Bank 6,CUSTOMER
ACC-007284,SAVINGS,Synthetic Sahyadri Bank 3,CUSTOMER
ACC-006752,SAVINGS,Synthetic Sahyadri Bank 2,CUSTOMER
ACC-026895,SAVINGS,Synthetic Sahyadri Bank 3,CUSTOMER
ACC-028652,SAVINGS,Synthetic Sahyadri Bank 3,CUSTOMER
ACC-010171,SAVINGS,Synthetic Sahyadri Bank 3,CUSTOMER
ACC-000631,SAVINGS,Synthetic Sahyadri Bank 4,CUSTOMER
ACC-020198,SAVINGS,Synthetic Sahyadri Bank 6,CUSTOMER
ACC-015687,SAVINGS,Synthetic Sahyadri Bank 1,CUSTOMER
ACC-023487,SAVINGS,Synthetic Sahyadri Bank 6,CUSTOMER
ACC-001939,SAVINGS,Synthetic Sahyadri Bank 1,CUSTOMER
ACC-004327,SAVINGS,Synthetic Sahyadri Bank 4,CUSTOMER
ACC-009966,SAVINGS,Synthetic Sahyadri Bank 1,CUSTOMER
ACC-021513,SAVINGS,Synthetic Sahyadri Bank 2,CUSTOMER
ACC-018798,SAVINGS,Synthetic Sahyadri Bank 3,CUSTOMER
ACC-022844,SAVINGS,Synthetic Sahyadri Bank 3,CUSTOMER
ACC-022893,SAVINGS,Synthetic Sahyadri Bank 2,CUSTOMER
ACC-018828,SAVINGS,Synthetic Sahyadri Bank 6,CUSTOMER
ACC-006626,SAVINGS,Synthetic Sahyadri Bank 2,CUSTOMER
ACC-027100,SAVINGS,Synthetic Sahyadri Bank 4,CUSTOMER
ACC-021318,SAVINGS,Synthetic Sahyadri Bank 4,CUSTOMER
ACC-023508,SAVINGS,Synthetic Sahyadri Bank 3,CUSTOMER
ACC-026958,SAVINGS,Synthetic Sahyadri Bank 5,CUSTOMER
ACC-001973,SAVINGS,Synthetic Sahyadri Bank 6,CUSTOMER
ACC-014648,SAVINGS,Synthetic Sahyadri Bank 3,CUSTOMER
ACC-027106,SAVINGS,Synthetic Sahyadri Bank 5,CUSTOMER
ACC-014442,SAVINGS,Synthetic Sahyadri Bank 1,CUSTOMER
ACC-011938,SAVINGS,Synthetic Sahyadri Bank 1,CUSTOMER
ACC-025552,SAVINGS,Synthetic Sahyadri Bank 5,CUSTOMER
GOV-DBT-001,TREASURY,Synthetic Sahyadri Bank 5,GOVERNMENT
ACC-027992,SAVINGS,Synthetic Sahyadri Bank 1,CUSTOMER
ACC-017276,SAVINGS,Synthetic Sahyadri Bank 6,CUSTOMER
ACC-018136,SAVINGS,Synthetic Sahyadri Bank 5,CUSTOMER
ACC-000118,SAVINGS,Synthetic Sahyadri Bank 5,CUSTOMER
ACC-020714,SAVINGS,Synthetic Sahyadri Bank 6,CUSTOMER
ACC-001447,SAVINGS,Synthetic Sahyadri Bank 2,CUSTOMER
ACC-013364,SAVINGS,Synthetic Sahyadri Bank 4,CUSTOMER
ACC-005242,SAVINGS,Synthetic Sahyadri Bank 3,CUSTOMER
ACC-023195,SAVINGS,Synthetic Sahyadri Bank 4,CUSTOMER
ACC-005668,SAVINGS,Synthetic Sahyadri Bank 6,CUSTOMER
ACC-022684,SAVINGS,Synthetic Sahyadri Bank 6,CUSTOMER
ACC-002819,SAVINGS,Synthetic Sahyadri Bank 6,CUSTOMER
ACC-005361,SAVINGS,Synthetic Sahyadri Bank 2,CUSTOMER
ACC-027954,SAVINGS,Synthetic Sahyadri Bank 1,CUSTOMER
ACC-001462,SAVINGS,Synthetic Sahyadri Bank 4,CUSTOMER
ACC-005098,SAVINGS,Synthetic Sahyadri Bank 2,CUSTOMER
ACC-015187,SAVINGS,Synthetic Sahyadri Bank 6,CUSTOMER
ACC-003565,SAVINGS,Synthetic Sahyadri Bank 2,CUSTOMER
ACC-007522,SAVINGS,Synthetic Sahyadri Bank 5,CUSTOMER
ACC-018740,SAVINGS,Synthetic Sahyadri Bank 6,CUSTOMER
ACC-022847,SAVINGS,Synthetic Sahyadri Bank 3,CUSTOMER
ACC-007471,SAVINGS,Synthetic Sahyadri Bank 4,CUSTOMER
ACC-018809,SAVINGS,Synthetic Sahyadri Bank 1,CUSTOMER
ACC-021769,SAVINGS,Synthetic Sahyadri Bank 2,CUSTOMER
ACC-013137,SAVINGS,Synthetic Sahyadri Bank 4,CUSTOMER
ACC-012649,SAVINGS,Synthetic Sahyadri Bank 1,CUSTOMER
ACC-014846,SAVINGS,Synthetic Sahyadri Bank 6,CUSTOMER
ACC-023258,SAVINGS,Synthetic Sahyadri Bank 5,CUSTOMER
ACC-015522,SAVINGS,Synthetic Sahyadri Bank 3,CUSTOMER
ACC-023078,SAVINGS,Synthetic Sahyadri Bank 4,CUSTOMER
ACC-002740,SAVINGS,Synthetic Sahyadri Bank 4,CUSTOMER
ACC-015023,SAVINGS,Synthetic Sahyadri Bank 2,CUSTOMER
ACC-002407,SAVINGS,Synthetic Sahyadri Bank 2,CUSTOMER
ACC-009319,SAVINGS,Synthetic Sahyadri Bank 4,CUSTOMER
ACC-021912,SAVINGS,Synthetic Sahyadri Bank 5,CUSTOMER
ACC-022716,SAVINGS,Synthetic Sahyadri Bank 1,CUSTOMER
ACC-014084,SAVINGS,Synthetic Sahyadri Bank 6,CUSTOMER
ACC-004169,SAVINGS,Synthetic Sahyadri Bank 6,CUSTOMER
ACC-004159,SAVINGS,Synthetic Sahyadri Bank 5,CUSTOMER
ACC-017916,SAVINGS,Synthetic Sahyadri Bank 2,CUSTOMER
ACC-009435,SAVINGS,Synthetic Sahyadri Bank 1,CUSTOMER
ACC-001476,SAVINGS,Synthetic Sahyadri Bank 1,CUSTOMER
ACC-004637,SAVINGS,Synthetic Sahyadri Bank 2,CUSTOMER
ACC-025031,SAVINGS,Synthetic Sahyadri Bank 4,CUSTOMER
ACC-000349,SAVINGS,Synthetic Sahyadri Bank 1,CUSTOMER
ACC-001340,SAVINGS,Synthetic Sahyadri Bank 4,CUSTOMER
ACC-028843,SAVINGS,Synthetic Sahyadri Bank 4,CUSTOMER
ACC-011919,SAVINGS,Synthetic Sahyadri Bank 1,CUSTOMER
ACC-026841,SAVINGS,Synthetic Sahyadri Bank 1,CUSTOMER
ACC-021842,SAVINGS,Synthetic Sahyadri Bank 2,CUSTOMER
ACC-008662,SAVINGS,Synthetic Sahyadri Bank 5,CUSTOMER
ACC-016157,SAVINGS,Synthetic Sahyadri Bank 5,CUSTOMER
ACC-028374,SAVINGS,Synthetic Sahyadri Bank 4,CUSTOMER
ACC-027763,SAVINGS,Synthetic Sahyadri Bank 2,CUSTOMER
ACC-022902,SAVINGS,Synthetic Sahyadri Bank 4,CUSTOMER
ACC-028404,SAVINGS,Synthetic Sahyadri Bank 6,CUSTOMER
ACC-009737,SAVINGS,Synthetic Sahyadri Bank 3,CUSTOMER
ACC-013253,SAVINGS,Synthetic Sahyadri Bank 3,CUSTOMER
ACC-025730,SAVINGS,Synthetic Sahyadri Bank 5,CUSTOMER
ACC-004890,SAVINGS,Synthetic Sahyadri Bank 4,CUSTOMER
ACC-002328,SAVINGS,Synthetic Sahyadri Bank 4,CUSTOMER
ACC-024325,SAVINGS,Synthetic Sahyadri Bank 6,CUSTOMER
ACC-001740,SAVINGS,Synthetic Sahyadri Bank 3,CUSTOMER
ACC-006715,SAVINGS,Synthetic Sahyadri Bank 2,CUSTOMER
ACC-029696,SAVINGS,Synthetic Sahyadri Bank 5,CUSTOMER
ACC-004638,SAVINGS,Synthetic Sahyadri Bank 5,CUSTOMER
ACC-002030,SAVINGS,Synthetic Sahyadri Bank 3,CUSTOMER
ACC-006991,SAVINGS,Synthetic Sahyadri Bank 6,CUSTOMER
ACC-020327,SAVINGS,Synthetic Sahyadri Bank 2,CUSTOMER
ACC-014661,SAVINGS,Synthetic Sahyadri Bank 5,CUSTOMER
ACC-019972,SAVINGS,Synthetic Sahyadri Bank 3,CUSTOMER
ACC-013362,SAVINGS,Synthetic Sahyadri Bank 1,CUSTOMER
ACC-013945,SAVINGS,Synthetic Sahyadri Bank 2,CUSTOMER
ACC-012807,SAVINGS,Synthetic Sahyadri Bank 2,CUSTOMER
ACC-008190,SAVINGS,Synthetic Sahyadri Bank 1,CUSTOMER
ACC-026180,SAVINGS,Synthetic Sahyadri Bank 4,CUSTOMER
ACC-017045,SAVINGS,Synthetic Sahyadri Bank 6,CUSTOMER
ACC-021160,SAVINGS,Synthetic Sahyadri Bank 6,CUSTOMER
ACC-024293,SAVINGS,Synthetic Sahyadri Bank 1,CUSTOMER
ACC-026298,SAVINGS,Synthetic Sahyadri Bank 6,CUSTOMER
ACC-012985,SAVINGS,Synthetic Sahyadri Bank 6,CUSTOMER
ACC-020130,SAVINGS,Synthetic Sahyadri Bank 1,CUSTOMER
ACC-007732,SAVINGS,Synthetic Sahyadri Bank 4,CUSTOMER
ACC-024573,SAVINGS,Synthetic Sahyadri Bank 1,CUSTOMER
ACC-017235,SAVINGS,Synthetic Sahyadri Bank 5,CUSTOMER
ACC-014227,SAVINGS,Synthetic Sahyadri Bank 6,CUSTOMER
ACC-004961,SAVINGS,Synthetic Sahyadri Bank 2,CUSTOMER
ACC-009125,SAVINGS,Synthetic Sahyadri Bank 3,CUSTOMER
ACC-002177,SAVINGS,Synthetic Sahyadri Bank 3,CUSTOMER
ACC-019131,SAVINGS,Synthetic Sahyadri Bank 5,CUSTOMER
ACC-024743,SAVINGS,Synthetic Sahyadri Bank 6,CUSTOMER
ACC-010259,SAVINGS,Synthetic Sahyadri Bank 5,CUSTOMER
ACC-004663,SAVINGS,Synthetic Sahyadri Bank 5,CUSTOMER
ACC-000166,SAVINGS,Synthetic Sahyadri Bank 1,CUSTOMER
ACC-020331,SAVINGS,Synthetic Sahyadri Bank 2,CUSTOMER
ACC-019622,SAVINGS,Synthetic Sahyadri Bank 1,CUSTOMER
ACC-000076,SAVINGS,Synthetic Sahyadri Bank 6,CUSTOMER
ACC-005966,SAVINGS,Synthetic Sahyadri Bank 3,CUSTOMER
ACC-029223,SAVINGS,Synthetic Sahyadri Bank 4,CUSTOMER
ACC-012207,SAVINGS,Synthetic Sahyadri Bank 5,CUSTOMER
ACC-012042,SAVINGS,Synthetic Sahyadri Bank 2,CUSTOMER
ACC-027418,SAVINGS,Synthetic Sahyadri Bank 5,CUSTOMER
ACC-008800,SAVINGS,Synthetic Sahyadri Bank 3,CUSTOMER
ACC-023492,SAVINGS,Synthetic Sahyadri Bank 1,CUSTOMER
ACC-006929,SAVINGS,Synthetic Sahyadri Bank 5,CUSTOMER
ACC-001260,SAVINGS,Synthetic Sahyadri Bank 4,CUSTOMER
ACC-000825,SAVINGS,Synthetic Sahyadri Bank 4,CUSTOMER
ACC-002286,SAVINGS,Synthetic Sahyadri Bank 6,CUSTOMER
ACC-025685,SAVINGS,Synthetic Sahyadri Bank 2,CUSTOMER
ACC-015815,SAVINGS,Synthetic Sahyadri Bank 2,CUSTOMER
ACC-017348,SAVINGS,Synthetic Sahyadri Bank 4,CUSTOMER
ACC-027979,SAVINGS,Synthetic Sahyadri Bank 1,CUSTOMER
ACC-020315,SAVINGS,Synthetic Sahyadri Bank 2,CUSTOMER
ACC-005273,SAVINGS,Synthetic Sahyadri Bank 6,CUSTOMER
ACC-021031,SAVINGS,Synthetic Sahyadri Bank 3,CUSTOMER
ACC-010714,SAVINGS,Synthetic Sahyadri Bank 6,CUSTOMER
ACC-019271,SAVINGS,Synthetic Sahyadri Bank 5,CUSTOMER
ACC-022179,SAVINGS,Synthetic Sahyadri Bank 3,CUSTOMER
ACC-023938,SAVINGS,Synthetic Sahyadri Bank 2,CUSTOMER
ACC-025311,SAVINGS,Synthetic Sahyadri Bank 1,CUSTOMER
ACC-009463,SAVINGS,Synthetic Sahyadri Bank 2,CUSTOMER
ACC-018198,SAVINGS,Synthetic Sahyadri Bank 5,CUSTOMER
ACC-002205,SAVINGS,Synthetic Sahyadri Bank 3,CUSTOMER
ACC-003930,SAVINGS,Synthetic Sahyadri Bank 4,CUSTOMER
ACC-017231,SAVINGS,Synthetic Sahyadri Bank 5,CUSTOMER
ACC-011516,SAVINGS,Synthetic Sahyadri Bank 6,CUSTOMER
ACC-000323,SAVINGS,Synthetic Sahyadri Bank 1,CUSTOMER
ACC-013946,SAVINGS,Synthetic Sahyadri Bank 6,CUSTOMER
ACC-000813,SAVINGS,Synthetic Sahyadri Bank 3,CUSTOMER
ACC-004027,SAVINGS,Synthetic Sahyadri Bank 6,CUSTOMER
ACC-001052,SAVINGS,Synthetic Sahyadri Bank 2,CUSTOMER
ACC-006697,SAVINGS,Synthetic Sahyadri Bank 5,CUSTOMER
ACC-027891,SAVINGS,Synthetic Sahyadri Bank 1,CUSTOMER
ACC-015131,SAVINGS,Synthetic Sahyadri Bank 3,CUSTOMER
ACC-022061,SAVINGS,Synthetic Sahyadri Bank 5,CUSTOMER
ACC-021244,SAVINGS,Synthetic Sahyadri Bank 3,CUSTOMER
ACC-029801,SAVINGS,Synthetic Sahyadri Bank 2,CUSTOMER
ACC-016999,SAVINGS,Synthetic Sahyadri Bank 2,CUSTOMER
ACC-006510,SAVINGS,Synthetic Sahyadri Bank 4,CUSTOMER
ACC-000018,SAVINGS,Synthetic Sahyadri Bank 1,CUSTOMER
ACC-000120,SAVINGS,Synthetic Sahyadri Bank 6,CUSTOMER
ACC-009493,SAVINGS,Synthetic Sahyadri Bank 2,CUSTOMER
ACC-024554,SAVINGS,Synthetic Sahyadri Bank 6,CUSTOMER
ACC-006516,SAVINGS,Synthetic Sahyadri Bank 3,CUSTOMER
ACC-011251,SAVINGS,Synthetic Sahyadri Bank 5,CUSTOMER
ACC-023863,SAVINGS,Synthetic Sahyadri Bank 1,CUSTOMER
ACC-002899,SAVINGS,Synthetic Sahyadri Bank 6,CUSTOMER
ACC-014993,SAVINGS,Synthetic Sahyadri Bank 3,CUSTOMER
ACC-003328,SAVINGS,Synthetic Sahyadri Bank 3,CUSTOMER
ACC-011218,SAVINGS,Synthetic Sahyadri Bank 5,CUSTOMER
ACC-020551,SAVINGS,Synthetic Sahyadri Bank 3,CUSTOMER
ACC-027390,SAVINGS,Synthetic Sahyadri Bank 4,CUSTOMER
ACC-023074,SAVINGS,Synthetic Sahyadri Bank 2,CUSTOMER
ACC-022273,SAVINGS,Synthetic Sahyadri Bank 4,CUSTOMER
ACC-002612,SAVINGS,Synthetic Sahyadri Bank 3,CUSTOMER
ACC-027488,SAVINGS,Synthetic Sahyadri Bank 6,CUSTOMER
ACC-029470,SAVINGS,Synthetic Sahyadri Bank 4,CUSTOMER
ACC-027890,SAVINGS,Synthetic Sahyadri Bank 6,CUSTOMER
ACC-004608,SAVINGS,Synthetic Sahyadri Bank 2,CUSTOMER
ACC-003970,SAVINGS,Synthetic Sahyadri Bank 6,CUSTOMER
ACC-006352,SAVINGS,Synthetic Sahyadri Bank 6,CUSTOMER
ACC-003304,SAVINGS,Synthetic Sahyadri Bank 4,CUSTOMER
ACC-014022,SAVINGS,Synthetic Sahyadri Bank 5,CUSTOMER
ACC-004414,SAVINGS,Synthetic Sahyadri Bank 2,CUSTOMER
ACC-029996,SAVINGS,Synthetic Sahyadri Bank 1,CUSTOMER
ACC-005872,SAVINGS,Synthetic Sahyadri Bank 6,CUSTOMER
ACC-003453,SAVINGS,Synthetic Sahyadri Bank 1,CUSTOMER
ACC-028639,SAVINGS,Synthetic Sahyadri Bank 6,CUSTOMER
ACC-004288,SAVINGS,Synthetic Sahyadri Bank 2,CUSTOMER
ACC-011820,SAVINGS,Synthetic Sahyadri Bank 4,CUSTOMER
ACC-018235,SAVINGS,Synthetic Sahyadri Bank 4,CUSTOMER
ACC-015947,SAVINGS,Synthetic Sahyadri Bank 6,CUSTOMER
ACC-024813,SAVINGS,Synthetic Sahyadri Bank 3,CUSTOMER
ACC-014504,SAVINGS,Synthetic Sahyadri Bank 5,CUSTOMER
ACC-027438,SAVINGS,Synthetic Sahyadri Bank 4,CUSTOMER
ACC-001601,SAVINGS,Synthetic Sahyadri Bank 4,CUSTOMER
ACC-014543,SAVINGS,Synthetic Sahyadri Bank 4,CUSTOMER
ACC-002548,SAVINGS,Synthetic Sahyadri Bank 3,CUSTOMER
ACC-023182,SAVINGS,Synthetic Sahyadri Bank 5,CUSTOMER
ACC-029425,SAVINGS,Synthetic Sahyadri Bank 2,CUSTOMER
ACC-015450,SAVINGS,Synthetic Sahyadri Bank 4,CUSTOMER
ACC-011779,SAVINGS,Synthetic Sahyadri Bank 5,CUSTOMER
ACC-025798,SAVINGS,Synthetic Sahyadri Bank 2,CUSTOMER
ACC-005204,SAVINGS,Synthetic Sahyadri Bank 4,CUSTOMER
ACC-012008,SAVINGS,Synthetic Sahyadri Bank 4,CUSTOMER
ACC-022853,SAVINGS,Synthetic Sahyadri Bank 3,CUSTOMER
ACC-026878,SAVINGS,Synthetic Sahyadri Bank 5,CUSTOMER
ACC-028360,SAVINGS,Synthetic Sahyadri Bank 1,CUSTOMER
ACC-016530,SAVINGS,Synthetic Sahyadri Bank 6,CUSTOMER
ACC-025412,SAVINGS,Synthetic Sahyadri Bank 5,CUSTOMER
ACC-009045,SAVINGS,Synthetic Sahyadri Bank 4,CUSTOMER
ACC-022334,SAVINGS,Synthetic Sahyadri Bank 1,CUSTOMER
ACC-013422,SAVINGS,Synthetic Sahyadri Bank 3,CUSTOMER
ACC-005013,SAVINGS,Synthetic Sahyadri Bank 2,CUSTOMER
ACC-026026,SAVINGS,Synthetic Sahyadri Bank 4,CUSTOMER
ACC-026625,SAVINGS,Synthetic Sahyadri Bank 3,CUSTOMER
ACC-029428,SAVINGS,Synthetic Sahyadri Bank 6,CUSTOMER
ACC-028421,SAVINGS,Synthetic Sahyadri Bank 1,CUSTOMER
ACC-001978,SAVINGS,Synthetic Sahyadri Bank 5,CUSTOMER
ACC-014708,SAVINGS,Synthetic Sahyadri Bank 4,CUSTOMER
ACC-024474,SAVINGS,Synthetic Sahyadri Bank 1,CUSTOMER
ACC-021652,SAVINGS,Synthetic Sahyadri Bank 2,CUSTOMER
ACC-025717,SAVINGS,Synthetic Sahyadri Bank 3,CUSTOMER
ACC-014030,SAVINGS,Synthetic Sahyadri Bank 3,CUSTOMER
ACC-009025,SAVINGS,Synthetic Sahyadri Bank 2,CUSTOMER
ACC-004310,SAVINGS,Synthetic Sahyadri Bank 1,CUSTOMER
ACC-024082,SAVINGS,Synthetic Sahyadri Bank 1,CUSTOMER
ACC-002971,SAVINGS,Synthetic Sahyadri Bank 4,CUSTOMER
ACC-013271,SAVINGS,Synthetic Sahyadri Bank 3,CUSTOMER
ACC-016102,SAVINGS,Synthetic Sahyadri Bank 5,CUSTOMER
ACC-007501,SAVINGS,Synthetic Sahyadri Bank 1,CUSTOMER
ACC-028250,SAVINGS,Synthetic Sahyadri Bank 5,CUSTOMER
ACC-012212,SAVINGS,Synthetic Sahyadri Bank 5,CUSTOMER
ACC-012799,SAVINGS,Synthetic Sahyadri Bank 5,CUSTOMER
ACC-008166,SAVINGS,Synthetic Sahyadri Bank 3,CUSTOMER
ACC-029536,SAVINGS,Synthetic Sahyadri Bank 5,CUSTOMER
ACC-027929,SAVINGS,Synthetic Sahyadri Bank 4,CUSTOMER
ACC-029099,SAVINGS,Synthetic Sahyadri Bank 3,CUSTOMER
ACC-005180,SAVINGS,Synthetic Sahyadri Bank 2,CUSTOMER
ACC-008169,SAVINGS,Synthetic Sahyadri Bank 5,CUSTOMER
ACC-005119,SAVINGS,Synthetic Sahyadri Bank 6,CUSTOMER
ACC-015336,SAVINGS,Synthetic Sahyadri Bank 5,CUSTOMER
ACC-027635,SAVINGS,Synthetic Sahyadri Bank 3,CUSTOMER
ACC-021100,SAVINGS,Synthetic Sahyadri Bank 6,CUSTOMER
ACC-027790,SAVINGS,Synthetic Sahyadri Bank 6,CUSTOMER
ACC-001445,SAVINGS,Synthetic Sahyadri Bank 2,CUSTOMER
ACC-004460,SAVINGS,Synthetic Sahyadri Bank 2,CUSTOMER
ACC-019752,SAVINGS,Synthetic Sahyadri Bank 4,CUSTOMER
ACC-008861,SAVINGS,Synthetic Sahyadri Bank 6,CUSTOMER
ACC-022070,SAVINGS,Synthetic Sahyadri Bank 5,CUSTOMER
ACC-022746,SAVINGS,Synthetic Sahyadri Bank 1,CUSTOMER
ACC-003053,SAVINGS,Synthetic Sahyadri Bank 5,CUSTOMER
ACC-004367,SAVINGS,Synthetic Sahyadri Bank 4,CUSTOMER
ACC-005080,SAVINGS,Synthetic Sahyadri Bank 6,CUSTOMER
ACC-020630,SAVINGS,Synthetic Sahyadri Bank 4,CUSTOMER
ACC-006085,SAVINGS,Synthetic Sahyadri Bank 1,CUSTOMER
ACC-009046,SAVINGS,Synthetic Sahyadri Bank 1,CUSTOMER
ACC-027634,SAVINGS,Synthetic Sahyadri Bank 2,CUSTOMER
ACC-010523,SAVINGS,Synthetic Sahyadri Bank 2,CUSTOMER
ACC-011435,SAVINGS,Synthetic Sahyadri Bank 6,CUSTOMER
ACC-019879,SAVINGS,Synthetic Sahyadri Bank 4,CUSTOMER
ACC-026684,SAVINGS,Synthetic Sahyadri Bank 2,CUSTOMER
ACC-029377,SAVINGS,Synthetic Sahyadri Bank 2,CUSTOMER
ACC-004400,SAVINGS,Synthetic Sahyadri Bank 2,CUSTOMER
ACC-016125,SAVINGS,Synthetic Sahyadri Bank 3,CUSTOMER
ACC-018901,SAVINGS,Synthetic Sahyadri Bank 2,CUSTOMER
ACC-021519,SAVINGS,Synthetic Sahyadri Bank 3,CUSTOMER
ACC-017576,SAVINGS,Synthetic Sahyadri Bank 6,CUSTOMER
ACC-022149,SAVINGS,Synthetic Sahyadri Bank 5,CUSTOMER
ACC-015066,SAVINGS,Synthetic Sahyadri Bank 4,CUSTOMER
ACC-020235,SAVINGS,Synthetic Sahyadri Bank 6,CUSTOMER
ACC-021908,SAVINGS,Synthetic Sahyadri Bank 6,CUSTOMER
ACC-014790,SAVINGS,Synthetic Sahyadri Bank 4,CUSTOMER
ACC-005047,SAVINGS,Synthetic Sahyadri Bank 4,CUSTOMER
ACC-024626,SAVINGS,Synthetic Sahyadri Bank 1,CUSTOMER
ACC-011455,SAVINGS,Synthetic Sahyadri Bank 5,CUSTOMER
ACC-026717,SAVINGS,Synthetic Sahyadri Bank 2,CUSTOMER
ACC-000534,SAVINGS,Synthetic Sahyadri Bank 6,CUSTOMER
ACC-003932,SAVINGS,Synthetic Sahyadri Bank 2,CUSTOMER
ACC-023886,SAVINGS,Synthetic Sahyadri Bank 5,CUSTOMER
ACC-011362,SAVINGS,Synthetic Sahyadri Bank 5,CUSTOMER
ACC-008521,SAVINGS,Synthetic Sahyadri Bank 3,CUSTOMER
ACC-015894,SAVINGS,Synthetic Sahyadri Bank 2,CUSTOMER
ACC-006423,SAVINGS,Synthetic Sahyadri Bank 3,CUSTOMER
ACC-000263,SAVINGS,Synthetic Sahyadri Bank 1,CUSTOMER
ACC-018951,SAVINGS,Synthetic Sahyadri Bank 6,CUSTOMER
ACC-027433,SAVINGS,Synthetic Sahyadri Bank 5,CUSTOMER
ACC-029925,SAVINGS,Synthetic Sahyadri Bank 3,CUSTOMER
ACC-000138,SAVINGS,Synthetic Sahyadri Bank 3,CUSTOMER
ACC-018928,SAVINGS,Synthetic Sahyadri Bank 3,CUSTOMER
ACC-002774,SAVINGS,Synthetic Sahyadri Bank 4,CUSTOMER
ACC-006526,SAVINGS,Synthetic Sahyadri Bank 1,CUSTOMER
ACC-020050,SAVINGS,Synthetic Sahyadri Bank 2,CUSTOMER
ACC-018679,SAVINGS,Synthetic Sahyadri Bank 4,CUSTOMER
ACC-018624,SAVINGS,Synthetic Sahyadri Bank 1,CUSTOMER
ACC-001387,SAVINGS,Synthetic Sahyadri Bank 1,CUSTOMER
ACC-029240,SAVINGS,Synthetic Sahyadri Bank 4,CUSTOMER
ACC-012215,SAVINGS,Synthetic Sahyadri Bank 3,CUSTOMER
ACC-006191,SAVINGS,Synthetic Sahyadri Bank 3,CUSTOMER
ACC-005680,SAVINGS,Synthetic Sahyadri Bank 2,CUSTOMER
ACC-021321,SAVINGS,Synthetic Sahyadri Bank 3,CUSTOMER
ACC-026419,SAVINGS,Synthetic Sahyadri Bank 5,CUSTOMER
ACC-004068,SAVINGS,Synthetic Sahyadri Bank 5,CUSTOMER
ACC-014137,SAVINGS,Synthetic Sahyadri Bank 3,CUSTOMER
ACC-025701,SAVINGS,Synthetic Sahyadri Bank 6,CUSTOMER
ACC-017431,SAVINGS,Synthetic Sahyadri Bank 2,CUSTOMER
ACC-009887,SAVINGS,Synthetic Sahyadri Bank 1,CUSTOMER
ACC-025509,SAVINGS,Synthetic Sahyadri Bank 5,CUSTOMER
ACC-025203,SAVINGS,Synthetic Sahyadri Bank 2,CUSTOMER
ACC-021624,SAVINGS,Synthetic Sahyadri Bank 6,CUSTOMER
ACC-015897,SAVINGS,Synthetic Sahyadri Bank 2,CUSTOMER
ACC-023541,SAVINGS,Synthetic Sahyadri Bank 4,CUSTOMER
ACC-004988,SAVINGS,Synthetic Sahyadri Bank 1,CUSTOMER
ACC-015744,SAVINGS,Synthetic Sahyadri Bank 1,CUSTOMER
ACC-027563,SAVINGS,Synthetic Sahyadri Bank 6,CUSTOMER
ACC-003334,SAVINGS,Synthetic Sahyadri Bank 5,CUSTOMER
ACC-020025,SAVINGS,Synthetic Sahyadri Bank 2,CUSTOMER
ACC-002875,SAVINGS,Synthetic Sahyadri Bank 5,CUSTOMER
ACC-003934,SAVINGS,Synthetic Sahyadri Bank 3,CUSTOMER
ACC-029254,SAVINGS,Synthetic Sahyadri Bank 2,CUSTOMER
ACC-017770,SAVINGS,Synthetic Sahyadri Bank 4,CUSTOMER
ACC-023283,SAVINGS,Synthetic Sahyadri Bank 6,CUSTOMER
ACC-021757,SAVINGS,Synthetic Sahyadri Bank 4,CUSTOMER
ACC-006406,SAVINGS,Synthetic Sahyadri Bank 1,CUSTOMER
ACC-026705,SAVINGS,Synthetic Sahyadri Bank 2,CUSTOMER
ACC-029884,SAVINGS,Synthetic Sahyadri Bank 2,CUSTOMER
ACC-022152,SAVINGS,Synthetic Sahyadri Bank 1,CUSTOMER
ACC-024255,SAVINGS,Synthetic Sahyadri Bank 4,CUSTOMER
ACC-001196,SAVINGS,Synthetic Sahyadri Bank 6,CUSTOMER
ACC-013151,SAVINGS,Synthetic Sahyadri Bank 4,CUSTOMER
ACC-016635,SAVINGS,Synthetic Sahyadri Bank 4,CUSTOMER
ACC-029194,SAVINGS,Synthetic Sahyadri Bank 5,CUSTOMER
ACC-012972,SAVINGS,Synthetic Sahyadri Bank 5,CUSTOMER
ACC-018772,SAVINGS,Synthetic Sahyadri Bank 4,CUSTOMER
ACC-021855,SAVINGS,Synthetic Sahyadri Bank 5,CUSTOMER
ACC-027183,SAVINGS,Synthetic Sahyadri Bank 6,CUSTOMER
ACC-016188,SAVINGS,Synthetic Sahyadri Bank 1,CUSTOMER
ACC-025577,SAVINGS,Synthetic Sahyadri Bank 6,CUSTOMER
ACC-017210,SAVINGS,Synthetic Sahyadri Bank 1,CUSTOMER
ACC-018664,SAVINGS,Synthetic Sahyadri Bank 2,CUSTOMER
ACC-002078,SAVINGS,Synthetic Sahyadri Bank 4,CUSTOMER
ACC-028385,SAVINGS,Synthetic Sahyadri Bank 2,CUSTOMER
ACC-026618,SAVINGS,Synthetic Sahyadri Bank 2,CUSTOMER
ACC-020695,SAVINGS,Synthetic Sahyadri Bank 3,CUSTOMER
ACC-009640,SAVINGS,Synthetic Sahyadri Bank 6,CUSTOMER
ACC-017102,SAVINGS,Synthetic Sahyadri Bank 6,CUSTOMER
ACC-029469,SAVINGS,Synthetic Sahyadri Bank 2,CUSTOMER
ACC-006717,SAVINGS,Synthetic Sahyadri Bank 6,CUSTOMER
ACC-006671,SAVINGS,Synthetic Sahyadri Bank 1,CUSTOMER
ACC-014865,SAVINGS,Synthetic Sahyadri Bank 2,CUSTOMER
ACC-012940,SAVINGS,Synthetic Sahyadri Bank 1,CUSTOMER
ACC-028454,SAVINGS,Synthetic Sahyadri Bank 6,CUSTOMER
ACC-028092,SAVINGS,Synthetic Sahyadri Bank 1,CUSTOMER
ACC-011505,SAVINGS,Synthetic Sahyadri Bank 5,CUSTOMER
ACC-019540,SAVINGS,Synthetic Sahyadri Bank 6,CUSTOMER
ACC-004032,SAVINGS,Synthetic Sahyadri Bank 5,CUSTOMER
ACC-019503,SAVINGS,Synthetic Sahyadri Bank 3,CUSTOMER
ACC-024080,SAVINGS,Synthetic Sahyadri Bank 6,CUSTOMER
ACC-013039,SAVINGS,Synthetic Sahyadri Bank 5,CUSTOMER
ACC-005559,SAVINGS,Synthetic Sahyadri Bank 3,CUSTOMER
ACC-024864,SAVINGS,Synthetic Sahyadri Bank 5,CUSTOMER
ACC-021442,SAVINGS,Synthetic Sahyadri Bank 6,CUSTOMER
ACC-008722,SAVINGS,Synthetic Sahyadri Bank 4,CUSTOMER
ACC-004469,SAVINGS,Synthetic Sahyadri Bank 5,CUSTOMER
ACC-016401,SAVINGS,Synthetic Sahyadri Bank 4,CUSTOMER
ACC-009984,SAVINGS,Synthetic Sahyadri Bank 5,CUSTOMER
ACC-016236,SAVINGS,Synthetic Sahyadri Bank 6,CUSTOMER
ACC-005822,SAVINGS,Synthetic Sahyadri Bank 4,CUSTOMER
ACC-001164,SAVINGS,Synthetic Sahyadri Bank 4,CUSTOMER
ACC-012973,SAVINGS,Synthetic Sahyadri Bank 2,CUSTOMER
ACC-018946,SAVINGS,Synthetic Sahyadri Bank 5,CUSTOMER
ACC-015984,SAVINGS,Synthetic Sahyadri Bank 2,CUSTOMER
ACC-024378,SAVINGS,Synthetic Sahyadri Bank 5,CUSTOMER
ACC-008562,SAVINGS,Synthetic Sahyadri Bank 2,CUSTOMER
ACC-012059,SAVINGS,Synthetic Sahyadri Bank 6,CUSTOMER
ACC-020034,SAVINGS,Synthetic Sahyadri Bank 1,CUSTOMER
ACC-022064,SAVINGS,Synthetic Sahyadri Bank 1,CUSTOMER
ACC-009208,SAVINGS,Synthetic Sahyadri Bank 6,CUSTOMER
ACC-026245,SAVINGS,Synthetic Sahyadri Bank 5,CUSTOMER
ACC-004562,SAVINGS,Synthetic Sahyadri Bank 2,CUSTOMER
ACC-001888,SAVINGS,Synthetic Sahyadri Bank 1,CUSTOMER
ACC-016723,SAVINGS,Synthetic Sahyadri Bank 3,CUSTOMER
ACC-002326,SAVINGS,Synthetic Sahyadri Bank 2,CUSTOMER
ACC-025776,SAVINGS,Synthetic Sahyadri Bank 1,CUSTOMER
ACC-021961,SAVINGS,Synthetic Sahyadri Bank 6,CUSTOMER
ACC-006926,SAVINGS,Synthetic Sahyadri Bank 1,CUSTOMER
ACC-012194,SAVINGS,Synthetic Sahyadri Bank 3,CUSTOMER
ACC-008072,SAVINGS,Synthetic Sahyadri Bank 6,CUSTOMER
ACC-012595,SAVINGS,Synthetic Sahyadri Bank 2,CUSTOMER
ACC-012320,SAVINGS,Synthetic Sahyadri Bank 1,CUSTOMER
ACC-017656,SAVINGS,Synthetic Sahyadri Bank 4,CUSTOMER
ACC-005821,SAVINGS,Synthetic Sahyadri Bank 3,CUSTOMER
ACC-015319,SAVINGS,Synthetic Sahyadri Bank 5,CUSTOMER
ACC-007699,SAVINGS,Synthetic Sahyadri Bank 1,CUSTOMER
ACC-005121,SAVINGS,Synthetic Sahyadri Bank 1,CUSTOMER
ACC-016937,SAVINGS,Synthetic Sahyadri Bank 3,CUSTOMER
ACC-013844,SAVINGS,Synthetic Sahyadri Bank 5,CUSTOMER
ACC-028367,SAVINGS,Synthetic Sahyadri Bank 6,CUSTOMER
ACC-026113,SAVINGS,Synthetic Sahyadri Bank 5,CUSTOMER
ACC-003760,SAVINGS,Synthetic Sahyadri Bank 1,CUSTOMER
ACC-023854,SAVINGS,Synthetic Sahyadri Bank 6,CUSTOMER
ACC-002998,SAVINGS,Synthetic Sahyadri Bank 4,CUSTOMER
ACC-009905,SAVINGS,Synthetic Sahyadri Bank 4,CUSTOMER
ACC-026125,SAVINGS,Synthetic Sahyadri Bank 3,CUSTOMER
ACC-000527,SAVINGS,Synthetic Sahyadri Bank 4,CUSTOMER
ACC-014000,SAVINGS,Synthetic Sahyadri Bank 1,CUSTOMER
ACC-021211,SAVINGS,Synthetic Sahyadri Bank 3,CUSTOMER
ACC-025949,SAVINGS,Synthetic Sahyadri Bank 6,CUSTOMER
ACC-015195,SAVINGS,Synthetic Sahyadri Bank 3,CUSTOMER
ACC-023410,SAVINGS,Synthetic Sahyadri Bank 3,CUSTOMER
ACC-024237,SAVINGS,Synthetic Sahyadri Bank 3,CUSTOMER
ACC-015350,SAVINGS,Synthetic Sahyadri Bank 3,CUSTOMER
ACC-003567,SAVINGS,Synthetic Sahyadri Bank 3,CUSTOMER
ACC-020570,SAVINGS,Synthetic Sahyadri Bank 3,CUSTOMER
ACC-003442,SAVINGS,Synthetic Sahyadri Bank 4,CUSTOMER
ACC-007734,SAVINGS,Synthetic Sahyadri Bank 3,CUSTOMER
ACC-005602,SAVINGS,Synthetic Sahyadri Bank 2,CUSTOMER
ACC-017825,SAVINGS,Synthetic Sahyadri Bank 2,CUSTOMER
ACC-001197,SAVINGS,Synthetic Sahyadri Bank 4,CUSTOMER
ACC-003799,SAVINGS,Synthetic Sahyadri Bank 5,CUSTOMER
ACC-018857,SAVINGS,Synthetic Sahyadri Bank 4,CUSTOMER
ACC-028109,SAVINGS,Synthetic Sahyadri Bank 4,CUSTOMER
ACC-024193,SAVINGS,Synthetic Sahyadri Bank 3,CUSTOMER
ACC-020926,SAVINGS,Synthetic Sahyadri Bank 6,CUSTOMER
ACC-022060,SAVINGS,Synthetic Sahyadri Bank 3,CUSTOMER
ACC-019657,SAVINGS,Synthetic Sahyadri Bank 1,CUSTOMER
ACC-022380,SAVINGS,Synthetic Sahyadri Bank 5,CUSTOMER
ACC-000592,SAVINGS,Synthetic Sahyadri Bank 3,CUSTOMER
ACC-006641,SAVINGS,Synthetic Sahyadri Bank 6,CUSTOMER
ACC-015115,SAVINGS,Synthetic Sahyadri Bank 2,CUSTOMER
ACC-007752,SAVINGS,Synthetic Sahyadri Bank 6,CUSTOMER
ACC-001270,SAVINGS,Synthetic Sahyadri Bank 4,CUSTOMER
ACC-012406,SAVINGS,Synthetic Sahyadri Bank 2,CUSTOMER
ACC-001062,SAVINGS,Synthetic Sahyadri Bank 3,CUSTOMER
ACC-001392,SAVINGS,Synthetic Sahyadri Bank 5,CUSTOMER
ACC-017319,SAVINGS,Synthetic Sahyadri Bank 4,CUSTOMER
ACC-011955,SAVINGS,Synthetic Sahyadri Bank 6,CUSTOMER
ACC-002723,SAVINGS,Synthetic Sahyadri Bank 3,CUSTOMER
ACC-018254,SAVINGS,Synthetic Sahyadri Bank 2,CUSTOMER
ACC-002426,SAVINGS,Synthetic Sahyadri Bank 2,CUSTOMER
ACC-027228,SAVINGS,Synthetic Sahyadri Bank 2,CUSTOMER
ACC-028389,SAVINGS,Synthetic Sahyadri Bank 4,CUSTOMER
ACC-011511,SAVINGS,Synthetic Sahyadri Bank 2,CUSTOMER
ACC-028273,SAVINGS,Synthetic Sahyadri Bank 4,CUSTOMER
ACC-024242,SAVINGS,Synthetic Sahyadri Bank 1,CUSTOMER
ACC-029898,SAVINGS,Synthetic Sahyadri Bank 4,CUSTOMER
ACC-023063,SAVINGS,Synthetic Sahyadri Bank 4,CUSTOMER
ACC-005954,SAVINGS,Synthetic Sahyadri Bank 6,CUSTOMER
ACC-027793,SAVINGS,Synthetic Sahyadri Bank 2,CUSTOMER
ACC-005855,SAVINGS,Synthetic Sahyadri Bank 3,CUSTOMER
ACC-023352,SAVINGS,Synthetic Sahyadri Bank 3,CUSTOMER
ACC-029729,SAVINGS,Synthetic Sahyadri Bank 2,CUSTOMER
ACC-024270,SAVINGS,Synthetic Sahyadri Bank 6,CUSTOMER
ACC-026413,SAVINGS,Synthetic Sahyadri Bank 3,CUSTOMER
ACC-028719,SAVINGS,Synthetic Sahyadri Bank 1,CUSTOMER
ACC-009990,SAVINGS,Synthetic Sahyadri Bank 4,CUSTOMER
ACC-005266,SAVINGS,Synthetic Sahyadri Bank 5,CUSTOMER
ACC-010993,SAVINGS,Synthetic Sahyadri Bank 3,CUSTOMER
ACC-009310,SAVINGS,Synthetic Sahyadri Bank 6,CUSTOMER
ACC-007367,SAVINGS,Synthetic Sahyadri Bank 3,CUSTOMER
ACC-029672,SAVINGS,Synthetic Sahyadri Bank 5,CUSTOMER
ACC-027379,SAVINGS,Synthetic Sahyadri Bank 5,CUSTOMER
ACC-014009,SAVINGS,Synthetic Sahyadri Bank 6,CUSTOMER
ACC-025386,SAVINGS,Synthetic Sahyadri Bank 1,CUSTOMER
ACC-026155,SAVINGS,Synthetic Sahyadri Bank 2,CUSTOMER
ACC-027750,SAVINGS,Synthetic Sahyadri Bank 4,CUSTOMER
ACC-007452,SAVINGS,Synthetic Sahyadri Bank 4,CUSTOMER
ACC-011716,SAVINGS,Synthetic Sahyadri Bank 2,CUSTOMER
ACC-020210,SAVINGS,Synthetic Sahyadri Bank 4,CUSTOMER
ACC-008803,SAVINGS,Synthetic Sahyadri Bank 4,CUSTOMER
ACC-028744,SAVINGS,Synthetic Sahyadri Bank 1,CUSTOMER
ACC-009295,SAVINGS,Synthetic Sahyadri Bank 1,CUSTOMER
ACC-023132,SAVINGS,Synthetic Sahyadri Bank 6,CUSTOMER
ACC-013921,SAVINGS,Synthetic Sahyadri Bank 2,CUSTOMER
ACC-002228,SAVINGS,Synthetic Sahyadri Bank 4,CUSTOMER
ACC-001753,SAVINGS,Synthetic Sahyadri Bank 6,CUSTOMER
ACC-010377,SAVINGS,Synthetic Sahyadri Bank 4,CUSTOMER
ACC-029593,SAVINGS,Synthetic Sahyadri Bank 3,CUSTOMER
ACC-008056,SAVINGS,Synthetic Sahyadri Bank 5,CUSTOMER
ACC-003294,SAVINGS,Synthetic Sahyadri Bank 6,CUSTOMER
ACC-019658,SAVINGS,Synthetic Sahyadri Bank 1,CUSTOMER
ACC-008691,SAVINGS,Synthetic Sahyadri Bank 5,CUSTOMER
ACC-021911,SAVINGS,Synthetic Sahyadri Bank 3,CUSTOMER
ACC-011810,SAVINGS,Synthetic Sahyadri Bank 6,CUSTOMER
ACC-016203,SAVINGS,Synthetic Sahyadri Bank 3,CUSTOMER
ACC-002383,SAVINGS,Synthetic Sahyadri Bank 4,CUSTOMER
ACC-000364,SAVINGS,Synthetic Sahyadri Bank 6,CUSTOMER
ACC-009870,SAVINGS,Synthetic Sahyadri Bank 1,CUSTOMER
ACC-004823,SAVINGS,Synthetic Sahyadri Bank 4,CUSTOMER
ACC-025144,SAVINGS,Synthetic Sahyadri Bank 4,CUSTOMER
ACC-006338,SAVINGS,Synthetic Sahyadri Bank 1,CUSTOMER
ACC-026714,SAVINGS,Synthetic Sahyadri Bank 2,CUSTOMER
ACC-019350,SAVINGS,Synthetic Sahyadri Bank 6,CUSTOMER
ACC-013443,SAVINGS,Synthetic Sahyadri Bank 3,CUSTOMER
ACC-014393,SAVINGS,Synthetic Sahyadri Bank 3,CUSTOMER
ACC-006219,SAVINGS,Synthetic Sahyadri Bank 6,CUSTOMER
ACC-019827,SAVINGS,Synthetic Sahyadri Bank 2,CUSTOMER
ACC-007401,SAVINGS,Synthetic Sahyadri Bank 5,CUSTOMER
ACC-019351,SAVINGS,Synthetic Sahyadri Bank 4,CUSTOMER
ACC-023291,SAVINGS,Synthetic Sahyadri Bank 5,CUSTOMER
ACC-022077,SAVINGS,Synthetic Sahyadri Bank 1,CUSTOMER
ACC-017379,SAVINGS,Synthetic Sahyadri Bank 4,CUSTOMER
ACC-008040,SAVINGS,Synthetic Sahyadri Bank 1,CUSTOMER
ACC-007901,SAVINGS,Synthetic Sahyadri Bank 1,CUSTOMER
ACC-007716,SAVINGS,Synthetic Sahyadri Bank 2,CUSTOMER
ACC-029533,SAVINGS,Synthetic Sahyadri Bank 3,CUSTOMER
ACC-014047,SAVINGS,Synthetic Sahyadri Bank 6,CUSTOMER
ACC-015401,SAVINGS,Synthetic Sahyadri Bank 3,CUSTOMER
ACC-029902,SAVINGS,Synthetic Sahyadri Bank 6,CUSTOMER
ACC-023575,SAVINGS,Synthetic Sahyadri Bank 2,CUSTOMER
ACC-016877,SAVINGS,Synthetic Sahyadri Bank 5,CUSTOMER
ACC-024245,SAVINGS,Synthetic Sahyadri Bank 4,CUSTOMER
ACC-009806,SAVINGS,Synthetic Sahyadri Bank 5,CUSTOMER
ACC-024696,SAVINGS,Synthetic Sahyadri Bank 2,CUSTOMER
ACC-007362,SAVINGS,Synthetic Sahyadri Bank 4,CUSTOMER
ACC-000644,SAVINGS,Synthetic Sahyadri Bank 2,CUSTOMER
ACC-002161,SAVINGS,Synthetic Sahyadri Bank 6,CUSTOMER
ACC-028172,SAVINGS,Synthetic Sahyadri Bank 6,CUSTOMER
ACC-022000,SAVINGS,Synthetic Sahyadri Bank 2,CUSTOMER
ACC-010937,SAVINGS,Synthetic Sahyadri Bank 2,CUSTOMER
ACC-010742,SAVINGS,Synthetic Sahyadri Bank 6,CUSTOMER
ACC-023528,SAVINGS,Synthetic Sahyadri Bank 6,CUSTOMER
ACC-016748,SAVINGS,Synthetic Sahyadri Bank 4,CUSTOMER
ACC-012316,SAVINGS,Synthetic Sahyadri Bank 6,CUSTOMER
ACC-014673,SAVINGS,Synthetic Sahyadri Bank 5,CUSTOMER
ACC-013888,SAVINGS,Synthetic Sahyadri Bank 3,CUSTOMER
ACC-028110,SAVINGS,Synthetic Sahyadri Bank 5,CUSTOMER
ACC-024461,SAVINGS,Synthetic Sahyadri Bank 5,CUSTOMER
ACC-012143,SAVINGS,Synthetic Sahyadri Bank 3,CUSTOMER
ACC-018349,SAVINGS,Synthetic Sahyadri Bank 3,CUSTOMER
ACC-013097,SAVINGS,Synthetic Sahyadri Bank 4,CUSTOMER
ACC-019998,SAVINGS,Synthetic Sahyadri Bank 6,CUSTOMER
ACC-023952,SAVINGS,Synthetic Sahyadri Bank 5,CUSTOMER
ACC-022575,SAVINGS,Synthetic Sahyadri Bank 2,CUSTOMER
ACC-001522,SAVINGS,Synthetic Sahyadri Bank 4,CUSTOMER
ACC-005907,SAVINGS,Synthetic Sahyadri Bank 3,CUSTOMER
ACC-026012,SAVINGS,Synthetic Sahyadri Bank 5,CUSTOMER
ACC-010965,SAVINGS,Synthetic Sahyadri Bank 3,CUSTOMER
ACC-029653,SAVINGS,Synthetic Sahyadri Bank 5,CUSTOMER
ACC-015878,SAVINGS,Synthetic Sahyadri Bank 1,CUSTOMER
ACC-026469,SAVINGS,Synthetic Sahyadri Bank 2,CUSTOMER
ACC-001029,SAVINGS,Synthetic Sahyadri Bank 1,CUSTOMER
ACC-022579,SAVINGS,Synthetic Sahyadri Bank 6,CUSTOMER
ACC-019370,SAVINGS,Synthetic Sahyadri Bank 5,CUSTOMER
ACC-020955,SAVINGS,Synthetic Sahyadri Bank 1,CUSTOMER
ACC-016625,SAVINGS,Synthetic Sahyadri Bank 3,CUSTOMER
ACC-027619,SAVINGS,Synthetic Sahyadri Bank 1,CUSTOMER
ACC-001335,SAVINGS,Synthetic Sahyadri Bank 1,CUSTOMER
ACC-025897,SAVINGS,Synthetic Sahyadri Bank 5,CUSTOMER
ACC-007126,SAVINGS,Synthetic Sahyadri Bank 1,CUSTOMER
ACC-020269,SAVINGS,Synthetic Sahyadri Bank 1,CUSTOMER
ACC-022427,SAVINGS,Synthetic Sahyadri Bank 2,CUSTOMER
ACC-008926,SAVINGS,Synthetic Sahyadri Bank 3,CUSTOMER
ACC-018307,SAVINGS,Synthetic Sahyadri Bank 4,CUSTOMER
ACC-005937,SAVINGS,Synthetic Sahyadri Bank 5,CUSTOMER
ACC-024528,SAVINGS,Synthetic Sahyadri Bank 4,CUSTOMER
ACC-016386,SAVINGS,Synthetic Sahyadri Bank 2,CUSTOMER
ACC-011157,SAVINGS,Synthetic Sahyadri Bank 6,CUSTOMER
ACC-002442,SAVINGS,Synthetic Sahyadri Bank 4,CUSTOMER
ACC-028878,SAVINGS,Synthetic Sahyadri Bank 5,CUSTOMER
ACC-019160,SAVINGS,Synthetic Sahyadri Bank 2,CUSTOMER
ACC-016496,SAVINGS,Synthetic Sahyadri Bank 4,CUSTOMER
ACC-011754,SAVINGS,Synthetic Sahyadri Bank 1,CUSTOMER
ACC-010744,SAVINGS,Synthetic Sahyadri Bank 5,CUSTOMER
ACC-023666,SAVINGS,Synthetic Sahyadri Bank 6,CUSTOMER
ACC-004730,SAVINGS,Synthetic Sahyadri Bank 5,CUSTOMER
ACC-005969,SAVINGS,Synthetic Sahyadri Bank 1,CUSTOMER
ACC-015403,SAVINGS,Synthetic Sahyadri Bank 4,CUSTOMER
ACC-020866,SAVINGS,Synthetic Sahyadri Bank 6,CUSTOMER
ACC-023456,SAVINGS,Synthetic Sahyadri Bank 3,CUSTOMER
ACC-024136,SAVINGS,Synthetic Sahyadri Bank 2,CUSTOMER
ACC-025323,SAVINGS,Synthetic Sahyadri Bank 4,CUSTOMER
ACC-009706,SAVINGS,Synthetic Sahyadri Bank 3,CUSTOMER
ACC-016878,SAVINGS,Synthetic Sahyadri Bank 6,CUSTOMER
ACC-024564,SAVINGS,Synthetic Sahyadri Bank 6,CUSTOMER
ACC-005925,SAVINGS,Synthetic Sahyadri Bank 5,CUSTOMER
ACC-025246,SAVINGS,Synthetic Sahyadri Bank 2,CUSTOMER
ACC-012321,SAVINGS,Synthetic Sahyadri Bank 6,CUSTOMER
ACC-000229,SAVINGS,Synthetic Sahyadri Bank 6,CUSTOMER
ACC-018656,SAVINGS,Synthetic Sahyadri Bank 2,CUSTOMER
ACC-028170,SAVINGS,Synthetic Sahyadri Bank 1,CUSTOMER
ACC-012587,SAVINGS,Synthetic Sahyadri Bank 4,CUSTOMER
ACC-023004,SAVINGS,Synthetic Sahyadri Bank 4,CUSTOMER
ACC-023817,SAVINGS,Synthetic Sahyadri Bank 2,CUSTOMER
ACC-008456,SAVINGS,Synthetic Sahyadri Bank 2,CUSTOMER
ACC-018180,SAVINGS,Synthetic Sahyadri Bank 1,CUSTOMER
ACC-000945,SAVINGS,Synthetic Sahyadri Bank 4,CUSTOMER
ACC-013484,SAVINGS,Synthetic Sahyadri Bank 4,CUSTOMER
ACC-010682,SAVINGS,Synthetic Sahyadri Bank 6,CUSTOMER
ACC-024116,SAVINGS,Synthetic Sahyadri Bank 3,CUSTOMER
ACC-024335,SAVINGS,Synthetic Sahyadri Bank 5,CUSTOMER
ACC-012890,SAVINGS,Synthetic Sahyadri Bank 1,CUSTOMER
ACC-024340,SAVINGS,Synthetic Sahyadri Bank 6,CUSTOMER
ACC-001795,SAVINGS,Synthetic Sahyadri Bank 1,CUSTOMER
ACC-029277,SAVINGS,Synthetic Sahyadri Bank 2,CUSTOMER
ACC-010669,SAVINGS,Synthetic Sahyadri Bank 3,CUSTOMER
ACC-011967,SAVINGS,Synthetic Sahyadri Bank 6,CUSTOMER
ACC-025947,SAVINGS,Synthetic Sahyadri Bank 1,CUSTOMER
ACC-017572,SAVINGS,Synthetic Sahyadri Bank 4,CUSTOMER
ACC-029630,SAVINGS,Synthetic Sahyadri Bank 2,CUSTOMER
ACC-014469,SAVINGS,Synthetic Sahyadri Bank 6,CUSTOMER
ACC-025767,SAVINGS,Synthetic Sahyadri Bank 3,CUSTOMER
ACC-024712,SAVINGS,Synthetic Sahyadri Bank 4,CUSTOMER
ACC-021138,SAVINGS,Synthetic Sahyadri Bank 3,CUSTOMER
ACC-016143,SAVINGS,Synthetic Sahyadri Bank 4,CUSTOMER
ACC-006772,SAVINGS,Synthetic Sahyadri Bank 6,CUSTOMER
ACC-013505,SAVINGS,Synthetic Sahyadri Bank 4,CUSTOMER
ACC-000791,SAVINGS,Synthetic Sahyadri Bank 6,CUSTOMER
ACC-005652,SAVINGS,Synthetic Sahyadri Bank 6,CUSTOMER
ACC-018613,SAVINGS,Synthetic Sahyadri Bank 1,CUSTOMER
ACC-022350,SAVINGS,Synthetic Sahyadri Bank 2,CUSTOMER
ACC-008133,SAVINGS,Synthetic Sahyadri Bank 2,CUSTOMER
ACC-009505,SAVINGS,Synthetic Sahyadri Bank 5,CUSTOMER
ACC-001315,SAVINGS,Synthetic Sahyadri Bank 4,CUSTOMER
ACC-005760,SAVINGS,Synthetic Sahyadri Bank 6,CUSTOMER
ACC-008735,SAVINGS,Synthetic Sahyadri Bank 1,CUSTOMER
ACC-010498,SAVINGS,Synthetic Sahyadri Bank 5,CUSTOMER
ACC-011750,SAVINGS,Synthetic Sahyadri Bank 6,CUSTOMER
ACC-029698,SAVINGS,Synthetic Sahyadri Bank 6,CUSTOMER
ACC-025608,SAVINGS,Synthetic Sahyadri Bank 1,CUSTOMER
ACC-014906,SAVINGS,Synthetic Sahyadri Bank 2,CUSTOMER
ACC-004805,SAVINGS,Synthetic Sahyadri Bank 4,CUSTOMER
ACC-015225,SAVINGS,Synthetic Sahyadri Bank 1,CUSTOMER
ACC-028790,SAVINGS,Synthetic Sahyadri Bank 3,CUSTOMER
ACC-003638,SAVINGS,Synthetic Sahyadri Bank 3,CUSTOMER
ACC-000842,SAVINGS,Synthetic Sahyadri Bank 5,CUSTOMER
ACC-029848,SAVINGS,Synthetic Sahyadri Bank 4,CUSTOMER
ACC-011644,SAVINGS,Synthetic Sahyadri Bank 6,CUSTOMER
ACC-028893,SAVINGS,Synthetic Sahyadri Bank 5,CUSTOMER
ACC-010429,SAVINGS,Synthetic Sahyadri Bank 1,CUSTOMER
ACC-003421,SAVINGS,Synthetic Sahyadri Bank 4,CUSTOMER
ACC-029408,SAVINGS,Synthetic Sahyadri Bank 6,CUSTOMER
ACC-007607,SAVINGS,Synthetic Sahyadri Bank 3,CUSTOMER
ACC-015547,SAVINGS,Synthetic Sahyadri Bank 2,CUSTOMER
ACC-027221,SAVINGS,Synthetic Sahyadri Bank 5,CUSTOMER
ACC-001664,SAVINGS,Synthetic Sahyadri Bank 2,CUSTOMER
ACC-004221,SAVINGS,Synthetic Sahyadri Bank 5,CUSTOMER
ACC-005424,SAVINGS,Synthetic Sahyadri Bank 3,CUSTOMER
ACC-023725,SAVINGS,Synthetic Sahyadri Bank 4,CUSTOMER
ACC-028179,SAVINGS,Synthetic Sahyadri Bank 6,CUSTOMER
ACC-006837,SAVINGS,Synthetic Sahyadri Bank 3,CUSTOMER
ACC-019759,SAVINGS,Synthetic Sahyadri Bank 2,CUSTOMER
ACC-003394,SAVINGS,Synthetic Sahyadri Bank 5,CUSTOMER
ACC-012249,SAVINGS,Synthetic Sahyadri Bank 4,CUSTOMER
ACC-003948,SAVINGS,Synthetic Sahyadri Bank 4,CUSTOMER
ACC-027652,SAVINGS,Synthetic Sahyadri Bank 4,CUSTOMER
ACC-009204,SAVINGS,Synthetic Sahyadri Bank 1,CUSTOMER
ACC-003967,SAVINGS,Synthetic Sahyadri Bank 6,CUSTOMER
ACC-010532,SAVINGS,Synthetic Sahyadri Bank 5,CUSTOMER
ACC-010641,SAVINGS,Synthetic Sahyadri Bank 4,CUSTOMER
ACC-023876,SAVINGS,Synthetic Sahyadri Bank 6,CUSTOMER
ACC-010319,SAVINGS,Synthetic Sahyadri Bank 4,CUSTOMER
ACC-028950,SAVINGS,Synthetic Sahyadri Bank 1,CUSTOMER
ACC-000230,SAVINGS,Synthetic Sahyadri Bank 5,CUSTOMER
ACC-026195,SAVINGS,Synthetic Sahyadri Bank 3,CUSTOMER
ACC-003501,SAVINGS,Synthetic Sahyadri Bank 6,CUSTOMER
ACC-010751,SAVINGS,Synthetic Sahyadri Bank 4,CUSTOMER
ACC-017314,SAVINGS,Synthetic Sahyadri Bank 4,CUSTOMER
ACC-001386,SAVINGS,Synthetic Sahyadri Bank 3,CUSTOMER
ACC-019932,SAVINGS,Synthetic Sahyadri Bank 6,CUSTOMER
ACC-023795,SAVINGS,Synthetic Sahyadri Bank 4,CUSTOMER
ACC-000264,SAVINGS,Synthetic Sahyadri Bank 5,CUSTOMER
ACC-023726,SAVINGS,Synthetic Sahyadri Bank 4,CUSTOMER
ACC-009979,SAVINGS,Synthetic Sahyadri Bank 4,CUSTOMER
ACC-007962,SAVINGS,Synthetic Sahyadri Bank 5,CUSTOMER
ACC-002307,SAVINGS,Synthetic Sahyadri Bank 1,CUSTOMER
ACC-007557,SAVINGS,Synthetic Sahyadri Bank 1,CUSTOMER
ACC-003750,SAVINGS,Synthetic Sahyadri Bank 4,CUSTOMER
ACC-015603,SAVINGS,Synthetic Sahyadri Bank 2,CUSTOMER
ACC-019451,SAVINGS,Synthetic Sahyadri Bank 5,CUSTOMER
ACC-018774,SAVINGS,Synthetic Sahyadri Bank 5,CUSTOMER
ACC-025274,SAVINGS,Synthetic Sahyadri Bank 6,CUSTOMER
ACC-015636,SAVINGS,Synthetic Sahyadri Bank 3,CUSTOMER
ACC-025252,SAVINGS,Synthetic Sahyadri Bank 6,CUSTOMER
ACC-006884,SAVINGS,Synthetic Sahyadri Bank 6,CUSTOMER
ACC-012440,SAVINGS,Synthetic Sahyadri Bank 1,CUSTOMER
ACC-027336,SAVINGS,Synthetic Sahyadri Bank 2,CUSTOMER
ACC-006008,SAVINGS,Synthetic Sahyadri Bank 6,CUSTOMER
ACC-017970,SAVINGS,Synthetic Sahyadri Bank 2,CUSTOMER
ACC-005562,SAVINGS,Synthetic Sahyadri Bank 1,CUSTOMER
ACC-013012,SAVINGS,Synthetic Sahyadri Bank 5,CUSTOMER
ACC-023515,SAVINGS,Synthetic Sahyadri Bank 5,CUSTOMER
ACC-025662,SAVINGS,Synthetic Sahyadri Bank 3,CUSTOMER
ACC-006398,SAVINGS,Synthetic Sahyadri Bank 5,CUSTOMER
ACC-015053,SAVINGS,Synthetic Sahyadri Bank 3,CUSTOMER
ACC-022933,SAVINGS,Synthetic Sahyadri Bank 3,CUSTOMER
ACC-013881,SAVINGS,Synthetic Sahyadri Bank 3,CUSTOMER
ACC-025145,SAVINGS,Synthetic Sahyadri Bank 3,CUSTOMER
ACC-002058,SAVINGS,Synthetic Sahyadri Bank 1,CUSTOMER
ACC-024473,SAVINGS,Synthetic Sahyadri Bank 2,CUSTOMER
ACC-014724,SAVINGS,Synthetic Sahyadri Bank 3,CUSTOMER
ACC-022846,SAVINGS,Synthetic Sahyadri Bank 3,CUSTOMER
ACC-010768,SAVINGS,Synthetic Sahyadri Bank 6,CUSTOMER
ACC-012189,SAVINGS,Synthetic Sahyadri Bank 1,CUSTOMER
ACC-009500,SAVINGS,Synthetic Sahyadri Bank 5,CUSTOMER
ACC-012538,SAVINGS,Synthetic Sahyadri Bank 1,CUSTOMER
ACC-003383,SAVINGS,Synthetic Sahyadri Bank 3,CUSTOMER
ACC-022675,SAVINGS,Synthetic Sahyadri Bank 2,CUSTOMER
ACC-006240,SAVINGS,Synthetic Sahyadri Bank 6,CUSTOMER
ACC-014450,SAVINGS,Synthetic Sahyadri Bank 2,CUSTOMER
ACC-012423,SAVINGS,Synthetic Sahyadri Bank 2,CUSTOMER
ACC-022611,SAVINGS,Synthetic Sahyadri Bank 2,CUSTOMER
ACC-017108,SAVINGS,Synthetic Sahyadri Bank 6,CUSTOMER
ACC-023129,SAVINGS,Synthetic Sahyadri Bank 3,CUSTOMER
ACC-018405,SAVINGS,Synthetic Sahyadri Bank 2,CUSTOMER
ACC-021948,SAVINGS,Synthetic Sahyadri Bank 2,CUSTOMER
ACC-002541,SAVINGS,Synthetic Sahyadri Bank 2,CUSTOMER
ACC-004650,SAVINGS,Synthetic Sahyadri Bank 4,CUSTOMER
ACC-003484,SAVINGS,Synthetic Sahyadri Bank 4,CUSTOMER
ACC-026485,SAVINGS,Synthetic Sahyadri Bank 3,CUSTOMER
ACC-028731,SAVINGS,Synthetic Sahyadri Bank 5,CUSTOMER
ACC-017454,SAVINGS,Synthetic Sahyadri Bank 3,CUSTOMER
ACC-029049,SAVINGS,Synthetic Sahyadri Bank 4,CUSTOMER
ACC-008147,SAVINGS,Synthetic Sahyadri Bank 2,CUSTOMER
ACC-006433,SAVINGS,Synthetic Sahyadri Bank 5,CUSTOMER
ACC-000397,SAVINGS,Synthetic Sahyadri Bank 6,CUSTOMER
ACC-004322,SAVINGS,Synthetic Sahyadri Bank 3,CUSTOMER
ACC-025153,SAVINGS,Synthetic Sahyadri Bank 4,CUSTOMER
ACC-017740,SAVINGS,Synthetic Sahyadri Bank 4,CUSTOMER
ACC-000928,SAVINGS,Synthetic Sahyadri Bank 5,CUSTOMER
ACC-018676,SAVINGS,Synthetic Sahyadri Bank 6,CUSTOMER
ACC-016272,SAVINGS,Synthetic Sahyadri Bank 4,CUSTOMER
ACC-010859,SAVINGS,Synthetic Sahyadri Bank 1,CUSTOMER
ACC-023645,SAVINGS,Synthetic Sahyadri Bank 4,CUSTOMER
ACC-002576,SAVINGS,Synthetic Sahyadri Bank 2,CUSTOMER
ACC-017279,SAVINGS,Synthetic Sahyadri Bank 1,CUSTOMER
ACC-010435,SAVINGS,Synthetic Sahyadri Bank 1,CUSTOMER
ACC-002950,SAVINGS,Synthetic Sahyadri Bank 1,CUSTOMER
ACC-028316,SAVINGS,Synthetic Sahyadri Bank 3,CUSTOMER
ACC-028013,SAVINGS,Synthetic Sahyadri Bank 1,CUSTOMER
ACC-010924,SAVINGS,Synthetic Sahyadri Bank 4,CUSTOMER
ACC-013384,SAVINGS,Synthetic Sahyadri Bank 2,CUSTOMER
ACC-028850,SAVINGS,Synthetic Sahyadri Bank 4,CUSTOMER
ACC-011291,SAVINGS,Synthetic Sahyadri Bank 3,CUSTOMER
ACC-022122,SAVINGS,Synthetic Sahyadri Bank 1,CUSTOMER
ACC-028291,SAVINGS,Synthetic Sahyadri Bank 5,CUSTOMER
ACC-008014,SAVINGS,Synthetic Sahyadri Bank 3,CUSTOMER
ACC-013817,SAVINGS,Synthetic Sahyadri Bank 3,CUSTOMER
ACC-015289,SAVINGS,Synthetic Sahyadri Bank 1,CUSTOMER
ACC-012993,SAVINGS,Synthetic Sahyadri Bank 1,CUSTOMER
ACC-007467,SAVINGS,Synthetic Sahyadri Bank 6,CUSTOMER
ACC-020800,SAVINGS,Synthetic Sahyadri Bank 4,CUSTOMER
ACC-015551,SAVINGS,Synthetic Sahyadri Bank 1,CUSTOMER
ACC-013645,SAVINGS,Synthetic Sahyadri Bank 6,CUSTOMER
ACC-015935,SAVINGS,Synthetic Sahyadri Bank 3,CUSTOMER
ACC-018559,SAVINGS,Synthetic Sahyadri Bank 6,CUSTOMER
ACC-009491,SAVINGS,Synthetic Sahyadri Bank 5,CUSTOMER
ACC-025340,SAVINGS,Synthetic Sahyadri Bank 3,CUSTOMER
ACC-028397,SAVINGS,Synthetic Sahyadri Bank 5,CUSTOMER
ACC-029161,SAVINGS,Synthetic Sahyadri Bank 1,CUSTOMER
ACC-025006,SAVINGS,Synthetic Sahyadri Bank 6,CUSTOMER
ACC-004697,SAVINGS,Synthetic Sahyadri Bank 5,CUSTOMER
ACC-010272,SAVINGS,Synthetic Sahyadri Bank 2,CUSTOMER
ACC-023137,SAVINGS,Synthetic Sahyadri Bank 2,CUSTOMER
ACC-027815,SAVINGS,Synthetic Sahyadri Bank 2,CUSTOMER
ACC-026534,SAVINGS,Synthetic Sahyadri Bank 4,CUSTOMER
ACC-028599,SAVINGS,Synthetic Sahyadri Bank 4,CUSTOMER
ACC-022243,SAVINGS,Synthetic Sahyadri Bank 1,CUSTOMER
ACC-012545,SAVINGS,Synthetic Sahyadri Bank 6,CUSTOMER
ACC-018195,SAVINGS,Synthetic Sahyadri Bank 2,CUSTOMER
ACC-028452,SAVINGS,Synthetic Sahyadri Bank 1,CUSTOMER
ACC-003988,SAVINGS,Synthetic Sahyadri Bank 4,CUSTOMER
ACC-009523,SAVINGS,Synthetic Sahyadri Bank 1,CUSTOMER
ACC-009864,SAVINGS,Synthetic Sahyadri Bank 6,CUSTOMER
ACC-019690,SAVINGS,Synthetic Sahyadri Bank 2,CUSTOMER
ACC-004707,SAVINGS,Synthetic Sahyadri Bank 2,CUSTOMER
ACC-000177,SAVINGS,Synthetic Sahyadri Bank 3,CUSTOMER
ACC-010014,SAVINGS,Synthetic Sahyadri Bank 4,CUSTOMER
ACC-009839,SAVINGS,Synthetic Sahyadri Bank 6,CUSTOMER
ACC-008889,SAVINGS,Synthetic Sahyadri Bank 1,CUSTOMER
ACC-002314,SAVINGS,Synthetic Sahyadri Bank 6,CUSTOMER
ACC-024717,SAVINGS,Synthetic Sahyadri Bank 6,CUSTOMER
ACC-004157,SAVINGS,Synthetic Sahyadri Bank 3,CUSTOMER
ACC-021884,SAVINGS,Synthetic Sahyadri Bank 4,CUSTOMER
ACC-020643,SAVINGS,Synthetic Sahyadri Bank 5,CUSTOMER
ACC-027770,SAVINGS,Synthetic Sahyadri Bank 3,CUSTOMER
ACC-021524,SAVINGS,Synthetic Sahyadri Bank 6,CUSTOMER
ACC-010847,SAVINGS,Synthetic Sahyadri Bank 2,CUSTOMER
ACC-019117,SAVINGS,Synthetic Sahyadri Bank 5,CUSTOMER
ACC-000185,SAVINGS,Synthetic Sahyadri Bank 4,CUSTOMER
ACC-029802,SAVINGS,Synthetic Sahyadri Bank 2,CUSTOMER
ACC-023542,SAVINGS,Synthetic Sahyadri Bank 4,CUSTOMER
ACC-003648,SAVINGS,Synthetic Sahyadri Bank 5,CUSTOMER
ACC-022300,SAVINGS,Synthetic Sahyadri Bank 5,CUSTOMER
ACC-000983,SAVINGS,Synthetic Sahyadri Bank 4,CUSTOMER
ACC-026171,SAVINGS,Synthetic Sahyadri Bank 6,CUSTOMER
ACC-012581,SAVINGS,Synthetic Sahyadri Bank 2,CUSTOMER
ACC-009132,SAVINGS,Synthetic Sahyadri Bank 4,CUSTOMER
ACC-003955,SAVINGS,Synthetic Sahyadri Bank 6,CUSTOMER
ACC-004993,SAVINGS,Synthetic Sahyadri Bank 3,CUSTOMER
ACC-027234,SAVINGS,Synthetic Sahyadri Bank 1,CUSTOMER
ACC-017340,SAVINGS,Synthetic Sahyadri Bank 5,CUSTOMER
ACC-015383,SAVINGS,Synthetic Sahyadri Bank 4,CUSTOMER
ACC-023765,SAVINGS,Synthetic Sahyadri Bank 2,CUSTOMER
ACC-015130,SAVINGS,Synthetic Sahyadri Bank 5,CUSTOMER
ACC-022899,SAVINGS,Synthetic Sahyadri Bank 3,CUSTOMER
ACC-017610,SAVINGS,Synthetic Sahyadri Bank 5,CUSTOMER
ACC-026943,SAVINGS,Synthetic Sahyadri Bank 1,CUSTOMER
ACC-005160,SAVINGS,Synthetic Sahyadri Bank 1,CUSTOMER
ACC-019651,SAVINGS,Synthetic Sahyadri Bank 4,CUSTOMER
ACC-019799,SAVINGS,Synthetic Sahyadri Bank 4,CUSTOMER
ACC-021012,SAVINGS,Synthetic Sahyadri Bank 1,CUSTOMER
ACC-001276,SAVINGS,Synthetic Sahyadri Bank 3,CUSTOMER
ACC-026604,SAVINGS,Synthetic Sahyadri Bank 2,CUSTOMER
ACC-016721,SAVINGS,Synthetic Sahyadri Bank 2,CUSTOMER
ACC-025751,SAVINGS,Synthetic Sahyadri Bank 5,CUSTOMER
ACC-001371,SAVINGS,Synthetic Sahyadri Bank 4,CUSTOMER
ACC-007080,SAVINGS,Synthetic Sahyadri Bank 1,CUSTOMER
ACC-026838,SAVINGS,Synthetic Sahyadri Bank 6,CUSTOMER
ACC-009860,SAVINGS,Synthetic Sahyadri Bank 3,CUSTOMER
ACC-013020,SAVINGS,Synthetic Sahyadri Bank 6,CUSTOMER
ACC-028531,SAVINGS,Synthetic Sahyadri Bank 2,CUSTOMER
ACC-001571,SAVINGS,Synthetic Sahyadri Bank 3,CUSTOMER
ACC-008320,SAVINGS,Synthetic Sahyadri Bank 6,CUSTOMER
ACC-004600,SAVINGS,Synthetic Sahyadri Bank 4,CUSTOMER
ACC-014492,SAVINGS,Synthetic Sahyadri Bank 2,CUSTOMER
ACC-009930,SAVINGS,Synthetic Sahyadri Bank 2,CUSTOMER
ACC-018967,SAVINGS,Synthetic Sahyadri Bank 3,CUSTOMER
ACC-020146,SAVINGS,Synthetic Sahyadri Bank 4,CUSTOMER
ACC-012078,SAVINGS,Synthetic Sahyadri Bank 1,CUSTOMER
ACC-009496,SAVINGS,Synthetic Sahyadri Bank 1,CUSTOMER
ACC-006853,SAVINGS,Synthetic Sahyadri Bank 1,CUSTOMER
ACC-002767,SAVINGS,Synthetic Sahyadri Bank 5,CUSTOMER
ACC-026977,SAVINGS,Synthetic Sahyadri Bank 2,CUSTOMER
ACC-019507,SAVINGS,Synthetic Sahyadri Bank 1,CUSTOMER
ACC-014771,SAVINGS,Synthetic Sahyadri Bank 2,CUSTOMER
ACC-025239,SAVINGS,Synthetic Sahyadri Bank 2,CUSTOMER
ACC-023523,SAVINGS,Synthetic Sahyadri Bank 6,CUSTOMER
ACC-003417,SAVINGS,Synthetic Sahyadri Bank 3,CUSTOMER
ACC-017804,SAVINGS,Synthetic Sahyadri Bank 6,CUSTOMER
ACC-010082,SAVINGS,Synthetic Sahyadri Bank 1,CUSTOMER
ACC-000947,SAVINGS,Synthetic Sahyadri Bank 6,CUSTOMER
ACC-018061,SAVINGS,Synthetic Sahyadri Bank 2,CUSTOMER
ACC-007140,SAVINGS,Synthetic Sahyadri Bank 3,CUSTOMER
ACC-027630,SAVINGS,Synthetic Sahyadri Bank 3,CUSTOMER
ACC-012785,SAVINGS,Synthetic Sahyadri Bank 1,CUSTOMER
ACC-003545,SAVINGS,Synthetic Sahyadri Bank 1,CUSTOMER
ACC-017897,SAVINGS,Synthetic Sahyadri Bank 5,CUSTOMER
ACC-027525,SAVINGS,Synthetic Sahyadri Bank 3,CUSTOMER
ACC-009482,SAVINGS,Synthetic Sahyadri Bank 5,CUSTOMER
ACC-019317,SAVINGS,Synthetic Sahyadri Bank 6,CUSTOMER
ACC-021002,SAVINGS,Synthetic Sahyadri Bank 1,CUSTOMER
ACC-011399,SAVINGS,Synthetic Sahyadri Bank 5,CUSTOMER
ACC-019888,SAVINGS,Synthetic Sahyadri Bank 3,CUSTOMER
ACC-027266,SAVINGS,Synthetic Sahyadri Bank 5,CUSTOMER
ACC-005587,SAVINGS,Synthetic Sahyadri Bank 6,CUSTOMER
ACC-024609,SAVINGS,Synthetic Sahyadri Bank 1,CUSTOMER
ACC-025678,SAVINGS,Synthetic Sahyadri Bank 6,CUSTOMER
ACC-008402,SAVINGS,Synthetic Sahyadri Bank 4,CUSTOMER
ACC-021703,SAVINGS,Synthetic Sahyadri Bank 2,CUSTOMER
ACC-010006,SAVINGS,Synthetic Sahyadri Bank 1,CUSTOMER
ACC-006465,SAVINGS,Synthetic Sahyadri Bank 1,CUSTOMER
ACC-027015,SAVINGS,Synthetic Sahyadri Bank 1,CUSTOMER
ACC-004507,SAVINGS,Synthetic Sahyadri Bank 3,CUSTOMER
ACC-023281,SAVINGS,Synthetic Sahyadri Bank 3,CUSTOMER
ACC-010833,SAVINGS,Synthetic Sahyadri Bank 3,CUSTOMER
ACC-022082,SAVINGS,Synthetic Sahyadri Bank 6,CUSTOMER
ACC-006571,SAVINGS,Synthetic Sahyadri Bank 4,CUSTOMER
ACC-004042,SAVINGS,Synthetic Sahyadri Bank 2,CUSTOMER
ACC-014453,SAVINGS,Synthetic Sahyadri Bank 2,CUSTOMER
ACC-001951,SAVINGS,Synthetic Sahyadri Bank 3,CUSTOMER
ACC-013783,SAVINGS,Synthetic Sahyadri Bank 2,CUSTOMER
ACC-026394,SAVINGS,Synthetic Sahyadri Bank 6,CUSTOMER
ACC-016788,SAVINGS,Synthetic Sahyadri Bank 4,CUSTOMER
ACC-017331,SAVINGS,Synthetic Sahyadri Bank 4,CUSTOMER
ACC-018229,SAVINGS,Synthetic Sahyadri Bank 6,CUSTOMER
ACC-020681,SAVINGS,Synthetic Sahyadri Bank 1,CUSTOMER
ACC-029213,SAVINGS,Synthetic Sahyadri Bank 4,CUSTOMER
ACC-019620,SAVINGS,Synthetic Sahyadri Bank 6,CUSTOMER
ACC-021806,SAVINGS,Synthetic Sahyadri Bank 4,CUSTOMER
ACC-009824,SAVINGS,Synthetic Sahyadri Bank 1,CUSTOMER
ACC-004913,SAVINGS,Synthetic Sahyadri Bank 2,CUSTOMER
ACC-009872,SAVINGS,Synthetic Sahyadri Bank 2,CUSTOMER
ACC-022423,SAVINGS,Synthetic Sahyadri Bank 6,CUSTOMER
ACC-000753,SAVINGS,Synthetic Sahyadri Bank 3,CUSTOMER
ACC-019583,SAVINGS,Synthetic Sahyadri Bank 5,CUSTOMER
ACC-010650,SAVINGS,Synthetic Sahyadri Bank 2,CUSTOMER
ACC-019638,SAVINGS,Synthetic Sahyadri Bank 6,CUSTOMER
ACC-022731,SAVINGS,Synthetic Sahyadri Bank 2,CUSTOMER
ACC-022996,SAVINGS,Synthetic Sahyadri Bank 3,CUSTOMER
ACC-024252,SAVINGS,Synthetic Sahyadri Bank 5,CUSTOMER
ACC-015473,SAVINGS,Synthetic Sahyadri Bank 1,CUSTOMER
ACC-024882,SAVINGS,Synthetic Sahyadri Bank 3,CUSTOMER
ACC-006184,SAVINGS,Synthetic Sahyadri Bank 4,CUSTOMER
ACC-005615,SAVINGS,Synthetic Sahyadri Bank 4,CUSTOMER
ACC-027516,SAVINGS,Synthetic Sahyadri Bank 1,CUSTOMER
ACC-003509,SAVINGS,Synthetic Sahyadri Bank 1,CUSTOMER
ACC-027944,SAVINGS,Synthetic Sahyadri Bank 2,CUSTOMER
ACC-017440,SAVINGS,Synthetic Sahyadri Bank 3,CUSTOMER
ACC-017613,SAVINGS,Synthetic Sahyadri Bank 5,CUSTOMER
ACC-025310,SAVINGS,Synthetic Sahyadri Bank 2,CUSTOMER
ACC-020671,SAVINGS,Synthetic Sahyadri Bank 1,CUSTOMER
ACC-018282,SAVINGS,Synthetic Sahyadri Bank 2,CUSTOMER
ACC-007648,SAVINGS,Synthetic Sahyadri Bank 3,CUSTOMER
ACC-000047,SAVINGS,Synthetic Sahyadri Bank 1,CUSTOMER
ACC-023959,SAVINGS,Synthetic Sahyadri Bank 5,CUSTOMER
ACC-021477,SAVINGS,Synthetic Sahyadri Bank 2,CUSTOMER
ACC-022669,SAVINGS,Synthetic Sahyadri Bank 4,CUSTOMER
ACC-012266,SAVINGS,Synthetic Sahyadri Bank 1,CUSTOMER
ACC-029716,SAVINGS,Synthetic Sahyadri Bank 1,CUSTOMER
ACC-025297,SAVINGS,Synthetic Sahyadri Bank 1,CUSTOMER
ACC-016457,SAVINGS,Synthetic Sahyadri Bank 3,CUSTOMER
ACC-005495,SAVINGS,Synthetic Sahyadri Bank 5,CUSTOMER
ACC-019168,SAVINGS,Synthetic Sahyadri Bank 2,CUSTOMER
ACC-025575,SAVINGS,Synthetic Sahyadri Bank 1,CUSTOMER
ACC-014861,SAVINGS,Synthetic Sahyadri Bank 5,CUSTOMER
ACC-026805,SAVINGS,Synthetic Sahyadri Bank 2,CUSTOMER
ACC-012419,SAVINGS,Synthetic Sahyadri Bank 3,CUSTOMER
ACC-010676,SAVINGS,Synthetic Sahyadri Bank 2,CUSTOMER
ACC-020161,SAVINGS,Synthetic Sahyadri Bank 1,CUSTOMER
ACC-024471,SAVINGS,Synthetic Sahyadri Bank 4,CUSTOMER
ACC-020579,SAVINGS,Synthetic Sahyadri Bank 1,CUSTOMER
ACC-004509,SAVINGS,Synthetic Sahyadri Bank 3,CUSTOMER
ACC-000771,SAVINGS,Synthetic Sahyadri Bank 5,CUSTOMER
ACC-018402,SAVINGS,Synthetic Sahyadri Bank 6,CUSTOMER
ACC-015781,SAVINGS,Synthetic Sahyadri Bank 3,CUSTOMER
ACC-000414,SAVINGS,Synthetic Sahyadri Bank 5,CUSTOMER
ACC-000741,SAVINGS,Synthetic Sahyadri Bank 5,CUSTOMER
ACC-013530,SAVINGS,Synthetic Sahyadri Bank 5,CUSTOMER
ACC-022068,SAVINGS,Synthetic Sahyadri Bank 3,CUSTOMER
ACC-027125,SAVINGS,Synthetic Sahyadri Bank 3,CUSTOMER
ACC-002196,SAVINGS,Synthetic Sahyadri Bank 1,CUSTOMER
ACC-025860,SAVINGS,Synthetic Sahyadri Bank 4,CUSTOMER
ACC-025316,SAVINGS,Synthetic Sahyadri Bank 6,CUSTOMER
ACC-019773,SAVINGS,Synthetic Sahyadri Bank 3,CUSTOMER
ACC-022133,SAVINGS,Synthetic Sahyadri Bank 4,CUSTOMER
ACC-023935,SAVINGS,Synthetic Sahyadri Bank 2,CUSTOMER
ACC-004947,SAVINGS,Synthetic Sahyadri Bank 1,CUSTOMER
ACC-017105,SAVINGS,Synthetic Sahyadri Bank 1,CUSTOMER
ACC-017666,SAVINGS,Synthetic Sahyadri Bank 2,CUSTOMER
ACC-005226,SAVINGS,Synthetic Sahyadri Bank 6,CUSTOMER
ACC-010812,SAVINGS,Synthetic Sahyadri Bank 5,CUSTOMER
ACC-012868,SAVINGS,Synthetic Sahyadri Bank 1,CUSTOMER
ACC-022166,SAVINGS,Synthetic Sahyadri Bank 6,CUSTOMER
ACC-006987,SAVINGS,Synthetic Sahyadri Bank 1,CUSTOMER
ACC-004224,SAVINGS,Synthetic Sahyadri Bank 4,CUSTOMER
ACC-025404,SAVINGS,Synthetic Sahyadri Bank 6,CUSTOMER
ACC-012685,SAVINGS,Synthetic Sahyadri Bank 2,CUSTOMER
ACC-021238,SAVINGS,Synthetic Sahyadri Bank 1,CUSTOMER
ACC-019154,SAVINGS,Synthetic Sahyadri Bank 3,CUSTOMER
ACC-013383,SAVINGS,Synthetic Sahyadri Bank 1,CUSTOMER
ACC-012644,SAVINGS,Synthetic Sahyadri Bank 4,CUSTOMER
ACC-013737,SAVINGS,Synthetic Sahyadri Bank 1,CUSTOMER
ACC-008074,SAVINGS,Synthetic Sahyadri Bank 4,CUSTOMER
ACC-004348,SAVINGS,Synthetic Sahyadri Bank 4,CUSTOMER
ACC-027848,SAVINGS,Synthetic Sahyadri Bank 2,CUSTOMER
ACC-023422,SAVINGS,Synthetic Sahyadri Bank 3,CUSTOMER
ACC-016886,SAVINGS,Synthetic Sahyadri Bank 3,CUSTOMER
ACC-023234,SAVINGS,Synthetic Sahyadri Bank 1,CUSTOMER
ACC-029824,SAVINGS,Synthetic Sahyadri Bank 2,CUSTOMER
ACC-021050,SAVINGS,Synthetic Sahyadri Bank 1,CUSTOMER
ACC-026243,SAVINGS,Synthetic Sahyadri Bank 5,CUSTOMER
ACC-026724,SAVINGS,Synthetic Sahyadri Bank 3,CUSTOMER
ACC-011524,SAVINGS,Synthetic Sahyadri Bank 5,CUSTOMER
ACC-021838,SAVINGS,Synthetic Sahyadri Bank 5,CUSTOMER
ACC-028832,SAVINGS,Synthetic Sahyadri Bank 4,CUSTOMER
ACC-002682,SAVINGS,Synthetic Sahyadri Bank 1,CUSTOMER
ACC-021969,SAVINGS,Synthetic Sahyadri Bank 4,CUSTOMER
ACC-028523,SAVINGS,Synthetic Sahyadri Bank 2,CUSTOMER
ACC-029345,SAVINGS,Synthetic Sahyadri Bank 4,CUSTOMER
ACC-014006,SAVINGS,Synthetic Sahyadri Bank 4,CUSTOMER
ACC-013335,SAVINGS,Synthetic Sahyadri Bank 3,CUSTOMER
ACC-003205,SAVINGS,Synthetic Sahyadri Bank 3,CUSTOMER
ACC-009938,SAVINGS,Synthetic Sahyadri Bank 4,CUSTOMER
ACC-020430,SAVINGS,Synthetic Sahyadri Bank 5,CUSTOMER
ACC-022024,SAVINGS,Synthetic Sahyadri Bank 5,CUSTOMER
ACC-001606,SAVINGS,Synthetic Sahyadri Bank 4,CUSTOMER
ACC-008486,SAVINGS,Synthetic Sahyadri Bank 1,CUSTOMER
ACC-026461,SAVINGS,Synthetic Sahyadri Bank 1,CUSTOMER
ACC-024773,SAVINGS,Synthetic Sahyadri Bank 6,CUSTOMER
ACC-016815,SAVINGS,Synthetic Sahyadri Bank 3,CUSTOMER
ACC-014946,SAVINGS,Synthetic Sahyadri Bank 5,CUSTOMER
ACC-026695,SAVINGS,Synthetic Sahyadri Bank 4,CUSTOMER
ACC-024639,SAVINGS,Synthetic Sahyadri Bank 5,CUSTOMER
ACC-023387,SAVINGS,Synthetic Sahyadri Bank 4,CUSTOMER
ACC-016837,SAVINGS,Synthetic Sahyadri Bank 1,CUSTOMER
ACC-003296,SAVINGS,Synthetic Sahyadri Bank 2,CUSTOMER
ACC-010439,SAVINGS,Synthetic Sahyadri Bank 6,CUSTOMER
ACC-019442,SAVINGS,Synthetic Sahyadri Bank 3,CUSTOMER
ACC-001523,SAVINGS,Synthetic Sahyadri Bank 3,CUSTOMER
ACC-002052,SAVINGS,Synthetic Sahyadri Bank 6,CUSTOMER
ACC-001224,SAVINGS,Synthetic Sahyadri Bank 1,CUSTOMER
ACC-011029,SAVINGS,Synthetic Sahyadri Bank 5,CUSTOMER
ACC-020887,SAVINGS,Synthetic Sahyadri Bank 5,CUSTOMER
ACC-022092,SAVINGS,Synthetic Sahyadri Bank 6,CUSTOMER
ACC-003675,SAVINGS,Synthetic Sahyadri Bank 6,CUSTOMER
ACC-028940,SAVINGS,Synthetic Sahyadri Bank 6,CUSTOMER
ACC-000003,SAVINGS,Synthetic Sahyadri Bank 5,CUSTOMER
ACC-025211,SAVINGS,Synthetic Sahyadri Bank 6,CUSTOMER
ACC-012960,SAVINGS,Synthetic Sahyadri Bank 5,CUSTOMER
ACC-024023,SAVINGS,Synthetic Sahyadri Bank 4,CUSTOMER
ACC-011398,SAVINGS,Synthetic Sahyadri Bank 6,CUSTOMER
ACC-028925,SAVINGS,Synthetic Sahyadri Bank 6,CUSTOMER
ACC-000240,SAVINGS,Synthetic Sahyadri Bank 1,CUSTOMER
ACC-024833,SAVINGS,Synthetic Sahyadri Bank 4,CUSTOMER
ACC-000574,SAVINGS,Synthetic Sahyadri Bank 1,CUSTOMER
ACC-004976,SAVINGS,Synthetic Sahyadri Bank 2,CUSTOMER
ACC-020308,SAVINGS,Synthetic Sahyadri Bank 6,CUSTOMER
ACC-003620,SAVINGS,Synthetic Sahyadri Bank 5,CUSTOMER
ACC-012221,SAVINGS,Synthetic Sahyadri Bank 4,CUSTOMER
ACC-025675,SAVINGS,Synthetic Sahyadri Bank 1,CUSTOMER
ACC-009752,SAVINGS,Synthetic Sahyadri Bank 1,CUSTOMER
ACC-029008,SAVINGS,Synthetic Sahyadri Bank 2,CUSTOMER
ACC-007293,SAVINGS,Synthetic Sahyadri Bank 6,CUSTOMER
ACC-008093,SAVINGS,Synthetic Sahyadri Bank 3,CUSTOMER
ACC-007591,SAVINGS,Synthetic Sahyadri Bank 3,CUSTOMER
ACC-010490,SAVINGS,Synthetic Sahyadri Bank 1,CUSTOMER
ACC-019525,SAVINGS,Synthetic Sahyadri Bank 4,CUSTOMER
ACC-013246,SAVINGS,Synthetic Sahyadri Bank 4,CUSTOMER
ACC-017150,SAVINGS,Synthetic Sahyadri Bank 6,CUSTOMER
ACC-015122,SAVINGS,Synthetic Sahyadri Bank 2,CUSTOMER
ACC-003329,SAVINGS,Synthetic Sahyadri Bank 4,CUSTOMER
ACC-007101,SAVINGS,Synthetic Sahyadri Bank 3,CUSTOMER
ACC-019784,SAVINGS,Synthetic Sahyadri Bank 5,CUSTOMER
ACC-024030,SAVINGS,Synthetic Sahyadri Bank 3,CUSTOMER
ACC-000066,SAVINGS,Synthetic Sahyadri Bank 4,CUSTOMER
ACC-001186,SAVINGS,Synthetic Sahyadri Bank 1,CUSTOMER
ACC-029157,SAVINGS,Synthetic Sahyadri Bank 3,CUSTOMER
ACC-000966,SAVINGS,Synthetic Sahyadri Bank 4,CUSTOMER
ACC-013784,SAVINGS,Synthetic Sahyadri Bank 4,CUSTOMER
ACC-010884,SAVINGS,Synthetic Sahyadri Bank 6,CUSTOMER
ACC-028628,SAVINGS,Synthetic Sahyadri Bank 6,CUSTOMER
ACC-029874,SAVINGS,Synthetic Sahyadri Bank 2,CUSTOMER
ACC-009597,SAVINGS,Synthetic Sahyadri Bank 4,CUSTOMER
ACC-005512,SAVINGS,Synthetic Sahyadri Bank 5,CUSTOMER
ACC-009030,SAVINGS,Synthetic Sahyadri Bank 1,CUSTOMER
ACC-006726,SAVINGS,Synthetic Sahyadri Bank 3,CUSTOMER
ACC-000546,SAVINGS,Synthetic Sahyadri Bank 4,CUSTOMER
ACC-003354,SAVINGS,Synthetic Sahyadri Bank 4,CUSTOMER
ACC-017808,SAVINGS,Synthetic Sahyadri Bank 4,CUSTOMER
ACC-017268,SAVINGS,Synthetic Sahyadri Bank 6,CUSTOMER
ACC-004453,SAVINGS,Synthetic Sahyadri Bank 5,CUSTOMER
ACC-021088,SAVINGS,Synthetic Sahyadri Bank 1,CUSTOMER
ACC-002207,SAVINGS,Synthetic Sahyadri Bank 5,CUSTOMER
ACC-003791,SAVINGS,Synthetic Sahyadri Bank 3,CUSTOMER
ACC-004391,SAVINGS,Synthetic Sahyadri Bank 5,CUSTOMER
ACC-001922,SAVINGS,Synthetic Sahyadri Bank 1,CUSTOMER
ACC-016253,SAVINGS,Synthetic Sahyadri Bank 2,CUSTOMER
ACC-013128,SAVINGS,Synthetic Sahyadri Bank 4,CUSTOMER
ACC-001047,SAVINGS,Synthetic Sahyadri Bank 2,CUSTOMER
ACC-020096,SAVINGS,Synthetic Sahyadri Bank 6,CUSTOMER
ACC-003011,SAVINGS,Synthetic Sahyadri Bank 1,CUSTOMER
ACC-017535,SAVINGS,Synthetic Sahyadri Bank 6,CUSTOMER
ACC-010236,SAVINGS,Synthetic Sahyadri Bank 2,CUSTOMER
ACC-000417,SAVINGS,Synthetic Sahyadri Bank 1,CUSTOMER
ACC-017748,SAVINGS,Synthetic Sahyadri Bank 2,CUSTOMER
ACC-007975,SAVINGS,Synthetic Sahyadri Bank 2,CUSTOMER
ACC-008218,SAVINGS,Synthetic Sahyadri Bank 5,CUSTOMER
ACC-008185,SAVINGS,Synthetic Sahyadri Bank 4,CUSTOMER
ACC-025442,SAVINGS,Synthetic Sahyadri Bank 5,CUSTOMER
ACC-012575,SAVINGS,Synthetic Sahyadri Bank 4,CUSTOMER
ACC-025626,SAVINGS,Synthetic Sahyadri Bank 2,CUSTOMER
ACC-003220,SAVINGS,Synthetic Sahyadri Bank 3,CUSTOMER
ACC-011992,SAVINGS,Synthetic Sahyadri Bank 5,CUSTOMER
ACC-003676,SAVINGS,Synthetic Sahyadri Bank 6,CUSTOMER
ACC-005901,SAVINGS,Synthetic Sahyadri Bank 4,CUSTOMER
ACC-015730,SAVINGS,Synthetic Sahyadri Bank 4,CUSTOMER
ACC-019268,SAVINGS,Synthetic Sahyadri Bank 1,CUSTOMER
ACC-021163,SAVINGS,Synthetic Sahyadri Bank 5,CUSTOMER
ACC-019797,SAVINGS,Synthetic Sahyadri Bank 5,CUSTOMER
ACC-026978,SAVINGS,Synthetic Sahyadri Bank 5,CUSTOMER
ACC-003708,SAVINGS,Synthetic Sahyadri Bank 1,CUSTOMER
ACC-012467,SAVINGS,Synthetic Sahyadri Bank 5,CUSTOMER
ACC-029303,SAVINGS,Synthetic Sahyadri Bank 1,CUSTOMER
ACC-024629,SAVINGS,Synthetic Sahyadri Bank 5,CUSTOMER
ACC-002188,SAVINGS,Synthetic Sahyadri Bank 5,CUSTOMER
ACC-027927,SAVINGS,Synthetic Sahyadri Bank 4,CUSTOMER
ACC-002791,SAVINGS,Synthetic Sahyadri Bank 1,CUSTOMER
ACC-024238,SAVINGS,Synthetic Sahyadri Bank 5,CUSTOMER
ACC-006659,SAVINGS,Synthetic Sahyadri Bank 1,CUSTOMER
ACC-029092,SAVINGS,Synthetic Sahyadri Bank 6,CUSTOMER
ACC-022187,SAVINGS,Synthetic Sahyadri Bank 3,CUSTOMER
ACC-007684,SAVINGS,Synthetic Sahyadri Bank 1,CUSTOMER
ACC-027159,SAVINGS,Synthetic Sahyadri Bank 5,CUSTOMER
ACC-009368,SAVINGS,Synthetic Sahyadri Bank 4,CUSTOMER
ACC-022647,SAVINGS,Synthetic Sahyadri Bank 3,CUSTOMER
ACC-019711,SAVINGS,Synthetic Sahyadri Bank 6,CUSTOMER
ACC-001435,SAVINGS,Synthetic Sahyadri Bank 4,CUSTOMER
ACC-016404,SAVINGS,Synthetic Sahyadri Bank 4,CUSTOMER
ACC-012180,SAVINGS,Synthetic Sahyadri Bank 3,CUSTOMER
ACC-024327,SAVINGS,Synthetic Sahyadri Bank 5,CUSTOMER
ACC-003067,SAVINGS,Synthetic Sahyadri Bank 6,CUSTOMER
ACC-021518,SAVINGS,Synthetic Sahyadri Bank 2,CUSTOMER
ACC-013244,SAVINGS,Synthetic Sahyadri Bank 3,CUSTOMER
ACC-002907,SAVINGS,Synthetic Sahyadri Bank 4,CUSTOMER
ACC-026738,SAVINGS,Synthetic Sahyadri Bank 5,CUSTOMER
ACC-003778,SAVINGS,Synthetic Sahyadri Bank 2,CUSTOMER
ACC-008232,SAVINGS,Synthetic Sahyadri Bank 1,CUSTOMER
ACC-019587,SAVINGS,Synthetic Sahyadri Bank 5,CUSTOMER
ACC-000513,SAVINGS,Synthetic Sahyadri Bank 3,CUSTOMER
ACC-029656,SAVINGS,Synthetic Sahyadri Bank 1,CUSTOMER
ACC-018228,SAVINGS,Synthetic Sahyadri Bank 6,CUSTOMER
ACC-009559,SAVINGS,Synthetic Sahyadri Bank 5,CUSTOMER
ACC-026218,SAVINGS,Synthetic Sahyadri Bank 6,CUSTOMER
ACC-005118,SAVINGS,Synthetic Sahyadri Bank 1,CUSTOMER
ACC-000190,SAVINGS,Synthetic Sahyadri Bank 2,CUSTOMER
ACC-014482,SAVINGS,Synthetic Sahyadri Bank 2,CUSTOMER
ACC-010985,SAVINGS,Synthetic Sahyadri Bank 4,CUSTOMER
ACC-018314,SAVINGS,Synthetic Sahyadri Bank 4,CUSTOMER
ACC-014903,SAVINGS,Synthetic Sahyadri Bank 5,CUSTOMER
ACC-000034,SAVINGS,Synthetic Sahyadri Bank 4,CUSTOMER
ACC-003003,SAVINGS,Synthetic Sahyadri Bank 4,CUSTOMER
ACC-011228,SAVINGS,Synthetic Sahyadri Bank 5,CUSTOMER
ACC-019231,SAVINGS,Synthetic Sahyadri Bank 6,CUSTOMER
ACC-028244,SAVINGS,Synthetic Sahyadri Bank 2,CUSTOMER
ACC-029682,SAVINGS,Synthetic Sahyadri Bank 2,CUSTOMER
ACC-001063,SAVINGS,Synthetic Sahyadri Bank 5,CUSTOMER
ACC-013078,SAVINGS,Synthetic Sahyadri Bank 4,CUSTOMER
ACC-026850,SAVINGS,Synthetic Sahyadri Bank 6,CUSTOMER
ACC-027073,SAVINGS,Synthetic Sahyadri Bank 5,CUSTOMER
ACC-027047,SAVINGS,Synthetic Sahyadri Bank 5,CUSTOMER
ACC-026156,SAVINGS,Synthetic Sahyadri Bank 6,CUSTOMER
ACC-019636,SAVINGS,Synthetic Sahyadri Bank 5,CUSTOMER
ACC-003280,SAVINGS,Synthetic Sahyadri Bank 5,CUSTOMER
ACC-021467,SAVINGS,Synthetic Sahyadri Bank 2,CUSTOMER
ACC-011736,SAVINGS,Synthetic Sahyadri Bank 1,CUSTOMER
ACC-006613,SAVINGS,Synthetic Sahyadri Bank 2,CUSTOMER
ACC-025734,SAVINGS,Synthetic Sahyadri Bank 3,CUSTOMER
ACC-005918,SAVINGS,Synthetic Sahyadri Bank 6,CUSTOMER
ACC-012021,SAVINGS,Synthetic Sahyadri Bank 5,CUSTOMER
ACC-024016,SAVINGS,Synthetic Sahyadri Bank 6,CUSTOMER
ACC-016294,SAVINGS,Synthetic Sahyadri Bank 2,CUSTOMER
ACC-021259,SAVINGS,Synthetic Sahyadri Bank 1,CUSTOMER
ACC-020961,SAVINGS,Synthetic Sahyadri Bank 1,CUSTOMER
ACC-029913,SAVINGS,Synthetic Sahyadri Bank 5,CUSTOMER
ACC-028934,SAVINGS,Synthetic Sahyadri Bank 6,CUSTOMER
ACC-005654,SAVINGS,Synthetic Sahyadri Bank 6,CUSTOMER
ACC-000957,SAVINGS,Synthetic Sahyadri Bank 5,CUSTOMER
ACC-007201,SAVINGS,Synthetic Sahyadri Bank 2,CUSTOMER
ACC-014228,SAVINGS,Synthetic Sahyadri Bank 4,CUSTOMER
ACC-011213,SAVINGS,Synthetic Sahyadri Bank 3,CUSTOMER
ACC-015881,SAVINGS,Synthetic Sahyadri Bank 5,CUSTOMER
ACC-022964,SAVINGS,Synthetic Sahyadri Bank 2,CUSTOMER
ACC-028055,SAVINGS,Synthetic Sahyadri Bank 5,CUSTOMER
ACC-002954,SAVINGS,Synthetic Sahyadri Bank 2,CUSTOMER
ACC-007581,SAVINGS,Synthetic Sahyadri Bank 3,CUSTOMER
ACC-020680,SAVINGS,Synthetic Sahyadri Bank 5,CUSTOMER
ACC-005455,SAVINGS,Synthetic Sahyadri Bank 1,CUSTOMER
ACC-020249,SAVINGS,Synthetic Sahyadri Bank 5,CUSTOMER
ACC-013392,SAVINGS,Synthetic Sahyadri Bank 1,CUSTOMER
ACC-012499,SAVINGS,Synthetic Sahyadri Bank 6,CUSTOMER
ACC-024572,SAVINGS,Synthetic Sahyadri Bank 4,CUSTOMER
ACC-016002,SAVINGS,Synthetic Sahyadri Bank 1,CUSTOMER
ACC-021845,SAVINGS,Synthetic Sahyadri Bank 2,CUSTOMER
ACC-014060,SAVINGS,Synthetic Sahyadri Bank 5,CUSTOMER
ACC-024272,SAVINGS,Synthetic Sahyadri Bank 3,CUSTOMER
ACC-000100,SAVINGS,Synthetic Sahyadri Bank 2,CUSTOMER
ACC-013512,SAVINGS,Synthetic Sahyadri Bank 2,CUSTOMER
ACC-019071,SAVINGS,Synthetic Sahyadri Bank 1,CUSTOMER
ACC-009275,SAVINGS,Synthetic Sahyadri Bank 3,CUSTOMER
ACC-016794,SAVINGS,Synthetic Sahyadri Bank 3,CUSTOMER
ACC-029740,SAVINGS,Synthetic Sahyadri Bank 4,CUSTOMER
ACC-025809,SAVINGS,Synthetic Sahyadri Bank 2,CUSTOMER
ACC-013565,SAVINGS,Synthetic Sahyadri Bank 2,CUSTOMER
ACC-006047,SAVINGS,Synthetic Sahyadri Bank 6,CUSTOMER
ACC-005428,SAVINGS,Synthetic Sahyadri Bank 1,CUSTOMER
ACC-020631,SAVINGS,Synthetic Sahyadri Bank 6,CUSTOMER
ACC-010678,SAVINGS,Synthetic Sahyadri Bank 5,CUSTOMER
ACC-025054,SAVINGS,Synthetic Sahyadri Bank 3,CUSTOMER
ACC-029749,SAVINGS,Synthetic Sahyadri Bank 4,CUSTOMER
ACC-025167,SAVINGS,Synthetic Sahyadri Bank 3,CUSTOMER
ACC-006970,SAVINGS,Synthetic Sahyadri Bank 5,CUSTOMER
ACC-013272,SAVINGS,Synthetic Sahyadri Bank 3,CUSTOMER
ACC-011702,SAVINGS,Synthetic Sahyadri Bank 4,CUSTOMER
ACC-019874,SAVINGS,Synthetic Sahyadri Bank 1,CUSTOMER
ACC-012894,SAVINGS,Synthetic Sahyadri Bank 6,CUSTOMER
ACC-023092,SAVINGS,Synthetic Sahyadri Bank 5,CUSTOMER
ACC-029810,SAVINGS,Synthetic Sahyadri Bank 6,CUSTOMER
ACC-027462,SAVINGS,Synthetic Sahyadri Bank 1,CUSTOMER
ACC-027639,SAVINGS,Synthetic Sahyadri Bank 4,CUSTOMER
ACC-001887,SAVINGS,Synthetic Sahyadri Bank 1,CUSTOMER
ACC-000896,SAVINGS,Synthetic Sahyadri Bank 1,CUSTOMER
ACC-017861,SAVINGS,Synthetic Sahyadri Bank 4,CUSTOMER
ACC-001555,SAVINGS,Synthetic Sahyadri Bank 2,CUSTOMER
ACC-029734,SAVINGS,Synthetic Sahyadri Bank 5,CUSTOMER
ACC-024617,SAVINGS,Synthetic Sahyadri Bank 4,CUSTOMER
ACC-020511,SAVINGS,Synthetic Sahyadri Bank 3,CUSTOMER
ACC-005509,SAVINGS,Synthetic Sahyadri Bank 2,CUSTOMER
ACC-005773,SAVINGS,Synthetic Sahyadri Bank 5,CUSTOMER
ACC-027152,SAVINGS,Synthetic Sahyadri Bank 4,CUSTOMER
ACC-007877,SAVINGS,Synthetic Sahyadri Bank 6,CUSTOMER
ACC-018699,SAVINGS,Synthetic Sahyadri Bank 3,CUSTOMER
ACC-005335,SAVINGS,Synthetic Sahyadri Bank 4,CUSTOMER
ACC-007667,SAVINGS,Synthetic Sahyadri Bank 2,CUSTOMER
ACC-020383,SAVINGS,Synthetic Sahyadri Bank 4,CUSTOMER
ACC-027951,SAVINGS,Synthetic Sahyadri Bank 5,CUSTOMER
ACC-000278,SAVINGS,Synthetic Sahyadri Bank 6,CUSTOMER
ACC-003481,SAVINGS,Synthetic Sahyadri Bank 4,CUSTOMER
ACC-018758,SAVINGS,Synthetic Sahyadri Bank 4,CUSTOMER
ACC-021648,SAVINGS,Synthetic Sahyadri Bank 6,CUSTOMER
ACC-001560,SAVINGS,Synthetic Sahyadri Bank 6,CUSTOMER
ACC-011708,SAVINGS,Synthetic Sahyadri Bank 6,CUSTOMER
ACC-015166,SAVINGS,Synthetic Sahyadri Bank 6,CUSTOMER
ACC-009108,SAVINGS,Synthetic Sahyadri Bank 2,CUSTOMER
ACC-026219,SAVINGS,Synthetic Sahyadri Bank 6,CUSTOMER
ACC-016444,SAVINGS,Synthetic Sahyadri Bank 1,CUSTOMER
ACC-026380,SAVINGS,Synthetic Sahyadri Bank 6,CUSTOMER
ACC-000033,SAVINGS,Synthetic Sahyadri Bank 5,CUSTOMER
ACC-014523,SAVINGS,Synthetic Sahyadri Bank 2,CUSTOMER
ACC-024004,SAVINGS,Synthetic Sahyadri Bank 2,CUSTOMER
ACC-018757,SAVINGS,Synthetic Sahyadri Bank 1,CUSTOMER
ACC-018219,SAVINGS,Synthetic Sahyadri Bank 2,CUSTOMER
ACC-027278,SAVINGS,Synthetic Sahyadri Bank 5,CUSTOMER
ACC-003475,SAVINGS,Synthetic Sahyadri Bank 4,CUSTOMER
ACC-005052,SAVINGS,Synthetic Sahyadri Bank 5,CUSTOMER
ACC-002935,SAVINGS,Synthetic Sahyadri Bank 1,CUSTOMER
ACC-010820,SAVINGS,Synthetic Sahyadri Bank 3,CUSTOMER
ACC-027535,SAVINGS,Synthetic Sahyadri Bank 6,CUSTOMER
ACC-021758,SAVINGS,Synthetic Sahyadri Bank 2,CUSTOMER
ACC-025980,SAVINGS,Synthetic Sahyadri Bank 6,CUSTOMER
ACC-028577,SAVINGS,Synthetic Sahyadri Bank 1,CUSTOMER
ACC-016578,SAVINGS,Synthetic Sahyadri Bank 3,CUSTOMER
ACC-009757,SAVINGS,Synthetic Sahyadri Bank 5,CUSTOMER
ACC-020617,SAVINGS,Synthetic Sahyadri Bank 1,CUSTOMER
ACC-028653,SAVINGS,Synthetic Sahyadri Bank 1,CUSTOMER
ACC-009570,SAVINGS,Synthetic Sahyadri Bank 3,CUSTOMER
ACC-014593,SAVINGS,Synthetic Sahyadri Bank 2,CUSTOMER
ACC-017396,SAVINGS,Synthetic Sahyadri Bank 5,CUSTOMER
ACC-008580,SAVINGS,Synthetic Sahyadri Bank 1,CUSTOMER
ACC-005705,SAVINGS,Synthetic Sahyadri Bank 5,CUSTOMER
ACC-029301,SAVINGS,Synthetic Sahyadri Bank 5,CUSTOMER
ACC-019404,SAVINGS,Synthetic Sahyadri Bank 3,CUSTOMER
ACC-021039,SAVINGS,Synthetic Sahyadri Bank 4,CUSTOMER
ACC-026337,SAVINGS,Synthetic Sahyadri Bank 4,CUSTOMER
ACC-025963,SAVINGS,Synthetic Sahyadri Bank 5,CUSTOMER
ACC-022998,SAVINGS,Synthetic Sahyadri Bank 6,CUSTOMER
ACC-025180,SAVINGS,Synthetic Sahyadri Bank 2,CUSTOMER
ACC-015785,SAVINGS,Synthetic Sahyadri Bank 5,CUSTOMER
ACC-019407,SAVINGS,Synthetic Sahyadri Bank 3,CUSTOMER
ACC-028464,SAVINGS,Synthetic Sahyadri Bank 4,CUSTOMER
ACC-015955,SAVINGS,Synthetic Sahyadri Bank 4,CUSTOMER
ACC-009276,SAVINGS,Synthetic Sahyadri Bank 4,CUSTOMER
ACC-028789,SAVINGS,Synthetic Sahyadri Bank 6,CUSTOMER
ACC-009258,SAVINGS,Synthetic Sahyadri Bank 5,CUSTOMER
ACC-027820,SAVINGS,Synthetic Sahyadri Bank 3,CUSTOMER
ACC-025114,SAVINGS,Synthetic Sahyadri Bank 2,CUSTOMER
ACC-005877,SAVINGS,Synthetic Sahyadri Bank 2,CUSTOMER
ACC-001537,SAVINGS,Synthetic Sahyadri Bank 5,CUSTOMER
ACC-024409,SAVINGS,Synthetic Sahyadri Bank 4,CUSTOMER
ACC-001933,SAVINGS,Synthetic Sahyadri Bank 6,CUSTOMER
ACC-020079,SAVINGS,Synthetic Sahyadri Bank 4,CUSTOMER
ACC-025307,SAVINGS,Synthetic Sahyadri Bank 1,CUSTOMER
ACC-018841,SAVINGS,Synthetic Sahyadri Bank 1,CUSTOMER
ACC-000114,SAVINGS,Synthetic Sahyadri Bank 4,CUSTOMER
ACC-013770,SAVINGS,Synthetic Sahyadri Bank 5,CUSTOMER
ACC-007086,SAVINGS,Synthetic Sahyadri Bank 5,CUSTOMER
ACC-015533,SAVINGS,Synthetic Sahyadri Bank 5,CUSTOMER
ACC-002213,SAVINGS,Synthetic Sahyadri Bank 1,CUSTOMER
ACC-007660,SAVINGS,Synthetic Sahyadri Bank 6,CUSTOMER
ACC-001566,SAVINGS,Synthetic Sahyadri Bank 6,CUSTOMER
ACC-013958,SAVINGS,Synthetic Sahyadri Bank 5,CUSTOMER
ACC-012804,SAVINGS,Synthetic Sahyadri Bank 4,CUSTOMER
ACC-020296,SAVINGS,Synthetic Sahyadri Bank 4,CUSTOMER
ACC-028207,SAVINGS,Synthetic Sahyadri Bank 4,CUSTOMER
ACC-029629,SAVINGS,Synthetic Sahyadri Bank 2,CUSTOMER
ACC-018385,SAVINGS,Synthetic Sahyadri Bank 6,CUSTOMER
ACC-027855,SAVINGS,Synthetic Sahyadri Bank 1,CUSTOMER
ACC-004485,SAVINGS,Synthetic Sahyadri Bank 5,CUSTOMER
ACC-005081,SAVINGS,Synthetic Sahyadri Bank 4,CUSTOMER
ACC-007888,SAVINGS,Synthetic Sahyadri Bank 5,CUSTOMER
ACC-003953,SAVINGS,Synthetic Sahyadri Bank 5,CUSTOMER
ACC-005096,SAVINGS,Synthetic Sahyadri Bank 4,CUSTOMER
ACC-022783,SAVINGS,Synthetic Sahyadri Bank 4,CUSTOMER
ACC-025133,SAVINGS,Synthetic Sahyadri Bank 1,CUSTOMER
ACC-028168,SAVINGS,Synthetic Sahyadri Bank 5,CUSTOMER
ACC-025646,SAVINGS,Synthetic Sahyadri Bank 2,CUSTOMER
ACC-011355,SAVINGS,Synthetic Sahyadri Bank 4,CUSTOMER
ACC-015098,SAVINGS,Synthetic Sahyadri Bank 2,CUSTOMER
ACC-013072,SAVINGS,Synthetic Sahyadri Bank 5,CUSTOMER
ACC-010530,SAVINGS,Synthetic Sahyadri Bank 2,CUSTOMER
ACC-024152,SAVINGS,Synthetic Sahyadri Bank 4,CUSTOMER
ACC-012925,SAVINGS,Synthetic Sahyadri Bank 1,CUSTOMER
ACC-018603,SAVINGS,Synthetic Sahyadri Bank 3,CUSTOMER
ACC-011010,SAVINGS,Synthetic Sahyadri Bank 5,CUSTOMER
ACC-013003,SAVINGS,Synthetic Sahyadri Bank 3,CUSTOMER
ACC-020777,SAVINGS,Synthetic Sahyadri Bank 1,CUSTOMER
ACC-014881,SAVINGS,Synthetic Sahyadri Bank 3,CUSTOMER
ACC-012307,SAVINGS,Synthetic Sahyadri Bank 1,CUSTOMER
ACC-010063,SAVINGS,Synthetic Sahyadri Bank 3,CUSTOMER
ACC-028233,SAVINGS,Synthetic Sahyadri Bank 4,CUSTOMER
ACC-019412,SAVINGS,Synthetic Sahyadri Bank 3,CUSTOMER
ACC-001623,SAVINGS,Synthetic Sahyadri Bank 3,CUSTOMER
ACC-003698,SAVINGS,Synthetic Sahyadri Bank 3,CUSTOMER
ACC-021405,SAVINGS,Synthetic Sahyadri Bank 2,CUSTOMER
ACC-029841,SAVINGS,Synthetic Sahyadri Bank 5,CUSTOMER
ACC-019034,SAVINGS,Synthetic Sahyadri Bank 1,CUSTOMER
ACC-018039,SAVINGS,Synthetic Sahyadri Bank 4,CUSTOMER
ACC-008644,SAVINGS,Synthetic Sahyadri Bank 5,CUSTOMER
ACC-024241,SAVINGS,Synthetic Sahyadri Bank 5,CUSTOMER
ACC-016818,SAVINGS,Synthetic Sahyadri Bank 4,CUSTOMER
ACC-010839,SAVINGS,Synthetic Sahyadri Bank 1,CUSTOMER
ACC-022109,SAVINGS,Synthetic Sahyadri Bank 4,CUSTOMER
ACC-028185,SAVINGS,Synthetic Sahyadri Bank 6,CUSTOMER
ACC-028708,SAVINGS,Synthetic Sahyadri Bank 5,CUSTOMER
ACC-013352,SAVINGS,Synthetic Sahyadri Bank 4,CUSTOMER
ACC-000759,SAVINGS,Synthetic Sahyadri Bank 6,CUSTOMER
ACC-013155,SAVINGS,Synthetic Sahyadri Bank 4,CUSTOMER
ACC-011531,SAVINGS,Synthetic Sahyadri Bank 4,CUSTOMER
ACC-011059,SAVINGS,Synthetic Sahyadri Bank 4,CUSTOMER
ACC-017186,SAVINGS,Synthetic Sahyadri Bank 4,CUSTOMER
ACC-018205,SAVINGS,Synthetic Sahyadri Bank 5,CUSTOMER
ACC-008285,SAVINGS,Synthetic Sahyadri Bank 6,CUSTOMER
ACC-014218,SAVINGS,Synthetic Sahyadri Bank 5,CUSTOMER
ACC-024307,SAVINGS,Synthetic Sahyadri Bank 2,CUSTOMER
ACC-011834,SAVINGS,Synthetic Sahyadri Bank 1,CUSTOMER
ACC-009616,SAVINGS,Synthetic Sahyadri Bank 6,CUSTOMER
ACC-014874,SAVINGS,Synthetic Sahyadri Bank 6,CUSTOMER
ACC-009278,SAVINGS,Synthetic Sahyadri Bank 5,CUSTOMER
ACC-003040,SAVINGS,Synthetic Sahyadri Bank 6,CUSTOMER
ACC-009429,SAVINGS,Synthetic Sahyadri Bank 6,CUSTOMER
ACC-003185,SAVINGS,Synthetic Sahyadri Bank 5,CUSTOMER
ACC-013980,SAVINGS,Synthetic Sahyadri Bank 4,CUSTOMER
ACC-018252,SAVINGS,Synthetic Sahyadri Bank 4,CUSTOMER
ACC-000338,SAVINGS,Synthetic Sahyadri Bank 5,CUSTOMER
ACC-029136,SAVINGS,Synthetic Sahyadri Bank 4,CUSTOMER
ACC-015831,SAVINGS,Synthetic Sahyadri Bank 2,CUSTOMER
ACC-018812,SAVINGS,Synthetic Sahyadri Bank 3,CUSTOMER
ACC-029169,SAVINGS,Synthetic Sahyadri Bank 5,CUSTOMER
ACC-026609,SAVINGS,Synthetic Sahyadri Bank 1,CUSTOMER
ACC-018497,SAVINGS,Synthetic Sahyadri Bank 1,CUSTOMER
ACC-023721,SAVINGS,Synthetic Sahyadri Bank 1,CUSTOMER
ACC-010398,SAVINGS,Synthetic Sahyadri Bank 5,CUSTOMER
ACC-001563,SAVINGS,Synthetic Sahyadri Bank 1,CUSTOMER
ACC-029002,SAVINGS,Synthetic Sahyadri Bank 6,CUSTOMER
ACC-021132,SAVINGS,Synthetic Sahyadri Bank 3,CUSTOMER
ACC-027680,SAVINGS,Synthetic Sahyadri Bank 5,CUSTOMER
ACC-018083,SAVINGS,Synthetic Sahyadri Bank 3,CUSTOMER
ACC-014338,SAVINGS,Synthetic Sahyadri Bank 5,CUSTOMER
ACC-025733,SAVINGS,Synthetic Sahyadri Bank 3,CUSTOMER
ACC-025242,SAVINGS,Synthetic Sahyadri Bank 6,CUSTOMER
ACC-029655,SAVINGS,Synthetic Sahyadri Bank 3,CUSTOMER
ACC-019575,SAVINGS,Synthetic Sahyadri Bank 2,CUSTOMER
ACC-005799,SAVINGS,Synthetic Sahyadri Bank 1,CUSTOMER
ACC-005382,SAVINGS,Synthetic Sahyadri Bank 1,CUSTOMER
ACC-015923,SAVINGS,Synthetic Sahyadri Bank 6,CUSTOMER
ACC-002852,SAVINGS,Synthetic Sahyadri Bank 1,CUSTOMER
ACC-019121,SAVINGS,Synthetic Sahyadri Bank 6,CUSTOMER
ACC-001496,SAVINGS,Synthetic Sahyadri Bank 2,CUSTOMER
ACC-019648,SAVINGS,Synthetic Sahyadri Bank 6,CUSTOMER
ACC-011248,SAVINGS,Synthetic Sahyadri Bank 1,CUSTOMER
ACC-002851,SAVINGS,Synthetic Sahyadri Bank 3,CUSTOMER
ACC-011440,SAVINGS,Synthetic Sahyadri Bank 6,CUSTOMER
ACC-006404,SAVINGS,Synthetic Sahyadri Bank 6,CUSTOMER
ACC-015205,SAVINGS,Synthetic Sahyadri Bank 6,CUSTOMER
ACC-012762,SAVINGS,Synthetic Sahyadri Bank 4,CUSTOMER
ACC-025329,SAVINGS,Synthetic Sahyadri Bank 3,CUSTOMER
ACC-021222,SAVINGS,Synthetic Sahyadri Bank 4,CUSTOMER
ACC-024866,SAVINGS,Synthetic Sahyadri Bank 5,CUSTOMER
ACC-004898,SAVINGS,Synthetic Sahyadri Bank 1,CUSTOMER
ACC-002081,SAVINGS,Synthetic Sahyadri Bank 6,CUSTOMER
ACC-025235,SAVINGS,Synthetic Sahyadri Bank 6,CUSTOMER
ACC-004574,SAVINGS,Synthetic Sahyadri Bank 1,CUSTOMER
ACC-018988,SAVINGS,Synthetic Sahyadri Bank 1,CUSTOMER
ACC-002045,SAVINGS,Synthetic Sahyadri Bank 5,CUSTOMER
ACC-014529,SAVINGS,Synthetic Sahyadri Bank 4,CUSTOMER
ACC-027986,SAVINGS,Synthetic Sahyadri Bank 6,CUSTOMER
ACC-013593,SAVINGS,Synthetic Sahyadri Bank 3,CUSTOMER
ACC-011815,SAVINGS,Synthetic Sahyadri Bank 6,CUSTOMER
ACC-003694,SAVINGS,Synthetic Sahyadri Bank 5,CUSTOMER
ACC-001192,SAVINGS,Synthetic Sahyadri Bank 2,CUSTOMER
ACC-018804,SAVINGS,Synthetic Sahyadri Bank 6,CUSTOMER
ACC-000127,SAVINGS,Synthetic Sahyadri Bank 6,CUSTOMER
ACC-012319,SAVINGS,Synthetic Sahyadri Bank 1,CUSTOMER
ACC-022434,SAVINGS,Synthetic Sahyadri Bank 2,CUSTOMER
ACC-024289,SAVINGS,Synthetic Sahyadri Bank 4,CUSTOMER
ACC-005798,SAVINGS,Synthetic Sahyadri Bank 2,CUSTOMER
ACC-021233,SAVINGS,Synthetic Sahyadri Bank 6,CUSTOMER
ACC-022883,SAVINGS,Synthetic Sahyadri Bank 1,CUSTOMER
ACC-000440,SAVINGS,Synthetic Sahyadri Bank 1,CUSTOMER
ACC-011431,SAVINGS,Synthetic Sahyadri Bank 3,CUSTOMER
ACC-020829,SAVINGS,Synthetic Sahyadri Bank 2,CUSTOMER
ACC-018761,SAVINGS,Synthetic Sahyadri Bank 4,CUSTOMER
ACC-027837,SAVINGS,Synthetic Sahyadri Bank 1,CUSTOMER
ACC-018396,SAVINGS,Synthetic Sahyadri Bank 3,CUSTOMER
ACC-007498,SAVINGS,Synthetic Sahyadri Bank 6,CUSTOMER
ACC-000489,SAVINGS,Synthetic Sahyadri Bank 4,CUSTOMER
ACC-025562,SAVINGS,Synthetic Sahyadri Bank 3,CUSTOMER
ACC-005056,SAVINGS,Synthetic Sahyadri Bank 1,CUSTOMER
ACC-026782,SAVINGS,Synthetic Sahyadri Bank 6,CUSTOMER
ACC-025642,SAVINGS,Synthetic Sahyadri Bank 2,CUSTOMER
ACC-016746,SAVINGS,Synthetic Sahyadri Bank 4,CUSTOMER
ACC-028114,SAVINGS,Synthetic Sahyadri Bank 6,CUSTOMER
ACC-018560,SAVINGS,Synthetic Sahyadri Bank 6,CUSTOMER
ACC-021642,SAVINGS,Synthetic Sahyadri Bank 3,CUSTOMER
ACC-016564,SAVINGS,Synthetic Sahyadri Bank 4,CUSTOMER
ACC-028141,SAVINGS,Synthetic Sahyadri Bank 3,CUSTOMER
ACC-024908,SAVINGS,Synthetic Sahyadri Bank 5,CUSTOMER
ACC-016644,SAVINGS,Synthetic Sahyadri Bank 2,CUSTOMER
ACC-013274,SAVINGS,Synthetic Sahyadri Bank 3,CUSTOMER
ACC-007322,SAVINGS,Synthetic Sahyadri Bank 1,CUSTOMER
ACC-029260,SAVINGS,Synthetic Sahyadri Bank 6,CUSTOMER
ACC-002932,SAVINGS,Synthetic Sahyadri Bank 5,CUSTOMER
ACC-021966,SAVINGS,Synthetic Sahyadri Bank 2,CUSTOMER
ACC-024802,SAVINGS,Synthetic Sahyadri Bank 3,CUSTOMER
ACC-000788,SAVINGS,Synthetic Sahyadri Bank 3,CUSTOMER
ACC-008467,SAVINGS,Synthetic Sahyadri Bank 3,CUSTOMER
ACC-023600,SAVINGS,Synthetic Sahyadri Bank 2,CUSTOMER
ACC-000074,SAVINGS,Synthetic Sahyadri Bank 6,CUSTOMER
ACC-018082,SAVINGS,Synthetic Sahyadri Bank 1,CUSTOMER
ACC-029519,SAVINGS,Synthetic Sahyadri Bank 2,CUSTOMER
ACC-022352,SAVINGS,Synthetic Sahyadri Bank 1,CUSTOMER
ACC-014823,SAVINGS,Synthetic Sahyadri Bank 1,CUSTOMER
ACC-016760,SAVINGS,Synthetic Sahyadri Bank 3,CUSTOMER
ACC-023358,SAVINGS,Synthetic Sahyadri Bank 1,CUSTOMER
ACC-001966,SAVINGS,Synthetic Sahyadri Bank 4,CUSTOMER
ACC-024839,SAVINGS,Synthetic Sahyadri Bank 6,CUSTOMER
ACC-025570,SAVINGS,Synthetic Sahyadri Bank 2,CUSTOMER
ACC-024509,SAVINGS,Synthetic Sahyadri Bank 5,CUSTOMER
ACC-024949,SAVINGS,Synthetic Sahyadri Bank 5,CUSTOMER
ACC-012435,SAVINGS,Synthetic Sahyadri Bank 3,CUSTOMER
ACC-001759,SAVINGS,Synthetic Sahyadri Bank 4,CUSTOMER
ACC-012719,SAVINGS,Synthetic Sahyadri Bank 5,CUSTOMER
ACC-009574,SAVINGS,Synthetic Sahyadri Bank 3,CUSTOMER
ACC-014034,SAVINGS,Synthetic Sahyadri Bank 5,CUSTOMER
ACC-006813,SAVINGS,Synthetic Sahyadri Bank 1,CUSTOMER
ACC-022909,SAVINGS,Synthetic Sahyadri Bank 6,CUSTOMER
ACC-024561,SAVINGS,Synthetic Sahyadri Bank 1,CUSTOMER
ACC-025345,SAVINGS,Synthetic Sahyadri Bank 5,CUSTOMER
ACC-028007,SAVINGS,Synthetic Sahyadri Bank 4,CUSTOMER
ACC-009652,SAVINGS,Synthetic Sahyadri Bank 3,CUSTOMER
ACC-023937,SAVINGS,Synthetic Sahyadri Bank 1,CUSTOMER
ACC-020437,SAVINGS,Synthetic Sahyadri Bank 2,CUSTOMER
ACC-014086,SAVINGS,Synthetic Sahyadri Bank 5,CUSTOMER
ACC-003193,SAVINGS,Synthetic Sahyadri Bank 6,CUSTOMER
ACC-007220,SAVINGS,Synthetic Sahyadri Bank 4,CUSTOMER
ACC-005229,SAVINGS,Synthetic Sahyadri Bank 2,CUSTOMER
ACC-009759,SAVINGS,Synthetic Sahyadri Bank 6,CUSTOMER
ACC-000094,SAVINGS,Synthetic Sahyadri Bank 1,CUSTOMER
ACC-001766,SAVINGS,Synthetic Sahyadri Bank 5,CUSTOMER
ACC-024318,SAVINGS,Synthetic Sahyadri Bank 6,CUSTOMER
ACC-007120,SAVINGS,Synthetic Sahyadri Bank 3,CUSTOMER
ACC-018244,SAVINGS,Synthetic Sahyadri Bank 6,CUSTOMER
ACC-018854,SAVINGS,Synthetic Sahyadri Bank 4,CUSTOMER
ACC-024648,SAVINGS,Synthetic Sahyadri Bank 5,CUSTOMER
ACC-000951,SAVINGS,Synthetic Sahyadri Bank 1,CUSTOMER
ACC-013262,SAVINGS,Synthetic Sahyadri Bank 6,CUSTOMER
ACC-007152,SAVINGS,Synthetic Sahyadri Bank 2,CUSTOMER
ACC-025100,SAVINGS,Synthetic Sahyadri Bank 5,CUSTOMER
ACC-000649,SAVINGS,Synthetic Sahyadri Bank 3,CUSTOMER
ACC-018515,SAVINGS,Synthetic Sahyadri Bank 2,CUSTOMER
ACC-014397,SAVINGS,Synthetic Sahyadri Bank 1,CUSTOMER
ACC-012887,SAVINGS,Synthetic Sahyadri Bank 5,CUSTOMER
ACC-021306,SAVINGS,Synthetic Sahyadri Bank 1,CUSTOMER
ACC-005151,SAVINGS,Synthetic Sahyadri Bank 1,CUSTOMER
ACC-016267,SAVINGS,Synthetic Sahyadri Bank 6,CUSTOMER
ACC-020517,SAVINGS,Synthetic Sahyadri Bank 6,CUSTOMER
ACC-014862,SAVINGS,Synthetic Sahyadri Bank 1,CUSTOMER
ACC-000266,SAVINGS,Synthetic Sahyadri Bank 4,CUSTOMER
ACC-020400,SAVINGS,Synthetic Sahyadri Bank 2,CUSTOMER
ACC-025385,SAVINGS,Synthetic Sahyadri Bank 3,CUSTOMER
ACC-023690,SAVINGS,Synthetic Sahyadri Bank 1,CUSTOMER
ACC-016713,SAVINGS,Synthetic Sahyadri Bank 1,CUSTOMER
ACC-020279,SAVINGS,Synthetic Sahyadri Bank 2,CUSTOMER
ACC-012457,SAVINGS,Synthetic Sahyadri Bank 6,CUSTOMER
ACC-011154,SAVINGS,Synthetic Sahyadri Bank 4,CUSTOMER
ACC-021470,SAVINGS,Synthetic Sahyadri Bank 4,CUSTOMER
ACC-012469,SAVINGS,Synthetic Sahyadri Bank 5,CUSTOMER
ACC-027864,SAVINGS,Synthetic Sahyadri Bank 2,CUSTOMER
ACC-019013,SAVINGS,Synthetic Sahyadri Bank 2,CUSTOMER
ACC-007622,SAVINGS,Synthetic Sahyadri Bank 6,CUSTOMER
ACC-029722,SAVINGS,Synthetic Sahyadri Bank 4,CUSTOMER
ACC-017524,SAVINGS,Synthetic Sahyadri Bank 6,CUSTOMER
ACC-023490,SAVINGS,Synthetic Sahyadri Bank 1,CUSTOMER
ACC-024851,SAVINGS,Synthetic Sahyadri Bank 3,CUSTOMER
ACC-001971,SAVINGS,Synthetic Sahyadri Bank 5,CUSTOMER
ACC-003274,SAVINGS,Synthetic Sahyadri Bank 1,CUSTOMER
ACC-025877,SAVINGS,Synthetic Sahyadri Bank 5,CUSTOMER
ACC-024762,SAVINGS,Synthetic Sahyadri Bank 3,CUSTOMER
ACC-020135,SAVINGS,Synthetic Sahyadri Bank 4,CUSTOMER
ACC-008883,SAVINGS,Synthetic Sahyadri Bank 6,CUSTOMER
ACC-026954,SAVINGS,Synthetic Sahyadri Bank 6,CUSTOMER
ACC-014405,SAVINGS,Synthetic Sahyadri Bank 5,CUSTOMER
ACC-014217,SAVINGS,Synthetic Sahyadri Bank 1,CUSTOMER
ACC-012806,SAVINGS,Synthetic Sahyadri Bank 3,CUSTOMER
ACC-009564,SAVINGS,Synthetic Sahyadri Bank 2,CUSTOMER
ACC-014997,SAVINGS,Synthetic Sahyadri Bank 6,CUSTOMER
ACC-026719,SAVINGS,Synthetic Sahyadri Bank 5,CUSTOMER
ACC-027207,SAVINGS,Synthetic Sahyadri Bank 2,CUSTOMER
ACC-028230,SAVINGS,Synthetic Sahyadri Bank 4,CUSTOMER
ACC-000446,SAVINGS,Synthetic Sahyadri Bank 1,CUSTOMER
ACC-006457,SAVINGS,Synthetic Sahyadri Bank 5,CUSTOMER
ACC-009906,SAVINGS,Synthetic Sahyadri Bank 6,CUSTOMER
ACC-008197,SAVINGS,Synthetic Sahyadri Bank 4,CUSTOMER
ACC-026700,SAVINGS,Synthetic Sahyadri Bank 4,CUSTOMER
ACC-015903,SAVINGS,Synthetic Sahyadri Bank 6,CUSTOMER
ACC-004960,SAVINGS,Synthetic Sahyadri Bank 5,CUSTOMER
ACC-016733,SAVINGS,Synthetic Sahyadri Bank 1,CUSTOMER
ACC-029045,SAVINGS,Synthetic Sahyadri Bank 4,CUSTOMER
ACC-015223,SAVINGS,Synthetic Sahyadri Bank 4,CUSTOMER
ACC-004201,SAVINGS,Synthetic Sahyadri Bank 3,CUSTOMER
ACC-024818,SAVINGS,Synthetic Sahyadri Bank 4,CUSTOMER
ACC-011064,SAVINGS,Synthetic Sahyadri Bank 4,CUSTOMER
ACC-024789,SAVINGS,Synthetic Sahyadri Bank 6,CUSTOMER
ACC-007134,SAVINGS,Synthetic Sahyadri Bank 4,CUSTOMER
ACC-014068,SAVINGS,Synthetic Sahyadri Bank 2,CUSTOMER
ACC-024942,SAVINGS,Synthetic Sahyadri Bank 3,CUSTOMER
ACC-023751,SAVINGS,Synthetic Sahyadri Bank 4,CUSTOMER
ACC-002685,SAVINGS,Synthetic Sahyadri Bank 4,CUSTOMER
ACC-023587,SAVINGS,Synthetic Sahyadri Bank 5,CUSTOMER
ACC-009848,SAVINGS,Synthetic Sahyadri Bank 6,CUSTOMER
ACC-021213,SAVINGS,Synthetic Sahyadri Bank 2,CUSTOMER
ACC-015176,SAVINGS,Synthetic Sahyadri Bank 6,CUSTOMER
ACC-004943,SAVINGS,Synthetic Sahyadri Bank 1,CUSTOMER
ACC-024044,SAVINGS,Synthetic Sahyadri Bank 5,CUSTOMER
ACC-021972,SAVINGS,Synthetic Sahyadri Bank 6,CUSTOMER
ACC-026757,SAVINGS,Synthetic Sahyadri Bank 5,CUSTOMER
ACC-016349,SAVINGS,Synthetic Sahyadri Bank 6,CUSTOMER
ACC-002254,SAVINGS,Synthetic Sahyadri Bank 6,CUSTOMER
ACC-017585,SAVINGS,Synthetic Sahyadri Bank 1,CUSTOMER
ACC-003807,SAVINGS,Synthetic Sahyadri Bank 4,CUSTOMER
ACC-019527,SAVINGS,Synthetic Sahyadri Bank 4,CUSTOMER
ACC-005506,SAVINGS,Synthetic Sahyadri Bank 3,CUSTOMER
ACC-003636,SAVINGS,Synthetic Sahyadri Bank 1,CUSTOMER
ACC-003653,SAVINGS,Synthetic Sahyadri Bank 4,CUSTOMER
ACC-018695,SAVINGS,Synthetic Sahyadri Bank 1,CUSTOMER
ACC-004402,SAVINGS,Synthetic Sahyadri Bank 2,CUSTOMER
ACC-012767,SAVINGS,Synthetic Sahyadri Bank 2,CUSTOMER
ACC-022882,SAVINGS,Synthetic Sahyadri Bank 6,CUSTOMER
ACC-025862,SAVINGS,Synthetic Sahyadri Bank 3,CUSTOMER
ACC-026452,SAVINGS,Synthetic Sahyadri Bank 2,CUSTOMER
ACC-001076,SAVINGS,Synthetic Sahyadri Bank 5,CUSTOMER
ACC-007183,SAVINGS,Synthetic Sahyadri Bank 4,CUSTOMER
ACC-015727,SAVINGS,Synthetic Sahyadri Bank 2,CUSTOMER
ACC-012229,SAVINGS,Synthetic Sahyadri Bank 4,CUSTOMER
ACC-006062,SAVINGS,Synthetic Sahyadri Bank 1,CUSTOMER
ACC-028979,SAVINGS,Synthetic Sahyadri Bank 2,CUSTOMER
ACC-015663,SAVINGS,Synthetic Sahyadri Bank 1,CUSTOMER
ACC-010451,SAVINGS,Synthetic Sahyadri Bank 2,CUSTOMER
ACC-027621,SAVINGS,Synthetic Sahyadri Bank 4,CUSTOMER
ACC-011395,SAVINGS,Synthetic Sahyadri Bank 6,CUSTOMER
ACC-027358,SAVINGS,Synthetic Sahyadri Bank 2,CUSTOMER
ACC-016217,SAVINGS,Synthetic Sahyadri Bank 6,CUSTOMER
ACC-019177,SAVINGS,Synthetic Sahyadri Bank 2,CUSTOMER
ACC-001683,SAVINGS,Synthetic Sahyadri Bank 6,CUSTOMER
ACC-017963,SAVINGS,Synthetic Sahyadri Bank 4,CUSTOMER
ACC-001437,SAVINGS,Synthetic Sahyadri Bank 4,CUSTOMER
ACC-012902,SAVINGS,Synthetic Sahyadri Bank 4,CUSTOMER
ACC-022218,SAVINGS,Synthetic Sahyadri Bank 2,CUSTOMER
ACC-017520,SAVINGS,Synthetic Sahyadri Bank 6,CUSTOMER
ACC-021905,SAVINGS,Synthetic Sahyadri Bank 3,CUSTOMER
ACC-012637,SAVINGS,Synthetic Sahyadri Bank 4,CUSTOMER
ACC-023210,SAVINGS,Synthetic Sahyadri Bank 5,CUSTOMER
ACC-019080,SAVINGS,Synthetic Sahyadri Bank 5,CUSTOMER
ACC-024774,SAVINGS,Synthetic Sahyadri Bank 5,CUSTOMER
ACC-016491,SAVINGS,Synthetic Sahyadri Bank 4,CUSTOMER
ACC-022780,SAVINGS,Synthetic Sahyadri Bank 6,CUSTOMER
ACC-022821,SAVINGS,Synthetic Sahyadri Bank 1,CUSTOMER
ACC-004279,SAVINGS,Synthetic Sahyadri Bank 1,CUSTOMER
ACC-021544,SAVINGS,Synthetic Sahyadri Bank 1,CUSTOMER
ACC-019684,SAVINGS,Synthetic Sahyadri Bank 5,CUSTOMER
ACC-016416,SAVINGS,Synthetic Sahyadri Bank 6,CUSTOMER
ACC-001446,SAVINGS,Synthetic Sahyadri Bank 5,CUSTOMER
ACC-024903,SAVINGS,Synthetic Sahyadri Bank 2,CUSTOMER
ACC-017693,SAVINGS,Synthetic Sahyadri Bank 6,CUSTOMER
ACC-004632,SAVINGS,Synthetic Sahyadri Bank 1,CUSTOMER
ACC-007652,SAVINGS,Synthetic Sahyadri Bank 5,CUSTOMER
ACC-016254,SAVINGS,Synthetic Sahyadri Bank 2,CUSTOMER
ACC-014139,SAVINGS,Synthetic Sahyadri Bank 2,CUSTOMER
ACC-027980,SAVINGS,Synthetic Sahyadri Bank 2,CUSTOMER
ACC-023866,SAVINGS,Synthetic Sahyadri Bank 5,CUSTOMER
ACC-010723,SAVINGS,Synthetic Sahyadri Bank 4,CUSTOMER
ACC-000396,SAVINGS,Synthetic Sahyadri Bank 1,CUSTOMER
ACC-005246,SAVINGS,Synthetic Sahyadri Bank 6,CUSTOMER
ACC-006381,SAVINGS,Synthetic Sahyadri Bank 3,CUSTOMER
ACC-010178,SAVINGS,Synthetic Sahyadri Bank 3,CUSTOMER
ACC-027955,SAVINGS,Synthetic Sahyadri Bank 6,CUSTOMER
ACC-028303,SAVINGS,Synthetic Sahyadri Bank 6,CUSTOMER
ACC-024191,SAVINGS,Synthetic Sahyadri Bank 4,CUSTOMER
ACC-027659,SAVINGS,Synthetic Sahyadri Bank 5,CUSTOMER
ACC-022287,SAVINGS,Synthetic Sahyadri Bank 2,CUSTOMER
ACC-014890,SAVINGS,Synthetic Sahyadri Bank 2,CUSTOMER
ACC-027502,SAVINGS,Synthetic Sahyadri Bank 6,CUSTOMER
ACC-024498,SAVINGS,Synthetic Sahyadri Bank 6,CUSTOMER
ACC-016730,SAVINGS,Synthetic Sahyadri Bank 5,CUSTOMER
ACC-005765,SAVINGS,Synthetic Sahyadri Bank 4,CUSTOMER
ACC-015120,SAVINGS,Synthetic Sahyadri Bank 1,CUSTOMER
ACC-004432,SAVINGS,Synthetic Sahyadri Bank 5,CUSTOMER
ACC-015562,SAVINGS,Synthetic Sahyadri Bank 3,CUSTOMER
ACC-009428,SAVINGS,Synthetic Sahyadri Bank 1,CUSTOMER
ACC-029114,SAVINGS,Synthetic Sahyadri Bank 5,CUSTOMER
ACC-003150,SAVINGS,Synthetic Sahyadri Bank 5,CUSTOMER
ACC-027845,SAVINGS,Synthetic Sahyadri Bank 5,CUSTOMER
ACC-000347,SAVINGS,Synthetic Sahyadri Bank 3,CUSTOMER
ACC-027988,SAVINGS,Synthetic Sahyadri Bank 4,CUSTOMER
ACC-018877,SAVINGS,Synthetic Sahyadri Bank 5,CUSTOMER
ACC-021096,SAVINGS,Synthetic Sahyadri Bank 5,CUSTOMER
ACC-007902,SAVINGS,Synthetic Sahyadri Bank 3,CUSTOMER
ACC-004480,SAVINGS,Synthetic Sahyadri Bank 4,CUSTOMER
ACC-008010,SAVINGS,Synthetic Sahyadri Bank 1,CUSTOMER
ACC-016854,SAVINGS,Synthetic Sahyadri Bank 5,CUSTOMER
ACC-002269,SAVINGS,Synthetic Sahyadri Bank 5,CUSTOMER
ACC-025841,SAVINGS,Synthetic Sahyadri Bank 4,CUSTOMER
ACC-011197,SAVINGS,Synthetic Sahyadri Bank 6,CUSTOMER
ACC-020421,SAVINGS,Synthetic Sahyadri Bank 6,CUSTOMER
ACC-013431,SAVINGS,Synthetic Sahyadri Bank 6,CUSTOMER
ACC-006301,SAVINGS,Synthetic Sahyadri Bank 2,CUSTOMER
ACC-007061,SAVINGS,Synthetic Sahyadri Bank 3,CUSTOMER
ACC-006476,SAVINGS,Synthetic Sahyadri Bank 5,CUSTOMER
ACC-012669,SAVINGS,Synthetic Sahyadri Bank 2,CUSTOMER
ACC-000368,SAVINGS,Synthetic Sahyadri Bank 4,CUSTOMER
ACC-001883,SAVINGS,Synthetic Sahyadri Bank 4,CUSTOMER
ACC-022530,SAVINGS,Synthetic Sahyadri Bank 5,CUSTOMER
ACC-019342,SAVINGS,Synthetic Sahyadri Bank 2,CUSTOMER
ACC-017912,SAVINGS,Synthetic Sahyadri Bank 3,CUSTOMER
ACC-001032,SAVINGS,Synthetic Sahyadri Bank 5,CUSTOMER
ACC-028549,SAVINGS,Synthetic Sahyadri Bank 1,CUSTOMER
ACC-013722,SAVINGS,Synthetic Sahyadri Bank 6,CUSTOMER
ACC-015226,SAVINGS,Synthetic Sahyadri Bank 2,CUSTOMER
ACC-017714,SAVINGS,Synthetic Sahyadri Bank 2,CUSTOMER
ACC-002016,SAVINGS,Synthetic Sahyadri Bank 3,CUSTOMER
ACC-009750,SAVINGS,Synthetic Sahyadri Bank 2,CUSTOMER
ACC-002295,SAVINGS,Synthetic Sahyadri Bank 1,CUSTOMER
ACC-015264,SAVINGS,Synthetic Sahyadri Bank 4,CUSTOMER
ACC-006488,SAVINGS,Synthetic Sahyadri Bank 6,CUSTOMER
ACC-017851,SAVINGS,Synthetic Sahyadri Bank 3,CUSTOMER
ACC-029293,SAVINGS,Synthetic Sahyadri Bank 5,CUSTOMER
ACC-024686,SAVINGS,Synthetic Sahyadri Bank 6,CUSTOMER
ACC-002266,SAVINGS,Synthetic Sahyadri Bank 2,CUSTOMER
ACC-017318,SAVINGS,Synthetic Sahyadri Bank 3,CUSTOMER
ACC-005141,SAVINGS,Synthetic Sahyadri Bank 1,CUSTOMER
ACC-012738,SAVINGS,Synthetic Sahyadri Bank 2,CUSTOMER
ACC-002392,SAVINGS,Synthetic Sahyadri Bank 6,CUSTOMER
ACC-029811,SAVINGS,Synthetic Sahyadri Bank 6,CUSTOMER
ACC-017614,SAVINGS,Synthetic Sahyadri Bank 6,CUSTOMER
ACC-003223,SAVINGS,Synthetic Sahyadri Bank 5,CUSTOMER
ACC-022466,SAVINGS,Synthetic Sahyadri Bank 3,CUSTOMER
ACC-023870,SAVINGS,Synthetic Sahyadri Bank 5,CUSTOMER
ACC-011621,SAVINGS,Synthetic Sahyadri Bank 2,CUSTOMER
ACC-014004,SAVINGS,Synthetic Sahyadri Bank 5,CUSTOMER
ACC-000277,SAVINGS,Synthetic Sahyadri Bank 6,CUSTOMER
ACC-003884,SAVINGS,Synthetic Sahyadri Bank 4,CUSTOMER
ACC-025680,SAVINGS,Synthetic Sahyadri Bank 6,CUSTOMER
ACC-005326,SAVINGS,Synthetic Sahyadri Bank 4,CUSTOMER
ACC-007275,SAVINGS,Synthetic Sahyadri Bank 6,CUSTOMER
ACC-018638,SAVINGS,Synthetic Sahyadri Bank 6,CUSTOMER
ACC-018017,SAVINGS,Synthetic Sahyadri Bank 1,CUSTOMER
ACC-029264,SAVINGS,Synthetic Sahyadri Bank 6,CUSTOMER
ACC-001004,SAVINGS,Synthetic Sahyadri Bank 1,CUSTOMER
ACC-018161,SAVINGS,Synthetic Sahyadri Bank 5,CUSTOMER
ACC-019417,SAVINGS,Synthetic Sahyadri Bank 5,CUSTOMER
ACC-015757,SAVINGS,Synthetic Sahyadri Bank 3,CUSTOMER
ACC-029906,SAVINGS,Synthetic Sahyadri Bank 3,CUSTOMER
ACC-008077,SAVINGS,Synthetic Sahyadri Bank 4,CUSTOMER
ACC-012713,SAVINGS,Synthetic Sahyadri Bank 4,CUSTOMER
ACC-019631,SAVINGS,Synthetic Sahyadri Bank 6,CUSTOMER
ACC-015031,SAVINGS,Synthetic Sahyadri Bank 4,CUSTOMER
ACC-007792,SAVINGS,Synthetic Sahyadri Bank 6,CUSTOMER
ACC-027365,SAVINGS,Synthetic Sahyadri Bank 2,CUSTOMER
ACC-021377,SAVINGS,Synthetic Sahyadri Bank 2,CUSTOMER
ACC-008833,SAVINGS,Synthetic Sahyadri Bank 1,CUSTOMER
ACC-007374,SAVINGS,Synthetic Sahyadri Bank 3,CUSTOMER
ACC-029847,SAVINGS,Synthetic Sahyadri Bank 5,CUSTOMER
ACC-010048,SAVINGS,Synthetic Sahyadri Bank 2,CUSTOMER
ACC-029286,SAVINGS,Synthetic Sahyadri Bank 1,CUSTOMER
ACC-023932,SAVINGS,Synthetic Sahyadri Bank 3,CUSTOMER
ACC-021342,SAVINGS,Synthetic Sahyadri Bank 6,CUSTOMER
ACC-018710,SAVINGS,Synthetic Sahyadri Bank 2,CUSTOMER
ACC-006144,SAVINGS,Synthetic Sahyadri Bank 3,CUSTOMER
ACC-018379,SAVINGS,Synthetic Sahyadri Bank 2,CUSTOMER
ACC-028772,SAVINGS,Synthetic Sahyadri Bank 1,CUSTOMER
ACC-021810,SAVINGS,Synthetic Sahyadri Bank 3,CUSTOMER
ACC-001829,SAVINGS,Synthetic Sahyadri Bank 3,CUSTOMER
ACC-011331,SAVINGS,Synthetic Sahyadri Bank 6,CUSTOMER
ACC-026325,SAVINGS,Synthetic Sahyadri Bank 3,CUSTOMER
ACC-002421,SAVINGS,Synthetic Sahyadri Bank 3,CUSTOMER
ACC-021226,SAVINGS,Synthetic Sahyadri Bank 3,CUSTOMER
ACC-023343,SAVINGS,Synthetic Sahyadri Bank 2,CUSTOMER
ACC-022336,SAVINGS,Synthetic Sahyadri Bank 5,CUSTOMER
ACC-005824,SAVINGS,Synthetic Sahyadri Bank 3,CUSTOMER
ACC-018117,SAVINGS,Synthetic Sahyadri Bank 6,CUSTOMER
ACC-021856,SAVINGS,Synthetic Sahyadri Bank 1,CUSTOMER
ACC-012417,SAVINGS,Synthetic Sahyadri Bank 4,CUSTOMER
ACC-008152,SAVINGS,Synthetic Sahyadri Bank 3,CUSTOMER
ACC-008228,SAVINGS,Synthetic Sahyadri Bank 2,CUSTOMER
ACC-004091,SAVINGS,Synthetic Sahyadri Bank 6,CUSTOMER
ACC-007822,SAVINGS,Synthetic Sahyadri Bank 5,CUSTOMER
ACC-001022,SAVINGS,Synthetic Sahyadri Bank 3,CUSTOMER
ACC-000767,SAVINGS,Synthetic Sahyadri Bank 5,CUSTOMER
ACC-023597,SAVINGS,Synthetic Sahyadri Bank 4,CUSTOMER
ACC-001510,SAVINGS,Synthetic Sahyadri Bank 4,CUSTOMER
ACC-015197,SAVINGS,Synthetic Sahyadri Bank 4,CUSTOMER
ACC-028005,SAVINGS,Synthetic Sahyadri Bank 4,CUSTOMER
ACC-015178,SAVINGS,Synthetic Sahyadri Bank 5,CUSTOMER
ACC-024594,SAVINGS,Synthetic Sahyadri Bank 5,CUSTOMER
ACC-013069,SAVINGS,Synthetic Sahyadri Bank 6,CUSTOMER
ACC-018728,SAVINGS,Synthetic Sahyadri Bank 2,CUSTOMER
ACC-020935,SAVINGS,Synthetic Sahyadri Bank 3,CUSTOMER
ACC-022728,SAVINGS,Synthetic Sahyadri Bank 4,CUSTOMER
ACC-000459,SAVINGS,Synthetic Sahyadri Bank 5,CUSTOMER
ACC-028274,SAVINGS,Synthetic Sahyadri Bank 5,CUSTOMER
ACC-015908,SAVINGS,Synthetic Sahyadri Bank 6,CUSTOMER
ACC-023687,SAVINGS,Synthetic Sahyadri Bank 3,CUSTOMER
ACC-007470,SAVINGS,Synthetic Sahyadri Bank 2,CUSTOMER
ACC-012106,SAVINGS,Synthetic Sahyadri Bank 2,CUSTOMER
ACC-013922,SAVINGS,Synthetic Sahyadri Bank 1,CUSTOMER
ACC-024811,SAVINGS,Synthetic Sahyadri Bank 3,CUSTOMER
ACC-008726,SAVINGS,Synthetic Sahyadri Bank 3,CUSTOMER
ACC-020361,SAVINGS,Synthetic Sahyadri Bank 6,CUSTOMER
ACC-006667,SAVINGS,Synthetic Sahyadri Bank 1,CUSTOMER
ACC-007330,SAVINGS,Synthetic Sahyadri Bank 1,CUSTOMER
ACC-005208,SAVINGS,Synthetic Sahyadri Bank 4,CUSTOMER
ACC-029418,SAVINGS,Synthetic Sahyadri Bank 4,CUSTOMER
ACC-006187,SAVINGS,Synthetic Sahyadri Bank 2,CUSTOMER
ACC-014556,SAVINGS,Synthetic Sahyadri Bank 1,CUSTOMER
ACC-015140,SAVINGS,Synthetic Sahyadri Bank 4,CUSTOMER
ACC-009783,SAVINGS,Synthetic Sahyadri Bank 1,CUSTOMER
ACC-014403,SAVINGS,Synthetic Sahyadri Bank 6,CUSTOMER
ACC-019006,SAVINGS,Synthetic Sahyadri Bank 4,CUSTOMER
ACC-028775,SAVINGS,Synthetic Sahyadri Bank 4,CUSTOMER
ACC-015799,SAVINGS,Synthetic Sahyadri Bank 5,CUSTOMER
ACC-014713,SAVINGS,Synthetic Sahyadri Bank 1,CUSTOMER
ACC-021786,SAVINGS,Synthetic Sahyadri Bank 4,CUSTOMER
ACC-011405,SAVINGS,Synthetic Sahyadri Bank 3,CUSTOMER
ACC-023058,SAVINGS,Synthetic Sahyadri Bank 5,CUSTOMER
ACC-022765,SAVINGS,Synthetic Sahyadri Bank 6,CUSTOMER
ACC-025708,SAVINGS,Synthetic Sahyadri Bank 1,CUSTOMER
ACC-024863,SAVINGS,Synthetic Sahyadri Bank 4,CUSTOMER
ACC-011287,SAVINGS,Synthetic Sahyadri Bank 3,CUSTOMER
ACC-025601,SAVINGS,Synthetic Sahyadri Bank 1,CUSTOMER
ACC-010283,SAVINGS,Synthetic Sahyadri Bank 4,CUSTOMER
ACC-028216,SAVINGS,Synthetic Sahyadri Bank 5,CUSTOMER
ACC-007731,SAVINGS,Synthetic Sahyadri Bank 6,CUSTOMER
ACC-029151,SAVINGS,Synthetic Sahyadri Bank 2,CUSTOMER
ACC-028413,SAVINGS,Synthetic Sahyadri Bank 1,CUSTOMER
ACC-000749,SAVINGS,Synthetic Sahyadri Bank 2,CUSTOMER
ACC-023948,SAVINGS,Synthetic Sahyadri Bank 6,CUSTOMER
ACC-000906,SAVINGS,Synthetic Sahyadri Bank 4,CUSTOMER
ACC-022800,SAVINGS,Synthetic Sahyadri Bank 3,CUSTOMER
ACC-019731,SAVINGS,Synthetic Sahyadri Bank 4,CUSTOMER
ACC-028601,SAVINGS,Synthetic Sahyadri Bank 5,CUSTOMER
ACC-024143,SAVINGS,Synthetic Sahyadri Bank 3,CUSTOMER
ACC-004573,SAVINGS,Synthetic Sahyadri Bank 4,CUSTOMER
ACC-017491,SAVINGS,Synthetic Sahyadri Bank 4,CUSTOMER
ACC-011845,SAVINGS,Synthetic Sahyadri Bank 3,CUSTOMER
ACC-011533,SAVINGS,Synthetic Sahyadri Bank 6,CUSTOMER
ACC-019921,SAVINGS,Synthetic Sahyadri Bank 6,CUSTOMER
ACC-019453,SAVINGS,Synthetic Sahyadri Bank 4,CUSTOMER
ACC-015600,SAVINGS,Synthetic Sahyadri Bank 2,CUSTOMER
ACC-021848,SAVINGS,Synthetic Sahyadri Bank 4,CUSTOMER
ACC-016719,SAVINGS,Synthetic Sahyadri Bank 5,CUSTOMER
ACC-011847,SAVINGS,Synthetic Sahyadri Bank 2,CUSTOMER
ACC-000065,SAVINGS,Synthetic Sahyadri Bank 6,CUSTOMER
ACC-026683,SAVINGS,Synthetic Sahyadri Bank 3,CUSTOMER
ACC-011018,SAVINGS,Synthetic Sahyadri Bank 6,CUSTOMER
ACC-003105,SAVINGS,Synthetic Sahyadri Bank 2,CUSTOMER
ACC-018472,SAVINGS,Synthetic Sahyadri Bank 2,CUSTOMER
ACC-010705,SAVINGS,Synthetic Sahyadri Bank 6,CUSTOMER
ACC-023265,SAVINGS,Synthetic Sahyadri Bank 5,CUSTOMER
ACC-014604,SAVINGS,Synthetic Sahyadri Bank 1,CUSTOMER
ACC-020616,SAVINGS,Synthetic Sahyadri Bank 5,CUSTOMER
ACC-029562,SAVINGS,Synthetic Sahyadri Bank 2,CUSTOMER
ACC-004493,SAVINGS,Synthetic Sahyadri Bank 2,CUSTOMER
ACC-013028,SAVINGS,Synthetic Sahyadri Bank 3,CUSTOMER
ACC-017915,SAVINGS,Synthetic Sahyadri Bank 3,CUSTOMER
ACC-025082,SAVINGS,Synthetic Sahyadri Bank 3,CUSTOMER
ACC-019029,SAVINGS,Synthetic Sahyadri Bank 1,CUSTOMER
ACC-011342,SAVINGS,Synthetic Sahyadri Bank 2,CUSTOMER
ACC-023081,SAVINGS,Synthetic Sahyadri Bank 6,CUSTOMER
ACC-008957,SAVINGS,Synthetic Sahyadri Bank 5,CUSTOMER
ACC-017838,SAVINGS,Synthetic Sahyadri Bank 3,CUSTOMER
ACC-016726,SAVINGS,Synthetic Sahyadri Bank 4,CUSTOMER
ACC-025226,SAVINGS,Synthetic Sahyadri Bank 1,CUSTOMER
ACC-022112,SAVINGS,Synthetic Sahyadri Bank 6,CUSTOMER
ACC-014089,SAVINGS,Synthetic Sahyadri Bank 5,CUSTOMER
ACC-007325,SAVINGS,Synthetic Sahyadri Bank 1,CUSTOMER
ACC-018339,SAVINGS,Synthetic Sahyadri Bank 5,CUSTOMER
ACC-013056,SAVINGS,Synthetic Sahyadri Bank 4,CUSTOMER
ACC-010373,SAVINGS,Synthetic Sahyadri Bank 1,CUSTOMER
ACC-019505,SAVINGS,Synthetic Sahyadri Bank 5,CUSTOMER
ACC-009072,SAVINGS,Synthetic Sahyadri Bank 2,CUSTOMER
ACC-017642,SAVINGS,Synthetic Sahyadri Bank 4,CUSTOMER
ACC-002635,SAVINGS,Synthetic Sahyadri Bank 6,CUSTOMER
ACC-014194,SAVINGS,Synthetic Sahyadri Bank 3,CUSTOMER
ACC-009693,SAVINGS,Synthetic Sahyadri Bank 4,CUSTOMER
ACC-029460,SAVINGS,Synthetic Sahyadri Bank 3,CUSTOMER
ACC-017941,SAVINGS,Synthetic Sahyadri Bank 5,CUSTOMER
ACC-007826,SAVINGS,Synthetic Sahyadri Bank 1,CUSTOMER
ACC-015931,SAVINGS,Synthetic Sahyadri Bank 5,CUSTOMER
ACC-027831,SAVINGS,Synthetic Sahyadri Bank 4,CUSTOMER
ACC-002223,SAVINGS,Synthetic Sahyadri Bank 2,CUSTOMER
ACC-019721,SAVINGS,Synthetic Sahyadri Bank 5,CUSTOMER
ACC-028131,SAVINGS,Synthetic Sahyadri Bank 5,CUSTOMER
ACC-024664,SAVINGS,Synthetic Sahyadri Bank 6,CUSTOMER
ACC-015284,SAVINGS,Synthetic Sahyadri Bank 2,CUSTOMER
ACC-012619,SAVINGS,Synthetic Sahyadri Bank 6,CUSTOMER
ACC-016900,SAVINGS,Synthetic Sahyadri Bank 2,CUSTOMER
ACC-003379,SAVINGS,Synthetic Sahyadri Bank 2,CUSTOMER
ACC-010255,SAVINGS,Synthetic Sahyadri Bank 3,CUSTOMER
ACC-011987,SAVINGS,Synthetic Sahyadri Bank 4,CUSTOMER
ACC-011635,SAVINGS,Synthetic Sahyadri Bank 3,CUSTOMER
ACC-001487,SAVINGS,Synthetic Sahyadri Bank 3,CUSTOMER
ACC-004813,SAVINGS,Synthetic Sahyadri Bank 2,CUSTOMER
ACC-000622,SAVINGS,Synthetic Sahyadri Bank 5,CUSTOMER
ACC-008794,SAVINGS,Synthetic Sahyadri Bank 6,CUSTOMER
ACC-010296,SAVINGS,Synthetic Sahyadri Bank 2,CUSTOMER
ACC-003891,SAVINGS,Synthetic Sahyadri Bank 5,CUSTOMER
ACC-019488,SAVINGS,Synthetic Sahyadri Bank 2,CUSTOMER
ACC-000590,SAVINGS,Synthetic Sahyadri Bank 6,CUSTOMER
ACC-029288,SAVINGS,Synthetic Sahyadri Bank 4,CUSTOMER
ACC-009881,SAVINGS,Synthetic Sahyadri Bank 1,CUSTOMER
ACC-021611,SAVINGS,Synthetic Sahyadri Bank 6,CUSTOMER
ACC-007013,SAVINGS,Synthetic Sahyadri Bank 3,CUSTOMER
ACC-009049,SAVINGS,Synthetic Sahyadri Bank 4,CUSTOMER
ACC-027640,SAVINGS,Synthetic Sahyadri Bank 4,CUSTOMER
ACC-012537,SAVINGS,Synthetic Sahyadri Bank 5,CUSTOMER
ACC-018212,SAVINGS,Synthetic Sahyadri Bank 5,CUSTOMER
ACC-015524,SAVINGS,Synthetic Sahyadri Bank 1,CUSTOMER
ACC-002006,SAVINGS,Synthetic Sahyadri Bank 4,CUSTOMER
ACC-005167,SAVINGS,Synthetic Sahyadri Bank 2,CUSTOMER
ACC-000505,SAVINGS,Synthetic Sahyadri Bank 4,CUSTOMER
ACC-025278,SAVINGS,Synthetic Sahyadri Bank 2,CUSTOMER
ACC-022917,SAVINGS,Synthetic Sahyadri Bank 4,CUSTOMER
ACC-026360,SAVINGS,Synthetic Sahyadri Bank 2,CUSTOMER
ACC-027248,SAVINGS,Synthetic Sahyadri Bank 1,CUSTOMER
ACC-004773,SAVINGS,Synthetic Sahyadri Bank 2,CUSTOMER
ACC-020815,SAVINGS,Synthetic Sahyadri Bank 2,CUSTOMER
ACC-000482,SAVINGS,Synthetic Sahyadri Bank 3,CUSTOMER
ACC-029054,SAVINGS,Synthetic Sahyadri Bank 1,CUSTOMER
ACC-001611,SAVINGS,Synthetic Sahyadri Bank 3,CUSTOMER
ACC-021423,SAVINGS,Synthetic Sahyadri Bank 1,CUSTOMER
ACC-010290,SAVINGS,Synthetic Sahyadri Bank 5,CUSTOMER
ACC-002669,SAVINGS,Synthetic Sahyadri Bank 2,CUSTOMER
ACC-014248,SAVINGS,Synthetic Sahyadri Bank 6,CUSTOMER
ACC-003762,SAVINGS,Synthetic Sahyadri Bank 1,CUSTOMER
ACC-020254,SAVINGS,Synthetic Sahyadri Bank 3,CUSTOMER
ACC-027147,SAVINGS,Synthetic Sahyadri Bank 5,CUSTOMER
ACC-028215,SAVINGS,Synthetic Sahyadri Bank 5,CUSTOMER
ACC-006446,SAVINGS,Synthetic Sahyadri Bank 6,CUSTOMER
ACC-023660,SAVINGS,Synthetic Sahyadri Bank 3,CUSTOMER
ACC-007233,SAVINGS,Synthetic Sahyadri Bank 4,CUSTOMER
ACC-029887,SAVINGS,Synthetic Sahyadri Bank 5,CUSTOMER
ACC-022451,SAVINGS,Synthetic Sahyadri Bank 6,CUSTOMER
ACC-017723,SAVINGS,Synthetic Sahyadri Bank 3,CUSTOMER
ACC-022449,SAVINGS,Synthetic Sahyadri Bank 1,CUSTOMER
ACC-004565,SAVINGS,Synthetic Sahyadri Bank 4,CUSTOMER
ACC-012695,SAVINGS,Synthetic Sahyadri Bank 2,CUSTOMER
ACC-008025,SAVINGS,Synthetic Sahyadri Bank 4,CUSTOMER
ACC-016682,SAVINGS,Synthetic Sahyadri Bank 5,CUSTOMER
ACC-008366,SAVINGS,Synthetic Sahyadri Bank 6,CUSTOMER
ACC-011087,SAVINGS,Synthetic Sahyadri Bank 3,CUSTOMER
ACC-011297,SAVINGS,Synthetic Sahyadri Bank 6,CUSTOMER
ACC-001847,SAVINGS,Synthetic Sahyadri Bank 6,CUSTOMER
ACC-009159,SAVINGS,Synthetic Sahyadri Bank 3,CUSTOMER
ACC-003098,SAVINGS,Synthetic Sahyadri Bank 3,CUSTOMER
ACC-015470,SAVINGS,Synthetic Sahyadri Bank 1,CUSTOMER
ACC-023776,SAVINGS,Synthetic Sahyadri Bank 1,CUSTOMER
ACC-016466,SAVINGS,Synthetic Sahyadri Bank 6,CUSTOMER
ACC-019301,SAVINGS,Synthetic Sahyadri Bank 3,CUSTOMER
ACC-019064,SAVINGS,Synthetic Sahyadri Bank 5,CUSTOMER
ACC-016648,SAVINGS,Synthetic Sahyadri Bank 6,CUSTOMER
ACC-020412,SAVINGS,Synthetic Sahyadri Bank 6,CUSTOMER
ACC-000373,SAVINGS,Synthetic Sahyadri Bank 3,CUSTOMER
ACC-020660,SAVINGS,Synthetic Sahyadri Bank 5,CUSTOMER
ACC-005318,SAVINGS,Synthetic Sahyadri Bank 6,CUSTOMER
ACC-004189,SAVINGS,Synthetic Sahyadri Bank 4,CUSTOMER
ACC-028607,SAVINGS,Synthetic Sahyadri Bank 6,CUSTOMER
ACC-023140,SAVINGS,Synthetic Sahyadri Bank 4,CUSTOMER
ACC-005600,SAVINGS,Synthetic Sahyadri Bank 2,CUSTOMER
ACC-016690,SAVINGS,Synthetic Sahyadri Bank 5,CUSTOMER
ACC-001843,SAVINGS,Synthetic Sahyadri Bank 3,CUSTOMER
ACC-012528,SAVINGS,Synthetic Sahyadri Bank 2,CUSTOMER
ACC-024663,SAVINGS,Synthetic Sahyadri Bank 3,CUSTOMER
ACC-029139,SAVINGS,Synthetic Sahyadri Bank 1,CUSTOMER
ACC-007161,SAVINGS,Synthetic Sahyadri Bank 1,CUSTOMER
ACC-008009,SAVINGS,Synthetic Sahyadri Bank 3,CUSTOMER
ACC-024277,SAVINGS,Synthetic Sahyadri Bank 1,CUSTOMER
ACC-018532,SAVINGS,Synthetic Sahyadri Bank 1,CUSTOMER
ACC-010412,SAVINGS,Synthetic Sahyadri Bank 2,CUSTOMER
ACC-008640,SAVINGS,Synthetic Sahyadri Bank 5,CUSTOMER
ACC-002939,SAVINGS,Synthetic Sahyadri Bank 4,CUSTOMER
ACC-015968,SAVINGS,Synthetic Sahyadri Bank 2,CUSTOMER
ACC-023088,SAVINGS,Synthetic Sahyadri Bank 6,CUSTOMER
ACC-023282,SAVINGS,Synthetic Sahyadri Bank 5,CUSTOMER
ACC-026861,SAVINGS,Synthetic Sahyadri Bank 1,CUSTOMER
ACC-027479,SAVINGS,Synthetic Sahyadri Bank 1,CUSTOMER
ACC-022023,SAVINGS,Synthetic Sahyadri Bank 6,CUSTOMER
ACC-006028,SAVINGS,Synthetic Sahyadri Bank 3,CUSTOMER
ACC-015664,SAVINGS,Synthetic Sahyadri Bank 6,CUSTOMER
ACC-021813,SAVINGS,Synthetic Sahyadri Bank 2,CUSTOMER
ACC-023603,SAVINGS,Synthetic Sahyadri Bank 3,CUSTOMER
ACC-012294,SAVINGS,Synthetic Sahyadri Bank 6,CUSTOMER
ACC-010336,SAVINGS,Synthetic Sahyadri Bank 4,CUSTOMER
ACC-025245,SAVINGS,Synthetic Sahyadri Bank 4,CUSTOMER
ACC-013107,SAVINGS,Synthetic Sahyadri Bank 2,CUSTOMER
ACC-005164,SAVINGS,Synthetic Sahyadri Bank 4,CUSTOMER
ACC-024501,SAVINGS,Synthetic Sahyadri Bank 2,CUSTOMER
ACC-020408,SAVINGS,Synthetic Sahyadri Bank 3,CUSTOMER
ACC-005308,SAVINGS,Synthetic Sahyadri Bank 3,CUSTOMER
ACC-014794,SAVINGS,Synthetic Sahyadri Bank 4,CUSTOMER
ACC-022164,SAVINGS,Synthetic Sahyadri Bank 6,CUSTOMER
ACC-007336,SAVINGS,Synthetic Sahyadri Bank 1,CUSTOMER
ACC-003135,SAVINGS,Synthetic Sahyadri Bank 1,CUSTOMER
ACC-026647,SAVINGS,Synthetic Sahyadri Bank 2,CUSTOMER
ACC-020541,SAVINGS,Synthetic Sahyadri Bank 6,CUSTOMER
ACC-020307,SAVINGS,Synthetic Sahyadri Bank 4,CUSTOMER
ACC-023913,SAVINGS,Synthetic Sahyadri Bank 1,CUSTOMER
ACC-012349,SAVINGS,Synthetic Sahyadri Bank 3,CUSTOMER
ACC-027934,SAVINGS,Synthetic Sahyadri Bank 2,CUSTOMER
ACC-028933,SAVINGS,Synthetic Sahyadri Bank 6,CUSTOMER
ACC-025584,SAVINGS,Synthetic Sahyadri Bank 5,CUSTOMER
ACC-016081,SAVINGS,Synthetic Sahyadri Bank 1,CUSTOMER
ACC-008893,SAVINGS,Synthetic Sahyadri Bank 1,CUSTOMER
ACC-028566,SAVINGS,Synthetic Sahyadri Bank 2,CUSTOMER
ACC-007727,SAVINGS,Synthetic Sahyadri Bank 3,CUSTOMER
ACC-015510,SAVINGS,Synthetic Sahyadri Bank 6,CUSTOMER
ACC-015398,SAVINGS,Synthetic Sahyadri Bank 2,CUSTOMER
ACC-018763,SAVINGS,Synthetic Sahyadri Bank 4,CUSTOMER
ACC-014960,SAVINGS,Synthetic Sahyadri Bank 2,CUSTOMER
ACC-026964,SAVINGS,Synthetic Sahyadri Bank 6,CUSTOMER
ACC-002725,SAVINGS,Synthetic Sahyadri Bank 5,CUSTOMER
ACC-000112,SAVINGS,Synthetic Sahyadri Bank 1,CUSTOMER
ACC-013520,SAVINGS,Synthetic Sahyadri Bank 3,CUSTOMER
ACC-028472,SAVINGS,Synthetic Sahyadri Bank 5,CUSTOMER
ACC-012324,SAVINGS,Synthetic Sahyadri Bank 3,CUSTOMER
ACC-027940,SAVINGS,Synthetic Sahyadri Bank 6,CUSTOMER
ACC-000049,SAVINGS,Synthetic Sahyadri Bank 1,CUSTOMER
ACC-000327,SAVINGS,Synthetic Sahyadri Bank 4,CUSTOMER
ACC-027145,SAVINGS,Synthetic Sahyadri Bank 5,CUSTOMER
ACC-027332,SAVINGS,Synthetic Sahyadri Bank 2,CUSTOMER
ACC-011813,SAVINGS,Synthetic Sahyadri Bank 5,CUSTOMER
ACC-007156,SAVINGS,Synthetic Sahyadri Bank 3,CUSTOMER
ACC-018598,SAVINGS,Synthetic Sahyadri Bank 2,CUSTOMER
ACC-027948,SAVINGS,Synthetic Sahyadri Bank 5,CUSTOMER
ACC-022117,SAVINGS,Synthetic Sahyadri Bank 4,CUSTOMER
ACC-000526,SAVINGS,Synthetic Sahyadri Bank 6,CUSTOMER
ACC-011402,SAVINGS,Synthetic Sahyadri Bank 1,CUSTOMER
ACC-016567,SAVINGS,Synthetic Sahyadri Bank 2,CUSTOMER
ACC-014344,SAVINGS,Synthetic Sahyadri Bank 6,CUSTOMER
ACC-000738,SAVINGS,Synthetic Sahyadri Bank 5,CUSTOMER
ACC-004186,SAVINGS,Synthetic Sahyadri Bank 1,CUSTOMER
ACC-005871,SAVINGS,Synthetic Sahyadri Bank 5,CUSTOMER
ACC-024671,SAVINGS,Synthetic Sahyadri Bank 6,CUSTOMER
ACC-002002,SAVINGS,Synthetic Sahyadri Bank 4,CUSTOMER
ACC-024953,SAVINGS,Synthetic Sahyadri Bank 4,CUSTOMER
ACC-013623,SAVINGS,Synthetic Sahyadri Bank 2,CUSTOMER
ACC-013706,SAVINGS,Synthetic Sahyadri Bank 1,CUSTOMER
ACC-004636,SAVINGS,Synthetic Sahyadri Bank 3,CUSTOMER
ACC-024593,SAVINGS,Synthetic Sahyadri Bank 3,CUSTOMER
ACC-001670,SAVINGS,Synthetic Sahyadri Bank 1,CUSTOMER
ACC-005712,SAVINGS,Synthetic Sahyadri Bank 3,CUSTOMER
ACC-003998,SAVINGS,Synthetic Sahyadri Bank 1,CUSTOMER
ACC-006750,SAVINGS,Synthetic Sahyadri Bank 6,CUSTOMER
ACC-025801,SAVINGS,Synthetic Sahyadri Bank 4,CUSTOMER
ACC-013460,SAVINGS,Synthetic Sahyadri Bank 4,CUSTOMER
ACC-003774,SAVINGS,Synthetic Sahyadri Bank 6,CUSTOMER
ACC-007326,SAVINGS,Synthetic Sahyadri Bank 5,CUSTOMER
ACC-008096,SAVINGS,Synthetic Sahyadri Bank 2,CUSTOMER
ACC-029343,SAVINGS,Synthetic Sahyadri Bank 4,CUSTOMER
ACC-006839,SAVINGS,Synthetic Sahyadri Bank 5,CUSTOMER
ACC-017545,SAVINGS,Synthetic Sahyadri Bank 1,CUSTOMER
ACC-006564,SAVINGS,Synthetic Sahyadri Bank 6,CUSTOMER
ACC-024132,SAVINGS,Synthetic Sahyadri Bank 6,CUSTOMER
ACC-016782,SAVINGS,Synthetic Sahyadri Bank 4,CUSTOMER
ACC-024677,SAVINGS,Synthetic Sahyadri Bank 3,CUSTOMER
ACC-021931,SAVINGS,Synthetic Sahyadri Bank 4,CUSTOMER
ACC-013652,SAVINGS,Synthetic Sahyadri Bank 5,CUSTOMER
ACC-019188,SAVINGS,Synthetic Sahyadri Bank 6,CUSTOMER
ACC-027915,SAVINGS,Synthetic Sahyadri Bank 4,CUSTOMER
ACC-027548,SAVINGS,Synthetic Sahyadri Bank 6,CUSTOMER
ACC-017671,SAVINGS,Synthetic Sahyadri Bank 4,CUSTOMER
ACC-026000,SAVINGS,Synthetic Sahyadri Bank 5,CUSTOMER
ACC-000874,SAVINGS,Synthetic Sahyadri Bank 3,CUSTOMER
ACC-024720,SAVINGS,Synthetic Sahyadri Bank 3,CUSTOMER
ACC-005232,SAVINGS,Synthetic Sahyadri Bank 2,CUSTOMER
ACC-029879,SAVINGS,Synthetic Sahyadri Bank 5,CUSTOMER
ACC-005929,SAVINGS,Synthetic Sahyadri Bank 2,CUSTOMER
ACC-027725,SAVINGS,Synthetic Sahyadri Bank 1,CUSTOMER
ACC-028791,SAVINGS,Synthetic Sahyadri Bank 5,CUSTOMER
ACC-015161,SAVINGS,Synthetic Sahyadri Bank 6,CUSTOMER
ACC-003069,SAVINGS,Synthetic Sahyadri Bank 4,CUSTOMER
ACC-015275,SAVINGS,Synthetic Sahyadri Bank 5,CUSTOMER
ACC-010052,SAVINGS,Synthetic Sahyadri Bank 2,CUSTOMER
ACC-024502,SAVINGS,Synthetic Sahyadri Bank 4,CUSTOMER
ACC-011027,SAVINGS,Synthetic Sahyadri Bank 6,CUSTOMER
ACC-010183,SAVINGS,Synthetic Sahyadri Bank 2,CUSTOMER
ACC-007192,SAVINGS,Synthetic Sahyadri Bank 5,CUSTOMER
ACC-009292,SAVINGS,Synthetic Sahyadri Bank 5,CUSTOMER
ACC-028906,SAVINGS,Synthetic Sahyadri Bank 5,CUSTOMER
ACC-007528,SAVINGS,Synthetic Sahyadri Bank 1,CUSTOMER
ACC-004277,SAVINGS,Synthetic Sahyadri Bank 4,CUSTOMER
ACC-015646,SAVINGS,Synthetic Sahyadri Bank 5,CUSTOMER
ACC-002792,SAVINGS,Synthetic Sahyadri Bank 5,CUSTOMER
ACC-014281,SAVINGS,Synthetic Sahyadri Bank 4,CUSTOMER
ACC-020396,SAVINGS,Synthetic Sahyadri Bank 6,CUSTOMER
ACC-009407,SAVINGS,Synthetic Sahyadri Bank 5,CUSTOMER
ACC-006316,SAVINGS,Synthetic Sahyadri Bank 2,CUSTOMER
ACC-002609,SAVINGS,Synthetic Sahyadri Bank 2,CUSTOMER
ACC-021248,SAVINGS,Synthetic Sahyadri Bank 2,CUSTOMER
ACC-003037,SAVINGS,Synthetic Sahyadri Bank 3,CUSTOMER
ACC-021108,SAVINGS,Synthetic Sahyadri Bank 3,CUSTOMER
ACC-021320,SAVINGS,Synthetic Sahyadri Bank 3,CUSTOMER
ACC-024731,SAVINGS,Synthetic Sahyadri Bank 2,CUSTOMER
ACC-001485,SAVINGS,Synthetic Sahyadri Bank 5,CUSTOMER
ACC-028914,SAVINGS,Synthetic Sahyadri Bank 3,CUSTOMER
ACC-005355,SAVINGS,Synthetic Sahyadri Bank 6,CUSTOMER
ACC-003263,SAVINGS,Synthetic Sahyadri Bank 3,CUSTOMER
ACC-005072,SAVINGS,Synthetic Sahyadri Bank 6,CUSTOMER
ACC-022771,SAVINGS,Synthetic Sahyadri Bank 3,CUSTOMER
ACC-027320,SAVINGS,Synthetic Sahyadri Bank 1,CUSTOMER
ACC-004354,SAVINGS,Synthetic Sahyadri Bank 4,CUSTOMER
ACC-007443,SAVINGS,Synthetic Sahyadri Bank 1,CUSTOMER
ACC-008448,SAVINGS,Synthetic Sahyadri Bank 4,CUSTOMER
ACC-000019,SAVINGS,Synthetic Sahyadri Bank 2,CUSTOMER
ACC-003308,SAVINGS,Synthetic Sahyadri Bank 6,CUSTOMER
ACC-027440,SAVINGS,Synthetic Sahyadri Bank 4,CUSTOMER
ACC-001035,SAVINGS,Synthetic Sahyadri Bank 1,CUSTOMER
ACC-009730,SAVINGS,Synthetic Sahyadri Bank 3,CUSTOMER
ACC-028646,SAVINGS,Synthetic Sahyadri Bank 5,CUSTOMER
ACC-008637,SAVINGS,Synthetic Sahyadri Bank 3,CUSTOMER
ACC-003428,SAVINGS,Synthetic Sahyadri Bank 1,CUSTOMER
ACC-006946,SAVINGS,Synthetic Sahyadri Bank 4,CUSTOMER
ACC-000549,SAVINGS,Synthetic Sahyadri Bank 3,CUSTOMER
ACC-013149,SAVINGS,Synthetic Sahyadri Bank 1,CUSTOMER
ACC-019943,SAVINGS,Synthetic Sahyadri Bank 2,CUSTOMER
ACC-009683,SAVINGS,Synthetic Sahyadri Bank 2,CUSTOMER
ACC-015618,SAVINGS,Synthetic Sahyadri Bank 2,CUSTOMER
ACC-001372,SAVINGS,Synthetic Sahyadri Bank 3,CUSTOMER
ACC-000638,SAVINGS,Synthetic Sahyadri Bank 3,CUSTOMER
ACC-000192,SAVINGS,Synthetic Sahyadri Bank 1,CUSTOMER
ACC-021942,SAVINGS,Synthetic Sahyadri Bank 1,CUSTOMER
ACC-010355,SAVINGS,Synthetic Sahyadri Bank 5,CUSTOMER
ACC-008853,SAVINGS,Synthetic Sahyadri Bank 6,CUSTOMER
ACC-006536,SAVINGS,Synthetic Sahyadri Bank 5,CUSTOMER
ACC-029373,SAVINGS,Synthetic Sahyadri Bank 3,CUSTOMER
ACC-018513,SAVINGS,Synthetic Sahyadri Bank 5,CUSTOMER
ACC-014727,SAVINGS,Synthetic Sahyadri Bank 6,CUSTOMER
ACC-002425,SAVINGS,Synthetic Sahyadri Bank 2,CUSTOMER
ACC-027786,SAVINGS,Synthetic Sahyadri Bank 6,CUSTOMER
ACC-005651,SAVINGS,Synthetic Sahyadri Bank 2,CUSTOMER
ACC-020826,SAVINGS,Synthetic Sahyadri Bank 6,CUSTOMER
ACC-018718,SAVINGS,Synthetic Sahyadri Bank 6,CUSTOMER
ACC-012353,SAVINGS,Synthetic Sahyadri Bank 4,CUSTOMER
ACC-027507,SAVINGS,Synthetic Sahyadri Bank 2,CUSTOMER
ACC-016650,SAVINGS,Synthetic Sahyadri Bank 3,CUSTOMER
ACC-023159,SAVINGS,Synthetic Sahyadri Bank 1,CUSTOMER
ACC-025446,SAVINGS,Synthetic Sahyadri Bank 4,CUSTOMER
ACC-007662,SAVINGS,Synthetic Sahyadri Bank 3,CUSTOMER
ACC-019411,SAVINGS,Synthetic Sahyadri Bank 1,CUSTOMER
ACC-008614,SAVINGS,Synthetic Sahyadri Bank 1,CUSTOMER
ACC-014791,SAVINGS,Synthetic Sahyadri Bank 1,CUSTOMER
ACC-019687,SAVINGS,Synthetic Sahyadri Bank 2,CUSTOMER
ACC-000486,SAVINGS,Synthetic Sahyadri Bank 1,CUSTOMER
ACC-027766,SAVINGS,Synthetic Sahyadri Bank 5,CUSTOMER
ACC-012919,SAVINGS,Synthetic Sahyadri Bank 2,CUSTOMER
ACC-017301,SAVINGS,Synthetic Sahyadri Bank 4,CUSTOMER
ACC-005803,SAVINGS,Synthetic Sahyadri Bank 6,CUSTOMER
ACC-013564,SAVINGS,Synthetic Sahyadri Bank 3,CUSTOMER
ACC-027577,SAVINGS,Synthetic Sahyadri Bank 4,CUSTOMER
ACC-005655,SAVINGS,Synthetic Sahyadri Bank 4,CUSTOMER
ACC-018867,SAVINGS,Synthetic Sahyadri Bank 4,CUSTOMER
ACC-006054,SAVINGS,Synthetic Sahyadri Bank 2,CUSTOMER
ACC-008205,SAVINGS,Synthetic Sahyadri Bank 3,CUSTOMER
ACC-017151,SAVINGS,Synthetic Sahyadri Bank 6,CUSTOMER
ACC-010573,SAVINGS,Synthetic Sahyadri Bank 3,CUSTOMER
ACC-029015,SAVINGS,Synthetic Sahyadri Bank 6,CUSTOMER
ACC-006560,SAVINGS,Synthetic Sahyadri Bank 5,CUSTOMER
ACC-029896,SAVINGS,Synthetic Sahyadri Bank 2,CUSTOMER
ACC-011600,SAVINGS,Synthetic Sahyadri Bank 2,CUSTOMER
ACC-024971,SAVINGS,Synthetic Sahyadri Bank 4,CUSTOMER
ACC-003585,SAVINGS,Synthetic Sahyadri Bank 5,CUSTOMER
ACC-024565,SAVINGS,Synthetic Sahyadri Bank 6,CUSTOMER
ACC-014520,SAVINGS,Synthetic Sahyadri Bank 1,CUSTOMER
ACC-017292,SAVINGS,Synthetic Sahyadri Bank 5,CUSTOMER
ACC-014187,SAVINGS,Synthetic Sahyadri Bank 6,CUSTOMER
ACC-023750,SAVINGS,Synthetic Sahyadri Bank 3,CUSTOMER
ACC-029195,SAVINGS,Synthetic Sahyadri Bank 6,CUSTOMER
ACC-013346,SAVINGS,Synthetic Sahyadri Bank 1,CUSTOMER
ACC-016701,SAVINGS,Synthetic Sahyadri Bank 4,CUSTOMER
ACC-027150,SAVINGS,Synthetic Sahyadri Bank 1,CUSTOMER
ACC-001616,SAVINGS,Synthetic Sahyadri Bank 6,CUSTOMER
ACC-022988,SAVINGS,Synthetic Sahyadri Bank 1,CUSTOMER
ACC-021895,SAVINGS,Synthetic Sahyadri Bank 1,CUSTOMER
ACC-024544,SAVINGS,Synthetic Sahyadri Bank 3,CUSTOMER
ACC-016692,SAVINGS,Synthetic Sahyadri Bank 6,CUSTOMER
ACC-018139,SAVINGS,Synthetic Sahyadri Bank 4,CUSTOMER
ACC-010331,SAVINGS,Synthetic Sahyadri Bank 4,CUSTOMER
ACC-002432,SAVINGS,Synthetic Sahyadri Bank 1,CUSTOMER
ACC-028436,SAVINGS,Synthetic Sahyadri Bank 4,CUSTOMER
ACC-005168,SAVINGS,Synthetic Sahyadri Bank 6,CUSTOMER
ACC-029276,SAVINGS,Synthetic Sahyadri Bank 3,CUSTOMER
ACC-008504,SAVINGS,Synthetic Sahyadri Bank 1,CUSTOMER
ACC-002660,SAVINGS,Synthetic Sahyadri Bank 3,CUSTOMER
ACC-003623,SAVINGS,Synthetic Sahyadri Bank 5,CUSTOMER
ACC-010948,SAVINGS,Synthetic Sahyadri Bank 1,CUSTOMER
ACC-007434,SAVINGS,Synthetic Sahyadri Bank 6,CUSTOMER
ACC-002591,SAVINGS,Synthetic Sahyadri Bank 2,CUSTOMER
ACC-010615,SAVINGS,Synthetic Sahyadri Bank 1,CUSTOMER
ACC-015648,SAVINGS,Synthetic Sahyadri Bank 4,CUSTOMER
ACC-005556,SAVINGS,Synthetic Sahyadri Bank 4,CUSTOMER
ACC-022660,SAVINGS,Synthetic Sahyadri Bank 5,CUSTOMER
ACC-024388,SAVINGS,Synthetic Sahyadri Bank 4,CUSTOMER
ACC-008455,SAVINGS,Synthetic Sahyadri Bank 4,CUSTOMER
ACC-001545,SAVINGS,Synthetic Sahyadri Bank 1,CUSTOMER
ACC-000836,SAVINGS,Synthetic Sahyadri Bank 6,CUSTOMER
ACC-019003,SAVINGS,Synthetic Sahyadri Bank 2,CUSTOMER
ACC-013293,SAVINGS,Synthetic Sahyadri Bank 6,CUSTOMER
ACC-010287,SAVINGS,Synthetic Sahyadri Bank 2,CUSTOMER
ACC-026321,SAVINGS,Synthetic Sahyadri Bank 1,CUSTOMER
ACC-009014,SAVINGS,Synthetic Sahyadri Bank 1,CUSTOMER
ACC-007179,SAVINGS,Synthetic Sahyadri Bank 2,CUSTOMER
ACC-013009,SAVINGS,Synthetic Sahyadri Bank 6,CUSTOMER
ACC-027468,SAVINGS,Synthetic Sahyadri Bank 2,CUSTOMER
ACC-012068,SAVINGS,Synthetic Sahyadri Bank 6,CUSTOMER
ACC-000336,SAVINGS,Synthetic Sahyadri Bank 1,CUSTOMER
ACC-018903,SAVINGS,Synthetic Sahyadri Bank 2,CUSTOMER
ACC-001024,SAVINGS,Synthetic Sahyadri Bank 1,CUSTOMER
ACC-006173,SAVINGS,Synthetic Sahyadri Bank 3,CUSTOMER
ACC-021870,SAVINGS,Synthetic Sahyadri Bank 1,CUSTOMER
ACC-029883,SAVINGS,Synthetic Sahyadri Bank 4,CUSTOMER
ACC-011032,SAVINGS,Synthetic Sahyadri Bank 6,CUSTOMER
ACC-018528,SAVINGS,Synthetic Sahyadri Bank 4,CUSTOMER
ACC-016281,SAVINGS,Synthetic Sahyadri Bank 3,CUSTOMER
ACC-013188,SAVINGS,Synthetic Sahyadri Bank 4,CUSTOMER
ACC-007468,SAVINGS,Synthetic Sahyadri Bank 4,CUSTOMER
ACC-012590,SAVINGS,Synthetic Sahyadri Bank 6,CUSTOMER
ACC-002460,SAVINGS,Synthetic Sahyadri Bank 4,CUSTOMER
ACC-020943,SAVINGS,Synthetic Sahyadri Bank 1,CUSTOMER
ACC-027109,SAVINGS,Synthetic Sahyadri Bank 6,CUSTOMER
ACC-024140,SAVINGS,Synthetic Sahyadri Bank 2,CUSTOMER
ACC-001780,SAVINGS,Synthetic Sahyadri Bank 4,CUSTOMER
ACC-024321,SAVINGS,Synthetic Sahyadri Bank 3,CUSTOMER
ACC-006390,SAVINGS,Synthetic Sahyadri Bank 5,CUSTOMER
ACC-029216,SAVINGS,Synthetic Sahyadri Bank 6,CUSTOMER
ACC-004826,SAVINGS,Synthetic Sahyadri Bank 6,CUSTOMER
ACC-007283,SAVINGS,Synthetic Sahyadri Bank 1,CUSTOMER
ACC-007745,SAVINGS,Synthetic Sahyadri Bank 4,CUSTOMER
ACC-020407,SAVINGS,Synthetic Sahyadri Bank 3,CUSTOMER
ACC-003895,SAVINGS,Synthetic Sahyadri Bank 6,CUSTOMER
ACC-021684,SAVINGS,Synthetic Sahyadri Bank 5,CUSTOMER
ACC-026425,SAVINGS,Synthetic Sahyadri Bank 1,CUSTOMER
ACC-001434,SAVINGS,Synthetic Sahyadri Bank 5,CUSTOMER
ACC-017050,SAVINGS,Synthetic Sahyadri Bank 2,CUSTOMER
ACC-019062,SAVINGS,Synthetic Sahyadri Bank 4,CUSTOMER
ACC-029927,SAVINGS,Synthetic Sahyadri Bank 1,CUSTOMER
ACC-020211,SAVINGS,Synthetic Sahyadri Bank 1,CUSTOMER
ACC-010737,SAVINGS,Synthetic Sahyadri Bank 4,CUSTOMER
ACC-029591,SAVINGS,Synthetic Sahyadri Bank 2,CUSTOMER
ACC-022488,SAVINGS,Synthetic Sahyadri Bank 6,CUSTOMER
ACC-026586,SAVINGS,Synthetic Sahyadri Bank 5,CUSTOMER
ACC-008135,SAVINGS,Synthetic Sahyadri Bank 2,CUSTOMER
ACC-021373,SAVINGS,Synthetic Sahyadri Bank 6,CUSTOMER
ACC-008989,SAVINGS,Synthetic Sahyadri Bank 5,CUSTOMER
ACC-000763,SAVINGS,Synthetic Sahyadri Bank 5,CUSTOMER
ACC-020169,SAVINGS,Synthetic Sahyadri Bank 6,CUSTOMER
ACC-019792,SAVINGS,Synthetic Sahyadri Bank 1,CUSTOMER
ACC-018378,SAVINGS,Synthetic Sahyadri Bank 5,CUSTOMER
ACC-011293,SAVINGS,Synthetic Sahyadri Bank 5,CUSTOMER
ACC-024881,SAVINGS,Synthetic Sahyadri Bank 6,CUSTOMER
ACC-018449,SAVINGS,Synthetic Sahyadri Bank 3,CUSTOMER
ACC-026606,SAVINGS,Synthetic Sahyadri Bank 1,CUSTOMER
ACC-026504,SAVINGS,Synthetic Sahyadri Bank 5,CUSTOMER
ACC-008487,SAVINGS,Synthetic Sahyadri Bank 5,CUSTOMER
ACC-018834,SAVINGS,Synthetic Sahyadri Bank 6,CUSTOMER
ACC-002096,SAVINGS,Synthetic Sahyadri Bank 4,CUSTOMER
ACC-019304,SAVINGS,Synthetic Sahyadri Bank 5,CUSTOMER
ACC-029339,SAVINGS,Synthetic Sahyadri Bank 3,CUSTOMER
ACC-009416,SAVINGS,Synthetic Sahyadri Bank 4,CUSTOMER
ACC-010607,SAVINGS,Synthetic Sahyadri Bank 3,CUSTOMER
ACC-004945,SAVINGS,Synthetic Sahyadri Bank 6,CUSTOMER
ACC-008941,SAVINGS,Synthetic Sahyadri Bank 4,CUSTOMER
ACC-004260,SAVINGS,Synthetic Sahyadri Bank 1,CUSTOMER
ACC-027082,SAVINGS,Synthetic Sahyadri Bank 5,CUSTOMER
ACC-008051,SAVINGS,Synthetic Sahyadri Bank 6,CUSTOMER
ACC-017342,SAVINGS,Synthetic Sahyadri Bank 5,CUSTOMER
ACC-016686,SAVINGS,Synthetic Sahyadri Bank 5,CUSTOMER
ACC-013576,SAVINGS,Synthetic Sahyadri Bank 5,CUSTOMER
ACC-026230,SAVINGS,Synthetic Sahyadri Bank 4,CUSTOMER
ACC-014631,SAVINGS,Synthetic Sahyadri Bank 2,CUSTOMER
ACC-013311,SAVINGS,Synthetic Sahyadri Bank 5,CUSTOMER
ACC-002616,SAVINGS,Synthetic Sahyadri Bank 3,CUSTOMER
ACC-017040,SAVINGS,Synthetic Sahyadri Bank 3,CUSTOMER
ACC-022058,SAVINGS,Synthetic Sahyadri Bank 1,CUSTOMER
ACC-010984,SAVINGS,Synthetic Sahyadri Bank 4,CUSTOMER
ACC-009233,SAVINGS,Synthetic Sahyadri Bank 1,CUSTOMER
ACC-026831,SAVINGS,Synthetic Sahyadri Bank 6,CUSTOMER
ACC-004004,SAVINGS,Synthetic Sahyadri Bank 3,CUSTOMER
ACC-018588,SAVINGS,Synthetic Sahyadri Bank 5,CUSTOMER
ACC-021603,SAVINGS,Synthetic Sahyadri Bank 3,CUSTOMER
ACC-018972,SAVINGS,Synthetic Sahyadri Bank 6,CUSTOMER
ACC-016042,SAVINGS,Synthetic Sahyadri Bank 4,CUSTOMER
ACC-026407,SAVINGS,Synthetic Sahyadri Bank 2,CUSTOMER
ACC-008859,SAVINGS,Synthetic Sahyadri Bank 4,CUSTOMER
ACC-015656,SAVINGS,Synthetic Sahyadri Bank 5,CUSTOMER
ACC-024099,SAVINGS,Synthetic Sahyadri Bank 1,CUSTOMER
ACC-019970,SAVINGS,Synthetic Sahyadri Bank 4,CUSTOMER
ACC-023895,SAVINGS,Synthetic Sahyadri Bank 6,CUSTOMER
ACC-013452,SAVINGS,Synthetic Sahyadri Bank 6,CUSTOMER
ACC-010280,SAVINGS,Synthetic Sahyadri Bank 4,CUSTOMER
ACC-018815,SAVINGS,Synthetic Sahyadri Bank 3,CUSTOMER
ACC-008506,SAVINGS,Synthetic Sahyadri Bank 5,CUSTOMER
ACC-022557,SAVINGS,Synthetic Sahyadri Bank 5,CUSTOMER
ACC-029005,SAVINGS,Synthetic Sahyadri Bank 5,CUSTOMER
ACC-009341,SAVINGS,Synthetic Sahyadri Bank 1,CUSTOMER
ACC-022086,SAVINGS,Synthetic Sahyadri Bank 3,CUSTOMER
ACC-023322,SAVINGS,Synthetic Sahyadri Bank 6,CUSTOMER
ACC-016158,SAVINGS,Synthetic Sahyadri Bank 1,CUSTOMER
ACC-001231,SAVINGS,Synthetic Sahyadri Bank 2,CUSTOMER
ACC-015769,SAVINGS,Synthetic Sahyadri Bank 5,CUSTOMER
ACC-010664,SAVINGS,Synthetic Sahyadri Bank 2,CUSTOMER
ACC-029489,SAVINGS,Synthetic Sahyadri Bank 1,CUSTOMER
ACC-025735,SAVINGS,Synthetic Sahyadri Bank 1,CUSTOMER
ACC-007110,SAVINGS,Synthetic Sahyadri Bank 6,CUSTOMER
ACC-013243,SAVINGS,Synthetic Sahyadri Bank 1,CUSTOMER
ACC-029700,SAVINGS,Synthetic Sahyadri Bank 4,CUSTOMER
ACC-017485,SAVINGS,Synthetic Sahyadri Bank 1,CUSTOMER
ACC-003045,SAVINGS,Synthetic Sahyadri Bank 5,CUSTOMER
ACC-003268,SAVINGS,Synthetic Sahyadri Bank 5,CUSTOMER
ACC-027905,SAVINGS,Synthetic Sahyadri Bank 4,CUSTOMER
ACC-019248,SAVINGS,Synthetic Sahyadri Bank 1,CUSTOMER
ACC-027471,SAVINGS,Synthetic Sahyadri Bank 2,CUSTOMER
ACC-007490,SAVINGS,Synthetic Sahyadri Bank 5,CUSTOMER
ACC-002882,SAVINGS,Synthetic Sahyadri Bank 5,CUSTOMER
ACC-024343,SAVINGS,Synthetic Sahyadri Bank 6,CUSTOMER
ACC-007309,SAVINGS,Synthetic Sahyadri Bank 4,CUSTOMER
ACC-005742,SAVINGS,Synthetic Sahyadri Bank 4,CUSTOMER
ACC-012935,SAVINGS,Synthetic Sahyadri Bank 4,CUSTOMER
ACC-018116,SAVINGS,Synthetic Sahyadri Bank 1,CUSTOMER
ACC-003910,SAVINGS,Synthetic Sahyadri Bank 6,CUSTOMER
ACC-028739,SAVINGS,Synthetic Sahyadri Bank 2,CUSTOMER
ACC-019319,SAVINGS,Synthetic Sahyadri Bank 6,CUSTOMER
ACC-017106,SAVINGS,Synthetic Sahyadri Bank 2,CUSTOMER
ACC-008049,SAVINGS,Synthetic Sahyadri Bank 6,CUSTOMER
ACC-027486,SAVINGS,Synthetic Sahyadri Bank 3,CUSTOMER
ACC-007729,SAVINGS,Synthetic Sahyadri Bank 2,CUSTOMER
ACC-014252,SAVINGS,Synthetic Sahyadri Bank 4,CUSTOMER
ACC-026117,SAVINGS,Synthetic Sahyadri Bank 6,CUSTOMER
ACC-019483,SAVINGS,Synthetic Sahyadri Bank 5,CUSTOMER
ACC-001529,SAVINGS,Synthetic Sahyadri Bank 6,CUSTOMER
ACC-016959,SAVINGS,Synthetic Sahyadri Bank 3,CUSTOMER
ACC-013085,SAVINGS,Synthetic Sahyadri Bank 2,CUSTOMER
ACC-011906,SAVINGS,Synthetic Sahyadri Bank 3,CUSTOMER
ACC-026619,SAVINGS,Synthetic Sahyadri Bank 4,CUSTOMER
ACC-022424,SAVINGS,Synthetic Sahyadri Bank 5,CUSTOMER
ACC-022395,SAVINGS,Synthetic Sahyadri Bank 3,CUSTOMER
ACC-013148,SAVINGS,Synthetic Sahyadri Bank 5,CUSTOMER
ACC-006019,SAVINGS,Synthetic Sahyadri Bank 6,CUSTOMER
ACC-014294,SAVINGS,Synthetic Sahyadri Bank 2,CUSTOMER
ACC-025328,SAVINGS,Synthetic Sahyadri Bank 3,CUSTOMER
ACC-026304,SAVINGS,Synthetic Sahyadri Bank 1,CUSTOMER
ACC-017674,SAVINGS,Synthetic Sahyadri Bank 1,CUSTOMER
ACC-026479,SAVINGS,Synthetic Sahyadri Bank 1,CUSTOMER
ACC-002405,SAVINGS,Synthetic Sahyadri Bank 2,CUSTOMER
ACC-011591,SAVINGS,Synthetic Sahyadri Bank 2,CUSTOMER
ACC-014264,SAVINGS,Synthetic Sahyadri Bank 4,CUSTOMER
ACC-012362,SAVINGS,Synthetic Sahyadri Bank 3,CUSTOMER
ACC-019224,SAVINGS,Synthetic Sahyadri Bank 6,CUSTOMER
ACC-019840,SAVINGS,Synthetic Sahyadri Bank 3,CUSTOMER
ACC-006768,SAVINGS,Synthetic Sahyadri Bank 1,CUSTOMER
ACC-026322,SAVINGS,Synthetic Sahyadri Bank 3,CUSTOMER
ACC-012501,SAVINGS,Synthetic Sahyadri Bank 2,CUSTOMER
ACC-002925,SAVINGS,Synthetic Sahyadri Bank 4,CUSTOMER
ACC-022324,SAVINGS,Synthetic Sahyadri Bank 1,CUSTOMER
ACC-017170,SAVINGS,Synthetic Sahyadri Bank 6,CUSTOMER
ACC-013446,SAVINGS,Synthetic Sahyadri Bank 1,CUSTOMER
ACC-006278,SAVINGS,Synthetic Sahyadri Bank 3,CUSTOMER
ACC-004164,SAVINGS,Synthetic Sahyadri Bank 6,CUSTOMER
ACC-006545,SAVINGS,Synthetic Sahyadri Bank 5,CUSTOMER
ACC-027134,SAVINGS,Synthetic Sahyadri Bank 4,CUSTOMER
ACC-025364,SAVINGS,Synthetic Sahyadri Bank 1,CUSTOMER
ACC-022321,SAVINGS,Synthetic Sahyadri Bank 3,CUSTOMER
ACC-018840,SAVINGS,Synthetic Sahyadri Bank 2,CUSTOMER
ACC-009868,SAVINGS,Synthetic Sahyadri Bank 2,CUSTOMER
ACC-012880,SAVINGS,Synthetic Sahyadri Bank 2,CUSTOMER
ACC-004026,SAVINGS,Synthetic Sahyadri Bank 1,CUSTOMER
ACC-014183,SAVINGS,Synthetic Sahyadri Bank 5,CUSTOMER
ACC-017507,SAVINGS,Synthetic Sahyadri Bank 6,CUSTOMER
ACC-016080,SAVINGS,Synthetic Sahyadri Bank 5,CUSTOMER
ACC-011864,SAVINGS,Synthetic Sahyadri Bank 5,CUSTOMER
ACC-018037,SAVINGS,Synthetic Sahyadri Bank 4,CUSTOMER
ACC-017423,SAVINGS,Synthetic Sahyadri Bank 5,CUSTOMER
ACC-016939,SAVINGS,Synthetic Sahyadri Bank 1,CUSTOMER
ACC-029583,SAVINGS,Synthetic Sahyadri Bank 1,CUSTOMER
ACC-007370,SAVINGS,Synthetic Sahyadri Bank 4,CUSTOMER
ACC-017007,SAVINGS,Synthetic Sahyadri Bank 1,CUSTOMER
ACC-029108,SAVINGS,Synthetic Sahyadri Bank 1,CUSTOMER
ACC-000964,SAVINGS,Synthetic Sahyadri Bank 5,CUSTOMER
ACC-028645,SAVINGS,Synthetic Sahyadri Bank 1,CUSTOMER
ACC-017432,SAVINGS,Synthetic Sahyadri Bank 3,CUSTOMER
ACC-007938,SAVINGS,Synthetic Sahyadri Bank 6,CUSTOMER
ACC-010070,SAVINGS,Synthetic Sahyadri Bank 1,CUSTOMER
ACC-011130,SAVINGS,Synthetic Sahyadri Bank 4,CUSTOMER
ACC-001393,SAVINGS,Synthetic Sahyadri Bank 4,CUSTOMER
ACC-028710,SAVINGS,Synthetic Sahyadri Bank 5,CUSTOMER
ACC-025689,SAVINGS,Synthetic Sahyadri Bank 5,CUSTOMER
ACC-017445,SAVINGS,Synthetic Sahyadri Bank 4,CUSTOMER
ACC-003514,SAVINGS,Synthetic Sahyadri Bank 5,CUSTOMER
ACC-007868,SAVINGS,Synthetic Sahyadri Bank 5,CUSTOMER
ACC-019376,SAVINGS,Synthetic Sahyadri Bank 6,CUSTOMER
ACC-011257,SAVINGS,Synthetic Sahyadri Bank 1,CUSTOMER
ACC-008262,SAVINGS,Synthetic Sahyadri Bank 2,CUSTOMER
ACC-012057,SAVINGS,Synthetic Sahyadri Bank 6,CUSTOMER
ACC-011365,SAVINGS,Synthetic Sahyadri Bank 6,CUSTOMER
ACC-015651,SAVINGS,Synthetic Sahyadri Bank 2,CUSTOMER
ACC-018790,SAVINGS,Synthetic Sahyadri Bank 2,CUSTOMER
ACC-012086,SAVINGS,Synthetic Sahyadri Bank 5,CUSTOMER
ACC-021663,SAVINGS,Synthetic Sahyadri Bank 1,CUSTOMER
ACC-010745,SAVINGS,Synthetic Sahyadri Bank 6,CUSTOMER
ACC-014830,SAVINGS,Synthetic Sahyadri Bank 1,CUSTOMER
ACC-000103,SAVINGS,Synthetic Sahyadri Bank 3,CUSTOMER
ACC-003403,SAVINGS,Synthetic Sahyadri Bank 2,CUSTOMER
ACC-020588,SAVINGS,Synthetic Sahyadri Bank 6,CUSTOMER
ACC-020043,SAVINGS,Synthetic Sahyadri Bank 2,CUSTOMER
ACC-027923,SAVINGS,Synthetic Sahyadri Bank 2,CUSTOMER
ACC-005595,SAVINGS,Synthetic Sahyadri Bank 6,CUSTOMER
ACC-016487,SAVINGS,Synthetic Sahyadri Bank 5,CUSTOMER
ACC-019516,SAVINGS,Synthetic Sahyadri Bank 6,CUSTOMER
ACC-003289,SAVINGS,Synthetic Sahyadri Bank 5,CUSTOMER
ACC-023277,SAVINGS,Synthetic Sahyadri Bank 5,CUSTOMER
ACC-008862,SAVINGS,Synthetic Sahyadri Bank 6,CUSTOMER
ACC-004896,SAVINGS,Synthetic Sahyadri Bank 3,CUSTOMER
ACC-006876,SAVINGS,Synthetic Sahyadri Bank 2,CUSTOMER
ACC-029602,SAVINGS,Synthetic Sahyadri Bank 1,CUSTOMER
ACC-009141,SAVINGS,Synthetic Sahyadri Bank 1,CUSTOMER
ACC-010826,SAVINGS,Synthetic Sahyadri Bank 2,CUSTOMER
ACC-023198,SAVINGS,Synthetic Sahyadri Bank 3,CUSTOMER
ACC-013014,SAVINGS,Synthetic Sahyadri Bank 6,CUSTOMER
ACC-002388,SAVINGS,Synthetic Sahyadri Bank 1,CUSTOMER
ACC-023672,SAVINGS,Synthetic Sahyadri Bank 1,CUSTOMER
ACC-029159,SAVINGS,Synthetic Sahyadri Bank 5,CUSTOMER
ACC-000698,SAVINGS,Synthetic Sahyadri Bank 1,CUSTOMER
ACC-002501,SAVINGS,Synthetic Sahyadri Bank 4,CUSTOMER
ACC-012381,SAVINGS,Synthetic Sahyadri Bank 5,CUSTOMER
ACC-001407,SAVINGS,Synthetic Sahyadri Bank 3,CUSTOMER
ACC-022559,SAVINGS,Synthetic Sahyadri Bank 4,CUSTOMER
ACC-021210,SAVINGS,Synthetic Sahyadri Bank 3,CUSTOMER
ACC-022498,SAVINGS,Synthetic Sahyadri Bank 3,CUSTOMER
ACC-012849,SAVINGS,Synthetic Sahyadri Bank 6,CUSTOMER
ACC-017467,SAVINGS,Synthetic Sahyadri Bank 1,CUSTOMER
ACC-011765,SAVINGS,Synthetic Sahyadri Bank 5,CUSTOMER
ACC-014754,SAVINGS,Synthetic Sahyadri Bank 3,CUSTOMER
ACC-021246,SAVINGS,Synthetic Sahyadri Bank 3,CUSTOMER
ACC-017645,SAVINGS,Synthetic Sahyadri Bank 2,CUSTOMER
ACC-010666,SAVINGS,Synthetic Sahyadri Bank 3,CUSTOMER
ACC-026035,SAVINGS,Synthetic Sahyadri Bank 1,CUSTOMER
ACC-022463,SAVINGS,Synthetic Sahyadri Bank 5,CUSTOMER
ACC-015476,SAVINGS,Synthetic Sahyadri Bank 6,CUSTOMER
ACC-011936,SAVINGS,Synthetic Sahyadri Bank 1,CUSTOMER
ACC-019465,SAVINGS,Synthetic Sahyadri Bank 6,CUSTOMER
ACC-002538,SAVINGS,Synthetic Sahyadri Bank 4,CUSTOMER
ACC-017438,SAVINGS,Synthetic Sahyadri Bank 3,CUSTOMER
ACC-020753,SAVINGS,Synthetic Sahyadri Bank 2,CUSTOMER
ACC-007358,SAVINGS,Synthetic Sahyadri Bank 2,CUSTOMER
ACC-004579,SAVINGS,Synthetic Sahyadri Bank 3,CUSTOMER
ACC-001352,SAVINGS,Synthetic Sahyadri Bank 3,CUSTOMER
ACC-011392,SAVINGS,Synthetic Sahyadri Bank 5,CUSTOMER
ACC-000037,SAVINGS,Synthetic Sahyadri Bank 4,CUSTOMER
ACC-002125,SAVINGS,Synthetic Sahyadri Bank 1,CUSTOMER
ACC-014873,SAVINGS,Synthetic Sahyadri Bank 3,CUSTOMER
ACC-009048,SAVINGS,Synthetic Sahyadri Bank 3,CUSTOMER
ACC-003842,SAVINGS,Synthetic Sahyadri Bank 3,CUSTOMER
ACC-020808,SAVINGS,Synthetic Sahyadri Bank 3,CUSTOMER
ACC-018717,SAVINGS,Synthetic Sahyadri Bank 3,CUSTOMER
ACC-009483,SAVINGS,Synthetic Sahyadri Bank 5,CUSTOMER
ACC-013848,SAVINGS,Synthetic Sahyadri Bank 1,CUSTOMER
ACC-015874,SAVINGS,Synthetic Sahyadri Bank 5,CUSTOMER
ACC-014838,SAVINGS,Synthetic Sahyadri Bank 6,CUSTOMER
ACC-007255,SAVINGS,Synthetic Sahyadri Bank 1,CUSTOMER
ACC-021343,SAVINGS,Synthetic Sahyadri Bank 1,CUSTOMER
ACC-008046,SAVINGS,Synthetic Sahyadri Bank 3,CUSTOMER
ACC-002753,SAVINGS,Synthetic Sahyadri Bank 3,CUSTOMER
ACC-008718,SAVINGS,Synthetic Sahyadri Bank 2,CUSTOMER
ACC-029003,SAVINGS,Synthetic Sahyadri Bank 6,CUSTOMER
ACC-017327,SAVINGS,Synthetic Sahyadri Bank 4,CUSTOMER
ACC-002378,SAVINGS,Synthetic Sahyadri Bank 6,CUSTOMER
ACC-012303,SAVINGS,Synthetic Sahyadri Bank 4,CUSTOMER
ACC-020195,SAVINGS,Synthetic Sahyadri Bank 6,CUSTOMER
ACC-002242,SAVINGS,Synthetic Sahyadri Bank 2,CUSTOMER
ACC-028959,SAVINGS,Synthetic Sahyadri Bank 3,CUSTOMER
ACC-002162,SAVINGS,Synthetic Sahyadri Bank 3,CUSTOMER
ACC-006865,SAVINGS,Synthetic Sahyadri Bank 3,CUSTOMER
ACC-012116,SAVINGS,Synthetic Sahyadri Bank 4,CUSTOMER
ACC-022307,SAVINGS,Synthetic Sahyadri Bank 1,CUSTOMER
ACC-026967,SAVINGS,Synthetic Sahyadri Bank 2,CUSTOMER
ACC-014952,SAVINGS,Synthetic Sahyadri Bank 2,CUSTOMER
ACC-013240,SAVINGS,Synthetic Sahyadri Bank 2,CUSTOMER
ACC-006357,SAVINGS,Synthetic Sahyadri Bank 5,CUSTOMER
ACC-026848,SAVINGS,Synthetic Sahyadri Bank 3,CUSTOMER
ACC-012287,SAVINGS,Synthetic Sahyadri Bank 6,CUSTOMER
ACC-006353,SAVINGS,Synthetic Sahyadri Bank 4,CUSTOMER
ACC-006484,SAVINGS,Synthetic Sahyadri Bank 5,CUSTOMER
ACC-011546,SAVINGS,Synthetic Sahyadri Bank 5,CUSTOMER
ACC-002931,SAVINGS,Synthetic Sahyadri Bank 2,CUSTOMER
ACC-004147,SAVINGS,Synthetic Sahyadri Bank 6,CUSTOMER
ACC-003738,SAVINGS,Synthetic Sahyadri Bank 4,CUSTOMER
ACC-006631,SAVINGS,Synthetic Sahyadri Bank 3,CUSTOMER
ACC-019614,SAVINGS,Synthetic Sahyadri Bank 5,CUSTOMER
ACC-013404,SAVINGS,Synthetic Sahyadri Bank 1,CUSTOMER
ACC-003278,SAVINGS,Synthetic Sahyadri Bank 5,CUSTOMER
ACC-007145,SAVINGS,Synthetic Sahyadri Bank 5,CUSTOMER
ACC-019298,SAVINGS,Synthetic Sahyadri Bank 4,CUSTOMER
ACC-006901,SAVINGS,Synthetic Sahyadri Bank 6,CUSTOMER
ACC-020031,SAVINGS,Synthetic Sahyadri Bank 2,CUSTOMER
ACC-003880,SAVINGS,Synthetic Sahyadri Bank 4,CUSTOMER
ACC-021376,SAVINGS,Synthetic Sahyadri Bank 1,CUSTOMER
ACC-005977,SAVINGS,Synthetic Sahyadri Bank 1,CUSTOMER
ACC-012351,SAVINGS,Synthetic Sahyadri Bank 6,CUSTOMER
ACC-011610,SAVINGS,Synthetic Sahyadri Bank 3,CUSTOMER
ACC-027742,SAVINGS,Synthetic Sahyadri Bank 1,CUSTOMER
ACC-026410,SAVINGS,Synthetic Sahyadri Bank 3,CUSTOMER
ACC-003302,SAVINGS,Synthetic Sahyadri Bank 4,CUSTOMER
ACC-025723,SAVINGS,Synthetic Sahyadri Bank 1,CUSTOMER
ACC-007508,SAVINGS,Synthetic Sahyadri Bank 3,CUSTOMER
ACC-005218,SAVINGS,Synthetic Sahyadri Bank 4,CUSTOMER
ACC-013695,SAVINGS,Synthetic Sahyadri Bank 3,CUSTOMER
ACC-003643,SAVINGS,Synthetic Sahyadri Bank 2,CUSTOMER
ACC-004801,SAVINGS,Synthetic Sahyadri Bank 3,CUSTOMER
ACC-020673,SAVINGS,Synthetic Sahyadri Bank 1,CUSTOMER
ACC-027747,SAVINGS,Synthetic Sahyadri Bank 1,CUSTOMER
ACC-025127,SAVINGS,Synthetic Sahyadri Bank 6,CUSTOMER
ACC-009939,SAVINGS,Synthetic Sahyadri Bank 3,CUSTOMER
ACC-001754,SAVINGS,Synthetic Sahyadri Bank 2,CUSTOMER
ACC-021080,SAVINGS,Synthetic Sahyadri Bank 3,CUSTOMER
ACC-011303,SAVINGS,Synthetic Sahyadri Bank 6,CUSTOMER
ACC-028833,SAVINGS,Synthetic Sahyadri Bank 6,CUSTOMER
ACC-027757,SAVINGS,Synthetic Sahyadri Bank 2,CUSTOMER
ACC-025634,SAVINGS,Synthetic Sahyadri Bank 4,CUSTOMER
ACC-017557,SAVINGS,Synthetic Sahyadri Bank 3,CUSTOMER
ACC-009922,SAVINGS,Synthetic Sahyadri Bank 6,CUSTOMER
ACC-006629,SAVINGS,Synthetic Sahyadri Bank 5,CUSTOMER
ACC-015752,SAVINGS,Synthetic Sahyadri Bank 3,CUSTOMER
ACC-005245,SAVINGS,Synthetic Sahyadri Bank 5,CUSTOMER
ACC-029018,SAVINGS,Synthetic Sahyadri Bank 1,CUSTOMER
ACC-024911,SAVINGS,Synthetic Sahyadri Bank 2,CUSTOMER
ACC-026044,SAVINGS,Synthetic Sahyadri Bank 2,CUSTOMER
ACC-021496,SAVINGS,Synthetic Sahyadri Bank 3,CUSTOMER
ACC-025514,SAVINGS,Synthetic Sahyadri Bank 6,CUSTOMER
ACC-023227,SAVINGS,Synthetic Sahyadri Bank 5,CUSTOMER
ACC-004834,SAVINGS,Synthetic Sahyadri Bank 3,CUSTOMER
ACC-023191,SAVINGS,Synthetic Sahyadri Bank 6,CUSTOMER
ACC-015335,SAVINGS,Synthetic Sahyadri Bank 2,CUSTOMER
ACC-008317,SAVINGS,Synthetic Sahyadri Bank 4,CUSTOMER
ACC-023848,SAVINGS,Synthetic Sahyadri Bank 5,CUSTOMER
ACC-013487,SAVINGS,Synthetic Sahyadri Bank 2,CUSTOMER
ACC-003172,SAVINGS,Synthetic Sahyadri Bank 1,CUSTOMER
ACC-002499,SAVINGS,Synthetic Sahyadri Bank 6,CUSTOMER
ACC-022686,SAVINGS,Synthetic Sahyadri Bank 4,CUSTOMER
ACC-019259,SAVINGS,Synthetic Sahyadri Bank 5,CUSTOMER
ACC-007210,SAVINGS,Synthetic Sahyadri Bank 1,CUSTOMER
ACC-004861,SAVINGS,Synthetic Sahyadri Bank 1,CUSTOMER
ACC-014386,SAVINGS,Synthetic Sahyadri Bank 4,CUSTOMER
ACC-002156,SAVINGS,Synthetic Sahyadri Bank 5,CUSTOMER
ACC-019050,SAVINGS,Synthetic Sahyadri Bank 1,CUSTOMER
ACC-025138,SAVINGS,Synthetic Sahyadri Bank 1,CUSTOMER
ACC-001337,SAVINGS,Synthetic Sahyadri Bank 2,CUSTOMER
ACC-013543,SAVINGS,Synthetic Sahyadri Bank 5,CUSTOMER
ACC-007433,SAVINGS,Synthetic Sahyadri Bank 6,CUSTOMER
ACC-027999,SAVINGS,Synthetic Sahyadri Bank 4,CUSTOMER
ACC-018797,SAVINGS,Synthetic Sahyadri Bank 1,CUSTOMER
ACC-022465,SAVINGS,Synthetic Sahyadri Bank 5,CUSTOMER
ACC-004866,SAVINGS,Synthetic Sahyadri Bank 1,CUSTOMER
ACC-014363,SAVINGS,Synthetic Sahyadri Bank 2,CUSTOMER
ACC-026236,SAVINGS,Synthetic Sahyadri Bank 1,CUSTOMER
ACC-007009,SAVINGS,Synthetic Sahyadri Bank 4,CUSTOMER
ACC-010706,SAVINGS,Synthetic Sahyadri Bank 4,CUSTOMER
ACC-029134,SAVINGS,Synthetic Sahyadri Bank 3,CUSTOMER
ACC-029970,SAVINGS,Synthetic Sahyadri Bank 4,CUSTOMER
ACC-006605,SAVINGS,Synthetic Sahyadri Bank 6,CUSTOMER
ACC-022382,SAVINGS,Synthetic Sahyadri Bank 4,CUSTOMER
ACC-028958,SAVINGS,Synthetic Sahyadri Bank 1,CUSTOMER
ACC-010941,SAVINGS,Synthetic Sahyadri Bank 3,CUSTOMER
ACC-017498,SAVINGS,Synthetic Sahyadri Bank 3,CUSTOMER
ACC-018050,SAVINGS,Synthetic Sahyadri Bank 5,CUSTOMER
ACC-023418,SAVINGS,Synthetic Sahyadri Bank 5,CUSTOMER
ACC-005299,SAVINGS,Synthetic Sahyadri Bank 3,CUSTOMER
ACC-019559,SAVINGS,Synthetic Sahyadri Bank 3,CUSTOMER
ACC-019571,SAVINGS,Synthetic Sahyadri Bank 2,CUSTOMER
ACC-025653,SAVINGS,Synthetic Sahyadri Bank 1,CUSTOMER
ACC-029481,SAVINGS,Synthetic Sahyadri Bank 5,CUSTOMER
ACC-006878,SAVINGS,Synthetic Sahyadri Bank 2,CUSTOMER
ACC-000021,SAVINGS,Synthetic Sahyadri Bank 5,CUSTOMER
ACC-008786,SAVINGS,Synthetic Sahyadri Bank 3,CUSTOMER
ACC-027352,SAVINGS,Synthetic Sahyadri Bank 1,CUSTOMER
ACC-006854,SAVINGS,Synthetic Sahyadri Bank 3,CUSTOMER
ACC-022638,SAVINGS,Synthetic Sahyadri Bank 3,CUSTOMER
ACC-010242,SAVINGS,Synthetic Sahyadri Bank 4,CUSTOMER
ACC-003438,SAVINGS,Synthetic Sahyadri Bank 4,CUSTOMER
ACC-017769,SAVINGS,Synthetic Sahyadri Bank 2,CUSTOMER
ACC-018070,SAVINGS,Synthetic Sahyadri Bank 2,CUSTOMER
ACC-009421,SAVINGS,Synthetic Sahyadri Bank 5,CUSTOMER
ACC-024061,SAVINGS,Synthetic Sahyadri Bank 6,CUSTOMER
ACC-006364,SAVINGS,Synthetic Sahyadri Bank 6,CUSTOMER
ACC-013138,SAVINGS,Synthetic Sahyadri Bank 2,CUSTOMER
ACC-001375,SAVINGS,Synthetic Sahyadri Bank 3,CUSTOMER
ACC-007533,SAVINGS,Synthetic Sahyadri Bank 2,CUSTOMER
ACC-028592,SAVINGS,Synthetic Sahyadri Bank 3,CUSTOMER
ACC-026312,SAVINGS,Synthetic Sahyadri Bank 4,CUSTOMER
ACC-007765,SAVINGS,Synthetic Sahyadri Bank 2,CUSTOMER
ACC-013879,SAVINGS,Synthetic Sahyadri Bank 6,CUSTOMER
ACC-020879,SAVINGS,Synthetic Sahyadri Bank 4,CUSTOMER
ACC-023075,SAVINGS,Synthetic Sahyadri Bank 4,CUSTOMER
ACC-016495,SAVINGS,Synthetic Sahyadri Bank 4,CUSTOMER
ACC-008350,SAVINGS,Synthetic Sahyadri Bank 5,CUSTOMER
ACC-013454,SAVINGS,Synthetic Sahyadri Bank 5,CUSTOMER
ACC-002686,SAVINGS,Synthetic Sahyadri Bank 1,CUSTOMER
ACC-023239,SAVINGS,Synthetic Sahyadri Bank 3,CUSTOMER
ACC-025560,SAVINGS,Synthetic Sahyadri Bank 2,CUSTOMER
ACC-010503,SAVINGS,Synthetic Sahyadri Bank 6,CUSTOMER
ACC-022921,SAVINGS,Synthetic Sahyadri Bank 1,CUSTOMER
ACC-001862,SAVINGS,Synthetic Sahyadri Bank 2,CUSTOMER
ACC-016914,SAVINGS,Synthetic Sahyadri Bank 1,CUSTOMER
ACC-017729,SAVINGS,Synthetic Sahyadri Bank 2,CUSTOMER
ACC-006496,SAVINGS,Synthetic Sahyadri Bank 4,CUSTOMER
ACC-003950,SAVINGS,Synthetic Sahyadri Bank 5,CUSTOMER
ACC-009803,SAVINGS,Synthetic Sahyadri Bank 2,CUSTOMER
ACC-018286,SAVINGS,Synthetic Sahyadri Bank 4,CUSTOMER
ACC-004671,SAVINGS,Synthetic Sahyadri Bank 4,CUSTOMER
ACC-018625,SAVINGS,Synthetic Sahyadri Bank 5,CUSTOMER
ACC-028450,SAVINGS,Synthetic Sahyadri Bank 3,CUSTOMER
ACC-002549,SAVINGS,Synthetic Sahyadri Bank 4,CUSTOMER
ACC-025352,SAVINGS,Synthetic Sahyadri Bank 1,CUSTOMER
ACC-009592,SAVINGS,Synthetic Sahyadri Bank 2,CUSTOMER
ACC-023567,SAVINGS,Synthetic Sahyadri Bank 5,CUSTOMER
ACC-001458,SAVINGS,Synthetic Sahyadri Bank 6,CUSTOMER
ACC-025938,SAVINGS,Synthetic Sahyadri Bank 3,CUSTOMER
ACC-018362,SAVINGS,Synthetic Sahyadri Bank 6,CUSTOMER
ACC-001115,SAVINGS,Synthetic Sahyadri Bank 2,CUSTOMER
ACC-020647,SAVINGS,Synthetic Sahyadri Bank 6,CUSTOMER
ACC-024586,SAVINGS,Synthetic Sahyadri Bank 5,CUSTOMER
ACC-002470,SAVINGS,Synthetic Sahyadri Bank 5,CUSTOMER
ACC-022214,SAVINGS,Synthetic Sahyadri Bank 1,CUSTOMER
ACC-018999,SAVINGS,Synthetic Sahyadri Bank 1,CUSTOMER
ACC-018711,SAVINGS,Synthetic Sahyadri Bank 3,CUSTOMER
ACC-022736,SAVINGS,Synthetic Sahyadri Bank 6,CUSTOMER
ACC-026239,SAVINGS,Synthetic Sahyadri Bank 2,CUSTOMER
ACC-022144,SAVINGS,Synthetic Sahyadri Bank 4,CUSTOMER
ACC-007282,SAVINGS,Synthetic Sahyadri Bank 5,CUSTOMER
ACC-020194,SAVINGS,Synthetic Sahyadri Bank 3,CUSTOMER
ACC-006103,SAVINGS,Synthetic Sahyadri Bank 3,CUSTOMER
ACC-023502,SAVINGS,Synthetic Sahyadri Bank 1,CUSTOMER
ACC-029171,SAVINGS,Synthetic Sahyadri Bank 2,CUSTOMER
ACC-006444,SAVINGS,Synthetic Sahyadri Bank 2,CUSTOMER
ACC-027065,SAVINGS,Synthetic Sahyadri Bank 3,CUSTOMER
ACC-005251,SAVINGS,Synthetic Sahyadri Bank 5,CUSTOMER
ACC-020980,SAVINGS,Synthetic Sahyadri Bank 4,CUSTOMER
ACC-024207,SAVINGS,Synthetic Sahyadri Bank 2,CUSTOMER
ACC-004496,SAVINGS,Synthetic Sahyadri Bank 4,CUSTOMER
ACC-023073,SAVINGS,Synthetic Sahyadri Bank 5,CUSTOMER
ACC-025152,SAVINGS,Synthetic Sahyadri Bank 4,CUSTOMER
ACC-026517,SAVINGS,Synthetic Sahyadri Bank 4,CUSTOMER
ACC-029432,SAVINGS,Synthetic Sahyadri Bank 5,CUSTOMER
ACC-017096,SAVINGS,Synthetic Sahyadri Bank 3,CUSTOMER
ACC-012802,SAVINGS,Synthetic Sahyadri Bank 2,CUSTOMER
ACC-012803,SAVINGS,Synthetic Sahyadri Bank 4,CUSTOMER
ACC-009079,SAVINGS,Synthetic Sahyadri Bank 6,CUSTOMER
ACC-012776,SAVINGS,Synthetic Sahyadri Bank 4,CUSTOMER
ACC-017768,SAVINGS,Synthetic Sahyadri Bank 4,CUSTOMER
ACC-026545,SAVINGS,Synthetic Sahyadri Bank 3,CUSTOMER
ACC-028451,SAVINGS,Synthetic Sahyadri Bank 4,CUSTOMER
ACC-003912,SAVINGS,Synthetic Sahyadri Bank 4,CUSTOMER
ACC-005279,SAVINGS,Synthetic Sahyadri Bank 5,CUSTOMER
ACC-014351,SAVINGS,Synthetic Sahyadri Bank 2,CUSTOMER
ACC-007692,SAVINGS,Synthetic Sahyadri Bank 2,CUSTOMER
ACC-007364,SAVINGS,Synthetic Sahyadri Bank 1,CUSTOMER
ACC-012825,SAVINGS,Synthetic Sahyadri Bank 5,CUSTOMER
ACC-027184,SAVINGS,Synthetic Sahyadri Bank 4,CUSTOMER
ACC-020507,SAVINGS,Synthetic Sahyadri Bank 2,CUSTOMER
ACC-008148,SAVINGS,Synthetic Sahyadri Bank 4,CUSTOMER
ACC-013753,SAVINGS,Synthetic Sahyadri Bank 3,CUSTOMER
ACC-011244,SAVINGS,Synthetic Sahyadri Bank 1,CUSTOMER
ACC-024504,SAVINGS,Synthetic Sahyadri Bank 2,CUSTOMER
ACC-004905,SAVINGS,Synthetic Sahyadri Bank 3,CUSTOMER
ACC-014808,SAVINGS,Synthetic Sahyadri Bank 3,CUSTOMER
ACC-022270,SAVINGS,Synthetic Sahyadri Bank 4,CUSTOMER
ACC-014512,SAVINGS,Synthetic Sahyadri Bank 6,CUSTOMER
ACC-010951,SAVINGS,Synthetic Sahyadri Bank 4,CUSTOMER
ACC-017129,SAVINGS,Synthetic Sahyadri Bank 6,CUSTOMER
ACC-001401,SAVINGS,Synthetic Sahyadri Bank 5,CUSTOMER
ACC-000653,SAVINGS,Synthetic Sahyadri Bank 1,CUSTOMER
ACC-024423,SAVINGS,Synthetic Sahyadri Bank 3,CUSTOMER
ACC-026430,SAVINGS,Synthetic Sahyadri Bank 5,CUSTOMER
ACC-013825,SAVINGS,Synthetic Sahyadri Bank 2,CUSTOMER
ACC-026085,SAVINGS,Synthetic Sahyadri Bank 4,CUSTOMER
ACC-007287,SAVINGS,Synthetic Sahyadri Bank 2,CUSTOMER
ACC-029608,SAVINGS,Synthetic Sahyadri Bank 2,CUSTOMER
ACC-002627,SAVINGS,Synthetic Sahyadri Bank 4,CUSTOMER
ACC-010522,SAVINGS,Synthetic Sahyadri Bank 3,CUSTOMER
ACC-007171,SAVINGS,Synthetic Sahyadri Bank 5,CUSTOMER
ACC-029835,SAVINGS,Synthetic Sahyadri Bank 1,CUSTOMER
ACC-027794,SAVINGS,Synthetic Sahyadri Bank 1,CUSTOMER
ACC-005576,SAVINGS,Synthetic Sahyadri Bank 6,CUSTOMER
ACC-007398,SAVINGS,Synthetic Sahyadri Bank 2,CUSTOMER
ACC-027218,SAVINGS,Synthetic Sahyadri Bank 4,CUSTOMER
ACC-024324,SAVINGS,Synthetic Sahyadri Bank 5,CUSTOMER
ACC-020257,SAVINGS,Synthetic Sahyadri Bank 2,CUSTOMER
ACC-027259,SAVINGS,Synthetic Sahyadri Bank 1,CUSTOMER
ACC-026864,SAVINGS,Synthetic Sahyadri Bank 5,CUSTOMER
ACC-009010,SAVINGS,Synthetic Sahyadri Bank 3,CUSTOMER
ACC-018770,SAVINGS,Synthetic Sahyadri Bank 1,CUSTOMER
ACC-012645,SAVINGS,Synthetic Sahyadri Bank 6,CUSTOMER
ACC-019501,SAVINGS,Synthetic Sahyadri Bank 1,CUSTOMER
ACC-017874,SAVINGS,Synthetic Sahyadri Bank 2,CUSTOMER
ACC-013333,SAVINGS,Synthetic Sahyadri Bank 6,CUSTOMER
ACC-000984,SAVINGS,Synthetic Sahyadri Bank 2,CUSTOMER
ACC-001142,SAVINGS,Synthetic Sahyadri Bank 3,CUSTOMER
ACC-019263,SAVINGS,Synthetic Sahyadri Bank 5,CUSTOMER
ACC-018120,SAVINGS,Synthetic Sahyadri Bank 4,CUSTOMER
ACC-005805,SAVINGS,Synthetic Sahyadri Bank 3,CUSTOMER
ACC-003669,SAVINGS,Synthetic Sahyadri Bank 3,CUSTOMER
ACC-029909,SAVINGS,Synthetic Sahyadri Bank 1,CUSTOMER
ACC-021671,SAVINGS,Synthetic Sahyadri Bank 1,CUSTOMER
ACC-026607,SAVINGS,Synthetic Sahyadri Bank 2,CUSTOMER
ACC-017755,SAVINGS,Synthetic Sahyadri Bank 4,CUSTOMER
ACC-012203,SAVINGS,Synthetic Sahyadri Bank 4,CUSTOMER
ACC-006450,SAVINGS,Synthetic Sahyadri Bank 2,CUSTOMER
ACC-000385,SAVINGS,Synthetic Sahyadri Bank 1,CUSTOMER
ACC-003176,SAVINGS,Synthetic Sahyadri Bank 5,CUSTOMER
ACC-003710,SAVINGS,Synthetic Sahyadri Bank 2,CUSTOMER
ACC-006042,SAVINGS,Synthetic Sahyadri Bank 5,CUSTOMER
ACC-003469,SAVINGS,Synthetic Sahyadri Bank 2,CUSTOMER
ACC-020550,SAVINGS,Synthetic Sahyadri Bank 4,CUSTOMER
ACC-017744,SAVINGS,Synthetic Sahyadri Bank 3,CUSTOMER
ACC-021067,SAVINGS,Synthetic Sahyadri Bank 5,CUSTOMER
ACC-013339,SAVINGS,Synthetic Sahyadri Bank 2,CUSTOMER
ACC-028090,SAVINGS,Synthetic Sahyadri Bank 6,CUSTOMER
ACC-029544,SAVINGS,Synthetic Sahyadri Bank 2,CUSTOMER
ACC-022605,SAVINGS,Synthetic Sahyadri Bank 6,CUSTOMER
ACC-008489,SAVINGS,Synthetic Sahyadri Bank 4,CUSTOMER
ACC-014859,SAVINGS,Synthetic Sahyadri Bank 3,CUSTOMER
ACC-012760,SAVINGS,Synthetic Sahyadri Bank 1,CUSTOMER
ACC-006491,SAVINGS,Synthetic Sahyadri Bank 2,CUSTOMER
ACC-018222,SAVINGS,Synthetic Sahyadri Bank 3,CUSTOMER
ACC-014985,SAVINGS,Synthetic Sahyadri Bank 2,CUSTOMER
ACC-003074,SAVINGS,Synthetic Sahyadri Bank 5,CUSTOMER
ACC-020571,SAVINGS,Synthetic Sahyadri Bank 1,CUSTOMER
ACC-013040,SAVINGS,Synthetic Sahyadri Bank 1,CUSTOMER
ACC-007149,SAVINGS,Synthetic Sahyadri Bank 2,CUSTOMER
ACC-011841,SAVINGS,Synthetic Sahyadri Bank 5,CUSTOMER
ACC-019938,SAVINGS,Synthetic Sahyadri Bank 5,CUSTOMER
ACC-005099,SAVINGS,Synthetic Sahyadri Bank 1,CUSTOMER
ACC-010510,SAVINGS,Synthetic Sahyadri Bank 5,CUSTOMER
ACC-012612,SAVINGS,Synthetic Sahyadri Bank 1,CUSTOMER
ACC-002561,SAVINGS,Synthetic Sahyadri Bank 4,CUSTOMER
ACC-012240,SAVINGS,Synthetic Sahyadri Bank 6,CUSTOMER
ACC-005142,SAVINGS,Synthetic Sahyadri Bank 4,CUSTOMER
ACC-028060,SAVINGS,Synthetic Sahyadri Bank 6,CUSTOMER
ACC-010772,SAVINGS,Synthetic Sahyadri Bank 4,CUSTOMER
ACC-023682,SAVINGS,Synthetic Sahyadri Bank 2,CUSTOMER
ACC-005126,SAVINGS,Synthetic Sahyadri Bank 3,CUSTOMER
ACC-013223,SAVINGS,Synthetic Sahyadri Bank 3,CUSTOMER
ACC-017759,SAVINGS,Synthetic Sahyadri Bank 5,CUSTOMER
ACC-005046,SAVINGS,Synthetic Sahyadri Bank 4,CUSTOMER
ACC-029355,SAVINGS,Synthetic Sahyadri Bank 4,CUSTOMER
ACC-023359,SAVINGS,Synthetic Sahyadri Bank 3,CUSTOMER
ACC-006001,SAVINGS,Synthetic Sahyadri Bank 5,CUSTOMER
ACC-022619,SAVINGS,Synthetic Sahyadri Bank 3,CUSTOMER
ACC-001823,SAVINGS,Synthetic Sahyadri Bank 6,CUSTOMER
ACC-002127,SAVINGS,Synthetic Sahyadri Bank 5,CUSTOMER
ACC-018587,SAVINGS,Synthetic Sahyadri Bank 3,CUSTOMER
ACC-022791,SAVINGS,Synthetic Sahyadri Bank 1,CUSTOMER
ACC-023504,SAVINGS,Synthetic Sahyadri Bank 2,CUSTOMER
ACC-021022,SAVINGS,Synthetic Sahyadri Bank 4,CUSTOMER
ACC-014103,SAVINGS,Synthetic Sahyadri Bank 1,CUSTOMER
ACC-024500,SAVINGS,Synthetic Sahyadri Bank 2,CUSTOMER
ACC-022442,SAVINGS,Synthetic Sahyadri Bank 6,CUSTOMER
ACC-001228,SAVINGS,Synthetic Sahyadri Bank 3,CUSTOMER
ACC-022502,SAVINGS,Synthetic Sahyadri Bank 2,CUSTOMER
ACC-025556,SAVINGS,Synthetic Sahyadri Bank 6,CUSTOMER
ACC-024348,SAVINGS,Synthetic Sahyadri Bank 6,CUSTOMER
ACC-007480,SAVINGS,Synthetic Sahyadri Bank 5,CUSTOMER
ACC-013195,SAVINGS,Synthetic Sahyadri Bank 6,CUSTOMER
ACC-018129,SAVINGS,Synthetic Sahyadri Bank 1,CUSTOMER
ACC-020856,SAVINGS,Synthetic Sahyadri Bank 1,CUSTOMER
ACC-004332,SAVINGS,Synthetic Sahyadri Bank 1,CUSTOMER
ACC-016320,SAVINGS,Synthetic Sahyadri Bank 6,CUSTOMER
ACC-002140,SAVINGS,Synthetic Sahyadri Bank 4,CUSTOMER
ACC-020945,SAVINGS,Synthetic Sahyadri Bank 3,CUSTOMER
ACC-022444,SAVINGS,Synthetic Sahyadri Bank 5,CUSTOMER
ACC-015677,SAVINGS,Synthetic Sahyadri Bank 5,CUSTOMER
ACC-000567,SAVINGS,Synthetic Sahyadri Bank 5,CUSTOMER
ACC-025410,SAVINGS,Synthetic Sahyadri Bank 3,CUSTOMER
ACC-016941,SAVINGS,Synthetic Sahyadri Bank 5,CUSTOMER
ACC-022925,SAVINGS,Synthetic Sahyadri Bank 3,CUSTOMER
ACC-002250,SAVINGS,Synthetic Sahyadri Bank 5,CUSTOMER
ACC-024759,SAVINGS,Synthetic Sahyadri Bank 1,CUSTOMER
ACC-003494,SAVINGS,Synthetic Sahyadri Bank 1,CUSTOMER
ACC-025796,SAVINGS,Synthetic Sahyadri Bank 5,CUSTOMER
ACC-015269,SAVINGS,Synthetic Sahyadri Bank 6,CUSTOMER
ACC-005729,SAVINGS,Synthetic Sahyadri Bank 2,CUSTOMER
ACC-019448,SAVINGS,Synthetic Sahyadri Bank 3,CUSTOMER
ACC-001769,SAVINGS,Synthetic Sahyadri Bank 6,CUSTOMER
ACC-005501,SAVINGS,Synthetic Sahyadri Bank 3,CUSTOMER
ACC-019408,SAVINGS,Synthetic Sahyadri Bank 3,CUSTOMER
ACC-016784,SAVINGS,Synthetic Sahyadri Bank 6,CUSTOMER
ACC-005189,SAVINGS,Synthetic Sahyadri Bank 4,CUSTOMER
ACC-010922,SAVINGS,Synthetic Sahyadri Bank 4,CUSTOMER
ACC-014701,SAVINGS,Synthetic Sahyadri Bank 3,CUSTOMER
ACC-021453,SAVINGS,Synthetic Sahyadri Bank 4,CUSTOMER
ACC-029467,SAVINGS,Synthetic Sahyadri Bank 2,CUSTOMER
ACC-005452,SAVINGS,Synthetic Sahyadri Bank 6,CUSTOMER
ACC-009406,SAVINGS,Synthetic Sahyadri Bank 4,CUSTOMER
ACC-029916,SAVINGS,Synthetic Sahyadri Bank 4,CUSTOMER
ACC-014687,SAVINGS,Synthetic Sahyadri Bank 5,CUSTOMER
ACC-009305,SAVINGS,Synthetic Sahyadri Bank 3,CUSTOMER
ACC-004626,SAVINGS,Synthetic Sahyadri Bank 4,CUSTOMER
ACC-013787,SAVINGS,Synthetic Sahyadri Bank 5,CUSTOMER
ACC-025263,SAVINGS,Synthetic Sahyadri Bank 3,CUSTOMER
ACC-001624,SAVINGS,Synthetic Sahyadri Bank 3,CUSTOMER
ACC-026203,SAVINGS,Synthetic Sahyadri Bank 5,CUSTOMER
ACC-001405,SAVINGS,Synthetic Sahyadri Bank 1,CUSTOMER
ACC-008161,SAVINGS,Synthetic Sahyadri Bank 5,CUSTOMER
ACC-009975,SAVINGS,Synthetic Sahyadri Bank 2,CUSTOMER
ACC-008493,SAVINGS,Synthetic Sahyadri Bank 1,CUSTOMER
ACC-000371,SAVINGS,Synthetic Sahyadri Bank 5,CUSTOMER
ACC-001593,SAVINGS,Synthetic Sahyadri Bank 2,CUSTOMER
ACC-007573,SAVINGS,Synthetic Sahyadri Bank 5,CUSTOMER
ACC-015260,SAVINGS,Synthetic Sahyadri Bank 1,CUSTOMER
ACC-016918,SAVINGS,Synthetic Sahyadri Bank 3,CUSTOMER
ACC-020738,SAVINGS,Synthetic Sahyadri Bank 2,CUSTOMER
ACC-025117,SAVINGS,Synthetic Sahyadri Bank 6,CUSTOMER
ACC-008145,SAVINGS,Synthetic Sahyadri Bank 2,CUSTOMER
ACC-001049,SAVINGS,Synthetic Sahyadri Bank 3,CUSTOMER
ACC-028446,SAVINGS,Synthetic Sahyadri Bank 5,CUSTOMER
ACC-024596,SAVINGS,Synthetic Sahyadri Bank 2,CUSTOMER
ACC-002477,SAVINGS,Synthetic Sahyadri Bank 3,CUSTOMER
ACC-027588,SAVINGS,Synthetic Sahyadri Bank 3,CUSTOMER
ACC-023362,SAVINGS,Synthetic Sahyadri Bank 1,CUSTOMER
ACC-021734,SAVINGS,Synthetic Sahyadri Bank 5,CUSTOMER
ACC-013191,SAVINGS,Synthetic Sahyadri Bank 6,CUSTOMER
ACC-003267,SAVINGS,Synthetic Sahyadri Bank 5,CUSTOMER
ACC-027897,SAVINGS,Synthetic Sahyadri Bank 1,CUSTOMER
ACC-025051,SAVINGS,Synthetic Sahyadri Bank 1,CUSTOMER
ACC-002515,SAVINGS,Synthetic Sahyadri Bank 1,CUSTOMER
ACC-009135,SAVINGS,Synthetic Sahyadri Bank 2,CUSTOMER
ACC-012244,SAVINGS,Synthetic Sahyadri Bank 3,CUSTOMER
ACC-007338,SAVINGS,Synthetic Sahyadri Bank 4,CUSTOMER
ACC-005239,SAVINGS,Synthetic Sahyadri Bank 5,CUSTOMER
ACC-013086,SAVINGS,Synthetic Sahyadri Bank 6,CUSTOMER
ACC-017494,SAVINGS,Synthetic Sahyadri Bank 3,CUSTOMER
ACC-019333,SAVINGS,Synthetic Sahyadri Bank 5,CUSTOMER
ACC-002443,SAVINGS,Synthetic Sahyadri Bank 3,CUSTOMER
ACC-004196,SAVINGS,Synthetic Sahyadri Bank 4,CUSTOMER
ACC-017419,SAVINGS,Synthetic Sahyadri Bank 6,CUSTOMER
ACC-012979,SAVINGS,Synthetic Sahyadri Bank 6,CUSTOMER
ACC-026999,SAVINGS,Synthetic Sahyadri Bank 1,CUSTOMER
ACC-017958,SAVINGS,Synthetic Sahyadri Bank 2,CUSTOMER
ACC-022094,SAVINGS,Synthetic Sahyadri Bank 2,CUSTOMER
ACC-004315,SAVINGS,Synthetic Sahyadri Bank 2,CUSTOMER
ACC-023701,SAVINGS,Synthetic Sahyadri Bank 4,CUSTOMER
ACC-023950,SAVINGS,Synthetic Sahyadri Bank 3,CUSTOMER
ACC-008934,SAVINGS,Synthetic Sahyadri Bank 3,CUSTOMER
ACC-019944,SAVINGS,Synthetic Sahyadri Bank 6,CUSTOMER
ACC-003561,SAVINGS,Synthetic Sahyadri Bank 3,CUSTOMER
ACC-020240,SAVINGS,Synthetic Sahyadri Bank 3,CUSTOMER
ACC-019741,SAVINGS,Synthetic Sahyadri Bank 2,CUSTOMER
ACC-001927,SAVINGS,Synthetic Sahyadri Bank 5,CUSTOMER
ACC-012808,SAVINGS,Synthetic Sahyadri Bank 2,CUSTOMER
ACC-026849,SAVINGS,Synthetic Sahyadri Bank 6,CUSTOMER
ACC-007954,SAVINGS,Synthetic Sahyadri Bank 2,CUSTOMER
ACC-020377,SAVINGS,Synthetic Sahyadri Bank 6,CUSTOMER
ACC-016681,SAVINGS,Synthetic Sahyadri Bank 4,CUSTOMER
ACC-005620,SAVINGS,Synthetic Sahyadri Bank 2,CUSTOMER
ACC-004086,SAVINGS,Synthetic Sahyadri Bank 3,CUSTOMER
ACC-007407,SAVINGS,Synthetic Sahyadri Bank 5,CUSTOMER
ACC-023887,SAVINGS,Synthetic Sahyadri Bank 5,CUSTOMER
ACC-012359,SAVINGS,Synthetic Sahyadri Bank 2,CUSTOMER
ACC-004524,SAVINGS,Synthetic Sahyadri Bank 1,CUSTOMER
ACC-008183,SAVINGS,Synthetic Sahyadri Bank 3,CUSTOMER
ACC-025478,SAVINGS,Synthetic Sahyadri Bank 4,CUSTOMER
ACC-022739,SAVINGS,Synthetic Sahyadri Bank 5,CUSTOMER
ACC-022615,SAVINGS,Synthetic Sahyadri Bank 5,CUSTOMER
ACC-010547,SAVINGS,Synthetic Sahyadri Bank 3,CUSTOMER
ACC-008668,SAVINGS,Synthetic Sahyadri Bank 2,CUSTOMER
ACC-029485,SAVINGS,Synthetic Sahyadri Bank 6,CUSTOMER
ACC-019956,SAVINGS,Synthetic Sahyadri Bank 4,CUSTOMER
ACC-024174,SAVINGS,Synthetic Sahyadri Bank 6,CUSTOMER
ACC-013861,SAVINGS,Synthetic Sahyadri Bank 6,CUSTOMER
ACC-015979,SAVINGS,Synthetic Sahyadri Bank 5,CUSTOMER
ACC-020752,SAVINGS,Synthetic Sahyadri Bank 2,CUSTOMER
ACC-004918,SAVINGS,Synthetic Sahyadri Bank 4,CUSTOMER
ACC-013432,SAVINGS,Synthetic Sahyadri Bank 2,CUSTOMER
ACC-026188,SAVINGS,Synthetic Sahyadri Bank 6,CUSTOMER
ACC-026214,SAVINGS,Synthetic Sahyadri Bank 6,CUSTOMER
ACC-025987,SAVINGS,Synthetic Sahyadri Bank 5,CUSTOMER
ACC-027696,SAVINGS,Synthetic Sahyadri Bank 2,CUSTOMER
ACC-018825,SAVINGS,Synthetic Sahyadri Bank 1,CUSTOMER
ACC-004963,SAVINGS,Synthetic Sahyadri Bank 4,CUSTOMER
ACC-012014,SAVINGS,Synthetic Sahyadri Bank 2,CUSTOMER
ACC-021578,SAVINGS,Synthetic Sahyadri Bank 3,CUSTOMER
ACC-007005,SAVINGS,Synthetic Sahyadri Bank 4,CUSTOMER
ACC-003313,SAVINGS,Synthetic Sahyadri Bank 6,CUSTOMER
ACC-021424,SAVINGS,Synthetic Sahyadri Bank 5,CUSTOMER
ACC-018936,SAVINGS,Synthetic Sahyadri Bank 4,CUSTOMER
ACC-006378,SAVINGS,Synthetic Sahyadri Bank 2,CUSTOMER
ACC-026550,SAVINGS,Synthetic Sahyadri Bank 4,CUSTOMER
ACC-011872,SAVINGS,Synthetic Sahyadri Bank 2,CUSTOMER
ACC-012104,SAVINGS,Synthetic Sahyadri Bank 2,CUSTOMER
ACC-007024,SAVINGS,Synthetic Sahyadri Bank 6,CUSTOMER
ACC-028495,SAVINGS,Synthetic Sahyadri Bank 5,CUSTOMER
ACC-002376,SAVINGS,Synthetic Sahyadri Bank 3,CUSTOMER
ACC-006251,SAVINGS,Synthetic Sahyadri Bank 5,CUSTOMER
ACC-026663,SAVINGS,Synthetic Sahyadri Bank 6,CUSTOMER
ACC-022267,SAVINGS,Synthetic Sahyadri Bank 1,CUSTOMER
ACC-002664,SAVINGS,Synthetic Sahyadri Bank 6,CUSTOMER
ACC-010281,SAVINGS,Synthetic Sahyadri Bank 2,CUSTOMER
ACC-020610,SAVINGS,Synthetic Sahyadri Bank 4,CUSTOMER
ACC-018194,SAVINGS,Synthetic Sahyadri Bank 6,CUSTOMER
ACC-025262,SAVINGS,Synthetic Sahyadri Bank 5,CUSTOMER
ACC-009396,SAVINGS,Synthetic Sahyadri Bank 3,CUSTOMER
ACC-007484,SAVINGS,Synthetic Sahyadri Bank 1,CUSTOMER
ACC-025812,SAVINGS,Synthetic Sahyadri Bank 1,CUSTOMER
ACC-003671,SAVINGS,Synthetic Sahyadri Bank 1,CUSTOMER
ACC-008403,SAVINGS,Synthetic Sahyadri Bank 3,CUSTOMER
ACC-027524,SAVINGS,Synthetic Sahyadri Bank 1,CUSTOMER
ACC-022594,SAVINGS,Synthetic Sahyadri Bank 5,CUSTOMER
ACC-002967,SAVINGS,Synthetic Sahyadri Bank 6,CUSTOMER
ACC-001291,SAVINGS,Synthetic Sahyadri Bank 1,CUSTOMER
ACC-000865,SAVINGS,Synthetic Sahyadri Bank 2,CUSTOMER
ACC-012647,SAVINGS,Synthetic Sahyadri Bank 3,CUSTOMER
ACC-021040,SAVINGS,Synthetic Sahyadri Bank 6,CUSTOMER
ACC-001530,SAVINGS,Synthetic Sahyadri Bank 5,CUSTOMER
ACC-018040,SAVINGS,Synthetic Sahyadri Bank 5,CUSTOMER
ACC-018010,SAVINGS,Synthetic Sahyadri Bank 6,CUSTOMER
ACC-025011,SAVINGS,Synthetic Sahyadri Bank 5,CUSTOMER
ACC-023276,SAVINGS,Synthetic Sahyadri Bank 3,CUSTOMER
ACC-018687,SAVINGS,Synthetic Sahyadri Bank 2,CUSTOMER
ACC-010322,SAVINGS,Synthetic Sahyadri Bank 3,CUSTOMER
ACC-000214,SAVINGS,Synthetic Sahyadri Bank 3,CUSTOMER
ACC-002957,SAVINGS,Synthetic Sahyadri Bank 4,CUSTOMER
ACC-004914,SAVINGS,Synthetic Sahyadri Bank 3,CUSTOMER
ACC-005343,SAVINGS,Synthetic Sahyadri Bank 2,CUSTOMER
ACC-009187,SAVINGS,Synthetic Sahyadri Bank 4,CUSTOMER
ACC-008681,SAVINGS,Synthetic Sahyadri Bank 3,CUSTOMER
ACC-021843,SAVINGS,Synthetic Sahyadri Bank 5,CUSTOMER
ACC-014636,SAVINGS,Synthetic Sahyadri Bank 5,CUSTOMER
ACC-015714,SAVINGS,Synthetic Sahyadri Bank 2,CUSTOMER
ACC-003345,SAVINGS,Synthetic Sahyadri Bank 6,CUSTOMER
ACC-020248,SAVINGS,Synthetic Sahyadri Bank 3,CUSTOMER
ACC-013395,SAVINGS,Synthetic Sahyadri Bank 2,CUSTOMER
ACC-027949,SAVINGS,Synthetic Sahyadri Bank 6,CUSTOMER
ACC-023933,SAVINGS,Synthetic Sahyadri Bank 1,CUSTOMER
ACC-004837,SAVINGS,Synthetic Sahyadri Bank 4,CUSTOMER
ACC-002510,SAVINGS,Synthetic Sahyadri Bank 3,CUSTOMER
ACC-000670,SAVINGS,Synthetic Sahyadri Bank 3,CUSTOMER
ACC-019989,SAVINGS,Synthetic Sahyadri Bank 3,CUSTOMER
ACC-025920,SAVINGS,Synthetic Sahyadri Bank 6,CUSTOMER
ACC-014659,SAVINGS,Synthetic Sahyadri Bank 1,CUSTOMER
ACC-027928,SAVINGS,Synthetic Sahyadri Bank 6,CUSTOMER
ACC-013746,SAVINGS,Synthetic Sahyadri Bank 4,CUSTOMER
ACC-011317,SAVINGS,Synthetic Sahyadri Bank 6,CUSTOMER
ACC-001993,SAVINGS,Synthetic Sahyadri Bank 5,CUSTOMER
ACC-019664,SAVINGS,Synthetic Sahyadri Bank 4,CUSTOMER
ACC-009155,SAVINGS,Synthetic Sahyadri Bank 5,CUSTOMER
ACC-017018,SAVINGS,Synthetic Sahyadri Bank 1,CUSTOMER
ACC-009067,SAVINGS,Synthetic Sahyadri Bank 4,CUSTOMER
ACC-029819,SAVINGS,Synthetic Sahyadri Bank 6,CUSTOMER
ACC-017860,SAVINGS,Synthetic Sahyadri Bank 5,CUSTOMER
ACC-024457,SAVINGS,Synthetic Sahyadri Bank 4,CUSTOMER
ACC-028715,SAVINGS,Synthetic Sahyadri Bank 1,CUSTOMER
ACC-002276,SAVINGS,Synthetic Sahyadri Bank 3,CUSTOMER
ACC-029484,SAVINGS,Synthetic Sahyadri Bank 4,CUSTOMER
ACC-011366,SAVINGS,Synthetic Sahyadri Bank 5,CUSTOMER
ACC-028056,SAVINGS,Synthetic Sahyadri Bank 2,CUSTOMER
ACC-018808,SAVINGS,Synthetic Sahyadri Bank 4,CUSTOMER
ACC-010399,SAVINGS,Synthetic Sahyadri Bank 5,CUSTOMER
ACC-014867,SAVINGS,Synthetic Sahyadri Bank 1,CUSTOMER
ACC-009354,SAVINGS,Synthetic Sahyadri Bank 6,CUSTOMER
ACC-026800,SAVINGS,Synthetic Sahyadri Bank 5,CUSTOMER
ACC-019010,SAVINGS,Synthetic Sahyadri Bank 3,CUSTOMER
ACC-022242,SAVINGS,Synthetic Sahyadri Bank 1,CUSTOMER
ACC-029097,SAVINGS,Synthetic Sahyadri Bank 5,CUSTOMER
ACC-014888,SAVINGS,Synthetic Sahyadri Bank 2,CUSTOMER
ACC-028586,SAVINGS,Synthetic Sahyadri Bank 3,CUSTOMER
ACC-026268,SAVINGS,Synthetic Sahyadri Bank 2,CUSTOMER
ACC-028177,SAVINGS,Synthetic Sahyadri Bank 2,CUSTOMER
ACC-015695,SAVINGS,Synthetic Sahyadri Bank 1,CUSTOMER
ACC-028957,SAVINGS,Synthetic Sahyadri Bank 6,CUSTOMER
ACC-029831,SAVINGS,Synthetic Sahyadri Bank 2,CUSTOMER
ACC-021104,SAVINGS,Synthetic Sahyadri Bank 1,CUSTOMER
ACC-023014,SAVINGS,Synthetic Sahyadri Bank 3,CUSTOMER
ACC-027685,SAVINGS,Synthetic Sahyadri Bank 4,CUSTOMER
ACC-027817,SAVINGS,Synthetic Sahyadri Bank 4,CUSTOMER
ACC-000333,SAVINGS,Synthetic Sahyadri Bank 2,CUSTOMER
ACC-015026,SAVINGS,Synthetic Sahyadri Bank 1,CUSTOMER
ACC-020737,SAVINGS,Synthetic Sahyadri Bank 2,CUSTOMER
ACC-003983,SAVINGS,Synthetic Sahyadri Bank 6,CUSTOMER
ACC-021092,SAVINGS,Synthetic Sahyadri Bank 1,CUSTOMER
ACC-002898,SAVINGS,Synthetic Sahyadri Bank 6,CUSTOMER
ACC-012110,SAVINGS,Synthetic Sahyadri Bank 2,CUSTOMER
ACC-013018,SAVINGS,Synthetic Sahyadri Bank 4,CUSTOMER
ACC-011504,SAVINGS,Synthetic Sahyadri Bank 6,CUSTOMER
ACC-012394,SAVINGS,Synthetic Sahyadri Bank 3,CUSTOMER
ACC-020942,SAVINGS,Synthetic Sahyadri Bank 2,CUSTOMER
ACC-002387,SAVINGS,Synthetic Sahyadri Bank 5,CUSTOMER
ACC-011711,SAVINGS,Synthetic Sahyadri Bank 3,CUSTOMER
ACC-003408,SAVINGS,Synthetic Sahyadri Bank 5,CUSTOMER
ACC-017495,SAVINGS,Synthetic Sahyadri Bank 6,CUSTOMER
ACC-008006,SAVINGS,Synthetic Sahyadri Bank 4,CUSTOMER
ACC-000252,SAVINGS,Synthetic Sahyadri Bank 6,CUSTOMER
ACC-025847,SAVINGS,Synthetic Sahyadri Bank 4,CUSTOMER
ACC-004532,SAVINGS,Synthetic Sahyadri Bank 1,CUSTOMER
ACC-019288,SAVINGS,Synthetic Sahyadri Bank 1,CUSTOMER
ACC-027727,SAVINGS,Synthetic Sahyadri Bank 5,CUSTOMER
ACC-012562,SAVINGS,Synthetic Sahyadri Bank 6,CUSTOMER
ACC-016461,SAVINGS,Synthetic Sahyadri Bank 6,CUSTOMER
ACC-005998,SAVINGS,Synthetic Sahyadri Bank 6,CUSTOMER
ACC-025370,SAVINGS,Synthetic Sahyadri Bank 2,CUSTOMER
ACC-008160,SAVINGS,Synthetic Sahyadri Bank 3,CUSTOMER
ACC-005462,SAVINGS,Synthetic Sahyadri Bank 1,CUSTOMER
ACC-004473,SAVINGS,Synthetic Sahyadri Bank 1,CUSTOMER
ACC-000614,SAVINGS,Synthetic Sahyadri Bank 1,CUSTOMER
ACC-020788,SAVINGS,Synthetic Sahyadri Bank 6,CUSTOMER
ACC-024955,SAVINGS,Synthetic Sahyadri Bank 5,CUSTOMER
ACC-016932,SAVINGS,Synthetic Sahyadri Bank 4,CUSTOMER
ACC-028527,SAVINGS,Synthetic Sahyadri Bank 5,CUSTOMER
ACC-027314,SAVINGS,Synthetic Sahyadri Bank 2,CUSTOMER
ACC-029610,SAVINGS,Synthetic Sahyadri Bank 4,CUSTOMER
ACC-006016,SAVINGS,Synthetic Sahyadri Bank 1,CUSTOMER
ACC-018351,SAVINGS,Synthetic Sahyadri Bank 6,CUSTOMER
ACC-028681,SAVINGS,Synthetic Sahyadri Bank 3,CUSTOMER
ACC-001071,SAVINGS,Synthetic Sahyadri Bank 4,CUSTOMER
ACC-004742,SAVINGS,Synthetic Sahyadri Bank 2,CUSTOMER
ACC-028755,SAVINGS,Synthetic Sahyadri Bank 6,CUSTOMER
ACC-019761,SAVINGS,Synthetic Sahyadri Bank 1,CUSTOMER
ACC-013723,SAVINGS,Synthetic Sahyadri Bank 2,CUSTOMER
ACC-025034,SAVINGS,Synthetic Sahyadri Bank 3,CUSTOMER
ACC-016022,SAVINGS,Synthetic Sahyadri Bank 6,CUSTOMER
ACC-005309,SAVINGS,Synthetic Sahyadri Bank 6,CUSTOMER
ACC-027896,SAVINGS,Synthetic Sahyadri Bank 2,CUSTOMER
ACC-017989,SAVINGS,Synthetic Sahyadri Bank 4,CUSTOMER
ACC-024267,SAVINGS,Synthetic Sahyadri Bank 2,CUSTOMER
ACC-020520,SAVINGS,Synthetic Sahyadri Bank 5,CUSTOMER
ACC-000921,SAVINGS,Synthetic Sahyadri Bank 6,CUSTOMER
ACC-028190,SAVINGS,Synthetic Sahyadri Bank 5,CUSTOMER
ACC-029247,SAVINGS,Synthetic Sahyadri Bank 3,CUSTOMER
ACC-008880,SAVINGS,Synthetic Sahyadri Bank 5,CUSTOMER
ACC-027368,SAVINGS,Synthetic Sahyadri Bank 6,CUSTOMER
ACC-003783,SAVINGS,Synthetic Sahyadri Bank 3,CUSTOMER
ACC-008627,SAVINGS,Synthetic Sahyadri Bank 1,CUSTOMER
ACC-003228,SAVINGS,Synthetic Sahyadri Bank 3,CUSTOMER
ACC-011093,SAVINGS,Synthetic Sahyadri Bank 3,CUSTOMER
ACC-025704,SAVINGS,Synthetic Sahyadri Bank 5,CUSTOMER
ACC-001764,SAVINGS,Synthetic Sahyadri Bank 3,CUSTOMER
ACC-023546,SAVINGS,Synthetic Sahyadri Bank 4,CUSTOMER
ACC-001639,SAVINGS,Synthetic Sahyadri Bank 4,CUSTOMER
ACC-010712,SAVINGS,Synthetic Sahyadri Bank 3,CUSTOMER
ACC-005692,SAVINGS,Synthetic Sahyadri Bank 2,CUSTOMER
ACC-002201,SAVINGS,Synthetic Sahyadri Bank 3,CUSTOMER
ACC-025465,SAVINGS,Synthetic Sahyadri Bank 6,CUSTOMER
ACC-004188,SAVINGS,Synthetic Sahyadri Bank 3,CUSTOMER
ACC-028152,SAVINGS,Synthetic Sahyadri Bank 6,CUSTOMER
ACC-013436,SAVINGS,Synthetic Sahyadri Bank 3,CUSTOMER
ACC-003004,SAVINGS,Synthetic Sahyadri Bank 4,CUSTOMER
ACC-006989,SAVINGS,Synthetic Sahyadri Bank 2,CUSTOMER
ACC-015233,SAVINGS,Synthetic Sahyadri Bank 3,CUSTOMER
ACC-022708,SAVINGS,Synthetic Sahyadri Bank 2,CUSTOMER
ACC-005610,SAVINGS,Synthetic Sahyadri Bank 6,CUSTOMER
ACC-008253,SAVINGS,Synthetic Sahyadri Bank 4,CUSTOMER
ACC-003595,SAVINGS,Synthetic Sahyadri Bank 1,CUSTOMER
ACC-000678,SAVINGS,Synthetic Sahyadri Bank 6,CUSTOMER
ACC-013926,SAVINGS,Synthetic Sahyadri Bank 2,CUSTOMER
ACC-011549,SAVINGS,Synthetic Sahyadri Bank 2,CUSTOMER
ACC-022678,SAVINGS,Synthetic Sahyadri Bank 5,CUSTOMER
ACC-008476,SAVINGS,Synthetic Sahyadri Bank 4,CUSTOMER
ACC-005633,SAVINGS,Synthetic Sahyadri Bank 2,CUSTOMER
ACC-022960,SAVINGS,Synthetic Sahyadri Bank 5,CUSTOMER
ACC-025966,SAVINGS,Synthetic Sahyadri Bank 6,CUSTOMER
ACC-010172,SAVINGS,Synthetic Sahyadri Bank 5,CUSTOMER
ACC-029400,SAVINGS,Synthetic Sahyadri Bank 1,CUSTOMER
ACC-001533,SAVINGS,Synthetic Sahyadri Bank 3,CUSTOMER
ACC-018122,SAVINGS,Synthetic Sahyadri Bank 5,CUSTOMER
ACC-004278,SAVINGS,Synthetic Sahyadri Bank 1,CUSTOMER
ACC-015158,SAVINGS,Synthetic Sahyadri Bank 5,CUSTOMER
ACC-024170,SAVINGS,Synthetic Sahyadri Bank 4,CUSTOMER
ACC-016311,SAVINGS,Synthetic Sahyadri Bank 4,CUSTOMER
ACC-024588,SAVINGS,Synthetic Sahyadri Bank 2,CUSTOMER
ACC-015485,SAVINGS,Synthetic Sahyadri Bank 2,CUSTOMER
ACC-018267,SAVINGS,Synthetic Sahyadri Bank 3,CUSTOMER
ACC-002632,SAVINGS,Synthetic Sahyadri Bank 5,CUSTOMER
ACC-010677,SAVINGS,Synthetic Sahyadri Bank 3,CUSTOMER
ACC-012290,SAVINGS,Synthetic Sahyadri Bank 2,CUSTOMER
ACC-029214,SAVINGS,Synthetic Sahyadri Bank 2,CUSTOMER
ACC-025904,SAVINGS,Synthetic Sahyadri Bank 6,CUSTOMER
ACC-007798,SAVINGS,Synthetic Sahyadri Bank 5,CUSTOMER
ACC-013213,SAVINGS,Synthetic Sahyadri Bank 3,CUSTOMER
ACC-012527,SAVINGS,Synthetic Sahyadri Bank 2,CUSTOMER
ACC-015804,SAVINGS,Synthetic Sahyadri Bank 3,CUSTOMER
ACC-022873,SAVINGS,Synthetic Sahyadri Bank 3,CUSTOMER
ACC-027388,SAVINGS,Synthetic Sahyadri Bank 1,CUSTOMER
ACC-026254,SAVINGS,Synthetic Sahyadri Bank 5,CUSTOMER
ACC-025053,SAVINGS,Synthetic Sahyadri Bank 6,CUSTOMER
ACC-002382,SAVINGS,Synthetic Sahyadri Bank 5,CUSTOMER
ACC-012397,SAVINGS,Synthetic Sahyadri Bank 6,CUSTOMER
ACC-008477,SAVINGS,Synthetic Sahyadri Bank 1,CUSTOMER
ACC-024102,SAVINGS,Synthetic Sahyadri Bank 5,CUSTOMER
ACC-022004,SAVINGS,Synthetic Sahyadri Bank 2,CUSTOMER
ACC-025623,SAVINGS,Synthetic Sahyadri Bank 4,CUSTOMER
ACC-020970,SAVINGS,Synthetic Sahyadri Bank 2,CUSTOMER
ACC-006095,SAVINGS,Synthetic Sahyadri Bank 3,CUSTOMER
ACC-017200,SAVINGS,Synthetic Sahyadri Bank 5,CUSTOMER
ACC-021900,SAVINGS,Synthetic Sahyadri Bank 1,CUSTOMER
ACC-017601,SAVINGS,Synthetic Sahyadri Bank 5,CUSTOMER
ACC-024575,SAVINGS,Synthetic Sahyadri Bank 6,CUSTOMER
ACC-011534,SAVINGS,Synthetic Sahyadri Bank 2,CUSTOMER
ACC-013353,SAVINGS,Synthetic Sahyadri Bank 1,CUSTOMER
ACC-029728,SAVINGS,Synthetic Sahyadri Bank 4,CUSTOMER
ACC-021033,SAVINGS,Synthetic Sahyadri Bank 6,CUSTOMER
ACC-026131,SAVINGS,Synthetic Sahyadri Bank 1,CUSTOMER
ACC-004386,SAVINGS,Synthetic Sahyadri Bank 2,CUSTOMER
ACC-022573,SAVINGS,Synthetic Sahyadri Bank 5,CUSTOMER
ACC-019036,SAVINGS,Synthetic Sahyadri Bank 6,CUSTOMER
ACC-018616,SAVINGS,Synthetic Sahyadri Bank 3,CUSTOMER
ACC-018337,SAVINGS,Synthetic Sahyadri Bank 5,CUSTOMER
ACC-022714,SAVINGS,Synthetic Sahyadri Bank 4,CUSTOMER
ACC-003587,SAVINGS,Synthetic Sahyadri Bank 1,CUSTOMER
ACC-011264,SAVINGS,Synthetic Sahyadri Bank 2,CUSTOMER
ACC-028725,SAVINGS,Synthetic Sahyadri Bank 2,CUSTOMER
ACC-004547,SAVINGS,Synthetic Sahyadri Bank 4,CUSTOMER
ACC-006000,SAVINGS,Synthetic Sahyadri Bank 2,CUSTOMER
ACC-024090,SAVINGS,Synthetic Sahyadri Bank 1,CUSTOMER
ACC-012164,SAVINGS,Synthetic Sahyadri Bank 6,CUSTOMER
ACC-001732,SAVINGS,Synthetic Sahyadri Bank 6,CUSTOMER
ACC-015477,SAVINGS,Synthetic Sahyadri Bank 5,CUSTOMER
ACC-013345,SAVINGS,Synthetic Sahyadri Bank 1,CUSTOMER
ACC-029430,SAVINGS,Synthetic Sahyadri Bank 5,CUSTOMER
ACC-029983,SAVINGS,Synthetic Sahyadri Bank 6,CUSTOMER
ACC-022939,SAVINGS,Synthetic Sahyadri Bank 3,CUSTOMER
ACC-028668,SAVINGS,Synthetic Sahyadri Bank 2,CUSTOMER
ACC-011857,SAVINGS,Synthetic Sahyadri Bank 1,CUSTOMER
ACC-006268,SAVINGS,Synthetic Sahyadri Bank 2,CUSTOMER
ACC-028974,SAVINGS,Synthetic Sahyadri Bank 3,CUSTOMER
ACC-000517,SAVINGS,Synthetic Sahyadri Bank 2,CUSTOMER
ACC-000557,SAVINGS,Synthetic Sahyadri Bank 6,CUSTOMER
ACC-009985,SAVINGS,Synthetic Sahyadri Bank 5,CUSTOMER
ACC-023100,SAVINGS,Synthetic Sahyadri Bank 1,CUSTOMER
ACC-017592,SAVINGS,Synthetic Sahyadri Bank 1,CUSTOMER
ACC-029540,SAVINGS,Synthetic Sahyadri Bank 1,CUSTOMER
ACC-014298,SAVINGS,Synthetic Sahyadri Bank 6,CUSTOMER
ACC-019114,SAVINGS,Synthetic Sahyadri Bank 1,CUSTOMER
ACC-000910,SAVINGS,Synthetic Sahyadri Bank 6,CUSTOMER
ACC-007663,SAVINGS,Synthetic Sahyadri Bank 3,CUSTOMER
ACC-019190,SAVINGS,Synthetic Sahyadri Bank 6,CUSTOMER
ACC-014812,SAVINGS,Synthetic Sahyadri Bank 4,CUSTOMER
ACC-019747,SAVINGS,Synthetic Sahyadri Bank 1,CUSTOMER
ACC-013541,SAVINGS,Synthetic Sahyadri Bank 5,CUSTOMER
ACC-022373,SAVINGS,Synthetic Sahyadri Bank 2,CUSTOMER
ACC-016494,SAVINGS,Synthetic Sahyadri Bank 4,CUSTOMER
ACC-011988,SAVINGS,Synthetic Sahyadri Bank 5,CUSTOMER
ACC-007998,SAVINGS,Synthetic Sahyadri Bank 4,CUSTOMER
ACC-013063,SAVINGS,Synthetic Sahyadri Bank 6,CUSTOMER
ACC-018289,SAVINGS,Synthetic Sahyadri Bank 3,CUSTOMER
ACC-013292,SAVINGS,Synthetic Sahyadri Bank 3,CUSTOMER
ACC-023313,SAVINGS,Synthetic Sahyadri Bank 3,CUSTOMER
ACC-001292,SAVINGS,Synthetic Sahyadri Bank 6,CUSTOMER
ACC-026996,SAVINGS,Synthetic Sahyadri Bank 4,CUSTOMER
ACC-003227,SAVINGS,Synthetic Sahyadri Bank 6,CUSTOMER
ACC-029302,SAVINGS,Synthetic Sahyadri Bank 6,CUSTOMER
ACC-017636,SAVINGS,Synthetic Sahyadri Bank 4,CUSTOMER
ACC-007390,SAVINGS,Synthetic Sahyadri Bank 5,CUSTOMER
ACC-004615,SAVINGS,Synthetic Sahyadri Bank 1,CUSTOMER
ACC-021964,SAVINGS,Synthetic Sahyadri Bank 3,CUSTOMER
ACC-011592,SAVINGS,Synthetic Sahyadri Bank 5,CUSTOMER
ACC-010136,SAVINGS,Synthetic Sahyadri Bank 4,CUSTOMER
ACC-015213,SAVINGS,Synthetic Sahyadri Bank 4,CUSTOMER
ACC-020768,SAVINGS,Synthetic Sahyadri Bank 4,CUSTOMER
ACC-013196,SAVINGS,Synthetic Sahyadri Bank 2,CUSTOMER
ACC-021459,SAVINGS,Synthetic Sahyadri Bank 6,CUSTOMER
ACC-009123,SAVINGS,Synthetic Sahyadri Bank 6,CUSTOMER
ACC-028387,SAVINGS,Synthetic Sahyadri Bank 4,CUSTOMER
ACC-025468,SAVINGS,Synthetic Sahyadri Bank 6,CUSTOMER
ACC-013328,SAVINGS,Synthetic Sahyadri Bank 3,CUSTOMER
ACC-015803,SAVINGS,Synthetic Sahyadri Bank 2,CUSTOMER
ACC-016676,SAVINGS,Synthetic Sahyadri Bank 2,CUSTOMER
ACC-001698,SAVINGS,Synthetic Sahyadri Bank 4,CUSTOMER
ACC-000276,SAVINGS,Synthetic Sahyadri Bank 2,CUSTOMER
ACC-015002,SAVINGS,Synthetic Sahyadri Bank 5,CUSTOMER
ACC-005406,SAVINGS,Synthetic Sahyadri Bank 2,CUSTOMER
ACC-027597,SAVINGS,Synthetic Sahyadri Bank 2,CUSTOMER
ACC-021048,SAVINGS,Synthetic Sahyadri Bank 4,CUSTOMER
ACC-004802,SAVINGS,Synthetic Sahyadri Bank 5,CUSTOMER
ACC-006877,SAVINGS,Synthetic Sahyadri Bank 3,CUSTOMER
ACC-008573,SAVINGS,Synthetic Sahyadri Bank 1,CUSTOMER
ACC-007930,SAVINGS,Synthetic Sahyadri Bank 3,CUSTOMER
ACC-007066,SAVINGS,Synthetic Sahyadri Bank 3,CUSTOMER
ACC-025527,SAVINGS,Synthetic Sahyadri Bank 3,CUSTOMER
ACC-021449,SAVINGS,Synthetic Sahyadri Bank 2,CUSTOMER
ACC-003292,SAVINGS,Synthetic Sahyadri Bank 3,CUSTOMER
ACC-010798,SAVINGS,Synthetic Sahyadri Bank 5,CUSTOMER
ACC-028238,SAVINGS,Synthetic Sahyadri Bank 3,CUSTOMER
ACC-023905,SAVINGS,Synthetic Sahyadri Bank 5,CUSTOMER
ACC-008354,SAVINGS,Synthetic Sahyadri Bank 6,CUSTOMER
ACC-017739,SAVINGS,Synthetic Sahyadri Bank 4,CUSTOMER
ACC-014751,SAVINGS,Synthetic Sahyadri Bank 6,CUSTOMER
ACC-006003,SAVINGS,Synthetic Sahyadri Bank 5,CUSTOMER
ACC-029550,SAVINGS,Synthetic Sahyadri Bank 2,CUSTOMER
ACC-007419,SAVINGS,Synthetic Sahyadri Bank 4,CUSTOMER
ACC-025330,SAVINGS,Synthetic Sahyadri Bank 1,CUSTOMER
ACC-002337,SAVINGS,Synthetic Sahyadri Bank 3,CUSTOMER
ACC-027077,SAVINGS,Synthetic Sahyadri Bank 1,CUSTOMER
ACC-007782,SAVINGS,Synthetic Sahyadri Bank 1,CUSTOMER
ACC-019287,SAVINGS,Synthetic Sahyadri Bank 1,CUSTOMER
ACC-025954,SAVINGS,Synthetic Sahyadri Bank 4,CUSTOMER
ACC-025540,SAVINGS,Synthetic Sahyadri Bank 2,CUSTOMER
ACC-005456,SAVINGS,Synthetic Sahyadri Bank 2,CUSTOMER
ACC-023495,SAVINGS,Synthetic Sahyadri Bank 5,CUSTOMER
ACC-016070,SAVINGS,Synthetic Sahyadri Bank 2,CUSTOMER
ACC-005146,SAVINGS,Synthetic Sahyadri Bank 2,CUSTOMER
ACC-021858,SAVINGS,Synthetic Sahyadri Bank 2,CUSTOMER
ACC-018608,SAVINGS,Synthetic Sahyadri Bank 3,CUSTOMER
ACC-029101,SAVINGS,Synthetic Sahyadri Bank 3,CUSTOMER
ACC-003100,SAVINGS,Synthetic Sahyadri Bank 1,CUSTOMER
ACC-020132,SAVINGS,Synthetic Sahyadri Bank 1,CUSTOMER
ACC-021571,SAVINGS,Synthetic Sahyadri Bank 4,CUSTOMER
ACC-013682,SAVINGS,Synthetic Sahyadri Bank 5,CUSTOMER
ACC-014618,SAVINGS,Synthetic Sahyadri Bank 4,CUSTOMER
ACC-000301,SAVINGS,Synthetic Sahyadri Bank 6,CUSTOMER
ACC-020384,SAVINGS,Synthetic Sahyadri Bank 1,CUSTOMER
ACC-014981,SAVINGS,Synthetic Sahyadri Bank 6,CUSTOMER
ACC-002331,SAVINGS,Synthetic Sahyadri Bank 6,CUSTOMER
ACC-006509,SAVINGS,Synthetic Sahyadri Bank 5,CUSTOMER
ACC-023321,SAVINGS,Synthetic Sahyadri Bank 2,CUSTOMER
ACC-012618,SAVINGS,Synthetic Sahyadri Bank 3,CUSTOMER
ACC-019330,SAVINGS,Synthetic Sahyadri Bank 1,CUSTOMER
ACC-022520,SAVINGS,Synthetic Sahyadri Bank 1,CUSTOMER
ACC-025046,SAVINGS,Synthetic Sahyadri Bank 2,CUSTOMER
ACC-021731,SAVINGS,Synthetic Sahyadri Bank 5,CUSTOMER
ACC-006419,SAVINGS,Synthetic Sahyadri Bank 3,CUSTOMER
ACC-005348,SAVINGS,Synthetic Sahyadri Bank 5,CUSTOMER
ACC-028529,SAVINGS,Synthetic Sahyadri Bank 3,CUSTOMER
ACC-024620,SAVINGS,Synthetic Sahyadri Bank 2,CUSTOMER
ACC-015570,SAVINGS,Synthetic Sahyadri Bank 4,CUSTOMER
ACC-006336,SAVINGS,Synthetic Sahyadri Bank 4,CUSTOMER
ACC-023622,SAVINGS,Synthetic Sahyadri Bank 1,CUSTOMER
ACC-022223,SAVINGS,Synthetic Sahyadri Bank 5,CUSTOMER
ACC-011701,SAVINGS,Synthetic Sahyadri Bank 5,CUSTOMER
ACC-025762,SAVINGS,Synthetic Sahyadri Bank 3,CUSTOMER
ACC-004467,SAVINGS,Synthetic Sahyadri Bank 6,CUSTOMER
ACC-023865,SAVINGS,Synthetic Sahyadri Bank 2,CUSTOMER
ACC-011770,SAVINGS,Synthetic Sahyadri Bank 1,CUSTOMER
ACC-013118,SAVINGS,Synthetic Sahyadri Bank 2,CUSTOMER
ACC-026621,SAVINGS,Synthetic Sahyadri Bank 4,CUSTOMER
ACC-021575,SAVINGS,Synthetic Sahyadri Bank 5,CUSTOMER
ACC-006580,SAVINGS,Synthetic Sahyadri Bank 3,CUSTOMER
ACC-016865,SAVINGS,Synthetic Sahyadri Bank 5,CUSTOMER
ACC-027852,SAVINGS,Synthetic Sahyadri Bank 1,CUSTOMER
ACC-009789,SAVINGS,Synthetic Sahyadri Bank 6,CUSTOMER
ACC-000041,SAVINGS,Synthetic Sahyadri Bank 6,CUSTOMER
ACC-018839,SAVINGS,Synthetic Sahyadri Bank 2,CUSTOMER
ACC-025028,SAVINGS,Synthetic Sahyadri Bank 2,CUSTOMER
ACC-028395,SAVINGS,Synthetic Sahyadri Bank 6,CUSTOMER
ACC-002182,SAVINGS,Synthetic Sahyadri Bank 1,CUSTOMER
ACC-027067,SAVINGS,Synthetic Sahyadri Bank 2,CUSTOMER
ACC-029370,SAVINGS,Synthetic Sahyadri Bank 1,CUSTOMER
ACC-013312,SAVINGS,Synthetic Sahyadri Bank 2,CUSTOMER
ACC-012196,SAVINGS,Synthetic Sahyadri Bank 2,CUSTOMER
ACC-025241,SAVINGS,Synthetic Sahyadri Bank 3,CUSTOMER
ACC-025522,SAVINGS,Synthetic Sahyadri Bank 3,CUSTOMER
ACC-017296,SAVINGS,Synthetic Sahyadri Bank 6,CUSTOMER
ACC-016303,SAVINGS,Synthetic Sahyadri Bank 6,CUSTOMER
ACC-010890,SAVINGS,Synthetic Sahyadri Bank 6,CUSTOMER
ACC-028253,SAVINGS,Synthetic Sahyadri Bank 1,CUSTOMER
ACC-006794,SAVINGS,Synthetic Sahyadri Bank 2,CUSTOMER
ACC-018450,SAVINGS,Synthetic Sahyadri Bank 5,CUSTOMER
ACC-005612,SAVINGS,Synthetic Sahyadri Bank 3,CUSTOMER
ACC-000027,SAVINGS,Synthetic Sahyadri Bank 6,CUSTOMER
ACC-020046,SAVINGS,Synthetic Sahyadri Bank 2,CUSTOMER
ACC-001214,SAVINGS,Synthetic Sahyadri Bank 6,CUSTOMER
ACC-020489,SAVINGS,Synthetic Sahyadri Bank 1,CUSTOMER
ACC-022504,SAVINGS,Synthetic Sahyadri Bank 4,CUSTOMER
ACC-016462,SAVINGS,Synthetic Sahyadri Bank 6,CUSTOMER
ACC-019933,SAVINGS,Synthetic Sahyadri Bank 1,CUSTOMER
ACC-025937,SAVINGS,Synthetic Sahyadri Bank 5,CUSTOMER
ACC-013464,SAVINGS,Synthetic Sahyadri Bank 6,CUSTOMER
ACC-022425,SAVINGS,Synthetic Sahyadri Bank 2,CUSTOMER
ACC-003012,SAVINGS,Synthetic Sahyadri Bank 2,CUSTOMER
ACC-021633,SAVINGS,Synthetic Sahyadri Bank 4,CUSTOMER
ACC-021612,SAVINGS,Synthetic Sahyadri Bank 2,CUSTOMER
ACC-001326,SAVINGS,Synthetic Sahyadri Bank 1,CUSTOMER
ACC-019882,SAVINGS,Synthetic Sahyadri Bank 1,CUSTOMER
ACC-001977,SAVINGS,Synthetic Sahyadri Bank 3,CUSTOMER
ACC-025438,SAVINGS,Synthetic Sahyadri Bank 3,CUSTOMER
ACC-012680,SAVINGS,Synthetic Sahyadri Bank 2,CUSTOMER
ACC-007753,SAVINGS,Synthetic Sahyadri Bank 3,CUSTOMER
ACC-005075,SAVINGS,Synthetic Sahyadri Bank 4,CUSTOMER
ACC-009364,SAVINGS,Synthetic Sahyadri Bank 1,CUSTOMER
ACC-007406,SAVINGS,Synthetic Sahyadri Bank 4,CUSTOMER
ACC-026134,SAVINGS,Synthetic Sahyadri Bank 5,CUSTOMER
ACC-016265,SAVINGS,Synthetic Sahyadri Bank 2,CUSTOMER
ACC-024937,SAVINGS,Synthetic Sahyadri Bank 1,CUSTOMER
ACC-025534,SAVINGS,Synthetic Sahyadri Bank 2,CUSTOMER
ACC-026711,SAVINGS,Synthetic Sahyadri Bank 1,CUSTOMER
ACC-002839,SAVINGS,Synthetic Sahyadri Bank 5,CUSTOMER
ACC-014129,SAVINGS,Synthetic Sahyadri Bank 5,CUSTOMER
ACC-027829,SAVINGS,Synthetic Sahyadri Bank 6,CUSTOMER
ACC-006856,SAVINGS,Synthetic Sahyadri Bank 1,CUSTOMER
ACC-027936,SAVINGS,Synthetic Sahyadri Bank 3,CUSTOMER
ACC-007475,SAVINGS,Synthetic Sahyadri Bank 5,CUSTOMER
ACC-024590,SAVINGS,Synthetic Sahyadri Bank 3,CUSTOMER
ACC-001095,SAVINGS,Synthetic Sahyadri Bank 2,CUSTOMER
ACC-025693,SAVINGS,Synthetic Sahyadri Bank 1,CUSTOMER
ACC-008341,SAVINGS,Synthetic Sahyadri Bank 4,CUSTOMER
ACC-012155,SAVINGS,Synthetic Sahyadri Bank 5,CUSTOMER
ACC-007429,SAVINGS,Synthetic Sahyadri Bank 5,CUSTOMER
ACC-028455,SAVINGS,Synthetic Sahyadri Bank 2,CUSTOMER
ACC-027620,SAVINGS,Synthetic Sahyadri Bank 1,CUSTOMER
ACC-029239,SAVINGS,Synthetic Sahyadri Bank 3,CUSTOMER
ACC-018889,SAVINGS,Synthetic Sahyadri Bank 4,CUSTOMER
ACC-020653,SAVINGS,Synthetic Sahyadri Bank 3,CUSTOMER
ACC-009607,SAVINGS,Synthetic Sahyadri Bank 6,CUSTOMER
ACC-006304,SAVINGS,Synthetic Sahyadri Bank 3,CUSTOMER
ACC-021113,SAVINGS,Synthetic Sahyadri Bank 2,CUSTOMER
ACC-000090,SAVINGS,Synthetic Sahyadri Bank 6,CUSTOMER
ACC-007441,SAVINGS,Synthetic Sahyadri Bank 3,CUSTOMER
ACC-018765,SAVINGS,Synthetic Sahyadri Bank 4,CUSTOMER
ACC-004455,SAVINGS,Synthetic Sahyadri Bank 1,CUSTOMER
ACC-021981,SAVINGS,Synthetic Sahyadri Bank 6,CUSTOMER
ACC-001931,SAVINGS,Synthetic Sahyadri Bank 2,CUSTOMER
ACC-022643,SAVINGS,Synthetic Sahyadri Bank 2,CUSTOMER
ACC-021011,SAVINGS,Synthetic Sahyadri Bank 1,CUSTOMER
ACC-026697,SAVINGS,Synthetic Sahyadri Bank 2,CUSTOMER
ACC-013975,SAVINGS,Synthetic Sahyadri Bank 3,CUSTOMER
ACC-001850,SAVINGS,Synthetic Sahyadri Bank 5,CUSTOMER
ACC-021852,SAVINGS,Synthetic Sahyadri Bank 1,CUSTOMER
ACC-017021,SAVINGS,Synthetic Sahyadri Bank 1,CUSTOMER
ACC-026293,SAVINGS,Synthetic Sahyadri Bank 1,CUSTOMER
ACC-012075,SAVINGS,Synthetic Sahyadri Bank 2,CUSTOMER
ACC-018492,SAVINGS,Synthetic Sahyadri Bank 6,CUSTOMER
ACC-020698,SAVINGS,Synthetic Sahyadri Bank 3,CUSTOMER
ACC-013827,SAVINGS,Synthetic Sahyadri Bank 1,CUSTOMER
ACC-025784,SAVINGS,Synthetic Sahyadri Bank 1,CUSTOMER
ACC-028125,SAVINGS,Synthetic Sahyadri Bank 6,CUSTOMER
ACC-027500,SAVINGS,Synthetic Sahyadri Bank 2,CUSTOMER
ACC-007905,SAVINGS,Synthetic Sahyadri Bank 4,CUSTOMER
ACC-015214,SAVINGS,Synthetic Sahyadri Bank 3,CUSTOMER
ACC-003949,SAVINGS,Synthetic Sahyadri Bank 2,CUSTOMER
ACC-028569,SAVINGS,Synthetic Sahyadri Bank 4,CUSTOMER
ACC-018516,SAVINGS,Synthetic Sahyadri Bank 3,CUSTOMER
ACC-024831,SAVINGS,Synthetic Sahyadri Bank 3,CUSTOMER
ACC-028210,SAVINGS,Synthetic Sahyadri Bank 5,CUSTOMER
ACC-004268,SAVINGS,Synthetic Sahyadri Bank 4,CUSTOMER
ACC-016323,SAVINGS,Synthetic Sahyadri Bank 2,CUSTOMER
ACC-029647,SAVINGS,Synthetic Sahyadri Bank 5,CUSTOMER
ACC-013542,SAVINGS,Synthetic Sahyadri Bank 6,CUSTOMER
ACC-022652,SAVINGS,Synthetic Sahyadri Bank 3,CUSTOMER
ACC-005624,SAVINGS,Synthetic Sahyadri Bank 3,CUSTOMER
ACC-007222,SAVINGS,Synthetic Sahyadri Bank 6,CUSTOMER
ACC-003244,SAVINGS,Synthetic Sahyadri Bank 4,CUSTOMER
ACC-009774,SAVINGS,Synthetic Sahyadri Bank 3,CUSTOMER
ACC-028656,SAVINGS,Synthetic Sahyadri Bank 3,CUSTOMER
ACC-029446,SAVINGS,Synthetic Sahyadri Bank 4,CUSTOMER
ACC-007710,SAVINGS,Synthetic Sahyadri Bank 4,CUSTOMER
ACC-024127,SAVINGS,Synthetic Sahyadri Bank 1,CUSTOMER
ACC-004969,SAVINGS,Synthetic Sahyadri Bank 3,CUSTOMER
ACC-015397,SAVINGS,Synthetic Sahyadri Bank 3,CUSTOMER
ACC-017926,SAVINGS,Synthetic Sahyadri Bank 5,CUSTOMER
ACC-007131,SAVINGS,Synthetic Sahyadri Bank 5,CUSTOMER
ACC-006948,SAVINGS,Synthetic Sahyadri Bank 2,CUSTOMER
ACC-023909,SAVINGS,Synthetic Sahyadri Bank 2,CUSTOMER
ACC-001016,SAVINGS,Synthetic Sahyadri Bank 3,CUSTOMER
ACC-026538,SAVINGS,Synthetic Sahyadri Bank 5,CUSTOMER
ACC-021235,SAVINGS,Synthetic Sahyadri Bank 1,CUSTOMER
ACC-002467,SAVINGS,Synthetic Sahyadri Bank 4,CUSTOMER
ACC-011608,SAVINGS,Synthetic Sahyadri Bank 1,CUSTOMER
ACC-023290,SAVINGS,Synthetic Sahyadri Bank 5,CUSTOMER
ACC-000238,SAVINGS,Synthetic Sahyadri Bank 3,CUSTOMER
ACC-022457,SAVINGS,Synthetic Sahyadri Bank 4,CUSTOMER
ACC-019955,SAVINGS,Synthetic Sahyadri Bank 2,CUSTOMER
ACC-009234,SAVINGS,Synthetic Sahyadri Bank 5,CUSTOMER
ACC-026303,SAVINGS,Synthetic Sahyadri Bank 4,CUSTOMER
ACC-026763,SAVINGS,Synthetic Sahyadri Bank 2,CUSTOMER
ACC-003796,SAVINGS,Synthetic Sahyadri Bank 6,CUSTOMER
ACC-011434,SAVINGS,Synthetic Sahyadri Bank 5,CUSTOMER
ACC-013178,SAVINGS,Synthetic Sahyadri Bank 3,CUSTOMER
ACC-000812,SAVINGS,Synthetic Sahyadri Bank 3,CUSTOMER
ACC-000319,SAVINGS,Synthetic Sahyadri Bank 2,CUSTOMER
ACC-012899,SAVINGS,Synthetic Sahyadri Bank 3,CUSTOMER
ACC-010930,SAVINGS,Synthetic Sahyadri Bank 3,CUSTOMER
ACC-028536,SAVINGS,Synthetic Sahyadri Bank 5,CUSTOMER
ACC-013732,SAVINGS,Synthetic Sahyadri Bank 1,CUSTOMER
ACC-009041,SAVINGS,Synthetic Sahyadri Bank 6,CUSTOMER
ACC-020683,SAVINGS,Synthetic Sahyadri Bank 5,CUSTOMER
ACC-028745,SAVINGS,Synthetic Sahyadri Bank 1,CUSTOMER
ACC-017430,SAVINGS,Synthetic Sahyadri Bank 2,CUSTOMER
ACC-018922,SAVINGS,Synthetic Sahyadri Bank 2,CUSTOMER
ACC-017945,SAVINGS,Synthetic Sahyadri Bank 1,CUSTOMER
ACC-018388,SAVINGS,Synthetic Sahyadri Bank 2,CUSTOMER
ACC-002464,SAVINGS,Synthetic Sahyadri Bank 6,CUSTOMER
ACC-000234,SAVINGS,Synthetic Sahyadri Bank 6,CUSTOMER
ACC-012727,SAVINGS,Synthetic Sahyadri Bank 3,CUSTOMER
ACC-027063,SAVINGS,Synthetic Sahyadri Bank 1,CUSTOMER
ACC-011113,SAVINGS,Synthetic Sahyadri Bank 4,CUSTOMER
ACC-012447,SAVINGS,Synthetic Sahyadri Bank 3,CUSTOMER
ACC-022226,SAVINGS,Synthetic Sahyadri Bank 1,CUSTOMER
ACC-008834,SAVINGS,Synthetic Sahyadri Bank 3,CUSTOMER
ACC-005753,SAVINGS,Synthetic Sahyadri Bank 1,CUSTOMER
ACC-002164,SAVINGS,Synthetic Sahyadri Bank 2,CUSTOMER
ACC-003986,SAVINGS,Synthetic Sahyadri Bank 2,CUSTOMER
ACC-020313,SAVINGS,Synthetic Sahyadri Bank 2,CUSTOMER
ACC-012245,SAVINGS,Synthetic Sahyadri Bank 6,CUSTOMER
ACC-026944,SAVINGS,Synthetic Sahyadri Bank 4,CUSTOMER
ACC-012462,SAVINGS,Synthetic Sahyadri Bank 5,CUSTOMER
ACC-007661,SAVINGS,Synthetic Sahyadri Bank 4,CUSTOMER
ACC-024745,SAVINGS,Synthetic Sahyadri Bank 1,CUSTOMER
ACC-020770,SAVINGS,Synthetic Sahyadri Bank 6,CUSTOMER
ACC-005780,SAVINGS,Synthetic Sahyadri Bank 1,CUSTOMER
ACC-018500,SAVINGS,Synthetic Sahyadri Bank 4,CUSTOMER
ACC-017366,SAVINGS,Synthetic Sahyadri Bank 4,CUSTOMER
ACC-017700,SAVINGS,Synthetic Sahyadri Bank 4,CUSTOMER
ACC-000280,SAVINGS,Synthetic Sahyadri Bank 4,CUSTOMER
ACC-029089,SAVINGS,Synthetic Sahyadri Bank 1,CUSTOMER
ACC-006811,SAVINGS,Synthetic Sahyadri Bank 5,CUSTOMER
ACC-026847,SAVINGS,Synthetic Sahyadri Bank 5,CUSTOMER
ACC-003512,SAVINGS,Synthetic Sahyadri Bank 2,CUSTOMER
ACC-014138,SAVINGS,Synthetic Sahyadri Bank 1,CUSTOMER
ACC-003130,SAVINGS,Synthetic Sahyadri Bank 1,CUSTOMER
ACC-001349,SAVINGS,Synthetic Sahyadri Bank 5,CUSTOMER
ACC-007697,SAVINGS,Synthetic Sahyadri Bank 2,CUSTOMER
ACC-017184,SAVINGS,Synthetic Sahyadri Bank 1,CUSTOMER
ACC-020941,SAVINGS,Synthetic Sahyadri Bank 5,CUSTOMER
ACC-028158,SAVINGS,Synthetic Sahyadri Bank 5,CUSTOMER
ACC-012071,SAVINGS,Synthetic Sahyadri Bank 1,CUSTOMER
ACC-005178,SAVINGS,Synthetic Sahyadri Bank 2,CUSTOMER
ACC-022503,SAVINGS,Synthetic Sahyadri Bank 1,CUSTOMER
ACC-007645,SAVINGS,Synthetic Sahyadri Bank 2,CUSTOMER
ACC-004920,SAVINGS,Synthetic Sahyadri Bank 5,CUSTOMER
ACC-005594,SAVINGS,Synthetic Sahyadri Bank 6,CUSTOMER
ACC-023910,SAVINGS,Synthetic Sahyadri Bank 6,CUSTOMER
ACC-007306,SAVINGS,Synthetic Sahyadri Bank 2,CUSTOMER
ACC-012944,SAVINGS,Synthetic Sahyadri Bank 4,CUSTOMER
ACC-000472,SAVINGS,Synthetic Sahyadri Bank 2,CUSTOMER
ACC-003350,SAVINGS,Synthetic Sahyadri Bank 1,CUSTOMER
ACC-018501,SAVINGS,Synthetic Sahyadri Bank 5,CUSTOMER
ACC-013266,SAVINGS,Synthetic Sahyadri Bank 6,CUSTOMER
ACC-010470,SAVINGS,Synthetic Sahyadri Bank 3,CUSTOMER
ACC-022864,SAVINGS,Synthetic Sahyadri Bank 2,CUSTOMER
ACC-010740,SAVINGS,Synthetic Sahyadri Bank 4,CUSTOMER
ACC-020895,SAVINGS,Synthetic Sahyadri Bank 4,CUSTOMER
ACC-004949,SAVINGS,Synthetic Sahyadri Bank 3,CUSTOMER
ACC-029688,SAVINGS,Synthetic Sahyadri Bank 4,CUSTOMER
ACC-020205,SAVINGS,Synthetic Sahyadri Bank 5,CUSTOMER
ACC-008987,SAVINGS,Synthetic Sahyadri Bank 3,CUSTOMER
ACC-014362,SAVINGS,Synthetic Sahyadri Bank 5,CUSTOMER
ACC-019056,SAVINGS,Synthetic Sahyadri Bank 5,CUSTOMER
ACC-003931,SAVINGS,Synthetic Sahyadri Bank 1,CUSTOMER
ACC-002744,SAVINGS,Synthetic Sahyadri Bank 5,CUSTOMER
ACC-023651,SAVINGS,Synthetic Sahyadri Bank 2,CUSTOMER
ACC-016364,SAVINGS,Synthetic Sahyadri Bank 5,CUSTOMER
ACC-028020,SAVINGS,Synthetic Sahyadri Bank 1,CUSTOMER
ACC-026908,SAVINGS,Synthetic Sahyadri Bank 2,CUSTOMER
ACC-021560,SAVINGS,Synthetic Sahyadri Bank 1,CUSTOMER
ACC-002688,SAVINGS,Synthetic Sahyadri Bank 5,CUSTOMER
ACC-000600,SAVINGS,Synthetic Sahyadri Bank 1,CUSTOMER
ACC-009997,SAVINGS,Synthetic Sahyadri Bank 5,CUSTOMER
ACC-026212,SAVINGS,Synthetic Sahyadri Bank 2,CUSTOMER
ACC-017749,SAVINGS,Synthetic Sahyadri Bank 1,CUSTOMER
ACC-019280,SAVINGS,Synthetic Sahyadri Bank 2,CUSTOMER
ACC-011036,SAVINGS,Synthetic Sahyadri Bank 2,CUSTOMER
ACC-022607,SAVINGS,Synthetic Sahyadri Bank 6,CUSTOMER
ACC-018271,SAVINGS,Synthetic Sahyadri Bank 4,CUSTOMER
ACC-011789,SAVINGS,Synthetic Sahyadri Bank 4,CUSTOMER
ACC-012879,SAVINGS,Synthetic Sahyadri Bank 1,CUSTOMER
ACC-023710,SAVINGS,Synthetic Sahyadri Bank 5,CUSTOMER
ACC-003065,SAVINGS,Synthetic Sahyadri Bank 5,CUSTOMER
ACC-005433,SAVINGS,Synthetic Sahyadri Bank 6,CUSTOMER
ACC-000833,SAVINGS,Synthetic Sahyadri Bank 3,CUSTOMER
ACC-010039,SAVINGS,Synthetic Sahyadri Bank 2,CUSTOMER
ACC-004145,SAVINGS,Synthetic Sahyadri Bank 5,CUSTOMER
ACC-010588,SAVINGS,Synthetic Sahyadri Bank 2,CUSTOMER
ACC-006438,SAVINGS,Synthetic Sahyadri Bank 5,CUSTOMER
ACC-002625,SAVINGS,Synthetic Sahyadri Bank 4,CUSTOMER
ACC-028296,SAVINGS,Synthetic Sahyadri Bank 4,CUSTOMER
ACC-016074,SAVINGS,Synthetic Sahyadri Bank 1,CUSTOMER
ACC-013570,SAVINGS,Synthetic Sahyadri Bank 6,CUSTOMER
ACC-019025,SAVINGS,Synthetic Sahyadri Bank 6,CUSTOMER
ACC-009856,SAVINGS,Synthetic Sahyadri Bank 1,CUSTOMER
ACC-008539,SAVINGS,Synthetic Sahyadri Bank 1,CUSTOMER
ACC-015868,SAVINGS,Synthetic Sahyadri Bank 1,CUSTOMER
ACC-015578,SAVINGS,Synthetic Sahyadri Bank 3,CUSTOMER
ACC-010073,SAVINGS,Synthetic Sahyadri Bank 3,CUSTOMER
ACC-003337,SAVINGS,Synthetic Sahyadri Bank 1,CUSTOMER
ACC-016032,SAVINGS,Synthetic Sahyadri Bank 4,CUSTOMER
ACC-008933,SAVINGS,Synthetic Sahyadri Bank 3,CUSTOMER
ACC-021761,SAVINGS,Synthetic Sahyadri Bank 2,CUSTOMER
ACC-027081,SAVINGS,Synthetic Sahyadri Bank 6,CUSTOMER
ACC-014513,SAVINGS,Synthetic Sahyadri Bank 3,CUSTOMER
ACC-025694,SAVINGS,Synthetic Sahyadri Bank 5,CUSTOMER
ACC-006363,SAVINGS,Synthetic Sahyadri Bank 2,CUSTOMER
ACC-015454,SAVINGS,Synthetic Sahyadri Bank 2,CUSTOMER
ACC-004484,SAVINGS,Synthetic Sahyadri Bank 1,CUSTOMER
ACC-024436,SAVINGS,Synthetic Sahyadri Bank 4,CUSTOMER
ACC-010595,SAVINGS,Synthetic Sahyadri Bank 4,CUSTOMER
ACC-010320,SAVINGS,Synthetic Sahyadri Bank 5,CUSTOMER
ACC-016123,SAVINGS,Synthetic Sahyadri Bank 6,CUSTOMER
ACC-029974,SAVINGS,Synthetic Sahyadri Bank 4,CUSTOMER
ACC-025810,SAVINGS,Synthetic Sahyadri Bank 5,CUSTOMER
ACC-012055,SAVINGS,Synthetic Sahyadri Bank 6,CUSTOMER
ACC-018935,SAVINGS,Synthetic Sahyadri Bank 1,CUSTOMER
ACC-021159,SAVINGS,Synthetic Sahyadri Bank 2,CUSTOMER
ACC-013472,SAVINGS,Synthetic Sahyadri Bank 3,CUSTOMER
ACC-005471,SAVINGS,Synthetic Sahyadri Bank 3,CUSTOMER
ACC-008470,SAVINGS,Synthetic Sahyadri Bank 4,CUSTOMER
ACC-002318,SAVINGS,Synthetic Sahyadri Bank 2,CUSTOMER
ACC-009809,SAVINGS,Synthetic Sahyadri Bank 5,CUSTOMER
ACC-019163,SAVINGS,Synthetic Sahyadri Bank 6,CUSTOMER
ACC-023760,SAVINGS,Synthetic Sahyadri Bank 5,CUSTOMER
ACC-012937,SAVINGS,Synthetic Sahyadri Bank 1,CUSTOMER
ACC-018531,SAVINGS,Synthetic Sahyadri Bank 5,CUSTOMER
ACC-005031,SAVINGS,Synthetic Sahyadri Bank 1,CUSTOMER
ACC-024986,SAVINGS,Synthetic Sahyadri Bank 3,CUSTOMER
ACC-028738,SAVINGS,Synthetic Sahyadri Bank 3,CUSTOMER
ACC-021690,SAVINGS,Synthetic Sahyadri Bank 2,CUSTOMER
ACC-007849,SAVINGS,Synthetic Sahyadri Bank 2,CUSTOMER
ACC-009980,SAVINGS,Synthetic Sahyadri Bank 4,CUSTOMER
ACC-000048,SAVINGS,Synthetic Sahyadri Bank 5,CUSTOMER
ACC-004892,SAVINGS,Synthetic Sahyadri Bank 4,CUSTOMER
ACC-018104,SAVINGS,Synthetic Sahyadri Bank 6,CUSTOMER
ACC-018729,SAVINGS,Synthetic Sahyadri Bank 5,CUSTOMER
ACC-004891,SAVINGS,Synthetic Sahyadri Bank 4,CUSTOMER
ACC-009548,SAVINGS,Synthetic Sahyadri Bank 6,CUSTOMER
ACC-015036,SAVINGS,Synthetic Sahyadri Bank 1,CUSTOMER
ACC-015300,SAVINGS,Synthetic Sahyadri Bank 4,CUSTOMER
ACC-002766,SAVINGS,Synthetic Sahyadri Bank 4,CUSTOMER
ACC-016108,SAVINGS,Synthetic Sahyadri Bank 3,CUSTOMER
ACC-004176,SAVINGS,Synthetic Sahyadri Bank 6,CUSTOMER
ACC-004244,SAVINGS,Synthetic Sahyadri Bank 5,CUSTOMER
ACC-012264,SAVINGS,Synthetic Sahyadri Bank 2,CUSTOMER
ACC-010354,SAVINGS,Synthetic Sahyadri Bank 2,CUSTOMER
ACC-023734,SAVINGS,Synthetic Sahyadri Bank 1,CUSTOMER
ACC-017336,SAVINGS,Synthetic Sahyadri Bank 5,CUSTOMER
ACC-011056,SAVINGS,Synthetic Sahyadri Bank 3,CUSTOMER
ACC-014154,SAVINGS,Synthetic Sahyadri Bank 6,CUSTOMER
ACC-024585,SAVINGS,Synthetic Sahyadri Bank 2,CUSTOMER
ACC-006425,SAVINGS,Synthetic Sahyadri Bank 1,CUSTOMER
ACC-018295,SAVINGS,Synthetic Sahyadri Bank 1,CUSTOMER
ACC-004953,SAVINGS,Synthetic Sahyadri Bank 1,CUSTOMER
ACC-021791,SAVINGS,Synthetic Sahyadri Bank 6,CUSTOMER
ACC-002004,SAVINGS,Synthetic Sahyadri Bank 2,CUSTOMER
ACC-006293,SAVINGS,Synthetic Sahyadri Bank 2,CUSTOMER
ACC-013327,SAVINGS,Synthetic Sahyadri Bank 6,CUSTOMER
ACC-008671,SAVINGS,Synthetic Sahyadri Bank 6,CUSTOMER
ACC-009547,SAVINGS,Synthetic Sahyadri Bank 2,CUSTOMER
ACC-009243,SAVINGS,Synthetic Sahyadri Bank 5,CUSTOMER
ACC-014803,SAVINGS,Synthetic Sahyadri Bank 5,CUSTOMER
ACC-011636,SAVINGS,Synthetic Sahyadri Bank 1,CUSTOMER
ACC-014045,SAVINGS,Synthetic Sahyadri Bank 1,CUSTOMER
ACC-002446,SAVINGS,Synthetic Sahyadri Bank 5,CUSTOMER
ACC-020433,SAVINGS,Synthetic Sahyadri Bank 3,CUSTOMER
ACC-022630,SAVINGS,Synthetic Sahyadri Bank 2,CUSTOMER
ACC-008694,SAVINGS,Synthetic Sahyadri Bank 5,CUSTOMER
ACC-019812,SAVINGS,Synthetic Sahyadri Bank 3,CUSTOMER
ACC-014816,SAVINGS,Synthetic Sahyadri Bank 6,CUSTOMER
ACC-029795,SAVINGS,Synthetic Sahyadri Bank 2,CUSTOMER
ACC-019820,SAVINGS,Synthetic Sahyadri Bank 2,CUSTOMER
ACC-026445,SAVINGS,Synthetic Sahyadri Bank 1,CUSTOMER
ACC-017786,SAVINGS,Synthetic Sahyadri Bank 1,CUSTOMER
ACC-021165,SAVINGS,Synthetic Sahyadri Bank 3,CUSTOMER
ACC-018090,SAVINGS,Synthetic Sahyadri Bank 6,CUSTOMER
