fraud_ring_id,scenario_type,member_ids,intended_suspicious_behavior,expected_evidence
RING-0342,SHARED_PAYOUT_ACCOUNT,BEN-031079|BEN-027617|BEN-029329|BEN-032766|BEN-035820|BEN-032805|BEN-033720|BEN-015905|BEN-048238|BEN-047170,Unrelated identities concentrate awards in a small payout-account hub.,ground_truth/ring_evidence.json: RING-0342
RING-0141,IDENTITY_CLONING,BEN-037515|BEN-042992|BEN-039921,Aliases of the same people claim multiple awards using spelling/initial variants.,ground_truth/ring_evidence.json: RING-0141
RING-0278,IDENTITY_CLONING,BEN-045519|BEN-009402|BEN-004782,Aliases of the same people claim multiple awards using spelling/initial variants.,ground_truth/ring_evidence.json: RING-0278
RING-0887,BATCH_FABRICATION,BEN-011087|BEN-002024|BEN-044082|BEN-011296|BEN-046263|BEN-024791|BEN-027484|BEN-022669|BEN-022250|BEN-007085,"Closely timed registrations, related names/contacts and common payouts indicate coordinated creation.",ground_truth/ring_evidence.json: RING-0887
RING-0405,INCOMPATIBLE_SCHEME_CLAIMS,BEN-018074|BEN-044675|BEN-011392|BEN-023042|BEN-012791,Connected students receive both mutually exclusive tuition awards in one academic year.,ground_truth/ring_evidence.json: RING-0405
RING-0487,INCOMPATIBLE_SCHEME_CLAIMS,BEN-035403|BEN-036296|BEN-030799|BEN-031103|BEN-036194,Connected students receive both mutually exclusive tuition awards in one academic year.,ground_truth/ring_evidence.json: RING-0487
RING-0816,BATCH_FABRICATION,BEN-002396|BEN-030107|BEN-014292|BEN-041135|BEN-041486|BEN-026520|BEN-028778|BEN-024263|BEN-022896|BEN-010591,"Closely timed registrations, related names/contacts and common payouts indicate coordinated creation.",ground_truth/ring_evidence.json: RING-0816
RING-0679,COMMON_COLLECTION_ACCOUNT,BEN-016064|BEN-007814|BEN-007241|BEN-035314|BEN-028775|BEN-017209|BEN-024664|BEN-000499,Recipients forward a portion of funded scholarships to a common downstream account.,ground_truth/ring_evidence.json: RING-0679
RING-0465,INCOMPATIBLE_SCHEME_CLAIMS,BEN-047850|BEN-027146|BEN-003207|BEN-001468|BEN-017379,Connected students receive both mutually exclusive tuition awards in one academic year.,ground_truth/ring_evidence.json: RING-0465
RING-0154,IDENTITY_CLONING,BEN-039798|BEN-001061|BEN-042366,Aliases of the same people claim multiple awards using spelling/initial variants.,ground_truth/ring_evidence.json: RING-0154
RING-0189,IDENTITY_CLONING,BEN-020051|BEN-018482|BEN-007582,Aliases of the same people claim multiple awards using spelling/initial variants.,ground_truth/ring_evidence.json: RING-0189
RING-0707,CIRCULAR_TRANSFERS,BEN-036488|BEN-027673|BEN-032305|BEN-019064,A chronological funded sequence returns money to its origin.,ground_truth/ring_evidence.json: RING-0707
RING-0005,IDENTITY_CLONING,BEN-026353|BEN-033967|BEN-006871,Aliases of the same people claim multiple awards using spelling/initial variants.,ground_truth/ring_evidence.json: RING-0005
RING-0508,GHOST_IDENTITY,BEN-019331|BEN-022911|BEN-025081|BEN-037144|BEN-028938|BEN-026621|BEN-019063|BEN-023953,Fabricated claims share payout/contact infrastructure; some receive approval despite missing enrollment.,ground_truth/ring_evidence.json: RING-0508
RING-0688,COMMON_COLLECTION_ACCOUNT,BEN-026868|BEN-019267|BEN-043232|BEN-041962|BEN-034200|BEN-019437|BEN-022525|BEN-048418,Recipients forward a portion of funded scholarships to a common downstream account.,ground_truth/ring_evidence.json: RING-0688
RING-0630,COMMON_COLLECTION_ACCOUNT,BEN-000450|BEN-022254|BEN-003052|BEN-023187|BEN-031884|BEN-007103|BEN-019900|BEN-017080,Recipients forward a portion of funded scholarships to a common downstream account.,ground_truth/ring_evidence.json: RING-0630
RING-0594,GHOST_IDENTITY,BEN-024101|BEN-006990|BEN-034613|BEN-019702|BEN-033817|BEN-049455|BEN-015386|BEN-005969,Fabricated claims share payout/contact infrastructure; some receive approval despite missing enrollment.,ground_truth/ring_evidence.json: RING-0594
RING-0310,SHARED_PAYOUT_ACCOUNT,BEN-049263|BEN-040644|BEN-019041|BEN-049783|BEN-005623|BEN-020122|BEN-038104|BEN-036990|BEN-035961|BEN-013239,Unrelated identities concentrate awards in a small payout-account hub.,ground_truth/ring_evidence.json: RING-0310
RING-0064,IDENTITY_CLONING,BEN-028404|BEN-014902|BEN-021544,Aliases of the same people claim multiple awards using spelling/initial variants.,ground_truth/ring_evidence.json: RING-0064
RING-0257,IDENTITY_CLONING,BEN-019250|BEN-022069|BEN-029055,Aliases of the same people claim multiple awards using spelling/initial variants.,ground_truth/ring_evidence.json: RING-0257
RING-0017,IDENTITY_CLONING,BEN-034205|BEN-009391|BEN-048548,Aliases of the same people claim multiple awards using spelling/initial variants.,ground_truth/ring_evidence.json: RING-0017
RING-0430,INCOMPATIBLE_SCHEME_CLAIMS,BEN-016728|BEN-046011|BEN-032485|BEN-018135|BEN-042945,Connected students receive both mutually exclusive tuition awards in one academic year.,ground_truth/ring_evidence.json: RING-0430
RING-0848,BATCH_FABRICATION,BEN-037772|BEN-022986|BEN-040385|BEN-003277|BEN-017930|BEN-018456|BEN-030084|BEN-045941|BEN-011785|BEN-015123,"Closely timed registrations, related names/contacts and common payouts indicate coordinated creation.",ground_truth/ring_evidence.json: RING-0848
RING-0425,INCOMPATIBLE_SCHEME_CLAIMS,BEN-048866|BEN-044201|BEN-038355|BEN-014297|BEN-039786,Connected students receive both mutually exclusive tuition awards in one academic year.,ground_truth/ring_evidence.json: RING-0425
RING-0878,BATCH_FABRICATION,BEN-041392|BEN-008162|BEN-029857|BEN-012136|BEN-007435|BEN-003524|BEN-017515|BEN-020649|BEN-027013|BEN-033353,"Closely timed registrations, related names/contacts and common payouts indicate coordinated creation.",ground_truth/ring_evidence.json: RING-0878
RING-0110,IDENTITY_CLONING,BEN-026285|BEN-031226|BEN-021700,Aliases of the same people claim multiple awards using spelling/initial variants.,ground_truth/ring_evidence.json: RING-0110
RING-0130,IDENTITY_CLONING,BEN-016830|BEN-049063|BEN-042583,Aliases of the same people claim multiple awards using spelling/initial variants.,ground_truth/ring_evidence.json: RING-0130
RING-0240,IDENTITY_CLONING,BEN-001147|BEN-010661|BEN-008060,Aliases of the same people claim multiple awards using spelling/initial variants.,ground_truth/ring_evidence.json: RING-0240
RING-0603,COMMON_COLLECTION_ACCOUNT,BEN-020675|BEN-043615|BEN-004573|BEN-013085|BEN-044356|BEN-006124|BEN-007357|BEN-005766,Recipients forward a portion of funded scholarships to a common downstream account.,ground_truth/ring_evidence.json: RING-0603
RING-0135,IDENTITY_CLONING,BEN-019901|BEN-029772|BEN-021648,Aliases of the same people claim multiple awards using spelling/initial variants.,ground_truth/ring_evidence.json: RING-0135
RING-0307,SHARED_PAYOUT_ACCOUNT,BEN-038493|BEN-016233|BEN-037211|BEN-026810|BEN-024922|BEN-019616|BEN-002558|BEN-028391|BEN-047858|BEN-026323,Unrelated identities concentrate awards in a small payout-account hub.,ground_truth/ring_evidence.json: RING-0307
RING-0712,CIRCULAR_TRANSFERS,BEN-027801|BEN-016704|BEN-012653|BEN-004024,A chronological funded sequence returns money to its origin.,ground_truth/ring_evidence.json: RING-0712
RING-0370,SHARED_PAYOUT_ACCOUNT,BEN-002595|BEN-039270|BEN-038574|BEN-037425|BEN-011135|BEN-026199|BEN-046760|BEN-033602|BEN-038522|BEN-000551,Unrelated identities concentrate awards in a small payout-account hub.,ground_truth/ring_evidence.json: RING-0370
RING-0373,SHARED_PAYOUT_ACCOUNT,BEN-032780|BEN-022936|BEN-047188|BEN-019058|BEN-043235|BEN-018767|BEN-045340|BEN-020206|BEN-004687|BEN-003060,Unrelated identities concentrate awards in a small payout-account hub.,ground_truth/ring_evidence.json: RING-0373
RING-0297,IDENTITY_CLONING,BEN-034214|BEN-036622|BEN-009313,Aliases of the same people claim multiple awards using spelling/initial variants.,ground_truth/ring_evidence.json: RING-0297
RING-0111,IDENTITY_CLONING,BEN-024780|BEN-022070|BEN-026563,Aliases of the same people claim multiple awards using spelling/initial variants.,ground_truth/ring_evidence.json: RING-0111
RING-0483,INCOMPATIBLE_SCHEME_CLAIMS,BEN-025653|BEN-022413|BEN-048293|BEN-024890|BEN-042115,Connected students receive both mutually exclusive tuition awards in one academic year.,ground_truth/ring_evidence.json: RING-0483
RING-0051,IDENTITY_CLONING,BEN-007017|BEN-027068|BEN-037037,Aliases of the same people claim multiple awards using spelling/initial variants.,ground_truth/ring_evidence.json: RING-0051
RING-0241,IDENTITY_CLONING,BEN-009179|BEN-015236|BEN-017422,Aliases of the same people claim multiple awards using spelling/initial variants.,ground_truth/ring_evidence.json: RING-0241
RING-0693,COMMON_COLLECTION_ACCOUNT,BEN-024675|BEN-010848|BEN-012146|BEN-032800|BEN-022880|BEN-036845|BEN-007621|BEN-038390,Recipients forward a portion of funded scholarships to a common downstream account.,ground_truth/ring_evidence.json: RING-0693
RING-0608,COMMON_COLLECTION_ACCOUNT,BEN-037759|BEN-041460|BEN-036016|BEN-036857|BEN-036848|BEN-013607|BEN-002704|BEN-028051,Recipients forward a portion of funded scholarships to a common downstream account.,ground_truth/ring_evidence.json: RING-0608
RING-0753,CIRCULAR_TRANSFERS,BEN-017027|BEN-044420|BEN-044828|BEN-018268,A chronological funded sequence returns money to its origin.,ground_truth/ring_evidence.json: RING-0753
RING-0194,IDENTITY_CLONING,BEN-040094|BEN-019079|BEN-015135,Aliases of the same people claim multiple awards using spelling/initial variants.,ground_truth/ring_evidence.json: RING-0194
RING-0488,INCOMPATIBLE_SCHEME_CLAIMS,BEN-027191|BEN-037618|BEN-019513|BEN-016148|BEN-025242,Connected students receive both mutually exclusive tuition awards in one academic year.,ground_truth/ring_evidence.json: RING-0488
RING-0537,GHOST_IDENTITY,BEN-039437|BEN-036666|BEN-022636|BEN-012059|BEN-031941|BEN-049626|BEN-048869|BEN-037225,Fabricated claims share payout/contact infrastructure; some receive approval despite missing enrollment.,ground_truth/ring_evidence.json: RING-0537
RING-0788,CIRCULAR_TRANSFERS,BEN-048849|BEN-004213|BEN-013905|BEN-001578,A chronological funded sequence returns money to its origin.,ground_truth/ring_evidence.json: RING-0788
RING-0652,COMMON_COLLECTION_ACCOUNT,BEN-017169|BEN-021066|BEN-030162|BEN-020082|BEN-027570|BEN-023129|BEN-034365|BEN-048977,Recipients forward a portion of funded scholarships to a common downstream account.,ground_truth/ring_evidence.json: RING-0652
RING-0093,IDENTITY_CLONING,BEN-024245|BEN-041590|BEN-022597,Aliases of the same people claim multiple awards using spelling/initial variants.,ground_truth/ring_evidence.json: RING-0093
RING-0372,SHARED_PAYOUT_ACCOUNT,BEN-025554|BEN-004617|BEN-036360|BEN-005905|BEN-009176|BEN-030726|BEN-025762|BEN-006455|BEN-024505|BEN-048470,Unrelated identities concentrate awards in a small payout-account hub.,ground_truth/ring_evidence.json: RING-0372
RING-0090,IDENTITY_CLONING,BEN-039735|BEN-009912|BEN-018247,Aliases of the same people claim multiple awards using spelling/initial variants.,ground_truth/ring_evidence.json: RING-0090
RING-0228,IDENTITY_CLONING,BEN-039620|BEN-031958|BEN-041624,Aliases of the same people claim multiple awards using spelling/initial variants.,ground_truth/ring_evidence.json: RING-0228
RING-0463,INCOMPATIBLE_SCHEME_CLAIMS,BEN-033463|BEN-009236|BEN-020700|BEN-030862|BEN-046430,Connected students receive both mutually exclusive tuition awards in one academic year.,ground_truth/ring_evidence.json: RING-0463
RING-0558,GHOST_IDENTITY,BEN-042731|BEN-020151|BEN-005509|BEN-016864|BEN-037500|BEN-026508|BEN-025832|BEN-020862,Fabricated claims share payout/contact infrastructure; some receive approval despite missing enrollment.,ground_truth/ring_evidence.json: RING-0558
RING-0853,BATCH_FABRICATION,BEN-010031|BEN-002094|BEN-006670|BEN-010402|BEN-002473|BEN-045641|BEN-004619|BEN-045897|BEN-023155|BEN-026043,"Closely timed registrations, related names/contacts and common payouts indicate coordinated creation.",ground_truth/ring_evidence.json: RING-0853
RING-0188,IDENTITY_CLONING,BEN-011957|BEN-043648|BEN-034816,Aliases of the same people claim multiple awards using spelling/initial variants.,ground_truth/ring_evidence.json: RING-0188
RING-0133,IDENTITY_CLONING,BEN-008045|BEN-046206|BEN-005520,Aliases of the same people claim multiple awards using spelling/initial variants.,ground_truth/ring_evidence.json: RING-0133
RING-0510,GHOST_IDENTITY,BEN-039647|BEN-015449|BEN-046545|BEN-024064|BEN-006004|BEN-048128|BEN-043292|BEN-040788,Fabricated claims share payout/contact infrastructure; some receive approval despite missing enrollment.,ground_truth/ring_evidence.json: RING-0510
RING-0252,IDENTITY_CLONING,BEN-003585|BEN-040676|BEN-045508,Aliases of the same people claim multiple awards using spelling/initial variants.,ground_truth/ring_evidence.json: RING-0252
RING-0182,IDENTITY_CLONING,BEN-009375|BEN-046736|BEN-021218,Aliases of the same people claim multiple awards using spelling/initial variants.,ground_truth/ring_evidence.json: RING-0182
RING-0653,COMMON_COLLECTION_ACCOUNT,BEN-017844|BEN-045730|BEN-010622|BEN-028585|BEN-048495|BEN-012878|BEN-040916|BEN-003498,Recipients forward a portion of funded scholarships to a common downstream account.,ground_truth/ring_evidence.json: RING-0653
RING-0217,IDENTITY_CLONING,BEN-037411|BEN-049657|BEN-039136,Aliases of the same people claim multiple awards using spelling/initial variants.,ground_truth/ring_evidence.json: RING-0217
RING-0882,BATCH_FABRICATION,BEN-013566|BEN-018914|BEN-008593|BEN-009372|BEN-042375|BEN-034391|BEN-024104|BEN-047071|BEN-017713|BEN-006228,"Closely timed registrations, related names/contacts and common payouts indicate coordinated creation.",ground_truth/ring_evidence.json: RING-0882
RING-0205,IDENTITY_CLONING,BEN-036797|BEN-032323|BEN-014192,Aliases of the same people claim multiple awards using spelling/initial variants.,ground_truth/ring_evidence.json: RING-0205
RING-0383,SHARED_PAYOUT_ACCOUNT,BEN-022514|BEN-040622|BEN-040115|BEN-042062|BEN-022560|BEN-020170|BEN-023180|BEN-028485|BEN-026730|BEN-034552,Unrelated identities concentrate awards in a small payout-account hub.,ground_truth/ring_evidence.json: RING-0383
RING-0892,BATCH_FABRICATION,BEN-029220|BEN-005487|BEN-040229|BEN-024704|BEN-018446|BEN-019799|BEN-008907|BEN-009084|BEN-045644|BEN-009811,"Closely timed registrations, related names/contacts and common payouts indicate coordinated creation.",ground_truth/ring_evidence.json: RING-0892
RING-0742,CIRCULAR_TRANSFERS,BEN-015814|BEN-026144|BEN-041417|BEN-043657,A chronological funded sequence returns money to its origin.,ground_truth/ring_evidence.json: RING-0742
RING-0686,COMMON_COLLECTION_ACCOUNT,BEN-033406|BEN-023265|BEN-031195|BEN-024913|BEN-012664|BEN-044561|BEN-019839|BEN-029051,Recipients forward a portion of funded scholarships to a common downstream account.,ground_truth/ring_evidence.json: RING-0686
RING-0280,IDENTITY_CLONING,BEN-008675|BEN-045282|BEN-033655,Aliases of the same people claim multiple awards using spelling/initial variants.,ground_truth/ring_evidence.json: RING-0280
RING-0806,BATCH_FABRICATION,BEN-036597|BEN-029625|BEN-027210|BEN-023538|BEN-013634|BEN-002121|BEN-005083|BEN-029656|BEN-048424|BEN-048857,"Closely timed registrations, related names/contacts and common payouts indicate coordinated creation.",ground_truth/ring_evidence.json: RING-0806
RING-0755,CIRCULAR_TRANSFERS,BEN-048077|BEN-025508|BEN-034063|BEN-031328,A chronological funded sequence returns money to its origin.,ground_truth/ring_evidence.json: RING-0755
RING-0332,SHARED_PAYOUT_ACCOUNT,BEN-048256|BEN-043471|BEN-027803|BEN-029546|BEN-034057|BEN-023499|BEN-006281|BEN-032511|BEN-024456|BEN-033606,Unrelated identities concentrate awards in a small payout-account hub.,ground_truth/ring_evidence.json: RING-0332
RING-0650,COMMON_COLLECTION_ACCOUNT,BEN-023869|BEN-008758|BEN-001764|BEN-034517|BEN-003442|BEN-001967|BEN-036550|BEN-022456,Recipients forward a portion of funded scholarships to a common downstream account.,ground_truth/ring_evidence.json: RING-0650
RING-0082,IDENTITY_CLONING,BEN-021109|BEN-016493|BEN-010310,Aliases of the same people claim multiple awards using spelling/initial variants.,ground_truth/ring_evidence.json: RING-0082
RING-0170,IDENTITY_CLONING,BEN-042351|BEN-031532|BEN-036766,Aliases of the same people claim multiple awards using spelling/initial variants.,ground_truth/ring_evidence.json: RING-0170
RING-0043,IDENTITY_CLONING,BEN-009674|BEN-045826|BEN-023903,Aliases of the same people claim multiple awards using spelling/initial variants.,ground_truth/ring_evidence.json: RING-0043
RING-0160,IDENTITY_CLONING,BEN-033483|BEN-043104|BEN-029716,Aliases of the same people claim multiple awards using spelling/initial variants.,ground_truth/ring_evidence.json: RING-0160
RING-0050,IDENTITY_CLONING,BEN-023368|BEN-018860|BEN-000861,Aliases of the same people claim multiple awards using spelling/initial variants.,ground_truth/ring_evidence.json: RING-0050
RING-0798,CIRCULAR_TRANSFERS,BEN-019561|BEN-037344|BEN-031817|BEN-049108,A chronological funded sequence returns money to its origin.,ground_truth/ring_evidence.json: RING-0798
RING-0319,SHARED_PAYOUT_ACCOUNT,BEN-027109|BEN-032239|BEN-043481|BEN-039775|BEN-036620|BEN-029670|BEN-045525|BEN-025804|BEN-046712|BEN-027538,Unrelated identities concentrate awards in a small payout-account hub.,ground_truth/ring_evidence.json: RING-0319
RING-0660,COMMON_COLLECTION_ACCOUNT,BEN-046932|BEN-042877|BEN-039436|BEN-016935|BEN-013208|BEN-011314|BEN-022182|BEN-033865,Recipients forward a portion of funded scholarships to a common downstream account.,ground_truth/ring_evidence.json: RING-0660
RING-0423,INCOMPATIBLE_SCHEME_CLAIMS,BEN-039096|BEN-048910|BEN-040708|BEN-034499|BEN-011002,Connected students receive both mutually exclusive tuition awards in one academic year.,ground_truth/ring_evidence.json: RING-0423
RING-0375,SHARED_PAYOUT_ACCOUNT,BEN-018453|BEN-045269|BEN-020538|BEN-024102|BEN-035924|BEN-031468|BEN-021235|BEN-031030|BEN-005489|BEN-019034,Unrelated identities concentrate awards in a small payout-account hub.,ground_truth/ring_evidence.json: RING-0375
RING-0346,SHARED_PAYOUT_ACCOUNT,BEN-000530|BEN-043433|BEN-012892|BEN-040537|BEN-031495|BEN-023544|BEN-038465|BEN-043376|BEN-036780|BEN-034202,Unrelated identities concentrate awards in a small payout-account hub.,ground_truth/ring_evidence.json: RING-0346
RING-0662,COMMON_COLLECTION_ACCOUNT,BEN-038866|BEN-033409|BEN-040341|BEN-032113|BEN-019860|BEN-020850|BEN-025382|BEN-045305,Recipients forward a portion of funded scholarships to a common downstream account.,ground_truth/ring_evidence.json: RING-0662
RING-0836,BATCH_FABRICATION,BEN-032799|BEN-027182|BEN-001136|BEN-004272|BEN-015597|BEN-006496|BEN-005978|BEN-007381|BEN-045343|BEN-037246,"Closely timed registrations, related names/contacts and common payouts indicate coordinated creation.",ground_truth/ring_evidence.json: RING-0836
RING-0237,IDENTITY_CLONING,BEN-044447|BEN-011416|BEN-044671,Aliases of the same people claim multiple awards using spelling/initial variants.,ground_truth/ring_evidence.json: RING-0237
RING-0004,IDENTITY_CLONING,BEN-034963|BEN-004911|BEN-040892,Aliases of the same people claim multiple awards using spelling/initial variants.,ground_truth/ring_evidence.json: RING-0004
RING-0040,IDENTITY_CLONING,BEN-035578|BEN-039479|BEN-000558,Aliases of the same people claim multiple awards using spelling/initial variants.,ground_truth/ring_evidence.json: RING-0040
RING-0412,INCOMPATIBLE_SCHEME_CLAIMS,BEN-030282|BEN-038820|BEN-024364|BEN-030485|BEN-034075,Connected students receive both mutually exclusive tuition awards in one academic year.,ground_truth/ring_evidence.json: RING-0412
RING-0076,IDENTITY_CLONING,BEN-022093|BEN-029622|BEN-035425,Aliases of the same people claim multiple awards using spelling/initial variants.,ground_truth/ring_evidence.json: RING-0076
RING-0523,GHOST_IDENTITY,BEN-039912|BEN-034631|BEN-046801|BEN-039946|BEN-048457|BEN-027116|BEN-020723|BEN-037570,Fabricated claims share payout/contact infrastructure; some receive approval despite missing enrollment.,ground_truth/ring_evidence.json: RING-0523
RING-0661,COMMON_COLLECTION_ACCOUNT,BEN-037383|BEN-029513|BEN-012623|BEN-032062|BEN-024785|BEN-033255|BEN-016560|BEN-036546,Recipients forward a portion of funded scholarships to a common downstream account.,ground_truth/ring_evidence.json: RING-0661
RING-0024,IDENTITY_CLONING,BEN-016658|BEN-033957|BEN-023341,Aliases of the same people claim multiple awards using spelling/initial variants.,ground_truth/ring_evidence.json: RING-0024
RING-0025,IDENTITY_CLONING,BEN-049527|BEN-041992|BEN-030276,Aliases of the same people claim multiple awards using spelling/initial variants.,ground_truth/ring_evidence.json: RING-0025
RING-0115,IDENTITY_CLONING,BEN-037884|BEN-016018|BEN-037488,Aliases of the same people claim multiple awards using spelling/initial variants.,ground_truth/ring_evidence.json: RING-0115
RING-0327,SHARED_PAYOUT_ACCOUNT,BEN-006748|BEN-049762|BEN-013815|BEN-040943|BEN-009261|BEN-013712|BEN-032173|BEN-045496|BEN-017842|BEN-034777,Unrelated identities concentrate awards in a small payout-account hub.,ground_truth/ring_evidence.json: RING-0327
RING-0224,IDENTITY_CLONING,BEN-043906|BEN-002520|BEN-019755,Aliases of the same people claim multiple awards using spelling/initial variants.,ground_truth/ring_evidence.json: RING-0224
RING-0177,IDENTITY_CLONING,BEN-023963|BEN-015933|BEN-045497,Aliases of the same people claim multiple awards using spelling/initial variants.,ground_truth/ring_evidence.json: RING-0177
RING-0756,CIRCULAR_TRANSFERS,BEN-037162|BEN-005001|BEN-043553|BEN-017665,A chronological funded sequence returns money to its origin.,ground_truth/ring_evidence.json: RING-0756
RING-0069,IDENTITY_CLONING,BEN-029558|BEN-028583|BEN-023225,Aliases of the same people claim multiple awards using spelling/initial variants.,ground_truth/ring_evidence.json: RING-0069
RING-0345,SHARED_PAYOUT_ACCOUNT,BEN-007416|BEN-005534|BEN-019818|BEN-024710|BEN-041199|BEN-022848|BEN-023822|BEN-015304|BEN-027262|BEN-002257,Unrelated identities concentrate awards in a small payout-account hub.,ground_truth/ring_evidence.json: RING-0345
RING-0701,COMMON_COLLECTION_ACCOUNT,BEN-017984|BEN-020109|BEN-016332|BEN-021012|BEN-035655|BEN-045407|BEN-033868|BEN-030835,Recipients forward a portion of funded scholarships to a common downstream account.,ground_truth/ring_evidence.json: RING-0701
RING-0545,GHOST_IDENTITY,BEN-018719|BEN-033260|BEN-026564|BEN-024387|BEN-042967|BEN-006629|BEN-043619|BEN-030515,Fabricated claims share payout/contact infrastructure; some receive approval despite missing enrollment.,ground_truth/ring_evidence.json: RING-0545
RING-0684,COMMON_COLLECTION_ACCOUNT,BEN-002463|BEN-039308|BEN-046891|BEN-001989|BEN-001346|BEN-013117|BEN-041951|BEN-021344,Recipients forward a portion of funded scholarships to a common downstream account.,ground_truth/ring_evidence.json: RING-0684
RING-0893,BATCH_FABRICATION,BEN-014168|BEN-042917|BEN-016266|BEN-048978|BEN-039108|BEN-023237|BEN-021026|BEN-048632|BEN-013548|BEN-019759,"Closely timed registrations, related names/contacts and common payouts indicate coordinated creation.",ground_truth/ring_evidence.json: RING-0893
RING-0823,BATCH_FABRICATION,BEN-004921|BEN-028129|BEN-019345|BEN-017368|BEN-022322|BEN-028983|BEN-045077|BEN-007624|BEN-031943|BEN-025918,"Closely timed registrations, related names/contacts and common payouts indicate coordinated creation.",ground_truth/ring_evidence.json: RING-0823
RING-0159,IDENTITY_CLONING,BEN-036186|BEN-034196|BEN-034757,Aliases of the same people claim multiple awards using spelling/initial variants.,ground_truth/ring_evidence.json: RING-0159
RING-0733,CIRCULAR_TRANSFERS,BEN-008906|BEN-004545|BEN-005627|BEN-028838,A chronological funded sequence returns money to its origin.,ground_truth/ring_evidence.json: RING-0733
RING-0601,GHOST_IDENTITY,BEN-016323|BEN-041122|BEN-026142|BEN-039210|BEN-005580|BEN-040049|BEN-041772|BEN-010563,Fabricated claims share payout/contact infrastructure; some receive approval despite missing enrollment.,ground_truth/ring_evidence.json: RING-0601
RING-0193,IDENTITY_CLONING,BEN-037250|BEN-045376|BEN-011505,Aliases of the same people claim multiple awards using spelling/initial variants.,ground_truth/ring_evidence.json: RING-0193
RING-0068,IDENTITY_CLONING,BEN-038641|BEN-010504|BEN-030977,Aliases of the same people claim multiple awards using spelling/initial variants.,ground_truth/ring_evidence.json: RING-0068
RING-0884,BATCH_FABRICATION,BEN-014705|BEN-008159|BEN-002773|BEN-020773|BEN-015983|BEN-034948|BEN-009074|BEN-042845|BEN-031404|BEN-044069,"Closely timed registrations, related names/contacts and common payouts indicate coordinated creation.",ground_truth/ring_evidence.json: RING-0884
RING-0293,IDENTITY_CLONING,BEN-010176|BEN-029265|BEN-044418,Aliases of the same people claim multiple awards using spelling/initial variants.,ground_truth/ring_evidence.json: RING-0293
RING-0623,COMMON_COLLECTION_ACCOUNT,BEN-049332|BEN-021789|BEN-018386|BEN-038225|BEN-022402|BEN-023112|BEN-032073|BEN-036023,Recipients forward a portion of funded scholarships to a common downstream account.,ground_truth/ring_evidence.json: RING-0623
RING-0321,SHARED_PAYOUT_ACCOUNT,BEN-039591|BEN-031797|BEN-040006|BEN-030760|BEN-018980|BEN-018191|BEN-019879|BEN-026127|BEN-022890|BEN-025524,Unrelated identities concentrate awards in a small payout-account hub.,ground_truth/ring_evidence.json: RING-0321
RING-0143,IDENTITY_CLONING,BEN-014170|BEN-015404|BEN-021933,Aliases of the same people claim multiple awards using spelling/initial variants.,ground_truth/ring_evidence.json: RING-0143
RING-0440,INCOMPATIBLE_SCHEME_CLAIMS,BEN-002988|BEN-026976|BEN-004987|BEN-011359|BEN-023639,Connected students receive both mutually exclusive tuition awards in one academic year.,ground_truth/ring_evidence.json: RING-0440
RING-0173,IDENTITY_CLONING,BEN-042988|BEN-003310|BEN-044191,Aliases of the same people claim multiple awards using spelling/initial variants.,ground_truth/ring_evidence.json: RING-0173
RING-0030,IDENTITY_CLONING,BEN-010647|BEN-039903|BEN-015660,Aliases of the same people claim multiple awards using spelling/initial variants.,ground_truth/ring_evidence.json: RING-0030
RING-0350,SHARED_PAYOUT_ACCOUNT,BEN-039502|BEN-022131|BEN-006621|BEN-019678|BEN-014930|BEN-042156|BEN-035883|BEN-017307|BEN-024197|BEN-007476,Unrelated identities concentrate awards in a small payout-account hub.,ground_truth/ring_evidence.json: RING-0350
RING-0180,IDENTITY_CLONING,BEN-033386|BEN-047395|BEN-010016,Aliases of the same people claim multiple awards using spelling/initial variants.,ground_truth/ring_evidence.json: RING-0180
RING-0642,COMMON_COLLECTION_ACCOUNT,BEN-037396|BEN-041522|BEN-011779|BEN-011613|BEN-031048|BEN-028969|BEN-044728|BEN-044178,Recipients forward a portion of funded scholarships to a common downstream account.,ground_truth/ring_evidence.json: RING-0642
RING-0072,IDENTITY_CLONING,BEN-002108|BEN-046459|BEN-018954,Aliases of the same people claim multiple awards using spelling/initial variants.,ground_truth/ring_evidence.json: RING-0072
RING-0481,INCOMPATIBLE_SCHEME_CLAIMS,BEN-046050|BEN-029641|BEN-033824|BEN-034104|BEN-028338,Connected students receive both mutually exclusive tuition awards in one academic year.,ground_truth/ring_evidence.json: RING-0481
RING-0125,IDENTITY_CLONING,BEN-040533|BEN-043260|BEN-007285,Aliases of the same people claim multiple awards using spelling/initial variants.,ground_truth/ring_evidence.json: RING-0125
RING-0584,GHOST_IDENTITY,BEN-002813|BEN-043686|BEN-014193|BEN-039429|BEN-023218|BEN-030441|BEN-041604|BEN-009388,Fabricated claims share payout/contact infrastructure; some receive approval despite missing enrollment.,ground_truth/ring_evidence.json: RING-0584
RING-0880,BATCH_FABRICATION,BEN-003465|BEN-017488|BEN-018262|BEN-031439|BEN-026182|BEN-012217|BEN-021121|BEN-000949|BEN-030226|BEN-019692,"Closely timed registrations, related names/contacts and common payouts indicate coordinated creation.",ground_truth/ring_evidence.json: RING-0880
RING-0687,COMMON_COLLECTION_ACCOUNT,BEN-011347|BEN-028479|BEN-031102|BEN-040571|BEN-038169|BEN-041636|BEN-002767|BEN-037675,Recipients forward a portion of funded scholarships to a common downstream account.,ground_truth/ring_evidence.json: RING-0687
RING-0435,INCOMPATIBLE_SCHEME_CLAIMS,BEN-026235|BEN-041286|BEN-022068|BEN-048031|BEN-043132,Connected students receive both mutually exclusive tuition awards in one academic year.,ground_truth/ring_evidence.json: RING-0435
RING-0384,SHARED_PAYOUT_ACCOUNT,BEN-003025|BEN-009966|BEN-033163|BEN-020811|BEN-013864|BEN-020072|BEN-033566|BEN-047522|BEN-014124|BEN-047699,Unrelated identities concentrate awards in a small payout-account hub.,ground_truth/ring_evidence.json: RING-0384
RING-0766,CIRCULAR_TRANSFERS,BEN-048751|BEN-038459|BEN-006880|BEN-002743,A chronological funded sequence returns money to its origin.,ground_truth/ring_evidence.json: RING-0766
RING-0385,SHARED_PAYOUT_ACCOUNT,BEN-034105|BEN-002357|BEN-041848|BEN-044588|BEN-038034|BEN-019990|BEN-019146|BEN-033951|BEN-043005|BEN-003525,Unrelated identities concentrate awards in a small payout-account hub.,ground_truth/ring_evidence.json: RING-0385
RING-0861,BATCH_FABRICATION,BEN-000803|BEN-003168|BEN-022783|BEN-024495|BEN-046184|BEN-047145|BEN-044106|BEN-038741|BEN-041637|BEN-033038,"Closely timed registrations, related names/contacts and common payouts indicate coordinated creation.",ground_truth/ring_evidence.json: RING-0861
RING-0467,INCOMPATIBLE_SCHEME_CLAIMS,BEN-043840|BEN-011517|BEN-011980|BEN-030697|BEN-002468,Connected students receive both mutually exclusive tuition awards in one academic year.,ground_truth/ring_evidence.json: RING-0467
RING-0762,CIRCULAR_TRANSFERS,BEN-000727|BEN-032751|BEN-005205|BEN-047743,A chronological funded sequence returns money to its origin.,ground_truth/ring_evidence.json: RING-0762
RING-0626,COMMON_COLLECTION_ACCOUNT,BEN-008785|BEN-031628|BEN-016774|BEN-032893|BEN-008068|BEN-048532|BEN-014148|BEN-020055,Recipients forward a portion of funded scholarships to a common downstream account.,ground_truth/ring_evidence.json: RING-0626
RING-0667,COMMON_COLLECTION_ACCOUNT,BEN-021280|BEN-035280|BEN-026502|BEN-024629|BEN-032367|BEN-015205|BEN-021124|BEN-022853,Recipients forward a portion of funded scholarships to a common downstream account.,ground_truth/ring_evidence.json: RING-0667
RING-0179,IDENTITY_CLONING,BEN-038701|BEN-018202|BEN-020956,Aliases of the same people claim multiple awards using spelling/initial variants.,ground_truth/ring_evidence.json: RING-0179
RING-0867,BATCH_FABRICATION,BEN-008152|BEN-022919|BEN-033748|BEN-039813|BEN-008631|BEN-009027|BEN-007239|BEN-005870|BEN-033823|BEN-009745,"Closely timed registrations, related names/contacts and common payouts indicate coordinated creation.",ground_truth/ring_evidence.json: RING-0867
RING-0088,IDENTITY_CLONING,BEN-002554|BEN-009462|BEN-017812,Aliases of the same people claim multiple awards using spelling/initial variants.,ground_truth/ring_evidence.json: RING-0088
RING-0847,BATCH_FABRICATION,BEN-015266|BEN-034465|BEN-047217|BEN-007739|BEN-039169|BEN-039048|BEN-017042|BEN-020622|BEN-014201|BEN-027354,"Closely timed registrations, related names/contacts and common payouts indicate coordinated creation.",ground_truth/ring_evidence.json: RING-0847
RING-0244,IDENTITY_CLONING,BEN-038139|BEN-002775|BEN-035449,Aliases of the same people claim multiple awards using spelling/initial variants.,ground_truth/ring_evidence.json: RING-0244
RING-0522,GHOST_IDENTITY,BEN-046097|BEN-032103|BEN-025238|BEN-015437|BEN-035688|BEN-016898|BEN-026345|BEN-010196,Fabricated claims share payout/contact infrastructure; some receive approval despite missing enrollment.,ground_truth/ring_evidence.json: RING-0522
RING-0202,IDENTITY_CLONING,BEN-041267|BEN-003693|BEN-020594,Aliases of the same people claim multiple awards using spelling/initial variants.,ground_truth/ring_evidence.json: RING-0202
RING-0379,SHARED_PAYOUT_ACCOUNT,BEN-014143|BEN-004790|BEN-026631|BEN-011794|BEN-040624|BEN-021774|BEN-015257|BEN-028973|BEN-032267|BEN-033288,Unrelated identities concentrate awards in a small payout-account hub.,ground_truth/ring_evidence.json: RING-0379
RING-0725,CIRCULAR_TRANSFERS,BEN-035974|BEN-015882|BEN-023290|BEN-014560,A chronological funded sequence returns money to its origin.,ground_truth/ring_evidence.json: RING-0725
RING-0073,IDENTITY_CLONING,BEN-040814|BEN-031611|BEN-049987,Aliases of the same people claim multiple awards using spelling/initial variants.,ground_truth/ring_evidence.json: RING-0073
RING-0443,INCOMPATIBLE_SCHEME_CLAIMS,BEN-033685|BEN-041131|BEN-017575|BEN-000687|BEN-035706,Connected students receive both mutually exclusive tuition awards in one academic year.,ground_truth/ring_evidence.json: RING-0443
RING-0561,GHOST_IDENTITY,BEN-034134|BEN-016598|BEN-049342|BEN-005746|BEN-014336|BEN-049098|BEN-029440|BEN-003408,Fabricated claims share payout/contact infrastructure; some receive approval despite missing enrollment.,ground_truth/ring_evidence.json: RING-0561
RING-0066,IDENTITY_CLONING,BEN-017177|BEN-009791|BEN-009489,Aliases of the same people claim multiple awards using spelling/initial variants.,ground_truth/ring_evidence.json: RING-0066
RING-0306,SHARED_PAYOUT_ACCOUNT,BEN-043502|BEN-048435|BEN-007945|BEN-002688|BEN-045125|BEN-015364|BEN-037599|BEN-040942|BEN-009712|BEN-023139,Unrelated identities concentrate awards in a small payout-account hub.,ground_truth/ring_evidence.json: RING-0306
RING-0611,COMMON_COLLECTION_ACCOUNT,BEN-033625|BEN-016134|BEN-008313|BEN-017009|BEN-009446|BEN-024771|BEN-033571|BEN-042153,Recipients forward a portion of funded scholarships to a common downstream account.,ground_truth/ring_evidence.json: RING-0611
RING-0599,GHOST_IDENTITY,BEN-024981|BEN-044054|BEN-029078|BEN-047059|BEN-037926|BEN-022306|BEN-028472|BEN-022628,Fabricated claims share payout/contact infrastructure; some receive approval despite missing enrollment.,ground_truth/ring_evidence.json: RING-0599
RING-0084,IDENTITY_CLONING,BEN-035468|BEN-039833|BEN-029511,Aliases of the same people claim multiple awards using spelling/initial variants.,ground_truth/ring_evidence.json: RING-0084
RING-0011,IDENTITY_CLONING,BEN-037012|BEN-036359|BEN-049948,Aliases of the same people claim multiple awards using spelling/initial variants.,ground_truth/ring_evidence.json: RING-0011
RING-0593,GHOST_IDENTITY,BEN-045328|BEN-041154|BEN-032400|BEN-028364|BEN-041219|BEN-024993|BEN-038599|BEN-039137,Fabricated claims share payout/contact infrastructure; some receive approval despite missing enrollment.,ground_truth/ring_evidence.json: RING-0593
RING-0634,COMMON_COLLECTION_ACCOUNT,BEN-034534|BEN-023536|BEN-037743|BEN-047370|BEN-048375|BEN-045456|BEN-040529|BEN-015926,Recipients forward a portion of funded scholarships to a common downstream account.,ground_truth/ring_evidence.json: RING-0634
RING-0500,INCOMPATIBLE_SCHEME_CLAIMS,BEN-039646|BEN-004528|BEN-020609|BEN-036498|BEN-011965,Connected students receive both mutually exclusive tuition awards in one academic year.,ground_truth/ring_evidence.json: RING-0500
RING-0539,GHOST_IDENTITY,BEN-001322|BEN-011913|BEN-025305|BEN-029122|BEN-003450|BEN-008665|BEN-044845|BEN-023674,Fabricated claims share payout/contact infrastructure; some receive approval despite missing enrollment.,ground_truth/ring_evidence.json: RING-0539
RING-0553,GHOST_IDENTITY,BEN-000777|BEN-028871|BEN-047762|BEN-034203|BEN-046988|BEN-048603|BEN-005314|BEN-015664,Fabricated claims share payout/contact infrastructure; some receive approval despite missing enrollment.,ground_truth/ring_evidence.json: RING-0553
RING-0065,IDENTITY_CLONING,BEN-033664|BEN-037297|BEN-003106,Aliases of the same people claim multiple awards using spelling/initial variants.,ground_truth/ring_evidence.json: RING-0065
RING-0724,CIRCULAR_TRANSFERS,BEN-023372|BEN-040231|BEN-004915|BEN-022869,A chronological funded sequence returns money to its origin.,ground_truth/ring_evidence.json: RING-0724
RING-0704,CIRCULAR_TRANSFERS,BEN-048464|BEN-045404|BEN-018999|BEN-014264,A chronological funded sequence returns money to its origin.,ground_truth/ring_evidence.json: RING-0704
RING-0620,COMMON_COLLECTION_ACCOUNT,BEN-005103|BEN-025194|BEN-014361|BEN-043879|BEN-025268|BEN-018687|BEN-006015|BEN-040692,Recipients forward a portion of funded scholarships to a common downstream account.,ground_truth/ring_evidence.json: RING-0620
RING-0552,GHOST_IDENTITY,BEN-010594|BEN-004056|BEN-029040|BEN-004614|BEN-021547|BEN-047080|BEN-001623|BEN-006180,Fabricated claims share payout/contact infrastructure; some receive approval despite missing enrollment.,ground_truth/ring_evidence.json: RING-0552
RING-0518,GHOST_IDENTITY,BEN-020238|BEN-024059|BEN-044900|BEN-002861|BEN-024699|BEN-025685|BEN-007836|BEN-033597,Fabricated claims share payout/contact infrastructure; some receive approval despite missing enrollment.,ground_truth/ring_evidence.json: RING-0518
RING-0448,INCOMPATIBLE_SCHEME_CLAIMS,BEN-010742|BEN-046425|BEN-040972|BEN-001822|BEN-044832,Connected students receive both mutually exclusive tuition awards in one academic year.,ground_truth/ring_evidence.json: RING-0448
RING-0609,COMMON_COLLECTION_ACCOUNT,BEN-013002|BEN-021246|BEN-022721|BEN-035062|BEN-046873|BEN-009723|BEN-024928|BEN-008370,Recipients forward a portion of funded scholarships to a common downstream account.,ground_truth/ring_evidence.json: RING-0609
RING-0343,SHARED_PAYOUT_ACCOUNT,BEN-024731|BEN-018849|BEN-036969|BEN-034304|BEN-035680|BEN-011633|BEN-014792|BEN-044405|BEN-049260|BEN-042327,Unrelated identities concentrate awards in a small payout-account hub.,ground_truth/ring_evidence.json: RING-0343
RING-0554,GHOST_IDENTITY,BEN-028241|BEN-005541|BEN-042974|BEN-036791|BEN-009616|BEN-032765|BEN-014986|BEN-042425,Fabricated claims share payout/contact infrastructure; some receive approval despite missing enrollment.,ground_truth/ring_evidence.json: RING-0554
RING-0738,CIRCULAR_TRANSFERS,BEN-037595|BEN-018410|BEN-048224|BEN-040151,A chronological funded sequence returns money to its origin.,ground_truth/ring_evidence.json: RING-0738
RING-0644,COMMON_COLLECTION_ACCOUNT,BEN-005389|BEN-014478|BEN-044601|BEN-001679|BEN-043650|BEN-033737|BEN-001110|BEN-032961,Recipients forward a portion of funded scholarships to a common downstream account.,ground_truth/ring_evidence.json: RING-0644
RING-0267,IDENTITY_CLONING,BEN-012029|BEN-005396|BEN-007826,Aliases of the same people claim multiple awards using spelling/initial variants.,ground_truth/ring_evidence.json: RING-0267
RING-0900,BATCH_FABRICATION,BEN-034100|BEN-032167|BEN-021622|BEN-013467|BEN-012643|BEN-019919|BEN-035455|BEN-037234|BEN-034431|BEN-038890,"Closely timed registrations, related names/contacts and common payouts indicate coordinated creation.",ground_truth/ring_evidence.json: RING-0900
RING-0247,IDENTITY_CLONING,BEN-015564|BEN-010270|BEN-034425,Aliases of the same people claim multiple awards using spelling/initial variants.,ground_truth/ring_evidence.json: RING-0247
RING-0792,CIRCULAR_TRANSFERS,BEN-010571|BEN-030804|BEN-041919|BEN-028110,A chronological funded sequence returns money to its origin.,ground_truth/ring_evidence.json: RING-0792
RING-0664,COMMON_COLLECTION_ACCOUNT,BEN-036644|BEN-049492|BEN-032240|BEN-029145|BEN-031899|BEN-036092|BEN-017353|BEN-044791,Recipients forward a portion of funded scholarships to a common downstream account.,ground_truth/ring_evidence.json: RING-0664
RING-0721,CIRCULAR_TRANSFERS,BEN-040514|BEN-013423|BEN-032143|BEN-036615,A chronological funded sequence returns money to its origin.,ground_truth/ring_evidence.json: RING-0721
RING-0400,SHARED_PAYOUT_ACCOUNT,BEN-016197|BEN-036372|BEN-005826|BEN-040540|BEN-043332|BEN-027010|BEN-005584|BEN-010663|BEN-046979|BEN-047445,Unrelated identities concentrate awards in a small payout-account hub.,ground_truth/ring_evidence.json: RING-0400
RING-0585,GHOST_IDENTITY,BEN-014046|BEN-000096|BEN-021896|BEN-006117|BEN-013006|BEN-014287|BEN-008851|BEN-037065,Fabricated claims share payout/contact infrastructure; some receive approval despite missing enrollment.,ground_truth/ring_evidence.json: RING-0585
RING-0263,IDENTITY_CLONING,BEN-019417|BEN-022629|BEN-020117,Aliases of the same people claim multiple awards using spelling/initial variants.,ground_truth/ring_evidence.json: RING-0263
RING-0719,CIRCULAR_TRANSFERS,BEN-049107|BEN-006475|BEN-010079|BEN-049129,A chronological funded sequence returns money to its origin.,ground_truth/ring_evidence.json: RING-0719
RING-0896,BATCH_FABRICATION,BEN-006791|BEN-000546|BEN-029861|BEN-048753|BEN-010700|BEN-032295|BEN-006848|BEN-038123|BEN-044802|BEN-029556,"Closely timed registrations, related names/contacts and common payouts indicate coordinated creation.",ground_truth/ring_evidence.json: RING-0896
RING-0760,CIRCULAR_TRANSFERS,BEN-046729|BEN-024943|BEN-000542|BEN-010300,A chronological funded sequence returns money to its origin.,ground_truth/ring_evidence.json: RING-0760
RING-0617,COMMON_COLLECTION_ACCOUNT,BEN-005683|BEN-044343|BEN-008867|BEN-048292|BEN-003605|BEN-006920|BEN-030680|BEN-048052,Recipients forward a portion of funded scholarships to a common downstream account.,ground_truth/ring_evidence.json: RING-0617
RING-0754,CIRCULAR_TRANSFERS,BEN-044090|BEN-014115|BEN-049096|BEN-001537,A chronological funded sequence returns money to its origin.,ground_truth/ring_evidence.json: RING-0754
RING-0702,CIRCULAR_TRANSFERS,BEN-032522|BEN-002227|BEN-016482|BEN-047070,A chronological funded sequence returns money to its origin.,ground_truth/ring_evidence.json: RING-0702
RING-0530,GHOST_IDENTITY,BEN-039938|BEN-035838|BEN-030960|BEN-037903|BEN-000705|BEN-035601|BEN-043704|BEN-009784,Fabricated claims share payout/contact infrastructure; some receive approval despite missing enrollment.,ground_truth/ring_evidence.json: RING-0530
RING-0715,CIRCULAR_TRANSFERS,BEN-035399|BEN-001781|BEN-030344|BEN-034845,A chronological funded sequence returns money to its origin.,ground_truth/ring_evidence.json: RING-0715
RING-0369,SHARED_PAYOUT_ACCOUNT,BEN-034230|BEN-002566|BEN-012895|BEN-031698|BEN-038771|BEN-008169|BEN-022843|BEN-037945|BEN-045047|BEN-026193,Unrelated identities concentrate awards in a small payout-account hub.,ground_truth/ring_evidence.json: RING-0369
RING-0007,IDENTITY_CLONING,BEN-025350|BEN-033224|BEN-031585,Aliases of the same people claim multiple awards using spelling/initial variants.,ground_truth/ring_evidence.json: RING-0007
RING-0061,IDENTITY_CLONING,BEN-034829|BEN-011367|BEN-046085,Aliases of the same people claim multiple awards using spelling/initial variants.,ground_truth/ring_evidence.json: RING-0061
RING-0801,CIRCULAR_TRANSFERS,BEN-016309|BEN-029531|BEN-022387|BEN-000493,A chronological funded sequence returns money to its origin.,ground_truth/ring_evidence.json: RING-0801
RING-0087,IDENTITY_CLONING,BEN-027912|BEN-011726|BEN-029039,Aliases of the same people claim multiple awards using spelling/initial variants.,ground_truth/ring_evidence.json: RING-0087
RING-0198,IDENTITY_CLONING,BEN-041406|BEN-047285|BEN-001999,Aliases of the same people claim multiple awards using spelling/initial variants.,ground_truth/ring_evidence.json: RING-0198
RING-0551,GHOST_IDENTITY,BEN-005305|BEN-019996|BEN-028316|BEN-006128|BEN-032833|BEN-013882|BEN-046330|BEN-016418,Fabricated claims share payout/contact infrastructure; some receive approval despite missing enrollment.,ground_truth/ring_evidence.json: RING-0551
RING-0729,CIRCULAR_TRANSFERS,BEN-019943|BEN-019614|BEN-008878|BEN-036531,A chronological funded sequence returns money to its origin.,ground_truth/ring_evidence.json: RING-0729
RING-0142,IDENTITY_CLONING,BEN-025209|BEN-034481|BEN-026376,Aliases of the same people claim multiple awards using spelling/initial variants.,ground_truth/ring_evidence.json: RING-0142
RING-0665,COMMON_COLLECTION_ACCOUNT,BEN-046246|BEN-044551|BEN-006576|BEN-003347|BEN-018807|BEN-037050|BEN-025612|BEN-037737,Recipients forward a portion of funded scholarships to a common downstream account.,ground_truth/ring_evidence.json: RING-0665
RING-0641,COMMON_COLLECTION_ACCOUNT,BEN-012313|BEN-008490|BEN-002851|BEN-021323|BEN-045468|BEN-049842|BEN-004775|BEN-001532,Recipients forward a portion of funded scholarships to a common downstream account.,ground_truth/ring_evidence.json: RING-0641
RING-0227,IDENTITY_CLONING,BEN-032912|BEN-045584|BEN-043987,Aliases of the same people claim multiple awards using spelling/initial variants.,ground_truth/ring_evidence.json: RING-0227
RING-0588,GHOST_IDENTITY,BEN-011204|BEN-022038|BEN-012362|BEN-034693|BEN-023406|BEN-036678|BEN-030150|BEN-018480,Fabricated claims share payout/contact infrastructure; some receive approval despite missing enrollment.,ground_truth/ring_evidence.json: RING-0588
RING-0875,BATCH_FABRICATION,BEN-023738|BEN-015863|BEN-030090|BEN-041395|BEN-023032|BEN-046018|BEN-022846|BEN-023014|BEN-021636|BEN-049519,"Closely timed registrations, related names/contacts and common payouts indicate coordinated creation.",ground_truth/ring_evidence.json: RING-0875
RING-0863,BATCH_FABRICATION,BEN-005676|BEN-041087|BEN-039671|BEN-045910|BEN-044648|BEN-039787|BEN-030811|BEN-034209|BEN-000239|BEN-028655,"Closely timed registrations, related names/contacts and common payouts indicate coordinated creation.",ground_truth/ring_evidence.json: RING-0863
RING-0544,GHOST_IDENTITY,BEN-042569|BEN-026487|BEN-031752|BEN-028603|BEN-043869|BEN-025879|BEN-023838|BEN-034632,Fabricated claims share payout/contact infrastructure; some receive approval despite missing enrollment.,ground_truth/ring_evidence.json: RING-0544
RING-0873,BATCH_FABRICATION,BEN-032773|BEN-023601|BEN-010703|BEN-025495|BEN-019647|BEN-043609|BEN-043330|BEN-007143|BEN-028795|BEN-022124,"Closely timed registrations, related names/contacts and common payouts indicate coordinated creation.",ground_truth/ring_evidence.json: RING-0873
RING-0765,CIRCULAR_TRANSFERS,BEN-013403|BEN-002765|BEN-048297|BEN-016140,A chronological funded sequence returns money to its origin.,ground_truth/ring_evidence.json: RING-0765
RING-0505,GHOST_IDENTITY,BEN-030797|BEN-022192|BEN-036472|BEN-025678|BEN-016008|BEN-000848|BEN-001309|BEN-042481,Fabricated claims share payout/contact infrastructure; some receive approval despite missing enrollment.,ground_truth/ring_evidence.json: RING-0505
RING-0117,IDENTITY_CLONING,BEN-037009|BEN-003269|BEN-030403,Aliases of the same people claim multiple awards using spelling/initial variants.,ground_truth/ring_evidence.json: RING-0117
RING-0301,IDENTITY_CLONING,BEN-014738|BEN-005749|BEN-011724,Aliases of the same people claim multiple awards using spelling/initial variants.,ground_truth/ring_evidence.json: RING-0301
RING-0797,CIRCULAR_TRANSFERS,BEN-046897|BEN-006110|BEN-021947|BEN-023185,A chronological funded sequence returns money to its origin.,ground_truth/ring_evidence.json: RING-0797
RING-0793,CIRCULAR_TRANSFERS,BEN-045173|BEN-048819|BEN-037673|BEN-039016,A chronological funded sequence returns money to its origin.,ground_truth/ring_evidence.json: RING-0793
RING-0513,GHOST_IDENTITY,BEN-001541|BEN-044819|BEN-044625|BEN-036497|BEN-033439|BEN-046391|BEN-040275|BEN-027522,Fabricated claims share payout/contact infrastructure; some receive approval despite missing enrollment.,ground_truth/ring_evidence.json: RING-0513
RING-0196,IDENTITY_CLONING,BEN-031911|BEN-037062|BEN-004437,Aliases of the same people claim multiple awards using spelling/initial variants.,ground_truth/ring_evidence.json: RING-0196
RING-0079,IDENTITY_CLONING,BEN-026360|BEN-023126|BEN-024003,Aliases of the same people claim multiple awards using spelling/initial variants.,ground_truth/ring_evidence.json: RING-0079
RING-0242,IDENTITY_CLONING,BEN-001256|BEN-005061|BEN-041083,Aliases of the same people claim multiple awards using spelling/initial variants.,ground_truth/ring_evidence.json: RING-0242
RING-0728,CIRCULAR_TRANSFERS,BEN-011119|BEN-035221|BEN-029873|BEN-042229,A chronological funded sequence returns money to its origin.,ground_truth/ring_evidence.json: RING-0728
RING-0014,IDENTITY_CLONING,BEN-046450|BEN-021428|BEN-023510,Aliases of the same people claim multiple awards using spelling/initial variants.,ground_truth/ring_evidence.json: RING-0014
RING-0519,GHOST_IDENTITY,BEN-014861|BEN-031600|BEN-017537|BEN-037762|BEN-017448|BEN-013324|BEN-000871|BEN-015326,Fabricated claims share payout/contact infrastructure; some receive approval despite missing enrollment.,ground_truth/ring_evidence.json: RING-0519
RING-0186,IDENTITY_CLONING,BEN-005987|BEN-049397|BEN-006618,Aliases of the same people claim multiple awards using spelling/initial variants.,ground_truth/ring_evidence.json: RING-0186
RING-0571,GHOST_IDENTITY,BEN-010981|BEN-030127|BEN-048406|BEN-008103|BEN-034936|BEN-013490|BEN-001446|BEN-003818,Fabricated claims share payout/contact infrastructure; some receive approval despite missing enrollment.,ground_truth/ring_evidence.json: RING-0571
RING-0646,COMMON_COLLECTION_ACCOUNT,BEN-030136|BEN-015458|BEN-048374|BEN-025476|BEN-049019|BEN-016601|BEN-005256|BEN-013926,Recipients forward a portion of funded scholarships to a common downstream account.,ground_truth/ring_evidence.json: RING-0646
RING-0498,INCOMPATIBLE_SCHEME_CLAIMS,BEN-004594|BEN-030852|BEN-044646|BEN-037633|BEN-005983,Connected students receive both mutually exclusive tuition awards in one academic year.,ground_truth/ring_evidence.json: RING-0498
RING-0165,IDENTITY_CLONING,BEN-013273|BEN-034595|BEN-003477,Aliases of the same people claim multiple awards using spelling/initial variants.,ground_truth/ring_evidence.json: RING-0165
RING-0474,INCOMPATIBLE_SCHEME_CLAIMS,BEN-049638|BEN-001430|BEN-022032|BEN-025897|BEN-045300,Connected students receive both mutually exclusive tuition awards in one academic year.,ground_truth/ring_evidence.json: RING-0474
RING-0771,CIRCULAR_TRANSFERS,BEN-002814|BEN-012656|BEN-045324|BEN-035139,A chronological funded sequence returns money to its origin.,ground_truth/ring_evidence.json: RING-0771
RING-0086,IDENTITY_CLONING,BEN-026536|BEN-010722|BEN-043161,Aliases of the same people claim multiple awards using spelling/initial variants.,ground_truth/ring_evidence.json: RING-0086
RING-0175,IDENTITY_CLONING,BEN-043291|BEN-044724|BEN-031994,Aliases of the same people claim multiple awards using spelling/initial variants.,ground_truth/ring_evidence.json: RING-0175
RING-0220,IDENTITY_CLONING,BEN-045766|BEN-006405|BEN-017066,Aliases of the same people claim multiple awards using spelling/initial variants.,ground_truth/ring_evidence.json: RING-0220
RING-0830,BATCH_FABRICATION,BEN-017233|BEN-019259|BEN-049709|BEN-043440|BEN-008268|BEN-044251|BEN-044182|BEN-043482|BEN-041649|BEN-003644,"Closely timed registrations, related names/contacts and common payouts indicate coordinated creation.",ground_truth/ring_evidence.json: RING-0830
RING-0411,INCOMPATIBLE_SCHEME_CLAIMS,BEN-042655|BEN-010982|BEN-045113|BEN-039587|BEN-046495,Connected students receive both mutually exclusive tuition awards in one academic year.,ground_truth/ring_evidence.json: RING-0411
RING-0312,SHARED_PAYOUT_ACCOUNT,BEN-037435|BEN-029491|BEN-026306|BEN-007106|BEN-049104|BEN-034555|BEN-026823|BEN-041562|BEN-049756|BEN-025801,Unrelated identities concentrate awards in a small payout-account hub.,ground_truth/ring_evidence.json: RING-0312
RING-0868,BATCH_FABRICATION,BEN-000809|BEN-002665|BEN-043713|BEN-037278|BEN-026264|BEN-014770|BEN-003051|BEN-049629|BEN-038600|BEN-030091,"Closely timed registrations, related names/contacts and common payouts indicate coordinated creation.",ground_truth/ring_evidence.json: RING-0868
RING-0559,GHOST_IDENTITY,BEN-039546|BEN-035563|BEN-047262|BEN-030172|BEN-032973|BEN-040492|BEN-001573|BEN-017286,Fabricated claims share payout/contact infrastructure; some receive approval despite missing enrollment.,ground_truth/ring_evidence.json: RING-0559
RING-0750,CIRCULAR_TRANSFERS,BEN-019464|BEN-037040|BEN-010483|BEN-032811,A chronological funded sequence returns money to its origin.,ground_truth/ring_evidence.json: RING-0750
RING-0769,CIRCULAR_TRANSFERS,BEN-018252|BEN-038417|BEN-007927|BEN-026769,A chronological funded sequence returns money to its origin.,ground_truth/ring_evidence.json: RING-0769
RING-0773,CIRCULAR_TRANSFERS,BEN-003608|BEN-033529|BEN-037427|BEN-017238,A chronological funded sequence returns money to its origin.,ground_truth/ring_evidence.json: RING-0773
RING-0576,GHOST_IDENTITY,BEN-033214|BEN-002667|BEN-049185|BEN-020846|BEN-019876|BEN-020385|BEN-036410|BEN-001646,Fabricated claims share payout/contact infrastructure; some receive approval despite missing enrollment.,ground_truth/ring_evidence.json: RING-0576
RING-0890,BATCH_FABRICATION,BEN-008514|BEN-004689|BEN-043722|BEN-006168|BEN-013154|BEN-010828|BEN-048968|BEN-045819|BEN-016404|BEN-047354,"Closely timed registrations, related names/contacts and common payouts indicate coordinated creation.",ground_truth/ring_evidence.json: RING-0890
RING-0834,BATCH_FABRICATION,BEN-007317|BEN-004208|BEN-026620|BEN-008109|BEN-013359|BEN-012533|BEN-030568|BEN-041126|BEN-002884|BEN-032397,"Closely timed registrations, related names/contacts and common payouts indicate coordinated creation.",ground_truth/ring_evidence.json: RING-0834
RING-0075,IDENTITY_CLONING,BEN-018674|BEN-046980|BEN-036788,Aliases of the same people claim multiple awards using spelling/initial variants.,ground_truth/ring_evidence.json: RING-0075
RING-0053,IDENTITY_CLONING,BEN-000132|BEN-032187|BEN-042363,Aliases of the same people claim multiple awards using spelling/initial variants.,ground_truth/ring_evidence.json: RING-0053
RING-0746,CIRCULAR_TRANSFERS,BEN-049420|BEN-014394|BEN-009621|BEN-033144,A chronological funded sequence returns money to its origin.,ground_truth/ring_evidence.json: RING-0746
RING-0612,COMMON_COLLECTION_ACCOUNT,BEN-019354|BEN-011443|BEN-019205|BEN-015430|BEN-009677|BEN-007202|BEN-015975|BEN-022526,Recipients forward a portion of funded scholarships to a common downstream account.,ground_truth/ring_evidence.json: RING-0612
RING-0218,IDENTITY_CLONING,BEN-007354|BEN-007228|BEN-038548,Aliases of the same people claim multiple awards using spelling/initial variants.,ground_truth/ring_evidence.json: RING-0218
RING-0898,BATCH_FABRICATION,BEN-015474|BEN-020484|BEN-035120|BEN-026739|BEN-013596|BEN-040946|BEN-041239|BEN-004430|BEN-012899|BEN-032052,"Closely timed registrations, related names/contacts and common payouts indicate coordinated creation.",ground_truth/ring_evidence.json: RING-0898
RING-0131,IDENTITY_CLONING,BEN-049632|BEN-011103|BEN-030638,Aliases of the same people claim multiple awards using spelling/initial variants.,ground_truth/ring_evidence.json: RING-0131
RING-0850,BATCH_FABRICATION,BEN-043990|BEN-048633|BEN-049131|BEN-047647|BEN-031750|BEN-013670|BEN-032209|BEN-004316|BEN-002955|BEN-026135,"Closely timed registrations, related names/contacts and common payouts indicate coordinated creation.",ground_truth/ring_evidence.json: RING-0850
RING-0229,IDENTITY_CLONING,BEN-009757|BEN-033676|BEN-011521,Aliases of the same people claim multiple awards using spelling/initial variants.,ground_truth/ring_evidence.json: RING-0229
RING-0894,BATCH_FABRICATION,BEN-024668|BEN-008683|BEN-034717|BEN-003205|BEN-038263|BEN-040536|BEN-030818|BEN-025387|BEN-004043|BEN-006206,"Closely timed registrations, related names/contacts and common payouts indicate coordinated creation.",ground_truth/ring_evidence.json: RING-0894
RING-0421,INCOMPATIBLE_SCHEME_CLAIMS,BEN-037157|BEN-039584|BEN-018780|BEN-043620|BEN-043755,Connected students receive both mutually exclusive tuition awards in one academic year.,ground_truth/ring_evidence.json: RING-0421
RING-0243,IDENTITY_CLONING,BEN-011264|BEN-023874|BEN-035568,Aliases of the same people claim multiple awards using spelling/initial variants.,ground_truth/ring_evidence.json: RING-0243
RING-0098,IDENTITY_CLONING,BEN-031025|BEN-044730|BEN-034345,Aliases of the same people claim multiple awards using spelling/initial variants.,ground_truth/ring_evidence.json: RING-0098
RING-0437,INCOMPATIBLE_SCHEME_CLAIMS,BEN-030370|BEN-037639|BEN-019696|BEN-013354|BEN-022950,Connected students receive both mutually exclusive tuition awards in one academic year.,ground_truth/ring_evidence.json: RING-0437
RING-0139,IDENTITY_CLONING,BEN-035000|BEN-002711|BEN-040157,Aliases of the same people claim multiple awards using spelling/initial variants.,ground_truth/ring_evidence.json: RING-0139
RING-0835,BATCH_FABRICATION,BEN-047098|BEN-011152|BEN-031778|BEN-016115|BEN-041880|BEN-038477|BEN-019286|BEN-031563|BEN-026582|BEN-037187,"Closely timed registrations, related names/contacts and common payouts indicate coordinated creation.",ground_truth/ring_evidence.json: RING-0835
RING-0340,SHARED_PAYOUT_ACCOUNT,BEN-004664|BEN-036656|BEN-017411|BEN-037682|BEN-034083|BEN-026644|BEN-044301|BEN-032557|BEN-030559|BEN-014363,Unrelated identities concentrate awards in a small payout-account hub.,ground_truth/ring_evidence.json: RING-0340
RING-0107,IDENTITY_CLONING,BEN-010903|BEN-032396|BEN-035629,Aliases of the same people claim multiple awards using spelling/initial variants.,ground_truth/ring_evidence.json: RING-0107
RING-0521,GHOST_IDENTITY,BEN-024888|BEN-048662|BEN-025453|BEN-048648|BEN-018637|BEN-009322|BEN-011918|BEN-005447,Fabricated claims share payout/contact infrastructure; some receive approval despite missing enrollment.,ground_truth/ring_evidence.json: RING-0521
RING-0245,IDENTITY_CLONING,BEN-004088|BEN-008015|BEN-024577,Aliases of the same people claim multiple awards using spelling/initial variants.,ground_truth/ring_evidence.json: RING-0245
RING-0167,IDENTITY_CLONING,BEN-049700|BEN-031031|BEN-003252,Aliases of the same people claim multiple awards using spelling/initial variants.,ground_truth/ring_evidence.json: RING-0167
RING-0648,COMMON_COLLECTION_ACCOUNT,BEN-015743|BEN-003642|BEN-004095|BEN-049986|BEN-011240|BEN-047047|BEN-036583|BEN-004201,Recipients forward a portion of funded scholarships to a common downstream account.,ground_truth/ring_evidence.json: RING-0648
RING-0275,IDENTITY_CLONING,BEN-014875|BEN-044155|BEN-043505,Aliases of the same people claim multiple awards using spelling/initial variants.,ground_truth/ring_evidence.json: RING-0275
RING-0804,BATCH_FABRICATION,BEN-005803|BEN-013268|BEN-023487|BEN-014480|BEN-002617|BEN-036669|BEN-014116|BEN-014886|BEN-032755|BEN-022371,"Closely timed registrations, related names/contacts and common payouts indicate coordinated creation.",ground_truth/ring_evidence.json: RING-0804
RING-0336,SHARED_PAYOUT_ACCOUNT,BEN-009838|BEN-046775|BEN-026014|BEN-010113|BEN-040717|BEN-013202|BEN-038181|BEN-029479|BEN-010149|BEN-007848,Unrelated identities concentrate awards in a small payout-account hub.,ground_truth/ring_evidence.json: RING-0336
RING-0331,SHARED_PAYOUT_ACCOUNT,BEN-011635|BEN-027112|BEN-019932|BEN-000685|BEN-024866|BEN-000540|BEN-010327|BEN-010598|BEN-048727|BEN-017777,Unrelated identities concentrate awards in a small payout-account hub.,ground_truth/ring_evidence.json: RING-0331
RING-0839,BATCH_FABRICATION,BEN-029866|BEN-006604|BEN-049999|BEN-017381|BEN-038167|BEN-042170|BEN-008845|BEN-004989|BEN-001026|BEN-012769,"Closely timed registrations, related names/contacts and common payouts indicate coordinated creation.",ground_truth/ring_evidence.json: RING-0839
RING-0300,IDENTITY_CLONING,BEN-047659|BEN-023093|BEN-046505,Aliases of the same people claim multiple awards using spelling/initial variants.,ground_truth/ring_evidence.json: RING-0300
RING-0161,IDENTITY_CLONING,BEN-038525|BEN-020582|BEN-005877,Aliases of the same people claim multiple awards using spelling/initial variants.,ground_truth/ring_evidence.json: RING-0161
RING-0148,IDENTITY_CLONING,BEN-019907|BEN-029934|BEN-010164,Aliases of the same people claim multiple awards using spelling/initial variants.,ground_truth/ring_evidence.json: RING-0148
RING-0822,BATCH_FABRICATION,BEN-042676|BEN-032886|BEN-044962|BEN-025104|BEN-005891|BEN-047745|BEN-025415|BEN-023401|BEN-049475|BEN-033464,"Closely timed registrations, related names/contacts and common payouts indicate coordinated creation.",ground_truth/ring_evidence.json: RING-0822
RING-0195,IDENTITY_CLONING,BEN-043105|BEN-020173|BEN-025463,Aliases of the same people claim multiple awards using spelling/initial variants.,ground_truth/ring_evidence.json: RING-0195
RING-0813,BATCH_FABRICATION,BEN-041740|BEN-016177|BEN-007855|BEN-018405|BEN-042748|BEN-011277|BEN-046541|BEN-047626|BEN-036233|BEN-006348,"Closely timed registrations, related names/contacts and common payouts indicate coordinated creation.",ground_truth/ring_evidence.json: RING-0813
RING-0606,COMMON_COLLECTION_ACCOUNT,BEN-009777|BEN-039455|BEN-001589|BEN-005827|BEN-022577|BEN-043596|BEN-023574|BEN-046193,Recipients forward a portion of funded scholarships to a common downstream account.,ground_truth/ring_evidence.json: RING-0606
RING-0382,SHARED_PAYOUT_ACCOUNT,BEN-048174|BEN-022865|BEN-017897|BEN-011055|BEN-033219|BEN-033616|BEN-035918|BEN-022205|BEN-019739|BEN-007119,Unrelated identities concentrate awards in a small payout-account hub.,ground_truth/ring_evidence.json: RING-0382
RING-0700,COMMON_COLLECTION_ACCOUNT,BEN-036471|BEN-033195|BEN-006296|BEN-038346|BEN-022354|BEN-001800|BEN-049451|BEN-049094,Recipients forward a portion of funded scholarships to a common downstream account.,ground_truth/ring_evidence.json: RING-0700
RING-0023,IDENTITY_CLONING,BEN-039306|BEN-012230|BEN-030826,Aliases of the same people claim multiple awards using spelling/initial variants.,ground_truth/ring_evidence.json: RING-0023
RING-0569,GHOST_IDENTITY,BEN-038988|BEN-030377|BEN-034494|BEN-047323|BEN-022765|BEN-014625|BEN-034257|BEN-038349,Fabricated claims share payout/contact infrastructure; some receive approval despite missing enrollment.,ground_truth/ring_evidence.json: RING-0569
RING-0215,IDENTITY_CLONING,BEN-012589|BEN-027043|BEN-014733,Aliases of the same people claim multiple awards using spelling/initial variants.,ground_truth/ring_evidence.json: RING-0215
RING-0743,CIRCULAR_TRANSFERS,BEN-018042|BEN-005854|BEN-012352|BEN-038845,A chronological funded sequence returns money to its origin.,ground_truth/ring_evidence.json: RING-0743
RING-0809,BATCH_FABRICATION,BEN-024083|BEN-019689|BEN-037389|BEN-007396|BEN-013058|BEN-009432|BEN-012840|BEN-035821|BEN-009336|BEN-019007,"Closely timed registrations, related names/contacts and common payouts indicate coordinated creation.",ground_truth/ring_evidence.json: RING-0809
RING-0094,IDENTITY_CLONING,BEN-042855|BEN-004979|BEN-046756,Aliases of the same people claim multiple awards using spelling/initial variants.,ground_truth/ring_evidence.json: RING-0094
RING-0156,IDENTITY_CLONING,BEN-023843|BEN-009319|BEN-012573,Aliases of the same people claim multiple awards using spelling/initial variants.,ground_truth/ring_evidence.json: RING-0156
RING-0752,CIRCULAR_TRANSFERS,BEN-012619|BEN-032403|BEN-045374|BEN-046800,A chronological funded sequence returns money to its origin.,ground_truth/ring_evidence.json: RING-0752
RING-0323,SHARED_PAYOUT_ACCOUNT,BEN-031734|BEN-017823|BEN-048558|BEN-024859|BEN-039443|BEN-016710|BEN-004516|BEN-023585|BEN-038293|BEN-039844,Unrelated identities concentrate awards in a small payout-account hub.,ground_truth/ring_evidence.json: RING-0323
RING-0514,GHOST_IDENTITY,BEN-001104|BEN-012210|BEN-019785|BEN-015751|BEN-011028|BEN-024692|BEN-012168|BEN-005767,Fabricated claims share payout/contact infrastructure; some receive approval despite missing enrollment.,ground_truth/ring_evidence.json: RING-0514
RING-0298,IDENTITY_CLONING,BEN-043975|BEN-017365|BEN-014839,Aliases of the same people claim multiple awards using spelling/initial variants.,ground_truth/ring_evidence.json: RING-0298
RING-0436,INCOMPATIBLE_SCHEME_CLAIMS,BEN-036121|BEN-000852|BEN-018152|BEN-016874|BEN-002823,Connected students receive both mutually exclusive tuition awards in one academic year.,ground_truth/ring_evidence.json: RING-0436
RING-0490,INCOMPATIBLE_SCHEME_CLAIMS,BEN-030330|BEN-041011|BEN-031761|BEN-046012|BEN-030824,Connected students receive both mutually exclusive tuition awards in one academic year.,ground_truth/ring_evidence.json: RING-0490
RING-0699,COMMON_COLLECTION_ACCOUNT,BEN-035379|BEN-049894|BEN-013064|BEN-031691|BEN-017943|BEN-030858|BEN-033155|BEN-010689,Recipients forward a portion of funded scholarships to a common downstream account.,ground_truth/ring_evidence.json: RING-0699
RING-0009,IDENTITY_CLONING,BEN-032178|BEN-028389|BEN-029317,Aliases of the same people claim multiple awards using spelling/initial variants.,ground_truth/ring_evidence.json: RING-0009
RING-0866,BATCH_FABRICATION,BEN-025509|BEN-034817|BEN-044584|BEN-004823|BEN-046789|BEN-034652|BEN-046420|BEN-039749|BEN-017546|BEN-004138,"Closely timed registrations, related names/contacts and common payouts indicate coordinated creation.",ground_truth/ring_evidence.json: RING-0866
RING-0347,SHARED_PAYOUT_ACCOUNT,BEN-035001|BEN-007705|BEN-047221|BEN-012105|BEN-014750|BEN-025955|BEN-012608|BEN-010244|BEN-043096|BEN-024474,Unrelated identities concentrate awards in a small payout-account hub.,ground_truth/ring_evidence.json: RING-0347
RING-0433,INCOMPATIBLE_SCHEME_CLAIMS,BEN-024513|BEN-030039|BEN-020129|BEN-045776|BEN-043736,Connected students receive both mutually exclusive tuition awards in one academic year.,ground_truth/ring_evidence.json: RING-0433
RING-0478,INCOMPATIBLE_SCHEME_CLAIMS,BEN-013126|BEN-012324|BEN-035261|BEN-026288|BEN-040983,Connected students receive both mutually exclusive tuition awards in one academic year.,ground_truth/ring_evidence.json: RING-0478
RING-0295,IDENTITY_CLONING,BEN-010100|BEN-024871|BEN-011905,Aliases of the same people claim multiple awards using spelling/initial variants.,ground_truth/ring_evidence.json: RING-0295
RING-0071,IDENTITY_CLONING,BEN-029333|BEN-044131|BEN-048330,Aliases of the same people claim multiple awards using spelling/initial variants.,ground_truth/ring_evidence.json: RING-0071
RING-0694,COMMON_COLLECTION_ACCOUNT,BEN-005856|BEN-001382|BEN-046463|BEN-033477|BEN-028658|BEN-018303|BEN-033153|BEN-017750,Recipients forward a portion of funded scholarships to a common downstream account.,ground_truth/ring_evidence.json: RING-0694
RING-0475,INCOMPATIBLE_SCHEME_CLAIMS,BEN-032355|BEN-022313|BEN-027137|BEN-030458|BEN-049474,Connected students receive both mutually exclusive tuition awards in one academic year.,ground_truth/ring_evidence.json: RING-0475
RING-0432,INCOMPATIBLE_SCHEME_CLAIMS,BEN-048068|BEN-018256|BEN-021786|BEN-026618|BEN-034522,Connected students receive both mutually exclusive tuition awards in one academic year.,ground_truth/ring_evidence.json: RING-0432
RING-0330,SHARED_PAYOUT_ACCOUNT,BEN-015709|BEN-017757|BEN-009286|BEN-035260|BEN-001341|BEN-016152|BEN-006515|BEN-030203|BEN-021455|BEN-016258,Unrelated identities concentrate awards in a small payout-account hub.,ground_truth/ring_evidence.json: RING-0330
RING-0812,BATCH_FABRICATION,BEN-031084|BEN-014916|BEN-044849|BEN-009092|BEN-013081|BEN-027449|BEN-018162|BEN-024656|BEN-046831|BEN-033855,"Closely timed registrations, related names/contacts and common payouts indicate coordinated creation.",ground_truth/ring_evidence.json: RING-0812
RING-0768,CIRCULAR_TRANSFERS,BEN-039287|BEN-024753|BEN-030949|BEN-012739,A chronological funded sequence returns money to its origin.,ground_truth/ring_evidence.json: RING-0768
RING-0567,GHOST_IDENTITY,BEN-011962|BEN-011137|BEN-024133|BEN-008557|BEN-005780|BEN-030205|BEN-037122|BEN-045887,Fabricated claims share payout/contact infrastructure; some receive approval despite missing enrollment.,ground_truth/ring_evidence.json: RING-0567
RING-0158,IDENTITY_CLONING,BEN-035008|BEN-038439|BEN-008468,Aliases of the same people claim multiple awards using spelling/initial variants.,ground_truth/ring_evidence.json: RING-0158
RING-0015,IDENTITY_CLONING,BEN-007727|BEN-048200|BEN-012085,Aliases of the same people claim multiple awards using spelling/initial variants.,ground_truth/ring_evidence.json: RING-0015
RING-0739,CIRCULAR_TRANSFERS,BEN-039564|BEN-000191|BEN-026924|BEN-028930,A chronological funded sequence returns money to its origin.,ground_truth/ring_evidence.json: RING-0739
RING-0677,COMMON_COLLECTION_ACCOUNT,BEN-030422|BEN-027179|BEN-003928|BEN-039567|BEN-034449|BEN-017594|BEN-018174|BEN-044121,Recipients forward a portion of funded scholarships to a common downstream account.,ground_truth/ring_evidence.json: RING-0677
RING-0294,IDENTITY_CLONING,BEN-039537|BEN-000453|BEN-049101,Aliases of the same people claim multiple awards using spelling/initial variants.,ground_truth/ring_evidence.json: RING-0294
RING-0846,BATCH_FABRICATION,BEN-005107|BEN-044775|BEN-012409|BEN-038239|BEN-014749|BEN-015891|BEN-040709|BEN-045548|BEN-011815|BEN-000850,"Closely timed registrations, related names/contacts and common payouts indicate coordinated creation.",ground_truth/ring_evidence.json: RING-0846
RING-0731,CIRCULAR_TRANSFERS,BEN-037888|BEN-037735|BEN-005375|BEN-045115,A chronological funded sequence returns money to its origin.,ground_truth/ring_evidence.json: RING-0731
RING-0685,COMMON_COLLECTION_ACCOUNT,BEN-026091|BEN-046571|BEN-030730|BEN-008512|BEN-029629|BEN-034500|BEN-016496|BEN-020830,Recipients forward a portion of funded scholarships to a common downstream account.,ground_truth/ring_evidence.json: RING-0685
RING-0774,CIRCULAR_TRANSFERS,BEN-012291|BEN-043183|BEN-048966|BEN-029759,A chronological funded sequence returns money to its origin.,ground_truth/ring_evidence.json: RING-0774
RING-0802,BATCH_FABRICATION,BEN-038733|BEN-031179|BEN-043356|BEN-005996|BEN-034992|BEN-012194|BEN-014085|BEN-016573|BEN-001929|BEN-012648,"Closely timed registrations, related names/contacts and common payouts indicate coordinated creation.",ground_truth/ring_evidence.json: RING-0802
RING-0532,GHOST_IDENTITY,BEN-006847|BEN-038722|BEN-028203|BEN-048410|BEN-048018|BEN-046862|BEN-035143|BEN-010028,Fabricated claims share payout/contact infrastructure; some receive approval despite missing enrollment.,ground_truth/ring_evidence.json: RING-0532
RING-0452,INCOMPATIBLE_SCHEME_CLAIMS,BEN-040180|BEN-037264|BEN-026886|BEN-022788|BEN-048813,Connected students receive both mutually exclusive tuition awards in one academic year.,ground_truth/ring_evidence.json: RING-0452
RING-0418,INCOMPATIBLE_SCHEME_CLAIMS,BEN-003031|BEN-022527|BEN-044332|BEN-043753|BEN-049802,Connected students receive both mutually exclusive tuition awards in one academic year.,ground_truth/ring_evidence.json: RING-0418
RING-0317,SHARED_PAYOUT_ACCOUNT,BEN-027348|BEN-020555|BEN-034993|BEN-024418|BEN-048365|BEN-000455|BEN-011375|BEN-042324|BEN-012580|BEN-040964,Unrelated identities concentrate awards in a small payout-account hub.,ground_truth/ring_evidence.json: RING-0317
RING-0359,SHARED_PAYOUT_ACCOUNT,BEN-000003|BEN-035592|BEN-026087|BEN-011731|BEN-032233|BEN-003705|BEN-030060|BEN-024227|BEN-024438|BEN-031709,Unrelated identities concentrate awards in a small payout-account hub.,ground_truth/ring_evidence.json: RING-0359
RING-0577,GHOST_IDENTITY,BEN-048045|BEN-043127|BEN-033418|BEN-024390|BEN-008123|BEN-001889|BEN-047812|BEN-039476,Fabricated claims share payout/contact infrastructure; some receive approval despite missing enrollment.,ground_truth/ring_evidence.json: RING-0577
RING-0081,IDENTITY_CLONING,BEN-003975|BEN-049746|BEN-037953,Aliases of the same people claim multiple awards using spelling/initial variants.,ground_truth/ring_evidence.json: RING-0081
RING-0529,GHOST_IDENTITY,BEN-019087|BEN-004755|BEN-023285|BEN-012025|BEN-014065|BEN-037101|BEN-021254|BEN-043280,Fabricated claims share payout/contact infrastructure; some receive approval despite missing enrollment.,ground_truth/ring_evidence.json: RING-0529
RING-0211,IDENTITY_CLONING,BEN-023962|BEN-008231|BEN-010328,Aliases of the same people claim multiple awards using spelling/initial variants.,ground_truth/ring_evidence.json: RING-0211
RING-0820,BATCH_FABRICATION,BEN-044238|BEN-000348|BEN-028627|BEN-027448|BEN-031382|BEN-022247|BEN-039672|BEN-037191|BEN-007704|BEN-010757,"Closely timed registrations, related names/contacts and common payouts indicate coordinated creation.",ground_truth/ring_evidence.json: RING-0820
RING-0388,SHARED_PAYOUT_ACCOUNT,BEN-009578|BEN-029706|BEN-030161|BEN-039347|BEN-044170|BEN-000783|BEN-001088|BEN-020219|BEN-048291|BEN-009866,Unrelated identities concentrate awards in a small payout-account hub.,ground_truth/ring_evidence.json: RING-0388
RING-0276,IDENTITY_CLONING,BEN-036715|BEN-004277|BEN-043463,Aliases of the same people claim multiple awards using spelling/initial variants.,ground_truth/ring_evidence.json: RING-0276
RING-0815,BATCH_FABRICATION,BEN-030258|BEN-026532|BEN-026172|BEN-026846|BEN-045049|BEN-016605|BEN-032696|BEN-028643|BEN-001190|BEN-034691,"Closely timed registrations, related names/contacts and common payouts indicate coordinated creation.",ground_truth/ring_evidence.json: RING-0815
RING-0814,BATCH_FABRICATION,BEN-003145|BEN-010983|BEN-018238|BEN-012166|BEN-046546|BEN-012271|BEN-048284|BEN-027311|BEN-043945|BEN-021464,"Closely timed registrations, related names/contacts and common payouts indicate coordinated creation.",ground_truth/ring_evidence.json: RING-0814
RING-0718,CIRCULAR_TRANSFERS,BEN-025903|BEN-001682|BEN-023637|BEN-022615,A chronological funded sequence returns money to its origin.,ground_truth/ring_evidence.json: RING-0718
RING-0398,SHARED_PAYOUT_ACCOUNT,BEN-025519|BEN-042750|BEN-018941|BEN-046106|BEN-024759|BEN-021949|BEN-037961|BEN-018911|BEN-047116|BEN-043790,Unrelated identities concentrate awards in a small payout-account hub.,ground_truth/ring_evidence.json: RING-0398
RING-0169,IDENTITY_CLONING,BEN-030703|BEN-011564|BEN-028937,Aliases of the same people claim multiple awards using spelling/initial variants.,ground_truth/ring_evidence.json: RING-0169
RING-0531,GHOST_IDENTITY,BEN-025510|BEN-031238|BEN-046321|BEN-043720|BEN-028041|BEN-043972|BEN-028209|BEN-032719,Fabricated claims share payout/contact infrastructure; some receive approval despite missing enrollment.,ground_truth/ring_evidence.json: RING-0531
RING-0266,IDENTITY_CLONING,BEN-020972|BEN-031440|BEN-008549,Aliases of the same people claim multiple awards using spelling/initial variants.,ground_truth/ring_evidence.json: RING-0266
RING-0647,COMMON_COLLECTION_ACCOUNT,BEN-001829|BEN-024596|BEN-038762|BEN-011639|BEN-003761|BEN-048306|BEN-021883|BEN-035369,Recipients forward a portion of funded scholarships to a common downstream account.,ground_truth/ring_evidence.json: RING-0647
RING-0870,BATCH_FABRICATION,BEN-027286|BEN-000706|BEN-019817|BEN-021276|BEN-027591|BEN-008478|BEN-037552|BEN-022695|BEN-036249|BEN-012341,"Closely timed registrations, related names/contacts and common payouts indicate coordinated creation.",ground_truth/ring_evidence.json: RING-0870
RING-0136,IDENTITY_CLONING,BEN-015039|BEN-039470|BEN-006006,Aliases of the same people claim multiple awards using spelling/initial variants.,ground_truth/ring_evidence.json: RING-0136
RING-0233,IDENTITY_CLONING,BEN-005317|BEN-000092|BEN-034275,Aliases of the same people claim multiple awards using spelling/initial variants.,ground_truth/ring_evidence.json: RING-0233
RING-0010,IDENTITY_CLONING,BEN-034054|BEN-033287|BEN-023848,Aliases of the same people claim multiple awards using spelling/initial variants.,ground_truth/ring_evidence.json: RING-0010
RING-0085,IDENTITY_CLONING,BEN-015291|BEN-023018|BEN-027576,Aliases of the same people claim multiple awards using spelling/initial variants.,ground_truth/ring_evidence.json: RING-0085
RING-0745,CIRCULAR_TRANSFERS,BEN-008661|BEN-029191|BEN-006309|BEN-008256,A chronological funded sequence returns money to its origin.,ground_truth/ring_evidence.json: RING-0745
RING-0837,BATCH_FABRICATION,BEN-046290|BEN-046482|BEN-035730|BEN-041412|BEN-005816|BEN-008400|BEN-003671|BEN-041845|BEN-017619|BEN-010985,"Closely timed registrations, related names/contacts and common payouts indicate coordinated creation.",ground_truth/ring_evidence.json: RING-0837
RING-0108,IDENTITY_CLONING,BEN-031303|BEN-006025|BEN-001545,Aliases of the same people claim multiple awards using spelling/initial variants.,ground_truth/ring_evidence.json: RING-0108
RING-0598,GHOST_IDENTITY,BEN-007607|BEN-007303|BEN-002146|BEN-013531|BEN-047987|BEN-012912|BEN-019256|BEN-039055,Fabricated claims share payout/contact infrastructure; some receive approval despite missing enrollment.,ground_truth/ring_evidence.json: RING-0598
RING-0711,CIRCULAR_TRANSFERS,BEN-005158|BEN-019200|BEN-019161|BEN-002258,A chronological funded sequence returns money to its origin.,ground_truth/ring_evidence.json: RING-0711
RING-0168,IDENTITY_CLONING,BEN-014045|BEN-046393|BEN-006087,Aliases of the same people claim multiple awards using spelling/initial variants.,ground_truth/ring_evidence.json: RING-0168
RING-0444,INCOMPATIBLE_SCHEME_CLAIMS,BEN-041105|BEN-022505|BEN-019411|BEN-013818|BEN-029120,Connected students receive both mutually exclusive tuition awards in one academic year.,ground_truth/ring_evidence.json: RING-0444
RING-0869,BATCH_FABRICATION,BEN-006378|BEN-011948|BEN-019111|BEN-030696|BEN-044068|BEN-048915|BEN-016648|BEN-029181|BEN-039088|BEN-045953,"Closely timed registrations, related names/contacts and common payouts indicate coordinated creation.",ground_truth/ring_evidence.json: RING-0869
RING-0629,COMMON_COLLECTION_ACCOUNT,BEN-048215|BEN-026274|BEN-040855|BEN-019254|BEN-037185|BEN-013220|BEN-042847|BEN-028601,Recipients forward a portion of funded scholarships to a common downstream account.,ground_truth/ring_evidence.json: RING-0629
RING-0230,IDENTITY_CLONING,BEN-017179|BEN-037114|BEN-014279,Aliases of the same people claim multiple awards using spelling/initial variants.,ground_truth/ring_evidence.json: RING-0230
RING-0735,CIRCULAR_TRANSFERS,BEN-004057|BEN-005089|BEN-011049|BEN-042098,A chronological funded sequence returns money to its origin.,ground_truth/ring_evidence.json: RING-0735
RING-0860,BATCH_FABRICATION,BEN-032446|BEN-032640|BEN-019421|BEN-021102|BEN-043582|BEN-045755|BEN-023434|BEN-010696|BEN-025743|BEN-024983,"Closely timed registrations, related names/contacts and common payouts indicate coordinated creation.",ground_truth/ring_evidence.json: RING-0860
RING-0123,IDENTITY_CLONING,BEN-034645|BEN-001584|BEN-005592,Aliases of the same people claim multiple awards using spelling/initial variants.,ground_truth/ring_evidence.json: RING-0123
RING-0489,INCOMPATIBLE_SCHEME_CLAIMS,BEN-002437|BEN-015532|BEN-019454|BEN-041776|BEN-046083,Connected students receive both mutually exclusive tuition awards in one academic year.,ground_truth/ring_evidence.json: RING-0489
RING-0808,BATCH_FABRICATION,BEN-022217|BEN-031455|BEN-010564|BEN-011394|BEN-026145|BEN-002850|BEN-047833|BEN-014546|BEN-017135|BEN-004254,"Closely timed registrations, related names/contacts and common payouts indicate coordinated creation.",ground_truth/ring_evidence.json: RING-0808
RING-0764,CIRCULAR_TRANSFERS,BEN-043618|BEN-032637|BEN-011393|BEN-001457,A chronological funded sequence returns money to its origin.,ground_truth/ring_evidence.json: RING-0764
RING-0335,SHARED_PAYOUT_ACCOUNT,BEN-005208|BEN-045476|BEN-048515|BEN-028328|BEN-048622|BEN-006261|BEN-032944|BEN-044532|BEN-045217|BEN-033572,Unrelated identities concentrate awards in a small payout-account hub.,ground_truth/ring_evidence.json: RING-0335
RING-0527,GHOST_IDENTITY,BEN-040484|BEN-005079|BEN-032007|BEN-035317|BEN-038772|BEN-037365|BEN-007518|BEN-030074,Fabricated claims share payout/contact infrastructure; some receive approval despite missing enrollment.,ground_truth/ring_evidence.json: RING-0527
RING-0329,SHARED_PAYOUT_ACCOUNT,BEN-048084|BEN-028450|BEN-039990|BEN-039261|BEN-014286|BEN-042217|BEN-006832|BEN-014803|BEN-023263|BEN-001089,Unrelated identities concentrate awards in a small payout-account hub.,ground_truth/ring_evidence.json: RING-0329
RING-0226,IDENTITY_CLONING,BEN-024299|BEN-006835|BEN-044113,Aliases of the same people claim multiple awards using spelling/initial variants.,ground_truth/ring_evidence.json: RING-0226
RING-0899,BATCH_FABRICATION,BEN-006040|BEN-010972|BEN-014860|BEN-007990|BEN-008053|BEN-019703|BEN-006549|BEN-046563|BEN-001736|BEN-046101,"Closely timed registrations, related names/contacts and common payouts indicate coordinated creation.",ground_truth/ring_evidence.json: RING-0899
RING-0716,CIRCULAR_TRANSFERS,BEN-015505|BEN-019143|BEN-009252|BEN-015500,A chronological funded sequence returns money to its origin.,ground_truth/ring_evidence.json: RING-0716
RING-0120,IDENTITY_CLONING,BEN-005501|BEN-016860|BEN-018251,Aliases of the same people claim multiple awards using spelling/initial variants.,ground_truth/ring_evidence.json: RING-0120
RING-0883,BATCH_FABRICATION,BEN-037094|BEN-015649|BEN-045879|BEN-020148|BEN-014870|BEN-041675|BEN-028942|BEN-031923|BEN-005032|BEN-030346,"Closely timed registrations, related names/contacts and common payouts indicate coordinated creation.",ground_truth/ring_evidence.json: RING-0883
RING-0741,CIRCULAR_TRANSFERS,BEN-034228|BEN-032127|BEN-007983|BEN-014253,A chronological funded sequence returns money to its origin.,ground_truth/ring_evidence.json: RING-0741
RING-0187,IDENTITY_CLONING,BEN-000640|BEN-008997|BEN-032004,Aliases of the same people claim multiple awards using spelling/initial variants.,ground_truth/ring_evidence.json: RING-0187
RING-0277,IDENTITY_CLONING,BEN-013280|BEN-033015|BEN-004140,Aliases of the same people claim multiple awards using spelling/initial variants.,ground_truth/ring_evidence.json: RING-0277
RING-0232,IDENTITY_CLONING,BEN-047490|BEN-026953|BEN-041842,Aliases of the same people claim multiple awards using spelling/initial variants.,ground_truth/ring_evidence.json: RING-0232
RING-0831,BATCH_FABRICATION,BEN-028446|BEN-016694|BEN-026266|BEN-046933|BEN-032983|BEN-045558|BEN-020592|BEN-021052|BEN-015418|BEN-041652,"Closely timed registrations, related names/contacts and common payouts indicate coordinated creation.",ground_truth/ring_evidence.json: RING-0831
RING-0563,GHOST_IDENTITY,BEN-027385|BEN-025032|BEN-025094|BEN-031096|BEN-024458|BEN-012685|BEN-003896|BEN-005357,Fabricated claims share payout/contact infrastructure; some receive approval despite missing enrollment.,ground_truth/ring_evidence.json: RING-0563
RING-0680,COMMON_COLLECTION_ACCOUNT,BEN-029195|BEN-014829|BEN-009824|BEN-020871|BEN-016810|BEN-045255|BEN-016539|BEN-040953,Recipients forward a portion of funded scholarships to a common downstream account.,ground_truth/ring_evidence.json: RING-0680
RING-0256,IDENTITY_CLONING,BEN-041588|BEN-010069|BEN-049466,Aliases of the same people claim multiple awards using spelling/initial variants.,ground_truth/ring_evidence.json: RING-0256
RING-0462,INCOMPATIBLE_SCHEME_CLAIMS,BEN-005376|BEN-036943|BEN-006735|BEN-014093|BEN-027171,Connected students receive both mutually exclusive tuition awards in one academic year.,ground_truth/ring_evidence.json: RING-0462
RING-0414,INCOMPATIBLE_SCHEME_CLAIMS,BEN-034156|BEN-031799|BEN-019303|BEN-043787|BEN-021828,Connected students receive both mutually exclusive tuition awards in one academic year.,ground_truth/ring_evidence.json: RING-0414
RING-0083,IDENTITY_CLONING,BEN-016733|BEN-024297|BEN-001793,Aliases of the same people claim multiple awards using spelling/initial variants.,ground_truth/ring_evidence.json: RING-0083
RING-0019,IDENTITY_CLONING,BEN-039214|BEN-031845|BEN-033425,Aliases of the same people claim multiple awards using spelling/initial variants.,ground_truth/ring_evidence.json: RING-0019
RING-0854,BATCH_FABRICATION,BEN-048016|BEN-002605|BEN-024340|BEN-012940|BEN-021450|BEN-041487|BEN-040318|BEN-009171|BEN-009378|BEN-022817,"Closely timed registrations, related names/contacts and common payouts indicate coordinated creation.",ground_truth/ring_evidence.json: RING-0854
RING-0472,INCOMPATIBLE_SCHEME_CLAIMS,BEN-045036|BEN-001844|BEN-021737|BEN-035496|BEN-029342,Connected students receive both mutually exclusive tuition awards in one academic year.,ground_truth/ring_evidence.json: RING-0472
RING-0002,IDENTITY_CLONING,BEN-040629|BEN-013410|BEN-011246,Aliases of the same people claim multiple awards using spelling/initial variants.,ground_truth/ring_evidence.json: RING-0002
RING-0783,CIRCULAR_TRANSFERS,BEN-006318|BEN-039262|BEN-034820|BEN-003006,A chronological funded sequence returns money to its origin.,ground_truth/ring_evidence.json: RING-0783
RING-0281,IDENTITY_CLONING,BEN-013250|BEN-001125|BEN-021715,Aliases of the same people claim multiple awards using spelling/initial variants.,ground_truth/ring_evidence.json: RING-0281
RING-0396,SHARED_PAYOUT_ACCOUNT,BEN-047860|BEN-016083|BEN-025315|BEN-010695|BEN-025545|BEN-040944|BEN-001735|BEN-021940|BEN-028268|BEN-021959,Unrelated identities concentrate awards in a small payout-account hub.,ground_truth/ring_evidence.json: RING-0396
RING-0668,COMMON_COLLECTION_ACCOUNT,BEN-019472|BEN-043251|BEN-003744|BEN-046587|BEN-023127|BEN-023135|BEN-042901|BEN-018349,Recipients forward a portion of funded scholarships to a common downstream account.,ground_truth/ring_evidence.json: RING-0668
RING-0264,IDENTITY_CLONING,BEN-037395|BEN-027689|BEN-029224,Aliases of the same people claim multiple awards using spelling/initial variants.,ground_truth/ring_evidence.json: RING-0264
RING-0397,SHARED_PAYOUT_ACCOUNT,BEN-037674|BEN-046297|BEN-046376|BEN-012280|BEN-047293|BEN-015097|BEN-008840|BEN-040220|BEN-019956|BEN-040562,Unrelated identities concentrate awards in a small payout-account hub.,ground_truth/ring_evidence.json: RING-0397
RING-0018,IDENTITY_CLONING,BEN-024312|BEN-026982|BEN-004626,Aliases of the same people claim multiple awards using spelling/initial variants.,ground_truth/ring_evidence.json: RING-0018
RING-0132,IDENTITY_CLONING,BEN-023300|BEN-031367|BEN-032116,Aliases of the same people claim multiple awards using spelling/initial variants.,ground_truth/ring_evidence.json: RING-0132
RING-0150,IDENTITY_CLONING,BEN-016250|BEN-015403|BEN-049486,Aliases of the same people claim multiple awards using spelling/initial variants.,ground_truth/ring_evidence.json: RING-0150
RING-0203,IDENTITY_CLONING,BEN-019854|BEN-014268|BEN-023680,Aliases of the same people claim multiple awards using spelling/initial variants.,ground_truth/ring_evidence.json: RING-0203
RING-0504,GHOST_IDENTITY,BEN-018508|BEN-024758|BEN-007678|BEN-002923|BEN-031963|BEN-017895|BEN-012860|BEN-000756,Fabricated claims share payout/contact infrastructure; some receive approval despite missing enrollment.,ground_truth/ring_evidence.json: RING-0504
RING-0178,IDENTITY_CLONING,BEN-032304|BEN-009174|BEN-003142,Aliases of the same people claim multiple awards using spelling/initial variants.,ground_truth/ring_evidence.json: RING-0178
RING-0166,IDENTITY_CLONING,BEN-020419|BEN-023787|BEN-048717,Aliases of the same people claim multiple awards using spelling/initial variants.,ground_truth/ring_evidence.json: RING-0166
RING-0705,CIRCULAR_TRANSFERS,BEN-018743|BEN-015947|BEN-045040|BEN-044653,A chronological funded sequence returns money to its origin.,ground_truth/ring_evidence.json: RING-0705
RING-0105,IDENTITY_CLONING,BEN-035024|BEN-028870|BEN-021087,Aliases of the same people claim multiple awards using spelling/initial variants.,ground_truth/ring_evidence.json: RING-0105
RING-0127,IDENTITY_CLONING,BEN-022051|BEN-049932|BEN-041627,Aliases of the same people claim multiple awards using spelling/initial variants.,ground_truth/ring_evidence.json: RING-0127
RING-0591,GHOST_IDENTITY,BEN-027539|BEN-040949|BEN-017013|BEN-015528|BEN-022179|BEN-034644|BEN-009565|BEN-009494,Fabricated claims share payout/contact infrastructure; some receive approval despite missing enrollment.,ground_truth/ring_evidence.json: RING-0591
RING-0607,COMMON_COLLECTION_ACCOUNT,BEN-045929|BEN-014443|BEN-025472|BEN-018006|BEN-016834|BEN-029028|BEN-034337|BEN-041323,Recipients forward a portion of funded scholarships to a common downstream account.,ground_truth/ring_evidence.json: RING-0607
RING-0080,IDENTITY_CLONING,BEN-029371|BEN-005754|BEN-007217,Aliases of the same people claim multiple awards using spelling/initial variants.,ground_truth/ring_evidence.json: RING-0080
RING-0171,IDENTITY_CLONING,BEN-011598|BEN-029842|BEN-028060,Aliases of the same people claim multiple awards using spelling/initial variants.,ground_truth/ring_evidence.json: RING-0171
RING-0358,SHARED_PAYOUT_ACCOUNT,BEN-007873|BEN-030483|BEN-023917|BEN-025806|BEN-029552|BEN-034311|BEN-036586|BEN-017650|BEN-024429|BEN-006443,Unrelated identities concentrate awards in a small payout-account hub.,ground_truth/ring_evidence.json: RING-0358
RING-0128,IDENTITY_CLONING,BEN-034505|BEN-006822|BEN-035190,Aliases of the same people claim multiple awards using spelling/initial variants.,ground_truth/ring_evidence.json: RING-0128
RING-0833,BATCH_FABRICATION,BEN-022183|BEN-038691|BEN-002628|BEN-042923|BEN-045900|BEN-017037|BEN-048198|BEN-047820|BEN-019374|BEN-048476,"Closely timed registrations, related names/contacts and common payouts indicate coordinated creation.",ground_truth/ring_evidence.json: RING-0833
RING-0597,GHOST_IDENTITY,BEN-049023|BEN-024485|BEN-005523|BEN-049814|BEN-024912|BEN-009750|BEN-034347|BEN-008381,Fabricated claims share payout/contact infrastructure; some receive approval despite missing enrollment.,ground_truth/ring_evidence.json: RING-0597
RING-0427,INCOMPATIBLE_SCHEME_CLAIMS,BEN-034578|BEN-028490|BEN-000081|BEN-026287|BEN-018612,Connected students receive both mutually exclusive tuition awards in one academic year.,ground_truth/ring_evidence.json: RING-0427
RING-0279,IDENTITY_CLONING,BEN-002432|BEN-004893|BEN-021540,Aliases of the same people claim multiple awards using spelling/initial variants.,ground_truth/ring_evidence.json: RING-0279
RING-0253,IDENTITY_CLONING,BEN-023107|BEN-032467|BEN-043314,Aliases of the same people claim multiple awards using spelling/initial variants.,ground_truth/ring_evidence.json: RING-0253
RING-0261,IDENTITY_CLONING,BEN-007163|BEN-019478|BEN-013536,Aliases of the same people claim multiple awards using spelling/initial variants.,ground_truth/ring_evidence.json: RING-0261
RING-0381,SHARED_PAYOUT_ACCOUNT,BEN-002216|BEN-024455|BEN-045437|BEN-012807|BEN-021342|BEN-024176|BEN-016889|BEN-038927|BEN-012043|BEN-044514,Unrelated identities concentrate awards in a small payout-account hub.,ground_truth/ring_evidence.json: RING-0381
RING-0164,IDENTITY_CLONING,BEN-023317|BEN-021549|BEN-030331,Aliases of the same people claim multiple awards using spelling/initial variants.,ground_truth/ring_evidence.json: RING-0164
RING-0632,COMMON_COLLECTION_ACCOUNT,BEN-019453|BEN-042710|BEN-017394|BEN-016252|BEN-044122|BEN-023119|BEN-040400|BEN-008773,Recipients forward a portion of funded scholarships to a common downstream account.,ground_truth/ring_evidence.json: RING-0632
RING-0479,INCOMPATIBLE_SCHEME_CLAIMS,BEN-031026|BEN-025679|BEN-023056|BEN-041884|BEN-033227,Connected students receive both mutually exclusive tuition awards in one academic year.,ground_truth/ring_evidence.json: RING-0479
RING-0723,CIRCULAR_TRANSFERS,BEN-048038|BEN-042441|BEN-013686|BEN-012269,A chronological funded sequence returns money to its origin.,ground_truth/ring_evidence.json: RING-0723
RING-0055,IDENTITY_CLONING,BEN-043254|BEN-027045|BEN-019687,Aliases of the same people claim multiple awards using spelling/initial variants.,ground_truth/ring_evidence.json: RING-0055
RING-0271,IDENTITY_CLONING,BEN-028139|BEN-038498|BEN-035408,Aliases of the same people claim multiple awards using spelling/initial variants.,ground_truth/ring_evidence.json: RING-0271
RING-0153,IDENTITY_CLONING,BEN-027382|BEN-001250|BEN-011867,Aliases of the same people claim multiple awards using spelling/initial variants.,ground_truth/ring_evidence.json: RING-0153
RING-0447,INCOMPATIBLE_SCHEME_CLAIMS,BEN-006563|BEN-036243|BEN-036877|BEN-017212|BEN-026507,Connected students receive both mutually exclusive tuition awards in one academic year.,ground_truth/ring_evidence.json: RING-0447
RING-0149,IDENTITY_CLONING,BEN-012195|BEN-031705|BEN-028379,Aliases of the same people claim multiple awards using spelling/initial variants.,ground_truth/ring_evidence.json: RING-0149
RING-0152,IDENTITY_CLONING,BEN-022680|BEN-032306|BEN-019141,Aliases of the same people claim multiple awards using spelling/initial variants.,ground_truth/ring_evidence.json: RING-0152
RING-0499,INCOMPATIBLE_SCHEME_CLAIMS,BEN-001085|BEN-018304|BEN-013753|BEN-034995|BEN-027192,Connected students receive both mutually exclusive tuition awards in one academic year.,ground_truth/ring_evidence.json: RING-0499
RING-0526,GHOST_IDENTITY,BEN-024290|BEN-000142|BEN-019349|BEN-043145|BEN-012603|BEN-044767|BEN-019467|BEN-009459,Fabricated claims share payout/contact infrastructure; some receive approval despite missing enrollment.,ground_truth/ring_evidence.json: RING-0526
RING-0464,INCOMPATIBLE_SCHEME_CLAIMS,BEN-004416|BEN-012799|BEN-011387|BEN-049904|BEN-033455,Connected students receive both mutually exclusive tuition awards in one academic year.,ground_truth/ring_evidence.json: RING-0464
RING-0191,IDENTITY_CLONING,BEN-046577|BEN-012673|BEN-044433,Aliases of the same people claim multiple awards using spelling/initial variants.,ground_truth/ring_evidence.json: RING-0191
RING-0456,INCOMPATIBLE_SCHEME_CLAIMS,BEN-039041|BEN-012879|BEN-012794|BEN-012701|BEN-000831,Connected students receive both mutually exclusive tuition awards in one academic year.,ground_truth/ring_evidence.json: RING-0456
RING-0747,CIRCULAR_TRANSFERS,BEN-021477|BEN-030103|BEN-035065|BEN-022132,A chronological funded sequence returns money to its origin.,ground_truth/ring_evidence.json: RING-0747
RING-0438,INCOMPATIBLE_SCHEME_CLAIMS,BEN-021730|BEN-011643|BEN-044398|BEN-008342|BEN-016743,Connected students receive both mutually exclusive tuition awards in one academic year.,ground_truth/ring_evidence.json: RING-0438
RING-0640,COMMON_COLLECTION_ACCOUNT,BEN-043359|BEN-045495|BEN-048956|BEN-036428|BEN-008963|BEN-025445|BEN-009121|BEN-019015,Recipients forward a portion of funded scholarships to a common downstream account.,ground_truth/ring_evidence.json: RING-0640
RING-0074,IDENTITY_CLONING,BEN-028801|BEN-037043|BEN-033127,Aliases of the same people claim multiple awards using spelling/initial variants.,ground_truth/ring_evidence.json: RING-0074
RING-0151,IDENTITY_CLONING,BEN-009733|BEN-027390|BEN-042410,Aliases of the same people claim multiple awards using spelling/initial variants.,ground_truth/ring_evidence.json: RING-0151
RING-0460,INCOMPATIBLE_SCHEME_CLAIMS,BEN-019968|BEN-019682|BEN-002139|BEN-006487|BEN-034809,Connected students receive both mutually exclusive tuition awards in one academic year.,ground_truth/ring_evidence.json: RING-0460
RING-0805,BATCH_FABRICATION,BEN-036514|BEN-046409|BEN-017355|BEN-047406|BEN-041102|BEN-005265|BEN-005347|BEN-037129|BEN-047425|BEN-042811,"Closely timed registrations, related names/contacts and common payouts indicate coordinated creation.",ground_truth/ring_evidence.json: RING-0805
RING-0032,IDENTITY_CLONING,BEN-021655|BEN-007337|BEN-036107,Aliases of the same people claim multiple awards using spelling/initial variants.,ground_truth/ring_evidence.json: RING-0032
RING-0549,GHOST_IDENTITY,BEN-021164|BEN-014120|BEN-022454|BEN-043651|BEN-046298|BEN-039186|BEN-024907|BEN-001240,Fabricated claims share payout/contact infrastructure; some receive approval despite missing enrollment.,ground_truth/ring_evidence.json: RING-0549
RING-0060,IDENTITY_CLONING,BEN-007891|BEN-018783|BEN-014965,Aliases of the same people claim multiple awards using spelling/initial variants.,ground_truth/ring_evidence.json: RING-0060
RING-0361,SHARED_PAYOUT_ACCOUNT,BEN-037985|BEN-027236|BEN-043700|BEN-014632|BEN-012911|BEN-037561|BEN-042004|BEN-036760|BEN-018134|BEN-009063,Unrelated identities concentrate awards in a small payout-account hub.,ground_truth/ring_evidence.json: RING-0361
RING-0856,BATCH_FABRICATION,BEN-046158|BEN-010075|BEN-009906|BEN-030064|BEN-001981|BEN-034911|BEN-038058|BEN-010109|BEN-033183|BEN-047607,"Closely timed registrations, related names/contacts and common payouts indicate coordinated creation.",ground_truth/ring_evidence.json: RING-0856
RING-0172,IDENTITY_CLONING,BEN-023966|BEN-042200|BEN-037447,Aliases of the same people claim multiple awards using spelling/initial variants.,ground_truth/ring_evidence.json: RING-0172
RING-0146,IDENTITY_CLONING,BEN-015098|BEN-019062|BEN-046236,Aliases of the same people claim multiple awards using spelling/initial variants.,ground_truth/ring_evidence.json: RING-0146
RING-0274,IDENTITY_CLONING,BEN-010409|BEN-016961|BEN-004582,Aliases of the same people claim multiple awards using spelling/initial variants.,ground_truth/ring_evidence.json: RING-0274
RING-0897,BATCH_FABRICATION,BEN-042304|BEN-034288|BEN-032246|BEN-043593|BEN-032891|BEN-033759|BEN-045037|BEN-024110|BEN-014626|BEN-032164,"Closely timed registrations, related names/contacts and common payouts indicate coordinated creation.",ground_truth/ring_evidence.json: RING-0897
RING-0246,IDENTITY_CLONING,BEN-011610|BEN-030521|BEN-016236,Aliases of the same people claim multiple awards using spelling/initial variants.,ground_truth/ring_evidence.json: RING-0246
RING-0751,CIRCULAR_TRANSFERS,BEN-022361|BEN-021092|BEN-012001|BEN-035019,A chronological funded sequence returns money to its origin.,ground_truth/ring_evidence.json: RING-0751
RING-0587,GHOST_IDENTITY,BEN-040551|BEN-033058|BEN-006312|BEN-016998|BEN-035014|BEN-048754|BEN-022954|BEN-019445,Fabricated claims share payout/contact infrastructure; some receive approval despite missing enrollment.,ground_truth/ring_evidence.json: RING-0587
RING-0457,INCOMPATIBLE_SCHEME_CLAIMS,BEN-031113|BEN-012421|BEN-000539|BEN-008414|BEN-023394,Connected students receive both mutually exclusive tuition awards in one academic year.,ground_truth/ring_evidence.json: RING-0457
RING-0070,IDENTITY_CLONING,BEN-037243|BEN-002805|BEN-029407,Aliases of the same people claim multiple awards using spelling/initial variants.,ground_truth/ring_evidence.json: RING-0070
RING-0709,CIRCULAR_TRANSFERS,BEN-019796|BEN-034179|BEN-011843|BEN-037877,A chronological funded sequence returns money to its origin.,ground_truth/ring_evidence.json: RING-0709
RING-0669,COMMON_COLLECTION_ACCOUNT,BEN-043428|BEN-029411|BEN-023232|BEN-034619|BEN-038806|BEN-049540|BEN-001191|BEN-042482,Recipients forward a portion of funded scholarships to a common downstream account.,ground_truth/ring_evidence.json: RING-0669
RING-0419,INCOMPATIBLE_SCHEME_CLAIMS,BEN-049890|BEN-007851|BEN-015844|BEN-032842|BEN-026864,Connected students receive both mutually exclusive tuition awards in one academic year.,ground_truth/ring_evidence.json: RING-0419
RING-0162,IDENTITY_CLONING,BEN-006825|BEN-048371|BEN-031325,Aliases of the same people claim multiple awards using spelling/initial variants.,ground_truth/ring_evidence.json: RING-0162
RING-0450,INCOMPATIBLE_SCHEME_CLAIMS,BEN-035908|BEN-020102|BEN-039413|BEN-037303|BEN-029895,Connected students receive both mutually exclusive tuition awards in one academic year.,ground_truth/ring_evidence.json: RING-0450
RING-0775,CIRCULAR_TRANSFERS,BEN-049298|BEN-016478|BEN-034155|BEN-014461,A chronological funded sequence returns money to its origin.,ground_truth/ring_evidence.json: RING-0775
RING-0322,SHARED_PAYOUT_ACCOUNT,BEN-006558|BEN-037372|BEN-044466|BEN-049623|BEN-020187|BEN-036522|BEN-002290|BEN-011242|BEN-014061|BEN-036443,Unrelated identities concentrate awards in a small payout-account hub.,ground_truth/ring_evidence.json: RING-0322
RING-0251,IDENTITY_CLONING,BEN-019118|BEN-035322|BEN-004357,Aliases of the same people claim multiple awards using spelling/initial variants.,ground_truth/ring_evidence.json: RING-0251
RING-0299,IDENTITY_CLONING,BEN-026979|BEN-020235|BEN-014640,Aliases of the same people claim multiple awards using spelling/initial variants.,ground_truth/ring_evidence.json: RING-0299
RING-0710,CIRCULAR_TRANSFERS,BEN-011968|BEN-029339|BEN-009274|BEN-022307,A chronological funded sequence returns money to its origin.,ground_truth/ring_evidence.json: RING-0710
RING-0533,GHOST_IDENTITY,BEN-019314|BEN-033792|BEN-034355|BEN-034213|BEN-024741|BEN-019607|BEN-038836|BEN-031417,Fabricated claims share payout/contact infrastructure; some receive approval despite missing enrollment.,ground_truth/ring_evidence.json: RING-0533
RING-0259,IDENTITY_CLONING,BEN-022728|BEN-003898|BEN-033228,Aliases of the same people claim multiple awards using spelling/initial variants.,ground_truth/ring_evidence.json: RING-0259
RING-0316,SHARED_PAYOUT_ACCOUNT,BEN-011942|BEN-042424|BEN-021746|BEN-011076|BEN-002278|BEN-031008|BEN-033693|BEN-018606|BEN-005547|BEN-038552,Unrelated identities concentrate awards in a small payout-account hub.,ground_truth/ring_evidence.json: RING-0316
RING-0376,SHARED_PAYOUT_ACCOUNT,BEN-023028|BEN-046239|BEN-020266|BEN-010863|BEN-008898|BEN-044366|BEN-019277|BEN-037958|BEN-014398|BEN-000262,Unrelated identities concentrate awards in a small payout-account hub.,ground_truth/ring_evidence.json: RING-0376
RING-0034,IDENTITY_CLONING,BEN-003253|BEN-002048|BEN-010601,Aliases of the same people claim multiple awards using spelling/initial variants.,ground_truth/ring_evidence.json: RING-0034
RING-0234,IDENTITY_CLONING,BEN-039978|BEN-025413|BEN-021099,Aliases of the same people claim multiple awards using spelling/initial variants.,ground_truth/ring_evidence.json: RING-0234
RING-0763,CIRCULAR_TRANSFERS,BEN-000240|BEN-001419|BEN-045779|BEN-037161,A chronological funded sequence returns money to its origin.,ground_truth/ring_evidence.json: RING-0763
RING-0639,COMMON_COLLECTION_ACCOUNT,BEN-046062|BEN-013842|BEN-045948|BEN-013344|BEN-048725|BEN-008901|BEN-040660|BEN-029466,Recipients forward a portion of funded scholarships to a common downstream account.,ground_truth/ring_evidence.json: RING-0639
RING-0041,IDENTITY_CLONING,BEN-010063|BEN-022055|BEN-020539,Aliases of the same people claim multiple awards using spelling/initial variants.,ground_truth/ring_evidence.json: RING-0041
RING-0727,CIRCULAR_TRANSFERS,BEN-029987|BEN-013996|BEN-033502|BEN-015399,A chronological funded sequence returns money to its origin.,ground_truth/ring_evidence.json: RING-0727
RING-0399,SHARED_PAYOUT_ACCOUNT,BEN-031081|BEN-020500|BEN-020401|BEN-033471|BEN-001641|BEN-010688|BEN-013232|BEN-023685|BEN-048761|BEN-013079,Unrelated identities concentrate awards in a small payout-account hub.,ground_truth/ring_evidence.json: RING-0399
RING-0596,GHOST_IDENTITY,BEN-012018|BEN-013666|BEN-002356|BEN-036878|BEN-047325|BEN-033458|BEN-006097|BEN-019753,Fabricated claims share payout/contact infrastructure; some receive approval despite missing enrollment.,ground_truth/ring_evidence.json: RING-0596
RING-0410,INCOMPATIBLE_SCHEME_CLAIMS,BEN-025436|BEN-045541|BEN-031816|BEN-049485|BEN-021520,Connected students receive both mutually exclusive tuition awards in one academic year.,ground_truth/ring_evidence.json: RING-0410
RING-0535,GHOST_IDENTITY,BEN-036444|BEN-032942|BEN-046908|BEN-001553|BEN-045590|BEN-012339|BEN-001677|BEN-046698,Fabricated claims share payout/contact infrastructure; some receive approval despite missing enrollment.,ground_truth/ring_evidence.json: RING-0535
RING-0045,IDENTITY_CLONING,BEN-033730|BEN-045883|BEN-031034,Aliases of the same people claim multiple awards using spelling/initial variants.,ground_truth/ring_evidence.json: RING-0045
RING-0616,COMMON_COLLECTION_ACCOUNT,BEN-037025|BEN-025615|BEN-001685|BEN-013780|BEN-020824|BEN-006125|BEN-011305|BEN-011022,Recipients forward a portion of funded scholarships to a common downstream account.,ground_truth/ring_evidence.json: RING-0616
RING-0678,COMMON_COLLECTION_ACCOUNT,BEN-018222|BEN-044840|BEN-000210|BEN-003446|BEN-047805|BEN-009522|BEN-045698|BEN-002834,Recipients forward a portion of funded scholarships to a common downstream account.,ground_truth/ring_evidence.json: RING-0678
RING-0881,BATCH_FABRICATION,BEN-030857|BEN-044762|BEN-024447|BEN-035055|BEN-021673|BEN-042924|BEN-037550|BEN-023701|BEN-022520|BEN-032255,"Closely timed registrations, related names/contacts and common payouts indicate coordinated creation.",ground_truth/ring_evidence.json: RING-0881
RING-0573,GHOST_IDENTITY,BEN-037078|BEN-022234|BEN-033505|BEN-014240|BEN-002263|BEN-032924|BEN-031558|BEN-039984,Fabricated claims share payout/contact infrastructure; some receive approval despite missing enrollment.,ground_truth/ring_evidence.json: RING-0573
RING-0210,IDENTITY_CLONING,BEN-049002|BEN-037921|BEN-027853,Aliases of the same people claim multiple awards using spelling/initial variants.,ground_truth/ring_evidence.json: RING-0210
RING-0325,SHARED_PAYOUT_ACCOUNT,BEN-012255|BEN-031544|BEN-036432|BEN-031860|BEN-037843|BEN-046418|BEN-046778|BEN-037764|BEN-032852|BEN-001154,Unrelated identities concentrate awards in a small payout-account hub.,ground_truth/ring_evidence.json: RING-0325
RING-0502,GHOST_IDENTITY,BEN-009082|BEN-000475|BEN-008086|BEN-008603|BEN-014708|BEN-004930|BEN-029197|BEN-008598,Fabricated claims share payout/contact infrastructure; some receive approval despite missing enrollment.,ground_truth/ring_evidence.json: RING-0502
RING-0555,GHOST_IDENTITY,BEN-034857|BEN-031237|BEN-045838|BEN-023948|BEN-030138|BEN-018797|BEN-000247|BEN-043520,Fabricated claims share payout/contact infrastructure; some receive approval despite missing enrollment.,ground_truth/ring_evidence.json: RING-0555
RING-0036,IDENTITY_CLONING,BEN-002328|BEN-048804|BEN-007408,Aliases of the same people claim multiple awards using spelling/initial variants.,ground_truth/ring_evidence.json: RING-0036
RING-0337,SHARED_PAYOUT_ACCOUNT,BEN-031692|BEN-044354|BEN-041296|BEN-023230|BEN-031239|BEN-034249|BEN-004656|BEN-029328|BEN-011156|BEN-015208,Unrelated identities concentrate awards in a small payout-account hub.,ground_truth/ring_evidence.json: RING-0337
RING-0757,CIRCULAR_TRANSFERS,BEN-010290|BEN-024143|BEN-045073|BEN-039836,A chronological funded sequence returns money to its origin.,ground_truth/ring_evidence.json: RING-0757
RING-0442,INCOMPATIBLE_SCHEME_CLAIMS,BEN-048433|BEN-023220|BEN-040599|BEN-022994|BEN-022641,Connected students receive both mutually exclusive tuition awards in one academic year.,ground_truth/ring_evidence.json: RING-0442
RING-0541,GHOST_IDENTITY,BEN-008955|BEN-036980|BEN-030227|BEN-013991|BEN-025437|BEN-035263|BEN-036929|BEN-036503,Fabricated claims share payout/contact infrastructure; some receive approval despite missing enrollment.,ground_truth/ring_evidence.json: RING-0541
RING-0402,INCOMPATIBLE_SCHEME_CLAIMS,BEN-048114|BEN-022581|BEN-015416|BEN-033821|BEN-035472,Connected students receive both mutually exclusive tuition awards in one academic year.,ground_truth/ring_evidence.json: RING-0402
RING-0695,COMMON_COLLECTION_ACCOUNT,BEN-002494|BEN-029538|BEN-013426|BEN-012088|BEN-018034|BEN-032223|BEN-011554|BEN-014007,Recipients forward a portion of funded scholarships to a common downstream account.,ground_truth/ring_evidence.json: RING-0695
RING-0320,SHARED_PAYOUT_ACCOUNT,BEN-007006|BEN-017508|BEN-047906|BEN-020900|BEN-020533|BEN-037256|BEN-020390|BEN-043402|BEN-020436|BEN-007726,Unrelated identities concentrate awards in a small payout-account hub.,ground_truth/ring_evidence.json: RING-0320
RING-0671,COMMON_COLLECTION_ACCOUNT,BEN-009860|BEN-007313|BEN-029982|BEN-030202|BEN-002253|BEN-033880|BEN-046994|BEN-014992,Recipients forward a portion of funded scholarships to a common downstream account.,ground_truth/ring_evidence.json: RING-0671
RING-0842,BATCH_FABRICATION,BEN-032292|BEN-017691|BEN-005268|BEN-021803|BEN-013658|BEN-014664|BEN-043099|BEN-010106|BEN-037367|BEN-022913,"Closely timed registrations, related names/contacts and common payouts indicate coordinated creation.",ground_truth/ring_evidence.json: RING-0842
RING-0655,COMMON_COLLECTION_ACCOUNT,BEN-001124|BEN-008707|BEN-034328|BEN-010599|BEN-028739|BEN-039164|BEN-028974|BEN-014451,Recipients forward a portion of funded scholarships to a common downstream account.,ground_truth/ring_evidence.json: RING-0655
RING-0315,SHARED_PAYOUT_ACCOUNT,BEN-030489|BEN-049744|BEN-033045|BEN-014531|BEN-023249|BEN-019940|BEN-029899|BEN-030402|BEN-027690|BEN-004583,Unrelated identities concentrate awards in a small payout-account hub.,ground_truth/ring_evidence.json: RING-0315
RING-0581,GHOST_IDENTITY,BEN-018995|BEN-031139|BEN-049299|BEN-001762|BEN-043157|BEN-027012|BEN-011477|BEN-002020,Fabricated claims share payout/contact infrastructure; some receive approval despite missing enrollment.,ground_truth/ring_evidence.json: RING-0581
RING-0446,INCOMPATIBLE_SCHEME_CLAIMS,BEN-001626|BEN-036049|BEN-021537|BEN-005488|BEN-033440,Connected students receive both mutually exclusive tuition awards in one academic year.,ground_truth/ring_evidence.json: RING-0446
RING-0109,IDENTITY_CLONING,BEN-020291|BEN-026471|BEN-029125,Aliases of the same people claim multiple awards using spelling/initial variants.,ground_truth/ring_evidence.json: RING-0109
RING-0807,BATCH_FABRICATION,BEN-015181|BEN-035147|BEN-024331|BEN-033239|BEN-021810|BEN-037943|BEN-008224|BEN-006010|BEN-012134|BEN-009349,"Closely timed registrations, related names/contacts and common payouts indicate coordinated creation.",ground_truth/ring_evidence.json: RING-0807
RING-0614,COMMON_COLLECTION_ACCOUNT,BEN-039004|BEN-035969|BEN-041786|BEN-022218|BEN-009354|BEN-027123|BEN-004828|BEN-029226,Recipients forward a portion of funded scholarships to a common downstream account.,ground_truth/ring_evidence.json: RING-0614
RING-0303,SHARED_PAYOUT_ACCOUNT,BEN-015272|BEN-017888|BEN-025166|BEN-000390|BEN-022228|BEN-015748|BEN-003786|BEN-022511|BEN-041129|BEN-016576,Unrelated identities concentrate awards in a small payout-account hub.,ground_truth/ring_evidence.json: RING-0303
RING-0380,SHARED_PAYOUT_ACCOUNT,BEN-033075|BEN-036515|BEN-021407|BEN-042373|BEN-015185|BEN-046658|BEN-037339|BEN-021083|BEN-013838|BEN-048527,Unrelated identities concentrate awards in a small payout-account hub.,ground_truth/ring_evidence.json: RING-0380
RING-0286,IDENTITY_CLONING,BEN-025084|BEN-026929|BEN-029751,Aliases of the same people claim multiple awards using spelling/initial variants.,ground_truth/ring_evidence.json: RING-0286
RING-0012,IDENTITY_CLONING,BEN-044888|BEN-012251|BEN-048427,Aliases of the same people claim multiple awards using spelling/initial variants.,ground_truth/ring_evidence.json: RING-0012
RING-0528,GHOST_IDENTITY,BEN-033766|BEN-033210|BEN-021684|BEN-013185|BEN-045008|BEN-015140|BEN-004597|BEN-013303,Fabricated claims share payout/contact infrastructure; some receive approval despite missing enrollment.,ground_truth/ring_evidence.json: RING-0528
RING-0101,IDENTITY_CLONING,BEN-039168|BEN-046523|BEN-046949,Aliases of the same people claim multiple awards using spelling/initial variants.,ground_truth/ring_evidence.json: RING-0101
RING-0759,CIRCULAR_TRANSFERS,BEN-027624|BEN-002338|BEN-005013|BEN-007421,A chronological funded sequence returns money to its origin.,ground_truth/ring_evidence.json: RING-0759
RING-0885,BATCH_FABRICATION,BEN-049801|BEN-005105|BEN-015576|BEN-023501|BEN-037510|BEN-009376|BEN-030320|BEN-024504|BEN-003500|BEN-003475,"Closely timed registrations, related names/contacts and common payouts indicate coordinated creation.",ground_truth/ring_evidence.json: RING-0885
RING-0062,IDENTITY_CLONING,BEN-026847|BEN-046793|BEN-047356,Aliases of the same people claim multiple awards using spelling/initial variants.,ground_truth/ring_evidence.json: RING-0062
RING-0221,IDENTITY_CLONING,BEN-016699|BEN-002080|BEN-022170,Aliases of the same people claim multiple awards using spelling/initial variants.,ground_truth/ring_evidence.json: RING-0221
RING-0683,COMMON_COLLECTION_ACCOUNT,BEN-002644|BEN-009234|BEN-014446|BEN-001911|BEN-037632|BEN-038049|BEN-009720|BEN-002098,Recipients forward a portion of funded scholarships to a common downstream account.,ground_truth/ring_evidence.json: RING-0683
RING-0401,SHARED_PAYOUT_ACCOUNT,BEN-028694|BEN-023999|BEN-010557|BEN-036603|BEN-016678|BEN-002235|BEN-025320|BEN-037181|BEN-013171|BEN-031909,Unrelated identities concentrate awards in a small payout-account hub.,ground_truth/ring_evidence.json: RING-0401
RING-0144,IDENTITY_CLONING,BEN-012552|BEN-016109|BEN-045530,Aliases of the same people claim multiple awards using spelling/initial variants.,ground_truth/ring_evidence.json: RING-0144
RING-0176,IDENTITY_CLONING,BEN-049618|BEN-043095|BEN-019510,Aliases of the same people claim multiple awards using spelling/initial variants.,ground_truth/ring_evidence.json: RING-0176
RING-0289,IDENTITY_CLONING,BEN-026416|BEN-025039|BEN-020561,Aliases of the same people claim multiple awards using spelling/initial variants.,ground_truth/ring_evidence.json: RING-0289
RING-0129,IDENTITY_CLONING,BEN-002342|BEN-004495|BEN-023334,Aliases of the same people claim multiple awards using spelling/initial variants.,ground_truth/ring_evidence.json: RING-0129
RING-0351,SHARED_PAYOUT_ACCOUNT,BEN-010351|BEN-013122|BEN-032282|BEN-000317|BEN-005910|BEN-001750|BEN-034570|BEN-047755|BEN-008618|BEN-034417,Unrelated identities concentrate awards in a small payout-account hub.,ground_truth/ring_evidence.json: RING-0351
RING-0506,GHOST_IDENTITY,BEN-007874|BEN-035250|BEN-035611|BEN-015409|BEN-046362|BEN-022524|BEN-035330|BEN-026581,Fabricated claims share payout/contact infrastructure; some receive approval despite missing enrollment.,ground_truth/ring_evidence.json: RING-0506
RING-0803,BATCH_FABRICATION,BEN-027288|BEN-031256|BEN-038784|BEN-009744|BEN-023413|BEN-038166|BEN-008515|BEN-018838|BEN-017680|BEN-024631,"Closely timed registrations, related names/contacts and common payouts indicate coordinated creation.",ground_truth/ring_evidence.json: RING-0803
RING-0313,SHARED_PAYOUT_ACCOUNT,BEN-045048|BEN-038420|BEN-046550|BEN-043404|BEN-006996|BEN-006080|BEN-014921|BEN-024701|BEN-035712|BEN-009275,Unrelated identities concentrate awards in a small payout-account hub.,ground_truth/ring_evidence.json: RING-0313
RING-0334,SHARED_PAYOUT_ACCOUNT,BEN-019832|BEN-029624|BEN-028680|BEN-020521|BEN-014753|BEN-037069|BEN-034749|BEN-044543|BEN-047702|BEN-001787,Unrelated identities concentrate awards in a small payout-account hub.,ground_truth/ring_evidence.json: RING-0334
RING-0387,SHARED_PAYOUT_ACCOUNT,BEN-012026|BEN-029157|BEN-027158|BEN-047925|BEN-042764|BEN-023781|BEN-031696|BEN-037614|BEN-042468|BEN-021675,Unrelated identities concentrate awards in a small payout-account hub.,ground_truth/ring_evidence.json: RING-0387
RING-0270,IDENTITY_CLONING,BEN-016346|BEN-011091|BEN-016023,Aliases of the same people claim multiple awards using spelling/initial variants.,ground_truth/ring_evidence.json: RING-0270
RING-0829,BATCH_FABRICATION,BEN-025294|BEN-016908|BEN-018323|BEN-038025|BEN-040735|BEN-019257|BEN-025511|BEN-049134|BEN-024748|BEN-035534,"Closely timed registrations, related names/contacts and common payouts indicate coordinated creation.",ground_truth/ring_evidence.json: RING-0829
RING-0635,COMMON_COLLECTION_ACCOUNT,BEN-012749|BEN-008477|BEN-006244|BEN-000355|BEN-013226|BEN-029582|BEN-023255|BEN-017662,Recipients forward a portion of funded scholarships to a common downstream account.,ground_truth/ring_evidence.json: RING-0635
RING-0557,GHOST_IDENTITY,BEN-009627|BEN-013444|BEN-029488|BEN-019654|BEN-036252|BEN-038856|BEN-032447|BEN-043813,Fabricated claims share payout/contact infrastructure; some receive approval despite missing enrollment.,ground_truth/ring_evidence.json: RING-0557
RING-0865,BATCH_FABRICATION,BEN-047265|BEN-030187|BEN-026677|BEN-042256|BEN-033165|BEN-004851|BEN-026444|BEN-014037|BEN-002806|BEN-047817,"Closely timed registrations, related names/contacts and common payouts indicate coordinated creation.",ground_truth/ring_evidence.json: RING-0865
RING-0697,COMMON_COLLECTION_ACCOUNT,BEN-029660|BEN-046407|BEN-028808|BEN-002164|BEN-043848|BEN-006303|BEN-002547|BEN-002166,Recipients forward a portion of funded scholarships to a common downstream account.,ground_truth/ring_evidence.json: RING-0697
RING-0628,COMMON_COLLECTION_ACCOUNT,BEN-006800|BEN-033263|BEN-035045|BEN-022299|BEN-025117|BEN-019263|BEN-020347|BEN-038695,Recipients forward a portion of funded scholarships to a common downstream account.,ground_truth/ring_evidence.json: RING-0628
RING-0238,IDENTITY_CLONING,BEN-049663|BEN-002967|BEN-007232,Aliases of the same people claim multiple awards using spelling/initial variants.,ground_truth/ring_evidence.json: RING-0238
RING-0409,INCOMPATIBLE_SCHEME_CLAIMS,BEN-045017|BEN-042870|BEN-007580|BEN-021452|BEN-026215,Connected students receive both mutually exclusive tuition awards in one academic year.,ground_truth/ring_evidence.json: RING-0409
RING-0547,GHOST_IDENTITY,BEN-008680|BEN-002692|BEN-006494|BEN-045120|BEN-010976|BEN-040409|BEN-022701|BEN-036714,Fabricated claims share payout/contact infrastructure; some receive approval despite missing enrollment.,ground_truth/ring_evidence.json: RING-0547
RING-0033,IDENTITY_CLONING,BEN-025361|BEN-035947|BEN-048706,Aliases of the same people claim multiple awards using spelling/initial variants.,ground_truth/ring_evidence.json: RING-0033
RING-0095,IDENTITY_CLONING,BEN-035559|BEN-045839|BEN-007099,Aliases of the same people claim multiple awards using spelling/initial variants.,ground_truth/ring_evidence.json: RING-0095
RING-0676,COMMON_COLLECTION_ACCOUNT,BEN-043208|BEN-041446|BEN-042368|BEN-026121|BEN-039682|BEN-045345|BEN-007670|BEN-020021,Recipients forward a portion of funded scholarships to a common downstream account.,ground_truth/ring_evidence.json: RING-0676
RING-0360,SHARED_PAYOUT_ACCOUNT,BEN-001502|BEN-019066|BEN-027009|BEN-043429|BEN-018992|BEN-027872|BEN-001804|BEN-003861|BEN-043766|BEN-021892,Unrelated identities concentrate awards in a small payout-account hub.,ground_truth/ring_evidence.json: RING-0360
RING-0352,SHARED_PAYOUT_ACCOUNT,BEN-028638|BEN-033235|BEN-032802|BEN-046579|BEN-011755|BEN-035562|BEN-045811|BEN-043599|BEN-032914|BEN-039979,Unrelated identities concentrate awards in a small payout-account hub.,ground_truth/ring_evidence.json: RING-0352
RING-0282,IDENTITY_CLONING,BEN-030530|BEN-043341|BEN-039284,Aliases of the same people claim multiple awards using spelling/initial variants.,ground_truth/ring_evidence.json: RING-0282
RING-0258,IDENTITY_CLONING,BEN-028061|BEN-036051|BEN-001401,Aliases of the same people claim multiple awards using spelling/initial variants.,ground_truth/ring_evidence.json: RING-0258
RING-0618,COMMON_COLLECTION_ACCOUNT,BEN-012660|BEN-010433|BEN-021785|BEN-004241|BEN-047889|BEN-011622|BEN-048196|BEN-001775,Recipients forward a portion of funded scholarships to a common downstream account.,ground_truth/ring_evidence.json: RING-0618
RING-0426,INCOMPATIBLE_SCHEME_CLAIMS,BEN-021955|BEN-037799|BEN-007375|BEN-002351|BEN-016451,Connected students receive both mutually exclusive tuition awards in one academic year.,ground_truth/ring_evidence.json: RING-0426
RING-0416,INCOMPATIBLE_SCHEME_CLAIMS,BEN-021748|BEN-034001|BEN-008703|BEN-010050|BEN-008262,Connected students receive both mutually exclusive tuition awards in one academic year.,ground_truth/ring_evidence.json: RING-0416
RING-0214,IDENTITY_CLONING,BEN-035830|BEN-019728|BEN-038721,Aliases of the same people claim multiple awards using spelling/initial variants.,ground_truth/ring_evidence.json: RING-0214
RING-0622,COMMON_COLLECTION_ACCOUNT,BEN-019823|BEN-040202|BEN-035193|BEN-045253|BEN-021885|BEN-024252|BEN-048710|BEN-044981,Recipients forward a portion of funded scholarships to a common downstream account.,ground_truth/ring_evidence.json: RING-0622
RING-0394,SHARED_PAYOUT_ACCOUNT,BEN-026367|BEN-031148|BEN-005114|BEN-032266|BEN-023456|BEN-043400|BEN-012490|BEN-045375|BEN-040765|BEN-009477,Unrelated identities concentrate awards in a small payout-account hub.,ground_truth/ring_evidence.json: RING-0394
RING-0493,INCOMPATIBLE_SCHEME_CLAIMS,BEN-047043|BEN-024542|BEN-038513|BEN-028438|BEN-022310,Connected students receive both mutually exclusive tuition awards in one academic year.,ground_truth/ring_evidence.json: RING-0493
RING-0582,GHOST_IDENTITY,BEN-047471|BEN-011917|BEN-049782|BEN-045922|BEN-017661|BEN-010036|BEN-027406|BEN-032949,Fabricated claims share payout/contact infrastructure; some receive approval despite missing enrollment.,ground_truth/ring_evidence.json: RING-0582
RING-0857,BATCH_FABRICATION,BEN-035930|BEN-012563|BEN-028378|BEN-004030|BEN-045724|BEN-046057|BEN-045010|BEN-034751|BEN-025765|BEN-043046,"Closely timed registrations, related names/contacts and common payouts indicate coordinated creation.",ground_truth/ring_evidence.json: RING-0857
RING-0408,INCOMPATIBLE_SCHEME_CLAIMS,BEN-006867|BEN-002336|BEN-003953|BEN-009098|BEN-048999,Connected students receive both mutually exclusive tuition awards in one academic year.,ground_truth/ring_evidence.json: RING-0408
RING-0795,CIRCULAR_TRANSFERS,BEN-040485|BEN-020735|BEN-019475|BEN-035890,A chronological funded sequence returns money to its origin.,ground_truth/ring_evidence.json: RING-0795
RING-0348,SHARED_PAYOUT_ACCOUNT,BEN-009596|BEN-017092|BEN-030438|BEN-004309|BEN-048991|BEN-009475|BEN-018877|BEN-048072|BEN-046124|BEN-002004,Unrelated identities concentrate awards in a small payout-account hub.,ground_truth/ring_evidence.json: RING-0348
RING-0390,SHARED_PAYOUT_ACCOUNT,BEN-046567|BEN-001881|BEN-000554|BEN-002510|BEN-021718|BEN-014773|BEN-019772|BEN-039388|BEN-021163|BEN-003071,Unrelated identities concentrate awards in a small payout-account hub.,ground_truth/ring_evidence.json: RING-0390
RING-0631,COMMON_COLLECTION_ACCOUNT,BEN-024960|BEN-045138|BEN-018511|BEN-047085|BEN-044626|BEN-023214|BEN-011374|BEN-039614,Recipients forward a portion of funded scholarships to a common downstream account.,ground_truth/ring_evidence.json: RING-0631
RING-0663,COMMON_COLLECTION_ACCOUNT,BEN-020012|BEN-002422|BEN-013796|BEN-022887|BEN-021637|BEN-038781|BEN-021859|BEN-034774,Recipients forward a portion of funded scholarships to a common downstream account.,ground_truth/ring_evidence.json: RING-0663
RING-0212,IDENTITY_CLONING,BEN-032378|BEN-044123|BEN-031157,Aliases of the same people claim multiple awards using spelling/initial variants.,ground_truth/ring_evidence.json: RING-0212
RING-0008,IDENTITY_CLONING,BEN-026963|BEN-027899|BEN-002924,Aliases of the same people claim multiple awards using spelling/initial variants.,ground_truth/ring_evidence.json: RING-0008
RING-0099,IDENTITY_CLONING,BEN-019685|BEN-040165|BEN-012364,Aliases of the same people claim multiple awards using spelling/initial variants.,ground_truth/ring_evidence.json: RING-0099
RING-0858,BATCH_FABRICATION,BEN-023099|BEN-028738|BEN-035913|BEN-026942|BEN-028025|BEN-021777|BEN-037532|BEN-001177|BEN-049502|BEN-013049,"Closely timed registrations, related names/contacts and common payouts indicate coordinated creation.",ground_truth/ring_evidence.json: RING-0858
RING-0304,SHARED_PAYOUT_ACCOUNT,BEN-012571|BEN-045235|BEN-036808|BEN-040364|BEN-028454|BEN-048130|BEN-001567|BEN-016442|BEN-020492|BEN-041374,Unrelated identities concentrate awards in a small payout-account hub.,ground_truth/ring_evidence.json: RING-0304
RING-0785,CIRCULAR_TRANSFERS,BEN-015032|BEN-049351|BEN-000512|BEN-008127,A chronological funded sequence returns money to its origin.,ground_truth/ring_evidence.json: RING-0785
RING-0392,SHARED_PAYOUT_ACCOUNT,BEN-003412|BEN-026242|BEN-018341|BEN-049903|BEN-039328|BEN-018812|BEN-040737|BEN-028091|BEN-003411|BEN-024403,Unrelated identities concentrate awards in a small payout-account hub.,ground_truth/ring_evidence.json: RING-0392
RING-0578,GHOST_IDENTITY,BEN-013534|BEN-003966|BEN-008314|BEN-017598|BEN-024452|BEN-002190|BEN-019008|BEN-049707,Fabricated claims share payout/contact infrastructure; some receive approval despite missing enrollment.,ground_truth/ring_evidence.json: RING-0578
RING-0096,IDENTITY_CLONING,BEN-019369|BEN-028105|BEN-007176,Aliases of the same people claim multiple awards using spelling/initial variants.,ground_truth/ring_evidence.json: RING-0096
RING-0595,GHOST_IDENTITY,BEN-001726|BEN-033860|BEN-018005|BEN-018293|BEN-035138|BEN-037263|BEN-000655|BEN-008831,Fabricated claims share payout/contact infrastructure; some receive approval despite missing enrollment.,ground_truth/ring_evidence.json: RING-0595
RING-0572,GHOST_IDENTITY,BEN-003240|BEN-001266|BEN-034124|BEN-018189|BEN-024480|BEN-008818|BEN-017230|BEN-025203,Fabricated claims share payout/contact infrastructure; some receive approval despite missing enrollment.,ground_truth/ring_evidence.json: RING-0572
RING-0466,INCOMPATIBLE_SCHEME_CLAIMS,BEN-004571|BEN-017761|BEN-005832|BEN-017670|BEN-042893,Connected students receive both mutually exclusive tuition awards in one academic year.,ground_truth/ring_evidence.json: RING-0466
RING-0138,IDENTITY_CLONING,BEN-007903|BEN-039780|BEN-040254,Aliases of the same people claim multiple awards using spelling/initial variants.,ground_truth/ring_evidence.json: RING-0138
RING-0579,GHOST_IDENTITY,BEN-003837|BEN-047613|BEN-025645|BEN-005058|BEN-008617|BEN-045459|BEN-044482|BEN-019178,Fabricated claims share payout/contact infrastructure; some receive approval despite missing enrollment.,ground_truth/ring_evidence.json: RING-0579
RING-0422,INCOMPATIBLE_SCHEME_CLAIMS,BEN-001318|BEN-026925|BEN-003110|BEN-024149|BEN-011111,Connected students receive both mutually exclusive tuition awards in one academic year.,ground_truth/ring_evidence.json: RING-0422
RING-0363,SHARED_PAYOUT_ACCOUNT,BEN-005944|BEN-043185|BEN-030110|BEN-049837|BEN-017406|BEN-017836|BEN-034902|BEN-037248|BEN-023208|BEN-044582,Unrelated identities concentrate awards in a small payout-account hub.,ground_truth/ring_evidence.json: RING-0363
RING-0333,SHARED_PAYOUT_ACCOUNT,BEN-044708|BEN-009260|BEN-011257|BEN-016106|BEN-015218|BEN-025431|BEN-041565|BEN-013036|BEN-020540|BEN-043493,Unrelated identities concentrate awards in a small payout-account hub.,ground_truth/ring_evidence.json: RING-0333
RING-0871,BATCH_FABRICATION,BEN-044668|BEN-034729|BEN-012091|BEN-004231|BEN-017393|BEN-031216|BEN-019993|BEN-026411|BEN-001983|BEN-006359,"Closely timed registrations, related names/contacts and common payouts indicate coordinated creation.",ground_truth/ring_evidence.json: RING-0871
RING-0137,IDENTITY_CLONING,BEN-049220|BEN-007934|BEN-000581,Aliases of the same people claim multiple awards using spelling/initial variants.,ground_truth/ring_evidence.json: RING-0137
RING-0781,CIRCULAR_TRANSFERS,BEN-016072|BEN-041032|BEN-021706|BEN-047087,A chronological funded sequence returns money to its origin.,ground_truth/ring_evidence.json: RING-0781
RING-0250,IDENTITY_CLONING,BEN-013758|BEN-045433|BEN-015673,Aliases of the same people claim multiple awards using spelling/initial variants.,ground_truth/ring_evidence.json: RING-0250
RING-0732,CIRCULAR_TRANSFERS,BEN-021429|BEN-012547|BEN-007473|BEN-037354,A chronological funded sequence returns money to its origin.,ground_truth/ring_evidence.json: RING-0732
RING-0254,IDENTITY_CLONING,BEN-018661|BEN-021628|BEN-022253,Aliases of the same people claim multiple awards using spelling/initial variants.,ground_truth/ring_evidence.json: RING-0254
RING-0758,CIRCULAR_TRANSFERS,BEN-021460|BEN-036604|BEN-035570|BEN-049759,A chronological funded sequence returns money to its origin.,ground_truth/ring_evidence.json: RING-0758
RING-0744,CIRCULAR_TRANSFERS,BEN-006492|BEN-048257|BEN-037683|BEN-044406,A chronological funded sequence returns money to its origin.,ground_truth/ring_evidence.json: RING-0744
RING-0784,CIRCULAR_TRANSFERS,BEN-007829|BEN-006150|BEN-032085|BEN-022504,A chronological funded sequence returns money to its origin.,ground_truth/ring_evidence.json: RING-0784
RING-0717,CIRCULAR_TRANSFERS,BEN-014859|BEN-030003|BEN-039891|BEN-032421,A chronological funded sequence returns money to its origin.,ground_truth/ring_evidence.json: RING-0717
RING-0674,COMMON_COLLECTION_ACCOUNT,BEN-010177|BEN-003923|BEN-045441|BEN-016595|BEN-032967|BEN-039862|BEN-048273|BEN-025158,Recipients forward a portion of funded scholarships to a common downstream account.,ground_truth/ring_evidence.json: RING-0674
RING-0698,COMMON_COLLECTION_ACCOUNT,BEN-001915|BEN-045820|BEN-029057|BEN-011821|BEN-029817|BEN-008839|BEN-030101|BEN-001936,Recipients forward a portion of funded scholarships to a common downstream account.,ground_truth/ring_evidence.json: RING-0698
RING-0223,IDENTITY_CLONING,BEN-030208|BEN-015397|BEN-043604,Aliases of the same people claim multiple awards using spelling/initial variants.,ground_truth/ring_evidence.json: RING-0223
RING-0736,CIRCULAR_TRANSFERS,BEN-039576|BEN-039731|BEN-003706|BEN-016314,A chronological funded sequence returns money to its origin.,ground_truth/ring_evidence.json: RING-0736
RING-0568,GHOST_IDENTITY,BEN-043560|BEN-037258|BEN-022985|BEN-020478|BEN-008980|BEN-034129|BEN-048598|BEN-007648,Fabricated claims share payout/contact infrastructure; some receive approval despite missing enrollment.,ground_truth/ring_evidence.json: RING-0568
RING-0895,BATCH_FABRICATION,BEN-043631|BEN-022608|BEN-033835|BEN-018586|BEN-023010|BEN-002057|BEN-005339|BEN-045851|BEN-047914|BEN-006134,"Closely timed registrations, related names/contacts and common payouts indicate coordinated creation.",ground_truth/ring_evidence.json: RING-0895
RING-0625,COMMON_COLLECTION_ACCOUNT,BEN-041509|BEN-046475|BEN-034810|BEN-010895|BEN-018092|BEN-038870|BEN-024682|BEN-015598,Recipients forward a portion of funded scholarships to a common downstream account.,ground_truth/ring_evidence.json: RING-0625
RING-0800,CIRCULAR_TRANSFERS,BEN-018175|BEN-016436|BEN-009382|BEN-049341,A chronological funded sequence returns money to its origin.,ground_truth/ring_evidence.json: RING-0800
RING-0876,BATCH_FABRICATION,BEN-022699|BEN-016812|BEN-015026|BEN-026556|BEN-013936|BEN-028258|BEN-006986|BEN-040531|BEN-023875|BEN-009753,"Closely timed registrations, related names/contacts and common payouts indicate coordinated creation.",ground_truth/ring_evidence.json: RING-0876
RING-0290,IDENTITY_CLONING,BEN-002853|BEN-004639|BEN-023337,Aliases of the same people claim multiple awards using spelling/initial variants.,ground_truth/ring_evidence.json: RING-0290
RING-0355,SHARED_PAYOUT_ACCOUNT,BEN-034984|BEN-022231|BEN-016015|BEN-022905|BEN-028395|BEN-020547|BEN-010678|BEN-037414|BEN-035581|BEN-046094,Unrelated identities concentrate awards in a small payout-account hub.,ground_truth/ring_evidence.json: RING-0355
RING-0118,IDENTITY_CLONING,BEN-039935|BEN-012048|BEN-022126,Aliases of the same people claim multiple awards using spelling/initial variants.,ground_truth/ring_evidence.json: RING-0118
RING-0872,BATCH_FABRICATION,BEN-036661|BEN-035376|BEN-048963|BEN-010286|BEN-003989|BEN-029363|BEN-048332|BEN-016841|BEN-014140|BEN-022152,"Closely timed registrations, related names/contacts and common payouts indicate coordinated creation.",ground_truth/ring_evidence.json: RING-0872
RING-0517,GHOST_IDENTITY,BEN-046162|BEN-030277|BEN-013272|BEN-000189|BEN-037281|BEN-003079|BEN-001619|BEN-006229,Fabricated claims share payout/contact infrastructure; some receive approval despite missing enrollment.,ground_truth/ring_evidence.json: RING-0517
RING-0877,BATCH_FABRICATION,BEN-012121|BEN-035724|BEN-005020|BEN-020782|BEN-006975|BEN-025849|BEN-001971|BEN-027922|BEN-046245|BEN-015102,"Closely timed registrations, related names/contacts and common payouts indicate coordinated creation.",ground_truth/ring_evidence.json: RING-0877
RING-0638,COMMON_COLLECTION_ACCOUNT,BEN-041463|BEN-005154|BEN-045881|BEN-042082|BEN-017940|BEN-005503|BEN-034278|BEN-003287,Recipients forward a portion of funded scholarships to a common downstream account.,ground_truth/ring_evidence.json: RING-0638
RING-0501,INCOMPATIBLE_SCHEME_CLAIMS,BEN-031484|BEN-025695|BEN-043653|BEN-023146|BEN-005961,Connected students receive both mutually exclusive tuition awards in one academic year.,ground_truth/ring_evidence.json: RING-0501
RING-0455,INCOMPATIBLE_SCHEME_CLAIMS,BEN-047350|BEN-012944|BEN-044511|BEN-030391|BEN-036937,Connected students receive both mutually exclusive tuition awards in one academic year.,ground_truth/ring_evidence.json: RING-0455
RING-0484,INCOMPATIBLE_SCHEME_CLAIMS,BEN-000814|BEN-008446|BEN-018038|BEN-046323|BEN-010337,Connected students receive both mutually exclusive tuition awards in one academic year.,ground_truth/ring_evidence.json: RING-0484
RING-0273,IDENTITY_CLONING,BEN-034109|BEN-031844|BEN-047376,Aliases of the same people claim multiple awards using spelling/initial variants.,ground_truth/ring_evidence.json: RING-0273
RING-0821,BATCH_FABRICATION,BEN-036983|BEN-012083|BEN-032039|BEN-045985|BEN-021843|BEN-009155|BEN-041514|BEN-047135|BEN-047684|BEN-027257,"Closely timed registrations, related names/contacts and common payouts indicate coordinated creation.",ground_truth/ring_evidence.json: RING-0821
RING-0441,INCOMPATIBLE_SCHEME_CLAIMS,BEN-007861|BEN-042449|BEN-043812|BEN-008035|BEN-044237,Connected students receive both mutually exclusive tuition awards in one academic year.,ground_truth/ring_evidence.json: RING-0441
RING-0059,IDENTITY_CLONING,BEN-048024|BEN-043333|BEN-026278,Aliases of the same people claim multiple awards using spelling/initial variants.,ground_truth/ring_evidence.json: RING-0059
RING-0891,BATCH_FABRICATION,BEN-023542|BEN-024949|BEN-026296|BEN-035691|BEN-001433|BEN-023985|BEN-022587|BEN-020369|BEN-033756|BEN-028734,"Closely timed registrations, related names/contacts and common payouts indicate coordinated creation.",ground_truth/ring_evidence.json: RING-0891
RING-0600,GHOST_IDENTITY,BEN-031426|BEN-041125|BEN-030554|BEN-008681|BEN-048576|BEN-032221|BEN-032743|BEN-015143,Fabricated claims share payout/contact infrastructure; some receive approval despite missing enrollment.,ground_truth/ring_evidence.json: RING-0600
RING-0038,IDENTITY_CLONING,BEN-026664|BEN-044305|BEN-011990,Aliases of the same people claim multiple awards using spelling/initial variants.,ground_truth/ring_evidence.json: RING-0038
RING-0124,IDENTITY_CLONING,BEN-042372|BEN-000200|BEN-021162,Aliases of the same people claim multiple awards using spelling/initial variants.,ground_truth/ring_evidence.json: RING-0124
RING-0434,INCOMPATIBLE_SCHEME_CLAIMS,BEN-010917|BEN-006320|BEN-018628|BEN-034660|BEN-028487,Connected students receive both mutually exclusive tuition awards in one academic year.,ground_truth/ring_evidence.json: RING-0434
RING-0511,GHOST_IDENTITY,BEN-025417|BEN-035966|BEN-011728|BEN-038670|BEN-035351|BEN-027700|BEN-011480|BEN-024127,Fabricated claims share payout/contact infrastructure; some receive approval despite missing enrollment.,ground_truth/ring_evidence.json: RING-0511
RING-0122,IDENTITY_CLONING,BEN-038365|BEN-022666|BEN-027389,Aliases of the same people claim multiple awards using spelling/initial variants.,ground_truth/ring_evidence.json: RING-0122
RING-0268,IDENTITY_CLONING,BEN-021817|BEN-036518|BEN-013492,Aliases of the same people claim multiple awards using spelling/initial variants.,ground_truth/ring_evidence.json: RING-0268
RING-0780,CIRCULAR_TRANSFERS,BEN-031733|BEN-037869|BEN-049026|BEN-017060,A chronological funded sequence returns money to its origin.,ground_truth/ring_evidence.json: RING-0780
RING-0126,IDENTITY_CLONING,BEN-019110|BEN-017733|BEN-013669,Aliases of the same people claim multiple awards using spelling/initial variants.,ground_truth/ring_evidence.json: RING-0126
RING-0540,GHOST_IDENTITY,BEN-009028|BEN-032460|BEN-048228|BEN-023555|BEN-042565|BEN-009955|BEN-036337|BEN-005260,Fabricated claims share payout/contact infrastructure; some receive approval despite missing enrollment.,ground_truth/ring_evidence.json: RING-0540
RING-0284,IDENTITY_CLONING,BEN-010145|BEN-009968|BEN-016327,Aliases of the same people claim multiple awards using spelling/initial variants.,ground_truth/ring_evidence.json: RING-0284
RING-0029,IDENTITY_CLONING,BEN-007811|BEN-043444|BEN-031617,Aliases of the same people claim multiple awards using spelling/initial variants.,ground_truth/ring_evidence.json: RING-0029
RING-0415,INCOMPATIBLE_SCHEME_CLAIMS,BEN-043240|BEN-003728|BEN-033977|BEN-032027|BEN-031825,Connected students receive both mutually exclusive tuition awards in one academic year.,ground_truth/ring_evidence.json: RING-0415
RING-0181,IDENTITY_CLONING,BEN-004527|BEN-009208|BEN-013799,Aliases of the same people claim multiple awards using spelling/initial variants.,ground_truth/ring_evidence.json: RING-0181
RING-0486,INCOMPATIBLE_SCHEME_CLAIMS,BEN-031335|BEN-024812|BEN-041003|BEN-028533|BEN-045110,Connected students receive both mutually exclusive tuition awards in one academic year.,ground_truth/ring_evidence.json: RING-0486
RING-0673,COMMON_COLLECTION_ACCOUNT,BEN-003323|BEN-046714|BEN-015590|BEN-030825|BEN-025683|BEN-019459|BEN-037530|BEN-049250,Recipients forward a portion of funded scholarships to a common downstream account.,ground_truth/ring_evidence.json: RING-0673
RING-0338,SHARED_PAYOUT_ACCOUNT,BEN-038221|BEN-031970|BEN-010112|BEN-001200|BEN-046128|BEN-040389|BEN-002425|BEN-014931|BEN-000193|BEN-017995,Unrelated identities concentrate awards in a small payout-account hub.,ground_truth/ring_evidence.json: RING-0338
RING-0471,INCOMPATIBLE_SCHEME_CLAIMS,BEN-015579|BEN-043576|BEN-030141|BEN-015583|BEN-021094,Connected students receive both mutually exclusive tuition awards in one academic year.,ground_truth/ring_evidence.json: RING-0471
RING-0262,IDENTITY_CLONING,BEN-049964|BEN-034699|BEN-005986,Aliases of the same people claim multiple awards using spelling/initial variants.,ground_truth/ring_evidence.json: RING-0262
RING-0852,BATCH_FABRICATION,BEN-040877|BEN-009869|BEN-044136|BEN-041592|BEN-005962|BEN-001858|BEN-022487|BEN-013222|BEN-016283|BEN-041284,"Closely timed registrations, related names/contacts and common payouts indicate coordinated creation.",ground_truth/ring_evidence.json: RING-0852
RING-0548,GHOST_IDENTITY,BEN-030112|BEN-004052|BEN-004839|BEN-032651|BEN-047909|BEN-011668|BEN-010047|BEN-037845,Fabricated claims share payout/contact infrastructure; some receive approval despite missing enrollment.,ground_truth/ring_evidence.json: RING-0548
RING-0509,GHOST_IDENTITY,BEN-037424|BEN-014190|BEN-026726|BEN-010277|BEN-047524|BEN-024998|BEN-039321|BEN-025243,Fabricated claims share payout/contact infrastructure; some receive approval despite missing enrollment.,ground_truth/ring_evidence.json: RING-0509
RING-0378,SHARED_PAYOUT_ACCOUNT,BEN-002187|BEN-042938|BEN-038255|BEN-042008|BEN-009802|BEN-015111|BEN-033284|BEN-009698|BEN-035557|BEN-012781,Unrelated identities concentrate awards in a small payout-account hub.,ground_truth/ring_evidence.json: RING-0378
RING-0145,IDENTITY_CLONING,BEN-046757|BEN-020479|BEN-018433,Aliases of the same people claim multiple awards using spelling/initial variants.,ground_truth/ring_evidence.json: RING-0145
RING-0272,IDENTITY_CLONING,BEN-027573|BEN-008049|BEN-008635,Aliases of the same people claim multiple awards using spelling/initial variants.,ground_truth/ring_evidence.json: RING-0272
RING-0026,IDENTITY_CLONING,BEN-021332|BEN-008581|BEN-030425,Aliases of the same people claim multiple awards using spelling/initial variants.,ground_truth/ring_evidence.json: RING-0026
RING-0730,CIRCULAR_TRANSFERS,BEN-042754|BEN-014236|BEN-014123|BEN-020299,A chronological funded sequence returns money to its origin.,ground_truth/ring_evidence.json: RING-0730
RING-0566,GHOST_IDENTITY,BEN-019357|BEN-006946|BEN-031906|BEN-043598|BEN-020270|BEN-007526|BEN-033376|BEN-000274,Fabricated claims share payout/contact infrastructure; some receive approval despite missing enrollment.,ground_truth/ring_evidence.json: RING-0566
RING-0318,SHARED_PAYOUT_ACCOUNT,BEN-003171|BEN-042851|BEN-019082|BEN-002536|BEN-011027|BEN-042908|BEN-044064|BEN-021696|BEN-020844|BEN-023648,Unrelated identities concentrate awards in a small payout-account hub.,ground_truth/ring_evidence.json: RING-0318
RING-0031,IDENTITY_CLONING,BEN-001109|BEN-011418|BEN-012908,Aliases of the same people claim multiple awards using spelling/initial variants.,ground_truth/ring_evidence.json: RING-0031
RING-0357,SHARED_PAYOUT_ACCOUNT,BEN-023808|BEN-041939|BEN-003580|BEN-016239|BEN-038110|BEN-011588|BEN-037475|BEN-036989|BEN-006485|BEN-006079,Unrelated identities concentrate awards in a small payout-account hub.,ground_truth/ring_evidence.json: RING-0357
RING-0615,COMMON_COLLECTION_ACCOUNT,BEN-033892|BEN-023006|BEN-013837|BEN-029470|BEN-039963|BEN-036960|BEN-005338|BEN-048856,Recipients forward a portion of funded scholarships to a common downstream account.,ground_truth/ring_evidence.json: RING-0615
RING-0790,CIRCULAR_TRANSFERS,BEN-022630|BEN-003194|BEN-043090|BEN-035184,A chronological funded sequence returns money to its origin.,ground_truth/ring_evidence.json: RING-0790
RING-0185,IDENTITY_CLONING,BEN-031921|BEN-020000|BEN-003604,Aliases of the same people claim multiple awards using spelling/initial variants.,ground_truth/ring_evidence.json: RING-0185
RING-0624,COMMON_COLLECTION_ACCOUNT,BEN-048741|BEN-012212|BEN-013968|BEN-019489|BEN-009224|BEN-044283|BEN-037963|BEN-049262,Recipients forward a portion of funded scholarships to a common downstream account.,ground_truth/ring_evidence.json: RING-0624
RING-0734,CIRCULAR_TRANSFERS,BEN-013168|BEN-018272|BEN-049610|BEN-033280,A chronological funded sequence returns money to its origin.,ground_truth/ring_evidence.json: RING-0734
RING-0328,SHARED_PAYOUT_ACCOUNT,BEN-017975|BEN-002053|BEN-048544|BEN-009593|BEN-006340|BEN-021701|BEN-030050|BEN-019406|BEN-048494|BEN-041459,Unrelated identities concentrate awards in a small payout-account hub.,ground_truth/ring_evidence.json: RING-0328
RING-0477,INCOMPATIBLE_SCHEME_CLAIMS,BEN-032199|BEN-046038|BEN-046922|BEN-038284|BEN-001289,Connected students receive both mutually exclusive tuition awards in one academic year.,ground_truth/ring_evidence.json: RING-0477
RING-0825,BATCH_FABRICATION,BEN-016521|BEN-019587|BEN-003073|BEN-031756|BEN-012435|BEN-046502|BEN-034184|BEN-004934|BEN-042798|BEN-036873,"Closely timed registrations, related names/contacts and common payouts indicate coordinated creation.",ground_truth/ring_evidence.json: RING-0825
RING-0708,CIRCULAR_TRANSFERS,BEN-031032|BEN-008148|BEN-010061|BEN-018148,A chronological funded sequence returns money to its origin.,ground_truth/ring_evidence.json: RING-0708
RING-0778,CIRCULAR_TRANSFERS,BEN-047483|BEN-015887|BEN-040589|BEN-012393,A chronological funded sequence returns money to its origin.,ground_truth/ring_evidence.json: RING-0778
RING-0003,IDENTITY_CLONING,BEN-009666|BEN-007977|BEN-043669,Aliases of the same people claim multiple awards using spelling/initial variants.,ground_truth/ring_evidence.json: RING-0003
RING-0851,BATCH_FABRICATION,BEN-034392|BEN-031392|BEN-047785|BEN-027371|BEN-001317|BEN-001304|BEN-025435|BEN-005034|BEN-011332|BEN-023668,"Closely timed registrations, related names/contacts and common payouts indicate coordinated creation.",ground_truth/ring_evidence.json: RING-0851
RING-0106,IDENTITY_CLONING,BEN-025018|BEN-043426|BEN-026021,Aliases of the same people claim multiple awards using spelling/initial variants.,ground_truth/ring_evidence.json: RING-0106
RING-0672,COMMON_COLLECTION_ACCOUNT,BEN-049426|BEN-002734|BEN-004450|BEN-040422|BEN-022388|BEN-045511|BEN-040516|BEN-022317,Recipients forward a portion of funded scholarships to a common downstream account.,ground_truth/ring_evidence.json: RING-0672
RING-0524,GHOST_IDENTITY,BEN-013683|BEN-041268|BEN-048053|BEN-035709|BEN-029429|BEN-017239|BEN-002149|BEN-016427,Fabricated claims share payout/contact infrastructure; some receive approval despite missing enrollment.,ground_truth/ring_evidence.json: RING-0524
RING-0052,IDENTITY_CLONING,BEN-034011|BEN-018197|BEN-025798,Aliases of the same people claim multiple awards using spelling/initial variants.,ground_truth/ring_evidence.json: RING-0052
RING-0791,CIRCULAR_TRANSFERS,BEN-030518|BEN-021693|BEN-026253|BEN-005745,A chronological funded sequence returns money to its origin.,ground_truth/ring_evidence.json: RING-0791
RING-0235,IDENTITY_CLONING,BEN-020615|BEN-026255|BEN-038422,Aliases of the same people claim multiple awards using spelling/initial variants.,ground_truth/ring_evidence.json: RING-0235
RING-0206,IDENTITY_CLONING,BEN-045576|BEN-033841|BEN-027266,Aliases of the same people claim multiple awards using spelling/initial variants.,ground_truth/ring_evidence.json: RING-0206
RING-0391,SHARED_PAYOUT_ACCOUNT,BEN-017965|BEN-005783|BEN-005936|BEN-041799|BEN-036448|BEN-048326|BEN-016479|BEN-006411|BEN-046214|BEN-034840,Unrelated identities concentrate awards in a small payout-account hub.,ground_truth/ring_evidence.json: RING-0391
RING-0302,SHARED_PAYOUT_ACCOUNT,BEN-016298|BEN-000080|BEN-007937|BEN-018431|BEN-007177|BEN-017017|BEN-035746|BEN-027330|BEN-039212|BEN-001496,Unrelated identities concentrate awards in a small payout-account hub.,ground_truth/ring_evidence.json: RING-0302
RING-0536,GHOST_IDENTITY,BEN-024619|BEN-000571|BEN-049431|BEN-001796|BEN-002471|BEN-007100|BEN-001755|BEN-038004,Fabricated claims share payout/contact infrastructure; some receive approval despite missing enrollment.,ground_truth/ring_evidence.json: RING-0536
RING-0503,GHOST_IDENTITY,BEN-002035|BEN-021909|BEN-018036|BEN-045114|BEN-041416|BEN-026849|BEN-024622|BEN-037230,Fabricated claims share payout/contact infrastructure; some receive approval despite missing enrollment.,ground_truth/ring_evidence.json: RING-0503
RING-0424,INCOMPATIBLE_SCHEME_CLAIMS,BEN-016162|BEN-032845|BEN-017070|BEN-030111|BEN-046379,Connected students receive both mutually exclusive tuition awards in one academic year.,ground_truth/ring_evidence.json: RING-0424
RING-0157,IDENTITY_CLONING,BEN-014693|BEN-048872|BEN-005560,Aliases of the same people claim multiple awards using spelling/initial variants.,ground_truth/ring_evidence.json: RING-0157
RING-0291,IDENTITY_CLONING,BEN-027775|BEN-044316|BEN-007748,Aliases of the same people claim multiple awards using spelling/initial variants.,ground_truth/ring_evidence.json: RING-0291
RING-0269,IDENTITY_CLONING,BEN-036352|BEN-001221|BEN-038070,Aliases of the same people claim multiple awards using spelling/initial variants.,ground_truth/ring_evidence.json: RING-0269
RING-0740,CIRCULAR_TRANSFERS,BEN-045087|BEN-019473|BEN-000556|BEN-025198,A chronological funded sequence returns money to its origin.,ground_truth/ring_evidence.json: RING-0740
RING-0225,IDENTITY_CLONING,BEN-019717|BEN-020160|BEN-032456,Aliases of the same people claim multiple awards using spelling/initial variants.,ground_truth/ring_evidence.json: RING-0225
RING-0737,CIRCULAR_TRANSFERS,BEN-025604|BEN-046188|BEN-041613|BEN-001564,A chronological funded sequence returns money to its origin.,ground_truth/ring_evidence.json: RING-0737
RING-0627,COMMON_COLLECTION_ACCOUNT,BEN-032784|BEN-027704|BEN-021922|BEN-028605|BEN-007885|BEN-014815|BEN-003124|BEN-000182,Recipients forward a portion of funded scholarships to a common downstream account.,ground_truth/ring_evidence.json: RING-0627
RING-0147,IDENTITY_CLONING,BEN-007418|BEN-004106|BEN-022177,Aliases of the same people claim multiple awards using spelling/initial variants.,ground_truth/ring_evidence.json: RING-0147
RING-0485,INCOMPATIBLE_SCHEME_CLAIMS,BEN-012909|BEN-005758|BEN-027936|BEN-006533|BEN-015242,Connected students receive both mutually exclusive tuition awards in one academic year.,ground_truth/ring_evidence.json: RING-0485
RING-0651,COMMON_COLLECTION_ACCOUNT,BEN-032645|BEN-022847|BEN-046122|BEN-029944|BEN-025076|BEN-024992|BEN-012801|BEN-022349,Recipients forward a portion of funded scholarships to a common downstream account.,ground_truth/ring_evidence.json: RING-0651
RING-0776,CIRCULAR_TRANSFERS,BEN-047130|BEN-002408|BEN-027905|BEN-013623,A chronological funded sequence returns money to its origin.,ground_truth/ring_evidence.json: RING-0776
RING-0054,IDENTITY_CLONING,BEN-028206|BEN-005650|BEN-002631,Aliases of the same people claim multiple awards using spelling/initial variants.,ground_truth/ring_evidence.json: RING-0054
RING-0659,COMMON_COLLECTION_ACCOUNT,BEN-034484|BEN-003568|BEN-040024|BEN-025579|BEN-037879|BEN-003908|BEN-021110|BEN-011486,Recipients forward a portion of funded scholarships to a common downstream account.,ground_truth/ring_evidence.json: RING-0659
RING-0103,IDENTITY_CLONING,BEN-011573|BEN-002534|BEN-018132,Aliases of the same people claim multiple awards using spelling/initial variants.,ground_truth/ring_evidence.json: RING-0103
RING-0449,INCOMPATIBLE_SCHEME_CLAIMS,BEN-043004|BEN-043007|BEN-034895|BEN-021488|BEN-003444,Connected students receive both mutually exclusive tuition awards in one academic year.,ground_truth/ring_evidence.json: RING-0449
RING-0393,SHARED_PAYOUT_ACCOUNT,BEN-045244|BEN-035367|BEN-014180|BEN-043125|BEN-046686|BEN-002116|BEN-017749|BEN-027260|BEN-041664|BEN-030280,Unrelated identities concentrate awards in a small payout-account hub.,ground_truth/ring_evidence.json: RING-0393
RING-0341,SHARED_PAYOUT_ACCOUNT,BEN-005069|BEN-008934|BEN-008684|BEN-000454|BEN-021369|BEN-017364|BEN-017958|BEN-020207|BEN-025714|BEN-037893,Unrelated identities concentrate awards in a small payout-account hub.,ground_truth/ring_evidence.json: RING-0341
RING-0121,IDENTITY_CLONING,BEN-004477|BEN-040738|BEN-028331,Aliases of the same people claim multiple awards using spelling/initial variants.,ground_truth/ring_evidence.json: RING-0121
RING-0362,SHARED_PAYOUT_ACCOUNT,BEN-048581|BEN-031702|BEN-013982|BEN-025167|BEN-010141|BEN-041025|BEN-044638|BEN-044458|BEN-047594|BEN-023534,Unrelated identities concentrate awards in a small payout-account hub.,ground_truth/ring_evidence.json: RING-0362
RING-0826,BATCH_FABRICATION,BEN-026421|BEN-046042|BEN-002983|BEN-009914|BEN-030770|BEN-047789|BEN-031271|BEN-043823|BEN-033404|BEN-049572,"Closely timed registrations, related names/contacts and common payouts indicate coordinated creation.",ground_truth/ring_evidence.json: RING-0826
RING-0197,IDENTITY_CLONING,BEN-048834|BEN-042185|BEN-042112,Aliases of the same people claim multiple awards using spelling/initial variants.,ground_truth/ring_evidence.json: RING-0197
RING-0726,CIRCULAR_TRANSFERS,BEN-042615|BEN-024275|BEN-012800|BEN-033900,A chronological funded sequence returns money to its origin.,ground_truth/ring_evidence.json: RING-0726
RING-0525,GHOST_IDENTITY,BEN-049990|BEN-034348|BEN-020910|BEN-024904|BEN-027893|BEN-002288|BEN-014941|BEN-013152,Fabricated claims share payout/contact infrastructure; some receive approval despite missing enrollment.,ground_truth/ring_evidence.json: RING-0525
RING-0047,IDENTITY_CLONING,BEN-026792|BEN-014997|BEN-032604,Aliases of the same people claim multiple awards using spelling/initial variants.,ground_truth/ring_evidence.json: RING-0047
RING-0691,COMMON_COLLECTION_ACCOUNT,BEN-015284|BEN-031196|BEN-020800|BEN-002369|BEN-029271|BEN-008859|BEN-019310|BEN-005934,Recipients forward a portion of funded scholarships to a common downstream account.,ground_truth/ring_evidence.json: RING-0691
RING-0349,SHARED_PAYOUT_ACCOUNT,BEN-012639|BEN-046690|BEN-042068|BEN-016180|BEN-006538|BEN-041817|BEN-009460|BEN-020389|BEN-036354|BEN-009796,Unrelated identities concentrate awards in a small payout-account hub.,ground_truth/ring_evidence.json: RING-0349
RING-0507,GHOST_IDENTITY,BEN-013919|BEN-019048|BEN-003757|BEN-029764|BEN-021080|BEN-012564|BEN-000608|BEN-034657,Fabricated claims share payout/contact infrastructure; some receive approval despite missing enrollment.,ground_truth/ring_evidence.json: RING-0507
RING-0200,IDENTITY_CLONING,BEN-007769|BEN-025251|BEN-045850,Aliases of the same people claim multiple awards using spelling/initial variants.,ground_truth/ring_evidence.json: RING-0200
RING-0879,BATCH_FABRICATION,BEN-017974|BEN-015641|BEN-012317|BEN-010797|BEN-030097|BEN-030719|BEN-049388|BEN-029523|BEN-012559|BEN-045932,"Closely timed registrations, related names/contacts and common payouts indicate coordinated creation.",ground_truth/ring_evidence.json: RING-0879
RING-0480,INCOMPATIBLE_SCHEME_CLAIMS,BEN-041757|BEN-018977|BEN-035928|BEN-026839|BEN-021096,Connected students receive both mutually exclusive tuition awards in one academic year.,ground_truth/ring_evidence.json: RING-0480
RING-0706,CIRCULAR_TRANSFERS,BEN-017558|BEN-017035|BEN-009840|BEN-039393,A chronological funded sequence returns money to its origin.,ground_truth/ring_evidence.json: RING-0706
RING-0057,IDENTITY_CLONING,BEN-040366|BEN-006784|BEN-013442,Aliases of the same people claim multiple awards using spelling/initial variants.,ground_truth/ring_evidence.json: RING-0057
RING-0637,COMMON_COLLECTION_ACCOUNT,BEN-042548|BEN-045423|BEN-035398|BEN-013659|BEN-011309|BEN-006249|BEN-038328|BEN-036037,Recipients forward a portion of funded scholarships to a common downstream account.,ground_truth/ring_evidence.json: RING-0637
RING-0592,GHOST_IDENTITY,BEN-049730|BEN-014150|BEN-014543|BEN-042054|BEN-009433|BEN-009538|BEN-000980|BEN-046826,Fabricated claims share payout/contact infrastructure; some receive approval despite missing enrollment.,ground_truth/ring_evidence.json: RING-0592
RING-0100,IDENTITY_CLONING,BEN-047687|BEN-021269|BEN-033978,Aliases of the same people claim multiple awards using spelling/initial variants.,ground_truth/ring_evidence.json: RING-0100
RING-0794,CIRCULAR_TRANSFERS,BEN-041648|BEN-030624|BEN-007341|BEN-036507,A chronological funded sequence returns money to its origin.,ground_truth/ring_evidence.json: RING-0794
RING-0512,GHOST_IDENTITY,BEN-015400|BEN-027451|BEN-049718|BEN-043555|BEN-030357|BEN-006019|BEN-017878|BEN-000495,Fabricated claims share payout/contact infrastructure; some receive approval despite missing enrollment.,ground_truth/ring_evidence.json: RING-0512
RING-0006,IDENTITY_CLONING,BEN-012503|BEN-015847|BEN-003331,Aliases of the same people claim multiple awards using spelling/initial variants.,ground_truth/ring_evidence.json: RING-0006
RING-0789,CIRCULAR_TRANSFERS,BEN-044796|BEN-000371|BEN-030460|BEN-021618,A chronological funded sequence returns money to its origin.,ground_truth/ring_evidence.json: RING-0789
RING-0675,COMMON_COLLECTION_ACCOUNT,BEN-047644|BEN-005446|BEN-040929|BEN-015204|BEN-004520|BEN-029206|BEN-001747|BEN-042808,Recipients forward a portion of funded scholarships to a common downstream account.,ground_truth/ring_evidence.json: RING-0675
RING-0817,BATCH_FABRICATION,BEN-034761|BEN-047790|BEN-017736|BEN-033579|BEN-037183|BEN-000748|BEN-010990|BEN-034498|BEN-021906|BEN-011677,"Closely timed registrations, related names/contacts and common payouts indicate coordinated creation.",ground_truth/ring_evidence.json: RING-0817
RING-0044,IDENTITY_CLONING,BEN-012282|BEN-000058|BEN-005618,Aliases of the same people claim multiple awards using spelling/initial variants.,ground_truth/ring_evidence.json: RING-0044
RING-0077,IDENTITY_CLONING,BEN-017769|BEN-045252|BEN-008693,Aliases of the same people claim multiple awards using spelling/initial variants.,ground_truth/ring_evidence.json: RING-0077
RING-0288,IDENTITY_CLONING,BEN-017031|BEN-006370|BEN-041369,Aliases of the same people claim multiple awards using spelling/initial variants.,ground_truth/ring_evidence.json: RING-0288
RING-0255,IDENTITY_CLONING,BEN-001497|BEN-008354|BEN-006178,Aliases of the same people claim multiple awards using spelling/initial variants.,ground_truth/ring_evidence.json: RING-0255
RING-0470,INCOMPATIBLE_SCHEME_CLAIMS,BEN-007249|BEN-004466|BEN-047952|BEN-028147|BEN-034789,Connected students receive both mutually exclusive tuition awards in one academic year.,ground_truth/ring_evidence.json: RING-0470
RING-0681,COMMON_COLLECTION_ACCOUNT,BEN-047018|BEN-048810|BEN-034766|BEN-015919|BEN-002239|BEN-011859|BEN-023038|BEN-005735,Recipients forward a portion of funded scholarships to a common downstream account.,ground_truth/ring_evidence.json: RING-0681
RING-0772,CIRCULAR_TRANSFERS,BEN-049684|BEN-015868|BEN-007494|BEN-035480,A chronological funded sequence returns money to its origin.,ground_truth/ring_evidence.json: RING-0772
RING-0389,SHARED_PAYOUT_ACCOUNT,BEN-042815|BEN-001927|BEN-029442|BEN-020894|BEN-035400|BEN-045675|BEN-006055|BEN-030001|BEN-002226|BEN-017138,Unrelated identities concentrate awards in a small payout-account hub.,ground_truth/ring_evidence.json: RING-0389
RING-0016,IDENTITY_CLONING,BEN-035926|BEN-040691|BEN-034889,Aliases of the same people claim multiple awards using spelling/initial variants.,ground_truth/ring_evidence.json: RING-0016
RING-0309,SHARED_PAYOUT_ACCOUNT,BEN-030892|BEN-020154|BEN-049501|BEN-007694|BEN-027657|BEN-049710|BEN-029050|BEN-030132|BEN-014957|BEN-035882,Unrelated identities concentrate awards in a small payout-account hub.,ground_truth/ring_evidence.json: RING-0309
RING-0365,SHARED_PAYOUT_ACCOUNT,BEN-039911|BEN-038199|BEN-030371|BEN-011649|BEN-000078|BEN-041864|BEN-026796|BEN-022428|BEN-018793|BEN-042723,Unrelated identities concentrate awards in a small payout-account hub.,ground_truth/ring_evidence.json: RING-0365
RING-0583,GHOST_IDENTITY,BEN-011757|BEN-034437|BEN-039112|BEN-033654|BEN-002528|BEN-036013|BEN-015771|BEN-025364,Fabricated claims share payout/contact infrastructure; some receive approval despite missing enrollment.,ground_truth/ring_evidence.json: RING-0583
RING-0222,IDENTITY_CLONING,BEN-002663|BEN-007449|BEN-036060,Aliases of the same people claim multiple awards using spelling/initial variants.,ground_truth/ring_evidence.json: RING-0222
RING-0395,SHARED_PAYOUT_ACCOUNT,BEN-035685|BEN-036326|BEN-042936|BEN-026931|BEN-039149|BEN-015473|BEN-024481|BEN-044711|BEN-001371|BEN-009228,Unrelated identities concentrate awards in a small payout-account hub.,ground_truth/ring_evidence.json: RING-0395
RING-0824,BATCH_FABRICATION,BEN-045206|BEN-047284|BEN-043032|BEN-025819|BEN-006293|BEN-034592|BEN-007427|BEN-040448|BEN-001557|BEN-033156,"Closely timed registrations, related names/contacts and common payouts indicate coordinated creation.",ground_truth/ring_evidence.json: RING-0824
RING-0027,IDENTITY_CLONING,BEN-016120|BEN-032217|BEN-038146,Aliases of the same people claim multiple awards using spelling/initial variants.,ground_truth/ring_evidence.json: RING-0027
RING-0534,GHOST_IDENTITY,BEN-037768|BEN-025858|BEN-000670|BEN-010455|BEN-007300|BEN-045804|BEN-022766|BEN-015712,Fabricated claims share payout/contact infrastructure; some receive approval despite missing enrollment.,ground_truth/ring_evidence.json: RING-0534
RING-0021,IDENTITY_CLONING,BEN-026369|BEN-027357|BEN-033021,Aliases of the same people claim multiple awards using spelling/initial variants.,ground_truth/ring_evidence.json: RING-0021
RING-0722,CIRCULAR_TRANSFERS,BEN-027136|BEN-021266|BEN-038811|BEN-021801,A chronological funded sequence returns money to its origin.,ground_truth/ring_evidence.json: RING-0722
RING-0236,IDENTITY_CLONING,BEN-008782|BEN-004103|BEN-001517,Aliases of the same people claim multiple awards using spelling/initial variants.,ground_truth/ring_evidence.json: RING-0236
RING-0371,SHARED_PAYOUT_ACCOUNT,BEN-036055|BEN-025646|BEN-031424|BEN-035938|BEN-013940|BEN-015619|BEN-020921|BEN-043526|BEN-014858|BEN-021713,Unrelated identities concentrate awards in a small payout-account hub.,ground_truth/ring_evidence.json: RING-0371
RING-0749,CIRCULAR_TRANSFERS,BEN-003401|BEN-001995|BEN-016066|BEN-040187,A chronological funded sequence returns money to its origin.,ground_truth/ring_evidence.json: RING-0749
RING-0574,GHOST_IDENTITY,BEN-045197|BEN-007052|BEN-042732|BEN-043788|BEN-037731|BEN-029368|BEN-043335|BEN-009831,Fabricated claims share payout/contact infrastructure; some receive approval despite missing enrollment.,ground_truth/ring_evidence.json: RING-0574
RING-0199,IDENTITY_CLONING,BEN-007509|BEN-020463|BEN-032066,Aliases of the same people claim multiple awards using spelling/initial variants.,ground_truth/ring_evidence.json: RING-0199
RING-0602,COMMON_COLLECTION_ACCOUNT,BEN-021432|BEN-016929|BEN-034132|BEN-040102|BEN-011036|BEN-019193|BEN-037697|BEN-030685,Recipients forward a portion of funded scholarships to a common downstream account.,ground_truth/ring_evidence.json: RING-0602
RING-0356,SHARED_PAYOUT_ACCOUNT,BEN-022510|BEN-011658|BEN-009528|BEN-016160|BEN-022098|BEN-007349|BEN-021290|BEN-038271|BEN-016424|BEN-004332,Unrelated identities concentrate awards in a small payout-account hub.,ground_truth/ring_evidence.json: RING-0356
RING-0605,COMMON_COLLECTION_ACCOUNT,BEN-044928|BEN-026613|BEN-023426|BEN-040635|BEN-027628|BEN-011453|BEN-001595|BEN-012610,Recipients forward a portion of funded scholarships to a common downstream account.,ground_truth/ring_evidence.json: RING-0605
RING-0621,COMMON_COLLECTION_ACCOUNT,BEN-042268|BEN-044542|BEN-017250|BEN-049099|BEN-013378|BEN-025643|BEN-029803|BEN-043861,Recipients forward a portion of funded scholarships to a common downstream account.,ground_truth/ring_evidence.json: RING-0621
RING-0670,COMMON_COLLECTION_ACCOUNT,BEN-048250|BEN-048089|BEN-027950|BEN-020845|BEN-000938|BEN-017983|BEN-046265|BEN-033875,Recipients forward a portion of funded scholarships to a common downstream account.,ground_truth/ring_evidence.json: RING-0670
RING-0097,IDENTITY_CLONING,BEN-044773|BEN-034225|BEN-048895,Aliases of the same people claim multiple awards using spelling/initial variants.,ground_truth/ring_evidence.json: RING-0097
RING-0339,SHARED_PAYOUT_ACCOUNT,BEN-014892|BEN-039379|BEN-030881|BEN-036245|BEN-005230|BEN-049560|BEN-021600|BEN-024954|BEN-022226|BEN-035393,Unrelated identities concentrate awards in a small payout-account hub.,ground_truth/ring_evidence.json: RING-0339
RING-0204,IDENTITY_CLONING,BEN-034658|BEN-027060|BEN-027093,Aliases of the same people claim multiple awards using spelling/initial variants.,ground_truth/ring_evidence.json: RING-0204
RING-0556,GHOST_IDENTITY,BEN-023103|BEN-005853|BEN-024428|BEN-015959|BEN-016114|BEN-018476|BEN-014694|BEN-006764,Fabricated claims share payout/contact infrastructure; some receive approval despite missing enrollment.,ground_truth/ring_evidence.json: RING-0556
RING-0844,BATCH_FABRICATION,BEN-045701|BEN-028512|BEN-037906|BEN-030576|BEN-038396|BEN-018129|BEN-045645|BEN-020628|BEN-014406|BEN-010238,"Closely timed registrations, related names/contacts and common payouts indicate coordinated creation.",ground_truth/ring_evidence.json: RING-0844
RING-0855,BATCH_FABRICATION,BEN-029541|BEN-031550|BEN-025746|BEN-026892|BEN-007061|BEN-000170|BEN-020333|BEN-012532|BEN-044180|BEN-028466,"Closely timed registrations, related names/contacts and common payouts indicate coordinated creation.",ground_truth/ring_evidence.json: RING-0855
RING-0439,INCOMPATIBLE_SCHEME_CLAIMS,BEN-046384|BEN-000965|BEN-044688|BEN-025887|BEN-017397,Connected students receive both mutually exclusive tuition awards in one academic year.,ground_truth/ring_evidence.json: RING-0439
RING-0645,COMMON_COLLECTION_ACCOUNT,BEN-026185|BEN-034159|BEN-006331|BEN-010161|BEN-027534|BEN-042586|BEN-002315|BEN-032788,Recipients forward a portion of funded scholarships to a common downstream account.,ground_truth/ring_evidence.json: RING-0645
RING-0492,INCOMPATIBLE_SCHEME_CLAIMS,BEN-013900|BEN-011398|BEN-021918|BEN-029567|BEN-038731,Connected students receive both mutually exclusive tuition awards in one academic year.,ground_truth/ring_evidence.json: RING-0492
RING-0265,IDENTITY_CLONING,BEN-009505|BEN-038323|BEN-005371,Aliases of the same people claim multiple awards using spelling/initial variants.,ground_truth/ring_evidence.json: RING-0265
RING-0078,IDENTITY_CLONING,BEN-042631|BEN-032449|BEN-000627,Aliases of the same people claim multiple awards using spelling/initial variants.,ground_truth/ring_evidence.json: RING-0078
RING-0636,COMMON_COLLECTION_ACCOUNT,BEN-003354|BEN-045836|BEN-028132|BEN-014634|BEN-017835|BEN-001701|BEN-039263|BEN-032483,Recipients forward a portion of funded scholarships to a common downstream account.,ground_truth/ring_evidence.json: RING-0636
RING-0496,INCOMPATIBLE_SCHEME_CLAIMS,BEN-049946|BEN-022568|BEN-042555|BEN-003094|BEN-017040,Connected students receive both mutually exclusive tuition awards in one academic year.,ground_truth/ring_evidence.json: RING-0496
RING-0311,SHARED_PAYOUT_ACCOUNT,BEN-042605|BEN-016144|BEN-028012|BEN-024247|BEN-039964|BEN-008596|BEN-015426|BEN-034056|BEN-008868|BEN-025262,Unrelated identities concentrate awards in a small payout-account hub.,ground_truth/ring_evidence.json: RING-0311
RING-0786,CIRCULAR_TRANSFERS,BEN-025249|BEN-027843|BEN-012314|BEN-020047,A chronological funded sequence returns money to its origin.,ground_truth/ring_evidence.json: RING-0786
RING-0048,IDENTITY_CLONING,BEN-023993|BEN-030670|BEN-015763,Aliases of the same people claim multiple awards using spelling/initial variants.,ground_truth/ring_evidence.json: RING-0048
RING-0454,INCOMPATIBLE_SCHEME_CLAIMS,BEN-014588|BEN-014789|BEN-035718|BEN-040920|BEN-005255,Connected students receive both mutually exclusive tuition awards in one academic year.,ground_truth/ring_evidence.json: RING-0454
RING-0787,CIRCULAR_TRANSFERS,BEN-036831|BEN-037617|BEN-018260|BEN-014884,A chronological funded sequence returns money to its origin.,ground_truth/ring_evidence.json: RING-0787
RING-0720,CIRCULAR_TRANSFERS,BEN-017578|BEN-026359|BEN-048370|BEN-046851,A chronological funded sequence returns money to its origin.,ground_truth/ring_evidence.json: RING-0720
RING-0404,INCOMPATIBLE_SCHEME_CLAIMS,BEN-019223|BEN-045007|BEN-007165|BEN-020231|BEN-014960,Connected students receive both mutually exclusive tuition awards in one academic year.,ground_truth/ring_evidence.json: RING-0404
RING-0353,SHARED_PAYOUT_ACCOUNT,BEN-013765|BEN-017920|BEN-000573|BEN-002944|BEN-016090|BEN-005632|BEN-006926|BEN-000521|BEN-034556|BEN-006658,Unrelated identities concentrate awards in a small payout-account hub.,ground_truth/ring_evidence.json: RING-0353
RING-0287,IDENTITY_CLONING,BEN-047973|BEN-004131|BEN-028562,Aliases of the same people claim multiple awards using spelling/initial variants.,ground_truth/ring_evidence.json: RING-0287
RING-0296,IDENTITY_CLONING,BEN-043699|BEN-033465|BEN-021889,Aliases of the same people claim multiple awards using spelling/initial variants.,ground_truth/ring_evidence.json: RING-0296
RING-0308,SHARED_PAYOUT_ACCOUNT,BEN-029586|BEN-008353|BEN-003506|BEN-040815|BEN-018292|BEN-034597|BEN-022647|BEN-011646|BEN-038597|BEN-048051,Unrelated identities concentrate awards in a small payout-account hub.,ground_truth/ring_evidence.json: RING-0308
RING-0495,INCOMPATIBLE_SCHEME_CLAIMS,BEN-031869|BEN-015297|BEN-049970|BEN-015089|BEN-033557,Connected students receive both mutually exclusive tuition awards in one academic year.,ground_truth/ring_evidence.json: RING-0495
RING-0067,IDENTITY_CLONING,BEN-042678|BEN-048366|BEN-022706,Aliases of the same people claim multiple awards using spelling/initial variants.,ground_truth/ring_evidence.json: RING-0067
RING-0818,BATCH_FABRICATION,BEN-048724|BEN-005773|BEN-009962|BEN-015265|BEN-007371|BEN-037597|BEN-033701|BEN-038147|BEN-031208|BEN-029561,"Closely timed registrations, related names/contacts and common payouts indicate coordinated creation.",ground_truth/ring_evidence.json: RING-0818
RING-0102,IDENTITY_CLONING,BEN-031126|BEN-045988|BEN-017100,Aliases of the same people claim multiple awards using spelling/initial variants.,ground_truth/ring_evidence.json: RING-0102
RING-0428,INCOMPATIBLE_SCHEME_CLAIMS,BEN-038968|BEN-046649|BEN-033904|BEN-033555|BEN-007286,Connected students receive both mutually exclusive tuition awards in one academic year.,ground_truth/ring_evidence.json: RING-0428
RING-0473,INCOMPATIBLE_SCHEME_CLAIMS,BEN-011384|BEN-046153|BEN-040883|BEN-002516|BEN-048839,Connected students receive both mutually exclusive tuition awards in one academic year.,ground_truth/ring_evidence.json: RING-0473
RING-0590,GHOST_IDENTITY,BEN-004020|BEN-021073|BEN-005765|BEN-008602|BEN-036483|BEN-013282|BEN-027114|BEN-004217,Fabricated claims share payout/contact infrastructure; some receive approval despite missing enrollment.,ground_truth/ring_evidence.json: RING-0590
RING-0811,BATCH_FABRICATION,BEN-008956|BEN-026168|BEN-007680|BEN-013997|BEN-042458|BEN-024880|BEN-016693|BEN-001227|BEN-008428|BEN-007591,"Closely timed registrations, related names/contacts and common payouts indicate coordinated creation.",ground_truth/ring_evidence.json: RING-0811
RING-0155,IDENTITY_CLONING,BEN-031638|BEN-009266|BEN-021337,Aliases of the same people claim multiple awards using spelling/initial variants.,ground_truth/ring_evidence.json: RING-0155
RING-0056,IDENTITY_CLONING,BEN-013840|BEN-010083|BEN-027480,Aliases of the same people claim multiple awards using spelling/initial variants.,ground_truth/ring_evidence.json: RING-0056
RING-0767,CIRCULAR_TRANSFERS,BEN-002677|BEN-032275|BEN-019933|BEN-012856,A chronological funded sequence returns money to its origin.,ground_truth/ring_evidence.json: RING-0767
RING-0888,BATCH_FABRICATION,BEN-022992|BEN-027553|BEN-004407|BEN-003777|BEN-011287|BEN-029443|BEN-038607|BEN-035960|BEN-033314|BEN-027143,"Closely timed registrations, related names/contacts and common payouts indicate coordinated creation.",ground_truth/ring_evidence.json: RING-0888
RING-0046,IDENTITY_CLONING,BEN-025042|BEN-006854|BEN-004654,Aliases of the same people claim multiple awards using spelling/initial variants.,ground_truth/ring_evidence.json: RING-0046
RING-0231,IDENTITY_CLONING,BEN-022944|BEN-013734|BEN-033547,Aliases of the same people claim multiple awards using spelling/initial variants.,ground_truth/ring_evidence.json: RING-0231
RING-0901,BATCH_FABRICATION,BEN-042085|BEN-006194|BEN-032459|BEN-001356|BEN-029588|BEN-004092|BEN-035412|BEN-000937|BEN-006031|BEN-046909,"Closely timed registrations, related names/contacts and common payouts indicate coordinated creation.",ground_truth/ring_evidence.json: RING-0901
RING-0538,GHOST_IDENTITY,BEN-049073|BEN-028948|BEN-029451|BEN-032670|BEN-016645|BEN-011752|BEN-025548|BEN-031375,Fabricated claims share payout/contact infrastructure; some receive approval despite missing enrollment.,ground_truth/ring_evidence.json: RING-0538
RING-0140,IDENTITY_CLONING,BEN-011685|BEN-008641|BEN-022139,Aliases of the same people claim multiple awards using spelling/initial variants.,ground_truth/ring_evidence.json: RING-0140
RING-0063,IDENTITY_CLONING,BEN-013269|BEN-005995|BEN-025617,Aliases of the same people claim multiple awards using spelling/initial variants.,ground_truth/ring_evidence.json: RING-0063
RING-0589,GHOST_IDENTITY,BEN-020501|BEN-041059|BEN-025067|BEN-048104|BEN-047065|BEN-000335|BEN-028271|BEN-049587,Fabricated claims share payout/contact infrastructure; some receive approval despite missing enrollment.,ground_truth/ring_evidence.json: RING-0589
RING-0260,IDENTITY_CLONING,BEN-014691|BEN-000999|BEN-003539,Aliases of the same people claim multiple awards using spelling/initial variants.,ground_truth/ring_evidence.json: RING-0260
RING-0366,SHARED_PAYOUT_ACCOUNT,BEN-041458|BEN-002758|BEN-039703|BEN-030581|BEN-000890|BEN-046707|BEN-026079|BEN-040000|BEN-040766|BEN-009806,Unrelated identities concentrate awards in a small payout-account hub.,ground_truth/ring_evidence.json: RING-0366
RING-0377,SHARED_PAYOUT_ACCOUNT,BEN-011155|BEN-004006|BEN-000865|BEN-008099|BEN-012125|BEN-030517|BEN-010556|BEN-048997|BEN-010534|BEN-000179,Unrelated identities concentrate awards in a small payout-account hub.,ground_truth/ring_evidence.json: RING-0377
RING-0586,GHOST_IDENTITY,BEN-036168|BEN-033469|BEN-047649|BEN-011789|BEN-031249|BEN-040408|BEN-039526|BEN-033367,Fabricated claims share payout/contact infrastructure; some receive approval despite missing enrollment.,ground_truth/ring_evidence.json: RING-0586
RING-0183,IDENTITY_CLONING,BEN-037095|BEN-042882|BEN-038570,Aliases of the same people claim multiple awards using spelling/initial variants.,ground_truth/ring_evidence.json: RING-0183
RING-0207,IDENTITY_CLONING,BEN-014019|BEN-003326|BEN-008217,Aliases of the same people claim multiple awards using spelling/initial variants.,ground_truth/ring_evidence.json: RING-0207
RING-0285,IDENTITY_CLONING,BEN-036837|BEN-026200|BEN-012862,Aliases of the same people claim multiple awards using spelling/initial variants.,ground_truth/ring_evidence.json: RING-0285
RING-0091,IDENTITY_CLONING,BEN-038952|BEN-044637|BEN-037330,Aliases of the same people claim multiple awards using spelling/initial variants.,ground_truth/ring_evidence.json: RING-0091
RING-0209,IDENTITY_CLONING,BEN-003548|BEN-026427|BEN-027769,Aliases of the same people claim multiple awards using spelling/initial variants.,ground_truth/ring_evidence.json: RING-0209
RING-0748,CIRCULAR_TRANSFERS,BEN-002165|BEN-035268|BEN-024543|BEN-046380,A chronological funded sequence returns money to its origin.,ground_truth/ring_evidence.json: RING-0748
RING-0453,INCOMPATIBLE_SCHEME_CLAIMS,BEN-046711|BEN-033989|BEN-005081|BEN-003077|BEN-017390,Connected students receive both mutually exclusive tuition awards in one academic year.,ground_truth/ring_evidence.json: RING-0453
RING-0656,COMMON_COLLECTION_ACCOUNT,BEN-022556|BEN-005802|BEN-015071|BEN-017753|BEN-024679|BEN-026391|BEN-017861|BEN-038632,Recipients forward a portion of funded scholarships to a common downstream account.,ground_truth/ring_evidence.json: RING-0656
RING-0560,GHOST_IDENTITY,BEN-001051|BEN-026594|BEN-031991|BEN-024121|BEN-000717|BEN-044509|BEN-043581|BEN-022455,Fabricated claims share payout/contact infrastructure; some receive approval despite missing enrollment.,ground_truth/ring_evidence.json: RING-0560
RING-0886,BATCH_FABRICATION,BEN-000561|BEN-015832|BEN-025349|BEN-006066|BEN-038694|BEN-049344|BEN-035658|BEN-013821|BEN-011052|BEN-022461,"Closely timed registrations, related names/contacts and common payouts indicate coordinated creation.",ground_truth/ring_evidence.json: RING-0886
RING-0516,GHOST_IDENTITY,BEN-021606|BEN-027186|BEN-015846|BEN-035372|BEN-045268|BEN-006874|BEN-001494|BEN-043102,Fabricated claims share payout/contact infrastructure; some receive approval despite missing enrollment.,ground_truth/ring_evidence.json: RING-0516
RING-0403,INCOMPATIBLE_SCHEME_CLAIMS,BEN-028622|BEN-046942|BEN-009297|BEN-009661|BEN-042712,Connected students receive both mutually exclusive tuition awards in one academic year.,ground_truth/ring_evidence.json: RING-0403
RING-0543,GHOST_IDENTITY,BEN-039472|BEN-009187|BEN-006641|BEN-009049|BEN-044371|BEN-047689|BEN-018481|BEN-002019,Fabricated claims share payout/contact infrastructure; some receive approval despite missing enrollment.,ground_truth/ring_evidence.json: RING-0543
RING-0849,BATCH_FABRICATION,BEN-035423|BEN-041271|BEN-003014|BEN-007049|BEN-006881|BEN-038017|BEN-023327|BEN-002542|BEN-014581|BEN-039971,"Closely timed registrations, related names/contacts and common payouts indicate coordinated creation.",ground_truth/ring_evidence.json: RING-0849
RING-0020,IDENTITY_CLONING,BEN-006153|BEN-000012|BEN-015445,Aliases of the same people claim multiple awards using spelling/initial variants.,ground_truth/ring_evidence.json: RING-0020
RING-0494,INCOMPATIBLE_SCHEME_CLAIMS,BEN-025641|BEN-049245|BEN-032184|BEN-016325|BEN-046295,Connected students receive both mutually exclusive tuition awards in one academic year.,ground_truth/ring_evidence.json: RING-0494
RING-0420,INCOMPATIBLE_SCHEME_CLAIMS,BEN-017536|BEN-023188|BEN-042265|BEN-037509|BEN-029745,Connected students receive both mutually exclusive tuition awards in one academic year.,ground_truth/ring_evidence.json: RING-0420
RING-0112,IDENTITY_CLONING,BEN-033603|BEN-027768|BEN-018831,Aliases of the same people claim multiple awards using spelling/initial variants.,ground_truth/ring_evidence.json: RING-0112
RING-0703,CIRCULAR_TRANSFERS,BEN-011861|BEN-008912|BEN-042812|BEN-018340,A chronological funded sequence returns money to its origin.,ground_truth/ring_evidence.json: RING-0703
RING-0841,BATCH_FABRICATION,BEN-023958|BEN-028757|BEN-039030|BEN-033369|BEN-048901|BEN-026362|BEN-021251|BEN-012273|BEN-049510|BEN-033008,"Closely timed registrations, related names/contacts and common payouts indicate coordinated creation.",ground_truth/ring_evidence.json: RING-0841
RING-0324,SHARED_PAYOUT_ACCOUNT,BEN-003870|BEN-043781|BEN-033583|BEN-026945|BEN-013823|BEN-042597|BEN-011742|BEN-005558|BEN-037648|BEN-013619,Unrelated identities concentrate awards in a small payout-account hub.,ground_truth/ring_evidence.json: RING-0324
RING-0431,INCOMPATIBLE_SCHEME_CLAIMS,BEN-015563|BEN-018314|BEN-007659|BEN-016230|BEN-044618,Connected students receive both mutually exclusive tuition awards in one academic year.,ground_truth/ring_evidence.json: RING-0431
RING-0249,IDENTITY_CLONING,BEN-037434|BEN-005391|BEN-027779,Aliases of the same people claim multiple awards using spelling/initial variants.,ground_truth/ring_evidence.json: RING-0249
RING-0386,SHARED_PAYOUT_ACCOUNT,BEN-035760|BEN-014460|BEN-003423|BEN-040722|BEN-044149|BEN-005881|BEN-036212|BEN-003291|BEN-049029|BEN-006148,Unrelated identities concentrate awards in a small payout-account hub.,ground_truth/ring_evidence.json: RING-0386
RING-0562,GHOST_IDENTITY,BEN-027851|BEN-022857|BEN-004089|BEN-003849|BEN-041072|BEN-014484|BEN-035598|BEN-000549,Fabricated claims share payout/contact infrastructure; some receive approval despite missing enrollment.,ground_truth/ring_evidence.json: RING-0562
RING-0113,IDENTITY_CLONING,BEN-013597|BEN-037220|BEN-042517,Aliases of the same people claim multiple awards using spelling/initial variants.,ground_truth/ring_evidence.json: RING-0113
RING-0713,CIRCULAR_TRANSFERS,BEN-020424|BEN-019274|BEN-001959|BEN-027248,A chronological funded sequence returns money to its origin.,ground_truth/ring_evidence.json: RING-0713
RING-0838,BATCH_FABRICATION,BEN-039723|BEN-003191|BEN-012787|BEN-014562|BEN-020114|BEN-014559|BEN-023885|BEN-041526|BEN-015408|BEN-020883,"Closely timed registrations, related names/contacts and common payouts indicate coordinated creation.",ground_truth/ring_evidence.json: RING-0838
RING-0843,BATCH_FABRICATION,BEN-007174|BEN-000430|BEN-003214|BEN-014990|BEN-042837|BEN-037819|BEN-009383|BEN-019651|BEN-021263|BEN-046436,"Closely timed registrations, related names/contacts and common payouts indicate coordinated creation.",ground_truth/ring_evidence.json: RING-0843
RING-0828,BATCH_FABRICATION,BEN-030009|BEN-037317|BEN-018590|BEN-003664|BEN-013334|BEN-040505|BEN-012156|BEN-031977|BEN-042507|BEN-038555,"Closely timed registrations, related names/contacts and common payouts indicate coordinated creation.",ground_truth/ring_evidence.json: RING-0828
RING-0368,SHARED_PAYOUT_ACCOUNT,BEN-021194|BEN-009854|BEN-008335|BEN-043001|BEN-039095|BEN-005963|BEN-023642|BEN-030224|BEN-022148|BEN-030752,Unrelated identities concentrate awards in a small payout-account hub.,ground_truth/ring_evidence.json: RING-0368
RING-0445,INCOMPATIBLE_SCHEME_CLAIMS,BEN-043498|BEN-020949|BEN-025569|BEN-021716|BEN-029794,Connected students receive both mutually exclusive tuition awards in one academic year.,ground_truth/ring_evidence.json: RING-0445
RING-0213,IDENTITY_CLONING,BEN-025890|BEN-013479|BEN-010861,Aliases of the same people claim multiple awards using spelling/initial variants.,ground_truth/ring_evidence.json: RING-0213
RING-0407,INCOMPATIBLE_SCHEME_CLAIMS,BEN-032695|BEN-031648|BEN-026958|BEN-017678|BEN-028157,Connected students receive both mutually exclusive tuition awards in one academic year.,ground_truth/ring_evidence.json: RING-0407
RING-0690,COMMON_COLLECTION_ACCOUNT,BEN-046679|BEN-046351|BEN-027312|BEN-046815|BEN-031437|BEN-004509|BEN-015153|BEN-002273,Recipients forward a portion of funded scholarships to a common downstream account.,ground_truth/ring_evidence.json: RING-0690
RING-0619,COMMON_COLLECTION_ACCOUNT,BEN-030631|BEN-014811|BEN-046960|BEN-046766|BEN-027603|BEN-020103|BEN-001968|BEN-040237,Recipients forward a portion of funded scholarships to a common downstream account.,ground_truth/ring_evidence.json: RING-0619
RING-0417,INCOMPATIBLE_SCHEME_CLAIMS,BEN-001374|BEN-006905|BEN-020815|BEN-013498|BEN-023031,Connected students receive both mutually exclusive tuition awards in one academic year.,ground_truth/ring_evidence.json: RING-0417
RING-0799,CIRCULAR_TRANSFERS,BEN-018474|BEN-013786|BEN-023344|BEN-023024,A chronological funded sequence returns money to its origin.,ground_truth/ring_evidence.json: RING-0799
RING-0770,CIRCULAR_TRANSFERS,BEN-040732|BEN-004682|BEN-024269|BEN-005662,A chronological funded sequence returns money to its origin.,ground_truth/ring_evidence.json: RING-0770
RING-0305,SHARED_PAYOUT_ACCOUNT,BEN-042929|BEN-003156|BEN-047542|BEN-019272|BEN-016207|BEN-030478|BEN-004096|BEN-013875|BEN-038802|BEN-030350,Unrelated identities concentrate awards in a small payout-account hub.,ground_truth/ring_evidence.json: RING-0305
RING-0104,IDENTITY_CLONING,BEN-021681|BEN-040500|BEN-035678,Aliases of the same people claim multiple awards using spelling/initial variants.,ground_truth/ring_evidence.json: RING-0104
RING-0610,COMMON_COLLECTION_ACCOUNT,BEN-014175|BEN-046709|BEN-002070|BEN-041207|BEN-018050|BEN-021611|BEN-043028|BEN-044750,Recipients forward a portion of funded scholarships to a common downstream account.,ground_truth/ring_evidence.json: RING-0610
RING-0468,INCOMPATIBLE_SCHEME_CLAIMS,BEN-044358|BEN-008837|BEN-035899|BEN-032131|BEN-021139,Connected students receive both mutually exclusive tuition awards in one academic year.,ground_truth/ring_evidence.json: RING-0468
RING-0114,IDENTITY_CLONING,BEN-008069|BEN-019595|BEN-032342,Aliases of the same people claim multiple awards using spelling/initial variants.,ground_truth/ring_evidence.json: RING-0114
CL-017,IDENTITY_CLONING,BEN-010787|BEN-041070|BEN-013435|BEN-028293|BEN-029048|BEN-020289|BEN-033898|BEN-005168|BEN-013785|BEN-006391|BEN-036881|BEN-002591|BEN-039491|BEN-049558|BEN-015029|BEN-023083,Aliases of the same people claim multiple awards using spelling/initial variants.,ground_truth/ring_evidence.json: CL-017
RING-0761,CIRCULAR_TRANSFERS,BEN-031993|BEN-049848|BEN-021069|BEN-020721,A chronological funded sequence returns money to its origin.,ground_truth/ring_evidence.json: RING-0761
RING-0028,IDENTITY_CLONING,BEN-006427|BEN-012635|BEN-021142,Aliases of the same people claim multiple awards using spelling/initial variants.,ground_truth/ring_evidence.json: RING-0028
RING-0649,COMMON_COLLECTION_ACCOUNT,BEN-025544|BEN-013695|BEN-004952|BEN-043108|BEN-046478|BEN-003965|BEN-022239|BEN-024537,Recipients forward a portion of funded scholarships to a common downstream account.,ground_truth/ring_evidence.json: RING-0649
RING-0497,INCOMPATIBLE_SCHEME_CLAIMS,BEN-021632|BEN-009697|BEN-003059|BEN-004861|BEN-016711,Connected students receive both mutually exclusive tuition awards in one academic year.,ground_truth/ring_evidence.json: RING-0497
RING-0580,GHOST_IDENTITY,BEN-039052|BEN-004683|BEN-029140|BEN-001815|BEN-010123|BEN-042553|BEN-048936|BEN-012637,Fabricated claims share payout/contact infrastructure; some receive approval despite missing enrollment.,ground_truth/ring_evidence.json: RING-0580
RING-0796,CIRCULAR_TRANSFERS,BEN-027943|BEN-047034|BEN-006285|BEN-037008,A chronological funded sequence returns money to its origin.,ground_truth/ring_evidence.json: RING-0796
RING-0864,BATCH_FABRICATION,BEN-011078|BEN-044999|BEN-004251|BEN-020537|BEN-027452|BEN-027374|BEN-021009|BEN-017949|BEN-015635|BEN-036490,"Closely timed registrations, related names/contacts and common payouts indicate coordinated creation.",ground_truth/ring_evidence.json: RING-0864
RING-0657,COMMON_COLLECTION_ACCOUNT,BEN-013361|BEN-024276|BEN-000219|BEN-028609|BEN-009572|BEN-011616|BEN-030409|BEN-047240,Recipients forward a portion of funded scholarships to a common downstream account.,ground_truth/ring_evidence.json: RING-0657
RING-0119,IDENTITY_CLONING,BEN-030376|BEN-039200|BEN-030125,Aliases of the same people claim multiple awards using spelling/initial variants.,ground_truth/ring_evidence.json: RING-0119
RING-0049,IDENTITY_CLONING,BEN-037471|BEN-044001|BEN-037074,Aliases of the same people claim multiple awards using spelling/initial variants.,ground_truth/ring_evidence.json: RING-0049
RING-0406,INCOMPATIBLE_SCHEME_CLAIMS,BEN-035075|BEN-011021|BEN-005460|BEN-016741|BEN-018779,Connected students receive both mutually exclusive tuition awards in one academic year.,ground_truth/ring_evidence.json: RING-0406
RING-0654,COMMON_COLLECTION_ACCOUNT,BEN-008991|BEN-012372|BEN-033543|BEN-010466|BEN-020634|BEN-045788|BEN-023473|BEN-032935,Recipients forward a portion of funded scholarships to a common downstream account.,ground_truth/ring_evidence.json: RING-0654
RING-0491,INCOMPATIBLE_SCHEME_CLAIMS,BEN-040899|BEN-005457|BEN-040365|BEN-042088|BEN-025805,Connected students receive both mutually exclusive tuition awards in one academic year.,ground_truth/ring_evidence.json: RING-0491
RING-0367,SHARED_PAYOUT_ACCOUNT,BEN-017932|BEN-029099|BEN-002639|BEN-018124|BEN-015854|BEN-023291|BEN-041391|BEN-020402|BEN-008441|BEN-009978,Unrelated identities concentrate awards in a small payout-account hub.,ground_truth/ring_evidence.json: RING-0367
RING-0658,COMMON_COLLECTION_ACCOUNT,BEN-005116|BEN-011037|BEN-020548|BEN-033719|BEN-046536|BEN-038189|BEN-023452|BEN-031500,Recipients forward a portion of funded scholarships to a common downstream account.,ground_truth/ring_evidence.json: RING-0658
RING-0810,BATCH_FABRICATION,BEN-048614|BEN-011890|BEN-044874|BEN-026432|BEN-004482|BEN-014580|BEN-031164|BEN-019838|BEN-003527|BEN-020945,"Closely timed registrations, related names/contacts and common payouts indicate coordinated creation.",ground_truth/ring_evidence.json: RING-0810
RING-0633,COMMON_COLLECTION_ACCOUNT,BEN-048841|BEN-006541|BEN-042214|BEN-016164|BEN-014186|BEN-031949|BEN-049666|BEN-043842,Recipients forward a portion of funded scholarships to a common downstream account.,ground_truth/ring_evidence.json: RING-0633
RING-0542,GHOST_IDENTITY,BEN-041784|BEN-035022|BEN-045203|BEN-035339|BEN-047948|BEN-008669|BEN-041026|BEN-049384,Fabricated claims share payout/contact infrastructure; some receive approval despite missing enrollment.,ground_truth/ring_evidence.json: RING-0542
RING-0840,BATCH_FABRICATION,BEN-018263|BEN-019897|BEN-041525|BEN-046948|BEN-046498|BEN-013715|BEN-043177|BEN-038734|BEN-018120|BEN-029551,"Closely timed registrations, related names/contacts and common payouts indicate coordinated creation.",ground_truth/ring_evidence.json: RING-0840
RING-0037,IDENTITY_CLONING,BEN-007458|BEN-042104|BEN-037196,Aliases of the same people claim multiple awards using spelling/initial variants.,ground_truth/ring_evidence.json: RING-0037
RING-0782,CIRCULAR_TRANSFERS,BEN-017630|BEN-025989|BEN-026905|BEN-002593,A chronological funded sequence returns money to its origin.,ground_truth/ring_evidence.json: RING-0782
RING-0682,COMMON_COLLECTION_ACCOUNT,BEN-008891|BEN-000625|BEN-014764|BEN-004743|BEN-015920|BEN-030771|BEN-043820|BEN-017022,Recipients forward a portion of funded scholarships to a common downstream account.,ground_truth/ring_evidence.json: RING-0682
RING-0022,IDENTITY_CLONING,BEN-017062|BEN-039116|BEN-010296,Aliases of the same people claim multiple awards using spelling/initial variants.,ground_truth/ring_evidence.json: RING-0022
RING-0482,INCOMPATIBLE_SCHEME_CLAIMS,BEN-039948|BEN-016828|BEN-004200|BEN-030378|BEN-020099,Connected students receive both mutually exclusive tuition awards in one academic year.,ground_truth/ring_evidence.json: RING-0482
RING-0134,IDENTITY_CLONING,BEN-000133|BEN-040469|BEN-034750,Aliases of the same people claim multiple awards using spelling/initial variants.,ground_truth/ring_evidence.json: RING-0134
RING-0604,COMMON_COLLECTION_ACCOUNT,BEN-038179|BEN-020545|BEN-024939|BEN-001655|BEN-044958|BEN-027144|BEN-000075|BEN-012678,Recipients forward a portion of funded scholarships to a common downstream account.,ground_truth/ring_evidence.json: RING-0604
RING-0314,SHARED_PAYOUT_ACCOUNT,BEN-006947|BEN-027510|BEN-003105|BEN-037781|BEN-007373|BEN-039195|BEN-006460|BEN-005679|BEN-004141|BEN-013223,Unrelated identities concentrate awards in a small payout-account hub.,ground_truth/ring_evidence.json: RING-0314
RING-0570,GHOST_IDENTITY,BEN-016108|BEN-042352|BEN-022221|BEN-026055|BEN-030767|BEN-013671|BEN-016764|BEN-036379,Fabricated claims share payout/contact infrastructure; some receive approval despite missing enrollment.,ground_truth/ring_evidence.json: RING-0570
RING-0819,BATCH_FABRICATION,BEN-038144|BEN-020165|BEN-009394|BEN-012952|BEN-003936|BEN-033437|BEN-041680|BEN-014570|BEN-008809|BEN-002673,"Closely timed registrations, related names/contacts and common payouts indicate coordinated creation.",ground_truth/ring_evidence.json: RING-0819
RING-0374,SHARED_PAYOUT_ACCOUNT,BEN-024711|BEN-026418|BEN-003742|BEN-036562|BEN-019329|BEN-029147|BEN-002569|BEN-019211|BEN-017121|BEN-041991,Unrelated identities concentrate awards in a small payout-account hub.,ground_truth/ring_evidence.json: RING-0374
RING-0429,INCOMPATIBLE_SCHEME_CLAIMS,BEN-019138|BEN-044144|BEN-033715|BEN-007860|BEN-031980,Connected students receive both mutually exclusive tuition awards in one academic year.,ground_truth/ring_evidence.json: RING-0429
RING-0613,COMMON_COLLECTION_ACCOUNT,BEN-019202|BEN-041702|BEN-046975|BEN-041472|BEN-010643|BEN-000597|BEN-011060|BEN-007842,Recipients forward a portion of funded scholarships to a common downstream account.,ground_truth/ring_evidence.json: RING-0613
RING-0163,IDENTITY_CLONING,BEN-037229|BEN-038452|BEN-021747,Aliases of the same people claim multiple awards using spelling/initial variants.,ground_truth/ring_evidence.json: RING-0163
RING-0201,IDENTITY_CLONING,BEN-027682|BEN-015151|BEN-023239,Aliases of the same people claim multiple awards using spelling/initial variants.,ground_truth/ring_evidence.json: RING-0201
RING-0013,IDENTITY_CLONING,BEN-036058|BEN-019006|BEN-021448,Aliases of the same people claim multiple awards using spelling/initial variants.,ground_truth/ring_evidence.json: RING-0013
RING-0689,COMMON_COLLECTION_ACCOUNT,BEN-002870|BEN-040493|BEN-028180|BEN-027931|BEN-045041|BEN-035169|BEN-021188|BEN-030002,Recipients forward a portion of funded scholarships to a common downstream account.,ground_truth/ring_evidence.json: RING-0689
RING-0459,INCOMPATIBLE_SCHEME_CLAIMS,BEN-045626|BEN-020812|BEN-032010|BEN-008305|BEN-013595,Connected students receive both mutually exclusive tuition awards in one academic year.,ground_truth/ring_evidence.json: RING-0459
RING-0042,IDENTITY_CLONING,BEN-042289|BEN-045062|BEN-006503,Aliases of the same people claim multiple awards using spelling/initial variants.,ground_truth/ring_evidence.json: RING-0042
RING-0827,BATCH_FABRICATION,BEN-013502|BEN-021088|BEN-021171|BEN-028582|BEN-011836|BEN-046748|BEN-014539|BEN-008729|BEN-002111|BEN-006233,"Closely timed registrations, related names/contacts and common payouts indicate coordinated creation.",ground_truth/ring_evidence.json: RING-0827
RING-0326,SHARED_PAYOUT_ACCOUNT,BEN-015581|BEN-029035|BEN-016558|BEN-049548|BEN-038107|BEN-012452|BEN-010227|BEN-025942|BEN-048750|BEN-013757,Unrelated identities concentrate awards in a small payout-account hub.,ground_truth/ring_evidence.json: RING-0326
RING-0364,SHARED_PAYOUT_ACCOUNT,BEN-049115|BEN-039114|BEN-021007|BEN-026476|BEN-016528|BEN-022606|BEN-011234|BEN-039859|BEN-001942|BEN-034262,Unrelated identities concentrate awards in a small payout-account hub.,ground_truth/ring_evidence.json: RING-0364
RING-0643,COMMON_COLLECTION_ACCOUNT,BEN-006916|BEN-021920|BEN-043885|BEN-029037|BEN-014375|BEN-017986|BEN-025323|BEN-045547,Recipients forward a portion of funded scholarships to a common downstream account.,ground_truth/ring_evidence.json: RING-0643
RING-0344,SHARED_PAYOUT_ACCOUNT,BEN-038970|BEN-023744|BEN-030996|BEN-029104|BEN-039987|BEN-024863|BEN-017132|BEN-043364|BEN-036052|BEN-042016,Unrelated identities concentrate awards in a small payout-account hub.,ground_truth/ring_evidence.json: RING-0344
RING-0564,GHOST_IDENTITY,BEN-003418|BEN-031391|BEN-032302|BEN-040881|BEN-028298|BEN-003984|BEN-046576|BEN-022491,Fabricated claims share payout/contact infrastructure; some receive approval despite missing enrollment.,ground_truth/ring_evidence.json: RING-0564
RING-0575,GHOST_IDENTITY,BEN-021827|BEN-030802|BEN-024501|BEN-008387|BEN-041685|BEN-037283|BEN-031519|BEN-018603,Fabricated claims share payout/contact infrastructure; some receive approval despite missing enrollment.,ground_truth/ring_evidence.json: RING-0575
RING-0458,INCOMPATIBLE_SCHEME_CLAIMS,BEN-044738|BEN-039706|BEN-036390|BEN-014722|BEN-011715,Connected students receive both mutually exclusive tuition awards in one academic year.,ground_truth/ring_evidence.json: RING-0458
RING-0862,BATCH_FABRICATION,BEN-043261|BEN-004401|BEN-045088|BEN-033979|BEN-017808|BEN-041967|BEN-045722|BEN-000917|BEN-013973|BEN-009065,"Closely timed registrations, related names/contacts and common payouts indicate coordinated creation.",ground_truth/ring_evidence.json: RING-0862
RING-0039,IDENTITY_CLONING,BEN-034835|BEN-022917|BEN-033352,Aliases of the same people claim multiple awards using spelling/initial variants.,ground_truth/ring_evidence.json: RING-0039
RING-0283,IDENTITY_CLONING,BEN-018040|BEN-045830|BEN-022436,Aliases of the same people claim multiple awards using spelling/initial variants.,ground_truth/ring_evidence.json: RING-0283
RING-0354,SHARED_PAYOUT_ACCOUNT,BEN-001248|BEN-041452|BEN-014975|BEN-008536|BEN-012650|BEN-032394|BEN-037528|BEN-038531|BEN-002815|BEN-015702,Unrelated identities concentrate awards in a small payout-account hub.,ground_truth/ring_evidence.json: RING-0354
RING-0469,INCOMPATIBLE_SCHEME_CLAIMS,BEN-025763|BEN-048062|BEN-039991|BEN-014968|BEN-015358,Connected students receive both mutually exclusive tuition awards in one academic year.,ground_truth/ring_evidence.json: RING-0469
RING-0777,CIRCULAR_TRANSFERS,BEN-014729|BEN-041789|BEN-034594|BEN-039974,A chronological funded sequence returns money to its origin.,ground_truth/ring_evidence.json: RING-0777
RING-0451,INCOMPATIBLE_SCHEME_CLAIMS,BEN-044837|BEN-001393|BEN-010137|BEN-025290|BEN-047519,Connected students receive both mutually exclusive tuition awards in one academic year.,ground_truth/ring_evidence.json: RING-0451
RING-0413,INCOMPATIBLE_SCHEME_CLAIMS,BEN-025475|BEN-045085|BEN-000184|BEN-001014|BEN-007407,Connected students receive both mutually exclusive tuition awards in one academic year.,ground_truth/ring_evidence.json: RING-0413
RING-0714,CIRCULAR_TRANSFERS,BEN-046990|BEN-034925|BEN-000990|BEN-041816,A chronological funded sequence returns money to its origin.,ground_truth/ring_evidence.json: RING-0714
RING-0292,IDENTITY_CLONING,BEN-040878|BEN-034883|BEN-006282,Aliases of the same people claim multiple awards using spelling/initial variants.,ground_truth/ring_evidence.json: RING-0292
RING-0184,IDENTITY_CLONING,BEN-002831|BEN-026181|BEN-044547,Aliases of the same people claim multiple awards using spelling/initial variants.,ground_truth/ring_evidence.json: RING-0184
RING-0058,IDENTITY_CLONING,BEN-007665|BEN-041839|BEN-037695,Aliases of the same people claim multiple awards using spelling/initial variants.,ground_truth/ring_evidence.json: RING-0058
RING-0845,BATCH_FABRICATION,BEN-010058|BEN-048452|BEN-001498|BEN-030625|BEN-048619|BEN-026373|BEN-035192|BEN-026872|BEN-012729|BEN-028564,"Closely timed registrations, related names/contacts and common payouts indicate coordinated creation.",ground_truth/ring_evidence.json: RING-0845
RING-0696,COMMON_COLLECTION_ACCOUNT,BEN-018851|BEN-025754|BEN-002886|BEN-005009|BEN-001951|BEN-001067|BEN-019672|BEN-020709,Recipients forward a portion of funded scholarships to a common downstream account.,ground_truth/ring_evidence.json: RING-0696
RING-0216,IDENTITY_CLONING,BEN-017582|BEN-015600|BEN-017107,Aliases of the same people claim multiple awards using spelling/initial variants.,ground_truth/ring_evidence.json: RING-0216
RING-0461,INCOMPATIBLE_SCHEME_CLAIMS,BEN-032896|BEN-029872|BEN-047476|BEN-040303|BEN-029740,Connected students receive both mutually exclusive tuition awards in one academic year.,ground_truth/ring_evidence.json: RING-0461
RING-0174,IDENTITY_CLONING,BEN-029800|BEN-011590|BEN-031703,Aliases of the same people claim multiple awards using spelling/initial variants.,ground_truth/ring_evidence.json: RING-0174
RING-0692,COMMON_COLLECTION_ACCOUNT,BEN-041082|BEN-001135|BEN-006688|BEN-027077|BEN-035515|BEN-028178|BEN-025329|BEN-028339,Recipients forward a portion of funded scholarships to a common downstream account.,ground_truth/ring_evidence.json: RING-0692
RING-0035,IDENTITY_CLONING,BEN-031972|BEN-013819|BEN-011737,Aliases of the same people claim multiple awards using spelling/initial variants.,ground_truth/ring_evidence.json: RING-0035
RING-0546,GHOST_IDENTITY,BEN-044452|BEN-003537|BEN-042405|BEN-031806|BEN-034801|BEN-017899|BEN-036130|BEN-003514,Fabricated claims share payout/contact infrastructure; some receive approval despite missing enrollment.,ground_truth/ring_evidence.json: RING-0546
RING-0476,INCOMPATIBLE_SCHEME_CLAIMS,BEN-017784|BEN-031041|BEN-039870|BEN-005017|BEN-041067,Connected students receive both mutually exclusive tuition awards in one academic year.,ground_truth/ring_evidence.json: RING-0476
RING-0116,IDENTITY_CLONING,BEN-039624|BEN-049984|BEN-024948,Aliases of the same people claim multiple awards using spelling/initial variants.,ground_truth/ring_evidence.json: RING-0116
RING-0089,IDENTITY_CLONING,BEN-014843|BEN-031879|BEN-020724,Aliases of the same people claim multiple awards using spelling/initial variants.,ground_truth/ring_evidence.json: RING-0089
RING-0550,GHOST_IDENTITY,BEN-049619|BEN-046838|BEN-042919|BEN-049316|BEN-047937|BEN-026676|BEN-004468|BEN-004305,Fabricated claims share payout/contact infrastructure; some receive approval despite missing enrollment.,ground_truth/ring_evidence.json: RING-0550
RING-0208,IDENTITY_CLONING,BEN-031361|BEN-047534|BEN-044341,Aliases of the same people claim multiple awards using spelling/initial variants.,ground_truth/ring_evidence.json: RING-0208
RING-0192,IDENTITY_CLONING,BEN-017108|BEN-031896|BEN-031988,Aliases of the same people claim multiple awards using spelling/initial variants.,ground_truth/ring_evidence.json: RING-0192
RING-0219,IDENTITY_CLONING,BEN-036879|BEN-041052|BEN-048832,Aliases of the same people claim multiple awards using spelling/initial variants.,ground_truth/ring_evidence.json: RING-0219
RING-0832,BATCH_FABRICATION,BEN-003997|BEN-001973|BEN-022963|BEN-031075|BEN-038564|BEN-045813|BEN-037121|BEN-034397|BEN-021293|BEN-027865,"Closely timed registrations, related names/contacts and common payouts indicate coordinated creation.",ground_truth/ring_evidence.json: RING-0832
RING-0666,COMMON_COLLECTION_ACCOUNT,BEN-008752|BEN-018693|BEN-006140|BEN-005242|BEN-024401|BEN-036265|BEN-042139|BEN-041812,Recipients forward a portion of funded scholarships to a common downstream account.,ground_truth/ring_evidence.json: RING-0666
RING-0889,BATCH_FABRICATION,BEN-002683|BEN-037862|BEN-036602|BEN-047493|BEN-046077|BEN-033347|BEN-028816|BEN-023810|BEN-037307|BEN-008686,"Closely timed registrations, related names/contacts and common payouts indicate coordinated creation.",ground_truth/ring_evidence.json: RING-0889
RING-0248,IDENTITY_CLONING,BEN-002072|BEN-017167|BEN-032665,Aliases of the same people claim multiple awards using spelling/initial variants.,ground_truth/ring_evidence.json: RING-0248
RING-0565,GHOST_IDENTITY,BEN-008657|BEN-037130|BEN-029726|BEN-046419|BEN-005768|BEN-049222|BEN-034058|BEN-001904,Fabricated claims share payout/contact infrastructure; some receive approval despite missing enrollment.,ground_truth/ring_evidence.json: RING-0565
RING-0874,BATCH_FABRICATION,BEN-042220|BEN-005452|BEN-042868|BEN-047893|BEN-006960|BEN-048836|BEN-049203|BEN-035093|BEN-030156|BEN-030971,"Closely timed registrations, related names/contacts and common payouts indicate coordinated creation.",ground_truth/ring_evidence.json: RING-0874
RING-0520,GHOST_IDENTITY,BEN-026429|BEN-011182|BEN-031120|BEN-043867|BEN-022210|BEN-020886|BEN-032194|BEN-024591,Fabricated claims share payout/contact infrastructure; some receive approval despite missing enrollment.,ground_truth/ring_evidence.json: RING-0520
RING-0190,IDENTITY_CLONING,BEN-014522|BEN-042283|BEN-011614,Aliases of the same people claim multiple awards using spelling/initial variants.,ground_truth/ring_evidence.json: RING-0190
RING-0239,IDENTITY_CLONING,BEN-019238|BEN-024653|BEN-012406,Aliases of the same people claim multiple awards using spelling/initial variants.,ground_truth/ring_evidence.json: RING-0239
RING-0092,IDENTITY_CLONING,BEN-028413|BEN-023991|BEN-020711,Aliases of the same people claim multiple awards using spelling/initial variants.,ground_truth/ring_evidence.json: RING-0092
RING-0859,BATCH_FABRICATION,BEN-048125|BEN-049635|BEN-021654|BEN-003913|BEN-016523|BEN-037964|BEN-023458|BEN-034807|BEN-010886|BEN-046269,"Closely timed registrations, related names/contacts and common payouts indicate coordinated creation.",ground_truth/ring_evidence.json: RING-0859
RING-0515,GHOST_IDENTITY,BEN-021656|BEN-044853|BEN-022723|BEN-044081|BEN-028796|BEN-001481|BEN-025874|BEN-020156,Fabricated claims share payout/contact infrastructure; some receive approval despite missing enrollment.,ground_truth/ring_evidence.json: RING-0515
RING-0779,CIRCULAR_TRANSFERS,BEN-018994|BEN-005602|BEN-017686|BEN-033863,A chronological funded sequence returns money to its origin.,ground_truth/ring_evidence.json: RING-0779
