case_id,case_type,member_ids,explanation
CONTROL-0578,FAMILY_CONTACT,BEN-031548|BEN-047410|BEN-024014,Distinct family members share their household contact and residence.
CONTROL-1434,BENIGN_COLLECTION,BEN-013789|BEN-039910|BEN-017653|BEN-010567|BEN-021605|BEN-016188|BEN-039092|BEN-012153|BEN-039329|BEN-029690|BEN-033072|BEN-008151|BEN-024344|BEN-036177|BEN-002291|BEN-021623|BEN-002648|BEN-046065|BEN-031104|BEN-018367|BEN-009707|BEN-007956|BEN-038311|BEN-021753|BEN-012609|BEN-017588|BEN-008378|BEN-025767|BEN-010171|BEN-031781|BEN-035243|BEN-039900|BEN-002477|BEN-010706|BEN-013099|BEN-028876|BEN-015002|BEN-012822|BEN-023049|BEN-020699|BEN-020827|BEN-032153|BEN-001554|BEN-036855|BEN-030395|BEN-014349|BEN-023421|BEN-049057|BEN-022167|BEN-041855|BEN-001414|BEN-039688|BEN-017626|BEN-019013|BEN-002935|BEN-010468|BEN-034376|BEN-039890|BEN-035493|BEN-018569|BEN-012293|BEN-038515|BEN-044842|BEN-001198|BEN-032582|BEN-035331|BEN-014310|BEN-039559|BEN-042599|BEN-013512|BEN-008237|BEN-020326|BEN-004418|BEN-032592|BEN-019414|BEN-039754|BEN-017469|BEN-037950|BEN-046256|BEN-041182,Routine low-value synthetic service payments to ACC-146717; not an injected suspicious collector.
CONTROL-0167,COMMON_SURNAME,BEN-015767|BEN-011519|BEN-011748,Distinct local students share a common surname and institution.
CONTROL-0025,BENIGN_CYCLE,BEN-043345|BEN-040101|BEN-039592,A funded roommate expense advance is repaid through three accounts.
CONTROL-0010,HOSTEL_ADDRESS,BEN-045791|BEN-023345|BEN-046489|BEN-006677|BEN-046025,Five distinct residents share a hostel address; individual accounts and contacts.
CONTROL-0500,COMMON_SURNAME,BEN-009762|BEN-028385|BEN-021283,Distinct local students share a common surname and institution.
CONTROL-1148,COMMON_SURNAME,BEN-017728|BEN-001131|BEN-000763,Distinct local students share a common surname and institution.
CONTROL-0883,HOSTEL_ADDRESS,BEN-014864|BEN-027605|BEN-000283|BEN-040609|BEN-027135,Five distinct residents share a hostel address; individual accounts and contacts.
CONTROL-0422,COMPATIBLE_SCHEMES,BEN-046884|BEN-044994,Tuition and study-material support are permitted together in the same year.
CONTROL-0303,REGISTRATION_CAMP,BEN-013251|BEN-016720|BEN-043642,Genuine campus enrollment camp produces a short registration burst.
CONTROL-0240,REGISTRATION_CAMP,BEN-035891|BEN-047854|BEN-017927,Genuine campus enrollment camp produces a short registration burst.
CONTROL-0893,FAMILY_CONTACT,BEN-018244|BEN-030201|BEN-046045,Distinct family members share their household contact and residence.
CONTROL-1163,FAMILY_CONTACT,BEN-019216|BEN-025396|BEN-047084,Distinct family members share their household contact and residence.
CONTROL-0331,BENIGN_CYCLE,BEN-048212|BEN-029545|BEN-047935,A funded roommate expense advance is repaid through three accounts.
CONTROL-0971,COMPATIBLE_SCHEMES,BEN-042881|BEN-007667,Tuition and study-material support are permitted together in the same year.
CONTROL-0804,GUARDIAN_ACCOUNT,BEN-048941|BEN-039544,Two distinct students have recorded guardian payout authorization.
CONTROL-1110,GUARDIAN_ACCOUNT,BEN-000613|BEN-017086,Two distinct students have recorded guardian payout authorization.
CONTROL-1032,REGISTRATION_CAMP,BEN-039808|BEN-003679|BEN-040720,Genuine campus enrollment camp produces a short registration burst.
CONTROL-0051,REGISTRATION_CAMP,BEN-007027|BEN-021539|BEN-014508,Genuine campus enrollment camp produces a short registration burst.
CONTROL-0615,GUARDIAN_ACCOUNT,BEN-047478|BEN-038957,Two distinct students have recorded guardian payout authorization.
CONTROL-0486,CORRECTED_APPLICATION,BEN-030411|BEN-049910,An earlier cancelled application is replaced by one approved claim; cancelled claim is unpaid.
CONTROL-1214,COMPATIBLE_SCHEMES,BEN-021326|BEN-008329,Tuition and study-material support are permitted together in the same year.
CONTROL-1259,COMPATIBLE_SCHEMES,BEN-033896|BEN-015865,Tuition and study-material support are permitted together in the same year.
CONTROL-0953,COMPATIBLE_SCHEMES,BEN-015320|BEN-005294,Tuition and study-material support are permitted together in the same year.
CONTROL-0664,BENIGN_CYCLE,BEN-002969|BEN-008355|BEN-038537,A funded roommate expense advance is repaid through three accounts.
CONTROL-0087,REGISTRATION_CAMP,BEN-009235|BEN-008154|BEN-001811,Genuine campus enrollment camp produces a short registration burst.
CONTROL-0495,CORRECTED_APPLICATION,BEN-046894|BEN-001521,An earlier cancelled application is replaced by one approved claim; cancelled claim is unpaid.
CONTROL-0377,COMPATIBLE_SCHEMES,BEN-035703|BEN-042298,Tuition and study-material support are permitted together in the same year.
CONTROL-0896,COMMON_SURNAME,BEN-001654|BEN-003443|BEN-045671,Distinct local students share a common surname and institution.
CONTROL-0974,FAMILY_CONTACT,BEN-035620|BEN-028356|BEN-010527,Distinct family members share their household contact and residence.
CONTROL-0328,IDENTICAL_NAME,BEN-026744|BEN-020760,"Same full name, distinct birth dates, contacts and accounts."
CONTROL-0759,GUARDIAN_ACCOUNT,BEN-034097|BEN-000587,Two distinct students have recorded guardian payout authorization.
CONTROL-1263,GUARDIAN_ACCOUNT,BEN-038145|BEN-040839,Two distinct students have recorded guardian payout authorization.
CONTROL-1301,COMMON_SURNAME,BEN-035700|BEN-031318|BEN-042019,Distinct local students share a common surname and institution.
CONTROL-0755,COMPATIBLE_SCHEMES,BEN-026051|BEN-019327,Tuition and study-material support are permitted together in the same year.
CONTROL-0193,IDENTICAL_NAME,BEN-014881|BEN-035445,"Same full name, distinct birth dates, contacts and accounts."
CONTROL-0950,COMMON_SURNAME,BEN-045298|BEN-008886|BEN-037809,Distinct local students share a common surname and institution.
CONTROL-1069,BENIGN_CYCLE,BEN-015359|BEN-037807|BEN-011524,A funded roommate expense advance is repaid through three accounts.
CONTROL-0123,REGISTRATION_CAMP,BEN-039784|BEN-049516|BEN-003836,Genuine campus enrollment camp produces a short registration burst.
CONTROL-0509,COMMON_SURNAME,BEN-021595|BEN-020164|BEN-045447,Distinct local students share a common surname and institution.
CONTROL-0546,REGISTRATION_CAMP,BEN-023541|BEN-033570|BEN-021031,Genuine campus enrollment camp produces a short registration burst.
CONTROL-1362,BENIGN_COLLECTION,BEN-037259|BEN-019296|BEN-027174|BEN-012868|BEN-015253|BEN-045413|BEN-022386|BEN-041018|BEN-006092|BEN-044411|BEN-013774|BEN-006422|BEN-037052|BEN-020420|BEN-003023|BEN-048003|BEN-004886|BEN-035333|BEN-019498|BEN-041913|BEN-047681|BEN-047518|BEN-025539|BEN-006582|BEN-026539|BEN-007128|BEN-043843|BEN-005739|BEN-003749|BEN-022422|BEN-018755|BEN-012708|BEN-010404|BEN-032715|BEN-017275|BEN-012933|BEN-044038|BEN-029603|BEN-003123|BEN-013360|BEN-005639|BEN-012171|BEN-030919|BEN-042186|BEN-044946|BEN-034637|BEN-010789|BEN-018808|BEN-015553|BEN-011153|BEN-020137|BEN-024398|BEN-020011|BEN-014537|BEN-015490|BEN-039173|BEN-024253|BEN-034908|BEN-004566|BEN-011491|BEN-025701|BEN-006246|BEN-020674|BEN-015693|BEN-039681|BEN-006302|BEN-025875|BEN-025808,Routine low-value synthetic service payments to ACC-141711; not an injected suspicious collector.
CONTROL-1466,BENIGN_COLLECTION,BEN-025491|BEN-037092|BEN-003128|BEN-031341|BEN-041225|BEN-036127|BEN-010600|BEN-000672|BEN-029203|BEN-005477|BEN-049834|BEN-004222|BEN-049296|BEN-029843|BEN-043852|BEN-001312|BEN-049484|BEN-044605|BEN-006710|BEN-007890|BEN-030212|BEN-024551|BEN-028716|BEN-029297|BEN-043521|BEN-019915|BEN-034922|BEN-047430|BEN-042203|BEN-000044|BEN-048485|BEN-020064|BEN-006085|BEN-013732|BEN-029266|BEN-041113|BEN-029704|BEN-046354|BEN-013632|BEN-013035|BEN-045387|BEN-049116|BEN-011626|BEN-030951|BEN-046508|BEN-013861|BEN-033079|BEN-004547|BEN-009154|BEN-043362|BEN-007065|BEN-037856|BEN-000232|BEN-007039|BEN-040689|BEN-003056|BEN-018738|BEN-031840|BEN-044998|BEN-036991|BEN-009272|BEN-045954|BEN-031385|BEN-029027|BEN-039604|BEN-045552|BEN-007290|BEN-041423|BEN-017441|BEN-034023|BEN-010971|BEN-034081|BEN-007965|BEN-049526|BEN-039643|BEN-014086|BEN-000053|BEN-017055|BEN-039668|BEN-002016|BEN-004759|BEN-033914|BEN-016943|BEN-043821|BEN-030289|BEN-037472|BEN-029815,Routine low-value synthetic service payments to ACC-103062; not an injected suspicious collector.
CONTROL-0484,BENIGN_CYCLE,BEN-038441|BEN-037392|BEN-039506,A funded roommate expense advance is repaid through three accounts.
CONTROL-0628,BENIGN_CYCLE,BEN-034094|BEN-013142|BEN-039761,A funded roommate expense advance is repaid through three accounts.
CONTROL-0623,FAMILY_CONTACT,BEN-011200|BEN-015065|BEN-048511,Distinct family members share their household contact and residence.
CONTROL-0729,CORRECTED_APPLICATION,BEN-020026|BEN-008456,An earlier cancelled application is replaced by one approved claim; cancelled claim is unpaid.
CONTROL-0651,GUARDIAN_ACCOUNT,BEN-012616|BEN-021376,Two distinct students have recorded guardian payout authorization.
CONTROL-1305,CORRECTED_APPLICATION,BEN-007054|BEN-001192,An earlier cancelled application is replaced by one approved claim; cancelled claim is unpaid.
CONTROL-0609,REGISTRATION_CAMP,BEN-049434|BEN-020770|BEN-048283,Genuine campus enrollment camp produces a short registration burst.
CONTROL-0238,IDENTICAL_NAME,BEN-003149|BEN-021249,"Same full name, distinct birth dates, contacts and accounts."
CONTROL-1213,BENIGN_CYCLE,BEN-037439|BEN-003715|BEN-005949,A funded roommate expense advance is repaid through three accounts.
CONTROL-0153,CORRECTED_APPLICATION,BEN-007637|BEN-017114,An earlier cancelled application is replaced by one approved claim; cancelled claim is unpaid.
CONTROL-0697,IDENTICAL_NAME,BEN-032622|BEN-031981,"Same full name, distinct birth dates, contacts and accounts."
CONTROL-0503,COMPATIBLE_SCHEMES,BEN-030604|BEN-034023,Tuition and study-material support are permitted together in the same year.
CONTROL-1292,COMMON_SURNAME,BEN-024180|BEN-047969|BEN-048144,Distinct local students share a common surname and institution.
CONTROL-0045,CORRECTED_APPLICATION,BEN-031918|BEN-008097,An earlier cancelled application is replaced by one approved claim; cancelled claim is unpaid.
CONTROL-0758,FAMILY_CONTACT,BEN-008083|BEN-031728|BEN-023772,Distinct family members share their household contact and residence.
CONTROL-0714,GUARDIAN_ACCOUNT,BEN-044602|BEN-014429,Two distinct students have recorded guardian payout authorization.
CONTROL-0417,GUARDIAN_ACCOUNT,BEN-019373|BEN-004019,Two distinct students have recorded guardian payout authorization.
CONTROL-0083,FAMILY_CONTACT,BEN-019419|BEN-040084|BEN-044726,Distinct family members share their household contact and residence.
CONTROL-0591,REGISTRATION_CAMP,BEN-025983|BEN-041451|BEN-028553,Genuine campus enrollment camp produces a short registration burst.
CONTROL-1373,BENIGN_COLLECTION,BEN-004388|BEN-036217|BEN-013911|BEN-030115|BEN-036798|BEN-039783|BEN-015147|BEN-020107|BEN-042172|BEN-012542|BEN-020048|BEN-014575|BEN-037602|BEN-034042|BEN-019632|BEN-011185|BEN-044707|BEN-003148|BEN-005080|BEN-017800|BEN-003855|BEN-048426|BEN-032038|BEN-022928|BEN-037792|BEN-046248|BEN-017589|BEN-007021|BEN-030956|BEN-049966|BEN-028553|BEN-007231|BEN-013336|BEN-036866|BEN-024985|BEN-007338|BEN-042518|BEN-008652|BEN-013457|BEN-043492|BEN-013116|BEN-010675|BEN-003836|BEN-044049|BEN-000114|BEN-026241|BEN-011451|BEN-024915|BEN-002527|BEN-010605,Routine low-value synthetic service payments to ACC-144947; not an injected suspicious collector.
CONTROL-0980,COMPATIBLE_SCHEMES,BEN-046531|BEN-044490,Tuition and study-material support are permitted together in the same year.
CONTROL-0115,BENIGN_CYCLE,BEN-041672|BEN-029520|BEN-021406,A funded roommate expense advance is repaid through three accounts.
CONTROL-1381,BENIGN_COLLECTION,BEN-027129|BEN-003588|BEN-000205|BEN-031171|BEN-044990|BEN-027378|BEN-025312|BEN-011273|BEN-005137|BEN-024425|BEN-029755|BEN-048806|BEN-024666|BEN-033611|BEN-041599|BEN-001193|BEN-004818|BEN-036129|BEN-017215|BEN-003126|BEN-000153|BEN-001992|BEN-011546|BEN-019068|BEN-028050|BEN-027742|BEN-042806|BEN-026497|BEN-041770|BEN-008588|BEN-005180|BEN-040242|BEN-032106|BEN-026828|BEN-020457|BEN-014237|BEN-007552|BEN-011807|BEN-013473|BEN-043670|BEN-037981|BEN-005325|BEN-002436|BEN-041041|BEN-047161|BEN-024103|BEN-024810|BEN-033559|BEN-031673|BEN-019718|BEN-017645|BEN-023132|BEN-027279|BEN-048165|BEN-016651,Routine low-value synthetic service payments to ACC-147158; not an injected suspicious collector.
CONTROL-0549,CORRECTED_APPLICATION,BEN-018310|BEN-014048,An earlier cancelled application is replaced by one approved claim; cancelled claim is unpaid.
CONTROL-1365,BENIGN_COLLECTION,BEN-023286|BEN-028405|BEN-023316|BEN-032828|BEN-002234|BEN-009983|BEN-038087|BEN-031167|BEN-033329|BEN-043043|BEN-017614|BEN-042697|BEN-026204|BEN-004673|BEN-046398|BEN-043954|BEN-028109|BEN-016211|BEN-008971|BEN-049531|BEN-021200|BEN-004640|BEN-013517|BEN-018897|BEN-011519|BEN-018301|BEN-009993|BEN-036958|BEN-029768|BEN-046210|BEN-004976|BEN-041139|BEN-043306|BEN-006510|BEN-039053|BEN-020288|BEN-035551|BEN-000446|BEN-046051|BEN-005904|BEN-040313|BEN-020522|BEN-048965|BEN-035389|BEN-029225|BEN-017498|BEN-006805|BEN-025019|BEN-009574|BEN-041381|BEN-044055|BEN-031428|BEN-008304|BEN-042803|BEN-045133|BEN-036069|BEN-028101|BEN-019640|BEN-009776|BEN-031266|BEN-004027,Routine low-value synthetic service payments to ACC-016985; not an injected suspicious collector.
CONTROL-1307,FAMILY_CONTACT,BEN-009768|BEN-017660|BEN-040625,Distinct family members share their household contact and residence.
CONTROL-1195,BENIGN_CYCLE,BEN-000795|BEN-020998|BEN-036373,A funded roommate expense advance is repaid through three accounts.
CONTROL-0369,CORRECTED_APPLICATION,BEN-035483|BEN-032371,An earlier cancelled application is replaced by one approved claim; cancelled claim is unpaid.
CONTROL-0426,GUARDIAN_ACCOUNT,BEN-038448|BEN-042533,Two distinct students have recorded guardian payout authorization.
CONTROL-0987,REGISTRATION_CAMP,BEN-029875|BEN-016735|BEN-032098,Genuine campus enrollment camp produces a short registration burst.
CONTROL-1449,BENIGN_COLLECTION,BEN-019779|BEN-048796|BEN-026271|BEN-045418|BEN-041346|BEN-044297|BEN-013556|BEN-019394|BEN-049974|BEN-004643|BEN-012996|BEN-008976|BEN-009672|BEN-040839|BEN-002968|BEN-031880|BEN-001402|BEN-028185|BEN-025834|BEN-019023|BEN-031663|BEN-022908|BEN-045870|BEN-012358|BEN-014477|BEN-021551|BEN-016228|BEN-025121|BEN-022351|BEN-040770|BEN-028141|BEN-001278|BEN-047086|BEN-008895|BEN-008605|BEN-043601|BEN-021680|BEN-039686|BEN-045818|BEN-013570|BEN-034297|BEN-008337|BEN-021374|BEN-047374|BEN-011488|BEN-046125|BEN-020893|BEN-008064|BEN-001739|BEN-004038|BEN-029107|BEN-016113|BEN-019026|BEN-041312|BEN-029985|BEN-023807|BEN-008677|BEN-047289|BEN-002681|BEN-013646|BEN-008676,Routine low-value synthetic service payments to ACC-006651; not an injected suspicious collector.
CONTROL-0741,GUARDIAN_ACCOUNT,BEN-016259|BEN-030870,Two distinct students have recorded guardian payout authorization.
CONTROL-0682,BENIGN_CYCLE,BEN-031569|BEN-028396|BEN-001339,A funded roommate expense advance is repaid through three accounts.
CONTROL-1081,HOSTEL_ADDRESS,BEN-044465|BEN-034069|BEN-026352|BEN-046662|BEN-013895,Five distinct residents share a hostel address; individual accounts and contacts.
CONTROL-0824,COMMON_SURNAME,BEN-033593|BEN-004326|BEN-022351,Distinct local students share a common surname and institution.
CONTROL-0909,CORRECTED_APPLICATION,BEN-021349|BEN-043366,An earlier cancelled application is replaced by one approved claim; cancelled claim is unpaid.
CONTROL-1005,REGISTRATION_CAMP,BEN-041988|BEN-037791|BEN-021587,Genuine campus enrollment camp produces a short registration burst.
CONTROL-0743,COMMON_SURNAME,BEN-013904|BEN-042443|BEN-021871,Distinct local students share a common surname and institution.
CONTROL-0907,BENIGN_CYCLE,BEN-045273|BEN-030865|BEN-012524,A funded roommate expense advance is repaid through three accounts.
CONTROL-0221,COMMON_SURNAME,BEN-034900|BEN-044399|BEN-014934,Distinct local students share a common surname and institution.
CONTROL-1472,BENIGN_COLLECTION,BEN-043626|BEN-003311|BEN-023651|BEN-036502|BEN-017953|BEN-048985|BEN-029875|BEN-038843|BEN-025577|BEN-042575|BEN-033694|BEN-047885|BEN-022293|BEN-042561|BEN-004040|BEN-028708|BEN-017595|BEN-029396|BEN-029957|BEN-035160|BEN-015859|BEN-001778|BEN-027441|BEN-002093|BEN-038414|BEN-010146|BEN-030755|BEN-000296|BEN-032476|BEN-016371|BEN-000301|BEN-036436|BEN-017721|BEN-049489|BEN-048390|BEN-001738|BEN-018663|BEN-002480|BEN-045100|BEN-020120|BEN-011823|BEN-004193|BEN-007150|BEN-005675|BEN-031546|BEN-045829|BEN-006103|BEN-049365|BEN-010204|BEN-010834|BEN-025961|BEN-046093|BEN-004928|BEN-018423|BEN-046973|BEN-008013|BEN-018867|BEN-018090|BEN-021399|BEN-031029|BEN-045286|BEN-016679|BEN-022931|BEN-001102|BEN-039795|BEN-003406|BEN-041999|BEN-030413,Routine low-value synthetic service payments to ACC-078701; not an injected suspicious collector.
CONTROL-0473,COMMON_SURNAME,BEN-039281|BEN-036002|BEN-029358,Distinct local students share a common surname and institution.
CONTROL-1251,CORRECTED_APPLICATION,BEN-009889|BEN-038626,An earlier cancelled application is replaced by one approved claim; cancelled claim is unpaid.
CONTROL-1487,BENIGN_COLLECTION,BEN-028500|BEN-004670|BEN-035752|BEN-002774|BEN-030390|BEN-035262|BEN-006897|BEN-039741|BEN-034521|BEN-014667|BEN-024881|BEN-043012|BEN-020087|BEN-006857|BEN-049719|BEN-044603|BEN-040544|BEN-042374|BEN-007480|BEN-011651|BEN-018711|BEN-003088|BEN-020078|BEN-001550|BEN-017504|BEN-019338|BEN-018258|BEN-047110|BEN-004063|BEN-047076|BEN-029954|BEN-039540|BEN-029375|BEN-039853|BEN-005840|BEN-001843|BEN-042480|BEN-004973|BEN-020729|BEN-044428|BEN-020795|BEN-013969|BEN-034859|BEN-019541|BEN-005923|BEN-049728|BEN-026228|BEN-020412|BEN-022722|BEN-019404|BEN-036646|BEN-018413|BEN-029966|BEN-040076|BEN-010019|BEN-006978|BEN-010919,Routine low-value synthetic service payments to ACC-115129; not an injected suspicious collector.
CONTROL-0074,FAMILY_CONTACT,BEN-023475|BEN-003160|BEN-001315,Distinct family members share their household contact and residence.
CONTROL-0107,COMPATIBLE_SCHEMES,BEN-015512|BEN-007334,Tuition and study-material support are permitted together in the same year.
CONTROL-0572,COMMON_SURNAME,BEN-018984|BEN-026366|BEN-046659,Distinct local students share a common surname and institution.
CONTROL-1385,BENIGN_COLLECTION,BEN-043148|BEN-038904|BEN-025395|BEN-037626|BEN-022420|BEN-039161|BEN-000857|BEN-037311|BEN-001005|BEN-011713|BEN-000813|BEN-047154|BEN-039070|BEN-047162|BEN-024037|BEN-004933|BEN-035406|BEN-020907|BEN-012279|BEN-035088|BEN-008054|BEN-013263|BEN-040256|BEN-047341|BEN-022046|BEN-004364|BEN-041645|BEN-038816|BEN-012671|BEN-026516|BEN-003470|BEN-027189|BEN-031193|BEN-024730|BEN-007813|BEN-048736|BEN-022223|BEN-022067|BEN-042639|BEN-002161|BEN-008896|BEN-017124|BEN-036617|BEN-024230|BEN-009935|BEN-014757|BEN-021948|BEN-021037|BEN-037536|BEN-002478|BEN-033170|BEN-043266|BEN-049467|BEN-034048|BEN-013281|BEN-000682|BEN-027919,Routine low-value synthetic service payments to ACC-050034; not an injected suspicious collector.
CONTROL-1388,BENIGN_COLLECTION,BEN-001639|BEN-030122|BEN-008392|BEN-010988|BEN-043062|BEN-005787|BEN-001131|BEN-020079|BEN-032315|BEN-043637|BEN-048021|BEN-034256|BEN-047138|BEN-023403|BEN-033379|BEN-042274|BEN-015972|BEN-036461|BEN-037163|BEN-027642|BEN-040652|BEN-030354|BEN-048429|BEN-046181|BEN-022382|BEN-009150|BEN-036638|BEN-039519|BEN-040137|BEN-038207|BEN-035378|BEN-034013|BEN-048411|BEN-045352|BEN-038759|BEN-037907|BEN-048353|BEN-048682|BEN-021951|BEN-024372|BEN-019216|BEN-017213|BEN-013127|BEN-027418|BEN-007312|BEN-014060|BEN-049723|BEN-023328|BEN-027315|BEN-046036|BEN-039726|BEN-009442|BEN-012551|BEN-002563|BEN-038710|BEN-024532|BEN-025884|BEN-008339|BEN-041357|BEN-000790|BEN-001572|BEN-032854|BEN-041698|BEN-041037|BEN-017473|BEN-016856|BEN-030308|BEN-041730|BEN-001254|BEN-045311,Routine low-value synthetic service payments to ACC-141592; not an injected suspicious collector.
CONTROL-0138,GUARDIAN_ACCOUNT,BEN-023387|BEN-043437,Two distinct students have recorded guardian payout authorization.
CONTROL-0066,GUARDIAN_ACCOUNT,BEN-002960|BEN-022230,Two distinct students have recorded guardian payout authorization.
CONTROL-1041,REGISTRATION_CAMP,BEN-012558|BEN-038972|BEN-018133,Genuine campus enrollment camp produces a short registration burst.
CONTROL-0736,BENIGN_CYCLE,BEN-039331|BEN-039553|BEN-035476,A funded roommate expense advance is repaid through three accounts.
CONTROL-1236,GUARDIAN_ACCOUNT,BEN-020275|BEN-031509,Two distinct students have recorded guardian payout authorization.
CONTROL-1018,HOSTEL_ADDRESS,BEN-032836|BEN-048157|BEN-044451|BEN-013156|BEN-022756,Five distinct residents share a hostel address; individual accounts and contacts.
CONTROL-0597,GUARDIAN_ACCOUNT,BEN-015543|BEN-014299,Two distinct students have recorded guardian payout authorization.
CONTROL-1372,BENIGN_COLLECTION,BEN-029911|BEN-016417|BEN-032496|BEN-001676|BEN-046506|BEN-017833|BEN-007405|BEN-035429|BEN-014849|BEN-024959|BEN-026787|BEN-024362|BEN-003667|BEN-029610|BEN-007766|BEN-045250|BEN-032585|BEN-002332|BEN-047309|BEN-049114|BEN-035286|BEN-043863|BEN-037490|BEN-011921|BEN-047731|BEN-015929|BEN-014103|BEN-021651|BEN-041114|BEN-042155|BEN-011146|BEN-048728|BEN-006783|BEN-031893|BEN-013368|BEN-047891|BEN-014872|BEN-042117|BEN-030297|BEN-022661|BEN-037172|BEN-044744|BEN-037878|BEN-029070|BEN-047455|BEN-006078|BEN-037955|BEN-013822|BEN-047978|BEN-010670|BEN-043450|BEN-030668|BEN-025200|BEN-022005|BEN-006639|BEN-020111|BEN-014922|BEN-010394|BEN-006545|BEN-002873|BEN-000399|BEN-028543|BEN-008364|BEN-033983|BEN-001642|BEN-047475|BEN-021838|BEN-008973|BEN-016025|BEN-036025|BEN-022789|BEN-020468,Routine low-value synthetic service payments to ACC-138862; not an injected suspicious collector.
CONTROL-0652,IDENTICAL_NAME,BEN-013333|BEN-017793,"Same full name, distinct birth dates, contacts and accounts."
CONTROL-0813,GUARDIAN_ACCOUNT,BEN-036291|BEN-015669,Two distinct students have recorded guardian payout authorization.
CONTROL-1329,REGISTRATION_CAMP,BEN-006294|BEN-007859|BEN-034091,Genuine campus enrollment camp produces a short registration burst.
CONTROL-1360,BENIGN_COLLECTION,BEN-012586|BEN-011924|BEN-025207|BEN-023521|BEN-006692|BEN-021411|BEN-009618|BEN-024853|BEN-000049|BEN-016726|BEN-042219|BEN-022692|BEN-015323|BEN-011143|BEN-010528|BEN-047186|BEN-024360|BEN-040836|BEN-029892|BEN-012809|BEN-002550|BEN-023465|BEN-045222|BEN-044018|BEN-049825|BEN-002050|BEN-041780|BEN-049665|BEN-011636|BEN-017553|BEN-031198|BEN-016852|BEN-016485|BEN-024916|BEN-003053|BEN-004275|BEN-048421|BEN-008193|BEN-045299|BEN-004598|BEN-047058|BEN-048176|BEN-015981|BEN-027991|BEN-005743|BEN-037290|BEN-025340|BEN-004524|BEN-023625|BEN-004002|BEN-049690|BEN-038331|BEN-018008|BEN-038424|BEN-028259|BEN-030561|BEN-019948|BEN-038888|BEN-033324|BEN-049077|BEN-004077|BEN-033803|BEN-042539|BEN-009352,Routine low-value synthetic service payments to ACC-093492; not an injected suspicious collector.
CONTROL-1386,BENIGN_COLLECTION,BEN-045577|BEN-002433|BEN-033839|BEN-047245|BEN-034744|BEN-048073|BEN-028858|BEN-010939|BEN-040438|BEN-040771|BEN-012951|BEN-027997|BEN-027571|BEN-026419|BEN-038205|BEN-002599|BEN-005966|BEN-002910|BEN-046262|BEN-027988|BEN-004684|BEN-049905|BEN-026528|BEN-022650|BEN-015480|BEN-002729|BEN-021261|BEN-045516|BEN-042683|BEN-004384|BEN-007843|BEN-029958|BEN-033273|BEN-004999|BEN-024081|BEN-009766|BEN-007758|BEN-034019|BEN-048607|BEN-047358|BEN-003888|BEN-022626|BEN-026858|BEN-001395|BEN-000306|BEN-045560|BEN-000907|BEN-025992|BEN-034678|BEN-048403|BEN-007770|BEN-008466|BEN-039132|BEN-034671|BEN-040760|BEN-027457|BEN-033296|BEN-001264|BEN-032753|BEN-029688|BEN-028254|BEN-035978|BEN-000298|BEN-018660|BEN-008792|BEN-017430|BEN-032457,Routine low-value synthetic service payments to ACC-145278; not an injected suspicious collector.
CONTROL-0660,GUARDIAN_ACCOUNT,BEN-029681|BEN-022625,Two distinct students have recorded guardian payout authorization.
CONTROL-0658,HOSTEL_ADDRESS,BEN-022757|BEN-019845|BEN-037725|BEN-005785|BEN-006911,Five distinct residents share a hostel address; individual accounts and contacts.
CONTROL-0606,GUARDIAN_ACCOUNT,BEN-035752|BEN-020960,Two distinct students have recorded guardian payout authorization.
CONTROL-1040,COMMON_SURNAME,BEN-007236|BEN-024196|BEN-047322,Distinct local students share a common surname and institution.
CONTROL-1497,BENIGN_COLLECTION,BEN-029880|BEN-048225|BEN-011773|BEN-005198|BEN-005629|BEN-002075|BEN-035032|BEN-026865|BEN-031479|BEN-002280|BEN-011086|BEN-038536|BEN-047835|BEN-005976|BEN-014330|BEN-048926|BEN-006081|BEN-005672|BEN-012379|BEN-020504|BEN-017617|BEN-016716|BEN-017561|BEN-004042|BEN-038063|BEN-031588|BEN-049410|BEN-001681|BEN-047632|BEN-020197|BEN-008556|BEN-017185|BEN-000520|BEN-027995|BEN-019201|BEN-004715|BEN-048333|BEN-003689|BEN-041615|BEN-008863|BEN-005068|BEN-031654|BEN-001348|BEN-035410|BEN-001849|BEN-011936|BEN-044663|BEN-028152|BEN-025389|BEN-028432|BEN-018734|BEN-035051|BEN-041221|BEN-020439|BEN-021945|BEN-006330|BEN-032581|BEN-032593|BEN-029469|BEN-013311|BEN-049556|BEN-018448|BEN-049920|BEN-011164|BEN-024359|BEN-018184|BEN-014799|BEN-038709,Routine low-value synthetic service payments to ACC-066838; not an injected suspicious collector.
CONTROL-1394,BENIGN_COLLECTION,BEN-006123|BEN-035131|BEN-032398|BEN-032472|BEN-037979|BEN-026721|BEN-013249|BEN-010731|BEN-007912|BEN-027271|BEN-030712|BEN-040388|BEN-024929|BEN-015305|BEN-026074|BEN-031543|BEN-017970|BEN-040259|BEN-008866|BEN-003397|BEN-011833|BEN-020591|BEN-031274|BEN-030165|BEN-034586|BEN-028761|BEN-044572|BEN-035167|BEN-018900|BEN-047434|BEN-017088|BEN-025407|BEN-033116|BEN-039181|BEN-015965|BEN-028850|BEN-040965|BEN-036314|BEN-009022|BEN-033422|BEN-009001|BEN-037169|BEN-010958|BEN-008114|BEN-020303|BEN-028978|BEN-012383|BEN-006751|BEN-044758|BEN-044880|BEN-019220|BEN-002926|BEN-017702|BEN-006969|BEN-025239,Routine low-value synthetic service payments to ACC-101382; not an injected suspicious collector.
CONTROL-0677,FAMILY_CONTACT,BEN-015440|BEN-034854|BEN-044382,Distinct family members share their household contact and residence.
CONTROL-0307,HOSTEL_ADDRESS,BEN-017915|BEN-021762|BEN-033025|BEN-038929|BEN-000463,Five distinct residents share a hostel address; individual accounts and contacts.
CONTROL-0838,HOSTEL_ADDRESS,BEN-029243|BEN-000163|BEN-023655|BEN-038001|BEN-020963,Five distinct residents share a hostel address; individual accounts and contacts.
CONTROL-1433,BENIGN_COLLECTION,BEN-014382|BEN-020353|BEN-017427|BEN-046543|BEN-030753|BEN-049494|BEN-023525|BEN-017717|BEN-007042|BEN-043355|BEN-047132|BEN-049374|BEN-023037|BEN-012004|BEN-033142|BEN-023504|BEN-039433|BEN-004768|BEN-039344|BEN-040098|BEN-047618|BEN-021878|BEN-013259|BEN-003170|BEN-009944|BEN-017479|BEN-016654|BEN-027580|BEN-031992|BEN-035808|BEN-006818|BEN-039197|BEN-012413|BEN-000604|BEN-021733|BEN-022668|BEN-010781|BEN-028457|BEN-039382|BEN-004497|BEN-028355|BEN-011095|BEN-030120|BEN-030046|BEN-046972|BEN-020929|BEN-020337|BEN-021489|BEN-037152|BEN-040501|BEN-046946|BEN-021140|BEN-049972|BEN-028737|BEN-017501|BEN-018186|BEN-048192|BEN-008765|BEN-021493|BEN-037412|BEN-042948|BEN-020786|BEN-016903|BEN-049112|BEN-003495|BEN-042027|BEN-003113,Routine low-value synthetic service payments to ACC-026461; not an injected suspicious collector.
CONTROL-1220,COMMON_SURNAME,BEN-046250|BEN-046369|BEN-042852,Distinct local students share a common surname and institution.
CONTROL-0333,CORRECTED_APPLICATION,BEN-049128|BEN-034937,An earlier cancelled application is replaced by one approved claim; cancelled claim is unpaid.
CONTROL-0817,BENIGN_CYCLE,BEN-022722|BEN-021445|BEN-029964,A funded roommate expense advance is repaid through three accounts.
CONTROL-0614,FAMILY_CONTACT,BEN-030714|BEN-030505|BEN-046307,Distinct family members share their household contact and residence.
CONTROL-0508,IDENTICAL_NAME,BEN-031019|BEN-036920,"Same full name, distinct birth dates, contacts and accounts."
CONTROL-0055,HOSTEL_ADDRESS,BEN-023415|BEN-034415|BEN-011958|BEN-045863|BEN-011069,Five distinct residents share a hostel address; individual accounts and contacts.
CONTROL-1312,BENIGN_CYCLE,BEN-032882|BEN-026875|BEN-009971,A funded roommate expense advance is repaid through three accounts.
CONTROL-1187,COMPATIBLE_SCHEMES,BEN-013294|BEN-024847,Tuition and study-material support are permitted together in the same year.
CONTROL-0280,HOSTEL_ADDRESS,BEN-009226|BEN-049733|BEN-009218|BEN-036592|BEN-020056,Five distinct residents share a hostel address; individual accounts and contacts.
CONTROL-0362,FAMILY_CONTACT,BEN-015394|BEN-011046|BEN-011777,Distinct family members share their household contact and residence.
CONTROL-0102,GUARDIAN_ACCOUNT,BEN-001513|BEN-000292,Two distinct students have recorded guardian payout authorization.
CONTROL-1100,FAMILY_CONTACT,BEN-021866|BEN-000211|BEN-014927,Distinct family members share their household contact and residence.
CONTROL-0906,REGISTRATION_CAMP,BEN-000264|BEN-044792|BEN-028869,Genuine campus enrollment camp produces a short registration burst.
CONTROL-0312,REGISTRATION_CAMP,BEN-042297|BEN-004693|BEN-004161,Genuine campus enrollment camp produces a short registration burst.
CONTROL-0054,CORRECTED_APPLICATION,BEN-020730|BEN-011181,An earlier cancelled application is replaced by one approved claim; cancelled claim is unpaid.
CONTROL-0993,GUARDIAN_ACCOUNT,BEN-009169|BEN-019954,Two distinct students have recorded guardian payout authorization.
CONTROL-1044,CORRECTED_APPLICATION,BEN-024128|BEN-025813,An earlier cancelled application is replaced by one approved claim; cancelled claim is unpaid.
CONTROL-0296,COMPATIBLE_SCHEMES,BEN-030269|BEN-033090,Tuition and study-material support are permitted together in the same year.
CONTROL-0178,BENIGN_CYCLE,BEN-006940|BEN-008526|BEN-003626,A funded roommate expense advance is repaid through three accounts.
CONTROL-0177,REGISTRATION_CAMP,BEN-016276|BEN-015441|BEN-003845,Genuine campus enrollment camp produces a short registration burst.
CONTROL-0226,HOSTEL_ADDRESS,BEN-020253|BEN-011213|BEN-012423|BEN-046123|BEN-019994,Five distinct residents share a hostel address; individual accounts and contacts.
CONTROL-1023,REGISTRATION_CAMP,BEN-033249|BEN-027563|BEN-047457,Genuine campus enrollment camp produces a short registration burst.
CONTROL-1172,FAMILY_CONTACT,BEN-045667|BEN-041140|BEN-004347,Distinct family members share their household contact and residence.
CONTROL-0194,COMMON_SURNAME,BEN-043877|BEN-019452|BEN-043687,Distinct local students share a common surname and institution.
CONTROL-1151,COMPATIBLE_SCHEMES,BEN-010194|BEN-027786,Tuition and study-material support are permitted together in the same year.
CONTROL-0608,COMMON_SURNAME,BEN-030615|BEN-025535|BEN-023581,Distinct local students share a common surname and institution.
CONTROL-0956,FAMILY_CONTACT,BEN-014558|BEN-015465|BEN-001518,Distinct family members share their household contact and residence.
CONTROL-0352,HOSTEL_ADDRESS,BEN-046311|BEN-010195|BEN-048816|BEN-000481|BEN-017014,Five distinct residents share a hostel address; individual accounts and contacts.
CONTROL-1396,BENIGN_COLLECTION,BEN-011015|BEN-045873|BEN-040606|BEN-038535|BEN-040222|BEN-001895|BEN-020392|BEN-000759|BEN-046847|BEN-044983|BEN-047706|BEN-004991|BEN-034396|BEN-002119|BEN-016871|BEN-014530|BEN-009427|BEN-031168|BEN-043318|BEN-040315|BEN-017001|BEN-000894|BEN-017795|BEN-018105|BEN-034108|BEN-044179|BEN-021119|BEN-028451|BEN-007577|BEN-026417|BEN-035537|BEN-014805|BEN-044806|BEN-013421|BEN-004703|BEN-033920|BEN-004172|BEN-034253|BEN-032269|BEN-030732|BEN-008316|BEN-012090|BEN-039103|BEN-042396|BEN-038730|BEN-007714|BEN-000525|BEN-024415|BEN-021042|BEN-043205|BEN-042624|BEN-033446|BEN-009810|BEN-039153|BEN-018912|BEN-019164|BEN-004313|BEN-018578|BEN-019844|BEN-014706|BEN-009880|BEN-038609|BEN-033099|BEN-000862|BEN-048294|BEN-010150|BEN-016193|BEN-043499|BEN-017120|BEN-035453|BEN-031549|BEN-026567|BEN-009602|BEN-001900,Routine low-value synthetic service payments to ACC-021904; not an injected suspicious collector.
CONTROL-0264,GUARDIAN_ACCOUNT,BEN-029139|BEN-049383,Two distinct students have recorded guardian payout authorization.
CONTROL-0372,GUARDIAN_ACCOUNT,BEN-005928|BEN-006054,Two distinct students have recorded guardian payout authorization.
CONTROL-1144,HOSTEL_ADDRESS,BEN-004403|BEN-013207|BEN-031145|BEN-008555|BEN-045760,Five distinct residents share a hostel address; individual accounts and contacts.
CONTROL-0118,HOSTEL_ADDRESS,BEN-003884|BEN-005419|BEN-004207|BEN-022692|BEN-041333,Five distinct residents share a hostel address; individual accounts and contacts.
CONTROL-0365,COMMON_SURNAME,BEN-042310|BEN-005021|BEN-007218,Distinct local students share a common surname and institution.
CONTROL-0120,GUARDIAN_ACCOUNT,BEN-027404|BEN-049826,Two distinct students have recorded guardian payout authorization.
CONTROL-0938,FAMILY_CONTACT,BEN-009355|BEN-003233|BEN-033686,Distinct family members share their household contact and residence.
CONTROL-1421,BENIGN_COLLECTION,BEN-034402|BEN-038761|BEN-040027|BEN-002614|BEN-008358|BEN-039006|BEN-047559|BEN-020617|BEN-032349|BEN-040235|BEN-029331|BEN-010625|BEN-033709|BEN-032955|BEN-047298|BEN-011944|BEN-015217|BEN-044807|BEN-027167|BEN-039811|BEN-027826|BEN-043967|BEN-019243|BEN-043097|BEN-003586|BEN-000036|BEN-014087|BEN-004319|BEN-034856|BEN-042463|BEN-016133|BEN-001132|BEN-045611|BEN-028230|BEN-048657|BEN-016766|BEN-005942|BEN-017018|BEN-041229|BEN-041232|BEN-017547|BEN-019092|BEN-023343|BEN-026824|BEN-044954|BEN-041751|BEN-043799|BEN-046353|BEN-031922|BEN-033844|BEN-028300|BEN-028018|BEN-019444|BEN-033086|BEN-019280|BEN-028733|BEN-018926|BEN-026258|BEN-028169|BEN-023635|BEN-047625|BEN-038406|BEN-033718|BEN-012193|BEN-009709|BEN-026763|BEN-040847|BEN-027844|BEN-028031|BEN-034002|BEN-011470|BEN-015398|BEN-049186|BEN-013314|BEN-006130|BEN-036551|BEN-046089|BEN-006012|BEN-022041|BEN-023836|BEN-040439|BEN-015229|BEN-027671|BEN-022090,Routine low-value synthetic service payments to ACC-099160; not an injected suspicious collector.
CONTROL-0360,CORRECTED_APPLICATION,BEN-002830|BEN-011209,An earlier cancelled application is replaced by one approved claim; cancelled claim is unpaid.
CONTROL-0325,HOSTEL_ADDRESS,BEN-047648|BEN-036064|BEN-009217|BEN-008920|BEN-033771,Five distinct residents share a hostel address; individual accounts and contacts.
CONTROL-1467,BENIGN_COLLECTION,BEN-035312|BEN-043525|BEN-045130|BEN-023863|BEN-039976|BEN-048497|BEN-039593|BEN-041230|BEN-005481|BEN-007853|BEN-044395|BEN-006408|BEN-048898|BEN-026785|BEN-023469|BEN-041561|BEN-020931|BEN-028428|BEN-023708|BEN-002017|BEN-029241|BEN-024774|BEN-025954|BEN-023580|BEN-036201|BEN-028261|BEN-041213|BEN-023857|BEN-048351|BEN-026729|BEN-043286|BEN-002458|BEN-031390|BEN-013342|BEN-002570|BEN-004176|BEN-032318|BEN-021277|BEN-034769|BEN-025131|BEN-010944|BEN-002308|BEN-036138|BEN-010119|BEN-024862|BEN-019910|BEN-023011|BEN-041970|BEN-027244|BEN-025175|BEN-005989|BEN-030018|BEN-038648|BEN-009052|BEN-019227|BEN-009836|BEN-018580|BEN-015996|BEN-022440|BEN-014301|BEN-035556|BEN-029525|BEN-015333|BEN-049119,Routine low-value synthetic service payments to ACC-012954; not an injected suspicious collector.
CONTROL-1463,BENIGN_COLLECTION,BEN-036341|BEN-010637|BEN-000416|BEN-027848|BEN-045208|BEN-007270|BEN-019697|BEN-038238|BEN-033096|BEN-000401|BEN-001521|BEN-003643|BEN-047396|BEN-041857|BEN-028079|BEN-003260|BEN-013207|BEN-001297|BEN-030733|BEN-000543|BEN-033423|BEN-047136|BEN-027827|BEN-047244|BEN-027255|BEN-039171|BEN-008272|BEN-035950|BEN-000579|BEN-017692|BEN-048233|BEN-017604|BEN-020171|BEN-024212|BEN-004750|BEN-013602|BEN-038157|BEN-003242|BEN-044459|BEN-011607|BEN-007675|BEN-047384|BEN-046638|BEN-017848|BEN-047728|BEN-009005|BEN-048092|BEN-016254|BEN-035103|BEN-049079|BEN-034327|BEN-047571|BEN-019567|BEN-003429|BEN-008307|BEN-016214|BEN-041212|BEN-009513|BEN-017798|BEN-032697|BEN-006697|BEN-037671|BEN-038099|BEN-038488|BEN-012320|BEN-009719|BEN-032555|BEN-033618|BEN-025178|BEN-045326,Routine low-value synthetic service payments to ACC-000598; not an injected suspicious collector.
CONTROL-0923,COMMON_SURNAME,BEN-003685|BEN-031033|BEN-018227,Distinct local students share a common surname and institution.
CONTROL-0554,COMMON_SURNAME,BEN-004948|BEN-015572|BEN-022244,Distinct local students share a common surname and institution.
CONTROL-0198,CORRECTED_APPLICATION,BEN-039323|BEN-030250,An earlier cancelled application is replaced by one approved claim; cancelled claim is unpaid.
CONTROL-0490,IDENTICAL_NAME,BEN-044984|BEN-042350,"Same full name, distinct birth dates, contacts and accounts."
CONTROL-0704,FAMILY_CONTACT,BEN-035529|BEN-036642|BEN-017737,Distinct family members share their household contact and residence.
CONTROL-0945,CORRECTED_APPLICATION,BEN-037939|BEN-033615,An earlier cancelled application is replaced by one approved claim; cancelled claim is unpaid.
CONTROL-1476,BENIGN_COLLECTION,BEN-008900|BEN-025409|BEN-007520|BEN-022481|BEN-049013|BEN-027002|BEN-033542|BEN-003093|BEN-031336|BEN-009654|BEN-043135|BEN-002577|BEN-036479|BEN-006343|BEN-002375|BEN-048591|BEN-001363|BEN-035341|BEN-037927|BEN-026774|BEN-014183|BEN-029505|BEN-046840|BEN-027581|BEN-012035|BEN-004561|BEN-033632|BEN-023116|BEN-027820|BEN-033629|BEN-021091|BEN-013609|BEN-003996|BEN-003342|BEN-026902|BEN-017142|BEN-012342|BEN-041811|BEN-049694|BEN-042018|BEN-004058|BEN-019942|BEN-020135|BEN-044581|BEN-011034|BEN-023649|BEN-008021|BEN-022831|BEN-022189|BEN-033171|BEN-000203|BEN-015275|BEN-022574|BEN-008016|BEN-039319|BEN-020784|BEN-043374|BEN-046802|BEN-049985|BEN-015471|BEN-038262|BEN-005912|BEN-028430|BEN-026973|BEN-001629|BEN-019468|BEN-018449|BEN-008273|BEN-017676|BEN-042635|BEN-016060|BEN-007792|BEN-016320|BEN-022888,Routine low-value synthetic service payments to ACC-121083; not an injected suspicious collector.
CONTROL-0039,GUARDIAN_ACCOUNT,BEN-018852|BEN-045756,Two distinct students have recorded guardian payout authorization.
CONTROL-0715,IDENTICAL_NAME,BEN-029683|BEN-007342,"Same full name, distinct birth dates, contacts and accounts."
CONTROL-1171,HOSTEL_ADDRESS,BEN-047941|BEN-026622|BEN-011514|BEN-027368|BEN-009351,Five distinct residents share a hostel address; individual accounts and contacts.
CONTROL-0046,HOSTEL_ADDRESS,BEN-046774|BEN-003576|BEN-012216|BEN-004449|BEN-014550,Five distinct residents share a hostel address; individual accounts and contacts.
CONTROL-1207,HOSTEL_ADDRESS,BEN-015828|BEN-027040|BEN-028715|BEN-011380|BEN-014063,Five distinct residents share a hostel address; individual accounts and contacts.
CONTROL-0205,BENIGN_CYCLE,BEN-000476|BEN-009158|BEN-034639,A funded roommate expense advance is repaid through three accounts.
CONTROL-0655,BENIGN_CYCLE,BEN-044449|BEN-017870|BEN-027526,A funded roommate expense advance is repaid through three accounts.
CONTROL-0155,FAMILY_CONTACT,BEN-019295|BEN-013532|BEN-017340,Distinct family members share their household contact and residence.
CONTROL-0079,BENIGN_CYCLE,BEN-049228|BEN-022553|BEN-033152,A funded roommate expense advance is repaid through three accounts.
CONTROL-1356,BENIGN_COLLECTION,BEN-017175|BEN-046068|BEN-034758|BEN-040348|BEN-024483|BEN-046717|BEN-044100|BEN-002333|BEN-011538|BEN-014189|BEN-005420|BEN-039253|BEN-039613|BEN-010080|BEN-033358|BEN-019293|BEN-037128|BEN-034219|BEN-036230|BEN-036741|BEN-001609|BEN-048500|BEN-003151|BEN-034636|BEN-027223|BEN-017927|BEN-036880|BEN-031137|BEN-021249|BEN-044987|BEN-007914|BEN-013906|BEN-004415|BEN-047726|BEN-048825|BEN-027496|BEN-014436|BEN-010964|BEN-049857|BEN-031975|BEN-018531|BEN-001194|BEN-006913|BEN-048955|BEN-004072|BEN-043390|BEN-041282|BEN-003511|BEN-022282|BEN-017082|BEN-018079|BEN-029306|BEN-014500|BEN-044537|BEN-002313|BEN-047205|BEN-002895|BEN-043026|BEN-019600|BEN-004791|BEN-033728|BEN-025684|BEN-006334|BEN-031872|BEN-008744|BEN-035297|BEN-023444|BEN-030072|BEN-032783|BEN-041862|BEN-009910|BEN-004196|BEN-002143|BEN-009131|BEN-047662|BEN-005785|BEN-006156|BEN-018176|BEN-043228|BEN-022368|BEN-033249|BEN-023130|BEN-013113|BEN-046333,Routine low-value synthetic service payments to ACC-063050; not an injected suspicious collector.
CONTROL-1498,BENIGN_COLLECTION,BEN-040534|BEN-018009|BEN-045654|BEN-015112|BEN-019601|BEN-034336|BEN-030169|BEN-025669|BEN-045483|BEN-009326|BEN-014854|BEN-018630|BEN-022595|BEN-036034|BEN-042661|BEN-039377|BEN-014572|BEN-018747|BEN-024607|BEN-019899|BEN-025044|BEN-025718|BEN-043384|BEN-014862|BEN-007311|BEN-035118|BEN-038895|BEN-025116|BEN-000463|BEN-041434|BEN-045212|BEN-019271|BEN-023355|BEN-044932|BEN-013307|BEN-001272|BEN-033017|BEN-031469|BEN-002350|BEN-013703|BEN-023034|BEN-014187|BEN-046109|BEN-030702|BEN-022391|BEN-033272|BEN-001287|BEN-004727|BEN-026939|BEN-000181|BEN-028197|BEN-031199|BEN-001076|BEN-044450|BEN-016621|BEN-003100|BEN-032344|BEN-013242|BEN-022828|BEN-014661|BEN-035927|BEN-044172|BEN-011669|BEN-029952|BEN-045903|BEN-011341|BEN-018543|BEN-020599|BEN-038471|BEN-023443|BEN-005085|BEN-003208,Routine low-value synthetic service payments to ACC-005720; not an injected suspicious collector.
CONTROL-1222,BENIGN_CYCLE,BEN-025969|BEN-009124|BEN-037908,A funded roommate expense advance is repaid through three accounts.
CONTROL-1133,COMPATIBLE_SCHEMES,BEN-005820|BEN-006995,Tuition and study-material support are permitted together in the same year.
CONTROL-1138,IDENTICAL_NAME,BEN-019972|BEN-004005,"Same full name, distinct birth dates, contacts and accounts."
CONTROL-1323,CORRECTED_APPLICATION,BEN-039056|BEN-043424,An earlier cancelled application is replaced by one approved claim; cancelled claim is unpaid.
CONTROL-0920,FAMILY_CONTACT,BEN-039490|BEN-001180|BEN-029576,Distinct family members share their household contact and residence.
CONTROL-0420,REGISTRATION_CAMP,BEN-028162|BEN-049880|BEN-012106,Genuine campus enrollment camp produces a short registration burst.
CONTROL-1083,GUARDIAN_ACCOUNT,BEN-001577|BEN-045326,Two distinct students have recorded guardian payout authorization.
CONTROL-0388,HOSTEL_ADDRESS,BEN-031442|BEN-007963|BEN-036006|BEN-032160|BEN-043346,Five distinct residents share a hostel address; individual accounts and contacts.
CONTROL-1439,BENIGN_COLLECTION,BEN-026723|BEN-028964|BEN-010994|BEN-049916|BEN-021029|BEN-006381|BEN-027505|BEN-025848|BEN-038356|BEN-014524|BEN-038814|BEN-015966|BEN-018790|BEN-003657|BEN-032976|BEN-007211|BEN-007547|BEN-023467|BEN-037610|BEN-049701|BEN-046762|BEN-006480|BEN-016993|BEN-045521|BEN-001412|BEN-020456|BEN-016200|BEN-038230|BEN-003804|BEN-049395|BEN-013749|BEN-026489|BEN-035742|BEN-006627|BEN-041720|BEN-029260|BEN-029547|BEN-001966|BEN-026151|BEN-017454|BEN-024476|BEN-045030|BEN-000183|BEN-029345|BEN-034929|BEN-024925|BEN-003636|BEN-030415|BEN-015714|BEN-000246|BEN-047902|BEN-040111|BEN-001489|BEN-015355|BEN-025308|BEN-004599|BEN-024179|BEN-009498|BEN-048512|BEN-026068|BEN-031928|BEN-021478|BEN-014690|BEN-040650|BEN-022238|BEN-040726|BEN-026155|BEN-002698,Routine low-value synthetic service payments to ACC-085556; not an injected suspicious collector.
CONTROL-1173,GUARDIAN_ACCOUNT,BEN-046982|BEN-015145,Two distinct students have recorded guardian payout authorization.
CONTROL-0666,CORRECTED_APPLICATION,BEN-021862|BEN-021370,An earlier cancelled application is replaced by one approved claim; cancelled claim is unpaid.
CONTROL-1485,BENIGN_COLLECTION,BEN-010025|BEN-039810|BEN-044385|BEN-008366|BEN-003166|BEN-014034|BEN-008995|BEN-011574|BEN-017893|BEN-010027|BEN-023319|BEN-031460|BEN-018463|BEN-019878|BEN-045834|BEN-020237|BEN-009741|BEN-030526|BEN-010131|BEN-025773|BEN-000041|BEN-049637|BEN-044821|BEN-044942|BEN-022584|BEN-011016|BEN-021363|BEN-013037|BEN-041586|BEN-025756|BEN-028904|BEN-040741|BEN-007080|BEN-009885|BEN-027111|BEN-023152|BEN-027176|BEN-009545|BEN-023657|BEN-025533|BEN-041359|BEN-030823|BEN-047105|BEN-042045|BEN-046796|BEN-016742|BEN-049162|BEN-006265|BEN-033426|BEN-035447|BEN-017069|BEN-009070|BEN-037458|BEN-015672|BEN-022482|BEN-010443|BEN-044142,Routine low-value synthetic service payments to ACC-062205; not an injected suspicious collector.
CONTROL-0988,BENIGN_CYCLE,BEN-007245|BEN-039631|BEN-019179,A funded roommate expense advance is repaid through three accounts.
CONTROL-0236,FAMILY_CONTACT,BEN-044223|BEN-014250|BEN-039238,Distinct family members share their household contact and residence.
CONTROL-0976,IDENTICAL_NAME,BEN-031526|BEN-014450,"Same full name, distinct birth dates, contacts and accounts."
CONTROL-0981,CORRECTED_APPLICATION,BEN-022021|BEN-026669,An earlier cancelled application is replaced by one approved claim; cancelled claim is unpaid.
CONTROL-1061,COMPATIBLE_SCHEMES,BEN-015009|BEN-014842,Tuition and study-material support are permitted together in the same year.
CONTROL-0293,COMMON_SURNAME,BEN-028437|BEN-002682|BEN-008760,Distinct local students share a common surname and institution.
CONTROL-1469,BENIGN_COLLECTION,BEN-041278|BEN-009425|BEN-030950|BEN-003389|BEN-019701|BEN-027433|BEN-026249|BEN-049490|BEN-027913|BEN-033304|BEN-045259|BEN-047636|BEN-023386|BEN-042862|BEN-012959|BEN-009249|BEN-049235|BEN-047907|BEN-034241|BEN-029835|BEN-047166|BEN-009942|BEN-026005|BEN-035917|BEN-021558|BEN-039084|BEN-034646|BEN-047393|BEN-015489|BEN-004120|BEN-022670|BEN-016762|BEN-020804|BEN-035186|BEN-020796|BEN-014818|BEN-020356|BEN-022284|BEN-004840|BEN-019502|BEN-048013|BEN-025286|BEN-033259|BEN-011117|BEN-009471|BEN-035897|BEN-023926|BEN-042056|BEN-021543|BEN-025783|BEN-024128|BEN-033124|BEN-047237|BEN-044141|BEN-005373|BEN-007309|BEN-047404,Routine low-value synthetic service payments to ACC-034720; not an injected suspicious collector.
CONTROL-1024,BENIGN_CYCLE,BEN-000246|BEN-033339|BEN-002182,A funded roommate expense advance is repaid through three accounts.
CONTROL-1123,BENIGN_CYCLE,BEN-025199|BEN-037193|BEN-029386,A funded roommate expense advance is repaid through three accounts.
CONTROL-0095,COMMON_SURNAME,BEN-036576|BEN-049137|BEN-023316,Distinct local students share a common surname and institution.
CONTROL-1031,COMMON_SURNAME,BEN-016080|BEN-021289|BEN-011113,Distinct local students share a common surname and institution.
CONTROL-1256,COMMON_SURNAME,BEN-031627|BEN-001593|BEN-019766,Distinct local students share a common surname and institution.
CONTROL-1363,BENIGN_COLLECTION,BEN-047101|BEN-031686|BEN-008578|BEN-046743|BEN-031913|BEN-043957|BEN-030535|BEN-032190|BEN-045664|BEN-032875|BEN-014879|BEN-026689|BEN-040390|BEN-006241|BEN-038578|BEN-013040|BEN-036578|BEN-040573|BEN-015213|BEN-015072|BEN-005329|BEN-049843|BEN-045430|BEN-016823|BEN-016138|BEN-038314|BEN-013238|BEN-011568|BEN-011747|BEN-015432|BEN-010749|BEN-028869|BEN-029946|BEN-033447|BEN-046397|BEN-030329|BEN-022459|BEN-002377|BEN-019810|BEN-032986|BEN-030082|BEN-040035|BEN-018504|BEN-034095|BEN-001146|BEN-001957|BEN-026956|BEN-022149|BEN-030316|BEN-029699|BEN-010778|BEN-045702|BEN-022219|BEN-012247|BEN-041607|BEN-017222|BEN-009170|BEN-008282|BEN-001792|BEN-004380|BEN-043143|BEN-031475|BEN-019520|BEN-008890|BEN-035736|BEN-018735|BEN-032858|BEN-045638|BEN-020247|BEN-008720|BEN-028606|BEN-010216|BEN-007643|BEN-041758|BEN-027026|BEN-045877,Routine low-value synthetic service payments to ACC-022752; not an injected suspicious collector.
CONTROL-1425,BENIGN_COLLECTION,BEN-040391|BEN-040106|BEN-046173|BEN-024976|BEN-038887|BEN-044104|BEN-045202|BEN-031494|BEN-026543|BEN-015300|BEN-041112|BEN-022523|BEN-014832|BEN-021238|BEN-018830|BEN-045072|BEN-047372|BEN-023861|BEN-025902|BEN-021403|BEN-024589|BEN-014684|BEN-011880|BEN-037238|BEN-019097|BEN-021250|BEN-035956|BEN-014715|BEN-030271|BEN-043546|BEN-031987|BEN-030777|BEN-022763|BEN-034733|BEN-009673|BEN-029708|BEN-046121|BEN-011800|BEN-010644|BEN-023503|BEN-010779|BEN-001549|BEN-016232|BEN-017272|BEN-038833|BEN-026662|BEN-015441|BEN-001893|BEN-026374|BEN-001396|BEN-001213|BEN-022775|BEN-042662|BEN-034176|BEN-000214|BEN-006102|BEN-039492|BEN-013276|BEN-048379|BEN-028237,Routine low-value synthetic service payments to ACC-053701; not an injected suspicious collector.
CONTROL-1286,COMPATIBLE_SCHEMES,BEN-010468|BEN-030987,Tuition and study-material support are permitted together in the same year.
CONTROL-0103,IDENTICAL_NAME,BEN-032518|BEN-004712,"Same full name, distinct birth dates, contacts and accounts."
CONTROL-1145,FAMILY_CONTACT,BEN-000927|BEN-045572|BEN-019746,Distinct family members share their household contact and residence.
CONTROL-1359,BENIGN_COLLECTION,BEN-003914|BEN-029498|BEN-036664|BEN-036605|BEN-027437|BEN-013101|BEN-013244|BEN-019095|BEN-030606|BEN-035579|BEN-017968|BEN-032163|BEN-014321|BEN-030272|BEN-022326|BEN-021126|BEN-031785|BEN-024879|BEN-032147|BEN-037416|BEN-042953|BEN-029314|BEN-006034|BEN-006335|BEN-018581|BEN-032616|BEN-048329|BEN-000712|BEN-039113|BEN-044908|BEN-039155|BEN-035276|BEN-014059|BEN-001360|BEN-008401|BEN-029777|BEN-039163|BEN-026811|BEN-038798|BEN-047871|BEN-048448|BEN-032523|BEN-019870|BEN-027379|BEN-048585|BEN-005725|BEN-006252|BEN-010342|BEN-017854|BEN-026820|BEN-027352|BEN-004218|BEN-032594|BEN-046687|BEN-028645|BEN-014996|BEN-001010|BEN-029268|BEN-010478|BEN-040308|BEN-005063|BEN-048455|BEN-038661,Routine low-value synthetic service payments to ACC-129896; not an injected suspicious collector.
CONTROL-1191,GUARDIAN_ACCOUNT,BEN-028304|BEN-042034,Two distinct students have recorded guardian payout authorization.
CONTROL-0827,COMPATIBLE_SCHEMES,BEN-017534|BEN-005044,Tuition and study-material support are permitted together in the same year.
CONTROL-0207,CORRECTED_APPLICATION,BEN-033204|BEN-008277,An earlier cancelled application is replaced by one approved claim; cancelled claim is unpaid.
CONTROL-0772,BENIGN_CYCLE,BEN-033098|BEN-036199|BEN-003698,A funded roommate expense advance is repaid through three accounts.
CONTROL-0638,COMPATIBLE_SCHEMES,BEN-023195|BEN-049975,Tuition and study-material support are permitted together in the same year.
CONTROL-1304,COMPATIBLE_SCHEMES,BEN-033290|BEN-010255,Tuition and study-material support are permitted together in the same year.
CONTROL-0746,COMPATIBLE_SCHEMES,BEN-002548|BEN-005776,Tuition and study-material support are permitted together in the same year.
CONTROL-0919,HOSTEL_ADDRESS,BEN-011870|BEN-006554|BEN-049725|BEN-022544|BEN-013370,Five distinct residents share a hostel address; individual accounts and contacts.
CONTROL-0036,CORRECTED_APPLICATION,BEN-044699|BEN-004660,An earlier cancelled application is replaced by one approved claim; cancelled claim is unpaid.
CONTROL-0399,GUARDIAN_ACCOUNT,BEN-048626|BEN-030471,Two distinct students have recorded guardian payout authorization.
CONTROL-0151,BENIGN_CYCLE,BEN-029393|BEN-041017|BEN-031852,A funded roommate expense advance is repaid through three accounts.
CONTROL-0006,REGISTRATION_CAMP,BEN-016387|BEN-030569|BEN-033944,Genuine campus enrollment camp produces a short registration burst.
CONTROL-0127,HOSTEL_ADDRESS,BEN-039296|BEN-006608|BEN-040900|BEN-019043|BEN-023491,Five distinct residents share a hostel address; individual accounts and contacts.
CONTROL-0676,HOSTEL_ADDRESS,BEN-016708|BEN-020644|BEN-017928|BEN-003528|BEN-001358,Five distinct residents share a hostel address; individual accounts and contacts.
CONTROL-0646,BENIGN_CYCLE,BEN-018579|BEN-017570|BEN-049545,A funded roommate expense advance is repaid through three accounts.
CONTROL-1004,COMMON_SURNAME,BEN-029103|BEN-030222|BEN-026814,Distinct local students share a common surname and institution.
CONTROL-0889,BENIGN_CYCLE,BEN-032204|BEN-016593|BEN-044599,A funded roommate expense advance is repaid through three accounts.
CONTROL-1130,COMMON_SURNAME,BEN-016562|BEN-016730|BEN-014747,Distinct local students share a common surname and institution.
CONTROL-1258,BENIGN_CYCLE,BEN-008892|BEN-007514|BEN-007152,A funded roommate expense advance is repaid through three accounts.
CONTROL-0100,HOSTEL_ADDRESS,BEN-024398|BEN-047900|BEN-016617|BEN-007433|BEN-037635,Five distinct residents share a hostel address; individual accounts and contacts.
CONTROL-0837,CORRECTED_APPLICATION,BEN-008429|BEN-025491,An earlier cancelled application is replaced by one approved claim; cancelled claim is unpaid.
CONTROL-1419,BENIGN_COLLECTION,BEN-028356|BEN-029216|BEN-012323|BEN-029953|BEN-031580|BEN-049103|BEN-016376|BEN-019147|BEN-001448|BEN-003084|BEN-041846|BEN-040004|BEN-043880|BEN-033513|BEN-001140|BEN-044866|BEN-008437|BEN-042898|BEN-014821|BEN-049806|BEN-019385|BEN-020713|BEN-047051|BEN-044709|BEN-013535|BEN-037756|BEN-010467|BEN-039189|BEN-027709|BEN-028559|BEN-013720|BEN-000594|BEN-010279|BEN-001235|BEN-021519|BEN-001277|BEN-020323|BEN-031534|BEN-009779|BEN-048606|BEN-015302|BEN-038154|BEN-003420|BEN-002041|BEN-018890|BEN-005748|BEN-008411|BEN-005990|BEN-039522|BEN-024388|BEN-002844|BEN-008910|BEN-020980|BEN-008006|BEN-015021|BEN-028448|BEN-006915|BEN-003978|BEN-007366|BEN-004230|BEN-049812|BEN-021078|BEN-033806|BEN-017294|BEN-012301|BEN-027494|BEN-026056|BEN-010518,Routine low-value synthetic service payments to ACC-093623; not an injected suspicious collector.
CONTROL-1181,FAMILY_CONTACT,BEN-028021|BEN-000302|BEN-037659,Distinct family members share their household contact and residence.
CONTROL-0900,CORRECTED_APPLICATION,BEN-011705|BEN-023854,An earlier cancelled application is replaced by one approved claim; cancelled claim is unpaid.
CONTROL-1035,CORRECTED_APPLICATION,BEN-048059|BEN-042358,An earlier cancelled application is replaced by one approved claim; cancelled claim is unpaid.
CONTROL-0168,REGISTRATION_CAMP,BEN-022571|BEN-030491|BEN-035828,Genuine campus enrollment camp produces a short registration burst.
CONTROL-1303,BENIGN_CYCLE,BEN-002766|BEN-011696|BEN-042650,A funded roommate expense advance is repaid through three accounts.
CONTROL-0452,FAMILY_CONTACT,BEN-033742|BEN-010766|BEN-008220,Distinct family members share their household contact and residence.
CONTROL-1378,BENIGN_COLLECTION,BEN-006158|BEN-035473|BEN-009437|BEN-047155|BEN-043810|BEN-045863|BEN-019731|BEN-014265|BEN-040135|BEN-025821|BEN-036075|BEN-011450|BEN-018968|BEN-006498|BEN-031319|BEN-033480|BEN-031664|BEN-003367|BEN-024098|BEN-010209|BEN-032435|BEN-019669|BEN-035552|BEN-009125|BEN-047140|BEN-040632|BEN-000812|BEN-006780|BEN-023513|BEN-022717|BEN-040921|BEN-004034|BEN-027797|BEN-016784|BEN-032083|BEN-008543|BEN-010292|BEN-027401|BEN-002274|BEN-048188|BEN-012528|BEN-026989|BEN-036509|BEN-046841|BEN-015754|BEN-032351|BEN-002972|BEN-009142|BEN-019944|BEN-035756|BEN-006258|BEN-034970|BEN-020243|BEN-010448|BEN-044152|BEN-020822|BEN-020687|BEN-048153|BEN-009668|BEN-045254|BEN-006173|BEN-026809|BEN-025391|BEN-018726|BEN-026260|BEN-013876,Routine low-value synthetic service payments to ACC-010386; not an injected suspicious collector.
CONTROL-1021,IDENTICAL_NAME,BEN-003704|BEN-047752,"Same full name, distinct birth dates, contacts and accounts."
CONTROL-1491,BENIGN_COLLECTION,BEN-004270|BEN-004070|BEN-014991|BEN-044616|BEN-007378|BEN-004306|BEN-001022|BEN-017516|BEN-007369|BEN-039874|BEN-038700|BEN-008254|BEN-006142|BEN-037727|BEN-044879|BEN-007935|BEN-005072|BEN-043676|BEN-035619|BEN-023353|BEN-049659|BEN-025582|BEN-033250|BEN-048775|BEN-000689|BEN-049900|BEN-035697|BEN-049969|BEN-022024|BEN-046163|BEN-021619|BEN-006793|BEN-010389|BEN-045350|BEN-041010|BEN-011005|BEN-048680|BEN-012688|BEN-018899|BEN-047799|BEN-035344|BEN-023411|BEN-005153|BEN-035509|BEN-047261|BEN-010588|BEN-047470|BEN-009094|BEN-012249|BEN-043295|BEN-000070|BEN-027392|BEN-013088|BEN-007566|BEN-048892,Routine low-value synthetic service payments to ACC-020926; not an injected suspicious collector.
CONTROL-0922,IDENTICAL_NAME,BEN-044368|BEN-000846,"Same full name, distinct birth dates, contacts and accounts."
CONTROL-0405,CORRECTED_APPLICATION,BEN-013562|BEN-014111,An earlier cancelled application is replaced by one approved claim; cancelled claim is unpaid.
CONTROL-1025,COMPATIBLE_SCHEMES,BEN-019502|BEN-005441,Tuition and study-material support are permitted together in the same year.
CONTROL-0621,CORRECTED_APPLICATION,BEN-030549|BEN-023070,An earlier cancelled application is replaced by one approved claim; cancelled claim is unpaid.
CONTROL-1185,REGISTRATION_CAMP,BEN-009704|BEN-017663|BEN-016054,Genuine campus enrollment camp produces a short registration burst.
CONTROL-0166,IDENTICAL_NAME,BEN-017568|BEN-025632,"Same full name, distinct birth dates, contacts and accounts."
CONTROL-0528,REGISTRATION_CAMP,BEN-023621|BEN-040040|BEN-023254,Genuine campus enrollment camp produces a short registration burst.
CONTROL-0590,COMMON_SURNAME,BEN-048597|BEN-040312|BEN-035946,Distinct local students share a common surname and institution.
CONTROL-0613,HOSTEL_ADDRESS,BEN-034952|BEN-044510|BEN-032225|BEN-025854|BEN-039772,Five distinct residents share a hostel address; individual accounts and contacts.
CONTROL-1087,BENIGN_CYCLE,BEN-025479|BEN-043070|BEN-048758,A funded roommate expense advance is repaid through three accounts.
CONTROL-0200,FAMILY_CONTACT,BEN-038403|BEN-036645|BEN-034690,Distinct family members share their household contact and residence.
CONTROL-0723,GUARDIAN_ACCOUNT,BEN-046665|BEN-045316,Two distinct students have recorded guardian payout authorization.
CONTROL-0457,BENIGN_CYCLE,BEN-029118|BEN-036617|BEN-016440,A funded roommate expense advance is repaid through three accounts.
CONTROL-0505,HOSTEL_ADDRESS,BEN-000506|BEN-044642|BEN-036499|BEN-007857|BEN-044901,Five distinct residents share a hostel address; individual accounts and contacts.
CONTROL-0411,REGISTRATION_CAMP,BEN-005117|BEN-027429|BEN-032006,Genuine campus enrollment camp produces a short registration burst.
CONTROL-0317,FAMILY_CONTACT,BEN-036677|BEN-039065|BEN-016126,Distinct family members share their household contact and residence.
CONTROL-0458,COMPATIBLE_SCHEMES,BEN-021580|BEN-030932,Tuition and study-material support are permitted together in the same year.
CONTROL-0954,CORRECTED_APPLICATION,BEN-018563|BEN-003959,An earlier cancelled application is replaced by one approved claim; cancelled claim is unpaid.
CONTROL-1368,BENIGN_COLLECTION,BEN-002102|BEN-015167|BEN-043063|BEN-009089|BEN-006347|BEN-010960|BEN-007639|BEN-030462|BEN-049401|BEN-046787|BEN-019664|BEN-010547|BEN-004776|BEN-004801|BEN-008658|BEN-031354|BEN-025028|BEN-008656|BEN-041979|BEN-046965|BEN-024581|BEN-031251|BEN-025602|BEN-022656|BEN-020719|BEN-009280|BEN-004076|BEN-031969|BEN-029218|BEN-007401|BEN-031715|BEN-035844|BEN-021106|BEN-009289|BEN-026340|BEN-049429|BEN-021150|BEN-008525|BEN-014592|BEN-018753|BEN-000639|BEN-046453|BEN-012008|BEN-046424|BEN-032839|BEN-018829|BEN-000139|BEN-042657|BEN-018096|BEN-019190|BEN-033996|BEN-049311|BEN-037415|BEN-038973|BEN-032389|BEN-020523|BEN-044722|BEN-020144|BEN-047580|BEN-006082|BEN-017464|BEN-019803|BEN-038520|BEN-038657|BEN-021699|BEN-030482|BEN-012130|BEN-031473|BEN-034634|BEN-009999|BEN-013555|BEN-037505|BEN-035363|BEN-029812|BEN-045472|BEN-001224|BEN-034185|BEN-038939|BEN-046511|BEN-040607|BEN-047006|BEN-048862,Routine low-value synthetic service payments to ACC-010339; not an injected suspicious collector.
CONTROL-1008,CORRECTED_APPLICATION,BEN-018685|BEN-035508,An earlier cancelled application is replaced by one approved claim; cancelled claim is unpaid.
CONTROL-1177,BENIGN_CYCLE,BEN-038356|BEN-011697|BEN-001220,A funded roommate expense advance is repaid through three accounts.
CONTROL-1380,BENIGN_COLLECTION,BEN-026290|BEN-038397|BEN-004307|BEN-008788|BEN-018004|BEN-017690|BEN-048890|BEN-035787|BEN-009570|BEN-042442|BEN-045481|BEN-046636|BEN-034076|BEN-032704|BEN-045925|BEN-010303|BEN-021217|BEN-022946|BEN-014514|BEN-007777|BEN-008714|BEN-033256|BEN-021571|BEN-047739|BEN-039755|BEN-016838|BEN-045193|BEN-030274|BEN-014928|BEN-019512|BEN-016721|BEN-014419|BEN-020857|BEN-023128|BEN-005512|BEN-012438|BEN-044548|BEN-046060|BEN-006403|BEN-017300|BEN-040763|BEN-043160|BEN-017832|BEN-014195|BEN-041471|BEN-040851|BEN-042084|BEN-001205|BEN-005110|BEN-028916|BEN-038728|BEN-030821|BEN-015775|BEN-028280|BEN-045660|BEN-034639|BEN-039128|BEN-047084|BEN-046777|BEN-029042|BEN-038572|BEN-015340,Routine low-value synthetic service payments to ACC-054806; not an injected suspicious collector.
CONTROL-0408,GUARDIAN_ACCOUNT,BEN-025001|BEN-006160,Two distinct students have recorded guardian payout authorization.
CONTROL-1117,HOSTEL_ADDRESS,BEN-036975|BEN-021187|BEN-049597|BEN-017553|BEN-035661,Five distinct residents share a hostel address; individual accounts and contacts.
CONTROL-0180,CORRECTED_APPLICATION,BEN-022836|BEN-041826,An earlier cancelled application is replaced by one approved claim; cancelled claim is unpaid.
CONTROL-0386,COMPATIBLE_SCHEMES,BEN-021401|BEN-016602,Tuition and study-material support are permitted together in the same year.
CONTROL-0575,COMPATIBLE_SCHEMES,BEN-028065|BEN-038214,Tuition and study-material support are permitted together in the same year.
CONTROL-0235,HOSTEL_ADDRESS,BEN-049496|BEN-027029|BEN-028709|BEN-039063|BEN-035713,Five distinct residents share a hostel address; individual accounts and contacts.
CONTROL-0262,HOSTEL_ADDRESS,BEN-023407|BEN-033211|BEN-024021|BEN-026701|BEN-013110,Five distinct residents share a hostel address; individual accounts and contacts.
CONTROL-0061,BENIGN_CYCLE,BEN-045782|BEN-023821|BEN-044385,A funded roommate expense advance is repaid through three accounts.
CONTROL-0718,BENIGN_CYCLE,BEN-036582|BEN-036941|BEN-031117,A funded roommate expense advance is repaid through three accounts.
CONTROL-0260,COMPATIBLE_SCHEMES,BEN-035929|BEN-005207,Tuition and study-material support are permitted together in the same year.
CONTROL-0681,REGISTRATION_CAMP,BEN-042311|BEN-018957|BEN-035141,Genuine campus enrollment camp produces a short registration burst.
CONTROL-0020,FAMILY_CONTACT,BEN-006928|BEN-041930|BEN-001706,Distinct family members share their household contact and residence.
CONTROL-0070,BENIGN_CYCLE,BEN-015938|BEN-030591|BEN-018903,A funded roommate expense advance is repaid through three accounts.
CONTROL-0330,REGISTRATION_CAMP,BEN-047892|BEN-038321|BEN-049602,Genuine campus enrollment camp produces a short registration burst.
CONTROL-0463,IDENTICAL_NAME,BEN-019392|BEN-036375,"Same full name, distinct birth dates, contacts and accounts."
CONTROL-1120,IDENTICAL_NAME,BEN-048271|BEN-049102,"Same full name, distinct birth dates, contacts and accounts."
CONTROL-1230,REGISTRATION_CAMP,BEN-045593|BEN-038416|BEN-004799,Genuine campus enrollment camp produces a short registration burst.
CONTROL-0594,CORRECTED_APPLICATION,BEN-015379|BEN-041655,An earlier cancelled application is replaced by one approved claim; cancelled claim is unpaid.
CONTROL-0197,COMPATIBLE_SCHEMES,BEN-009014|BEN-014003,Tuition and study-material support are permitted together in the same year.
CONTROL-0297,CORRECTED_APPLICATION,BEN-003276|BEN-034008,An earlier cancelled application is replaced by one approved claim; cancelled claim is unpaid.
CONTROL-0997,BENIGN_CYCLE,BEN-007110|BEN-003735|BEN-003645,A funded roommate expense advance is repaid through three accounts.
CONTROL-0501,REGISTRATION_CAMP,BEN-016571|BEN-047618|BEN-035521,Genuine campus enrollment camp produces a short registration burst.
CONTROL-0537,REGISTRATION_CAMP,BEN-024488|BEN-024844|BEN-014721,Genuine campus enrollment camp produces a short registration burst.
CONTROL-0732,GUARDIAN_ACCOUNT,BEN-047887|BEN-001928,Two distinct students have recorded guardian payout authorization.
CONTROL-1164,GUARDIAN_ACCOUNT,BEN-013091|BEN-012690,Two distinct students have recorded guardian payout authorization.
CONTROL-1376,BENIGN_COLLECTION,BEN-003419|BEN-008137|BEN-034935|BEN-029583|BEN-004737|BEN-019148|BEN-028118|BEN-030160|BEN-011268|BEN-035521|BEN-004055|BEN-041174|BEN-013960|BEN-023687|BEN-020217|BEN-002803|BEN-028854|BEN-024018|BEN-008144|BEN-003770|BEN-047440|BEN-008438|BEN-014272|BEN-003951|BEN-006686|BEN-022136|BEN-008860|BEN-001037|BEN-035649|BEN-010853|BEN-015249|BEN-034839|BEN-005738|BEN-039975|BEN-000161|BEN-006838|BEN-047306|BEN-030964|BEN-027558|BEN-036022|BEN-003286|BEN-001702|BEN-005276|BEN-026197|BEN-013540|BEN-014239|BEN-015465|BEN-025285|BEN-016990|BEN-031301|BEN-028390|BEN-000391|BEN-027199|BEN-041107|BEN-026713|BEN-004954|BEN-042389|BEN-042223|BEN-041297|BEN-019565|BEN-023821|BEN-010387|BEN-034764|BEN-036124|BEN-025920,Routine low-value synthetic service payments to ACC-076471; not an injected suspicious collector.
CONTROL-0884,FAMILY_CONTACT,BEN-033516|BEN-022828|BEN-024367,Distinct family members share their household contact and residence.
CONTROL-0637,BENIGN_CYCLE,BEN-011422|BEN-020508|BEN-040833,A funded roommate expense advance is repaid through three accounts.
CONTROL-0148,IDENTICAL_NAME,BEN-032632|BEN-021059,"Same full name, distinct birth dates, contacts and accounts."
CONTROL-0281,FAMILY_CONTACT,BEN-035327|BEN-049649|BEN-008632,Distinct family members share their household contact and residence.
CONTROL-1437,BENIGN_COLLECTION,BEN-038892|BEN-034074|BEN-016498|BEN-049478|BEN-024708|BEN-007710|BEN-030580|BEN-012385|BEN-024215|BEN-012192|BEN-049885|BEN-015986|BEN-000445|BEN-035188|BEN-021987|BEN-028706|BEN-015678|BEN-002448|BEN-003958|BEN-021068|BEN-046190|BEN-002237|BEN-039050|BEN-031348|BEN-011641|BEN-028756|BEN-041238|BEN-044030|BEN-020575|BEN-048298|BEN-036909|BEN-031290|BEN-024882|BEN-014549|BEN-024038|BEN-005884|BEN-003255|BEN-034755|BEN-038732|BEN-039037|BEN-014119|BEN-014068|BEN-009624|BEN-035700|BEN-021060|BEN-009047|BEN-026615|BEN-027061|BEN-020587|BEN-010558|BEN-030867|BEN-038028|BEN-015928|BEN-012489|BEN-046605|BEN-001476|BEN-023301|BEN-049654|BEN-023883|BEN-039456|BEN-030043|BEN-037902|BEN-010726|BEN-022949|BEN-037446,Routine low-value synthetic service payments to ACC-059457; not an injected suspicious collector.
CONTROL-1080,CORRECTED_APPLICATION,BEN-036729|BEN-042102,An earlier cancelled application is replaced by one approved claim; cancelled claim is unpaid.
CONTROL-0707,COMMON_SURNAME,BEN-015028|BEN-035541|BEN-037041,Distinct local students share a common surname and institution.
CONTROL-1058,COMMON_SURNAME,BEN-013170|BEN-049771|BEN-033663,Distinct local students share a common surname and institution.
CONTROL-1057,IDENTICAL_NAME,BEN-007930|BEN-016902,"Same full name, distinct birth dates, contacts and accounts."
CONTROL-0277,BENIGN_CYCLE,BEN-013576|BEN-026645|BEN-049957,A funded roommate expense advance is repaid through three accounts.
CONTROL-1156,IDENTICAL_NAME,BEN-000146|BEN-015861,"Same full name, distinct birth dates, contacts and accounts."
CONTROL-0393,REGISTRATION_CAMP,BEN-038662|BEN-000451|BEN-003410,Genuine campus enrollment camp produces a short registration burst.
CONTROL-0112,IDENTICAL_NAME,BEN-044785|BEN-016310,"Same full name, distinct birth dates, contacts and accounts."
CONTROL-0077,COMMON_SURNAME,BEN-046099|BEN-015527|BEN-038131,Distinct local students share a common surname and institution.
CONTROL-0694,HOSTEL_ADDRESS,BEN-009993|BEN-013291|BEN-008639|BEN-010340|BEN-013742,Five distinct residents share a hostel address; individual accounts and contacts.
CONTROL-0877,IDENTICAL_NAME,BEN-008806|BEN-013813,"Same full name, distinct birth dates, contacts and accounts."
CONTROL-1186,BENIGN_CYCLE,BEN-020340|BEN-025811|BEN-030207,A funded roommate expense advance is repaid through three accounts.
CONTROL-0684,CORRECTED_APPLICATION,BEN-008389|BEN-012057,An earlier cancelled application is replaced by one approved claim; cancelled claim is unpaid.
CONTROL-1490,BENIGN_COLLECTION,BEN-025732|BEN-039422|BEN-047118|BEN-028705|BEN-015594|BEN-026916|BEN-037828|BEN-026599|BEN-004014|BEN-037242|BEN-020757|BEN-040034|BEN-028304|BEN-047056|BEN-029208|BEN-008708|BEN-015279|BEN-037816|BEN-022290|BEN-005351|BEN-003244|BEN-003801|BEN-016499|BEN-032132|BEN-000481|BEN-023086|BEN-039753|BEN-006589|BEN-014686|BEN-002309|BEN-026671|BEN-025135|BEN-001531|BEN-025270|BEN-006696|BEN-008041|BEN-049498|BEN-030583|BEN-027243|BEN-041508|BEN-026105|BEN-045789|BEN-031142|BEN-023653|BEN-008213|BEN-033267|BEN-035778|BEN-011196|BEN-039650|BEN-013644|BEN-010631|BEN-025212|BEN-043943|BEN-040132|BEN-006108|BEN-022206|BEN-002243|BEN-025064|BEN-011795|BEN-023205|BEN-016063|BEN-049749|BEN-005176|BEN-026124|BEN-012009|BEN-016936|BEN-026059|BEN-048364|BEN-006918|BEN-032607|BEN-043690|BEN-017262|BEN-042574|BEN-027590|BEN-006208,Routine low-value synthetic service payments to ACC-135844; not an injected suspicious collector.
CONTROL-0937,HOSTEL_ADDRESS,BEN-021325|BEN-043434|BEN-023561|BEN-015303|BEN-043793,Five distinct residents share a hostel address; individual accounts and contacts.
CONTROL-0515,FAMILY_CONTACT,BEN-036790|BEN-008155|BEN-039240,Distinct family members share their household contact and residence.
CONTROL-0441,CORRECTED_APPLICATION,BEN-029635|BEN-010184,An earlier cancelled application is replaced by one approved claim; cancelled claim is unpaid.
CONTROL-1245,GUARDIAN_ACCOUNT,BEN-046723|BEN-002402,Two distinct students have recorded guardian payout authorization.
CONTROL-1049,COMMON_SURNAME,BEN-035716|BEN-013325|BEN-037334,Distinct local students share a common surname and institution.
CONTROL-0171,CORRECTED_APPLICATION,BEN-041684|BEN-027800,An earlier cancelled application is replaced by one approved claim; cancelled claim is unpaid.
CONTROL-0017,COMPATIBLE_SCHEMES,BEN-025327|BEN-000067,Tuition and study-material support are permitted together in the same year.
CONTROL-1484,BENIGN_COLLECTION,BEN-003566|BEN-048738|BEN-023950|BEN-048307|BEN-023949|BEN-009872|BEN-031640|BEN-045218|BEN-015356|BEN-046422|BEN-046852|BEN-042551|BEN-037895|BEN-032644|BEN-035588|BEN-009452|BEN-027263|BEN-035845|BEN-031951|BEN-003319|BEN-019523|BEN-041334|BEN-024144|BEN-047882|BEN-044831|BEN-015572|BEN-032053|BEN-028150|BEN-010056|BEN-025936|BEN-037916|BEN-024669|BEN-029975|BEN-025439|BEN-035532|BEN-031141|BEN-038865|BEN-033074|BEN-049583|BEN-013145|BEN-045323|BEN-011300|BEN-047732|BEN-004821|BEN-042897|BEN-031712|BEN-020620|BEN-038989|BEN-027691|BEN-014563|BEN-049600|BEN-046798|BEN-038688|BEN-009692|BEN-010525|BEN-028538|BEN-015651|BEN-016753|BEN-031828|BEN-040092|BEN-008589|BEN-049218|BEN-040350|BEN-003279|BEN-017991|BEN-029155,Routine low-value synthetic service payments to ACC-146896; not an injected suspicious collector.
CONTROL-1375,BENIGN_COLLECTION,BEN-024079|BEN-036542|BEN-045668|BEN-041269|BEN-030164|BEN-007444|BEN-043662|BEN-043754|BEN-044324|BEN-012626|BEN-036939|BEN-033948|BEN-005786|BEN-042658|BEN-041738|BEN-007533|BEN-018845|BEN-018265|BEN-030044|BEN-008473|BEN-009907|BEN-043188|BEN-041342|BEN-028306|BEN-006270|BEN-001767|BEN-007276|BEN-029291|BEN-042401|BEN-040596|BEN-036716|BEN-002756|BEN-030882|BEN-032887|BEN-013010|BEN-000824|BEN-010984|BEN-018477|BEN-021612|BEN-045054|BEN-004210|BEN-023370|BEN-010460|BEN-003931|BEN-025410|BEN-012226|BEN-022266|BEN-031315|BEN-048620|BEN-048398|BEN-026833|BEN-017599|BEN-015881|BEN-023004|BEN-005805|BEN-049458|BEN-028608|BEN-013384|BEN-020717|BEN-010358|BEN-021334|BEN-049452|BEN-033133|BEN-035610|BEN-034875|BEN-028865|BEN-042288|BEN-045591|BEN-004825|BEN-046462|BEN-004644|BEN-027548|BEN-022959,Routine low-value synthetic service payments to ACC-022056; not an injected suspicious collector.
CONTROL-0447,REGISTRATION_CAMP,BEN-017982|BEN-026263|BEN-043010,Genuine campus enrollment camp produces a short registration burst.
CONTROL-0251,COMPATIBLE_SCHEMES,BEN-029611|BEN-038290,Tuition and study-material support are permitted together in the same year.
CONTROL-0745,BENIGN_CYCLE,BEN-030179|BEN-044025|BEN-019764,A funded roommate expense advance is repaid through three accounts.
CONTROL-0287,COMPATIBLE_SCHEMES,BEN-045350|BEN-043666,Tuition and study-material support are permitted together in the same year.
CONTROL-1262,FAMILY_CONTACT,BEN-019929|BEN-034470|BEN-039850,Distinct family members share their household contact and residence.
CONTROL-1459,BENIGN_COLLECTION,BEN-006535|BEN-034046|BEN-009729|BEN-019179|BEN-038985|BEN-037517|BEN-001380|BEN-046402|BEN-000762|BEN-022283|BEN-020365|BEN-015463|BEN-034053|BEN-034930|BEN-034882|BEN-044650|BEN-007053|BEN-019630|BEN-038500|BEN-020355|BEN-021997|BEN-024736|BEN-016782|BEN-016315|BEN-020984|BEN-005290|BEN-033434|BEN-035415|BEN-045756|BEN-008727|BEN-009711|BEN-022375|BEN-018321|BEN-006559|BEN-028615|BEN-003645|BEN-040445|BEN-021393|BEN-014184|BEN-030008|BEN-014817|BEN-002343|BEN-031378|BEN-007601|BEN-026206|BEN-011978|BEN-012611|BEN-000374|BEN-046244|BEN-032373|BEN-026166|BEN-035335|BEN-028651|BEN-020032|BEN-002838|BEN-011283|BEN-037470|BEN-015498,Routine low-value synthetic service payments to ACC-082209; not an injected suspicious collector.
CONTROL-0019,HOSTEL_ADDRESS,BEN-042606|BEN-008987|BEN-034855|BEN-045837|BEN-010049,Five distinct residents share a hostel address; individual accounts and contacts.
CONTROL-0698,COMMON_SURNAME,BEN-028226|BEN-044780|BEN-039765,Distinct local students share a common surname and institution.
CONTROL-0610,BENIGN_CYCLE,BEN-014924|BEN-043761|BEN-012667,A funded roommate expense advance is repaid through three accounts.
CONTROL-1392,BENIGN_COLLECTION,BEN-046584|BEN-023995|BEN-023200|BEN-042300|BEN-040357|BEN-021576|BEN-018485|BEN-039338|BEN-047753|BEN-027609|BEN-013546|BEN-027214|BEN-031069|BEN-044503|BEN-041985|BEN-024646|BEN-024787|BEN-017881|BEN-013102|BEN-010920|BEN-022637|BEN-026732|BEN-039019|BEN-039933|BEN-013285|BEN-036729|BEN-028192|BEN-040147|BEN-003245|BEN-047597|BEN-042911|BEN-047517|BEN-001976|BEN-020544|BEN-005985|BEN-022715|BEN-039739|BEN-030916|BEN-033295|BEN-013564|BEN-003995|BEN-028793|BEN-028494|BEN-018121|BEN-018153|BEN-023206|BEN-044658|BEN-027207|BEN-043888|BEN-035812|BEN-030221|BEN-035110|BEN-034375|BEN-025912|BEN-007880|BEN-029482|BEN-006349|BEN-005155|BEN-001628|BEN-020070|BEN-039255|BEN-011008|BEN-014923|BEN-004981|BEN-037757|BEN-025720|BEN-039315|BEN-036745|BEN-002248|BEN-003499|BEN-030860|BEN-042885|BEN-027425|BEN-001376|BEN-010332|BEN-026335|BEN-005328|BEN-011439|BEN-001337|BEN-030406|BEN-047666|BEN-019931|BEN-031086|BEN-017576|BEN-043583|BEN-015680,Routine low-value synthetic service payments to ACC-056697; not an injected suspicious collector.
CONTROL-0855,CORRECTED_APPLICATION,BEN-029700|BEN-003554,An earlier cancelled application is replaced by one approved claim; cancelled claim is unpaid.
CONTROL-0161,COMPATIBLE_SCHEMES,BEN-005323|BEN-031789,Tuition and study-material support are permitted together in the same year.
CONTROL-0936,CORRECTED_APPLICATION,BEN-019322|BEN-014730,An earlier cancelled application is replaced by one approved claim; cancelled claim is unpaid.
CONTROL-0595,HOSTEL_ADDRESS,BEN-026832|BEN-037369|BEN-045956|BEN-006644|BEN-032119,Five distinct residents share a hostel address; individual accounts and contacts.
CONTROL-1000,HOSTEL_ADDRESS,BEN-046138|BEN-013350|BEN-013704|BEN-028489|BEN-044736,Five distinct residents share a hostel address; individual accounts and contacts.
CONTROL-0224,COMPATIBLE_SCHEMES,BEN-042854|BEN-047813,Tuition and study-material support are permitted together in the same year.
CONTROL-1331,COMPATIBLE_SCHEMES,BEN-034926|BEN-029192,Tuition and study-material support are permitted together in the same year.
CONTROL-0394,BENIGN_CYCLE,BEN-010420|BEN-029041|BEN-032628,A funded roommate expense advance is repaid through three accounts.
CONTROL-1345,IDENTICAL_NAME,BEN-039401|BEN-014465,"Same full name, distinct birth dates, contacts and accounts."
CONTROL-0049,IDENTICAL_NAME,BEN-045489|BEN-012767,"Same full name, distinct birth dates, contacts and accounts."
CONTROL-0774,CORRECTED_APPLICATION,BEN-047936|BEN-044157,An earlier cancelled application is replaced by one approved claim; cancelled claim is unpaid.
CONTROL-0104,COMMON_SURNAME,BEN-024637|BEN-029171|BEN-027468,Distinct local students share a common surname and institution.
CONTROL-0552,GUARDIAN_ACCOUNT,BEN-037190|BEN-044228,Two distinct students have recorded guardian payout authorization.
CONTROL-0789,REGISTRATION_CAMP,BEN-014035|BEN-036240|BEN-022603,Genuine campus enrollment camp produces a short registration burst.
CONTROL-1379,BENIGN_COLLECTION,BEN-005424|BEN-023728|BEN-000484|BEN-033906|BEN-006145|BEN-023719|BEN-024568|BEN-020481|BEN-036906|BEN-023061|BEN-036637|BEN-009122|BEN-019306|BEN-027602|BEN-037560|BEN-000754|BEN-008135|BEN-025771|BEN-014959|BEN-020655|BEN-010784|BEN-023471|BEN-018372|BEN-020263|BEN-015392|BEN-020678|BEN-041621|BEN-040794|BEN-017134|BEN-041583|BEN-023051|BEN-027780|BEN-021589|BEN-029474|BEN-045215|BEN-018427|BEN-038045|BEN-026162|BEN-031204|BEN-016873|BEN-002489|BEN-033328|BEN-003557|BEN-037919|BEN-034096|BEN-012082|BEN-022676|BEN-046517|BEN-008325|BEN-002131|BEN-025676|BEN-005415|BEN-027447|BEN-045700|BEN-014055|BEN-007716|BEN-028480|BEN-019166|BEN-003305|BEN-016385|BEN-003297|BEN-024486|BEN-002737|BEN-049051|BEN-003769|BEN-011922|BEN-033741|BEN-033197,Routine low-value synthetic service payments to ACC-137034; not an injected suspicious collector.
CONTROL-0961,BENIGN_CYCLE,BEN-036648|BEN-011342|BEN-010416,A funded roommate expense advance is repaid through three accounts.
CONTROL-0730,HOSTEL_ADDRESS,BEN-022117|BEN-034528|BEN-012572|BEN-049886|BEN-020319,Five distinct residents share a hostel address; individual accounts and contacts.
CONTROL-0867,GUARDIAN_ACCOUNT,BEN-034994|BEN-046742,Two distinct students have recorded guardian payout authorization.
CONTROL-0065,FAMILY_CONTACT,BEN-010436|BEN-022473|BEN-000769,Distinct family members share their household contact and residence.
CONTROL-0024,REGISTRATION_CAMP,BEN-033605|BEN-019283|BEN-033424,Genuine campus enrollment camp produces a short registration burst.
CONTROL-1013,COMMON_SURNAME,BEN-043826|BEN-008166|BEN-013327,Distinct local students share a common surname and institution.
CONTROL-0968,COMMON_SURNAME,BEN-004451|BEN-046059|BEN-042518,Distinct local students share a common surname and institution.
CONTROL-0250,BENIGN_CYCLE,BEN-032633|BEN-031197|BEN-030508,A funded roommate expense advance is repaid through three accounts.
CONTROL-0332,COMPATIBLE_SCHEMES,BEN-015621|BEN-032565,Tuition and study-material support are permitted together in the same year.
CONTROL-0418,IDENTICAL_NAME,BEN-032990|BEN-044655,"Same full name, distinct birth dates, contacts and accounts."
CONTROL-0465,REGISTRATION_CAMP,BEN-023725|BEN-038039|BEN-000049,Genuine campus enrollment camp produces a short registration burst.
CONTROL-0725,COMMON_SURNAME,BEN-023884|BEN-036649|BEN-039578,Distinct local students share a common surname and institution.
CONTROL-0965,FAMILY_CONTACT,BEN-001821|BEN-049817|BEN-037920,Distinct family members share their household contact and residence.
CONTROL-1052,COMPATIBLE_SCHEMES,BEN-014534|BEN-021679,Tuition and study-material support are permitted together in the same year.
CONTROL-0589,IDENTICAL_NAME,BEN-009856|BEN-028891,"Same full name, distinct birth dates, contacts and accounts."
CONTROL-1429,BENIGN_COLLECTION,BEN-011883|BEN-014533|BEN-044058|BEN-004100|BEN-040486|BEN-022792|BEN-032571|BEN-045509|BEN-007943|BEN-022779|BEN-035713|BEN-012920|BEN-039939|BEN-033793|BEN-020431|BEN-025680|BEN-003716|BEN-008182|BEN-032781|BEN-036003|BEN-001699|BEN-031609|BEN-041029|BEN-019033|BEN-034031|BEN-011171|BEN-005311|BEN-022537|BEN-040104|BEN-023775|BEN-035925|BEN-044513|BEN-008369|BEN-047894|BEN-019622|BEN-017006|BEN-044031|BEN-045901|BEN-045723|BEN-032545|BEN-024166|BEN-027841|BEN-007032|BEN-048413|BEN-025842|BEN-049387|BEN-032985|BEN-004562|BEN-018458|BEN-007653|BEN-033040|BEN-042465|BEN-021552|BEN-013971|BEN-015990|BEN-021993|BEN-001666|BEN-017401|BEN-038933|BEN-031819|BEN-047834,Routine low-value synthetic service payments to ACC-113603; not an injected suspicious collector.
CONTROL-0617,COMMON_SURNAME,BEN-009624|BEN-032897|BEN-027055,Distinct local students share a common surname and institution.
CONTROL-0592,BENIGN_CYCLE,BEN-027388|BEN-042465|BEN-017363,A funded roommate expense advance is repaid through three accounts.
CONTROL-0299,FAMILY_CONTACT,BEN-016953|BEN-021454|BEN-038327,Distinct family members share their household contact and residence.
CONTROL-0802,HOSTEL_ADDRESS,BEN-043252|BEN-032475|BEN-036516|BEN-024081|BEN-048698,Five distinct residents share a hostel address; individual accounts and contacts.
CONTROL-1137,GUARDIAN_ACCOUNT,BEN-001387|BEN-026500,Two distinct students have recorded guardian payout authorization.
CONTROL-0792,CORRECTED_APPLICATION,BEN-004456|BEN-044233,An earlier cancelled application is replaced by one approved claim; cancelled claim is unpaid.
CONTROL-0232,BENIGN_CYCLE,BEN-021601|BEN-047919|BEN-040013,A funded roommate expense advance is repaid through three accounts.
CONTROL-1073,FAMILY_CONTACT,BEN-044651|BEN-015644|BEN-034736,Distinct family members share their household contact and residence.
CONTROL-0632,FAMILY_CONTACT,BEN-049067|BEN-032907|BEN-015220,Distinct family members share their household contact and residence.
CONTROL-0939,GUARDIAN_ACCOUNT,BEN-003029|BEN-006174,Two distinct students have recorded guardian payout authorization.
CONTROL-0796,IDENTICAL_NAME,BEN-013056|BEN-031350,"Same full name, distinct birth dates, contacts and accounts."
CONTROL-1228,IDENTICAL_NAME,BEN-004607|BEN-006709,"Same full name, distinct birth dates, contacts and accounts."
CONTROL-0761,COMMON_SURNAME,BEN-031422|BEN-009893|BEN-013166,Distinct local students share a common surname and institution.
CONTROL-1339,BENIGN_CYCLE,BEN-002219|BEN-041228|BEN-046335,A funded roommate expense advance is repaid through three accounts.
CONTROL-0488,FAMILY_CONTACT,BEN-023898|BEN-000562|BEN-044328,Distinct family members share their household contact and residence.
CONTROL-1078,BENIGN_CYCLE,BEN-045732|BEN-017127|BEN-042791,A funded roommate expense advance is repaid through three accounts.
CONTROL-1465,BENIGN_COLLECTION,BEN-042132|BEN-039365|BEN-038301|BEN-030338|BEN-019815|BEN-047617|BEN-037589|BEN-015899|BEN-027005|BEN-028839|BEN-007997|BEN-032061|BEN-004984|BEN-038226|BEN-021924|BEN-034113|BEN-049683|BEN-048933|BEN-019659|BEN-041079|BEN-028881|BEN-005258|BEN-015602|BEN-031068|BEN-035690|BEN-006878|BEN-000908|BEN-018497|BEN-041096|BEN-041243|BEN-040649|BEN-048231|BEN-028824|BEN-043027|BEN-041270|BEN-020225|BEN-034483|BEN-037745|BEN-024734|BEN-040355|BEN-018948|BEN-041351|BEN-028557|BEN-010148|BEN-016833|BEN-049480|BEN-040029|BEN-027677|BEN-013977|BEN-042510|BEN-031387|BEN-034248|BEN-031093|BEN-025652|BEN-043465|BEN-033223|BEN-010252,Routine low-value synthetic service payments to ACC-149314; not an injected suspicious collector.
CONTROL-0543,GUARDIAN_ACCOUNT,BEN-034192|BEN-012584,Two distinct students have recorded guardian payout authorization.
CONTROL-1170,CORRECTED_APPLICATION,BEN-013868|BEN-037149,An earlier cancelled application is replaced by one approved claim; cancelled claim is unpaid.
CONTROL-0345,GUARDIAN_ACCOUNT,BEN-020506|BEN-022343,Two distinct students have recorded guardian payout authorization.
CONTROL-1494,BENIGN_COLLECTION,BEN-000646|BEN-024842|BEN-044338|BEN-002078|BEN-010007|BEN-028896|BEN-035089|BEN-036750|BEN-010603|BEN-047024|BEN-004286|BEN-027645|BEN-037198|BEN-046583|BEN-045987|BEN-009396|BEN-000681|BEN-030472|BEN-002431|BEN-019182|BEN-006965|BEN-038108|BEN-032879|BEN-011473|BEN-043866|BEN-022475|BEN-047109|BEN-036572|BEN-028945|BEN-042824|BEN-030635|BEN-009669|BEN-027147|BEN-021367|BEN-020214|BEN-027497|BEN-010593|BEN-041762|BEN-028017|BEN-011666|BEN-013901|BEN-007886|BEN-020995|BEN-038463|BEN-021941|BEN-018253|BEN-045264|BEN-046753|BEN-000220|BEN-013921|BEN-038742|BEN-032859|BEN-033436|BEN-002304|BEN-049678|BEN-026645|BEN-019089|BEN-021863|BEN-036097|BEN-003443|BEN-009889|BEN-001585|BEN-022073|BEN-022555|BEN-005306,Routine low-value synthetic service payments to ACC-122327; not an injected suspicious collector.
CONTROL-0257,COMMON_SURNAME,BEN-048353|BEN-046238|BEN-041869,Distinct local students share a common surname and institution.
CONTROL-0550,HOSTEL_ADDRESS,BEN-027770|BEN-049484|BEN-013750|BEN-011289|BEN-037767,Five distinct residents share a hostel address; individual accounts and contacts.
CONTROL-0373,IDENTICAL_NAME,BEN-003601|BEN-024006,"Same full name, distinct birth dates, contacts and accounts."
CONTROL-0680,COMMON_SURNAME,BEN-010911|BEN-033457|BEN-007966,Distinct local students share a common surname and institution.
CONTROL-1407,BENIGN_COLLECTION,BEN-030878|BEN-003773|BEN-049551|BEN-035464|BEN-028204|BEN-016052|BEN-012065|BEN-042747|BEN-041028|BEN-037586|BEN-003629|BEN-035087|BEN-019363|BEN-034867|BEN-033020|BEN-048445|BEN-017709|BEN-041684|BEN-024107|BEN-013389|BEN-001423|BEN-025137|BEN-040907|BEN-027285|BEN-001610|BEN-042083|BEN-011145|BEN-016869|BEN-041916|BEN-006701|BEN-012216|BEN-005799|BEN-020988|BEN-008774|BEN-024902|BEN-036480|BEN-024301|BEN-004317|BEN-022246|BEN-019985|BEN-033690|BEN-021983|BEN-033879|BEN-040245|BEN-006502|BEN-019480|BEN-025255|BEN-019258|BEN-039424|BEN-041764|BEN-016942|BEN-012757|BEN-010973|BEN-032056|BEN-003920|BEN-046066|BEN-042450|BEN-043142,Routine low-value synthetic service payments to ACC-033546; not an injected suspicious collector.
CONTROL-0876,GUARDIAN_ACCOUNT,BEN-046156|BEN-037253,Two distinct students have recorded guardian payout authorization.
CONTROL-0121,IDENTICAL_NAME,BEN-023373|BEN-047943,"Same full name, distinct birth dates, contacts and accounts."
CONTROL-0062,COMPATIBLE_SCHEMES,BEN-001992|BEN-049381,Tuition and study-material support are permitted together in the same year.
CONTROL-1189,HOSTEL_ADDRESS,BEN-026348|BEN-033478|BEN-037627|BEN-004199|BEN-008327,Five distinct residents share a hostel address; individual accounts and contacts.
CONTROL-1168,BENIGN_CYCLE,BEN-037222|BEN-021449|BEN-047611,A funded roommate expense advance is repaid through three accounts.
CONTROL-1001,FAMILY_CONTACT,BEN-011360|BEN-042087|BEN-016175,Distinct family members share their household contact and residence.
CONTROL-0082,HOSTEL_ADDRESS,BEN-044826|BEN-003255|BEN-011490|BEN-046551|BEN-046329,Five distinct residents share a hostel address; individual accounts and contacts.
CONTROL-0692,COMPATIBLE_SCHEMES,BEN-003930|BEN-035491,Tuition and study-material support are permitted together in the same year.
CONTROL-0030,GUARDIAN_ACCOUNT,BEN-038276|BEN-041473,Two distinct students have recorded guardian payout authorization.
CONTROL-0879,REGISTRATION_CAMP,BEN-014793|BEN-012367|BEN-024187,Genuine campus enrollment camp produces a short registration burst.
CONTROL-0685,HOSTEL_ADDRESS,BEN-008474|BEN-023201|BEN-040544|BEN-030768|BEN-014712,Five distinct residents share a hostel address; individual accounts and contacts.
CONTROL-0097,BENIGN_CYCLE,BEN-011607|BEN-007040|BEN-022302,A funded roommate expense advance is repaid through three accounts.
CONTROL-1306,HOSTEL_ADDRESS,BEN-024546|BEN-009708|BEN-014177|BEN-010403|BEN-044459,Five distinct residents share a hostel address; individual accounts and contacts.
CONTROL-0994,IDENTICAL_NAME,BEN-027156|BEN-040117,"Same full name, distinct birth dates, contacts and accounts."
CONTROL-1085,COMMON_SURNAME,BEN-013720|BEN-006738|BEN-014034,Distinct local students share a common surname and institution.
CONTROL-0376,BENIGN_CYCLE,BEN-017461|BEN-019229|BEN-001482,A funded roommate expense advance is repaid through three accounts.
CONTROL-0831,GUARDIAN_ACCOUNT,BEN-031506|BEN-040439,Two distinct students have recorded guardian payout authorization.
CONTROL-0935,COMPATIBLE_SCHEMES,BEN-017972|BEN-021840,Tuition and study-material support are permitted together in the same year.
CONTROL-0871,BENIGN_CYCLE,BEN-027978|BEN-016638|BEN-017923,A funded roommate expense advance is repaid through three accounts.
CONTROL-1279,HOSTEL_ADDRESS,BEN-016362|BEN-045480|BEN-047556|BEN-010925|BEN-003574,Five distinct residents share a hostel address; individual accounts and contacts.
CONTROL-0773,COMPATIBLE_SCHEMES,BEN-048785|BEN-035224,Tuition and study-material support are permitted together in the same year.
CONTROL-0814,IDENTICAL_NAME,BEN-006733|BEN-026039,"Same full name, distinct birth dates, contacts and accounts."
CONTROL-0747,CORRECTED_APPLICATION,BEN-013773|BEN-021913,An earlier cancelled application is replaced by one approved claim; cancelled claim is unpaid.
CONTROL-0904,IDENTICAL_NAME,BEN-037064|BEN-030605,"Same full name, distinct birth dates, contacts and accounts."
CONTROL-0324,CORRECTED_APPLICATION,BEN-003409|BEN-019520,An earlier cancelled application is replaced by one approved claim; cancelled claim is unpaid.
CONTROL-1333,HOSTEL_ADDRESS,BEN-022324|BEN-003080|BEN-031680|BEN-035671|BEN-008239,Five distinct residents share a hostel address; individual accounts and contacts.
CONTROL-0951,REGISTRATION_CAMP,BEN-033286|BEN-010907|BEN-044347,Genuine campus enrollment camp produces a short registration burst.
CONTROL-0027,CORRECTED_APPLICATION,BEN-041031|BEN-023483,An earlier cancelled application is replaced by one approved claim; cancelled claim is unpaid.
CONTROL-0295,BENIGN_CYCLE,BEN-032373|BEN-042708|BEN-023794,A funded roommate expense advance is repaid through three accounts.
CONTROL-0358,BENIGN_CYCLE,BEN-048391|BEN-044536|BEN-043248,A funded roommate expense advance is repaid through three accounts.
CONTROL-1002,GUARDIAN_ACCOUNT,BEN-017492|BEN-040790,Two distinct students have recorded guardian payout authorization.
CONTROL-0022,IDENTICAL_NAME,BEN-020284|BEN-039811,"Same full name, distinct birth dates, contacts and accounts."
CONTROL-0843,REGISTRATION_CAMP,BEN-041396|BEN-016469|BEN-026834,Genuine campus enrollment camp produces a short registration burst.
CONTROL-0230,COMMON_SURNAME,BEN-016051|BEN-036725|BEN-025425,Distinct local students share a common surname and institution.
CONTROL-0933,REGISTRATION_CAMP,BEN-022113|BEN-027790|BEN-040326,Genuine campus enrollment camp produces a short registration burst.
CONTROL-0780,REGISTRATION_CAMP,BEN-024709|BEN-017797|BEN-032176,Genuine campus enrollment camp produces a short registration burst.
CONTROL-1454,BENIGN_COLLECTION,BEN-013897|BEN-018961|BEN-047540|BEN-039920|BEN-026984|BEN-008406|BEN-019674|BEN-001519|BEN-033714|BEN-037649|BEN-045150|BEN-045201|BEN-045003|BEN-043116|BEN-006757|BEN-027528|BEN-033678|BEN-031490|BEN-010956|BEN-039334|BEN-024630|BEN-032212|BEN-041518|BEN-042126|BEN-043898|BEN-013020|BEN-006024|BEN-018944|BEN-037838|BEN-031837|BEN-010268|BEN-033050|BEN-034388|BEN-041572|BEN-048934|BEN-029924|BEN-027967|BEN-038111|BEN-017149|BEN-028812|BEN-018649|BEN-015013|BEN-049628|BEN-009101|BEN-025269|BEN-032224|BEN-048263|BEN-044963|BEN-001058|BEN-012597|BEN-029335|BEN-046015|BEN-005540|BEN-004651|BEN-033137|BEN-010586|BEN-035651|BEN-038894|BEN-036347,Routine low-value synthetic service payments to ACC-043151; not an injected suspicious collector.
CONTROL-0781,BENIGN_CYCLE,BEN-048357|BEN-001299|BEN-049637,A funded roommate expense advance is repaid through three accounts.
CONTROL-1436,BENIGN_COLLECTION,BEN-044124|BEN-023455|BEN-031754|BEN-007932|BEN-023136|BEN-015492|BEN-029064|BEN-033549|BEN-013667|BEN-038847|BEN-041090|BEN-035565|BEN-024324|BEN-012242|BEN-013142|BEN-030584|BEN-011490|BEN-046947|BEN-022312|BEN-022549|BEN-027025|BEN-018542|BEN-015324|BEN-035061|BEN-040080|BEN-038171|BEN-021021|BEN-028026|BEN-040973|BEN-014723|BEN-004641|BEN-042334|BEN-020928|BEN-022087|BEN-031052|BEN-021658|BEN-010980|BEN-028081|BEN-027655|BEN-046595|BEN-025441|BEN-049769|BEN-045859|BEN-039118|BEN-029543|BEN-014674|BEN-026493|BEN-034799|BEN-039852|BEN-027823|BEN-024392|BEN-005313|BEN-030040|BEN-022952|BEN-033229|BEN-029467|BEN-021944|BEN-039304|BEN-015198|BEN-048752|BEN-026666|BEN-026136,Routine low-value synthetic service payments to ACC-026586; not an injected suspicious collector.
CONTROL-1483,BENIGN_COLLECTION,BEN-002725|BEN-021245|BEN-008825|BEN-025935|BEN-039275|BEN-010151|BEN-040566|BEN-007464|BEN-008078|BEN-010502|BEN-012903|BEN-003929|BEN-009483|BEN-011403|BEN-028837|BEN-045075|BEN-024198|BEN-037487|BEN-018035|BEN-011286|BEN-005000|BEN-025716|BEN-044510|BEN-016166|BEN-004053|BEN-033705|BEN-024524|BEN-023596|BEN-034280|BEN-010347|BEN-010440|BEN-023724|BEN-015755|BEN-003167|BEN-013745|BEN-037755|BEN-027319|BEN-023908|BEN-029007|BEN-001898|BEN-009461|BEN-017447|BEN-024119|BEN-036209|BEN-000533|BEN-044867|BEN-038880|BEN-034406|BEN-031027|BEN-008011|BEN-021131|BEN-043297|BEN-021533|BEN-000253|BEN-011916|BEN-033991|BEN-044249|BEN-045510|BEN-005151|BEN-021382|BEN-036963|BEN-027292|BEN-027728|BEN-013414|BEN-048584|BEN-027589|BEN-037744|BEN-025183|BEN-015931|BEN-045388|BEN-022945|BEN-039823,Routine low-value synthetic service payments to ACC-038217; not an injected suspicious collector.
CONTROL-0820,HOSTEL_ADDRESS,BEN-011621|BEN-015043|BEN-022457|BEN-000456|BEN-037634,Five distinct residents share a hostel address; individual accounts and contacts.
CONTROL-0093,GUARDIAN_ACCOUNT,BEN-013943|BEN-028815,Two distinct students have recorded guardian payout authorization.
CONTROL-0675,CORRECTED_APPLICATION,BEN-000223|BEN-011320,An earlier cancelled application is replaced by one approved claim; cancelled claim is unpaid.
CONTROL-1106,COMPATIBLE_SCHEMES,BEN-020912|BEN-042263,Tuition and study-material support are permitted together in the same year.
CONTROL-0846,CORRECTED_APPLICATION,BEN-003683|BEN-031686,An earlier cancelled application is replaced by one approved claim; cancelled claim is unpaid.
CONTROL-1264,IDENTICAL_NAME,BEN-006981|BEN-021282,"Same full name, distinct birth dates, contacts and accounts."
CONTROL-0518,COMMON_SURNAME,BEN-045204|BEN-046598|BEN-034773,Distinct local students share a common surname and institution.
CONTROL-0497,FAMILY_CONTACT,BEN-024334|BEN-002882|BEN-021227,Distinct family members share their household contact and residence.
CONTROL-0686,FAMILY_CONTACT,BEN-020575|BEN-030738|BEN-009808,Distinct family members share their household contact and residence.
CONTROL-1224,CORRECTED_APPLICATION,BEN-048974|BEN-022393,An earlier cancelled application is replaced by one approved claim; cancelled claim is unpaid.
CONTROL-0962,COMPATIBLE_SCHEMES,BEN-009250|BEN-041204,Tuition and study-material support are permitted together in the same year.
CONTROL-1391,BENIGN_COLLECTION,BEN-038553|BEN-043199|BEN-026351|BEN-026214|BEN-006807|BEN-004135|BEN-037800|BEN-005705|BEN-027087|BEN-027138|BEN-045671|BEN-011525|BEN-002647|BEN-015817|BEN-036321|BEN-017787|BEN-028891|BEN-046876|BEN-000338|BEN-049381|BEN-047918|BEN-027837|BEN-040793|BEN-013034|BEN-035862|BEN-018857|BEN-036146|BEN-003660|BEN-011975|BEN-035608|BEN-044540|BEN-047979|BEN-049376|BEN-023069|BEN-001291|BEN-005932|BEN-024266|BEN-004661|BEN-039068|BEN-041151|BEN-032105|BEN-012600|BEN-042563|BEN-010369|BEN-040451|BEN-043600|BEN-027770|BEN-017243|BEN-002975|BEN-046129|BEN-030865|BEN-015858|BEN-048514|BEN-013252|BEN-036979|BEN-029627|BEN-049454|BEN-031667|BEN-006908|BEN-039951|BEN-000662|BEN-029509|BEN-012214|BEN-046115|BEN-011780|BEN-044186|BEN-013139|BEN-013656|BEN-000663,Routine low-value synthetic service payments to ACC-069672; not an injected suspicious collector.
CONTROL-0903,GUARDIAN_ACCOUNT,BEN-008835|BEN-004362,Two distinct students have recorded guardian payout authorization.
CONTROL-0750,GUARDIAN_ACCOUNT,BEN-036793|BEN-017160,Two distinct students have recorded guardian payout authorization.
CONTROL-0128,FAMILY_CONTACT,BEN-005366|BEN-040510|BEN-038149,Distinct family members share their household contact and residence.
CONTROL-0008,COMPATIBLE_SCHEMES,BEN-023949|BEN-037227,Tuition and study-material support are permitted together in the same year.
CONTROL-0007,BENIGN_CYCLE,BEN-020889|BEN-005964|BEN-040669,A funded roommate expense advance is repaid through three accounts.
CONTROL-0364,IDENTICAL_NAME,BEN-033755|BEN-029128,"Same full name, distinct birth dates, contacts and accounts."
CONTROL-1327,IDENTICAL_NAME,BEN-030314|BEN-008771,"Same full name, distinct birth dates, contacts and accounts."
CONTROL-1458,BENIGN_COLLECTION,BEN-044496|BEN-000238|BEN-032475|BEN-019793|BEN-013162|BEN-015932|BEN-004761|BEN-034133|BEN-047939|BEN-028764|BEN-008456|BEN-038617|BEN-046899|BEN-033053|BEN-008116|BEN-013393|BEN-039566|BEN-000766|BEN-020452|BEN-017574|BEN-000400|BEN-001116|BEN-038743|BEN-013730|BEN-033344|BEN-048345|BEN-008286|BEN-017370|BEN-046657|BEN-011650|BEN-026537|BEN-004284|BEN-004491|BEN-035157|BEN-024722|BEN-030347|BEN-003884|BEN-016381|BEN-031989|BEN-039512|BEN-046155|BEN-018737|BEN-038188|BEN-033724|BEN-015721|BEN-000641|BEN-003941|BEN-041305|BEN-028401|BEN-027755|BEN-005723|BEN-004627|BEN-040932|BEN-037497|BEN-001079|BEN-002022|BEN-026484|BEN-012180|BEN-041537|BEN-026077|BEN-019645|BEN-009587|BEN-005828|BEN-001899|BEN-005823|BEN-017403|BEN-038453|BEN-008293|BEN-034974|BEN-010202|BEN-002097|BEN-027587,Routine low-value synthetic service payments to ACC-111377; not an injected suspicious collector.
CONTROL-0029,FAMILY_CONTACT,BEN-003628|BEN-047636|BEN-040600,Distinct family members share their household contact and residence.
CONTROL-0748,HOSTEL_ADDRESS,BEN-034790|BEN-033830|BEN-032096|BEN-028221|BEN-026592,Five distinct residents share a hostel address; individual accounts and contacts.
CONTROL-1010,FAMILY_CONTACT,BEN-028587|BEN-044419|BEN-030079,Distinct family members share their household contact and residence.
CONTROL-1235,FAMILY_CONTACT,BEN-006346|BEN-000645|BEN-007979,Distinct family members share their household contact and residence.
CONTROL-1190,FAMILY_CONTACT,BEN-004865|BEN-022316|BEN-003712,Distinct family members share their household contact and residence.
CONTROL-1169,COMPATIBLE_SCHEMES,BEN-024259|BEN-006599,Tuition and study-material support are permitted together in the same year.
CONTROL-0881,COMPATIBLE_SCHEMES,BEN-022280|BEN-002655,Tuition and study-material support are permitted together in the same year.
CONTROL-0633,GUARDIAN_ACCOUNT,BEN-011225|BEN-033303,Two distinct students have recorded guardian payout authorization.
CONTROL-1089,CORRECTED_APPLICATION,BEN-018891|BEN-007557,An earlier cancelled application is replaced by one approved claim; cancelled claim is unpaid.
CONTROL-1096,BENIGN_CYCLE,BEN-025316|BEN-020031|BEN-031114,A funded roommate expense advance is repaid through three accounts.
CONTROL-0466,BENIGN_CYCLE,BEN-039049|BEN-016511|BEN-001297,A funded roommate expense advance is repaid through three accounts.
CONTROL-0821,FAMILY_CONTACT,BEN-005346|BEN-023231|BEN-004070,Distinct family members share their household contact and residence.
CONTROL-1347,REGISTRATION_CAMP,BEN-016525|BEN-004338|BEN-040866,Genuine campus enrollment camp produces a short registration burst.
CONTROL-0649,HOSTEL_ADDRESS,BEN-027246|BEN-015917|BEN-002008|BEN-048526|BEN-026511,Five distinct residents share a hostel address; individual accounts and contacts.
CONTROL-0783,CORRECTED_APPLICATION,BEN-026890|BEN-020329,An earlier cancelled application is replaced by one approved claim; cancelled claim is unpaid.
CONTROL-0930,GUARDIAN_ACCOUNT,BEN-027577|BEN-028260,Two distinct students have recorded guardian payout authorization.
CONTROL-0001,HOSTEL_ADDRESS,BEN-011370|BEN-026031|BEN-045518|BEN-038792|BEN-010762,Five distinct residents share a hostel address; individual accounts and contacts.
CONTROL-0044,COMPATIBLE_SCHEMES,BEN-043566|BEN-023582,Tuition and study-material support are permitted together in the same year.
CONTROL-0443,FAMILY_CONTACT,BEN-022899|BEN-024776|BEN-012240,Distinct family members share their household contact and residence.
CONTROL-0531,CORRECTED_APPLICATION,BEN-022404|BEN-012785,An earlier cancelled application is replaced by one approved claim; cancelled claim is unpaid.
CONTROL-0735,REGISTRATION_CAMP,BEN-047244|BEN-027886|BEN-013221,Genuine campus enrollment camp produces a short registration burst.
CONTROL-0793,HOSTEL_ADDRESS,BEN-007387|BEN-028102|BEN-046675|BEN-031952|BEN-049714,Five distinct residents share a hostel address; individual accounts and contacts.
CONTROL-0643,IDENTICAL_NAME,BEN-047162|BEN-035794,"Same full name, distinct birth dates, contacts and accounts."
CONTROL-1353,BENIGN_COLLECTION,BEN-008915|BEN-046617|BEN-008521|BEN-002141|BEN-045287|BEN-009240|BEN-007899|BEN-033393|BEN-005685|BEN-010808|BEN-037681|BEN-021802|BEN-013522|BEN-049139|BEN-035762|BEN-043856|BEN-008750|BEN-017032|BEN-004235|BEN-030448|BEN-045908|BEN-033666|BEN-021765|BEN-026233|BEN-000884|BEN-017455|BEN-033031|BEN-004837|BEN-028575|BEN-030223|BEN-047988|BEN-048262|BEN-037304|BEN-003701|BEN-016347|BEN-020315|BEN-005587|BEN-048283|BEN-014244|BEN-043933|BEN-017513|BEN-014393|BEN-011891|BEN-043464|BEN-020447|BEN-026777|BEN-031978|BEN-010243|BEN-004192|BEN-032929|BEN-023124|BEN-031381|BEN-041974|BEN-023850|BEN-038376|BEN-033445|BEN-028847,Routine low-value synthetic service payments to ACC-041759; not an injected suspicious collector.
CONTROL-0256,IDENTICAL_NAME,BEN-042361|BEN-027412,"Same full name, distinct birth dates, contacts and accounts."
CONTROL-1210,IDENTICAL_NAME,BEN-026752|BEN-001893,"Same full name, distinct birth dates, contacts and accounts."
CONTROL-0661,IDENTICAL_NAME,BEN-014334|BEN-014310,"Same full name, distinct birth dates, contacts and accounts."
CONTROL-1335,GUARDIAN_ACCOUNT,BEN-023136|BEN-042819,Two distinct students have recorded guardian payout authorization.
CONTROL-1237,IDENTICAL_NAME,BEN-033073|BEN-036833,"Same full name, distinct birth dates, contacts and accounts."
CONTROL-0507,GUARDIAN_ACCOUNT,BEN-024662|BEN-049792,Two distinct students have recorded guardian payout authorization.
CONTROL-1174,IDENTICAL_NAME,BEN-013434|BEN-039890,"Same full name, distinct birth dates, contacts and accounts."
CONTROL-0211,IDENTICAL_NAME,BEN-001242|BEN-024355,"Same full name, distinct birth dates, contacts and accounts."
CONTROL-1387,BENIGN_COLLECTION,BEN-018855|BEN-003474|BEN-021981|BEN-011312|BEN-049187|BEN-015263|BEN-026948|BEN-049775|BEN-034443|BEN-036747|BEN-048529|BEN-013980|BEN-034743|BEN-017994|BEN-000854|BEN-002088|BEN-031684|BEN-013701|BEN-035613|BEN-044805|BEN-026558|BEN-037089|BEN-030341|BEN-030414|BEN-016242|BEN-023269|BEN-033182|BEN-027649|BEN-037680|BEN-026506|BEN-016380|BEN-019465|BEN-033184|BEN-006626|BEN-017391|BEN-030731|BEN-040472|BEN-040197|BEN-019869|BEN-043664|BEN-011445|BEN-018409|BEN-027247|BEN-023870|BEN-048373|BEN-032386|BEN-046328|BEN-027440|BEN-047692|BEN-034782|BEN-025853|BEN-004236|BEN-001935|BEN-046781|BEN-036621|BEN-004226,Routine low-value synthetic service payments to ACC-145960; not an injected suspicious collector.
CONTROL-0439,BENIGN_CYCLE,BEN-044454|BEN-000781|BEN-040060,A funded roommate expense advance is repaid through three accounts.
CONTROL-0717,REGISTRATION_CAMP,BEN-001543|BEN-008216|BEN-005462,Genuine campus enrollment camp produces a short registration burst.
CONTROL-0665,COMPATIBLE_SCHEMES,BEN-018107|BEN-013320,Tuition and study-material support are permitted together in the same year.
CONTROL-0375,REGISTRATION_CAMP,BEN-001012|BEN-007029|BEN-002796,Genuine campus enrollment camp produces a short registration burst.
CONTROL-1143,CORRECTED_APPLICATION,BEN-019422|BEN-047019,An earlier cancelled application is replaced by one approved claim; cancelled claim is unpaid.
CONTROL-0415,HOSTEL_ADDRESS,BEN-010285|BEN-017821|BEN-018926|BEN-005875|BEN-041572,Five distinct residents share a hostel address; individual accounts and contacts.
CONTROL-0434,FAMILY_CONTACT,BEN-012961|BEN-017562|BEN-014500,Distinct family members share their household contact and residence.
CONTROL-0949,IDENTICAL_NAME,BEN-043997|BEN-028753,"Same full name, distinct birth dates, contacts and accounts."
CONTROL-0133,BENIGN_CYCLE,BEN-031808|BEN-035482|BEN-013443,A funded roommate expense advance is repaid through three accounts.
CONTROL-1051,BENIGN_CYCLE,BEN-040870|BEN-040121|BEN-038712,A funded roommate expense advance is repaid through three accounts.
CONTROL-0641,FAMILY_CONTACT,BEN-034673|BEN-010517|BEN-028251,Distinct family members share their household contact and residence.
CONTROL-1493,BENIGN_COLLECTION,BEN-033345|BEN-030813|BEN-025241|BEN-021279|BEN-024563|BEN-007571|BEN-009229|BEN-009417|BEN-021642|BEN-010585|BEN-042194|BEN-023248|BEN-018707|BEN-017168|BEN-032569|BEN-026282|BEN-012013|BEN-022100|BEN-031608|BEN-025559|BEN-027676|BEN-010360|BEN-040568|BEN-006367|BEN-002410|BEN-047982|BEN-003344|BEN-021270|BEN-025052|BEN-014323|BEN-032014|BEN-020383|BEN-031410|BEN-015149|BEN-043120|BEN-033002|BEN-015903|BEN-016430|BEN-022392|BEN-026915|BEN-008894|BEN-009631|BEN-046797|BEN-027166|BEN-005647|BEN-044929|BEN-047408|BEN-023282|BEN-037212|BEN-012919|BEN-042025|BEN-046370|BEN-004889|BEN-042266|BEN-000559|BEN-031735|BEN-037559|BEN-014598|BEN-031011|BEN-023893|BEN-037593|BEN-032409|BEN-012828|BEN-047686|BEN-041016|BEN-027376|BEN-012550|BEN-044315|BEN-039421|BEN-043816|BEN-030812|BEN-027920,Routine low-value synthetic service payments to ACC-074709; not an injected suspicious collector.
CONTROL-0072,CORRECTED_APPLICATION,BEN-048504|BEN-049536,An earlier cancelled application is replaced by one approved claim; cancelled claim is unpaid.
CONTROL-0204,REGISTRATION_CAMP,BEN-034042|BEN-008858|BEN-018536,Genuine campus enrollment camp produces a short registration burst.
CONTROL-0489,GUARDIAN_ACCOUNT,BEN-028246|BEN-024314,Two distinct students have recorded guardian payout authorization.
CONTROL-0888,REGISTRATION_CAMP,BEN-006304|BEN-016011|BEN-043528,Genuine campus enrollment camp produces a short registration burst.
CONTROL-0529,BENIGN_CYCLE,BEN-040962|BEN-002878|BEN-015037,A funded roommate expense advance is repaid through three accounts.
CONTROL-1455,BENIGN_COLLECTION,BEN-030906|BEN-006135|BEN-036744|BEN-002229|BEN-049333|BEN-003364|BEN-042168|BEN-007074|BEN-003968|BEN-019525|BEN-006065|BEN-022529|BEN-044344|BEN-047896|BEN-000023|BEN-019639|BEN-048394|BEN-037241|BEN-006660|BEN-045060|BEN-045563|BEN-029675|BEN-010158|BEN-021440|BEN-048888|BEN-040470|BEN-018568|BEN-015134|BEN-012283|BEN-048623|BEN-037600|BEN-032870|BEN-023519|BEN-006327|BEN-014069|BEN-003889|BEN-042818|BEN-006426|BEN-046526|BEN-013437|BEN-009927|BEN-001165|BEN-038560|BEN-036563|BEN-024039|BEN-044416|BEN-006937|BEN-024189|BEN-028171|BEN-027075|BEN-041477|BEN-002662|BEN-028803|BEN-046309|BEN-041189|BEN-018544|BEN-005219|BEN-007550|BEN-022048|BEN-040781|BEN-018579|BEN-026548|BEN-048789|BEN-041996|BEN-025302|BEN-033300|BEN-025586|BEN-006053,Routine low-value synthetic service payments to ACC-082338; not an injected suspicious collector.
CONTROL-1265,COMMON_SURNAME,BEN-026056|BEN-038438|BEN-039125,Distinct local students share a common surname and institution.
CONTROL-1182,GUARDIAN_ACCOUNT,BEN-030763|BEN-010650,Two distinct students have recorded guardian payout authorization.
CONTROL-0727,BENIGN_CYCLE,BEN-031261|BEN-034887|BEN-004832,A funded roommate expense advance is repaid through three accounts.
CONTROL-1343,FAMILY_CONTACT,BEN-010841|BEN-046081|BEN-039264,Distinct family members share their household contact and residence.
CONTROL-0278,COMPATIBLE_SCHEMES,BEN-018357|BEN-033974,Tuition and study-material support are permitted together in the same year.
CONTROL-1317,GUARDIAN_ACCOUNT,BEN-005204|BEN-041141,Two distinct students have recorded guardian payout authorization.
CONTROL-1443,BENIGN_COLLECTION,BEN-007586|BEN-016542|BEN-004878|BEN-010081|BEN-015059|BEN-044825|BEN-016950|BEN-046782|BEN-033011|BEN-000134|BEN-010955|BEN-002302|BEN-014096|BEN-001859|BEN-029090|BEN-027049|BEN-035650|BEN-010115|BEN-016292|BEN-047767|BEN-019328|BEN-006014|BEN-041729|BEN-005790|BEN-019579|BEN-014641|BEN-041948|BEN-031594|BEN-003830|BEN-032857|BEN-026850|BEN-029477|BEN-008803|BEN-025059|BEN-012985|BEN-015639|BEN-030247|BEN-011466|BEN-017747|BEN-015061|BEN-016931|BEN-026901|BEN-026009|BEN-044903|BEN-015200|BEN-024078|BEN-047337|BEN-048088|BEN-030109|BEN-030855|BEN-007025|BEN-019158|BEN-002640|BEN-017433|BEN-017892|BEN-040821|BEN-024923|BEN-010989|BEN-049248|BEN-015636|BEN-044753|BEN-049795|BEN-031223|BEN-011023|BEN-000874|BEN-011721|BEN-007528|BEN-018369|BEN-023907|BEN-031095|BEN-044504|BEN-002637,Routine low-value synthetic service payments to ACC-009773; not an injected suspicious collector.
CONTROL-1310,COMMON_SURNAME,BEN-008411|BEN-005337|BEN-022037,Distinct local students share a common surname and institution.
CONTROL-0462,GUARDIAN_ACCOUNT,BEN-025777|BEN-046863,Two distinct students have recorded guardian payout authorization.
CONTROL-1221,REGISTRATION_CAMP,BEN-019320|BEN-019643|BEN-036275,Genuine campus enrollment camp produces a short registration burst.
CONTROL-0533,FAMILY_CONTACT,BEN-044975|BEN-012111|BEN-046902,Distinct family members share their household contact and residence.
CONTROL-0179,COMPATIBLE_SCHEMES,BEN-012618|BEN-020433,Tuition and study-material support are permitted together in the same year.
CONTROL-0427,IDENTICAL_NAME,BEN-014741|BEN-035336,"Same full name, distinct birth dates, contacts and accounts."
CONTROL-0690,REGISTRATION_CAMP,BEN-041739|BEN-038837|BEN-037200,Genuine campus enrollment camp produces a short registration burst.
CONTROL-0402,REGISTRATION_CAMP,BEN-005195|BEN-039902|BEN-011916,Genuine campus enrollment camp produces a short registration burst.
CONTROL-0357,REGISTRATION_CAMP,BEN-000487|BEN-032360|BEN-032844,Genuine campus enrollment camp produces a short registration burst.
CONTROL-1017,CORRECTED_APPLICATION,BEN-019831|BEN-020467,An earlier cancelled application is replaced by one approved claim; cancelled claim is unpaid.
CONTROL-0244,HOSTEL_ADDRESS,BEN-036945|BEN-031603|BEN-014237|BEN-030462|BEN-039353,Five distinct residents share a hostel address; individual accounts and contacts.
CONTROL-0912,GUARDIAN_ACCOUNT,BEN-011813|BEN-038442,Two distinct students have recorded guardian payout authorization.
CONTROL-1325,FAMILY_CONTACT,BEN-048148|BEN-022049|BEN-049581,Distinct family members share their household contact and residence.
CONTROL-0058,IDENTICAL_NAME,BEN-025176|BEN-041501,"Same full name, distinct birth dates, contacts and accounts."
CONTROL-0366,REGISTRATION_CAMP,BEN-012073|BEN-008529|BEN-017228,Genuine campus enrollment camp produces a short registration burst.
CONTROL-0052,BENIGN_CYCLE,BEN-029529|BEN-003768|BEN-027477,A funded roommate expense advance is repaid through three accounts.
CONTROL-0522,CORRECTED_APPLICATION,BEN-017157|BEN-045092,An earlier cancelled application is replaced by one approved claim; cancelled claim is unpaid.
CONTROL-0986,COMMON_SURNAME,BEN-017007|BEN-022020|BEN-040201,Distinct local students share a common surname and institution.
CONTROL-0142,BENIGN_CYCLE,BEN-019926|BEN-002893|BEN-007554,A funded roommate expense advance is repaid through three accounts.
CONTROL-0442,HOSTEL_ADDRESS,BEN-027784|BEN-027549|BEN-009716|BEN-002316|BEN-032489,Five distinct residents share a hostel address; individual accounts and contacts.
CONTROL-0586,HOSTEL_ADDRESS,BEN-001421|BEN-035524|BEN-024799|BEN-020356|BEN-035888,Five distinct residents share a hostel address; individual accounts and contacts.
CONTROL-0147,GUARDIAN_ACCOUNT,BEN-023505|BEN-038783,Two distinct students have recorded guardian payout authorization.
CONTROL-1273,IDENTICAL_NAME,BEN-000452|BEN-031830,"Same full name, distinct birth dates, contacts and accounts."
CONTROL-1116,CORRECTED_APPLICATION,BEN-039531|BEN-009594,An earlier cancelled application is replaced by one approved claim; cancelled claim is unpaid.
CONTROL-1457,BENIGN_COLLECTION,BEN-038590|BEN-029480|BEN-024118|BEN-037992|BEN-006738|BEN-005109|BEN-007428|BEN-031214|BEN-039039|BEN-012114|BEN-025644|BEN-027455|BEN-022672|BEN-002449|BEN-001980|BEN-022826|BEN-018573|BEN-037247|BEN-015497|BEN-005064|BEN-008104|BEN-040244|BEN-003160|BEN-041694|BEN-047167|BEN-014950|BEN-020604|BEN-032535|BEN-033316|BEN-031160|BEN-039232|BEN-024964|BEN-046888|BEN-046763|BEN-018613|BEN-016912|BEN-014828|BEN-024719|BEN-036151|BEN-014896|BEN-035307|BEN-011041|BEN-001620|BEN-017972|BEN-025933|BEN-048227|BEN-034792|BEN-020233|BEN-026027|BEN-049883|BEN-014885|BEN-046457|BEN-007453|BEN-009020|BEN-028174|BEN-012674|BEN-026919|BEN-026708|BEN-034563|BEN-018943|BEN-009334|BEN-003624|BEN-004158|BEN-048925|BEN-009481|BEN-010658|BEN-034379,Routine low-value synthetic service payments to ACC-126549; not an injected suspicious collector.
CONTROL-0276,REGISTRATION_CAMP,BEN-002359|BEN-048547|BEN-047781,Genuine campus enrollment camp produces a short registration burst.
CONTROL-1097,COMPATIBLE_SCHEMES,BEN-021969|BEN-022575,Tuition and study-material support are permitted together in the same year.
CONTROL-0823,IDENTICAL_NAME,BEN-031055|BEN-010108,"Same full name, distinct birth dates, contacts and accounts."
CONTROL-0081,CORRECTED_APPLICATION,BEN-038658|BEN-041281,An earlier cancelled application is replaced by one approved claim; cancelled claim is unpaid.
CONTROL-0875,FAMILY_CONTACT,BEN-012460|BEN-020799|BEN-039983,Distinct family members share their household contact and residence.
CONTROL-0069,REGISTRATION_CAMP,BEN-023746|BEN-041792|BEN-019916,Genuine campus enrollment camp produces a short registration burst.
CONTROL-1132,BENIGN_CYCLE,BEN-039517|BEN-049859|BEN-038899,A funded roommate expense advance is repaid through three accounts.
CONTROL-0835,BENIGN_CYCLE,BEN-015958|BEN-015719|BEN-005579,A funded roommate expense advance is repaid through three accounts.
CONTROL-1287,CORRECTED_APPLICATION,BEN-011840|BEN-023549,An earlier cancelled application is replaced by one approved claim; cancelled claim is unpaid.
CONTROL-1404,BENIGN_COLLECTION,BEN-020006|BEN-031838|BEN-033279|BEN-009658|BEN-048183|BEN-003382|BEN-046267|BEN-000818|BEN-022725|BEN-018382|BEN-038594|BEN-013956|BEN-025206|BEN-022844|BEN-034615|BEN-042464|BEN-041993|BEN-009603|BEN-027493|BEN-028032|BEN-040483|BEN-017905|BEN-032102|BEN-026082|BEN-002178|BEN-024836|BEN-010804|BEN-043874|BEN-014905|BEN-027040|BEN-046461|BEN-002469|BEN-017809|BEN-027193|BEN-024578|BEN-004985|BEN-001063|BEN-031342|BEN-021752|BEN-035477|BEN-048245|BEN-013125|BEN-018868|BEN-000964|BEN-044129|BEN-023439|BEN-028711|BEN-025155|BEN-011926|BEN-023293|BEN-007426|BEN-048271|BEN-030185|BEN-034171|BEN-020653|BEN-024611|BEN-018339|BEN-002101|BEN-007107,Routine low-value synthetic service payments to ACC-102333; not an injected suspicious collector.
CONTROL-1006,BENIGN_CYCLE,BEN-005063|BEN-025044|BEN-032569,A funded roommate expense advance is repaid through three accounts.
CONTROL-1045,HOSTEL_ADDRESS,BEN-035010|BEN-026320|BEN-020923|BEN-016561|BEN-001246,Five distinct residents share a hostel address; individual accounts and contacts.
CONTROL-1448,BENIGN_COLLECTION,BEN-022162|BEN-013530|BEN-012256|BEN-037113|BEN-007593|BEN-041803|BEN-038022|BEN-043366|BEN-045670|BEN-014224|BEN-039099|BEN-029248|BEN-031090|BEN-044210|BEN-008710|BEN-018875|BEN-028038|BEN-020018|BEN-035648|BEN-009212|BEN-045280|BEN-026821|BEN-037581|BEN-035494|BEN-015544|BEN-040787|BEN-028893|BEN-043352|BEN-031981|BEN-031599|BEN-026786|BEN-001055|BEN-049738|BEN-043841|BEN-044657|BEN-038361|BEN-048482|BEN-040184|BEN-044463|BEN-004795|BEN-015431|BEN-007774|BEN-026791|BEN-030499|BEN-042691|BEN-022700|BEN-033633|BEN-047371|BEN-039396|BEN-003448|BEN-042914|BEN-038375|BEN-009333|BEN-002925|BEN-011058|BEN-037319|BEN-031627|BEN-045420|BEN-003574|BEN-038868|BEN-028530|BEN-013610|BEN-004681|BEN-023681|BEN-035176|BEN-047016|BEN-003583|BEN-009653|BEN-031212|BEN-047774|BEN-027324|BEN-010926|BEN-002574|BEN-042729|BEN-003875|BEN-043855|BEN-009847|BEN-030004|BEN-004234|BEN-011123|BEN-035687|BEN-036891,Routine low-value synthetic service payments to ACC-134907; not an injected suspicious collector.
CONTROL-0016,BENIGN_CYCLE,BEN-040583|BEN-027021|BEN-030369,A funded roommate expense advance is repaid through three accounts.
CONTROL-0246,GUARDIAN_ACCOUNT,BEN-023001|BEN-016102,Two distinct students have recorded guardian payout authorization.
CONTROL-0050,COMMON_SURNAME,BEN-017090|BEN-018382|BEN-023261,Distinct local students share a common surname and institution.
CONTROL-0421,BENIGN_CYCLE,BEN-024445|BEN-026009|BEN-011930,A funded roommate expense advance is repaid through three accounts.
CONTROL-0353,FAMILY_CONTACT,BEN-004066|BEN-004497|BEN-021020,Distinct family members share their household contact and residence.
CONTROL-1218,GUARDIAN_ACCOUNT,BEN-035203|BEN-008180,Two distinct students have recorded guardian payout authorization.
CONTROL-0650,FAMILY_CONTACT,BEN-048538|BEN-036196|BEN-019124,Distinct family members share their household contact and residence.
CONTROL-0416,FAMILY_CONTACT,BEN-034452|BEN-047571|BEN-022965,Distinct family members share their household contact and residence.
CONTROL-0467,COMPATIBLE_SCHEMES,BEN-013458|BEN-013897,Tuition and study-material support are permitted together in the same year.
CONTROL-0656,COMPATIBLE_SCHEMES,BEN-021607|BEN-031897,Tuition and study-material support are permitted together in the same year.
CONTROL-0395,COMPATIBLE_SCHEMES,BEN-008927|BEN-007210,Tuition and study-material support are permitted together in the same year.
CONTROL-0437,COMMON_SURNAME,BEN-037678|BEN-011868|BEN-034252,Distinct local students share a common surname and institution.
CONTROL-0866,FAMILY_CONTACT,BEN-049037|BEN-048808|BEN-034957,Distinct family members share their household contact and residence.
CONTROL-1479,BENIGN_COLLECTION,BEN-005843|BEN-004078|BEN-006787|BEN-032977|BEN-028654|BEN-019662|BEN-039057|BEN-002627|BEN-001540|BEN-037650|BEN-006448|BEN-031971|BEN-004874|BEN-008738|BEN-003285|BEN-018313|BEN-026707|BEN-026299|BEN-024277|BEN-027665|BEN-027949|BEN-016639|BEN-008415|BEN-048808|BEN-033082|BEN-012021|BEN-014740|BEN-035348|BEN-000751|BEN-015686|BEN-037045|BEN-026927|BEN-049318|BEN-001988|BEN-049415|BEN-008070|BEN-002710|BEN-015980|BEN-048655|BEN-005384|BEN-008022|BEN-003390|BEN-016249|BEN-009571|BEN-005120|BEN-013735|BEN-009982|BEN-023529|BEN-004087|BEN-033707|BEN-040298|BEN-039521|BEN-034583|BEN-024963|BEN-000433|BEN-006132|BEN-024739|BEN-004948|BEN-012089|BEN-026115|BEN-020200|BEN-034609|BEN-042313|BEN-009066|BEN-039033|BEN-047423|BEN-016875|BEN-049516,Routine low-value synthetic service payments to ACC-052515; not an injected suspicious collector.
CONTROL-0359,COMPATIBLE_SCHEMES,BEN-036598|BEN-004484,Tuition and study-material support are permitted together in the same year.
CONTROL-0424,HOSTEL_ADDRESS,BEN-025558|BEN-039494|BEN-031701|BEN-001634|BEN-036482,Five distinct residents share a hostel address; individual accounts and contacts.
CONTROL-0203,COMMON_SURNAME,BEN-029599|BEN-005196|BEN-030690,Distinct local students share a common surname and institution.
CONTROL-0169,BENIGN_CYCLE,BEN-001880|BEN-034837|BEN-023873,A funded roommate expense advance is repaid through three accounts.
CONTROL-0493,BENIGN_CYCLE,BEN-038956|BEN-035972|BEN-004441,A funded roommate expense advance is repaid through three accounts.
CONTROL-0073,HOSTEL_ADDRESS,BEN-006609|BEN-032462|BEN-016077|BEN-046070|BEN-011260,Five distinct residents share a hostel address; individual accounts and contacts.
CONTROL-0616,IDENTICAL_NAME,BEN-048302|BEN-038742,"Same full name, distinct birth dates, contacts and accounts."
CONTROL-0511,BENIGN_CYCLE,BEN-023687|BEN-016512|BEN-029935,A funded roommate expense advance is repaid through three accounts.
CONTROL-0561,GUARDIAN_ACCOUNT,BEN-045421|BEN-010865,Two distinct students have recorded guardian payout authorization.
CONTROL-0253,HOSTEL_ADDRESS,BEN-009026|BEN-049377|BEN-045454|BEN-035648|BEN-000177,Five distinct residents share a hostel address; individual accounts and contacts.
CONTROL-0600,REGISTRATION_CAMP,BEN-040527|BEN-036155|BEN-033934,Genuine campus enrollment camp produces a short registration burst.
CONTROL-1488,BENIGN_COLLECTION,BEN-011444|BEN-041750|BEN-049133|BEN-031138|BEN-043195|BEN-041753|BEN-049796|BEN-009506|BEN-021446|BEN-029700|BEN-034962|BEN-038040|BEN-040724|BEN-036077|BEN-029725|BEN-033968|BEN-014213|BEN-003492|BEN-041527|BEN-010878|BEN-001624|BEN-033251|BEN-028687|BEN-018401|BEN-029066|BEN-026830|BEN-042982|BEN-011462|BEN-041469|BEN-027631|BEN-029753|BEN-036755|BEN-020159|BEN-045229|BEN-005825|BEN-011509|BEN-023361|BEN-012340|BEN-037428|BEN-006763|BEN-038048|BEN-032129|BEN-008061|BEN-015823|BEN-000925|BEN-017889|BEN-026955|BEN-000586|BEN-049864|BEN-012367|BEN-020163|BEN-015276|BEN-019547|BEN-000109|BEN-042560|BEN-020858|BEN-027772|BEN-003803|BEN-031471|BEN-043678|BEN-037994|BEN-014506|BEN-038629|BEN-002685|BEN-018852|BEN-032283|BEN-042440|BEN-027044|BEN-032013|BEN-029408|BEN-026451|BEN-047919,Routine low-value synthetic service payments to ACC-032925; not an injected suspicious collector.
CONTROL-0853,BENIGN_CYCLE,BEN-046640|BEN-003068|BEN-039655,A funded roommate expense advance is repaid through three accounts.
CONTROL-0389,FAMILY_CONTACT,BEN-042585|BEN-016470|BEN-016357,Distinct family members share their household contact and residence.
CONTROL-0667,HOSTEL_ADDRESS,BEN-038514|BEN-021521|BEN-039477|BEN-031332|BEN-037572,Five distinct residents share a hostel address; individual accounts and contacts.
CONTROL-0432,CORRECTED_APPLICATION,BEN-034419|BEN-002727,An earlier cancelled application is replaced by one approved claim; cancelled claim is unpaid.
CONTROL-0319,IDENTICAL_NAME,BEN-046349|BEN-009539,"Same full name, distinct birth dates, contacts and accounts."
CONTROL-1125,CORRECTED_APPLICATION,BEN-031246|BEN-013884,An earlier cancelled application is replaced by one approved claim; cancelled claim is unpaid.
CONTROL-1324,HOSTEL_ADDRESS,BEN-002564|BEN-013034|BEN-037112|BEN-023322|BEN-020736,Five distinct residents share a hostel address; individual accounts and contacts.
CONTROL-0146,FAMILY_CONTACT,BEN-021741|BEN-045337|BEN-045301,Distinct family members share their household contact and residence.
CONTROL-0152,COMPATIBLE_SCHEMES,BEN-030659|BEN-009945,Tuition and study-material support are permitted together in the same year.
CONTROL-0068,COMMON_SURNAME,BEN-018833|BEN-027759|BEN-011185,Distinct local students share a common surname and institution.
CONTROL-1034,COMPATIBLE_SCHEMES,BEN-002185|BEN-020826,Tuition and study-material support are permitted together in the same year.
CONTROL-0691,BENIGN_CYCLE,BEN-042576|BEN-040100|BEN-013810,A funded roommate expense advance is repaid through three accounts.
CONTROL-1337,COMMON_SURNAME,BEN-001018|BEN-030040|BEN-012596,Distinct local students share a common surname and institution.
CONTROL-0973,HOSTEL_ADDRESS,BEN-043446|BEN-003458|BEN-022143|BEN-030907|BEN-024451,Five distinct residents share a hostel address; individual accounts and contacts.
CONTROL-0380,FAMILY_CONTACT,BEN-005612|BEN-000951|BEN-039462,Distinct family members share their household contact and residence.
CONTROL-0811,HOSTEL_ADDRESS,BEN-004118|BEN-004111|BEN-049723|BEN-044925|BEN-035007,Five distinct residents share a hostel address; individual accounts and contacts.
CONTROL-0084,GUARDIAN_ACCOUNT,BEN-007533|BEN-011617,Two distinct students have recorded guardian payout authorization.
CONTROL-1233,CORRECTED_APPLICATION,BEN-015158|BEN-004153,An earlier cancelled application is replaced by one approved claim; cancelled claim is unpaid.
CONTROL-0336,GUARDIAN_ACCOUNT,BEN-019029|BEN-004842,Two distinct students have recorded guardian payout authorization.
CONTROL-1349,COMPATIBLE_SCHEMES,BEN-036882|BEN-010874,Tuition and study-material support are permitted together in the same year.
CONTROL-1445,BENIGN_COLLECTION,BEN-017264|BEN-048419|BEN-013293|BEN-049127|BEN-019620|BEN-037797|BEN-008547|BEN-006927|BEN-009922|BEN-021769|BEN-044066|BEN-049776|BEN-049929|BEN-032176|BEN-030186|BEN-000560|BEN-036418|BEN-028558|BEN-000618|BEN-003925|BEN-007463|BEN-002832|BEN-025921|BEN-037891|BEN-018147|BEN-028628|BEN-021521|BEN-037642|BEN-030772|BEN-044610|BEN-017658|BEN-012398|BEN-006190|BEN-019684|BEN-039936|BEN-031887|BEN-039993|BEN-010978|BEN-012943|BEN-032455|BEN-036033|BEN-045914|BEN-040471|BEN-044389|BEN-001345|BEN-032934|BEN-027530|BEN-008048|BEN-030975|BEN-011909|BEN-036697|BEN-034276|BEN-002993,Routine low-value synthetic service payments to ACC-075783; not an injected suspicious collector.
CONTROL-0322,BENIGN_CYCLE,BEN-048080|BEN-045911|BEN-014393,A funded roommate expense advance is repaid through three accounts.
CONTROL-0298,HOSTEL_ADDRESS,BEN-009109|BEN-037865|BEN-035381|BEN-041134|BEN-013547,Five distinct residents share a hostel address; individual accounts and contacts.
CONTROL-0396,CORRECTED_APPLICATION,BEN-026949|BEN-019218,An earlier cancelled application is replaced by one approved claim; cancelled claim is unpaid.
CONTROL-0699,REGISTRATION_CAMP,BEN-005349|BEN-001912|BEN-038926,Genuine campus enrollment camp produces a short registration burst.
CONTROL-0828,CORRECTED_APPLICATION,BEN-038964|BEN-047604,An earlier cancelled application is replaced by one approved claim; cancelled claim is unpaid.
CONTROL-1489,BENIGN_COLLECTION,BEN-010590|BEN-008163|BEN-017579|BEN-048652|BEN-030287|BEN-026551|BEN-019537|BEN-042309|BEN-044268|BEN-045119|BEN-031338|BEN-048848|BEN-048471|BEN-040021|BEN-032659|BEN-026294|BEN-016748|BEN-021779|BEN-020164|BEN-047313|BEN-001399|BEN-002860|BEN-024838|BEN-045258|BEN-033004|BEN-024071|BEN-003086|BEN-047576|BEN-006181|BEN-024426|BEN-035156|BEN-019507|BEN-049915|BEN-027871|BEN-035621|BEN-047951|BEN-049301|BEN-007388|BEN-000935|BEN-026270|BEN-011442|BEN-023607|BEN-039129|BEN-016121|BEN-000108|BEN-016403|BEN-008529|BEN-010464|BEN-047650|BEN-033154|BEN-011189|BEN-043491|BEN-011245|BEN-047880|BEN-048234|BEN-004913|BEN-020788|BEN-002613|BEN-029925|BEN-002819|BEN-006366|BEN-006215|BEN-004414|BEN-035784,Routine low-value synthetic service payments to ACC-043182; not an injected suspicious collector.
CONTROL-0125,COMPATIBLE_SCHEMES,BEN-010293|BEN-030555,Tuition and study-material support are permitted together in the same year.
CONTROL-1447,BENIGN_COLLECTION,BEN-049068|BEN-042720|BEN-036718|BEN-036619|BEN-034296|BEN-000277|BEN-011981|BEN-038430|BEN-034282|BEN-009515|BEN-016297|BEN-040796|BEN-025504|BEN-004674|BEN-036660|BEN-010652|BEN-045891|BEN-006364|BEN-032559|BEN-024883|BEN-000340|BEN-034212|BEN-035164|BEN-010501|BEN-022918|BEN-001568|BEN-021397|BEN-022384|BEN-014315|BEN-012491|BEN-048560|BEN-031444|BEN-033791|BEN-007797|BEN-031529|BEN-042236|BEN-020614|BEN-031796|BEN-034778|BEN-034341|BEN-048734|BEN-007686|BEN-037053|BEN-019619|BEN-000678|BEN-045166|BEN-043558|BEN-000708|BEN-027328|BEN-045716|BEN-011020|BEN-046632|BEN-012884|BEN-034667|BEN-041691|BEN-010142|BEN-009737|BEN-038993|BEN-008998|BEN-048729|BEN-013907|BEN-015339|BEN-019563|BEN-032020,Routine low-value synthetic service payments to ACC-085880; not an injected suspicious collector.
CONTROL-1382,BENIGN_COLLECTION,BEN-028576|BEN-007283|BEN-023182|BEN-024371|BEN-045064|BEN-005252|BEN-005146|BEN-009318|BEN-026420|BEN-016837|BEN-040698|BEN-005549|BEN-038804|BEN-041451|BEN-028864|BEN-025588|BEN-007695|BEN-044518|BEN-045011|BEN-046532|BEN-034541|BEN-013664|BEN-012478|BEN-043044|BEN-018945|BEN-020985|BEN-044567|BEN-024637|BEN-032310|BEN-014813|BEN-025353|BEN-020253|BEN-045067|BEN-035166|BEN-008804|BEN-002406|BEN-031329|BEN-011116|BEN-011989|BEN-032627|BEN-041277|BEN-025486|BEN-008197|BEN-035582|BEN-026638|BEN-022732|BEN-021510|BEN-002896|BEN-000771|BEN-023557|BEN-031625|BEN-007563|BEN-042952|BEN-021459|BEN-012558|BEN-019209|BEN-033651|BEN-010298|BEN-047487|BEN-015152|BEN-043851|BEN-007161|BEN-044194|BEN-022604|BEN-021990|BEN-028212|BEN-011346|BEN-025033|BEN-039611|BEN-016137|BEN-038584|BEN-033044|BEN-039460|BEN-029284|BEN-038043|BEN-028089|BEN-030174|BEN-005591|BEN-049225|BEN-046855|BEN-025219|BEN-016006|BEN-034567|BEN-030557|BEN-040160|BEN-014234,Routine low-value synthetic service payments to ACC-079019; not an injected suspicious collector.
CONTROL-1074,GUARDIAN_ACCOUNT,BEN-012990|BEN-003526,Two distinct students have recorded guardian payout authorization.
CONTROL-1390,BENIGN_COLLECTION,BEN-010363|BEN-026709|BEN-016009|BEN-007500|BEN-046565|BEN-014347|BEN-027859|BEN-032402|BEN-039369|BEN-016077|BEN-038103|BEN-016579|BEN-003680|BEN-026712|BEN-003718|BEN-013028|BEN-021757|BEN-007817|BEN-029973|BEN-002030|BEN-041157|BEN-011017|BEN-007409|BEN-022082|BEN-006245|BEN-009490|BEN-039131|BEN-009807|BEN-001961|BEN-035988|BEN-012970|BEN-005833|BEN-029258|BEN-021081|BEN-046572|BEN-026161|BEN-015180|BEN-004958|BEN-009307|BEN-026857|BEN-026975|BEN-041853|BEN-019777|BEN-007260|BEN-049390|BEN-011736|BEN-004922|BEN-004296|BEN-001451|BEN-015201|BEN-012803|BEN-012683|BEN-015273|BEN-025278|BEN-026217|BEN-016165|BEN-019027|BEN-010860|BEN-020732|BEN-027806|BEN-046456|BEN-012160|BEN-000367|BEN-006037,Routine low-value synthetic service payments to ACC-042451; not an injected suspicious collector.
CONTROL-0110,FAMILY_CONTACT,BEN-035850|BEN-023667|BEN-006419,Distinct family members share their household contact and residence.
CONTROL-0223,BENIGN_CYCLE,BEN-001264|BEN-038091|BEN-029946,A funded roommate expense advance is repaid through three accounts.
CONTROL-0306,CORRECTED_APPLICATION,BEN-042300|BEN-026480,An earlier cancelled application is replaced by one approved claim; cancelled claim is unpaid.
CONTROL-0957,GUARDIAN_ACCOUNT,BEN-010943|BEN-026831,Two distinct students have recorded guardian payout authorization.
CONTROL-0959,COMMON_SURNAME,BEN-017795|BEN-030467|BEN-044687,Distinct local students share a common surname and institution.
CONTROL-0625,IDENTICAL_NAME,BEN-011029|BEN-014452,"Same full name, distinct birth dates, contacts and accounts."
CONTROL-0733,IDENTICAL_NAME,BEN-002932|BEN-018104,"Same full name, distinct birth dates, contacts and accounts."
CONTROL-0812,FAMILY_CONTACT,BEN-031222|BEN-043920|BEN-044177,Distinct family members share their household contact and residence.
CONTROL-0048,GUARDIAN_ACCOUNT,BEN-041354|BEN-021209,Two distinct students have recorded guardian payout authorization.
CONTROL-1290,GUARDIAN_ACCOUNT,BEN-036646|BEN-027277,Two distinct students have recorded guardian payout authorization.
CONTROL-0739,HOSTEL_ADDRESS,BEN-034060|BEN-018041|BEN-008961|BEN-047573|BEN-023245,Five distinct residents share a hostel address; individual accounts and contacts.
CONTROL-0318,GUARDIAN_ACCOUNT,BEN-023670|BEN-027733,Two distinct students have recorded guardian payout authorization.
CONTROL-0788,COMMON_SURNAME,BEN-031928|BEN-007055|BEN-029930,Distinct local students share a common surname and institution.
CONTROL-0972,CORRECTED_APPLICATION,BEN-002456|BEN-044859,An earlier cancelled application is replaced by one approved claim; cancelled claim is unpaid.
CONTROL-0119,FAMILY_CONTACT,BEN-024990|BEN-035664|BEN-036985,Distinct family members share their household contact and residence.
CONTROL-0944,COMPATIBLE_SCHEMES,BEN-041455|BEN-009979,Tuition and study-material support are permitted together in the same year.
CONTROL-0839,FAMILY_CONTACT,BEN-015962|BEN-031847|BEN-005656,Distinct family members share their household contact and residence.
CONTROL-0401,COMMON_SURNAME,BEN-042391|BEN-047172|BEN-009087,Distinct local students share a common surname and institution.
CONTROL-0721,HOSTEL_ADDRESS,BEN-004050|BEN-033399|BEN-023719|BEN-009875|BEN-041899,Five distinct residents share a hostel address; individual accounts and contacts.
CONTROL-1260,CORRECTED_APPLICATION,BEN-036449|BEN-041291,An earlier cancelled application is replaced by one approved claim; cancelled claim is unpaid.
CONTROL-0663,REGISTRATION_CAMP,BEN-027648|BEN-027458|BEN-017711,Genuine campus enrollment camp produces a short registration burst.
CONTROL-1432,BENIGN_COLLECTION,BEN-027453|BEN-025165|BEN-013151|BEN-016754|BEN-004402|BEN-047888|BEN-019790|BEN-044834|BEN-029170|BEN-001835|BEN-020825|BEN-021377|BEN-028892|BEN-028579|BEN-026541|BEN-021427|BEN-043901|BEN-024599|BEN-009258|BEN-011046|BEN-037707|BEN-018924|BEN-009267|BEN-034776|BEN-009785|BEN-019861|BEN-007166|BEN-013529|BEN-021687|BEN-022939|BEN-004959|BEN-017669|BEN-049154|BEN-008523|BEN-021491|BEN-004746|BEN-031327|BEN-013341|BEN-009192|BEN-049075|BEN-002066|BEN-049586|BEN-027119|BEN-048276|BEN-004591|BEN-033703|BEN-016606|BEN-019462|BEN-012519|BEN-033680|BEN-038716|BEN-046030|BEN-039855|BEN-046688|BEN-026569|BEN-028104|BEN-031156|BEN-000389|BEN-035817|BEN-041752|BEN-020849|BEN-004522|BEN-019204|BEN-040862|BEN-046117|BEN-016739|BEN-010068|BEN-033560,Routine low-value synthetic service payments to ACC-073978; not an injected suspicious collector.
CONTROL-0940,IDENTICAL_NAME,BEN-039508|BEN-035625,"Same full name, distinct birth dates, contacts and accounts."
CONTROL-0740,FAMILY_CONTACT,BEN-044564|BEN-017543|BEN-038945,Distinct family members share their household contact and residence.
CONTROL-0790,BENIGN_CYCLE,BEN-032754|BEN-014327|BEN-008011,A funded roommate expense advance is repaid through three accounts.
CONTROL-0891,CORRECTED_APPLICATION,BEN-026721|BEN-022400,An earlier cancelled application is replaced by one approved claim; cancelled claim is unpaid.
CONTROL-0683,COMPATIBLE_SCHEMES,BEN-020259|BEN-001741,Tuition and study-material support are permitted together in the same year.
CONTROL-1139,COMMON_SURNAME,BEN-013636|BEN-036745|BEN-014966,Distinct local students share a common surname and institution.
CONTROL-0129,GUARDIAN_ACCOUNT,BEN-009131|BEN-045608,Two distinct students have recorded guardian payout authorization.
CONTROL-0269,COMPATIBLE_SCHEMES,BEN-006202|BEN-046772,Tuition and study-material support are permitted together in the same year.
CONTROL-1355,BENIGN_COLLECTION,BEN-031337|BEN-049673|BEN-028602|BEN-012403|BEN-034195|BEN-036203|BEN-041643|BEN-028037|BEN-048797|BEN-005093|BEN-002390|BEN-045572|BEN-000510|BEN-029033|BEN-020293|BEN-024545|BEN-043603|BEN-045517|BEN-001688|BEN-011943|BEN-035544|BEN-002791|BEN-044751|BEN-036338|BEN-016289|BEN-045502|BEN-002893|BEN-031072|BEN-012022|BEN-029773|BEN-042979|BEN-028524|BEN-024470|BEN-040917|BEN-048244|BEN-048135|BEN-005484|BEN-031017|BEN-037207|BEN-032468|BEN-036391|BEN-013836|BEN-023022|BEN-002292|BEN-012015|BEN-017629|BEN-036095|BEN-015486|BEN-014312|BEN-007866|BEN-005935|BEN-004623|BEN-045537|BEN-043959|BEN-003639|BEN-012509|BEN-002671|BEN-019053|BEN-015885|BEN-011120|BEN-028710|BEN-005037|BEN-022694|BEN-036020|BEN-032368|BEN-045726|BEN-031268|BEN-010193|BEN-036041|BEN-017802|BEN-026981|BEN-034440|BEN-038391|BEN-034299|BEN-015372|BEN-015301,Routine low-value synthetic service payments to ACC-119600; not an injected suspicious collector.
CONTROL-0545,COMMON_SURNAME,BEN-011578|BEN-040298|BEN-023332,Distinct local students share a common surname and institution.
CONTROL-1471,BENIGN_COLLECTION,BEN-032451|BEN-046865|BEN-026352|BEN-026922|BEN-043572|BEN-010187|BEN-032963|BEN-026028|BEN-002150|BEN-002316|BEN-031688|BEN-025726|BEN-021502|BEN-011969|BEN-049944|BEN-031509|BEN-030384|BEN-022988|BEN-045493|BEN-020212|BEN-004041|BEN-013225|BEN-029914|BEN-028082|BEN-016412|BEN-039871|BEN-044396|BEN-030301|BEN-037572|BEN-023167|BEN-012201|BEN-035042|BEN-009169|BEN-045233|BEN-022076|BEN-029087|BEN-043009|BEN-014977|BEN-002355|BEN-042576|BEN-048095|BEN-016759|BEN-014219|BEN-009232|BEN-039244|BEN-041715|BEN-006581|BEN-025990|BEN-028249|BEN-027368|BEN-041630|BEN-049799|BEN-020453|BEN-008139|BEN-034239|BEN-003656|BEN-014827|BEN-011515|BEN-011064|BEN-012218|BEN-028275|BEN-007342|BEN-036090|BEN-029557|BEN-022240|BEN-027414,Routine low-value synthetic service payments to ACC-112365; not an injected suspicious collector.
CONTROL-0840,GUARDIAN_ACCOUNT,BEN-031460|BEN-046003,Two distinct students have recorded guardian payout authorization.
CONTROL-0231,REGISTRATION_CAMP,BEN-016619|BEN-049057|BEN-040743,Genuine campus enrollment camp produces a short registration burst.
CONTROL-1377,BENIGN_COLLECTION,BEN-018390|BEN-015565|BEN-014387|BEN-016407|BEN-040038|BEN-034323|BEN-039835|BEN-025797|BEN-033164|BEN-047924|BEN-010447|BEN-026036|BEN-015684|BEN-024685|BEN-008155|BEN-026935|BEN-035319|BEN-044967|BEN-018672|BEN-021764|BEN-005750|BEN-044008|BEN-001842|BEN-033772|BEN-018073|BEN-047153|BEN-014730|BEN-024450|BEN-044376|BEN-024703|BEN-048199|BEN-046205|BEN-023688|BEN-023095|BEN-040079|BEN-030335|BEN-038184|BEN-011048|BEN-045384|BEN-023705|BEN-009877|BEN-038504|BEN-016093|BEN-020768|BEN-004051|BEN-039204|BEN-040989|BEN-043313|BEN-030508|BEN-030558|BEN-036844|BEN-006554|BEN-036279|BEN-005521|BEN-044174|BEN-029403|BEN-004303|BEN-043212,Routine low-value synthetic service payments to ACC-028527; not an injected suspicious collector.
CONTROL-1481,BENIGN_COLLECTION,BEN-041989|BEN-035251|BEN-035327|BEN-001552|BEN-013873|BEN-037962|BEN-042930|BEN-035980|BEN-027388|BEN-032186|BEN-014246|BEN-003222|BEN-005404|BEN-027835|BEN-001863|BEN-014702|BEN-037314|BEN-036434|BEN-028502|BEN-003063|BEN-033236|BEN-016437|BEN-033331|BEN-009590|BEN-028138|BEN-025368|BEN-011165|BEN-005159|BEN-033962|BEN-047100|BEN-005088|BEN-027911|BEN-035162|BEN-003236|BEN-048625|BEN-031383|BEN-021564|BEN-011043|BEN-030206|BEN-006195|BEN-020319|BEN-041990|BEN-032688|BEN-033354|BEN-015840|BEN-022468|BEN-039907|BEN-044720|BEN-013748|BEN-049906|BEN-030131|BEN-023793|BEN-044729|BEN-019822|BEN-021234|BEN-008386|BEN-041826|BEN-024674|BEN-015163|BEN-042180|BEN-016330|BEN-008185|BEN-028067|BEN-022506|BEN-036220|BEN-018495|BEN-049870|BEN-047164|BEN-049422,Routine low-value synthetic service payments to ACC-016152; not an injected suspicious collector.
CONTROL-0124,BENIGN_CYCLE,BEN-047297|BEN-037534|BEN-024291,A funded roommate expense advance is repaid through three accounts.
CONTROL-0504,CORRECTED_APPLICATION,BEN-021353|BEN-026652,An earlier cancelled application is replaced by one approved claim; cancelled claim is unpaid.
CONTROL-0340,BENIGN_CYCLE,BEN-031315|BEN-009701|BEN-002619,A funded roommate expense advance is repaid through three accounts.
CONTROL-0848,FAMILY_CONTACT,BEN-041593|BEN-026433|BEN-034089,Distinct family members share their household contact and residence.
CONTROL-0186,REGISTRATION_CAMP,BEN-023640|BEN-010232|BEN-040196,Genuine campus enrollment camp produces a short registration burst.
CONTROL-1271,FAMILY_CONTACT,BEN-025808|BEN-049841|BEN-036229,Distinct family members share their household contact and residence.
CONTROL-0004,IDENTICAL_NAME,BEN-039197|BEN-031153,"Same full name, distinct birth dates, contacts and accounts."
CONTROL-1159,BENIGN_CYCLE,BEN-042282|BEN-042387|BEN-008252,A funded roommate expense advance is repaid through three accounts.
CONTROL-0098,COMPATIBLE_SCHEMES,BEN-008377|BEN-022979,Tuition and study-material support are permitted together in the same year.
CONTROL-0056,FAMILY_CONTACT,BEN-001596|BEN-000368|BEN-029521,Distinct family members share their household contact and residence.
CONTROL-0996,REGISTRATION_CAMP,BEN-015132|BEN-033151|BEN-015241,Genuine campus enrollment camp produces a short registration burst.
CONTROL-1438,BENIGN_COLLECTION,BEN-019963|BEN-020937|BEN-003630|BEN-030055|BEN-025883|BEN-040873|BEN-012844|BEN-030761|BEN-004870|BEN-002914|BEN-043689|BEN-023193|BEN-045750|BEN-011670|BEN-006883|BEN-003805|BEN-046253|BEN-012720|BEN-047807|BEN-036528|BEN-006361|BEN-012257|BEN-043025|BEN-044631|BEN-013949|BEN-017068|BEN-019476|BEN-049424|BEN-025980|BEN-015838|BEN-015211|BEN-041618|BEN-001871|BEN-020327|BEN-025905|BEN-027719|BEN-003821|BEN-003359|BEN-005042|BEN-005157|BEN-010554|BEN-017667|BEN-008829|BEN-045167|BEN-046014|BEN-022870|BEN-017781|BEN-047778|BEN-031669|BEN-023133|BEN-003534|BEN-048950|BEN-043941|BEN-005658|BEN-041047|BEN-005187|BEN-036226|BEN-022492|BEN-002457|BEN-044028|BEN-012449|BEN-040372|BEN-000069,Routine low-value synthetic service payments to ACC-090877; not an injected suspicious collector.
CONTROL-0874,HOSTEL_ADDRESS,BEN-014273|BEN-024286|BEN-006358|BEN-013001|BEN-031868,Five distinct residents share a hostel address; individual accounts and contacts.
CONTROL-0005,COMMON_SURNAME,BEN-030173|BEN-036600|BEN-046588,Distinct local students share a common surname and institution.
CONTROL-0374,COMMON_SURNAME,BEN-049512|BEN-001349|BEN-006545,Distinct local students share a common surname and institution.
CONTROL-1446,BENIGN_COLLECTION,BEN-027987|BEN-032463|BEN-046016|BEN-046331|BEN-036117|BEN-025951|BEN-010042|BEN-000056|BEN-009397|BEN-001114|BEN-023575|BEN-043792|BEN-021415|BEN-038278|BEN-033539|BEN-037514|BEN-024413|BEN-036205|BEN-047602|BEN-022533|BEN-045397|BEN-008120|BEN-006200|BEN-033361|BEN-003024|BEN-022207|BEN-015796|BEN-049992|BEN-011214|BEN-014109|BEN-036719|BEN-000659|BEN-020767|BEN-008832|BEN-023548|BEN-012381|BEN-009181|BEN-042830|BEN-000174|BEN-029177|BEN-049304|BEN-016624|BEN-029889|BEN-003899|BEN-006216|BEN-002409|BEN-022602|BEN-040587|BEN-029423|BEN-012501|BEN-008551|BEN-034244|BEN-040569|BEN-026218|BEN-047956|BEN-016217|BEN-028766|BEN-014830|BEN-022425|BEN-036743|BEN-011122|BEN-008484|BEN-021562|BEN-049038|BEN-023841|BEN-027053|BEN-044330|BEN-002751|BEN-005555|BEN-030531|BEN-000408|BEN-049544|BEN-002160|BEN-036281|BEN-031235|BEN-024032|BEN-036439|BEN-041133|BEN-002033|BEN-027154|BEN-008903|BEN-017616|BEN-000336|BEN-014725|BEN-019655|BEN-016692|BEN-006681|BEN-042671|BEN-000295|BEN-049550|BEN-024887|BEN-026012|BEN-013798|BEN-002900,Routine low-value synthetic service payments to ACC-017017; not an injected suspicious collector.
CONTROL-0469,HOSTEL_ADDRESS,BEN-001475|BEN-043827|BEN-017565|BEN-023320|BEN-023152,Five distinct residents share a hostel address; individual accounts and contacts.
CONTROL-0532,HOSTEL_ADDRESS,BEN-019974|BEN-021652|BEN-038958|BEN-006093|BEN-023831,Five distinct residents share a hostel address; individual accounts and contacts.
CONTROL-1161,CORRECTED_APPLICATION,BEN-003258|BEN-040429,An earlier cancelled application is replaced by one approved claim; cancelled claim is unpaid.
CONTROL-0379,HOSTEL_ADDRESS,BEN-004634|BEN-004158|BEN-001082|BEN-007159|BEN-041068,Five distinct residents share a hostel address; individual accounts and contacts.
CONTROL-0742,IDENTICAL_NAME,BEN-019805|BEN-047228,"Same full name, distinct birth dates, contacts and accounts."
CONTROL-0527,COMMON_SURNAME,BEN-007481|BEN-041197|BEN-022731,Distinct local students share a common surname and institution.
CONTROL-0144,CORRECTED_APPLICATION,BEN-019966|BEN-004963,An earlier cancelled application is replaced by one approved claim; cancelled claim is unpaid.
CONTROL-1179,CORRECTED_APPLICATION,BEN-020142|BEN-045631,An earlier cancelled application is replaced by one approved claim; cancelled claim is unpaid.
CONTROL-1014,REGISTRATION_CAMP,BEN-018475|BEN-026897|BEN-021805,Genuine campus enrollment camp produces a short registration burst.
CONTROL-0248,COMMON_SURNAME,BEN-045741|BEN-013653|BEN-029929,Distinct local students share a common surname and institution.
CONTROL-0106,BENIGN_CYCLE,BEN-017607|BEN-048987|BEN-004690,A funded roommate expense advance is repaid through three accounts.
CONTROL-0031,IDENTICAL_NAME,BEN-009334|BEN-003622,"Same full name, distinct birth dates, contacts and accounts."
CONTROL-0037,HOSTEL_ADDRESS,BEN-011689|BEN-036356|BEN-000425|BEN-033723|BEN-035267,Five distinct residents share a hostel address; individual accounts and contacts.
CONTROL-0627,REGISTRATION_CAMP,BEN-010469|BEN-005869|BEN-025030,Genuine campus enrollment camp produces a short registration burst.
CONTROL-0524,FAMILY_CONTACT,BEN-010298|BEN-022081|BEN-005713,Distinct family members share their household contact and residence.
CONTROL-0454,IDENTICAL_NAME,BEN-011900|BEN-023532,"Same full name, distinct birth dates, contacts and accounts."
CONTROL-0283,IDENTICAL_NAME,BEN-009740|BEN-043049,"Same full name, distinct birth dates, contacts and accounts."
CONTROL-1155,GUARDIAN_ACCOUNT,BEN-004666|BEN-007169,Two distinct students have recorded guardian payout authorization.
CONTROL-1270,HOSTEL_ADDRESS,BEN-028824|BEN-026741|BEN-031074|BEN-028502|BEN-033113,Five distinct residents share a hostel address; individual accounts and contacts.
CONTROL-1474,BENIGN_COLLECTION,BEN-010289|BEN-037315|BEN-007045|BEN-036945|BEN-012064|BEN-037202|BEN-006159|BEN-038580|BEN-034692|BEN-035078|BEN-031513|BEN-009165|BEN-026465|BEN-020149|BEN-044036|BEN-008927|BEN-038942|BEN-039205|BEN-044266|BEN-045677|BEN-032237|BEN-012075|BEN-034642|BEN-017044|BEN-016183|BEN-047715|BEN-029312|BEN-038442|BEN-009017|BEN-042080|BEN-041431|BEN-025864|BEN-046266|BEN-007018|BEN-010745|BEN-037002|BEN-018537|BEN-029663|BEN-005583|BEN-026322|BEN-043550|BEN-031144|BEN-025271|BEN-023385|BEN-043422|BEN-011849|BEN-000226|BEN-033119|BEN-022545|BEN-023696|BEN-014173|BEN-039345|BEN-039307|BEN-031296|BEN-026580|BEN-034411|BEN-048644|BEN-014000|BEN-013766|BEN-033487|BEN-046378|BEN-040744|BEN-036133|BEN-019395|BEN-032274|BEN-048444|BEN-041144|BEN-041039|BEN-011624|BEN-020222,Routine low-value synthetic service payments to ACC-035497; not an injected suspicious collector.
CONTROL-0259,BENIGN_CYCLE,BEN-046224|BEN-021097|BEN-044289,A funded roommate expense advance is repaid through three accounts.
CONTROL-0067,IDENTICAL_NAME,BEN-038663|BEN-031546,"Same full name, distinct birth dates, contacts and accounts."
CONTROL-0766,HOSTEL_ADDRESS,BEN-014674|BEN-003662|BEN-034869|BEN-020587|BEN-010068,Five distinct residents share a hostel address; individual accounts and contacts.
CONTROL-1016,COMPATIBLE_SCHEMES,BEN-039152|BEN-033067,Tuition and study-material support are permitted together in the same year.
CONTROL-1180,HOSTEL_ADDRESS,BEN-047286|BEN-031143|BEN-042704|BEN-010780|BEN-033958,Five distinct residents share a hostel address; individual accounts and contacts.
CONTROL-0403,BENIGN_CYCLE,BEN-035433|BEN-005398|BEN-010488,A funded roommate expense advance is repaid through three accounts.
CONTROL-0794,FAMILY_CONTACT,BEN-044196|BEN-000367|BEN-002068,Distinct family members share their household contact and residence.
CONTROL-1461,BENIGN_COLLECTION,BEN-009529|BEN-047908|BEN-017336|BEN-009233|BEN-012228|BEN-033871|BEN-035027|BEN-037240|BEN-034887|BEN-012202|BEN-018066|BEN-004734|BEN-016167|BEN-019491|BEN-003484|BEN-006380|BEN-015210|BEN-011072|BEN-008793|BEN-042281|BEN-031676|BEN-027365|BEN-004032|BEN-010338|BEN-020554|BEN-024267|BEN-029705|BEN-010866|BEN-027034|BEN-025399|BEN-000091|BEN-048475|BEN-031931|BEN-041393|BEN-032431|BEN-026300|BEN-038005|BEN-019488|BEN-036294|BEN-042195|BEN-046566|BEN-010541|BEN-047042|BEN-028385|BEN-032685|BEN-020091|BEN-018131|BEN-028549|BEN-014699|BEN-014218|BEN-028151|BEN-026094|BEN-017083|BEN-001798|BEN-018919|BEN-004873|BEN-032575|BEN-025065,Routine low-value synthetic service payments to ACC-069869; not an injected suspicious collector.
CONTROL-1127,FAMILY_CONTACT,BEN-028668|BEN-035708|BEN-015957,Distinct family members share their household contact and residence.
CONTROL-0165,GUARDIAN_ACCOUNT,BEN-001057|BEN-006875,Two distinct students have recorded guardian payout authorization.
CONTROL-0662,COMMON_SURNAME,BEN-025619|BEN-040402|BEN-023464,Distinct local students share a common surname and institution.
CONTROL-1319,COMMON_SURNAME,BEN-020670|BEN-016905|BEN-012126,Distinct local students share a common surname and institution.
CONTROL-0857,FAMILY_CONTACT,BEN-000351|BEN-017505|BEN-044225,Distinct family members share their household contact and residence.
CONTROL-1475,BENIGN_COLLECTION,BEN-023055|BEN-027545|BEN-022927|BEN-006824|BEN-040585|BEN-042523|BEN-048296|BEN-031436|BEN-004265|BEN-030615|BEN-039009|BEN-032679|BEN-017172|BEN-036083|BEN-031344|BEN-005728|BEN-027106|BEN-021214|BEN-003879|BEN-017728|BEN-008608|BEN-018023|BEN-040356|BEN-003292|BEN-027557|BEN-006471|BEN-020755|BEN-046365|BEN-001810|BEN-048139|BEN-014354|BEN-041205|BEN-027445|BEN-002996|BEN-036948|BEN-024639|BEN-031632|BEN-002211|BEN-036579|BEN-021845|BEN-015173|BEN-036763|BEN-008066|BEN-039247|BEN-045358|BEN-021935|BEN-007667|BEN-029235|BEN-030716|BEN-023137|BEN-041329|BEN-035696|BEN-040022|BEN-028218|BEN-029249|BEN-017444|BEN-025289|BEN-012079|BEN-038789|BEN-011329|BEN-022269|BEN-037023|BEN-044769|BEN-046134|BEN-038562|BEN-008424|BEN-008154|BEN-027774|BEN-049868|BEN-047121,Routine low-value synthetic service payments to ACC-062294; not an injected suspicious collector.
CONTROL-0387,CORRECTED_APPLICATION,BEN-013313|BEN-014981,An earlier cancelled application is replaced by one approved claim; cancelled claim is unpaid.
CONTROL-1012,IDENTICAL_NAME,BEN-026105|BEN-018019,"Same full name, distinct birth dates, contacts and accounts."
CONTROL-0149,COMMON_SURNAME,BEN-005682|BEN-009283|BEN-009788,Distinct local students share a common surname and institution.
CONTROL-1315,HOSTEL_ADDRESS,BEN-024718|BEN-030123|BEN-034768|BEN-032853|BEN-018167,Five distinct residents share a hostel address; individual accounts and contacts.
CONTROL-0304,BENIGN_CYCLE,BEN-028440|BEN-009639|BEN-017227,A funded roommate expense advance is repaid through three accounts.
CONTROL-1244,FAMILY_CONTACT,BEN-043281|BEN-032534|BEN-037457,Distinct family members share their household contact and residence.
CONTROL-0557,COMPATIBLE_SCHEMES,BEN-040545|BEN-009363,Tuition and study-material support are permitted together in the same year.
CONTROL-0472,IDENTICAL_NAME,BEN-019762|BEN-041617,"Same full name, distinct birth dates, contacts and accounts."
CONTROL-0456,REGISTRATION_CAMP,BEN-031719|BEN-008959|BEN-030931,Genuine campus enrollment camp produces a short registration burst.
CONTROL-0274,IDENTICAL_NAME,BEN-027846|BEN-029138,"Same full name, distinct birth dates, contacts and accounts."
CONTROL-0506,FAMILY_CONTACT,BEN-045033|BEN-002777|BEN-002611,Distinct family members share their household contact and residence.
CONTROL-0541,HOSTEL_ADDRESS,BEN-036161|BEN-006643|BEN-021358|BEN-014284|BEN-036022,Five distinct residents share a hostel address; individual accounts and contacts.
CONTROL-1247,COMMON_SURNAME,BEN-037231|BEN-041063|BEN-035305,Distinct local students share a common surname and institution.
CONTROL-1332,CORRECTED_APPLICATION,BEN-048799|BEN-021330,An earlier cancelled application is replaced by one approved claim; cancelled claim is unpaid.
CONTROL-0252,CORRECTED_APPLICATION,BEN-038041|BEN-047793,An earlier cancelled application is replaced by one approved claim; cancelled claim is unpaid.
CONTROL-0313,BENIGN_CYCLE,BEN-003784|BEN-006615|BEN-045500,A funded roommate expense advance is repaid through three accounts.
CONTROL-1371,BENIGN_COLLECTION,BEN-017732|BEN-025937|BEN-039909|BEN-007878|BEN-031742|BEN-014603|BEN-018886|BEN-025909|BEN-035843|BEN-011988|BEN-018565|BEN-014127|BEN-003631|BEN-012264|BEN-021402|BEN-003215|BEN-045325|BEN-005179|BEN-023033|BEN-016526|BEN-031653|BEN-026650|BEN-028846|BEN-007733|BEN-003190|BEN-036145|BEN-013478|BEN-035576|BEN-046355|BEN-049573|BEN-019389|BEN-001878|BEN-039577|BEN-024016|BEN-016890|BEN-017957|BEN-048150|BEN-026459|BEN-002658|BEN-049855|BEN-027933|BEN-026118|BEN-038308|BEN-022137|BEN-006044|BEN-033564|BEN-034332|BEN-032708|BEN-030654|BEN-003303|BEN-036029|BEN-034566|BEN-034167|BEN-001725|BEN-023481|BEN-002917|BEN-005345|BEN-015078|BEN-025899|BEN-027863|BEN-031265|BEN-021128|BEN-042048|BEN-038324|BEN-009695|BEN-021443|BEN-011557|BEN-001258|BEN-007027|BEN-019833|BEN-043932|BEN-030838|BEN-013743|BEN-045121|BEN-044776,Routine low-value synthetic service payments to ACC-095706; not an injected suspicious collector.
CONTROL-1196,COMPATIBLE_SCHEMES,BEN-043501|BEN-047675,Tuition and study-material support are permitted together in the same year.
CONTROL-0822,GUARDIAN_ACCOUNT,BEN-017081|BEN-040801,Two distinct students have recorded guardian payout authorization.
CONTROL-0157,IDENTICAL_NAME,BEN-030702|BEN-012647,"Same full name, distinct birth dates, contacts and accounts."
CONTROL-1204,BENIGN_CYCLE,BEN-000486|BEN-038418|BEN-026018,A funded roommate expense advance is repaid through three accounts.
CONTROL-1367,BENIGN_COLLECTION,BEN-049210|BEN-000922|BEN-013854|BEN-036673|BEN-021185|BEN-038915|BEN-030903|BEN-009609|BEN-012287|BEN-027059|BEN-042547|BEN-041696|BEN-025686|BEN-020464|BEN-040199|BEN-039430|BEN-039950|BEN-000039|BEN-010740|BEN-013016|BEN-011405|BEN-042628|BEN-028681|BEN-007226|BEN-046329|BEN-032072|BEN-010101|BEN-015491|BEN-010217|BEN-034237|BEN-031414|BEN-037226|BEN-002572|BEN-020673|BEN-030250|BEN-007123|BEN-022364|BEN-026724|BEN-044246|BEN-036084|BEN-017015|BEN-044701|BEN-015077|BEN-022795|BEN-023706|BEN-014203|BEN-042259|BEN-004279|BEN-049865|BEN-014743|BEN-033820|BEN-041695|BEN-024365|BEN-046785|BEN-012817|BEN-031231|BEN-017633|BEN-010566|BEN-020741|BEN-015512|BEN-014601|BEN-043329|BEN-023189|BEN-031504|BEN-038723|BEN-027141,Routine low-value synthetic service payments to ACC-076667; not an injected suspicious collector.
CONTROL-0137,FAMILY_CONTACT,BEN-045801|BEN-009133|BEN-034112,Distinct family members share their household contact and residence.
CONTROL-1299,GUARDIAN_ACCOUNT,BEN-027270|BEN-002913,Two distinct students have recorded guardian payout authorization.
CONTROL-1050,REGISTRATION_CAMP,BEN-031483|BEN-029991|BEN-044703,Genuine campus enrollment camp produces a short registration burst.
CONTROL-1162,HOSTEL_ADDRESS,BEN-019663|BEN-040617|BEN-043386|BEN-048539|BEN-037691,Five distinct residents share a hostel address; individual accounts and contacts.
CONTROL-1294,BENIGN_CYCLE,BEN-048946|BEN-014356|BEN-034955,A funded roommate expense advance is repaid through three accounts.
CONTROL-0726,REGISTRATION_CAMP,BEN-013004|BEN-000515|BEN-026798,Genuine campus enrollment camp produces a short registration burst.
CONTROL-1178,COMPATIBLE_SCHEMES,BEN-021446|BEN-047537,Tuition and study-material support are permitted together in the same year.
CONTROL-0542,FAMILY_CONTACT,BEN-040528|BEN-046755|BEN-043876,Distinct family members share their household contact and residence.
CONTROL-0351,CORRECTED_APPLICATION,BEN-000893|BEN-035198,An earlier cancelled application is replaced by one approved claim; cancelled claim is unpaid.
CONTROL-0449,COMPATIBLE_SCHEMES,BEN-039339|BEN-021027,Tuition and study-material support are permitted together in the same year.
CONTROL-1199,FAMILY_CONTACT,BEN-006892|BEN-002583|BEN-006890,Distinct family members share their household contact and residence.
CONTROL-0547,BENIGN_CYCLE,BEN-041644|BEN-008727|BEN-039322,A funded roommate expense advance is repaid through three accounts.
CONTROL-1441,BENIGN_COLLECTION,BEN-049433|BEN-021970|BEN-043309|BEN-009288|BEN-005747|BEN-032587|BEN-008960|BEN-029299|BEN-049871|BEN-022295|BEN-037654|BEN-025145|BEN-015241|BEN-020175|BEN-025752|BEN-018432|BEN-040042|BEN-035130|BEN-025333|BEN-029881|BEN-043383|BEN-042904|BEN-046196|BEN-022121|BEN-048823|BEN-010717|BEN-019912|BEN-004816|BEN-031182|BEN-034351|BEN-012115|BEN-024234|BEN-049706|BEN-027381|BEN-035387|BEN-030998|BEN-049512|BEN-002904|BEN-019050|BEN-010791|BEN-012983|BEN-012858|BEN-045720|BEN-005862|BEN-018165|BEN-007255|BEN-031807|BEN-038986|BEN-019586|BEN-028669|BEN-022113|BEN-048984|BEN-016518|BEN-002664|BEN-013938|BEN-021338|BEN-045959|BEN-000603|BEN-005259|BEN-018773|BEN-010510|BEN-036819|BEN-045545|BEN-040305|BEN-038287|BEN-003933,Routine low-value synthetic service payments to ACC-039104; not an injected suspicious collector.
CONTROL-0021,GUARDIAN_ACCOUNT,BEN-036588|BEN-004145,Two distinct students have recorded guardian payout authorization.
CONTROL-0174,GUARDIAN_ACCOUNT,BEN-038891|BEN-031068,Two distinct students have recorded guardian payout authorization.
CONTROL-0882,CORRECTED_APPLICATION,BEN-020374|BEN-009553,An earlier cancelled application is replaced by one approved claim; cancelled claim is unpaid.
CONTROL-0598,IDENTICAL_NAME,BEN-003673|BEN-010577,"Same full name, distinct birth dates, contacts and accounts."
CONTROL-0460,HOSTEL_ADDRESS,BEN-012659|BEN-041853|BEN-023669|BEN-036561|BEN-018690,Five distinct residents share a hostel address; individual accounts and contacts.
CONTROL-0059,COMMON_SURNAME,BEN-021836|BEN-001696|BEN-011764,Distinct local students share a common surname and institution.
CONTROL-0338,COMMON_SURNAME,BEN-006399|BEN-042590|BEN-030027,Distinct local students share a common surname and institution.
CONTROL-0438,REGISTRATION_CAMP,BEN-043486|BEN-037607|BEN-033728,Genuine campus enrollment camp produces a short registration burst.
CONTROL-1450,BENIGN_COLLECTION,BEN-024046|BEN-043122|BEN-023887|BEN-045672|BEN-043343|BEN-001933|BEN-043825|BEN-006949|BEN-005360|BEN-032899|BEN-037019|BEN-009886|BEN-045056|BEN-017202|BEN-026280|BEN-006779|BEN-031689|BEN-028299|BEN-020645|BEN-008397|BEN-024389|BEN-036607|BEN-041491|BEN-003099|BEN-030260|BEN-013333|BEN-005247|BEN-033770|BEN-004003|BEN-036648|BEN-026125|BEN-008495|BEN-047225|BEN-006994|BEN-012531|BEN-018866|BEN-002470|BEN-037450|BEN-001873|BEN-019981|BEN-022064|BEN-007879|BEN-010406|BEN-008480|BEN-014672|BEN-006111|BEN-022697|BEN-028915|BEN-011342|BEN-032652|BEN-029355|BEN-016566|BEN-001471|BEN-006776|BEN-008348,Routine low-value synthetic service payments to ACC-040870; not an injected suspicious collector.
CONTROL-0540,CORRECTED_APPLICATION,BEN-039101|BEN-037518,An earlier cancelled application is replaced by one approved claim; cancelled claim is unpaid.
CONTROL-0479,FAMILY_CONTACT,BEN-013123|BEN-039969|BEN-039219,Distinct family members share their household contact and residence.
CONTROL-1393,BENIGN_COLLECTION,BEN-010195|BEN-031830|BEN-032380|BEN-017305|BEN-024702|BEN-033403|BEN-003627|BEN-041564|BEN-014499|BEN-016809|BEN-034235|BEN-000117|BEN-026179|BEN-039575|BEN-048308|BEN-046926|BEN-009913|BEN-025338|BEN-010111|BEN-040290|BEN-000456|BEN-010454|BEN-009883|BEN-017592|BEN-029638|BEN-006666|BEN-034173|BEN-012748|BEN-013461|BEN-024897|BEN-041672|BEN-006189|BEN-001351|BEN-049517|BEN-007671|BEN-036312|BEN-040731|BEN-046288|BEN-004037|BEN-046644|BEN-037376|BEN-011386|BEN-033405|BEN-005794|BEN-022103|BEN-012430|BEN-027563|BEN-022770|BEN-047859|BEN-006823|BEN-036259|BEN-007524|BEN-030452|BEN-041071|BEN-018936|BEN-001704|BEN-048080|BEN-029346|BEN-025547|BEN-044328|BEN-009646|BEN-012067|BEN-013432|BEN-012308|BEN-000730|BEN-048064|BEN-047498|BEN-042199|BEN-039419|BEN-033732|BEN-003904|BEN-048766|BEN-019009|BEN-014112|BEN-023092|BEN-035816|BEN-020188|BEN-049901|BEN-043809|BEN-032795|BEN-007531|BEN-017514|BEN-016586|BEN-031047|BEN-044628,Routine low-value synthetic service payments to ACC-056368; not an injected suspicious collector.
CONTROL-0565,BENIGN_CYCLE,BEN-041235|BEN-025169|BEN-019436,A funded roommate expense advance is repaid through three accounts.
CONTROL-0849,GUARDIAN_ACCOUNT,BEN-005322|BEN-032036,Two distinct students have recorded guardian payout authorization.
CONTROL-1077,REGISTRATION_CAMP,BEN-009689|BEN-012110|BEN-040262,Genuine campus enrollment camp produces a short registration burst.
CONTROL-0800,COMPATIBLE_SCHEMES,BEN-017063|BEN-037523,Tuition and study-material support are permitted together in the same year.
CONTROL-1370,BENIGN_COLLECTION,BEN-020485|BEN-047125|BEN-000851|BEN-039880|BEN-009458|BEN-004758|BEN-003445|BEN-033850|BEN-041021|BEN-015725|BEN-019758|BEN-002930|BEN-045417|BEN-017011|BEN-044322|BEN-039434|BEN-001891|BEN-032948|BEN-031891|BEN-041123|BEN-035963|BEN-001420|BEN-015896|BEN-009871|BEN-004005|BEN-016904|BEN-047901|BEN-037386|BEN-009257|BEN-023304|BEN-040720|BEN-015175|BEN-029159|BEN-029046|BEN-028043|BEN-017535|BEN-006120|BEN-014658|BEN-008628|BEN-006894|BEN-021417|BEN-034610|BEN-040099|BEN-036789|BEN-042201|BEN-004593|BEN-020255|BEN-010089|BEN-049352|BEN-019925|BEN-046681|BEN-020101|BEN-020052|BEN-033109|BEN-047760|BEN-022107|BEN-002690|BEN-016792|BEN-006240|BEN-024203|BEN-033468,Routine low-value synthetic service payments to ACC-089758; not an injected suspicious collector.
CONTROL-0720,CORRECTED_APPLICATION,BEN-045537|BEN-008037,An earlier cancelled application is replaced by one approved claim; cancelled claim is unpaid.
CONTROL-0719,COMPATIBLE_SCHEMES,BEN-030973|BEN-039336,Tuition and study-material support are permitted together in the same year.
CONTROL-0468,CORRECTED_APPLICATION,BEN-041243|BEN-009122,An earlier cancelled application is replaced by one approved claim; cancelled claim is unpaid.
CONTROL-1128,GUARDIAN_ACCOUNT,BEN-020899|BEN-025035,Two distinct students have recorded guardian payout authorization.
CONTROL-0371,FAMILY_CONTACT,BEN-022962|BEN-003476|BEN-035720,Distinct family members share their household contact and residence.
CONTROL-0018,CORRECTED_APPLICATION,BEN-048701|BEN-018184,An earlier cancelled application is replaced by one approved claim; cancelled claim is unpaid.
CONTROL-1141,BENIGN_CYCLE,BEN-046160|BEN-038888|BEN-025092,A funded roommate expense advance is repaid through three accounts.
CONTROL-1246,IDENTICAL_NAME,BEN-031783|BEN-025747,"Same full name, distinct birth dates, contacts and accounts."
CONTROL-1027,HOSTEL_ADDRESS,BEN-018710|BEN-049283|BEN-012170|BEN-013809|BEN-023959,Five distinct residents share a hostel address; individual accounts and contacts.
CONTROL-0164,FAMILY_CONTACT,BEN-045974|BEN-029828|BEN-012706,Distinct family members share their household contact and residence.
CONTROL-0982,HOSTEL_ADDRESS,BEN-025248|BEN-048178|BEN-035125|BEN-031163|BEN-035348,Five distinct residents share a hostel address; individual accounts and contacts.
CONTROL-0797,COMMON_SURNAME,BEN-001170|BEN-011720|BEN-045207,Distinct local students share a common surname and institution.
CONTROL-1460,BENIGN_COLLECTION,BEN-003620|BEN-024309|BEN-032980|BEN-002487|BEN-041517|BEN-038705|BEN-042171|BEN-038021|BEN-014587|BEN-006712|BEN-047782|BEN-024382|BEN-035225|BEN-027636|BEN-042554|BEN-000402|BEN-045144|BEN-022881|BEN-008654|BEN-026430|BEN-042339|BEN-027798|BEN-039714|BEN-005440|BEN-019783|BEN-041084|BEN-032444|BEN-044829|BEN-041997|BEN-017837|BEN-000065|BEN-044400|BEN-029680|BEN-015342|BEN-044120|BEN-021936|BEN-026259|BEN-048844|BEN-045514|BEN-009371|BEN-021822|BEN-012516|BEN-018095|BEN-043829|BEN-040462|BEN-006227|BEN-049708|BEN-018416|BEN-045033|BEN-025385|BEN-016550|BEN-043328|BEN-017155|BEN-020519|BEN-025141|BEN-039458|BEN-000650|BEN-010962|BEN-042577|BEN-046689|BEN-028902|BEN-005010|BEN-031496|BEN-008186|BEN-017683|BEN-028748,Routine low-value synthetic service payments to ACC-066996; not an injected suspicious collector.
CONTROL-1165,IDENTICAL_NAME,BEN-016557|BEN-019716,"Same full name, distinct birth dates, contacts and accounts."
CONTROL-0946,HOSTEL_ADDRESS,BEN-000502|BEN-028920|BEN-009267|BEN-020572|BEN-000369,Five distinct residents share a hostel address; individual accounts and contacts.
CONTROL-0349,BENIGN_CYCLE,BEN-030337|BEN-005093|BEN-001022,A funded roommate expense advance is repaid through three accounts.
CONTROL-1291,IDENTICAL_NAME,BEN-002546|BEN-017256,"Same full name, distinct birth dates, contacts and accounts."
CONTROL-0282,GUARDIAN_ACCOUNT,BEN-021510|BEN-039699,Two distinct students have recorded guardian payout authorization.
CONTROL-0927,CORRECTED_APPLICATION,BEN-003801|BEN-007189,An earlier cancelled application is replaced by one approved claim; cancelled claim is unpaid.
CONTROL-1119,GUARDIAN_ACCOUNT,BEN-041230|BEN-018458,Two distinct students have recorded guardian payout authorization.
CONTROL-1068,REGISTRATION_CAMP,BEN-028589|BEN-022061|BEN-022336,Genuine campus enrollment camp produces a short registration burst.
CONTROL-1192,IDENTICAL_NAME,BEN-033047|BEN-025681,"Same full name, distinct birth dates, contacts and accounts."
CONTROL-0553,IDENTICAL_NAME,BEN-027419|BEN-029417,"Same full name, distinct birth dates, contacts and accounts."
CONTROL-0516,GUARDIAN_ACCOUNT,BEN-029845|BEN-045025,Two distinct students have recorded guardian payout authorization.
CONTROL-1268,COMPATIBLE_SCHEMES,BEN-009139|BEN-048317,Tuition and study-material support are permitted together in the same year.
CONTROL-1341,CORRECTED_APPLICATION,BEN-015180|BEN-025626,An earlier cancelled application is replaced by one approved claim; cancelled claim is unpaid.
CONTROL-0327,GUARDIAN_ACCOUNT,BEN-016801|BEN-022481,Two distinct students have recorded guardian payout authorization.
CONTROL-0316,HOSTEL_ADDRESS,BEN-001137|BEN-023941|BEN-001269|BEN-034160|BEN-007455,Five distinct residents share a hostel address; individual accounts and contacts.
CONTROL-1281,GUARDIAN_ACCOUNT,BEN-038638|BEN-038484,Two distinct students have recorded guardian payout authorization.
CONTROL-0196,BENIGN_CYCLE,BEN-036309|BEN-007287|BEN-001563,A funded roommate expense advance is repaid through three accounts.
CONTROL-0786,GUARDIAN_ACCOUNT,BEN-013042|BEN-011391,Two distinct students have recorded guardian payout authorization.
CONTROL-1255,IDENTICAL_NAME,BEN-028281|BEN-037706,"Same full name, distinct birth dates, contacts and accounts."
CONTROL-0085,IDENTICAL_NAME,BEN-022837|BEN-000891,"Same full name, distinct birth dates, contacts and accounts."
CONTROL-1274,COMMON_SURNAME,BEN-014552|BEN-006389|BEN-005436,Distinct local students share a common surname and institution.
CONTROL-0880,BENIGN_CYCLE,BEN-017796|BEN-009420|BEN-024910,A funded roommate expense advance is repaid through three accounts.
CONTROL-0291,GUARDIAN_ACCOUNT,BEN-044913|BEN-043380,Two distinct students have recorded guardian payout authorization.
CONTROL-0536,COMMON_SURNAME,BEN-041285|BEN-024254|BEN-045522,Distinct local students share a common surname and institution.
CONTROL-1242,CORRECTED_APPLICATION,BEN-049535|BEN-041095,An earlier cancelled application is replaced by one approved claim; cancelled claim is unpaid.
CONTROL-0618,REGISTRATION_CAMP,BEN-027735|BEN-040874|BEN-032031,Genuine campus enrollment camp produces a short registration burst.
CONTROL-0347,COMMON_SURNAME,BEN-003163|BEN-002642|BEN-011400,Distinct local students share a common surname and institution.
CONTROL-1320,REGISTRATION_CAMP,BEN-019091|BEN-006007|BEN-016188,Genuine campus enrollment camp produces a short registration burst.
CONTROL-1062,CORRECTED_APPLICATION,BEN-035142|BEN-021960,An earlier cancelled application is replaced by one approved claim; cancelled claim is unpaid.
CONTROL-0187,BENIGN_CYCLE,BEN-025465|BEN-043363|BEN-040931,A funded roommate expense advance is repaid through three accounts.
CONTROL-1076,COMMON_SURNAME,BEN-010727|BEN-012555|BEN-032165,Distinct local students share a common surname and institution.
CONTROL-0378,CORRECTED_APPLICATION,BEN-022749|BEN-017483,An earlier cancelled application is replaced by one approved claim; cancelled claim is unpaid.
CONTROL-1266,REGISTRATION_CAMP,BEN-000048|BEN-008871|BEN-044530,Genuine campus enrollment camp produces a short registration burst.
CONTROL-1314,CORRECTED_APPLICATION,BEN-011628|BEN-044235,An earlier cancelled application is replaced by one approved claim; cancelled claim is unpaid.
CONTROL-0604,HOSTEL_ADDRESS,BEN-026650|BEN-029105|BEN-024471|BEN-020947|BEN-036423,Five distinct residents share a hostel address; individual accounts and contacts.
CONTROL-0491,COMMON_SURNAME,BEN-000053|BEN-045614|BEN-018866,Distinct local students share a common surname and institution.
CONTROL-0159,REGISTRATION_CAMP,BEN-017302|BEN-011690|BEN-032928,Genuine campus enrollment camp produces a short registration burst.
CONTROL-0989,COMPATIBLE_SCHEMES,BEN-016240|BEN-005607,Tuition and study-material support are permitted together in the same year.
CONTROL-0679,IDENTICAL_NAME,BEN-013503|BEN-036414,"Same full name, distinct birth dates, contacts and accounts."
CONTROL-0485,COMPATIBLE_SCHEMES,BEN-012410|BEN-009255,Tuition and study-material support are permitted together in the same year.
CONTROL-0544,IDENTICAL_NAME,BEN-049797|BEN-012756,"Same full name, distinct birth dates, contacts and accounts."
CONTROL-0130,IDENTICAL_NAME,BEN-042435|BEN-042505,"Same full name, distinct birth dates, contacts and accounts."
CONTROL-1212,REGISTRATION_CAMP,BEN-032740|BEN-011927|BEN-033323,Genuine campus enrollment camp produces a short registration burst.
CONTROL-0477,CORRECTED_APPLICATION,BEN-019224|BEN-045018,An earlier cancelled application is replaced by one approved claim; cancelled claim is unpaid.
CONTROL-0502,BENIGN_CYCLE,BEN-036914|BEN-000901|BEN-038003,A funded roommate expense advance is repaid through three accounts.
CONTROL-1071,CORRECTED_APPLICATION,BEN-019363|BEN-031168,An earlier cancelled application is replaced by one approved claim; cancelled claim is unpaid.
CONTROL-1285,BENIGN_CYCLE,BEN-036870|BEN-001106|BEN-003440,A funded roommate expense advance is repaid through three accounts.
CONTROL-1298,FAMILY_CONTACT,BEN-001605|BEN-035394|BEN-000346,Distinct family members share their household contact and residence.
CONTROL-0346,IDENTICAL_NAME,BEN-035675|BEN-012676,"Same full name, distinct birth dates, contacts and accounts."
CONTROL-1302,REGISTRATION_CAMP,BEN-025525|BEN-028113|BEN-017421,Genuine campus enrollment camp produces a short registration burst.
CONTROL-0448,BENIGN_CYCLE,BEN-019067|BEN-046750|BEN-040271,A funded roommate expense advance is repaid through three accounts.
CONTROL-1249,BENIGN_CYCLE,BEN-007045|BEN-034881|BEN-006269,A funded roommate expense advance is repaid through three accounts.
CONTROL-0934,BENIGN_CYCLE,BEN-037655|BEN-034661|BEN-036005,A funded roommate expense advance is repaid through three accounts.
CONTROL-1028,FAMILY_CONTACT,BEN-026874|BEN-010920|BEN-019481,Distinct family members share their household contact and residence.
CONTROL-0160,BENIGN_CYCLE,BEN-023684|BEN-028876|BEN-031762,A funded roommate expense advance is repaid through three accounts.
CONTROL-0492,REGISTRATION_CAMP,BEN-040786|BEN-035474|BEN-032215,Genuine campus enrollment camp produces a short registration burst.
CONTROL-0872,COMPATIBLE_SCHEMES,BEN-042804|BEN-031280,Tuition and study-material support are permitted together in the same year.
CONTROL-0833,COMMON_SURNAME,BEN-008663|BEN-041381|BEN-005097,Distinct local students share a common surname and institution.
CONTROL-0510,REGISTRATION_CAMP,BEN-024378|BEN-047234|BEN-002995,Genuine campus enrollment camp produces a short registration burst.
CONTROL-0268,BENIGN_CYCLE,BEN-003945|BEN-001042|BEN-007067,A funded roommate expense advance is repaid through three accounts.
CONTROL-0674,COMPATIBLE_SCHEMES,BEN-043432|BEN-004124,Tuition and study-material support are permitted together in the same year.
CONTROL-1206,CORRECTED_APPLICATION,BEN-041846|BEN-041137,An earlier cancelled application is replaced by one approved claim; cancelled claim is unpaid.
CONTROL-0842,COMMON_SURNAME,BEN-034102|BEN-010395|BEN-006749,Distinct local students share a common surname and institution.
CONTROL-1477,BENIGN_COLLECTION,BEN-034429|BEN-037689|BEN-030440|BEN-014767|BEN-037109|BEN-028759|BEN-002444|BEN-015829|BEN-042476|BEN-040152|BEN-031173|BEN-014555|BEN-016816|BEN-012915|BEN-007294|BEN-041878|BEN-003141|BEN-040358|BEN-010814|BEN-044741|BEN-042393|BEN-015853|BEN-010894|BEN-043289|BEN-024184|BEN-032518|BEN-024723|BEN-042211|BEN-034618|BEN-027360|BEN-047969|BEN-032104|BEN-017039|BEN-018523|BEN-022410|BEN-027717|BEN-048158|BEN-024193|BEN-043533|BEN-018840|BEN-011186|BEN-025258|BEN-036746|BEN-030912|BEN-043462|BEN-006646|BEN-031795|BEN-018190|BEN-047139|BEN-030924|BEN-040945|BEN-023799|BEN-016552|BEN-024280|BEN-012017|BEN-009516|BEN-021516|BEN-015387,Routine low-value synthetic service payments to ACC-065030; not an injected suspicious collector.
CONTROL-1082,FAMILY_CONTACT,BEN-047361|BEN-038460|BEN-027233,Distinct family members share their household contact and residence.
CONTROL-0639,CORRECTED_APPLICATION,BEN-032655|BEN-046650,An earlier cancelled application is replaced by one approved claim; cancelled claim is unpaid.
CONTROL-0414,CORRECTED_APPLICATION,BEN-045417|BEN-038676,An earlier cancelled application is replaced by one approved claim; cancelled claim is unpaid.
CONTROL-0428,COMMON_SURNAME,BEN-048220|BEN-000594|BEN-023724,Distinct local students share a common surname and institution.
CONTROL-1202,COMMON_SURNAME,BEN-023400|BEN-010697|BEN-003222,Distinct local students share a common surname and institution.
CONTROL-0901,HOSTEL_ADDRESS,BEN-038909|BEN-042635|BEN-038740|BEN-017301|BEN-018795,Five distinct residents share a hostel address; individual accounts and contacts.
CONTROL-1037,FAMILY_CONTACT,BEN-001006|BEN-013452|BEN-047637,Distinct family members share their household contact and residence.
CONTROL-0925,BENIGN_CYCLE,BEN-043192|BEN-025440|BEN-003700,A funded roommate expense advance is repaid through three accounts.
CONTROL-1229,COMMON_SURNAME,BEN-007897|BEN-040261|BEN-020150,Distinct local students share a common surname and institution.
CONTROL-1389,BENIGN_COLLECTION,BEN-008755|BEN-007277|BEN-007136|BEN-026081|BEN-024696|BEN-010044|BEN-038409|BEN-015028|BEN-034830|BEN-036707|BEN-007999|BEN-048700|BEN-017727|BEN-045940|BEN-011631|BEN-025358|BEN-044621|BEN-036425|BEN-035953|BEN-015332|BEN-004907|BEN-037588|BEN-038860|BEN-039821|BEN-044207|BEN-028288|BEN-024185|BEN-036451|BEN-009873|BEN-043717|BEN-008568|BEN-000425|BEN-012335|BEN-026762|BEN-015158|BEN-022294|BEN-027438|BEN-013787|BEN-007685|BEN-021668|BEN-023102|BEN-043156|BEN-001142|BEN-025682|BEN-048285|BEN-047488|BEN-043000|BEN-017850|BEN-048099|BEN-015720|BEN-045093|BEN-022320|BEN-029387|BEN-036786|BEN-034831|BEN-035800|BEN-016452|BEN-019412|BEN-008940|BEN-018683|BEN-037930|BEN-038884|BEN-024813|BEN-002871|BEN-030235|BEN-024115|BEN-000767|BEN-008739|BEN-004908|BEN-013804|BEN-000840,Routine low-value synthetic service payments to ACC-110651; not an injected suspicious collector.
CONTROL-0806,COMMON_SURNAME,BEN-010361|BEN-037588|BEN-018585,Distinct local students share a common surname and institution.
CONTROL-0300,GUARDIAN_ACCOUNT,BEN-001704|BEN-030021,Two distinct students have recorded guardian payout authorization.
CONTROL-0225,CORRECTED_APPLICATION,BEN-026222|BEN-014342,An earlier cancelled application is replaced by one approved claim; cancelled claim is unpaid.
CONTROL-0172,HOSTEL_ADDRESS,BEN-003803|BEN-031647|BEN-041698|BEN-034387|BEN-038445,Five distinct residents share a hostel address; individual accounts and contacts.
CONTROL-0764,COMPATIBLE_SCHEMES,BEN-039842|BEN-014755,Tuition and study-material support are permitted together in the same year.
CONTROL-0878,COMMON_SURNAME,BEN-020570|BEN-020566|BEN-002609,Distinct local students share a common surname and institution.
CONTROL-0342,CORRECTED_APPLICATION,BEN-047780|BEN-038118,An earlier cancelled application is replaced by one approved claim; cancelled claim is unpaid.
CONTROL-1135,HOSTEL_ADDRESS,BEN-011626|BEN-023467|BEN-000601|BEN-048091|BEN-037331,Five distinct residents share a hostel address; individual accounts and contacts.
CONTROL-1431,BENIGN_COLLECTION,BEN-026995|BEN-033026|BEN-021316|BEN-029774|BEN-034876|BEN-003220|BEN-026403|BEN-021783|BEN-026544|BEN-013008|BEN-025576|BEN-001226|BEN-043220|BEN-038910|BEN-032584|BEN-005694|BEN-039943|BEN-034515|BEN-042533|BEN-037722|BEN-027003|BEN-029021|BEN-023930|BEN-020835|BEN-039341|BEN-023697|BEN-030633|BEN-023967|BEN-029069|BEN-003579|BEN-030773|BEN-033952|BEN-039446|BEN-008338|BEN-008023|BEN-016791|BEN-023382|BEN-040317|BEN-000926|BEN-026052|BEN-001809|BEN-048376|BEN-009976|BEN-037299|BEN-014174|BEN-038142|BEN-019000|BEN-035432|BEN-039063|BEN-014256|BEN-035172|BEN-035652|BEN-038237|BEN-011018|BEN-024884|BEN-044345|BEN-043634|BEN-015951|BEN-021289|BEN-020534|BEN-001840|BEN-045082|BEN-012360|BEN-011363|BEN-002155|BEN-048300|BEN-021541|BEN-019767|BEN-040854|BEN-012622|BEN-030611|BEN-019168,Routine low-value synthetic service payments to ACC-112581; not an injected suspicious collector.
CONTROL-1227,GUARDIAN_ACCOUNT,BEN-030820|BEN-010580,Two distinct students have recorded guardian payout authorization.
CONTROL-0212,COMMON_SURNAME,BEN-001364|BEN-019547|BEN-019807,Distinct local students share a common surname and institution.
CONTROL-0099,CORRECTED_APPLICATION,BEN-049659|BEN-001526,An earlier cancelled application is replaced by one approved claim; cancelled claim is unpaid.
CONTROL-0154,HOSTEL_ADDRESS,BEN-011808|BEN-033199|BEN-012868|BEN-000876|BEN-016270,Five distinct residents share a hostel address; individual accounts and contacts.
CONTROL-0659,FAMILY_CONTACT,BEN-016585|BEN-000357|BEN-023123,Distinct family members share their household contact and residence.
CONTROL-0326,FAMILY_CONTACT,BEN-004747|BEN-043976|BEN-013901,Distinct family members share their household contact and residence.
CONTROL-0279,CORRECTED_APPLICATION,BEN-034199|BEN-032110,An earlier cancelled application is replaced by one approved claim; cancelled claim is unpaid.
CONTROL-0708,REGISTRATION_CAMP,BEN-016547|BEN-048650|BEN-035218,Genuine campus enrollment camp produces a short registration burst.
CONTROL-0731,FAMILY_CONTACT,BEN-028993|BEN-028863|BEN-049004,Distinct family members share their household contact and residence.
CONTROL-0218,FAMILY_CONTACT,BEN-025502|BEN-043462|BEN-011645,Distinct family members share their household contact and residence.
CONTROL-1456,BENIGN_COLLECTION,BEN-046968|BEN-022849|BEN-018704|BEN-008221|BEN-030750|BEN-013604|BEN-025906|BEN-021672|BEN-002498|BEN-003377|BEN-037578|BEN-021457|BEN-040616|BEN-005241|BEN-008930|BEN-020875|BEN-001251|BEN-040808|BEN-010657|BEN-026040|BEN-003771|BEN-046957|BEN-038739|BEN-027881|BEN-021049|BEN-019946|BEN-021790|BEN-008650|BEN-038016|BEN-049350|BEN-017084|BEN-032336|BEN-040267|BEN-011899|BEN-030769|BEN-020598|BEN-046857|BEN-032981|BEN-046130|BEN-020901|BEN-019955|BEN-010305|BEN-008014|BEN-045489|BEN-030648|BEN-017805|BEN-009499|BEN-033599|BEN-004707|BEN-037005|BEN-022951|BEN-048595|BEN-016953|BEN-011953|BEN-015852|BEN-015606|BEN-026625|BEN-033778|BEN-044749|BEN-032966|BEN-006760|BEN-029493|BEN-029398|BEN-002971|BEN-004515|BEN-036914|BEN-017329|BEN-006163|BEN-027333,Routine low-value synthetic service payments to ACC-028785; not an injected suspicious collector.
CONTROL-0601,BENIGN_CYCLE,BEN-000338|BEN-041694|BEN-020959,A funded roommate expense advance is repaid through three accounts.
CONTROL-0464,COMMON_SURNAME,BEN-007781|BEN-030294|BEN-031866,Distinct local students share a common surname and institution.
CONTROL-0109,HOSTEL_ADDRESS,BEN-032476|BEN-032019|BEN-020183|BEN-042299|BEN-024857,Five distinct residents share a hostel address; individual accounts and contacts.
CONTROL-0669,GUARDIAN_ACCOUNT,BEN-032978|BEN-045388,Two distinct students have recorded guardian payout authorization.
CONTROL-0440,COMPATIBLE_SCHEMES,BEN-022643|BEN-018847,Tuition and study-material support are permitted together in the same year.
CONTROL-0202,IDENTICAL_NAME,BEN-018923|BEN-045145,"Same full name, distinct birth dates, contacts and accounts."
CONTROL-0856,HOSTEL_ADDRESS,BEN-032334|BEN-040302|BEN-032839|BEN-004263|BEN-041681,Five distinct residents share a hostel address; individual accounts and contacts.
CONTROL-0763,BENIGN_CYCLE,BEN-024446|BEN-031537|BEN-037433,A funded roommate expense advance is repaid through three accounts.
CONTROL-1358,BENIGN_COLLECTION,BEN-019557|BEN-015765|BEN-044404|BEN-012796|BEN-017659|BEN-017332|BEN-049008|BEN-027971|BEN-030231|BEN-049818|BEN-015438|BEN-042912|BEN-042111|BEN-035205|BEN-041127|BEN-046426|BEN-000199|BEN-034485|BEN-042521|BEN-011216|BEN-045276|BEN-028131|BEN-010340|BEN-041425|BEN-043197|BEN-000354|BEN-028262|BEN-007425|BEN-049797|BEN-032689|BEN-024725|BEN-017405|BEN-007595|BEN-043121|BEN-026525|BEN-004000|BEN-038219|BEN-005677|BEN-023647|BEN-039966|BEN-032123|BEN-044899|BEN-049465|BEN-041332|BEN-036195|BEN-019382|BEN-025420|BEN-027635|BEN-004685|BEN-017343|BEN-048145|BEN-029882|BEN-038606|BEN-025950|BEN-011172|BEN-021309|BEN-005928|BEN-000035,Routine low-value synthetic service payments to ACC-120834; not an injected suspicious collector.
CONTROL-0381,GUARDIAN_ACCOUNT,BEN-041650|BEN-027556,Two distinct students have recorded guardian payout authorization.
CONTROL-1309,IDENTICAL_NAME,BEN-032236|BEN-044038,"Same full name, distinct birth dates, contacts and accounts."
CONTROL-0640,HOSTEL_ADDRESS,BEN-008241|BEN-033253|BEN-036393|BEN-011162|BEN-033613,Five distinct residents share a hostel address; individual accounts and contacts.
CONTROL-1094,COMMON_SURNAME,BEN-049926|BEN-049992|BEN-036591,Distinct local students share a common surname and institution.
CONTROL-0844,BENIGN_CYCLE,BEN-021086|BEN-003429|BEN-046874,A funded roommate expense advance is repaid through three accounts.
CONTROL-0948,GUARDIAN_ACCOUNT,BEN-025770|BEN-022403,Two distinct students have recorded guardian payout authorization.
CONTROL-0568,HOSTEL_ADDRESS,BEN-013015|BEN-038292|BEN-041497|BEN-007227|BEN-012395,Five distinct residents share a hostel address; individual accounts and contacts.
CONTROL-0368,COMPATIBLE_SCHEMES,BEN-012662|BEN-009579,Tuition and study-material support are permitted together in the same year.
CONTROL-0947,FAMILY_CONTACT,BEN-017765|BEN-036150|BEN-014579,Distinct family members share their household contact and residence.
CONTROL-0080,COMPATIBLE_SCHEMES,BEN-046876|BEN-011241,Tuition and study-material support are permitted together in the same year.
CONTROL-1322,COMPATIBLE_SCHEMES,BEN-031269|BEN-007121,Tuition and study-material support are permitted together in the same year.
CONTROL-0964,HOSTEL_ADDRESS,BEN-005956|BEN-039523|BEN-045634|BEN-001643|BEN-029043,Five distinct residents share a hostel address; individual accounts and contacts.
CONTROL-0995,COMMON_SURNAME,BEN-010074|BEN-012227|BEN-024000,Distinct local students share a common surname and institution.
CONTROL-0275,COMMON_SURNAME,BEN-047646|BEN-036904|BEN-030635,Distinct local students share a common surname and institution.
CONTROL-1280,FAMILY_CONTACT,BEN-021932|BEN-035623|BEN-040068,Distinct family members share their household contact and residence.
CONTROL-0845,COMPATIBLE_SCHEMES,BEN-017470|BEN-029126,Tuition and study-material support are permitted together in the same year.
CONTROL-0392,COMMON_SURNAME,BEN-020472|BEN-006671|BEN-015001,Distinct local students share a common surname and institution.
CONTROL-1316,FAMILY_CONTACT,BEN-005180|BEN-024097|BEN-045757,Distinct family members share their household contact and residence.
CONTROL-0192,GUARDIAN_ACCOUNT,BEN-014213|BEN-023861,Two distinct students have recorded guardian payout authorization.
CONTROL-1420,BENIGN_COLLECTION,BEN-010422|BEN-024576|BEN-033368|BEN-012813|BEN-030566|BEN-045180|BEN-028573|BEN-048828|BEN-025330|BEN-016213|BEN-040609|BEN-041873|BEN-024523|BEN-032433|BEN-015585|BEN-002104|BEN-014943|BEN-025408|BEN-012237|BEN-046680|BEN-036647|BEN-028210|BEN-018354|BEN-004237|BEN-048182|BEN-012060|BEN-049209|BEN-040555|BEN-033419|BEN-004748|BEN-006557|BEN-040396|BEN-023931|BEN-038445|BEN-013408|BEN-028946|BEN-002654|BEN-012235|BEN-021335|BEN-010410|BEN-010824|BEN-021666|BEN-034745|BEN-036506|BEN-034937|BEN-022742|BEN-028424|BEN-036419|BEN-007941|BEN-011547|BEN-012050|BEN-020298|BEN-029049|BEN-018898|BEN-037136|BEN-011373|BEN-037971|BEN-016677|BEN-032420|BEN-005475|BEN-011290|BEN-033362|BEN-029744,Routine low-value synthetic service payments to ACC-119719; not an injected suspicious collector.
CONTROL-0245,FAMILY_CONTACT,BEN-024307|BEN-043939|BEN-025177,Distinct family members share their household contact and residence.
CONTROL-0249,REGISTRATION_CAMP,BEN-044323|BEN-032317|BEN-049093,Genuine campus enrollment camp produces a short registration burst.
CONTROL-1405,BENIGN_COLLECTION,BEN-022112|BEN-030691|BEN-032356|BEN-048325|BEN-020576|BEN-037522|BEN-013966|BEN-039840|BEN-012348|BEN-030433|BEN-040803|BEN-040668|BEN-015047|BEN-020647|BEN-032211|BEN-001078|BEN-005947|BEN-034536|BEN-032492|BEN-031130|BEN-002880|BEN-019986|BEN-045861|BEN-020417|BEN-039715|BEN-044147|BEN-035920|BEN-001324|BEN-046715|BEN-005668|BEN-022448|BEN-003877|BEN-034684|BEN-047622|BEN-031723|BEN-045921|BEN-011947|BEN-046059|BEN-022347|BEN-027944|BEN-048133|BEN-027559|BEN-030542|BEN-017904|BEN-044164|BEN-047288|BEN-030575|BEN-041602|BEN-001888|BEN-004439|BEN-040011|BEN-040767|BEN-024416|BEN-049634|BEN-012942|BEN-044140|BEN-027403|BEN-028607|BEN-045342|BEN-008962|BEN-029018|BEN-018240|BEN-047361|BEN-005406|BEN-002260,Routine low-value synthetic service payments to ACC-126968; not an injected suspicious collector.
CONTROL-0958,IDENTICAL_NAME,BEN-040773|BEN-022975,"Same full name, distinct birth dates, contacts and accounts."
CONTROL-1084,IDENTICAL_NAME,BEN-038865|BEN-010675,"Same full name, distinct birth dates, contacts and accounts."
CONTROL-0564,REGISTRATION_CAMP,BEN-042279|BEN-047226|BEN-039205,Genuine campus enrollment camp produces a short registration burst.
CONTROL-0206,COMPATIBLE_SCHEMES,BEN-025515|BEN-016883,Tuition and study-material support are permitted together in the same year.
CONTROL-0355,IDENTICAL_NAME,BEN-029129|BEN-013647,"Same full name, distinct birth dates, contacts and accounts."
CONTROL-0461,FAMILY_CONTACT,BEN-041334|BEN-032262|BEN-037715,Distinct family members share their household contact and residence.
CONTROL-0832,IDENTICAL_NAME,BEN-010507|BEN-026879,"Same full name, distinct birth dates, contacts and accounts."
CONTROL-0009,CORRECTED_APPLICATION,BEN-042692|BEN-026261,An earlier cancelled application is replaced by one approved claim; cancelled claim is unpaid.
CONTROL-0499,IDENTICAL_NAME,BEN-017185|BEN-026108,"Same full name, distinct birth dates, contacts and accounts."
CONTROL-0064,HOSTEL_ADDRESS,BEN-045209|BEN-039242|BEN-041155|BEN-040556|BEN-027917,Five distinct residents share a hostel address; individual accounts and contacts.
CONTROL-0163,HOSTEL_ADDRESS,BEN-022821|BEN-004320|BEN-043770|BEN-046447|BEN-044818,Five distinct residents share a hostel address; individual accounts and contacts.
CONTROL-0588,GUARDIAN_ACCOUNT,BEN-044231|BEN-031940,Two distinct students have recorded guardian payout authorization.
CONTROL-0033,REGISTRATION_CAMP,BEN-022741|BEN-006734|BEN-018935,Genuine campus enrollment camp produces a short registration burst.
CONTROL-1468,BENIGN_COLLECTION,BEN-021118|BEN-013388|BEN-007628|BEN-022408|BEN-032529|BEN-000745|BEN-015475|BEN-001850|BEN-045174|BEN-047417|BEN-030286|BEN-008399|BEN-029168|BEN-028595|BEN-027781|BEN-000067|BEN-038435|BEN-032494|BEN-000084|BEN-031554|BEN-031555|BEN-048519|BEN-045132|BEN-009160|BEN-047414|BEN-010934|BEN-000729|BEN-011822|BEN-013430|BEN-046867|BEN-002228|BEN-032709|BEN-030421|BEN-031568|BEN-007703|BEN-007767|BEN-038305|BEN-023231|BEN-021275|BEN-014160|BEN-003398|BEN-041978|BEN-010503|BEN-039208|BEN-005251|BEN-045595|BEN-016555|BEN-008111|BEN-016375|BEN-018360|BEN-019780|BEN-004806|BEN-049337|BEN-015792|BEN-036091|BEN-002021|BEN-038366|BEN-026049|BEN-001716,Routine low-value synthetic service payments to ACC-143693; not an injected suspicious collector.
CONTROL-0272,FAMILY_CONTACT,BEN-003824|BEN-041687|BEN-005333,Distinct family members share their household contact and residence.
CONTROL-0323,COMPATIBLE_SCHEMES,BEN-012687|BEN-000538,Tuition and study-material support are permitted together in the same year.
CONTROL-0430,BENIGN_CYCLE,BEN-027555|BEN-001882|BEN-047495,A funded roommate expense advance is repaid through three accounts.
CONTROL-1336,IDENTICAL_NAME,BEN-037589|BEN-040697,"Same full name, distinct birth dates, contacts and accounts."
CONTROL-0334,HOSTEL_ADDRESS,BEN-037744|BEN-002822|BEN-042036|BEN-024610|BEN-048008,Five distinct residents share a hostel address; individual accounts and contacts.
CONTROL-0801,CORRECTED_APPLICATION,BEN-024972|BEN-017585,An earlier cancelled application is replaced by one approved claim; cancelled claim is unpaid.
CONTROL-1075,IDENTICAL_NAME,BEN-014178|BEN-048853,"Same full name, distinct birth dates, contacts and accounts."
CONTROL-0779,COMMON_SURNAME,BEN-047832|BEN-014819|BEN-004736,Distinct local students share a common surname and institution.
CONTROL-1113,REGISTRATION_CAMP,BEN-030254|BEN-038219|BEN-026975,Genuine campus enrollment camp produces a short registration burst.
CONTROL-0673,BENIGN_CYCLE,BEN-031170|BEN-046616|BEN-036554,A funded roommate expense advance is repaid through three accounts.
CONTROL-0970,BENIGN_CYCLE,BEN-044600|BEN-010496|BEN-044794,A funded roommate expense advance is repaid through three accounts.
CONTROL-0459,CORRECTED_APPLICATION,BEN-048891|BEN-012329,An earlier cancelled application is replaced by one approved claim; cancelled claim is unpaid.
CONTROL-0512,COMPATIBLE_SCHEMES,BEN-025682|BEN-013951,Tuition and study-material support are permitted together in the same year.
CONTROL-0582,REGISTRATION_CAMP,BEN-045111|BEN-040228|BEN-012824,Genuine campus enrollment camp produces a short registration burst.
CONTROL-0688,IDENTICAL_NAME,BEN-049018|BEN-030765,"Same full name, distinct birth dates, contacts and accounts."
CONTROL-1369,BENIGN_COLLECTION,BEN-049645|BEN-001788|BEN-024802|BEN-022617|BEN-001599|BEN-012709|BEN-028221|BEN-044340|BEN-019391|BEN-049448|BEN-025280|BEN-005788|BEN-009943|BEN-020585|BEN-010254|BEN-035364|BEN-012186|BEN-042470|BEN-047711|BEN-020610|BEN-010880|BEN-047656|BEN-047122|BEN-024094|BEN-015493|BEN-040980|BEN-042066|BEN-008201|BEN-001293|BEN-042785|BEN-002407|BEN-013614|BEN-034497|BEN-040861|BEN-022675|BEN-034293|BEN-002742|BEN-040658|BEN-038392|BEN-002018|BEN-012502|BEN-000755|BEN-027914|BEN-012434|BEN-045686|BEN-032470|BEN-027965|BEN-043971|BEN-027762|BEN-025298|BEN-035397|BEN-025803|BEN-014305|BEN-018055|BEN-029458,Routine low-value synthetic service payments to ACC-036839; not an injected suspicious collector.
CONTROL-1499,BENIGN_COLLECTION,BEN-021346|BEN-020275|BEN-039373|BEN-012123|BEN-032880|BEN-024421|BEN-029118|BEN-042413|BEN-020940|BEN-045994|BEN-000377|BEN-020839|BEN-011478|BEN-036061|BEN-031318|BEN-000677|BEN-012829|BEN-010070|BEN-042451|BEN-028652|BEN-014316|BEN-028746|BEN-023789|BEN-047984|BEN-017283|BEN-009734|BEN-038206|BEN-034298|BEN-034330|BEN-016245|BEN-046539|BEN-040107|BEN-007737|BEN-043838|BEN-035269|BEN-010224|BEN-017490|BEN-012179|BEN-033935|BEN-019461|BEN-005755|BEN-001690|BEN-036239|BEN-026611|BEN-016176|BEN-027556|BEN-015262|BEN-015626|BEN-000522|BEN-038244|BEN-023824|BEN-000382|BEN-003919|BEN-012476|BEN-018680|BEN-045943|BEN-024278|BEN-032750|BEN-003348|BEN-041180|BEN-018993|BEN-047934|BEN-009887,Routine low-value synthetic service payments to ACC-057342; not an injected suspicious collector.
CONTROL-0302,COMMON_SURNAME,BEN-012704|BEN-012177|BEN-044559,Distinct local students share a common surname and institution.
CONTROL-0712,HOSTEL_ADDRESS,BEN-020317|BEN-022085|BEN-008932|BEN-036828|BEN-029638,Five distinct residents share a hostel address; individual accounts and contacts.
CONTROL-1400,BENIGN_COLLECTION,BEN-049413|BEN-043517|BEN-012525|BEN-027981|BEN-030598|BEN-007121|BEN-011104|BEN-041609|BEN-036966|BEN-019543|BEN-042778|BEN-038790|BEN-007033|BEN-035206|BEN-017404|BEN-034635|BEN-021288|BEN-012464|BEN-042632|BEN-014947|BEN-000151|BEN-014421|BEN-041539|BEN-033600|BEN-000498|BEN-040461|BEN-042873|BEN-036753|BEN-006887|BEN-001932|BEN-015177|BEN-045499|BEN-015446|BEN-030700|BEN-042427|BEN-049729|BEN-047700|BEN-038975|BEN-004451|BEN-031481|BEN-048002|BEN-044507|BEN-049503|BEN-011887|BEN-049506|BEN-026386|BEN-009438|BEN-022081|BEN-021297|BEN-021773|BEN-046242|BEN-045990|BEN-043365|BEN-017731|BEN-009691|BEN-011535|BEN-046597|BEN-007764|BEN-004796|BEN-004054|BEN-049071|BEN-043273,Routine low-value synthetic service payments to ACC-066812; not an injected suspicious collector.
CONTROL-0865,HOSTEL_ADDRESS,BEN-005574|BEN-039161|BEN-014590|BEN-024595|BEN-032550,Five distinct residents share a hostel address; individual accounts and contacts.
CONTROL-1064,FAMILY_CONTACT,BEN-026460|BEN-010892|BEN-042559,Distinct family members share their household contact and residence.
CONTROL-1055,FAMILY_CONTACT,BEN-000440|BEN-031264|BEN-047366,Distinct family members share their household contact and residence.
CONTROL-1063,HOSTEL_ADDRESS,BEN-048110|BEN-034796|BEN-014867|BEN-003040|BEN-038261,Five distinct residents share a hostel address; individual accounts and contacts.
CONTROL-0086,COMMON_SURNAME,BEN-020461|BEN-024300|BEN-009874,Distinct local students share a common surname and institution.
CONTROL-0921,GUARDIAN_ACCOUNT,BEN-037316|BEN-026612,Two distinct students have recorded guardian payout authorization.
CONTROL-0580,IDENTICAL_NAME,BEN-047345|BEN-001172,"Same full name, distinct birth dates, contacts and accounts."
CONTROL-0760,IDENTICAL_NAME,BEN-026324|BEN-013687,"Same full name, distinct birth dates, contacts and accounts."
CONTROL-1054,HOSTEL_ADDRESS,BEN-030157|BEN-035893|BEN-010652|BEN-016783|BEN-029904,Five distinct residents share a hostel address; individual accounts and contacts.
CONTROL-0284,COMMON_SURNAME,BEN-024320|BEN-024341|BEN-038904,Distinct local students share a common surname and institution.
CONTROL-0243,CORRECTED_APPLICATION,BEN-011063|BEN-024459,An earlier cancelled application is replaced by one approved claim; cancelled claim is unpaid.
CONTROL-1160,COMPATIBLE_SCHEMES,BEN-012844|BEN-023569,Tuition and study-material support are permitted together in the same year.
CONTROL-0183,GUARDIAN_ACCOUNT,BEN-004936|BEN-019660,Two distinct students have recorded guardian payout authorization.
CONTROL-0816,REGISTRATION_CAMP,BEN-012032|BEN-028145|BEN-013591,Genuine campus enrollment camp produces a short registration burst.
CONTROL-1126,HOSTEL_ADDRESS,BEN-002083|BEN-016555|BEN-023039|BEN-000611|BEN-009270,Five distinct residents share a hostel address; individual accounts and contacts.
CONTROL-0752,COMMON_SURNAME,BEN-002812|BEN-010767|BEN-039585,Distinct local students share a common surname and institution.
CONTROL-0915,REGISTRATION_CAMP,BEN-024707|BEN-044959|BEN-013626,Genuine campus enrollment camp produces a short registration burst.
CONTROL-1272,GUARDIAN_ACCOUNT,BEN-000738|BEN-004576,Two distinct students have recorded guardian payout authorization.
CONTROL-0156,GUARDIAN_ACCOUNT,BEN-042755|BEN-040610,Two distinct students have recorded guardian payout authorization.
CONTROL-1042,BENIGN_CYCLE,BEN-032345|BEN-037814|BEN-022184,A funded roommate expense advance is repaid through three accounts.
CONTROL-1500,BENIGN_COLLECTION,BEN-013869|BEN-047887|BEN-030387|BEN-036188|BEN-017762|BEN-031261|BEN-007759|BEN-003582|BEN-003471|BEN-030253|BEN-025014|BEN-026488|BEN-031161|BEN-041034|BEN-039468|BEN-014982|BEN-000172|BEN-043946|BEN-021968|BEN-045593|BEN-004830|BEN-005237|BEN-024828|BEN-034848|BEN-010157|BEN-047286|BEN-031100|BEN-037655|BEN-040999|BEN-032415|BEN-003835|BEN-011876|BEN-022561|BEN-041946|BEN-036313|BEN-036693|BEN-023829|BEN-033710|BEN-000624|BEN-011337|BEN-025355|BEN-002242|BEN-021717|BEN-040491|BEN-047865|BEN-011961|BEN-030436|BEN-020192|BEN-003391|BEN-007353|BEN-012866|BEN-014746|BEN-005235|BEN-030281|BEN-009974|BEN-030029|BEN-041436|BEN-030885|BEN-013896|BEN-045684|BEN-005279|BEN-021404|BEN-045938|BEN-012414|BEN-046041|BEN-015110|BEN-004613|BEN-042625|BEN-036629|BEN-019206|BEN-043171|BEN-000591|BEN-042020|BEN-002752|BEN-009189|BEN-025075|BEN-032427|BEN-043162|BEN-002325|BEN-016638|BEN-019752|BEN-034747|BEN-048567|BEN-022244|BEN-041956|BEN-007089|BEN-045869|BEN-028113|BEN-023812|BEN-027102,Routine low-value synthetic service payments to ACC-058040; not an injected suspicious collector.
CONTROL-0563,COMMON_SURNAME,BEN-008121|BEN-004167|BEN-037163,Distinct local students share a common surname and institution.
CONTROL-0382,IDENTICAL_NAME,BEN-002925|BEN-048232,"Same full name, distinct birth dates, contacts and accounts."
CONTROL-0286,BENIGN_CYCLE,BEN-045935|BEN-019599|BEN-011325,A funded roommate expense advance is repaid through three accounts.
CONTROL-0785,FAMILY_CONTACT,BEN-043457|BEN-047691|BEN-042860,Distinct family members share their household contact and residence.
CONTROL-0208,HOSTEL_ADDRESS,BEN-020880|BEN-024311|BEN-016209|BEN-023087|BEN-030446,Five distinct residents share a hostel address; individual accounts and contacts.
CONTROL-0979,BENIGN_CYCLE,BEN-043373|BEN-043072|BEN-025883,A funded roommate expense advance is repaid through three accounts.
CONTROL-0209,FAMILY_CONTACT,BEN-049811|BEN-041121|BEN-008911,Distinct family members share their household contact and residence.
CONTROL-0998,COMPATIBLE_SCHEMES,BEN-036827|BEN-004327,Tuition and study-material support are permitted together in the same year.
CONTROL-1284,REGISTRATION_CAMP,BEN-040092|BEN-024508|BEN-025348,Genuine campus enrollment camp produces a short registration burst.
CONTROL-0687,GUARDIAN_ACCOUNT,BEN-031769|BEN-016191,Two distinct students have recorded guardian payout authorization.
CONTROL-1412,BENIGN_COLLECTION,BEN-010263|BEN-014146|BEN-004091|BEN-029945|BEN-044423|BEN-046233|BEN-045997|BEN-021689|BEN-041666|BEN-046812|BEN-004162|BEN-016763|BEN-017643|BEN-000436|BEN-024221|BEN-042262|BEN-044579|BEN-020257|BEN-039769|BEN-007765|BEN-005169|BEN-020903|BEN-037160|BEN-035996|BEN-025273|BEN-045494|BEN-007778|BEN-029106|BEN-034123|BEN-018619|BEN-008639|BEN-036108|BEN-029813|BEN-039031|BEN-042343|BEN-038192|BEN-047307|BEN-000956|BEN-043210|BEN-031808|BEN-006988|BEN-019355|BEN-018928|BEN-002172|BEN-018428|BEN-045815|BEN-019950|BEN-006242|BEN-003363|BEN-036709|BEN-043910|BEN-046978|BEN-045249|BEN-027785|BEN-024302|BEN-012587|BEN-008928|BEN-047099|BEN-047233|BEN-027512|BEN-037103|BEN-003746|BEN-015424|BEN-014946|BEN-020494|BEN-011758,Routine low-value synthetic service payments to ACC-116752; not an injected suspicious collector.
CONTROL-0562,IDENTICAL_NAME,BEN-010495|BEN-000039,"Same full name, distinct birth dates, contacts and accounts."
CONTROL-1140,REGISTRATION_CAMP,BEN-049267|BEN-039118|BEN-049518,Genuine campus enrollment camp produces a short registration burst.
CONTROL-1495,BENIGN_COLLECTION,BEN-043189|BEN-036093|BEN-006039|BEN-048465|BEN-016392|BEN-019904|BEN-017581|BEN-001905|BEN-038582|BEN-043373|BEN-033961|BEN-010868|BEN-027058|BEN-048253|BEN-016212|BEN-012338|BEN-000166|BEN-027282|BEN-034585|BEN-045353|BEN-044307|BEN-033668|BEN-013496|BEN-043325|BEN-034608|BEN-023713|BEN-037350|BEN-001016|BEN-042530|BEN-014942|BEN-031859|BEN-040442|BEN-005278|BEN-013304|BEN-046026|BEN-049829|BEN-048545|BEN-022667|BEN-040903|BEN-009511|BEN-043849|BEN-001084|BEN-041033|BEN-040502|BEN-015628|BEN-000986|BEN-024473|BEN-040048|BEN-036221|BEN-025657|BEN-024760|BEN-001808,Routine low-value synthetic service payments to ACC-018881; not an injected suspicious collector.
CONTROL-0898,BENIGN_CYCLE,BEN-002058|BEN-002265|BEN-013181,A funded roommate expense advance is repaid through three accounts.
CONTROL-1384,BENIGN_COLLECTION,BEN-028492|BEN-009501|BEN-004502|BEN-045107|BEN-032322|BEN-018888|BEN-042106|BEN-024654|BEN-018691|BEN-038007|BEN-020621|BEN-000600|BEN-005170|BEN-038294|BEN-021177|BEN-023417|BEN-007732|BEN-010704|BEN-031868|BEN-014935|BEN-046451|BEN-017014|BEN-025040|BEN-019928|BEN-008545|BEN-019757|BEN-034957|BEN-018724|BEN-004728|BEN-029757|BEN-017136|BEN-048713|BEN-004310|BEN-042019|BEN-045662|BEN-039305|BEN-016574|BEN-024020|BEN-011930|BEN-010762|BEN-014259|BEN-034317|BEN-046080|BEN-021734|BEN-019583|BEN-037099|BEN-001228|BEN-029103|BEN-013721|BEN-016396|BEN-027345|BEN-010386|BEN-036916|BEN-014199|BEN-021894|BEN-029920|BEN-005709|BEN-035383|BEN-034568|BEN-048721|BEN-017477|BEN-004281|BEN-023975|BEN-024918|BEN-048035|BEN-020942|BEN-041118|BEN-004972|BEN-042971|BEN-004422|BEN-020216|BEN-012677|BEN-021819,Routine low-value synthetic service payments to ACC-027667; not an injected suspicious collector.
CONTROL-0141,REGISTRATION_CAMP,BEN-010217|BEN-010706|BEN-044443,Genuine campus enrollment camp produces a short registration burst.
CONTROL-0703,HOSTEL_ADDRESS,BEN-035253|BEN-044681|BEN-028800|BEN-004974|BEN-035659,Five distinct residents share a hostel address; individual accounts and contacts.
CONTROL-1470,BENIGN_COLLECTION,BEN-007762|BEN-030326|BEN-045960|BEN-031583|BEN-014936|BEN-047311|BEN-008824|BEN-038554|BEN-045791|BEN-034178|BEN-032026|BEN-037928|BEN-044665|BEN-020747|BEN-040740|BEN-022614|BEN-010798|BEN-009343|BEN-045297|BEN-023057|BEN-020132|BEN-040723|BEN-011548|BEN-011030|BEN-047763|BEN-035396|BEN-016682|BEN-035203|BEN-049991|BEN-014095|BEN-009652|BEN-038062|BEN-006657|BEN-013519|BEN-004824|BEN-035211|BEN-046346|BEN-039292|BEN-015772|BEN-005722|BEN-026642|BEN-031757|BEN-031456|BEN-031677|BEN-000057|BEN-049282|BEN-047046|BEN-046941|BEN-018874|BEN-033607|BEN-045097|BEN-002348|BEN-034910|BEN-003747|BEN-037699|BEN-039013|BEN-015614|BEN-003809|BEN-028509|BEN-009408|BEN-013569|BEN-011665|BEN-027718|BEN-031718|BEN-010088|BEN-003177|BEN-001606|BEN-041077|BEN-048605|BEN-014742|BEN-043272|BEN-032249|BEN-025830|BEN-023595,Routine low-value synthetic service payments to ACC-045155; not an injected suspicious collector.
CONTROL-1065,GUARDIAN_ACCOUNT,BEN-035333|BEN-046688,Two distinct students have recorded guardian payout authorization.
CONTROL-0626,COMMON_SURNAME,BEN-041355|BEN-039627|BEN-044162,Distinct local students share a common surname and institution.
CONTROL-1231,BENIGN_CYCLE,BEN-013719|BEN-011642|BEN-042976,A funded roommate expense advance is repaid through three accounts.
CONTROL-0040,IDENTICAL_NAME,BEN-008750|BEN-003026,"Same full name, distinct birth dates, contacts and accounts."
CONTROL-1053,CORRECTED_APPLICATION,BEN-014306|BEN-033031,An earlier cancelled application is replaced by one approved claim; cancelled claim is unpaid.
CONTROL-0436,IDENTICAL_NAME,BEN-016443|BEN-023269,"Same full name, distinct birth dates, contacts and accounts."
CONTROL-1406,BENIGN_COLLECTION,BEN-028905|BEN-049459|BEN-020177|BEN-019185|BEN-005909|BEN-046937|BEN-026608|BEN-044897|BEN-044481|BEN-000494|BEN-000791|BEN-020023|BEN-022571|BEN-019714|BEN-026175|BEN-037859|BEN-000816|BEN-040379|BEN-032958|BEN-040773|BEN-011333|BEN-008032|BEN-046696|BEN-037719|BEN-005779|BEN-022997|BEN-033747|BEN-001463|BEN-030025|BEN-014269|BEN-023828|BEN-017907|BEN-007656|BEN-042722|BEN-035443|BEN-034739|BEN-008503|BEN-001974|BEN-006251|BEN-049441|BEN-001347|BEN-026425|BEN-012446|BEN-000941|BEN-031467|BEN-017961|BEN-047921|BEN-040742|BEN-027724|BEN-039515|BEN-016318|BEN-047467|BEN-005554|BEN-030063|BEN-010417|BEN-031767|BEN-003281|BEN-022793|BEN-049028|BEN-031124|BEN-036222|BEN-047267|BEN-018939|BEN-038714|BEN-009948|BEN-038505|BEN-009057|BEN-038848|BEN-047481|BEN-039816|BEN-035063|BEN-020733|BEN-025419,Routine low-value synthetic service payments to ACC-040019; not an injected suspicious collector.
CONTROL-0339,REGISTRATION_CAMP,BEN-019097|BEN-019802|BEN-034822,Genuine campus enrollment camp produces a short registration burst.
CONTROL-0217,HOSTEL_ADDRESS,BEN-047807|BEN-011198|BEN-046322|BEN-003043|BEN-001816,Five distinct residents share a hostel address; individual accounts and contacts.
CONTROL-0809,COMPATIBLE_SCHEMES,BEN-042145|BEN-029537,Tuition and study-material support are permitted together in the same year.
CONTROL-0983,FAMILY_CONTACT,BEN-034760|BEN-025347|BEN-033832,Distinct family members share their household contact and residence.
CONTROL-0668,FAMILY_CONTACT,BEN-040456|BEN-025216|BEN-046021,Distinct family members share their household contact and residence.
CONTROL-0768,GUARDIAN_ACCOUNT,BEN-034763|BEN-005356,Two distinct students have recorded guardian payout authorization.
CONTROL-1093,IDENTICAL_NAME,BEN-006994|BEN-014096,"Same full name, distinct birth dates, contacts and accounts."
CONTROL-1395,BENIGN_COLLECTION,BEN-002768|BEN-048210|BEN-046412|BEN-035082|BEN-017210|BEN-048178|BEN-010818|BEN-042247|BEN-001478|BEN-045778|BEN-039913|BEN-005633|BEN-039804|BEN-037223|BEN-011102|BEN-018997|BEN-044578|BEN-036668|BEN-014403|BEN-039111|BEN-044827|BEN-016344|BEN-033853|BEN-042130|BEN-042854|BEN-029961|BEN-006519|BEN-015850|BEN-001187|BEN-036606|BEN-042921|BEN-038132|BEN-040995|BEN-026700|BEN-020092|BEN-045823|BEN-045155|BEN-000691|BEN-026203|BEN-035716|BEN-007093|BEN-048858|BEN-000122|BEN-030477|BEN-037871|BEN-012443|BEN-010320|BEN-016984|BEN-046538|BEN-024211|BEN-049434|BEN-042596|BEN-023571|BEN-037116|BEN-037462|BEN-035982|BEN-002090|BEN-009241,Routine low-value synthetic service payments to ACC-115109; not an injected suspicious collector.
CONTROL-0852,REGISTRATION_CAMP,BEN-031776|BEN-021468|BEN-010046,Genuine campus enrollment camp produces a short registration burst.
CONTROL-0657,CORRECTED_APPLICATION,BEN-014717|BEN-020438,An earlier cancelled application is replaced by one approved claim; cancelled claim is unpaid.
CONTROL-0620,COMPATIBLE_SCHEMES,BEN-043524|BEN-011468,Tuition and study-material support are permitted together in the same year.
CONTROL-0634,IDENTICAL_NAME,BEN-040242|BEN-045949,"Same full name, distinct birth dates, contacts and accounts."
CONTROL-0975,GUARDIAN_ACCOUNT,BEN-042621|BEN-020600,Two distinct students have recorded guardian payout authorization.
CONTROL-1444,BENIGN_COLLECTION,BEN-023398|BEN-002835|BEN-000709|BEN-038091|BEN-012861|BEN-003653|BEN-000427|BEN-024402|BEN-042333|BEN-035626|BEN-043953|BEN-021712|BEN-038909|BEN-014261|BEN-021133|BEN-023114|BEN-024534|BEN-016703|BEN-004400|BEN-036400|BEN-034041|BEN-017465|BEN-023281|BEN-039221|BEN-018000|BEN-035984|BEN-034893|BEN-041886|BEN-043372|BEN-016683|BEN-048561|BEN-021286|BEN-033847|BEN-044098|BEN-042335|BEN-009812|BEN-034881|BEN-014698|BEN-042613|BEN-019487|BEN-027139|BEN-012666|BEN-039504|BEN-045790|BEN-000835|BEN-041852|BEN-002502|BEN-001556|BEN-035213|BEN-041689|BEN-042122|BEN-007516|BEN-037629|BEN-001054|BEN-044815|BEN-038857|BEN-040289|BEN-041654|BEN-010235|BEN-015913|BEN-010250|BEN-024369|BEN-015402|BEN-027766|BEN-027750|BEN-008319|BEN-002170|BEN-001385|BEN-001017|BEN-009031|BEN-038625|BEN-001231|BEN-011126|BEN-049861|BEN-033647|BEN-029324|BEN-045035|BEN-022006|BEN-040513|BEN-041292|BEN-044353|BEN-009412|BEN-017228,Routine low-value synthetic service payments to ACC-027277; not an injected suspicious collector.
CONTROL-0932,COMMON_SURNAME,BEN-035238|BEN-040381|BEN-001926,Distinct local students share a common surname and institution.
CONTROL-1038,GUARDIAN_ACCOUNT,BEN-013948|BEN-025359,Two distinct students have recorded guardian payout authorization.
CONTROL-1200,GUARDIAN_ACCOUNT,BEN-031213|BEN-018546,Two distinct students have recorded guardian payout authorization.
CONTROL-0929,FAMILY_CONTACT,BEN-016787|BEN-040680|BEN-030744,Distinct family members share their household contact and residence.
CONTROL-1374,BENIGN_COLLECTION,BEN-016920|BEN-024172|BEN-003000|BEN-010595|BEN-003553|BEN-049664|BEN-007610|BEN-038674|BEN-045614|BEN-043371|BEN-021022|BEN-034649|BEN-022821|BEN-034614|BEN-007713|BEN-045860|BEN-005125|BEN-024319|BEN-038101|BEN-041222|BEN-006198|BEN-011540|BEN-001651|BEN-028161|BEN-033442|BEN-047234|BEN-034343|BEN-022785|BEN-000192|BEN-027094|BEN-032108|BEN-011605|BEN-049419|BEN-004045|BEN-021076|BEN-003183|BEN-039299|BEN-016700|BEN-041227|BEN-000509|BEN-018030|BEN-025737|BEN-013638|BEN-033998|BEN-047199|BEN-049528|BEN-010029|BEN-036817|BEN-031176|BEN-041610|BEN-047410|BEN-045589|BEN-010785|BEN-009525|BEN-032392|BEN-045182|BEN-004724|BEN-018278|BEN-026788,Routine low-value synthetic service payments to ACC-123336; not an injected suspicious collector.
CONTROL-0892,HOSTEL_ADDRESS,BEN-044887|BEN-012863|BEN-026878|BEN-010211|BEN-021798,Five distinct residents share a hostel address; individual accounts and contacts.
CONTROL-0263,FAMILY_CONTACT,BEN-012190|BEN-005927|BEN-018457,Distinct family members share their household contact and residence.
CONTROL-1348,BENIGN_CYCLE,BEN-010561|BEN-047312|BEN-040588,A funded roommate expense advance is repaid through three accounts.
CONTROL-0689,COMMON_SURNAME,BEN-048877|BEN-038546|BEN-033295,Distinct local students share a common surname and institution.
CONTROL-0918,CORRECTED_APPLICATION,BEN-043181|BEN-007690,An earlier cancelled application is replaced by one approved claim; cancelled claim is unpaid.
CONTROL-0482,COMMON_SURNAME,BEN-031204|BEN-024089|BEN-028623,Distinct local students share a common surname and institution.
CONTROL-0089,COMPATIBLE_SCHEMES,BEN-014818|BEN-011488,Tuition and study-material support are permitted together in the same year.
CONTROL-1115,COMPATIBLE_SCHEMES,BEN-025231|BEN-021556,Tuition and study-material support are permitted together in the same year.
CONTROL-1346,COMMON_SURNAME,BEN-043844|BEN-016709|BEN-008464,Distinct local students share a common surname and institution.
CONTROL-0992,FAMILY_CONTACT,BEN-003021|BEN-027030|BEN-014266,Distinct family members share their household contact and residence.
CONTROL-0619,BENIGN_CYCLE,BEN-027457|BEN-030793|BEN-008775,A funded roommate expense advance is repaid through three accounts.
CONTROL-1121,COMMON_SURNAME,BEN-001901|BEN-047716|BEN-045686,Distinct local students share a common surname and institution.
CONTROL-1066,IDENTICAL_NAME,BEN-016130|BEN-003544,"Same full name, distinct birth dates, contacts and accounts."
CONTROL-1188,CORRECTED_APPLICATION,BEN-003466|BEN-034187,An earlier cancelled application is replaced by one approved claim; cancelled claim is unpaid.
CONTROL-1413,BENIGN_COLLECTION,BEN-014122|BEN-032599|BEN-008141|BEN-003108|BEN-041882|BEN-043477|BEN-026819|BEN-039496|BEN-014003|BEN-044056|BEN-026879|BEN-023684|BEN-036236|BEN-009820|BEN-037117|BEN-024028|BEN-049265|BEN-008038|BEN-036940|BEN-019300|BEN-012504|BEN-048401|BEN-037644|BEN-018665|BEN-032927|BEN-017284|BEN-040263|BEN-047938|BEN-040031|BEN-036854|BEN-043418|BEN-002661|BEN-004410|BEN-027664|BEN-003395|BEN-023717|BEN-004461|BEN-034654|BEN-009573|BEN-040440|BEN-029012|BEN-008318|BEN-030679|BEN-025943|BEN-041307|BEN-029187|BEN-042701|BEN-014350|BEN-021897|BEN-018976|BEN-019290|BEN-046350|BEN-029370|BEN-036385|BEN-036149|BEN-004149|BEN-011083|BEN-028742|BEN-024900|BEN-038280|BEN-021287|BEN-018774|BEN-042653,Routine low-value synthetic service payments to ACC-142921; not an injected suspicious collector.
CONTROL-1289,FAMILY_CONTACT,BEN-013625|BEN-002799|BEN-035457,Distinct family members share their household contact and residence.
CONTROL-1142,COMPATIBLE_SCHEMES,BEN-010104|BEN-016463,Tuition and study-material support are permitted together in the same year.
CONTROL-1344,GUARDIAN_ACCOUNT,BEN-011050|BEN-040694,Two distinct students have recorded guardian payout authorization.
CONTROL-0990,CORRECTED_APPLICATION,BEN-005285|BEN-010969,An earlier cancelled application is replaced by one approved claim; cancelled claim is unpaid.
CONTROL-1226,FAMILY_CONTACT,BEN-014616|BEN-012113|BEN-008939,Distinct family members share their household contact and residence.
CONTROL-1070,COMPATIBLE_SCHEMES,BEN-006667|BEN-043097,Tuition and study-material support are permitted together in the same year.
CONTROL-1257,REGISTRATION_CAMP,BEN-019101|BEN-037754|BEN-005740,Genuine campus enrollment camp produces a short registration burst.
CONTROL-0559,HOSTEL_ADDRESS,BEN-010977|BEN-024366|BEN-000018|BEN-047852|BEN-031788,Five distinct residents share a hostel address; individual accounts and contacts.
CONTROL-1330,BENIGN_CYCLE,BEN-022927|BEN-013180|BEN-040661,A funded roommate expense advance is repaid through three accounts.
CONTROL-1364,BENIGN_COLLECTION,BEN-031418|BEN-040168|BEN-012224|BEN-030602|BEN-008728|BEN-020507|BEN-012053|BEN-013480|BEN-014416|BEN-000278|BEN-048846|BEN-037171|BEN-007690|BEN-043407|BEN-011806|BEN-014847|BEN-017073|BEN-046912|BEN-027678|BEN-045281|BEN-023745|BEN-029058|BEN-019937|BEN-000858|BEN-046742|BEN-003606|BEN-002127|BEN-014869|BEN-036601|BEN-028732|BEN-036053|BEN-017338|BEN-018221|BEN-010714|BEN-019868|BEN-026896|BEN-035940|BEN-043940|BEN-019966|BEN-013392|BEN-010583|BEN-049175|BEN-009451|BEN-001748|BEN-036776|BEN-021421|BEN-026116|BEN-020027|BEN-022585|BEN-010237|BEN-021534|BEN-045491|BEN-001876|BEN-005470|BEN-022622|BEN-032931|BEN-018745|BEN-016737|BEN-021913|BEN-028024|BEN-047003|BEN-003797|BEN-008367|BEN-009945|BEN-024235,Routine low-value synthetic service payments to ACC-039216; not an injected suspicious collector.
CONTROL-0239,COMMON_SURNAME,BEN-001004|BEN-016280|BEN-016150,Distinct local students share a common surname and institution.
CONTROL-1152,CORRECTED_APPLICATION,BEN-039408|BEN-048898,An earlier cancelled application is replaced by one approved claim; cancelled claim is unpaid.
CONTROL-0778,IDENTICAL_NAME,BEN-040438|BEN-040570,"Same full name, distinct birth dates, contacts and accounts."
CONTROL-1428,BENIGN_COLLECTION,BEN-045504|BEN-013385|BEN-048517|BEN-007227|BEN-046621|BEN-028330|BEN-003061|BEN-029171|BEN-010545|BEN-021291|BEN-044321|BEN-020722|BEN-041178|BEN-043819|BEN-018407|BEN-047397|BEN-007947|BEN-038423|BEN-028350|BEN-043622|BEN-026165|BEN-044544|BEN-040055|BEN-045713|BEN-030536|BEN-005600|BEN-001407|BEN-036768|BEN-016215|BEN-025625|BEN-020860|BEN-018648|BEN-024765|BEN-036424|BEN-032140|BEN-046734|BEN-042581|BEN-037622|BEN-039485|BEN-022932|BEN-009696|BEN-038916|BEN-008575|BEN-021017|BEN-021577|BEN-003387|BEN-048313|BEN-045613|BEN-011512|BEN-028586|BEN-014801|BEN-025915|BEN-004154|BEN-018229|BEN-013395|BEN-015150|BEN-041718|BEN-008373|BEN-034271|BEN-002833|BEN-004505|BEN-012482|BEN-002686|BEN-019544|BEN-019913|BEN-011294|BEN-009410|BEN-037306|BEN-043014,Routine low-value synthetic service payments to ACC-131739; not an injected suspicious collector.
CONTROL-1208,FAMILY_CONTACT,BEN-030570|BEN-020063|BEN-013872,Distinct family members share their household contact and residence.
CONTROL-0897,REGISTRATION_CAMP,BEN-001851|BEN-023802|BEN-010375,Genuine campus enrollment camp produces a short registration burst.
CONTROL-0047,FAMILY_CONTACT,BEN-027113|BEN-004489|BEN-005073,Distinct family members share their household contact and residence.
CONTROL-1114,BENIGN_CYCLE,BEN-017382|BEN-015184|BEN-044083,A funded roommate expense advance is repaid through three accounts.
CONTROL-0423,CORRECTED_APPLICATION,BEN-013394|BEN-000935,An earlier cancelled application is replaced by one approved claim; cancelled claim is unpaid.
CONTROL-0851,COMMON_SURNAME,BEN-002728|BEN-022017|BEN-035365,Distinct local students share a common surname and institution.
CONTROL-1482,BENIGN_COLLECTION,BEN-037328|BEN-049481|BEN-033581|BEN-045464|BEN-017425|BEN-005991|BEN-045422|BEN-030620|BEN-039271|BEN-014309|BEN-024667|BEN-027124|BEN-015677|BEN-037977|BEN-018862|BEN-028792|BEN-008462|BEN-027384|BEN-002479|BEN-037323|BEN-025498|BEN-012891|BEN-034116|BEN-002267|BEN-026117|BEN-047964|BEN-028855|BEN-032028|BEN-010766|BEN-041261|BEN-008846|BEN-044203|BEN-043797|BEN-009320|BEN-033334|BEN-017668|BEN-005232|BEN-040591|BEN-024899|BEN-010776|BEN-005901|BEN-041215|BEN-036006|BEN-034714|BEN-033234|BEN-013061|BEN-013893|BEN-028188|BEN-030418|BEN-047615|BEN-044740|BEN-041778|BEN-031273|BEN-003058|BEN-046232|BEN-048036|BEN-011317|BEN-032801|BEN-036050|BEN-048524|BEN-047005|BEN-006114|BEN-040992|BEN-036477|BEN-040436|BEN-019597|BEN-019858|BEN-002995|BEN-000385|BEN-047520,Routine low-value synthetic service payments to ACC-008293; not an injected suspicious collector.
CONTROL-1175,COMMON_SURNAME,BEN-043117|BEN-013789|BEN-004061,Distinct local students share a common surname and institution.
CONTROL-0574,BENIGN_CYCLE,BEN-049310|BEN-048604|BEN-017900,A funded roommate expense advance is repaid through three accounts.
CONTROL-0818,COMPATIBLE_SCHEMES,BEN-005588|BEN-005717,Tuition and study-material support are permitted together in the same year.
CONTROL-0135,CORRECTED_APPLICATION,BEN-003099|BEN-026635,An earlier cancelled application is replaced by one approved claim; cancelled claim is unpaid.
CONTROL-0096,REGISTRATION_CAMP,BEN-032793|BEN-045943|BEN-016355,Genuine campus enrollment camp produces a short registration burst.
CONTROL-0247,IDENTICAL_NAME,BEN-020269|BEN-035776,"Same full name, distinct birth dates, contacts and accounts."
CONTROL-0770,COMMON_SURNAME,BEN-020690|BEN-001644|BEN-025608,Distinct local students share a common surname and institution.
CONTROL-1252,HOSTEL_ADDRESS,BEN-026955|BEN-013069|BEN-033143|BEN-015965|BEN-005177,Five distinct residents share a hostel address; individual accounts and contacts.
CONTROL-0476,COMPATIBLE_SCHEMES,BEN-021970|BEN-010514,Tuition and study-material support are permitted together in the same year.
CONTROL-1326,GUARDIAN_ACCOUNT,BEN-009821|BEN-003981,Two distinct students have recorded guardian payout authorization.
CONTROL-0390,GUARDIAN_ACCOUNT,BEN-040471|BEN-013767,Two distinct students have recorded guardian payout authorization.
CONTROL-0567,CORRECTED_APPLICATION,BEN-011482|BEN-000928,An earlier cancelled application is replaced by one approved claim; cancelled claim is unpaid.
CONTROL-0807,REGISTRATION_CAMP,BEN-040441|BEN-015998|BEN-036496,Genuine campus enrollment camp produces a short registration burst.
CONTROL-0771,REGISTRATION_CAMP,BEN-032963|BEN-014242|BEN-047683,Genuine campus enrollment camp produces a short registration burst.
CONTROL-0060,REGISTRATION_CAMP,BEN-043536|BEN-030306|BEN-017807,Genuine campus enrollment camp produces a short registration burst.
CONTROL-1092,GUARDIAN_ACCOUNT,BEN-045230|BEN-046720,Two distinct students have recorded guardian payout authorization.
CONTROL-1194,REGISTRATION_CAMP,BEN-005756|BEN-027809|BEN-024030,Genuine campus enrollment camp produces a short registration burst.
CONTROL-1300,IDENTICAL_NAME,BEN-008666|BEN-004250,"Same full name, distinct birth dates, contacts and accounts."
CONTROL-0271,HOSTEL_ADDRESS,BEN-013330|BEN-041130|BEN-020212|BEN-002622|BEN-046601,Five distinct residents share a hostel address; individual accounts and contacts.
CONTROL-1414,BENIGN_COLLECTION,BEN-034964|BEN-031033|BEN-044495|BEN-001268|BEN-006016|BEN-037687|BEN-024676|BEN-040858|BEN-019628|BEN-038922|BEN-016612|BEN-027172|BEN-046100|BEN-023604|BEN-042298|BEN-035823|BEN-008113|BEN-045646|BEN-022366|BEN-029984|BEN-016765|BEN-015632|BEN-007588|BEN-000115|BEN-002374|BEN-045158|BEN-031605|BEN-021780|BEN-010851|BEN-009770|BEN-025223|BEN-021070|BEN-029869|BEN-007225|BEN-003386|BEN-014317|BEN-007355|BEN-017443|BEN-021694|BEN-005973|BEN-002360|BEN-024492|BEN-036038|BEN-012758|BEN-028955|BEN-041874|BEN-032358|BEN-028006|BEN-008100|BEN-028673|BEN-026703|BEN-047660|BEN-003681|BEN-024348|BEN-037135|BEN-007326|BEN-041356|BEN-021444|BEN-030149|BEN-023535|BEN-016934|BEN-026137|BEN-016686|BEN-006441|BEN-028127|BEN-022119|BEN-037667,Routine low-value synthetic service payments to ACC-006336; not an injected suspicious collector.
CONTROL-0480,GUARDIAN_ACCOUNT,BEN-007546|BEN-025388,Two distinct students have recorded guardian payout authorization.
CONTROL-1103,COMMON_SURNAME,BEN-014248|BEN-017217|BEN-018900,Distinct local students share a common surname and institution.
CONTROL-0775,HOSTEL_ADDRESS,BEN-029718|BEN-033647|BEN-028704|BEN-033479|BEN-042379,Five distinct residents share a hostel address; individual accounts and contacts.
CONTROL-1095,REGISTRATION_CAMP,BEN-009678|BEN-019096|BEN-010837,Genuine campus enrollment camp produces a short registration burst.
CONTROL-1328,COMMON_SURNAME,BEN-006543|BEN-013745|BEN-048106,Distinct local students share a common surname and institution.
CONTROL-1167,REGISTRATION_CAMP,BEN-018155|BEN-000291|BEN-043988,Genuine campus enrollment camp produces a short registration burst.
CONTROL-1154,FAMILY_CONTACT,BEN-006441|BEN-018245|BEN-031340,Distinct family members share their household contact and residence.
CONTROL-1440,BENIGN_COLLECTION,BEN-025473|BEN-037782|BEN-028414|BEN-002700|BEN-036570|BEN-044591|BEN-008132|BEN-014517|BEN-021763|BEN-028862|BEN-014078|BEN-042695|BEN-038466|BEN-024941|BEN-039985|BEN-034721|BEN-036348|BEN-021430|BEN-046603|BEN-039281|BEN-030595|BEN-010275|BEN-010156|BEN-035656|BEN-022995|BEN-010004|BEN-022814|BEN-031374|BEN-046730|BEN-042910|BEN-046324|BEN-018281|BEN-046282|BEN-013352|BEN-003174|BEN-018811|BEN-037519|BEN-021613|BEN-026194|BEN-030118|BEN-044105|BEN-047631|BEN-016074|BEN-049053|BEN-022711|BEN-034305|BEN-044431|BEN-035407|BEN-011927|BEN-047950|BEN-036231|BEN-009632|BEN-044327|BEN-043110|BEN-020429,Routine low-value synthetic service payments to ACC-122882; not an injected suspicious collector.
CONTROL-0094,IDENTICAL_NAME,BEN-008732|BEN-012822,"Same full name, distinct birth dates, contacts and accounts."
CONTROL-0810,CORRECTED_APPLICATION,BEN-043680|BEN-038431,An earlier cancelled application is replaced by one approved claim; cancelled claim is unpaid.
CONTROL-0273,GUARDIAN_ACCOUNT,BEN-023364|BEN-033909,Two distinct students have recorded guardian payout authorization.
CONTROL-0270,CORRECTED_APPLICATION,BEN-001507|BEN-020370,An earlier cancelled application is replaced by one approved claim; cancelled claim is unpaid.
CONTROL-0519,REGISTRATION_CAMP,BEN-045307|BEN-024895|BEN-036973,Genuine campus enrollment camp produces a short registration burst.
CONTROL-1492,BENIGN_COLLECTION,BEN-047811|BEN-035644|BEN-046039|BEN-045165|BEN-028857|BEN-011389|BEN-034026|BEN-001588|BEN-013714|BEN-005648|BEN-047783|BEN-012901|BEN-044451|BEN-041273|BEN-014342|BEN-019195|BEN-014758|BEN-032851|BEN-022106|BEN-046967|BEN-042426|BEN-022151|BEN-023342|BEN-015100|BEN-046884|BEN-014966|BEN-016259|BEN-014088|BEN-002726|BEN-048540|BEN-029402|BEN-040997|BEN-009080|BEN-025529|BEN-040213|BEN-001700|BEN-031619|BEN-032876|BEN-047457|BEN-007849|BEN-027037|BEN-038389|BEN-047704|BEN-015055|BEN-003147|BEN-000195|BEN-031311|BEN-037345|BEN-040693|BEN-008504|BEN-041360|BEN-028952|BEN-044442|BEN-020583|BEN-017460|BEN-019577|BEN-007794|BEN-006091|BEN-048220|BEN-013511|BEN-038738,Routine low-value synthetic service payments to ACC-131113; not an injected suspicious collector.
CONTROL-0289,HOSTEL_ADDRESS,BEN-014098|BEN-042780|BEN-038432|BEN-004609|BEN-046446,Five distinct residents share a hostel address; individual accounts and contacts.
CONTROL-0075,GUARDIAN_ACCOUNT,BEN-032892|BEN-024374,Two distinct students have recorded guardian payout authorization.
CONTROL-0777,GUARDIAN_ACCOUNT,BEN-029077|BEN-032533,Two distinct students have recorded guardian payout authorization.
CONTROL-0642,GUARDIAN_ACCOUNT,BEN-012546|BEN-000520,Two distinct students have recorded guardian payout authorization.
CONTROL-1417,BENIGN_COLLECTION,BEN-031542|BEN-027082|BEN-018014|BEN-044193|BEN-012864|BEN-040719|BEN-041001|BEN-037598|BEN-027761|BEN-026526|BEN-044277|BEN-029516|BEN-014545|BEN-014371|BEN-002393|BEN-019691|BEN-027032|BEN-018299|BEN-022464|BEN-048241|BEN-029915|BEN-009584|BEN-010560|BEN-047141|BEN-047802|BEN-018224|BEN-028866|BEN-049445|BEN-025492|BEN-020041|BEN-018053|BEN-012725|BEN-012423|BEN-029862|BEN-014808|BEN-017863|BEN-019764|BEN-038862|BEN-019650|BEN-048927|BEN-049672|BEN-012246|BEN-009140|BEN-029584|BEN-033596|BEN-027196|BEN-006018|BEN-012456|BEN-046212|BEN-024754|BEN-038026|BEN-013660|BEN-017580|BEN-025118|BEN-017544|BEN-016973|BEN-045236|BEN-000517|BEN-004777,Routine low-value synthetic service payments to ACC-043769; not an injected suspicious collector.
CONTROL-0670,IDENTICAL_NAME,BEN-017624|BEN-039434,"Same full name, distinct birth dates, contacts and accounts."
CONTROL-1293,REGISTRATION_CAMP,BEN-011876|BEN-040775|BEN-031277,Genuine campus enrollment camp produces a short registration burst.
CONTROL-0624,GUARDIAN_ACCOUNT,BEN-005512|BEN-015608,Two distinct students have recorded guardian payout authorization.
CONTROL-0525,GUARDIAN_ACCOUNT,BEN-043595|BEN-017857,Two distinct students have recorded guardian payout authorization.
CONTROL-1452,BENIGN_COLLECTION,BEN-006531|BEN-000083|BEN-048709|BEN-015311|BEN-008872|BEN-014668|BEN-045227|BEN-003356|BEN-033162|BEN-023594|BEN-032710|BEN-022039|BEN-009884|BEN-009218|BEN-035340|BEN-049604|BEN-026292|BEN-026414|BEN-005115|BEN-016608|BEN-010565|BEN-033644|BEN-030603|BEN-048640|BEN-033398|BEN-032303|BEN-009833|BEN-039097|BEN-025154|BEN-036626|BEN-020345|BEN-042349|BEN-028962|BEN-022845|BEN-046443|BEN-015839|BEN-003204|BEN-038032|BEN-004015|BEN-019853|BEN-003778|BEN-002277|BEN-034436|BEN-014476|BEN-032214|BEN-018979|BEN-049166|BEN-008063|BEN-013173|BEN-028984|BEN-039530|BEN-033121|BEN-005297|BEN-014554|BEN-039010|BEN-007501|BEN-032231|BEN-015726|BEN-007264|BEN-038677|BEN-013776|BEN-033111,Routine low-value synthetic service payments to ACC-148690; not an injected suspicious collector.
CONTROL-0926,COMPATIBLE_SCHEMES,BEN-027631|BEN-032764,Tuition and study-material support are permitted together in the same year.
CONTROL-0057,GUARDIAN_ACCOUNT,BEN-008652|BEN-044290,Two distinct students have recorded guardian payout authorization.
CONTROL-0265,IDENTICAL_NAME,BEN-001783|BEN-022399,"Same full name, distinct birth dates, contacts and accounts."
CONTROL-1276,BENIGN_CYCLE,BEN-020061|BEN-010315|BEN-039743,A funded roommate expense advance is repaid through three accounts.
CONTROL-1480,BENIGN_COLLECTION,BEN-038810|BEN-039427|BEN-017003|BEN-014881|BEN-045733|BEN-016333|BEN-038692|BEN-011889|BEN-030114|BEN-036414|BEN-002222|BEN-003196|BEN-001182|BEN-011769|BEN-048098|BEN-026873|BEN-035869|BEN-012947|BEN-031442|BEN-034422|BEN-013643|BEN-028305|BEN-035809|BEN-014327|BEN-010656|BEN-016473|BEN-033985|BEN-049844|BEN-017874|BEN-037863|BEN-000953|BEN-024891|BEN-017997|BEN-004283|BEN-035452|BEN-021872|BEN-017827|BEN-021996|BEN-021686|BEN-048802|BEN-003832|BEN-034059|BEN-045557|BEN-044851|BEN-044585|BEN-008467|BEN-002650|BEN-045809|BEN-035796|BEN-011276|BEN-045529|BEN-006162|BEN-005643|BEN-019173|BEN-038724|BEN-035670|BEN-026449,Routine low-value synthetic service payments to ACC-092119; not an injected suspicious collector.
CONTROL-1464,BENIGN_COLLECTION,BEN-021101|BEN-001456|BEN-035285|BEN-036685|BEN-022342|BEN-018379|BEN-025403|BEN-012775|BEN-016657|BEN-003229|BEN-015057|BEN-042031|BEN-044311|BEN-040173|BEN-041825|BEN-015138|BEN-046522|BEN-049965|BEN-000720|BEN-005732|BEN-026596|BEN-028170|BEN-004951|BEN-009684|BEN-037780|BEN-015254|BEN-010549|BEN-013849|BEN-037523|BEN-031751|BEN-016235|BEN-022634|BEN-017758|BEN-045971|BEN-011310|BEN-025047|BEN-023562|BEN-015703|BEN-016620|BEN-041568|BEN-011510|BEN-026553|BEN-036971|BEN-007124|BEN-014648|BEN-035016|BEN-031010|BEN-039858|BEN-000628|BEN-014704|BEN-025056|BEN-043472|BEN-035479|BEN-010291|BEN-036102,Routine low-value synthetic service payments to ACC-015530; not an injected suspicious collector.
CONTROL-1158,REGISTRATION_CAMP,BEN-024085|BEN-046244|BEN-012550,Genuine campus enrollment camp produces a short registration burst.
CONTROL-1427,BENIGN_COLLECTION,BEN-014291|BEN-006182|BEN-001680|BEN-028825|BEN-030667|BEN-016007|BEN-019343|BEN-015941|BEN-035226|BEN-038035|BEN-013482|BEN-032279|BEN-026990|BEN-029905|BEN-041290|BEN-013674|BEN-033584|BEN-000478|BEN-030748|BEN-018473|BEN-024384|BEN-024412|BEN-007687|BEN-012486|BEN-005416|BEN-038992|BEN-042978|BEN-005718|BEN-037016|BEN-013832|BEN-033428|BEN-004441|BEN-002320|BEN-017292|BEN-026740|BEN-041900|BEN-012815|BEN-000302|BEN-042663|BEN-030911|BEN-008670|BEN-036275|BEN-006599|BEN-016577|BEN-027873|BEN-000027|BEN-045785|BEN-037285|BEN-026890|BEN-022321|BEN-041763|BEN-005409|BEN-006706|BEN-004353|BEN-046525|BEN-037085|BEN-003414|BEN-017412|BEN-031486|BEN-029837|BEN-020853|BEN-039535|BEN-014864,Routine low-value synthetic service payments to ACC-052242; not an injected suspicious collector.
CONTROL-1267,BENIGN_CYCLE,BEN-027199|BEN-019470|BEN-034964,A funded roommate expense advance is repaid through three accounts.
CONTROL-0011,FAMILY_CONTACT,BEN-035426|BEN-039730|BEN-029495,Distinct family members share their household contact and residence.
CONTROL-0255,GUARDIAN_ACCOUNT,BEN-027787|BEN-049720,Two distinct students have recorded guardian payout authorization.
CONTROL-0219,GUARDIAN_ACCOUNT,BEN-027995|BEN-009960,Two distinct students have recorded guardian payout authorization.
CONTROL-1223,COMPATIBLE_SCHEMES,BEN-047902|BEN-005723,Tuition and study-material support are permitted together in the same year.
CONTROL-0450,CORRECTED_APPLICATION,BEN-009141|BEN-048807,An earlier cancelled application is replaced by one approved claim; cancelled claim is unpaid.
CONTROL-0753,REGISTRATION_CAMP,BEN-011772|BEN-042252|BEN-042325,Genuine campus enrollment camp produces a short registration burst.
CONTROL-1197,CORRECTED_APPLICATION,BEN-019433|BEN-003538,An earlier cancelled application is replaced by one approved claim; cancelled claim is unpaid.
CONTROL-0538,BENIGN_CYCLE,BEN-006034|BEN-014369|BEN-017993,A funded roommate expense advance is repaid through three accounts.
CONTROL-0254,FAMILY_CONTACT,BEN-005904|BEN-038973|BEN-008825,Distinct family members share their household contact and residence.
CONTROL-0114,REGISTRATION_CAMP,BEN-032411|BEN-007693|BEN-018525,Genuine campus enrollment camp produces a short registration burst.
CONTROL-0530,COMPATIBLE_SCHEMES,BEN-014638|BEN-041276,Tuition and study-material support are permitted together in the same year.
CONTROL-0314,COMPATIBLE_SCHEMES,BEN-007789|BEN-032513,Tuition and study-material support are permitted together in the same year.
CONTROL-0593,COMPATIBLE_SCHEMES,BEN-020607|BEN-046673,Tuition and study-material support are permitted together in the same year.
CONTROL-1022,COMMON_SURNAME,BEN-011768|BEN-025953|BEN-020653,Distinct local students share a common surname and institution.
CONTROL-1060,BENIGN_CYCLE,BEN-016412|BEN-019479|BEN-010761,A funded roommate expense advance is repaid through three accounts.
CONTROL-1354,BENIGN_COLLECTION,BEN-010013|BEN-017474|BEN-041971|BEN-000059|BEN-016625|BEN-023599|BEN-040506|BEN-011483|BEN-010697|BEN-013863|BEN-001803|BEN-004672|BEN-007265|BEN-042848|BEN-025818|BEN-045052|BEN-005036|BEN-028686|BEN-002445|BEN-038041|BEN-007387|BEN-004246|BEN-034705|BEN-014932|BEN-032450|BEN-027569|BEN-005535|BEN-014204|BEN-011084|BEN-036869|BEN-005971|BEN-023718|BEN-042900|BEN-032300|BEN-035180|BEN-006853|BEN-043803|BEN-007181|BEN-027746|BEN-001331|BEN-049015|BEN-034625|BEN-042028|BEN-044539|BEN-049030|BEN-049854|BEN-044926|BEN-040325|BEN-000376|BEN-021449|BEN-034742|BEN-010876|BEN-020636|BEN-011316|BEN-044250|BEN-030366|BEN-020307|BEN-003130|BEN-012044|BEN-027464|BEN-012732|BEN-021720|BEN-005056|BEN-049050|BEN-000112|BEN-032900|BEN-008748|BEN-023236|BEN-028504|BEN-018056|BEN-011154|BEN-022429|BEN-012738|BEN-043139|BEN-045573|BEN-019661|BEN-030939|BEN-031581|BEN-040105|BEN-019435|BEN-040419|BEN-003369|BEN-021550,Routine low-value synthetic service payments to ACC-094736; not an injected suspicious collector.
CONTROL-0350,COMPATIBLE_SCHEMES,BEN-030199|BEN-049133,Tuition and study-material support are permitted together in the same year.
CONTROL-0709,BENIGN_CYCLE,BEN-049385|BEN-017820|BEN-048325,A funded roommate expense advance is repaid through three accounts.
CONTROL-0261,CORRECTED_APPLICATION,BEN-036643|BEN-029651,An earlier cancelled application is replaced by one approved claim; cancelled claim is unpaid.
CONTROL-1166,COMMON_SURNAME,BEN-044740|BEN-048447|BEN-011778,Distinct local students share a common surname and institution.
CONTROL-0556,BENIGN_CYCLE,BEN-038315|BEN-030301|BEN-044512,A funded roommate expense advance is repaid through three accounts.
CONTROL-0963,CORRECTED_APPLICATION,BEN-010348|BEN-042242,An earlier cancelled application is replaced by one approved claim; cancelled claim is unpaid.
CONTROL-1401,BENIGN_COLLECTION,BEN-021999|BEN-040182|BEN-007926|BEN-013098|BEN-029790|BEN-049198|BEN-032655|BEN-022417|BEN-015393|BEN-034509|BEN-015118|BEN-014582|BEN-047623|BEN-034462|BEN-045176|BEN-047751|BEN-023270|BEN-009826|BEN-018138|BEN-001836|BEN-037942|BEN-020009|BEN-029893|BEN-049024|BEN-032196|BEN-004424|BEN-015856|BEN-035775|BEN-006999|BEN-014940|BEN-033132|BEN-023197|BEN-046194|BEN-008497|BEN-038282|BEN-037662|BEN-038256|BEN-046774|BEN-047347|BEN-002453|BEN-020272|BEN-009947|BEN-042165|BEN-004300|BEN-022739|BEN-041929|BEN-003230|BEN-005830|BEN-016084|BEN-009882|BEN-042163|BEN-049913|BEN-035465|BEN-038550|BEN-022255|BEN-014125|BEN-043612|BEN-016695|BEN-028245|BEN-019054|BEN-033449|BEN-021808|BEN-022300|BEN-006672|BEN-025603|BEN-003504,Routine low-value synthetic service payments to ACC-124930; not an injected suspicious collector.
CONTROL-0199,HOSTEL_ADDRESS,BEN-028555|BEN-049715|BEN-006550|BEN-021919|BEN-000946,Five distinct residents share a hostel address; individual accounts and contacts.
CONTROL-0481,IDENTICAL_NAME,BEN-022781|BEN-030976,"Same full name, distinct birth dates, contacts and accounts."
CONTROL-0038,FAMILY_CONTACT,BEN-042894|BEN-026334|BEN-009885,Distinct family members share their household contact and residence.
CONTROL-0636,REGISTRATION_CAMP,BEN-049395|BEN-001107|BEN-041629,Genuine campus enrollment camp produces a short registration burst.
CONTROL-0716,COMMON_SURNAME,BEN-048093|BEN-032616|BEN-037473,Distinct local students share a common surname and institution.
CONTROL-0701,COMPATIBLE_SCHEMES,BEN-017216|BEN-045045,Tuition and study-material support are permitted together in the same year.
CONTROL-0902,FAMILY_CONTACT,BEN-028518|BEN-000757|BEN-011977,Distinct family members share their household contact and residence.
CONTROL-0053,COMPATIBLE_SCHEMES,BEN-019275|BEN-049346,Tuition and study-material support are permitted together in the same year.
CONTROL-0728,COMPATIBLE_SCHEMES,BEN-004077|BEN-042487,Tuition and study-material support are permitted together in the same year.
CONTROL-0908,COMPATIBLE_SCHEMES,BEN-005086|BEN-022469,Tuition and study-material support are permitted together in the same year.
CONTROL-1219,IDENTICAL_NAME,BEN-011426|BEN-029592,"Same full name, distinct birth dates, contacts and accounts."
CONTROL-0122,COMMON_SURNAME,BEN-021554|BEN-014109|BEN-009658,Distinct local students share a common surname and institution.
CONTROL-0170,COMPATIBLE_SCHEMES,BEN-026819|BEN-026267,Tuition and study-material support are permitted together in the same year.
CONTROL-0724,IDENTICAL_NAME,BEN-009191|BEN-011966,"Same full name, distinct birth dates, contacts and accounts."
CONTROL-1357,BENIGN_COLLECTION,BEN-008905|BEN-046854|BEN-034333|BEN-027653|BEN-014362|BEN-001447|BEN-032060|BEN-036125|BEN-010221|BEN-047837|BEN-037592|BEN-011690|BEN-039922|BEN-007901|BEN-032019|BEN-049614|BEN-034666|BEN-019232|BEN-048932|BEN-020630|BEN-022036|BEN-012889|BEN-018177|BEN-038038|BEN-036775|BEN-000968|BEN-030193|BEN-046683|BEN-037132|BEN-005784|BEN-014993|BEN-000231|BEN-012511|BEN-026013|BEN-024573|BEN-046170|BEN-035790|BEN-014998|BEN-009199|BEN-033915|BEN-024377|BEN-026911|BEN-006179|BEN-042634|BEN-038125|BEN-007598|BEN-004852|BEN-003139|BEN-008443|BEN-027830|BEN-035459|BEN-035077|BEN-023734|BEN-015222|BEN-007323|BEN-028678|BEN-017521|BEN-038767|BEN-020395|BEN-035884|BEN-039067|BEN-034091|BEN-009339|BEN-000002|BEN-039776|BEN-036495|BEN-040434|BEN-027787|BEN-003893,Routine low-value synthetic service payments to ACC-135888; not an injected suspicious collector.
CONTROL-0762,REGISTRATION_CAMP,BEN-027416|BEN-005737|BEN-007604,Genuine campus enrollment camp produces a short registration burst.
CONTROL-0471,GUARDIAN_ACCOUNT,BEN-001384|BEN-042254,Two distinct students have recorded guardian payout authorization.
CONTROL-0181,HOSTEL_ADDRESS,BEN-022746|BEN-012022|BEN-005132|BEN-049577|BEN-016264,Five distinct residents share a hostel address; individual accounts and contacts.
CONTROL-0215,COMPATIBLE_SCHEMES,BEN-038257|BEN-020042,Tuition and study-material support are permitted together in the same year.
CONTROL-1409,BENIGN_COLLECTION,BEN-020199|BEN-036568|BEN-048679|BEN-030242|BEN-040020|BEN-025406|BEN-004018|BEN-014473|BEN-002521|BEN-028806|BEN-012263|BEN-024430|BEN-036293|BEN-026675|BEN-004532|BEN-005070|BEN-029977|BEN-026523|BEN-048162|BEN-002589|BEN-049274|BEN-030839|BEN-020999|BEN-005394|BEN-039649|BEN-005614|BEN-001763|BEN-029473|BEN-010085|BEN-001985|BEN-034017|BEN-010905|BEN-011366|BEN-006398|BEN-035721|BEN-011782|BEN-009046|BEN-012898|BEN-009079|BEN-036946|BEN-000867|BEN-011503|BEN-031598|BEN-028052|BEN-038659|BEN-036847|BEN-025963|BEN-045470|BEN-016670|BEN-010609|BEN-039802|BEN-021016|BEN-009132|BEN-003074|BEN-007517|BEN-020180|BEN-035368|BEN-044664|BEN-027338|BEN-014243|BEN-012014|BEN-005781|BEN-030445|BEN-030738|BEN-009172|BEN-005864|BEN-002590,Routine low-value synthetic service payments to ACC-068325; not an injected suspicious collector.
CONTROL-0521,COMPATIBLE_SCHEMES,BEN-038821|BEN-028220,Tuition and study-material support are permitted together in the same year.
CONTROL-0539,COMPATIBLE_SCHEMES,BEN-045835|BEN-030129,Tuition and study-material support are permitted together in the same year.
CONTROL-0412,BENIGN_CYCLE,BEN-001957|BEN-043422|BEN-025779,A funded roommate expense advance is repaid through three accounts.
CONTROL-0189,CORRECTED_APPLICATION,BEN-004240|BEN-032032,An earlier cancelled application is replaced by one approved claim; cancelled claim is unpaid.
CONTROL-0577,HOSTEL_ADDRESS,BEN-000837|BEN-049237|BEN-032077|BEN-005340|BEN-000379,Five distinct residents share a hostel address; individual accounts and contacts.
CONTROL-0136,HOSTEL_ADDRESS,BEN-028086|BEN-001962|BEN-042117|BEN-025593|BEN-034116,Five distinct residents share a hostel address; individual accounts and contacts.
CONTROL-0928,HOSTEL_ADDRESS,BEN-032123|BEN-007153|BEN-036890|BEN-030979|BEN-014339,Five distinct residents share a hostel address; individual accounts and contacts.
CONTROL-1278,CORRECTED_APPLICATION,BEN-039047|BEN-011464,An earlier cancelled application is replaced by one approved claim; cancelled claim is unpaid.
CONTROL-0635,COMMON_SURNAME,BEN-008507|BEN-034898|BEN-003482,Distinct local students share a common surname and institution.
CONTROL-0227,FAMILY_CONTACT,BEN-035417|BEN-029112|BEN-047546,Distinct family members share their household contact and residence.
CONTROL-0737,COMPATIBLE_SCHEMES,BEN-032631|BEN-007938,Tuition and study-material support are permitted together in the same year.
CONTROL-0955,HOSTEL_ADDRESS,BEN-034291|BEN-007307|BEN-036585|BEN-027837|BEN-011215,Five distinct residents share a hostel address; individual accounts and contacts.
CONTROL-0767,FAMILY_CONTACT,BEN-004938|BEN-021241|BEN-021558,Distinct family members share their household contact and residence.
CONTROL-1411,BENIGN_COLLECTION,BEN-037033|BEN-049580|BEN-021183|BEN-041926|BEN-014681|BEN-005596|BEN-040452|BEN-003165|BEN-010578|BEN-032871|BEN-029798|BEN-049357|BEN-005382|BEN-021268|BEN-033510|BEN-029311|BEN-040539|BEN-042799|BEN-033827|BEN-030757|BEN-008879|BEN-003581|BEN-003405|BEN-008129|BEN-023537|BEN-044040|BEN-035366|BEN-041237|BEN-024645|BEN-002486|BEN-049927|BEN-009769|BEN-008047|BEN-030435|BEN-040913|BEN-032080|BEN-005203|BEN-040777|BEN-040967|BEN-009399|BEN-008074|BEN-026734|BEN-009337|BEN-007465|BEN-006316|BEN-039024|BEN-028136|BEN-011814|BEN-013888|BEN-005663|BEN-025728|BEN-006344|BEN-025161|BEN-024598|BEN-027840|BEN-007787|BEN-003409|BEN-008659|BEN-007962|BEN-008384|BEN-032093|BEN-039265|BEN-007095|BEN-031105|BEN-017274|BEN-029015|BEN-048847|BEN-001987|BEN-005031|BEN-025459|BEN-010197,Routine low-value synthetic service payments to ACC-121777; not an injected suspicious collector.
CONTROL-0776,FAMILY_CONTACT,BEN-014970|BEN-042161|BEN-003575,Distinct family members share their household contact and residence.
CONTROL-0419,COMMON_SURNAME,BEN-042970|BEN-005334|BEN-008653,Distinct local students share a common surname and institution.
CONTROL-0602,COMPATIBLE_SCHEMES,BEN-010426|BEN-047976,Tuition and study-material support are permitted together in the same year.
CONTROL-1003,IDENTICAL_NAME,BEN-003001|BEN-016504,"Same full name, distinct birth dates, contacts and accounts."
CONTROL-0145,HOSTEL_ADDRESS,BEN-044376|BEN-040443|BEN-020762|BEN-046216|BEN-001789,Five distinct residents share a hostel address; individual accounts and contacts.
CONTROL-0911,FAMILY_CONTACT,BEN-012158|BEN-049148|BEN-048609,Distinct family members share their household contact and residence.
CONTROL-0711,CORRECTED_APPLICATION,BEN-041407|BEN-029254,An earlier cancelled application is replaced by one approved claim; cancelled claim is unpaid.
CONTROL-0645,REGISTRATION_CAMP,BEN-003130|BEN-015004|BEN-001712,Genuine campus enrollment camp produces a short registration burst.
CONTROL-0914,COMMON_SURNAME,BEN-015596|BEN-008443|BEN-049917,Distinct local students share a common surname and institution.
CONTROL-0705,GUARDIAN_ACCOUNT,BEN-034908|BEN-044947,Two distinct students have recorded guardian payout authorization.
CONTROL-0722,FAMILY_CONTACT,BEN-019604|BEN-017458|BEN-032714,Distinct family members share their household contact and residence.
CONTROL-0356,COMMON_SURNAME,BEN-028156|BEN-000079|BEN-021225,Distinct local students share a common surname and institution.
CONTROL-1296,CORRECTED_APPLICATION,BEN-024391|BEN-037999,An earlier cancelled application is replaced by one approved claim; cancelled claim is unpaid.
CONTROL-1107,CORRECTED_APPLICATION,BEN-043789|BEN-047386,An earlier cancelled application is replaced by one approved claim; cancelled claim is unpaid.
CONTROL-0470,FAMILY_CONTACT,BEN-007735|BEN-003814|BEN-006858,Distinct family members share their household contact and residence.
CONTROL-0308,FAMILY_CONTACT,BEN-049599|BEN-002260|BEN-044902,Distinct family members share their household contact and residence.
CONTROL-0899,COMPATIBLE_SCHEMES,BEN-021148|BEN-049883,Tuition and study-material support are permitted together in the same year.
CONTROL-1118,FAMILY_CONTACT,BEN-002102|BEN-049041|BEN-015987,Distinct family members share their household contact and residence.
CONTROL-0413,COMPATIBLE_SCHEMES,BEN-017341|BEN-035072,Tuition and study-material support are permitted together in the same year.
CONTROL-1225,HOSTEL_ADDRESS,BEN-030321|BEN-048210|BEN-041974|BEN-038305|BEN-024335,Five distinct residents share a hostel address; individual accounts and contacts.
CONTROL-1019,FAMILY_CONTACT,BEN-005527|BEN-029036|BEN-048035,Distinct family members share their household contact and residence.
CONTROL-1046,FAMILY_CONTACT,BEN-017136|BEN-024855|BEN-017275,Distinct family members share their household contact and residence.
CONTROL-0116,COMPATIBLE_SCHEMES,BEN-044995|BEN-040914,Tuition and study-material support are permitted together in the same year.
CONTROL-0383,COMMON_SURNAME,BEN-039081|BEN-032020|BEN-046371,Distinct local students share a common surname and institution.
CONTROL-0309,GUARDIAN_ACCOUNT,BEN-023567|BEN-018936,Two distinct students have recorded guardian payout authorization.
CONTROL-0003,GUARDIAN_ACCOUNT,BEN-027672|BEN-028144,Two distinct students have recorded guardian payout authorization.
CONTROL-0924,REGISTRATION_CAMP,BEN-047276|BEN-023132|BEN-014483,Genuine campus enrollment camp produces a short registration burst.
CONTROL-0603,CORRECTED_APPLICATION,BEN-028430|BEN-007095,An earlier cancelled application is replaced by one approved claim; cancelled claim is unpaid.
CONTROL-0967,IDENTICAL_NAME,BEN-005430|BEN-025812,"Same full name, distinct birth dates, contacts and accounts."
CONTROL-0111,GUARDIAN_ACCOUNT,BEN-011356|BEN-038158,Two distinct students have recorded guardian payout authorization.
CONTROL-0237,GUARDIAN_ACCOUNT,BEN-030452|BEN-043412,Two distinct students have recorded guardian payout authorization.
CONTROL-0942,REGISTRATION_CAMP,BEN-002755|BEN-024529|BEN-025143,Genuine campus enrollment camp produces a short registration burst.
CONTROL-0370,HOSTEL_ADDRESS,BEN-044427|BEN-003244|BEN-017119|BEN-039364|BEN-034834,Five distinct residents share a hostel address; individual accounts and contacts.
CONTROL-0859,IDENTICAL_NAME,BEN-021806|BEN-032710,"Same full name, distinct birth dates, contacts and accounts."
CONTROL-0092,FAMILY_CONTACT,BEN-044093|BEN-021898|BEN-019443,Distinct family members share their household contact and residence.
CONTROL-1366,BENIGN_COLLECTION,BEN-016395|BEN-030076|BEN-008926|BEN-012992|BEN-041534|BEN-018342|BEN-002551|BEN-036484|BEN-016216|BEN-018520|BEN-037684|BEN-040130|BEN-002505|BEN-043952|BEN-021868|BEN-048014|BEN-034622|BEN-010522|BEN-008336|BEN-031685|BEN-035091|BEN-038010|BEN-001361|BEN-019551|BEN-047446|BEN-023752|BEN-011096|BEN-004600|BEN-009900|BEN-034471|BEN-009007|BEN-035596|BEN-027156|BEN-014594|BEN-047915|BEN-018015|BEN-020668|BEN-005762|BEN-021422|BEN-048699|BEN-002837|BEN-018515|BEN-043023|BEN-035948|BEN-028588|BEN-033966|BEN-005243|BEN-049000|BEN-048599|BEN-016227|BEN-027707|BEN-048817|BEN-023616|BEN-013316|BEN-015713|BEN-040432|BEN-024041|BEN-035066|BEN-035554|BEN-019184|BEN-009237|BEN-006207|BEN-026469,Routine low-value synthetic service payments to ACC-117003; not an injected suspicious collector.
CONTROL-1334,FAMILY_CONTACT,BEN-035632|BEN-002175|BEN-046741,Distinct family members share their household contact and residence.
CONTROL-0041,COMMON_SURNAME,BEN-020520|BEN-020855|BEN-034665,Distinct local students share a common surname and institution.
CONTROL-0648,CORRECTED_APPLICATION,BEN-043908|BEN-005059,An earlier cancelled application is replaced by one approved claim; cancelled claim is unpaid.
CONTROL-0841,IDENTICAL_NAME,BEN-032435|BEN-019281,"Same full name, distinct birth dates, contacts and accounts."
CONTROL-1297,HOSTEL_ADDRESS,BEN-010396|BEN-002106|BEN-013963|BEN-011771|BEN-004290,Five distinct residents share a hostel address; individual accounts and contacts.
CONTROL-0175,IDENTICAL_NAME,BEN-008374|BEN-044176,"Same full name, distinct birth dates, contacts and accounts."
CONTROL-1104,REGISTRATION_CAMP,BEN-015214|BEN-004499|BEN-049935,Genuine campus enrollment camp produces a short registration burst.
CONTROL-0014,COMMON_SURNAME,BEN-048589|BEN-038176|BEN-024375,Distinct local students share a common surname and institution.
CONTROL-0410,COMMON_SURNAME,BEN-014641|BEN-012999|BEN-032768,Distinct local students share a common surname and institution.
CONTROL-0558,CORRECTED_APPLICATION,BEN-048591|BEN-031312,An earlier cancelled application is replaced by one approved claim; cancelled claim is unpaid.
CONTROL-0555,REGISTRATION_CAMP,BEN-024796|BEN-003481|BEN-036368,Genuine campus enrollment camp produces a short registration burst.
CONTROL-0756,CORRECTED_APPLICATION,BEN-014005|BEN-001271,An earlier cancelled application is replaced by one approved claim; cancelled claim is unpaid.
CONTROL-0034,BENIGN_CYCLE,BEN-042799|BEN-028898|BEN-002196,A funded roommate expense advance is repaid through three accounts.
CONTROL-0585,CORRECTED_APPLICATION,BEN-049195|BEN-044300,An earlier cancelled application is replaced by one approved claim; cancelled claim is unpaid.
CONTROL-0570,GUARDIAN_ACCOUNT,BEN-018368|BEN-004367,Two distinct students have recorded guardian payout authorization.
CONTROL-1311,REGISTRATION_CAMP,BEN-029489|BEN-031534|BEN-003842,Genuine campus enrollment camp produces a short registration burst.
CONTROL-0285,REGISTRATION_CAMP,BEN-032911|BEN-005604|BEN-012751,Genuine campus enrollment camp produces a short registration burst.
CONTROL-1086,REGISTRATION_CAMP,BEN-014532|BEN-003138|BEN-030302,Genuine campus enrollment camp produces a short registration burst.
CONTROL-0738,CORRECTED_APPLICATION,BEN-036216|BEN-029589,An earlier cancelled application is replaced by one approved claim; cancelled claim is unpaid.
CONTROL-0862,BENIGN_CYCLE,BEN-042055|BEN-038470|BEN-015612,A funded roommate expense advance is repaid through three accounts.
CONTROL-0220,IDENTICAL_NAME,BEN-045463|BEN-022679,"Same full name, distinct birth dates, contacts and accounts."
CONTROL-0409,IDENTICAL_NAME,BEN-002865|BEN-005492,"Same full name, distinct birth dates, contacts and accounts."
CONTROL-1203,REGISTRATION_CAMP,BEN-046444|BEN-013459|BEN-006388,Genuine campus enrollment camp produces a short registration burst.
CONTROL-0310,IDENTICAL_NAME,BEN-036294|BEN-048590,"Same full name, distinct birth dates, contacts and accounts."
CONTROL-0391,IDENTICAL_NAME,BEN-003927|BEN-049816,"Same full name, distinct birth dates, contacts and accounts."
CONTROL-1102,IDENTICAL_NAME,BEN-049471|BEN-024163,"Same full name, distinct birth dates, contacts and accounts."
CONTROL-0028,HOSTEL_ADDRESS,BEN-009961|BEN-031374|BEN-016856|BEN-011302|BEN-029239,Five distinct residents share a hostel address; individual accounts and contacts.
CONTROL-0222,REGISTRATION_CAMP,BEN-041631|BEN-001855|BEN-019718,Genuine campus enrollment camp produces a short registration burst.
CONTROL-1101,GUARDIAN_ACCOUNT,BEN-047572|BEN-034247,Two distinct students have recorded guardian payout authorization.
CONTROL-1321,BENIGN_CYCLE,BEN-038450|BEN-013073|BEN-040029,A funded roommate expense advance is repaid through three accounts.
CONTROL-1234,HOSTEL_ADDRESS,BEN-042180|BEN-033938|BEN-035864|BEN-010193|BEN-041619,Five distinct residents share a hostel address; individual accounts and contacts.
CONTROL-1397,BENIGN_COLLECTION,BEN-016263|BEN-030866|BEN-044893|BEN-010751|BEN-032133|BEN-037769|BEN-046449|BEN-025572|BEN-036098|BEN-046175|BEN-039784|BEN-023675|BEN-027110|BEN-038650|BEN-025573|BEN-034377|BEN-010907|BEN-039125|BEN-019485|BEN-020549|BEN-010693|BEN-004334|BEN-035676|BEN-027251|BEN-012590|BEN-037789|BEN-014015|BEN-009693|BEN-047027|BEN-021437|BEN-000307|BEN-045706|BEN-002632|BEN-021385|BEN-003289|BEN-018871|BEN-049284|BEN-022330|BEN-029912|BEN-045074|BEN-013257|BEN-009472|BEN-010128|BEN-030655|BEN-031965|BEN-014920|BEN-016938|BEN-002265|BEN-014053|BEN-006673|BEN-009617|BEN-020415|BEN-003407|BEN-040133|BEN-047537|BEN-014185|BEN-042094|BEN-025345|BEN-041078|BEN-008214|BEN-026679|BEN-016708|BEN-021435|BEN-022373|BEN-039277|BEN-006439,Routine low-value synthetic service payments to ACC-112452; not an injected suspicious collector.
CONTROL-0560,FAMILY_CONTACT,BEN-006092|BEN-003791|BEN-047189,Distinct family members share their household contact and residence.
CONTROL-0873,CORRECTED_APPLICATION,BEN-026880|BEN-029321,An earlier cancelled application is replaced by one approved claim; cancelled claim is unpaid.
CONTROL-0854,COMPATIBLE_SCHEMES,BEN-018426|BEN-009279,Tuition and study-material support are permitted together in the same year.
CONTROL-1153,HOSTEL_ADDRESS,BEN-023628|BEN-020683|BEN-031268|BEN-016851|BEN-008110,Five distinct residents share a hostel address; individual accounts and contacts.
CONTROL-0868,IDENTICAL_NAME,BEN-037621|BEN-045695,"Same full name, distinct birth dates, contacts and accounts."
CONTROL-0455,COMMON_SURNAME,BEN-009646|BEN-004303|BEN-036759,Distinct local students share a common surname and institution.
CONTROL-1426,BENIGN_COLLECTION,BEN-041683|BEN-040302|BEN-048142|BEN-029618|BEN-048480|BEN-044084|BEN-016415|BEN-040467|BEN-020343|BEN-012102|BEN-014776|BEN-017276|BEN-032137|BEN-010893|BEN-014802|BEN-039845|BEN-025177|BEN-009454|BEN-034805|BEN-030661|BEN-005599|BEN-044912|BEN-008134|BEN-036062|BEN-006547|BEN-001019|BEN-037208|BEN-000653|BEN-016668|BEN-030216|BEN-011908|BEN-014241|BEN-031106|BEN-006276|BEN-013038|BEN-041722|BEN-002998|BEN-026044|BEN-008483|BEN-033071|BEN-024744|BEN-008527|BEN-009969|BEN-019890|BEN-026870|BEN-019642|BEN-007763|BEN-047784|BEN-003986|BEN-020056|BEN-022889|BEN-018356|BEN-001379|BEN-008059|BEN-015758|BEN-043369|BEN-035324|BEN-013014|BEN-000981|BEN-023813|BEN-046040|BEN-015121|BEN-008494|BEN-048814|BEN-034269|BEN-015511|BEN-032807|BEN-049325|BEN-049059|BEN-045275,Routine low-value synthetic service payments to ACC-044378; not an injected suspicious collector.
CONTROL-1496,BENIGN_COLLECTION,BEN-048101|BEN-038502|BEN-047941|BEN-012147|BEN-045156|BEN-040834|BEN-025656|BEN-038113|BEN-032744|BEN-038958|BEN-003136|BEN-017471|BEN-017321|BEN-009032|BEN-049062|BEN-004460|BEN-031489|BEN-042540|BEN-021988|BEN-011845|BEN-012037|BEN-019539|BEN-015314|BEN-028120|BEN-042587|BEN-016572|BEN-026381|BEN-037611|BEN-016087|BEN-034006|BEN-030791|BEN-044613|BEN-040453|BEN-037785|BEN-032579|BEN-035885|BEN-016086|BEN-032364|BEN-017324|BEN-028013|BEN-049294|BEN-013138|BEN-027910|BEN-038987|BEN-025479|BEN-044475|BEN-007499|BEN-002659|BEN-040699|BEN-048151|BEN-009105|BEN-047365|BEN-011827|BEN-049267|BEN-043658|BEN-049789|BEN-046939|BEN-016752|BEN-004897|BEN-021085|BEN-045727|BEN-043571|BEN-035514|BEN-000648|BEN-007332|BEN-016637|BEN-022922|BEN-030619|BEN-004386|BEN-037007|BEN-024150|BEN-032174,Routine low-value synthetic service payments to ACC-023792; not an injected suspicious collector.
CONTROL-1150,BENIGN_CYCLE,BEN-015312|BEN-030241|BEN-047799,A funded roommate expense advance is repaid through three accounts.
CONTROL-0671,COMMON_SURNAME,BEN-036867|BEN-030566|BEN-047024,Distinct local students share a common surname and institution.
CONTROL-0213,REGISTRATION_CAMP,BEN-039246|BEN-018147|BEN-041450,Genuine campus enrollment camp produces a short registration burst.
CONTROL-0229,IDENTICAL_NAME,BEN-028925|BEN-047567,"Same full name, distinct birth dates, contacts and accounts."
CONTROL-0571,IDENTICAL_NAME,BEN-047280|BEN-023957,"Same full name, distinct birth dates, contacts and accounts."
CONTROL-0706,IDENTICAL_NAME,BEN-023485|BEN-044585,"Same full name, distinct birth dates, contacts and accounts."
CONTROL-0117,CORRECTED_APPLICATION,BEN-047921|BEN-040703,An earlier cancelled application is replaced by one approved claim; cancelled claim is unpaid.
CONTROL-0890,COMPATIBLE_SCHEMES,BEN-047528|BEN-028030,Tuition and study-material support are permitted together in the same year.
CONTROL-1205,COMPATIBLE_SCHEMES,BEN-022054|BEN-047448,Tuition and study-material support are permitted together in the same year.
CONTROL-0344,FAMILY_CONTACT,BEN-011117|BEN-009265|BEN-005672,Distinct family members share their household contact and residence.
CONTROL-0292,IDENTICAL_NAME,BEN-014049|BEN-006966,"Same full name, distinct birth dates, contacts and accounts."
CONTROL-1254,GUARDIAN_ACCOUNT,BEN-011421|BEN-020194,Two distinct students have recorded guardian payout authorization.
CONTROL-0744,REGISTRATION_CAMP,BEN-003468|BEN-013807|BEN-011000,Genuine campus enrollment camp produces a short registration burst.
CONTROL-0551,FAMILY_CONTACT,BEN-038798|BEN-014404|BEN-035607,Distinct family members share their household contact and residence.
CONTROL-0210,GUARDIAN_ACCOUNT,BEN-005855|BEN-032510,Two distinct students have recorded guardian payout authorization.
CONTROL-0830,FAMILY_CONTACT,BEN-015955|BEN-004186|BEN-013662,Distinct family members share their household contact and residence.
CONTROL-0385,BENIGN_CYCLE,BEN-034805|BEN-029415|BEN-022446,A funded roommate expense advance is repaid through three accounts.
CONTROL-0887,COMMON_SURNAME,BEN-020849|BEN-039897|BEN-000372,Distinct local students share a common surname and institution.
CONTROL-0132,REGISTRATION_CAMP,BEN-048411|BEN-005894|BEN-021242,Genuine campus enrollment camp produces a short registration burst.
CONTROL-0182,FAMILY_CONTACT,BEN-002750|BEN-013935|BEN-039848,Distinct family members share their household contact and residence.
CONTROL-0787,IDENTICAL_NAME,BEN-039138|BEN-002697,"Same full name, distinct birth dates, contacts and accounts."
CONTROL-0012,GUARDIAN_ACCOUNT,BEN-036030|BEN-039899,Two distinct students have recorded guardian payout authorization.
CONTROL-0354,GUARDIAN_ACCOUNT,BEN-013265|BEN-023876,Two distinct students have recorded guardian payout authorization.
CONTROL-0869,COMMON_SURNAME,BEN-020379|BEN-018413|BEN-040681,Distinct local students share a common surname and institution.
CONTROL-0445,IDENTICAL_NAME,BEN-043238|BEN-042840,"Same full name, distinct birth dates, contacts and accounts."
CONTROL-1424,BENIGN_COLLECTION,BEN-017828|BEN-023176|BEN-037854|BEN-033488|BEN-015425|BEN-026413|BEN-000485|BEN-035832|BEN-047063|BEN-048678|BEN-042158|BEN-022507|BEN-044972|BEN-039119|BEN-031762|BEN-032437|BEN-028518|BEN-036643|BEN-008644|BEN-028936|BEN-044568|BEN-038116|BEN-048733|BEN-027046|BEN-039527|BEN-027169|BEN-020807|BEN-002416|BEN-041719|BEN-038097|BEN-024446|BEN-006385|BEN-045022|BEN-045294|BEN-034916|BEN-015958|BEN-043233|BEN-023682|BEN-003560|BEN-024478|BEN-022343|BEN-026103|BEN-015837|BEN-027516|BEN-032479|BEN-045780|BEN-035741|BEN-016481|BEN-010253|BEN-044695|BEN-005917|BEN-023506|BEN-031986|BEN-026347|BEN-031433|BEN-041983|BEN-036521|BEN-035672,Routine low-value synthetic service payments to ACC-080942; not an injected suspicious collector.
CONTROL-1340,COMPATIBLE_SCHEMES,BEN-004521|BEN-011535,Tuition and study-material support are permitted together in the same year.
CONTROL-1451,BENIGN_COLLECTION,BEN-019295|BEN-007614|BEN-026874|BEN-006758|BEN-014938|BEN-033274|BEN-009714|BEN-002461|BEN-041832|BEN-043927|BEN-036806|BEN-007364|BEN-026735|BEN-007299|BEN-043968|BEN-028014|BEN-028232|BEN-041909|BEN-012497|BEN-017506|BEN-004394|BEN-015535|BEN-007674|BEN-041541|BEN-038908|BEN-023160|BEN-003921|BEN-005807|BEN-046192|BEN-039825|BEN-031657|BEN-042406|BEN-029870|BEN-025826|BEN-007192|BEN-018048|BEN-032605|BEN-014423|BEN-046138|BEN-023545|BEN-011835|BEN-032536|BEN-004560|BEN-018364|BEN-049924|BEN-033594|BEN-044549|BEN-024054|BEN-010900|BEN-043299|BEN-025541,Routine low-value synthetic service payments to ACC-018772; not an injected suspicious collector.
CONTROL-0266,COMMON_SURNAME,BEN-029506|BEN-044809|BEN-017078,Distinct local students share a common surname and institution.
CONTROL-0032,COMMON_SURNAME,BEN-011964|BEN-030190|BEN-034541,Distinct local students share a common surname and institution.
CONTROL-1215,CORRECTED_APPLICATION,BEN-005181|BEN-033382,An earlier cancelled application is replaced by one approved claim; cancelled claim is unpaid.
CONTROL-0343,HOSTEL_ADDRESS,BEN-018242|BEN-032099|BEN-044073|BEN-017879|BEN-024075,Five distinct residents share a hostel address; individual accounts and contacts.
CONTROL-1036,HOSTEL_ADDRESS,BEN-003950|BEN-046537|BEN-017925|BEN-047331|BEN-024062,Five distinct residents share a hostel address; individual accounts and contacts.
CONTROL-1402,BENIGN_COLLECTION,BEN-003709|BEN-046726|BEN-006099|BEN-029144|BEN-032657|BEN-012032|BEN-045849|BEN-026365|BEN-013598|BEN-049978|BEN-024151|BEN-008496|BEN-021001|BEN-047977|BEN-032204|BEN-017218|BEN-028475|BEN-039523|BEN-044213|BEN-037912|BEN-014405|BEN-012470|BEN-047123|BEN-006433|BEN-045127|BEN-015456|BEN-027852|BEN-030982|BEN-029426|BEN-014222|BEN-027427|BEN-018404|BEN-049229|BEN-009315|BEN-017451|BEN-041226|BEN-013422|BEN-001713|BEN-030651|BEN-030902|BEN-043715|BEN-029124|BEN-016561|BEN-023296|BEN-028534|BEN-014396|BEN-026320|BEN-008736|BEN-020403|BEN-011772|BEN-028122|BEN-035416|BEN-016697|BEN-036333|BEN-043182|BEN-007551|BEN-020693|BEN-038899|BEN-048499|BEN-048503|BEN-046095|BEN-025661|BEN-032855|BEN-001608|BEN-011816|BEN-007029|BEN-046842|BEN-026473|BEN-003916,Routine low-value synthetic service payments to ACC-148832; not an injected suspicious collector.
CONTROL-1147,IDENTICAL_NAME,BEN-040063|BEN-034364,"Same full name, distinct birth dates, contacts and accounts."
CONTROL-1039,IDENTICAL_NAME,BEN-030614|BEN-041187,"Same full name, distinct birth dates, contacts and accounts."
CONTROL-0977,COMMON_SURNAME,BEN-017156|BEN-030077|BEN-029807,Distinct local students share a common surname and institution.
CONTROL-0337,IDENTICAL_NAME,BEN-047139|BEN-022704,"Same full name, distinct birth dates, contacts and accounts."
CONTROL-0629,COMPATIBLE_SCHEMES,BEN-027864|BEN-040574,Tuition and study-material support are permitted together in the same year.
CONTROL-0288,CORRECTED_APPLICATION,BEN-029550|BEN-024060,An earlier cancelled application is replaced by one approved claim; cancelled claim is unpaid.
CONTROL-0587,FAMILY_CONTACT,BEN-005651|BEN-022638|BEN-010428,Distinct family members share their household contact and residence.
CONTROL-1129,IDENTICAL_NAME,BEN-007448|BEN-045435,"Same full name, distinct birth dates, contacts and accounts."
CONTROL-0091,HOSTEL_ADDRESS,BEN-047081|BEN-024892|BEN-020255|BEN-037134|BEN-010009,Five distinct residents share a hostel address; individual accounts and contacts.
CONTROL-0216,CORRECTED_APPLICATION,BEN-011949|BEN-019330,An earlier cancelled application is replaced by one approved claim; cancelled claim is unpaid.
CONTROL-0478,HOSTEL_ADDRESS,BEN-044879|BEN-030692|BEN-026414|BEN-036344|BEN-025940,Five distinct residents share a hostel address; individual accounts and contacts.
CONTROL-1383,BENIGN_COLLECTION,BEN-007779|BEN-016171|BEN-034905|BEN-033341|BEN-025768|BEN-043081|BEN-038185|BEN-030641|BEN-023496|BEN-021463|BEN-007120|BEN-043563|BEN-015354|BEN-019230|BEN-018443|BEN-002922|BEN-034815|BEN-035861|BEN-047499|BEN-025740|BEN-039218|BEN-032235|BEN-020128|BEN-012526|BEN-045187|BEN-024482|BEN-030053|BEN-024761|BEN-017843|BEN-030765|BEN-018408|BEN-000899|BEN-029919|BEN-030073|BEN-023558|BEN-002976|BEN-002863|BEN-014810|BEN-001129|BEN-015824|BEN-013538|BEN-020249|BEN-000107|BEN-021875|BEN-037255|BEN-017105|BEN-028058|BEN-034514|BEN-045867|BEN-012304|BEN-013585|BEN-013951|BEN-006539|BEN-037527|BEN-044357|BEN-042402|BEN-000711|BEN-041503|BEN-021112|BEN-043680|BEN-036565|BEN-044716|BEN-027672|BEN-038646|BEN-000284|BEN-013499|BEN-004604|BEN-033620|BEN-019176|BEN-009048|BEN-037081|BEN-021262|BEN-049761|BEN-025086|BEN-004756|BEN-021545|BEN-026813|BEN-047846|BEN-036132|BEN-021688|BEN-030538,Routine low-value synthetic service payments to ACC-103591; not an injected suspicious collector.
CONTROL-0825,REGISTRATION_CAMP,BEN-031095|BEN-041468|BEN-018269,Genuine campus enrollment camp produces a short registration burst.
CONTROL-0710,COMPATIBLE_SCHEMES,BEN-030449|BEN-013759,Tuition and study-material support are permitted together in the same year.
CONTROL-0113,COMMON_SURNAME,BEN-036633|BEN-011301|BEN-015027,Distinct local students share a common surname and institution.
CONTROL-1184,COMMON_SURNAME,BEN-048360|BEN-025333|BEN-005571,Distinct local students share a common surname and institution.
CONTROL-1109,FAMILY_CONTACT,BEN-039378|BEN-031298|BEN-000278,Distinct family members share their household contact and residence.
CONTROL-1090,HOSTEL_ADDRESS,BEN-028469|BEN-035904|BEN-034126|BEN-011675|BEN-041312,Five distinct residents share a hostel address; individual accounts and contacts.
CONTROL-0984,GUARDIAN_ACCOUNT,BEN-009113|BEN-046524,Two distinct students have recorded guardian payout authorization.
CONTROL-0453,GUARDIAN_ACCOUNT,BEN-025793|BEN-012621,Two distinct students have recorded guardian payout authorization.
CONTROL-0384,REGISTRATION_CAMP,BEN-032807|BEN-015711|BEN-018790,Genuine campus enrollment camp produces a short registration burst.
CONTROL-1241,COMPATIBLE_SCHEMES,BEN-004068|BEN-014718,Tuition and study-material support are permitted together in the same year.
CONTROL-0695,FAMILY_CONTACT,BEN-023436|BEN-024507|BEN-019917,Distinct family members share their household contact and residence.
CONTROL-0526,IDENTICAL_NAME,BEN-045116|BEN-013155,"Same full name, distinct birth dates, contacts and accounts."
CONTROL-0978,REGISTRATION_CAMP,BEN-013834|BEN-043677|BEN-020660,Genuine campus enrollment camp produces a short registration burst.
CONTROL-0311,COMMON_SURNAME,BEN-038797|BEN-016395|BEN-008270,Distinct local students share a common surname and institution.
CONTROL-0487,HOSTEL_ADDRESS,BEN-024762|BEN-049646|BEN-011761|BEN-042665|BEN-030455,Five distinct residents share a hostel address; individual accounts and contacts.
CONTROL-1009,HOSTEL_ADDRESS,BEN-042722|BEN-022720|BEN-018353|BEN-045691|BEN-024652,Five distinct residents share a hostel address; individual accounts and contacts.
CONTROL-0895,IDENTICAL_NAME,BEN-044973|BEN-038487,"Same full name, distinct birth dates, contacts and accounts."
CONTROL-1248,REGISTRATION_CAMP,BEN-022146|BEN-020936|BEN-029633,Genuine campus enrollment camp produces a short registration burst.
CONTROL-0043,BENIGN_CYCLE,BEN-017559|BEN-005845|BEN-003799,A funded roommate expense advance is repaid through three accounts.
CONTROL-0795,GUARDIAN_ACCOUNT,BEN-033794|BEN-048908,Two distinct students have recorded guardian payout authorization.
CONTROL-0015,REGISTRATION_CAMP,BEN-032652|BEN-031023|BEN-031166,Genuine campus enrollment camp produces a short registration burst.
CONTROL-1136,FAMILY_CONTACT,BEN-049791|BEN-001113|BEN-042739,Distinct family members share their household contact and residence.
CONTROL-0201,GUARDIAN_ACCOUNT,BEN-030145|BEN-018449,Two distinct students have recorded guardian payout authorization.
CONTROL-1423,BENIGN_COLLECTION,BEN-021445|BEN-000404|BEN-035851|BEN-029797|BEN-022021|BEN-016629|BEN-029348|BEN-034005|BEN-012658|BEN-046220|BEN-000966|BEN-019882|BEN-043457|BEN-030352|BEN-009087|BEN-015011|BEN-041756|BEN-029623|BEN-002006|BEN-049295|BEN-023142|BEN-036019|BEN-016280|BEN-042359|BEN-022053|BEN-020704|BEN-006175|BEN-038296|BEN-034701|BEN-002812|BEN-023321|BEN-008393|BEN-002709|BEN-019240|BEN-007806|BEN-005430|BEN-003332|BEN-007795|BEN-006552|BEN-008429|BEN-006642|BEN-006893|BEN-045020|BEN-031145|BEN-016326|BEN-027627|BEN-038653|BEN-035140|BEN-028724|BEN-008990|BEN-048763|BEN-001562|BEN-023425|BEN-023964|BEN-041476|BEN-021799|BEN-016003|BEN-005336|BEN-035219|BEN-043548|BEN-023645|BEN-032281|BEN-023238|BEN-030736,Routine low-value synthetic service payments to ACC-124334; not an injected suspicious collector.
CONTROL-0819,CORRECTED_APPLICATION,BEN-028525|BEN-008792,An earlier cancelled application is replaced by one approved claim; cancelled claim is unpaid.
CONTROL-1088,COMPATIBLE_SCHEMES,BEN-015738|BEN-023897,Tuition and study-material support are permitted together in the same year.
CONTROL-0548,COMPATIBLE_SCHEMES,BEN-043930|BEN-012630,Tuition and study-material support are permitted together in the same year.
CONTROL-1442,BENIGN_COLLECTION,BEN-027151|BEN-017024|BEN-025769|BEN-014032|BEN-009428|BEN-041868|BEN-025078|BEN-005280|BEN-033200|BEN-041748|BEN-038210|BEN-019908|BEN-008187|BEN-034036|BEN-024192|BEN-015910|BEN-024829|BEN-032941|BEN-001327|BEN-027745|BEN-022693|BEN-016343|BEN-041497|BEN-049887|BEN-022164|BEN-024659|BEN-039216|BEN-014397|BEN-004397|BEN-008458|BEN-027299|BEN-006165|BEN-004553|BEN-030143|BEN-038217|BEN-027083|BEN-032995|BEN-048667|BEN-035199|BEN-032098|BEN-017348|BEN-009374|BEN-019604|BEN-038367|BEN-045329|BEN-031379|BEN-019012|BEN-021640|BEN-038720|BEN-008569|BEN-023266|BEN-039049|BEN-040686|BEN-010231|BEN-003388|BEN-036833|BEN-035739|BEN-049201|BEN-049291|BEN-020834|BEN-018678|BEN-046553|BEN-028074|BEN-020285|BEN-005349|BEN-031082|BEN-027623|BEN-019218|BEN-037499,Routine low-value synthetic service payments to ACC-059395; not an injected suspicious collector.
CONTROL-0150,REGISTRATION_CAMP,BEN-009977|BEN-046509|BEN-011373,Genuine campus enrollment camp produces a short registration burst.
CONTROL-0076,IDENTICAL_NAME,BEN-036883|BEN-010169,"Same full name, distinct birth dates, contacts and accounts."
CONTROL-0398,FAMILY_CONTACT,BEN-006342|BEN-041984|BEN-032855,Distinct family members share their household contact and residence.
CONTROL-1059,REGISTRATION_CAMP,BEN-001836|BEN-024959|BEN-048768,Genuine campus enrollment camp produces a short registration burst.
CONTROL-1056,GUARDIAN_ACCOUNT,BEN-034814|BEN-006052,Two distinct students have recorded guardian payout authorization.
CONTROL-0242,COMPATIBLE_SCHEMES,BEN-032547|BEN-002997,Tuition and study-material support are permitted together in the same year.
CONTROL-0858,GUARDIAN_ACCOUNT,BEN-014324|BEN-004612,Two distinct students have recorded guardian payout authorization.
CONTROL-0090,CORRECTED_APPLICATION,BEN-026595|BEN-014760,An earlier cancelled application is replaced by one approved claim; cancelled claim is unpaid.
CONTROL-0566,COMPATIBLE_SCHEMES,BEN-022169|BEN-013990,Tuition and study-material support are permitted together in the same year.
CONTROL-0233,COMPATIBLE_SCHEMES,BEN-047030|BEN-011114,Tuition and study-material support are permitted together in the same year.
CONTROL-1011,GUARDIAN_ACCOUNT,BEN-041584|BEN-018146,Two distinct students have recorded guardian payout authorization.
CONTROL-0315,CORRECTED_APPLICATION,BEN-045241|BEN-018159,An earlier cancelled application is replaced by one approved claim; cancelled claim is unpaid.
CONTROL-0960,REGISTRATION_CAMP,BEN-016618|BEN-007702|BEN-039480,Genuine campus enrollment camp produces a short registration burst.
CONTROL-0195,REGISTRATION_CAMP,BEN-002695|BEN-025300|BEN-033879,Genuine campus enrollment camp produces a short registration burst.
CONTROL-0952,BENIGN_CYCLE,BEN-029707|BEN-024942|BEN-030348,A funded roommate expense advance is repaid through three accounts.
CONTROL-0749,FAMILY_CONTACT,BEN-047239|BEN-046678|BEN-029159,Distinct family members share their household contact and residence.
CONTROL-0494,COMPATIBLE_SCHEMES,BEN-023243|BEN-006445,Tuition and study-material support are permitted together in the same year.
CONTROL-1352,BENIGN_COLLECTION,BEN-033883|BEN-034650|BEN-028625|BEN-023462|BEN-022891|BEN-049750|BEN-007038|BEN-016366|BEN-029360|BEN-019482|BEN-044359|BEN-026827|BEN-036711|BEN-045122|BEN-021067|BEN-044002|BEN-042689|BEN-018675|BEN-005342|BEN-032933|BEN-016464|BEN-035622|BEN-019187|BEN-043833|BEN-039822|BEN-029108|BEN-005519|BEN-025026|BEN-019350|BEN-040332|BEN-029853|BEN-025210|BEN-019824|BEN-048617|BEN-000209|BEN-032945|BEN-028800|BEN-017552|BEN-036864|BEN-045379|BEN-027894|BEN-034862|BEN-028033|BEN-006900|BEN-013850|BEN-019741|BEN-034472|BEN-033634|BEN-039843|BEN-045092|BEN-028541|BEN-036634|BEN-007902|BEN-032335|BEN-018556|BEN-020939|BEN-042296|BEN-026383|BEN-034421|BEN-024021,Routine low-value synthetic service payments to ACC-116318; not an injected suspicious collector.
CONTROL-0517,IDENTICAL_NAME,BEN-034073|BEN-025547,"Same full name, distinct birth dates, contacts and accounts."
CONTROL-0444,GUARDIAN_ACCOUNT,BEN-048221|BEN-048164,Two distinct students have recorded guardian payout authorization.
CONTROL-0678,GUARDIAN_ACCOUNT,BEN-010891|BEN-015448,Two distinct students have recorded guardian payout authorization.
CONTROL-0905,COMMON_SURNAME,BEN-038345|BEN-014920|BEN-040995,Distinct local students share a common surname and institution.
CONTROL-0910,HOSTEL_ADDRESS,BEN-027998|BEN-040640|BEN-018039|BEN-017655|BEN-014481,Five distinct residents share a hostel address; individual accounts and contacts.
CONTROL-1176,REGISTRATION_CAMP,BEN-027323|BEN-006484|BEN-002097,Genuine campus enrollment camp produces a short registration burst.
CONTROL-1430,BENIGN_COLLECTION,BEN-008492|BEN-013867|BEN-019309|BEN-015776|BEN-020725|BEN-028883|BEN-033836|BEN-048964|BEN-026887|BEN-020769|BEN-003366|BEN-032290|BEN-039794|BEN-001916|BEN-022522|BEN-014891|BEN-033908|BEN-046749|BEN-011992|BEN-016199|BEN-024721|BEN-007525|BEN-049400|BEN-023800|BEN-032712|BEN-024569|BEN-006196|BEN-035079|BEN-043488|BEN-028953|BEN-007298|BEN-009517|BEN-041867|BEN-003501|BEN-043053|BEN-032065|BEN-014791|BEN-045344|BEN-047052|BEN-047923|BEN-029549|BEN-014355|BEN-027731|BEN-031384|BEN-027884|BEN-016749|BEN-027296|BEN-032416|BEN-004132|BEN-040292|BEN-044761|BEN-036925|BEN-033777|BEN-041690|BEN-021451|BEN-013762|BEN-012417|BEN-024944|BEN-043459|BEN-006579|BEN-028381|BEN-000912|BEN-031409|BEN-023939|BEN-036759|BEN-006834|BEN-012874|BEN-013675|BEN-041593|BEN-032913|BEN-020320|BEN-011259|BEN-012914|BEN-043925|BEN-019952|BEN-004269|BEN-013382|BEN-015428|BEN-034539|BEN-025537|BEN-015051,Routine low-value synthetic service payments to ACC-037667; not an injected suspicious collector.
CONTROL-1211,COMMON_SURNAME,BEN-026315|BEN-040498|BEN-001461,Distinct local students share a common surname and institution.
CONTROL-1209,GUARDIAN_ACCOUNT,BEN-047194|BEN-023096,Two distinct students have recorded guardian payout authorization.
CONTROL-1183,IDENTICAL_NAME,BEN-011931|BEN-022578,"Same full name, distinct birth dates, contacts and accounts."
CONTROL-0126,CORRECTED_APPLICATION,BEN-044296|BEN-044453,An earlier cancelled application is replaced by one approved claim; cancelled claim is unpaid.
CONTROL-1198,HOSTEL_ADDRESS,BEN-011345|BEN-036787|BEN-010509|BEN-036213|BEN-014026,Five distinct residents share a hostel address; individual accounts and contacts.
CONTROL-0361,HOSTEL_ADDRESS,BEN-024893|BEN-008656|BEN-041844|BEN-042779|BEN-003313,Five distinct residents share a hostel address; individual accounts and contacts.
CONTROL-0188,COMPATIBLE_SCHEMES,BEN-011899|BEN-024352,Tuition and study-material support are permitted together in the same year.
CONTROL-0826,BENIGN_CYCLE,BEN-029597|BEN-038173|BEN-018784,A funded roommate expense advance is repaid through three accounts.
CONTROL-0185,COMMON_SURNAME,BEN-043075|BEN-022108|BEN-030925,Distinct local students share a common surname and institution.
CONTROL-0829,HOSTEL_ADDRESS,BEN-039755|BEN-014054|BEN-000897|BEN-000840|BEN-045231,Five distinct residents share a hostel address; individual accounts and contacts.
CONTROL-1079,COMPATIBLE_SCHEMES,BEN-001863|BEN-016339,Tuition and study-material support are permitted together in the same year.
CONTROL-1277,COMPATIBLE_SCHEMES,BEN-022729|BEN-011869,Tuition and study-material support are permitted together in the same year.
CONTROL-1232,COMPATIBLE_SCHEMES,BEN-000589|BEN-028872,Tuition and study-material support are permitted together in the same year.
CONTROL-0769,IDENTICAL_NAME,BEN-035920|BEN-046147,"Same full name, distinct birth dates, contacts and accounts."
CONTROL-1399,BENIGN_COLLECTION,BEN-008799|BEN-002811|BEN-040279|BEN-034073|BEN-049179|BEN-044006|BEN-035227|BEN-048920|BEN-026711|BEN-004859|BEN-029257|BEN-024017|BEN-026051|BEN-014249|BEN-034730|BEN-005919|BEN-041173|BEN-031858|BEN-032910|BEN-034734|BEN-011511|BEN-018548|BEN-001372|BEN-032654|BEN-049184|BEN-018363|BEN-004503|BEN-014117|BEN-006595|BEN-024615|BEN-033881|BEN-015069|BEN-023530|BEN-034823|BEN-004858|BEN-022129|BEN-035902|BEN-048974|BEN-034868|BEN-039667|BEN-016821|BEN-015160|BEN-008420|BEN-021942|BEN-010144|BEN-028010|BEN-007840|BEN-047598|BEN-034146|BEN-043259|BEN-022855|BEN-017799|BEN-047011|BEN-002522|BEN-018113|BEN-029902|BEN-014016|BEN-047231|BEN-025703|BEN-023631|BEN-041191|BEN-019926|BEN-013672|BEN-022747|BEN-006323|BEN-039885|BEN-043397|BEN-046559|BEN-032856|BEN-006707|BEN-022580|BEN-010265|BEN-049477|BEN-000921|BEN-036014|BEN-035618|BEN-038826|BEN-041871|BEN-040243,Routine low-value synthetic service payments to ACC-097277; not an injected suspicious collector.
CONTROL-0581,COMMON_SURNAME,BEN-014472|BEN-036101|BEN-037179,Distinct local students share a common surname and institution.
CONTROL-0941,COMMON_SURNAME,BEN-023084|BEN-034520|BEN-028348,Distinct local students share a common surname and institution.
CONTROL-1240,BENIGN_CYCLE,BEN-030382|BEN-046015|BEN-034044,A funded roommate expense advance is repaid through three accounts.
CONTROL-0870,REGISTRATION_CAMP,BEN-015695|BEN-011147|BEN-006649,Genuine campus enrollment camp produces a short registration burst.
CONTROL-1435,BENIGN_COLLECTION,BEN-030687|BEN-043774|BEN-018094|BEN-022289|BEN-018156|BEN-048588|BEN-004846|BEN-048070|BEN-016501|BEN-022385|BEN-036722|BEN-021359|BEN-048090|BEN-008502|BEN-045293|BEN-042011|BEN-005994|BEN-022786|BEN-019428|BEN-015734|BEN-036184|BEN-014090|BEN-011914|BEN-019155|BEN-041169|BEN-012076|BEN-026692|BEN-035007|BEN-038662|BEN-043547|BEN-029821|BEN-006736|BEN-019599|BEN-044011|BEN-029563|BEN-016149|BEN-035347|BEN-027993|BEN-023972|BEN-011717|BEN-027054|BEN-002241|BEN-040743|BEN-043831|BEN-030249|BEN-018622|BEN-009803|BEN-006481|BEN-042145|BEN-008601|BEN-008452|BEN-009030|BEN-021410|BEN-007199|BEN-012099|BEN-020496|BEN-014798|BEN-023515|BEN-025837|BEN-028098|BEN-028248|BEN-033520|BEN-043484|BEN-017419|BEN-001091|BEN-008620|BEN-010728|BEN-026312|BEN-010485|BEN-016076|BEN-006454|BEN-003125|BEN-000838|BEN-029101|BEN-026041|BEN-040711|BEN-029302|BEN-006687|BEN-032003|BEN-004739|BEN-043929|BEN-016806|BEN-045972|BEN-041928|BEN-028470|BEN-006580|BEN-014904,Routine low-value synthetic service payments to ACC-088037; not an injected suspicious collector.
CONTROL-0534,GUARDIAN_ACCOUNT,BEN-038300|BEN-023859,Two distinct students have recorded guardian payout authorization.
CONTROL-0520,BENIGN_CYCLE,BEN-019319|BEN-018435|BEN-047703,A funded roommate expense advance is repaid through three accounts.
CONTROL-1415,BENIGN_COLLECTION,BEN-019830|BEN-014131|BEN-029123|BEN-040078|BEN-039337|BEN-000066|BEN-043629|BEN-004653|BEN-002636|BEN-009865|BEN-041093|BEN-037825|BEN-000684|BEN-041428|BEN-011175|BEN-014611|BEN-006863|BEN-044163|BEN-045588|BEN-000692|BEN-030848|BEN-018962|BEN-003895|BEN-019450|BEN-011157|BEN-003251|BEN-002747|BEN-046656|BEN-049816|BEN-016226|BEN-023959|BEN-038273|BEN-011826|BEN-016130|BEN-036392|BEN-020210|BEN-035490|BEN-019380|BEN-040675|BEN-035757|BEN-021062|BEN-040504|BEN-033934|BEN-030455|BEN-049611|BEN-046204|BEN-006513|BEN-015335|BEN-012549|BEN-003647|BEN-001077|BEN-011074|BEN-036011|BEN-030693|BEN-030940|BEN-003972|BEN-026987|BEN-048261|BEN-025624|BEN-004403|BEN-037035|BEN-048007|BEN-000863|BEN-015085|BEN-032674|BEN-027434,Routine low-value synthetic service payments to ACC-121608; not an injected suspicious collector.
CONTROL-0523,HOSTEL_ADDRESS,BEN-025568|BEN-036153|BEN-039726|BEN-019282|BEN-012666,Five distinct residents share a hostel address; individual accounts and contacts.
CONTROL-1146,GUARDIAN_ACCOUNT,BEN-045027|BEN-005127,Two distinct students have recorded guardian payout authorization.
CONTROL-0341,COMPATIBLE_SCHEMES,BEN-014945|BEN-046494,Tuition and study-material support are permitted together in the same year.
CONTROL-0026,COMPATIBLE_SCHEMES,BEN-011348|BEN-021219,Tuition and study-material support are permitted together in the same year.
CONTROL-0002,FAMILY_CONTACT,BEN-014047|BEN-036891|BEN-002993,Distinct family members share their household contact and residence.
CONTROL-0605,FAMILY_CONTACT,BEN-046064|BEN-046088|BEN-003302,Distinct family members share their household contact and residence.
CONTROL-0784,HOSTEL_ADDRESS,BEN-011810|BEN-035251|BEN-006479|BEN-019055|BEN-013507,Five distinct residents share a hostel address; individual accounts and contacts.
CONTROL-0173,FAMILY_CONTACT,BEN-042727|BEN-014317|BEN-012795,Distinct family members share their household contact and residence.
CONTROL-1149,REGISTRATION_CAMP,BEN-024640|BEN-003920|BEN-030352,Genuine campus enrollment camp produces a short registration burst.
CONTROL-0234,CORRECTED_APPLICATION,BEN-023168|BEN-004908,An earlier cancelled application is replaced by one approved claim; cancelled claim is unpaid.
CONTROL-0573,REGISTRATION_CAMP,BEN-032149|BEN-031242|BEN-022408,Genuine campus enrollment camp produces a short registration burst.
CONTROL-0451,HOSTEL_ADDRESS,BEN-039227|BEN-018803|BEN-046492|BEN-044734|BEN-047458,Five distinct residents share a hostel address; individual accounts and contacts.
CONTROL-1105,BENIGN_CYCLE,BEN-033003|BEN-005052|BEN-016826,A funded roommate expense advance is repaid through three accounts.
CONTROL-1112,COMMON_SURNAME,BEN-012793|BEN-035114|BEN-021788,Distinct local students share a common surname and institution.
CONTROL-0214,BENIGN_CYCLE,BEN-020502|BEN-015559|BEN-046150,A funded roommate expense advance is repaid through three accounts.
CONTROL-0798,REGISTRATION_CAMP,BEN-004659|BEN-009713|BEN-046753,Genuine campus enrollment camp produces a short registration burst.
CONTROL-1486,BENIGN_COLLECTION,BEN-013584|BEN-024526|BEN-033450|BEN-039579|BEN-014541|BEN-030019|BEN-000263|BEN-046075|BEN-018244|BEN-046405|BEN-025959|BEN-024258|BEN-022399|BEN-030577|BEN-000267|BEN-031535|BEN-044964|BEN-042857|BEN-029110|BEN-046633|BEN-008698|BEN-001955|BEN-045032|BEN-020780|BEN-016394|BEN-020933|BEN-018086|BEN-049440|BEN-004315|BEN-044846|BEN-013155|BEN-002597|BEN-032294|BEN-007062|BEN-018567|BEN-048346|BEN-036769|BEN-015001|BEN-000632|BEN-034575|BEN-035540|BEN-040813|BEN-036742|BEN-047029|BEN-002787|BEN-019083|BEN-034920|BEN-046664|BEN-023227|BEN-032313|BEN-017849|BEN-046439|BEN-014035|BEN-001527|BEN-026816|BEN-019325|BEN-022467|BEN-005574|BEN-043078|BEN-032530|BEN-041639|BEN-024080|BEN-043764|BEN-032474|BEN-019308|BEN-024072|BEN-025490|BEN-036046|BEN-033036|BEN-049207,Routine low-value synthetic service payments to ACC-071839; not an injected suspicious collector.
CONTROL-1295,COMPATIBLE_SCHEMES,BEN-045878|BEN-049452,Tuition and study-material support are permitted together in the same year.
CONTROL-1410,BENIGN_COLLECTION,BEN-012143|BEN-020920|BEN-044102|BEN-018261|BEN-006718|BEN-029286|BEN-010813|BEN-003336|BEN-041377|BEN-011897|BEN-008600|BEN-013337|BEN-043184|BEN-015086|BEN-009262|BEN-005615|BEN-049644|BEN-015366|BEN-032177|BEN-006452|BEN-005262|BEN-037167|BEN-031920|BEN-006050|BEN-011292|BEN-014319|BEN-023522|BEN-040227|BEN-042010|BEN-012357|BEN-043557|BEN-040939|BEN-006129|BEN-026038|BEN-001100|BEN-003649|BEN-039904|BEN-029234|BEN-006702|BEN-034394|BEN-042479|BEN-037022|BEN-019005|BEN-044755|BEN-023088|BEN-005977|BEN-026588|BEN-014766|BEN-049136|BEN-016859|BEN-026336|BEN-011688|BEN-040670|BEN-034480|BEN-028332|BEN-044713|BEN-043976|BEN-028783|BEN-002404|BEN-039536,Routine low-value synthetic service payments to ACC-056919; not an injected suspicious collector.
CONTROL-1047,GUARDIAN_ACCOUNT,BEN-010038|BEN-026877,Two distinct students have recorded guardian payout authorization.
CONTROL-0713,FAMILY_CONTACT,BEN-037729|BEN-016295|BEN-018948,Distinct family members share their household contact and residence.
CONTROL-0498,GUARDIAN_ACCOUNT,BEN-027756|BEN-042641,Two distinct students have recorded guardian payout authorization.
CONTROL-0143,COMPATIBLE_SCHEMES,BEN-047281|BEN-018439,Tuition and study-material support are permitted together in the same year.
CONTROL-1043,COMPATIBLE_SCHEMES,BEN-026807|BEN-023423,Tuition and study-material support are permitted together in the same year.
CONTROL-1015,BENIGN_CYCLE,BEN-026338|BEN-008021|BEN-003885,A funded roommate expense advance is repaid through three accounts.
CONTROL-0754,BENIGN_CYCLE,BEN-041020|BEN-004847|BEN-042582,A funded roommate expense advance is repaid through three accounts.
CONTROL-0931,IDENTICAL_NAME,BEN-047828|BEN-008698,"Same full name, distinct birth dates, contacts and accounts."
CONTROL-0782,COMPATIBLE_SCHEMES,BEN-028149|BEN-027305,Tuition and study-material support are permitted together in the same year.
CONTROL-1098,CORRECTED_APPLICATION,BEN-035265|BEN-043594,An earlier cancelled application is replaced by one approved claim; cancelled claim is unpaid.
CONTROL-1193,COMMON_SURNAME,BEN-002065|BEN-000490|BEN-015690,Distinct local students share a common surname and institution.
CONTROL-0894,GUARDIAN_ACCOUNT,BEN-001255|BEN-042160,Two distinct students have recorded guardian payout authorization.
CONTROL-0966,GUARDIAN_ACCOUNT,BEN-042983|BEN-005545,Two distinct students have recorded guardian payout authorization.
CONTROL-1261,HOSTEL_ADDRESS,BEN-045178|BEN-006230|BEN-034407|BEN-035340|BEN-044680,Five distinct residents share a hostel address; individual accounts and contacts.
CONTROL-0850,IDENTICAL_NAME,BEN-034190|BEN-016157,"Same full name, distinct birth dates, contacts and accounts."
CONTROL-0108,CORRECTED_APPLICATION,BEN-008247|BEN-049276,An earlier cancelled application is replaced by one approved claim; cancelled claim is unpaid.
CONTROL-0162,CORRECTED_APPLICATION,BEN-035201|BEN-039729,An earlier cancelled application is replaced by one approved claim; cancelled claim is unpaid.
CONTROL-1067,COMMON_SURNAME,BEN-048064|BEN-012982|BEN-049077,Distinct local students share a common surname and institution.
CONTROL-0101,FAMILY_CONTACT,BEN-032515|BEN-002192|BEN-015622,Distinct family members share their household contact and residence.
CONTROL-1072,HOSTEL_ADDRESS,BEN-025408|BEN-047849|BEN-040789|BEN-015731|BEN-010559,Five distinct residents share a hostel address; individual accounts and contacts.
CONTROL-0433,HOSTEL_ADDRESS,BEN-045810|BEN-013449|BEN-049882|BEN-015273|BEN-047835,Five distinct residents share a hostel address; individual accounts and contacts.
CONTROL-0228,GUARDIAN_ACCOUNT,BEN-030428|BEN-032762,Two distinct students have recorded guardian payout authorization.
CONTROL-0803,FAMILY_CONTACT,BEN-026002|BEN-014657|BEN-007520,Distinct family members share their household contact and residence.
CONTROL-0513,CORRECTED_APPLICATION,BEN-001360|BEN-023905,An earlier cancelled application is replaced by one approved claim; cancelled claim is unpaid.
CONTROL-0475,BENIGN_CYCLE,BEN-026550|BEN-037054|BEN-027653,A funded roommate expense advance is repaid through three accounts.
CONTROL-0799,BENIGN_CYCLE,BEN-003606|BEN-017506|BEN-016543,A funded roommate expense advance is repaid through three accounts.
CONTROL-1453,BENIGN_COLLECTION,BEN-034690|BEN-000030|BEN-013160|BEN-046921|BEN-017688|BEN-027015|BEN-026269|BEN-047053|BEN-013846|BEN-024236|BEN-029959|BEN-010811|BEN-010169|BEN-027606|BEN-030664|BEN-042433|BEN-019115|BEN-034917|BEN-039060|BEN-028809|BEN-041275|BEN-019096|BEN-033222|BEN-000976|BEN-035669|BEN-033264|BEN-044367|BEN-033179|BEN-001000|BEN-048552|BEN-030787|BEN-021735|BEN-018188|BEN-024716|BEN-010099|BEN-023592|BEN-000373|BEN-000171|BEN-030609|BEN-022376|BEN-018287|BEN-028266|BEN-010382|BEN-014553|BEN-037006|BEN-041765|BEN-041372|BEN-021423|BEN-040954|BEN-028939|BEN-039239|BEN-038140|BEN-043391|BEN-004781|BEN-016590|BEN-025611|BEN-025109|BEN-040456|BEN-023389|BEN-011735,Routine low-value synthetic service payments to ACC-086198; not an injected suspicious collector.
CONTROL-0435,GUARDIAN_ACCOUNT,BEN-006022|BEN-007996,Two distinct students have recorded guardian payout authorization.
CONTROL-0863,COMPATIBLE_SCHEMES,BEN-025351|BEN-026280,Tuition and study-material support are permitted together in the same year.
CONTROL-1269,CORRECTED_APPLICATION,BEN-042793|BEN-035363,An earlier cancelled application is replaced by one approved claim; cancelled claim is unpaid.
CONTROL-1007,COMPATIBLE_SCHEMES,BEN-042479|BEN-021518,Tuition and study-material support are permitted together in the same year.
CONTROL-0860,COMMON_SURNAME,BEN-037124|BEN-048803|BEN-045818,Distinct local students share a common surname and institution.
CONTROL-0751,IDENTICAL_NAME,BEN-008896|BEN-004156,"Same full name, distinct birth dates, contacts and accounts."
CONTROL-0702,CORRECTED_APPLICATION,BEN-006164|BEN-042343,An earlier cancelled application is replaced by one approved claim; cancelled claim is unpaid.
CONTROL-1418,BENIGN_COLLECTION,BEN-011271|BEN-013216|BEN-001558|BEN-020002|BEN-041822|BEN-016799|BEN-003173|BEN-001769|BEN-032160|BEN-046078|BEN-044453|BEN-006214|BEN-032814|BEN-004994|BEN-015793|BEN-001705|BEN-013841|BEN-018859|BEN-021663|BEN-033888|BEN-000700|BEN-009656|BEN-021682|BEN-011461|BEN-026154|BEN-024609|BEN-002623|BEN-016264|BEN-037055|BEN-024911|BEN-003540|BEN-025474|BEN-001030|BEN-025371|BEN-023956|BEN-047247|BEN-013603|BEN-004771|BEN-011502|BEN-000886|BEN-007297|BEN-048694|BEN-010516|BEN-046780|BEN-000448|BEN-036246|BEN-036336|BEN-017137|BEN-047586|BEN-004550|BEN-009124|BEN-009607|BEN-013833|BEN-004165|BEN-043744|BEN-036370|BEN-032259|BEN-013283|BEN-049553|BEN-047824|BEN-021186|BEN-026853|BEN-011611|BEN-032023,Routine low-value synthetic service payments to ACC-032696; not an injected suspicious collector.
CONTROL-0791,COMPATIBLE_SCHEMES,BEN-011992|BEN-033374,Tuition and study-material support are permitted together in the same year.
CONTROL-0917,COMPATIBLE_SCHEMES,BEN-047103|BEN-000350,Tuition and study-material support are permitted together in the same year.
CONTROL-1157,COMMON_SURNAME,BEN-028874|BEN-043053|BEN-002033,Distinct local students share a common surname and institution.
CONTROL-1283,COMMON_SURNAME,BEN-013572|BEN-039438|BEN-028415,Distinct local students share a common surname and institution.
CONTROL-0071,COMPATIBLE_SCHEMES,BEN-003343|BEN-049963,Tuition and study-material support are permitted together in the same year.
CONTROL-0483,REGISTRATION_CAMP,BEN-027975|BEN-019018|BEN-024066,Genuine campus enrollment camp produces a short registration burst.
CONTROL-0335,FAMILY_CONTACT,BEN-024348|BEN-044255|BEN-020881,Distinct family members share their household contact and residence.
CONTROL-1217,FAMILY_CONTACT,BEN-049974|BEN-041330|BEN-003485,Distinct family members share their household contact and residence.
CONTROL-0584,COMPATIBLE_SCHEMES,BEN-029149|BEN-011008,Tuition and study-material support are permitted together in the same year.
CONTROL-0765,CORRECTED_APPLICATION,BEN-038198|BEN-026097,An earlier cancelled application is replaced by one approved claim; cancelled claim is unpaid.
CONTROL-0407,FAMILY_CONTACT,BEN-045533|BEN-009925|BEN-022800,Distinct family members share their household contact and residence.
CONTROL-1099,HOSTEL_ADDRESS,BEN-023396|BEN-043996|BEN-005779|BEN-005179|BEN-028921,Five distinct residents share a hostel address; individual accounts and contacts.
CONTROL-0290,FAMILY_CONTACT,BEN-031693|BEN-044761|BEN-043516,Distinct family members share their household contact and residence.
CONTROL-1026,CORRECTED_APPLICATION,BEN-003398|BEN-016916,An earlier cancelled application is replaced by one approved claim; cancelled claim is unpaid.
CONTROL-1408,BENIGN_COLLECTION,BEN-029461|BEN-041251|BEN-004706|BEN-013770|BEN-022818|BEN-005491|BEN-039432|BEN-044427|BEN-003459|BEN-031864|BEN-031459|BEN-010927|BEN-039763|BEN-029130|BEN-045828|BEN-008445|BEN-008735|BEN-004517|BEN-041066|BEN-043956|BEN-047777|BEN-020271|BEN-014692|BEN-034496|BEN-034007|BEN-004592|BEN-031904|BEN-025536|BEN-010889|BEN-008229|BEN-025590|BEN-044093|BEN-037935|BEN-049081|BEN-048005|BEN-000589|BEN-016925|BEN-041046|BEN-020028|BEN-046795|BEN-046488|BEN-025240|BEN-006193|BEN-007721|BEN-002960|BEN-005684|BEN-049488|BEN-012936|BEN-011494|BEN-037288|BEN-048008|BEN-041455|BEN-000490|BEN-009373|BEN-000973|BEN-033492|BEN-045457|BEN-049660|BEN-043430|BEN-017400|BEN-002865|BEN-007122|BEN-016367|BEN-030228|BEN-044094|BEN-035834|BEN-044679,Routine low-value synthetic service payments to ACC-131799; not an injected suspicious collector.
CONTROL-0647,COMPATIBLE_SCHEMES,BEN-025009|BEN-008833,Tuition and study-material support are permitted together in the same year.
CONTROL-0734,COMMON_SURNAME,BEN-047415|BEN-000959|BEN-046796,Distinct local students share a common surname and institution.
CONTROL-0305,COMPATIBLE_SCHEMES,BEN-003400|BEN-000434,Tuition and study-material support are permitted together in the same year.
CONTROL-1216,HOSTEL_ADDRESS,BEN-015708|BEN-008696|BEN-006944|BEN-040164|BEN-045699,Five distinct residents share a hostel address; individual accounts and contacts.
CONTROL-0834,REGISTRATION_CAMP,BEN-026443|BEN-005101|BEN-032895,Genuine campus enrollment camp produces a short registration burst.
CONTROL-1048,IDENTICAL_NAME,BEN-032685|BEN-004759,"Same full name, distinct birth dates, contacts and accounts."
CONTROL-0653,COMMON_SURNAME,BEN-037820|BEN-038671|BEN-042521,Distinct local students share a common surname and institution.
CONTROL-1351,BENIGN_COLLECTION,BEN-032032|BEN-000786|BEN-041717|BEN-015499|BEN-019722|BEN-014392|BEN-018804|BEN-027533|BEN-020640|BEN-017609|BEN-024136|BEN-039323|BEN-000800|BEN-037534|BEN-031099|BEN-039249|BEN-014444|BEN-034781|BEN-037889|BEN-002587|BEN-029645|BEN-013228|BEN-024595|BEN-002414|BEN-020818|BEN-047264|BEN-011377|BEN-029542|BEN-038964|BEN-024109|BEN-025053|BEN-042696|BEN-006622|BEN-025254|BEN-004544|BEN-047219|BEN-042228|BEN-016928|BEN-005499|BEN-033290|BEN-017418|BEN-034052|BEN-035200|BEN-049968|BEN-033340|BEN-010553|BEN-046259|BEN-020166|BEN-041835|BEN-023144|BEN-034768|BEN-029693|BEN-048428|BEN-018239|BEN-049794|BEN-001120|BEN-009016|BEN-029785|BEN-039312|BEN-042699|BEN-049514|BEN-011249|BEN-039928|BEN-033135|BEN-037980|BEN-025465|BEN-020487|BEN-042954|BEN-007259|BEN-044350|BEN-046629|BEN-002322|BEN-042776|BEN-041794|BEN-024466|BEN-027956,Routine low-value synthetic service payments to ACC-057735; not an injected suspicious collector.
CONTROL-0078,REGISTRATION_CAMP,BEN-049465|BEN-041933|BEN-040010,Genuine campus enrollment camp produces a short registration burst.
CONTROL-0847,HOSTEL_ADDRESS,BEN-006133|BEN-048092|BEN-003389|BEN-024310|BEN-045981,Five distinct residents share a hostel address; individual accounts and contacts.
CONTROL-1478,BENIGN_COLLECTION,BEN-017644|BEN-034898|BEN-012989|BEN-016985|BEN-017866|BEN-049786|BEN-042421|BEN-017313|BEN-035196|BEN-038815|BEN-038117|BEN-002963|BEN-021869|BEN-035646|BEN-017254|BEN-022599|BEN-043419|BEN-033812|BEN-002785|BEN-004920|BEN-039375|BEN-023053|BEN-036232|BEN-034270|BEN-002523|BEN-049914|BEN-035954|BEN-045993|BEN-003655|BEN-011075|BEN-027634|BEN-007196|BEN-044944|BEN-023906|BEN-046790|BEN-008952|BEN-009455|BEN-041597|BEN-010064|BEN-031005|BEN-031615|BEN-008762|BEN-008636|BEN-007756|BEN-005307|BEN-027229|BEN-038403|BEN-035827|BEN-039005|BEN-008277|BEN-032525|BEN-012169|BEN-027486|BEN-023023,Routine low-value synthetic service payments to ACC-007833; not an injected suspicious collector.
CONTROL-0599,COMMON_SURNAME,BEN-007772|BEN-046791|BEN-000032,Distinct local students share a common surname and institution.
CONTROL-0431,COMPATIBLE_SCHEMES,BEN-017730|BEN-049824,Tuition and study-material support are permitted together in the same year.
CONTROL-1091,FAMILY_CONTACT,BEN-035023|BEN-018613|BEN-032672,Distinct family members share their household contact and residence.
CONTROL-0612,CORRECTED_APPLICATION,BEN-045573|BEN-014932,An earlier cancelled application is replaced by one approved claim; cancelled claim is unpaid.
CONTROL-0406,HOSTEL_ADDRESS,BEN-005593|BEN-049396|BEN-010573|BEN-048455|BEN-041029,Five distinct residents share a hostel address; individual accounts and contacts.
CONTROL-1131,REGISTRATION_CAMP,BEN-026469|BEN-006248|BEN-029958,Genuine campus enrollment camp produces a short registration burst.
CONTROL-0696,GUARDIAN_ACCOUNT,BEN-001407|BEN-023259,Two distinct students have recorded guardian payout authorization.
CONTROL-0301,IDENTICAL_NAME,BEN-046582|BEN-007625,"Same full name, distinct birth dates, contacts and accounts."
CONTROL-0035,COMPATIBLE_SCHEMES,BEN-001534|BEN-011596,Tuition and study-material support are permitted together in the same year.
CONTROL-1111,IDENTICAL_NAME,BEN-004051|BEN-047933,"Same full name, distinct birth dates, contacts and accounts."
CONTROL-0140,COMMON_SURNAME,BEN-048135|BEN-029391|BEN-039613,Distinct local students share a common surname and institution.
CONTROL-0535,IDENTICAL_NAME,BEN-021075|BEN-028137,"Same full name, distinct birth dates, contacts and accounts."
CONTROL-0013,IDENTICAL_NAME,BEN-046406|BEN-014538,"Same full name, distinct birth dates, contacts and accounts."
CONTROL-0805,IDENTICAL_NAME,BEN-028071|BEN-036297,"Same full name, distinct birth dates, contacts and accounts."
CONTROL-1029,GUARDIAN_ACCOUNT,BEN-035083|BEN-012075,Two distinct students have recorded guardian payout authorization.
CONTROL-0042,REGISTRATION_CAMP,BEN-044042|BEN-045940|BEN-032544,Genuine campus enrollment camp produces a short registration burst.
CONTROL-1238,COMMON_SURNAME,BEN-041806|BEN-048014|BEN-049872,Distinct local students share a common surname and institution.
CONTROL-0131,COMMON_SURNAME,BEN-004377|BEN-044331|BEN-046747,Distinct local students share a common surname and institution.
CONTROL-0348,REGISTRATION_CAMP,BEN-012437|BEN-042695|BEN-025058,Genuine campus enrollment camp produces a short registration burst.
CONTROL-1239,REGISTRATION_CAMP,BEN-014099|BEN-015255|BEN-000343,Genuine campus enrollment camp produces a short registration burst.
CONTROL-0943,BENIGN_CYCLE,BEN-032936|BEN-023653|BEN-010685,A funded roommate expense advance is repaid through three accounts.
CONTROL-1030,IDENTICAL_NAME,BEN-007404|BEN-022279,"Same full name, distinct birth dates, contacts and accounts."
CONTROL-0367,BENIGN_CYCLE,BEN-031922|BEN-021723|BEN-047979,A funded roommate expense advance is repaid through three accounts.
CONTROL-0607,IDENTICAL_NAME,BEN-015533|BEN-040921,"Same full name, distinct birth dates, contacts and accounts."
CONTROL-0088,BENIGN_CYCLE,BEN-025731|BEN-004374|BEN-007211,A funded roommate expense advance is repaid through three accounts.
CONTROL-0861,REGISTRATION_CAMP,BEN-024685|BEN-045716|BEN-034086,Genuine campus enrollment camp produces a short registration burst.
CONTROL-0397,HOSTEL_ADDRESS,BEN-043401|BEN-021034|BEN-043794|BEN-004152|BEN-035290,Five distinct residents share a hostel address; individual accounts and contacts.
CONTROL-0576,CORRECTED_APPLICATION,BEN-024638|BEN-032048,An earlier cancelled application is replaced by one approved claim; cancelled claim is unpaid.
CONTROL-0514,HOSTEL_ADDRESS,BEN-035276|BEN-024338|BEN-005932|BEN-015555|BEN-009428,Five distinct residents share a hostel address; individual accounts and contacts.
CONTROL-1473,BENIGN_COLLECTION,BEN-045753|BEN-038421|BEN-002231|BEN-006315|BEN-014346|BEN-041530|BEN-038623|BEN-042049|BEN-001164|BEN-037056|BEN-047364|BEN-012750|BEN-001811|BEN-044347|BEN-026680|BEN-026980|BEN-045221|BEN-018249|BEN-010542|BEN-008992|BEN-040570|BEN-002984|BEN-007669|BEN-001126|BEN-029517|BEN-021923|BEN-005174|BEN-044214|BEN-015568|BEN-027869|BEN-020600|BEN-044156|BEN-039770|BEN-011107|BEN-008362|BEN-041655|BEN-020558|BEN-044045|BEN-048894|BEN-034737|BEN-010692|BEN-049130|BEN-024895|BEN-037896|BEN-042483|BEN-027084|BEN-008854|BEN-036375|BEN-041068|BEN-024223|BEN-029802|BEN-045471|BEN-037506|BEN-029425|BEN-038068|BEN-019212|BEN-027398|BEN-044949|BEN-048163|BEN-030447|BEN-015223|BEN-043529|BEN-017869|BEN-013073|BEN-004568|BEN-021579|BEN-031073|BEN-038682|BEN-004589|BEN-028491,Routine low-value synthetic service payments to ACC-094519; not an injected suspicious collector.
CONTROL-0363,GUARDIAN_ACCOUNT,BEN-044616|BEN-008288,Two distinct students have recorded guardian payout authorization.
CONTROL-1124,COMPATIBLE_SCHEMES,BEN-020552|BEN-021151,Tuition and study-material support are permitted together in the same year.
CONTROL-0258,REGISTRATION_CAMP,BEN-023899|BEN-035613|BEN-005786,Genuine campus enrollment camp produces a short registration burst.
CONTROL-0836,COMPATIBLE_SCHEMES,BEN-037663|BEN-028448,Tuition and study-material support are permitted together in the same year.
CONTROL-1416,BENIGN_COLLECTION,BEN-042101|BEN-031863|BEN-023640|BEN-031411|BEN-036842|BEN-000473|BEN-007944|BEN-005248|BEN-048270|BEN-034685|BEN-030979|BEN-028086|BEN-005613|BEN-025692|BEN-011326|BEN-009988|BEN-022085|BEN-036277|BEN-036094|BEN-015247|BEN-020316|BEN-033859|BEN-016466|BEN-007194|BEN-016497|BEN-039425|BEN-018750|BEN-021324|BEN-035326|BEN-006289|BEN-046747|BEN-011144|BEN-048255|BEN-011580|BEN-034524|BEN-015062|BEN-027698|BEN-037015|BEN-021014|BEN-028720|BEN-021418|BEN-023677|BEN-043710|BEN-022824|BEN-011718|BEN-015999|BEN-013124|BEN-047637|BEN-045717|BEN-006625|BEN-022288|BEN-037813,Routine low-value synthetic service payments to ACC-048720; not an injected suspicious collector.
CONTROL-0320,COMMON_SURNAME,BEN-030349|BEN-012008|BEN-004675,Distinct local students share a common surname and institution.
CONTROL-0630,CORRECTED_APPLICATION,BEN-043392|BEN-025439,An earlier cancelled application is replaced by one approved claim; cancelled claim is unpaid.
CONTROL-0191,FAMILY_CONTACT,BEN-010215|BEN-005169|BEN-003738,Distinct family members share their household contact and residence.
CONTROL-0579,GUARDIAN_ACCOUNT,BEN-013483|BEN-021844,Two distinct students have recorded guardian payout authorization.
CONTROL-0190,HOSTEL_ADDRESS,BEN-027634|BEN-000693|BEN-020482|BEN-048586|BEN-015462,Five distinct residents share a hostel address; individual accounts and contacts.
CONTROL-0631,HOSTEL_ADDRESS,BEN-017473|BEN-002201|BEN-021461|BEN-007730|BEN-027698,Five distinct residents share a hostel address; individual accounts and contacts.
CONTROL-0105,REGISTRATION_CAMP,BEN-032502|BEN-005781|BEN-002405,Genuine campus enrollment camp produces a short registration burst.
CONTROL-0429,REGISTRATION_CAMP,BEN-004044|BEN-027794|BEN-024411,Genuine campus enrollment camp produces a short registration burst.
CONTROL-1403,BENIGN_COLLECTION,BEN-044476|BEN-015892|BEN-012668|BEN-001390|BEN-046938|BEN-020930|BEN-002714|BEN-031412|BEN-023141|BEN-049476|BEN-035440|BEN-025776|BEN-014602|BEN-031878|BEN-014558|BEN-047862|BEN-018821|BEN-022451|BEN-041856|BEN-039557|BEN-028112|BEN-028671|BEN-014820|BEN-000950|BEN-035864|BEN-021024|BEN-015050|BEN-033402|BEN-022059|BEN-001625|BEN-042867|BEN-031770|BEN-048635|BEN-013397|BEN-005730|BEN-034520|BEN-005507|BEN-022026|BEN-046927|BEN-011753|BEN-001152|BEN-044818|BEN-023559|BEN-024677|BEN-023202|BEN-009464|BEN-012641|BEN-041704|BEN-025377|BEN-047588|BEN-044871|BEN-021985|BEN-030218|BEN-024643|BEN-008662|BEN-002598|BEN-010901|BEN-007315|BEN-027183|BEN-023149|BEN-002233|BEN-041547|BEN-027460|BEN-017715|BEN-024506|BEN-041386,Routine low-value synthetic service payments to ACC-075145; not an injected suspicious collector.
CONTROL-1288,HOSTEL_ADDRESS,BEN-046060|BEN-015797|BEN-006122|BEN-016622|BEN-041771,Five distinct residents share a hostel address; individual accounts and contacts.
CONTROL-0134,COMPATIBLE_SCHEMES,BEN-016133|BEN-039673,Tuition and study-material support are permitted together in the same year.
CONTROL-0321,REGISTRATION_CAMP,BEN-024583|BEN-048691|BEN-041714,Genuine campus enrollment camp produces a short registration burst.
CONTROL-0569,FAMILY_CONTACT,BEN-010510|BEN-013844|BEN-044186,Distinct family members share their household contact and residence.
CONTROL-1275,REGISTRATION_CAMP,BEN-036050|BEN-001896|BEN-018468,Genuine campus enrollment camp produces a short registration burst.
CONTROL-1134,CORRECTED_APPLICATION,BEN-033281|BEN-040353,An earlier cancelled application is replaced by one approved claim; cancelled claim is unpaid.
CONTROL-0158,COMMON_SURNAME,BEN-012510|BEN-021881|BEN-044829,Distinct local students share a common surname and institution.
CONTROL-0969,REGISTRATION_CAMP,BEN-014704|BEN-035674|BEN-031289,Genuine campus enrollment camp produces a short registration burst.
CONTROL-0294,REGISTRATION_CAMP,BEN-010268|BEN-010620|BEN-000782,Genuine campus enrollment camp produces a short registration burst.
CONTROL-0404,COMPATIBLE_SCHEMES,BEN-007536|BEN-014591,Tuition and study-material support are permitted together in the same year.
CONTROL-0815,COMMON_SURNAME,BEN-002833|BEN-039720|BEN-005361,Distinct local students share a common surname and institution.
CONTROL-1313,COMPATIBLE_SCHEMES,BEN-019441|BEN-006193,Tuition and study-material support are permitted together in the same year.
CONTROL-1422,BENIGN_COLLECTION,BEN-026316|BEN-026843|BEN-024714|BEN-001137|BEN-022601|BEN-037615|BEN-003468|BEN-036784|BEN-044434|BEN-024799|BEN-032345|BEN-046767|BEN-009973|BEN-049542|BEN-010189|BEN-017908|BEN-005272|BEN-045599|BEN-009358|BEN-024088|BEN-042733|BEN-002272|BEN-042493|BEN-006026|BEN-038211|BEN-013507|BEN-040270|BEN-008856|BEN-043616|BEN-009096|BEN-024043|BEN-042894|BEN-047299|BEN-005215|BEN-005076|BEN-045984|BEN-035357|BEN-041012|BEN-025596|BEN-004073|BEN-023077|BEN-034199|BEN-044889|BEN-029576|BEN-044536|BEN-041017|BEN-035232|BEN-035609|BEN-045034|BEN-049753|BEN-007546|BEN-016691|BEN-006237|BEN-035506|BEN-037455|BEN-018460|BEN-012499|BEN-021116|BEN-046028|BEN-026167|BEN-008979|BEN-019887|BEN-035934|BEN-012965,Routine low-value synthetic service payments to ACC-134123; not an injected suspicious collector.
CONTROL-1398,BENIGN_COLLECTION,BEN-041922|BEN-030634|BEN-010596|BEN-046308|BEN-039240|BEN-049087|BEN-008184|BEN-037558|BEN-045139|BEN-016992|BEN-007485|BEN-003404|BEN-026291|BEN-017639|BEN-025397|BEN-023951|BEN-011938|BEN-021125|BEN-034150|BEN-047049|BEN-009980|BEN-000094|BEN-014551|BEN-047092|BEN-045001|BEN-003393|BEN-029775|BEN-027016|BEN-035991|BEN-033233|BEN-043997|BEN-037643|BEN-004691|BEN-015443|BEN-004856|BEN-009949|BEN-027057|BEN-048975|BEN-028513|BEN-004690|BEN-045926|BEN-012108|BEN-035763|BEN-049473|BEN-009476|BEN-010685|BEN-010519|BEN-030756|BEN-037937|BEN-004890|BEN-005353|BEN-049908|BEN-028281|BEN-018380|BEN-048343|BEN-001566|BEN-031016|BEN-011230|BEN-011730|BEN-005703|BEN-021260|BEN-026941|BEN-041634|BEN-035181|BEN-025626|BEN-020110|BEN-011828|BEN-014682|BEN-047725|BEN-030989|BEN-011638|BEN-046822,Routine low-value synthetic service payments to ACC-051561; not an injected suspicious collector.
CONTROL-1122,REGISTRATION_CAMP,BEN-000272|BEN-037017|BEN-015756,Genuine campus enrollment camp produces a short registration burst.
CONTROL-0446,COMMON_SURNAME,BEN-021853|BEN-030229|BEN-001342,Distinct local students share a common surname and institution.
CONTROL-0611,COMPATIBLE_SCHEMES,BEN-019912|BEN-018761,Tuition and study-material support are permitted together in the same year.
CONTROL-1318,IDENTICAL_NAME,BEN-010096|BEN-028388,"Same full name, distinct birth dates, contacts and accounts."
CONTROL-1462,BENIGN_COLLECTION,BEN-022502|BEN-039944|BEN-033771|BEN-009474|BEN-002753|BEN-008309|BEN-014108|BEN-034423|BEN-014254|BEN-035117|BEN-026568|BEN-044911|BEN-004680|BEN-034413|BEN-041475|BEN-015656|BEN-037946|BEN-038029|BEN-026695|BEN-028619|BEN-020682|BEN-011763|BEN-048405|BEN-004225|BEN-030340|BEN-049752|BEN-004219|BEN-043627|BEN-019721|BEN-004205|BEN-003623|BEN-038925|BEN-015631|BEN-005330|BEN-046372|BEN-033378|BEN-024583|BEN-033484|BEN-037382|BEN-043875|BEN-001890|BEN-035667|BEN-035517|BEN-012638|BEN-004552|BEN-004898|BEN-023597|BEN-036270|BEN-031083|BEN-015390|BEN-012445|BEN-034998|BEN-018522|BEN-033783|BEN-042345|BEN-006606,Routine low-value synthetic service payments to ACC-095763; not an injected suspicious collector.
CONTROL-1020,GUARDIAN_ACCOUNT,BEN-005524|BEN-036398,Two distinct students have recorded guardian payout authorization.
CONTROL-0757,HOSTEL_ADDRESS,BEN-044883|BEN-034794|BEN-047464|BEN-049181|BEN-021459,Five distinct residents share a hostel address; individual accounts and contacts.
CONTROL-0425,FAMILY_CONTACT,BEN-012846|BEN-012852|BEN-020890,Distinct family members share their household contact and residence.
CONTROL-0885,GUARDIAN_ACCOUNT,BEN-041865|BEN-004149,Two distinct students have recorded guardian payout authorization.
CONTROL-0267,REGISTRATION_CAMP,BEN-006373|BEN-004954|BEN-024703,Genuine campus enrollment camp produces a short registration burst.
CONTROL-1243,HOSTEL_ADDRESS,BEN-027237|BEN-037266|BEN-031254|BEN-049520|BEN-026746,Five distinct residents share a hostel address; individual accounts and contacts.
CONTROL-0913,IDENTICAL_NAME,BEN-033812|BEN-033110,"Same full name, distinct birth dates, contacts and accounts."
CONTROL-0700,BENIGN_CYCLE,BEN-013111|BEN-040807|BEN-021470,A funded roommate expense advance is repaid through three accounts.
CONTROL-0023,COMMON_SURNAME,BEN-015121|BEN-039182|BEN-013310,Distinct local students share a common surname and institution.
CONTROL-0176,COMMON_SURNAME,BEN-017712|BEN-049690|BEN-009728,Distinct local students share a common surname and institution.
CONTROL-0999,CORRECTED_APPLICATION,BEN-018018|BEN-031433,An earlier cancelled application is replaced by one approved claim; cancelled claim is unpaid.
CONTROL-0864,CORRECTED_APPLICATION,BEN-032664|BEN-039788,An earlier cancelled application is replaced by one approved claim; cancelled claim is unpaid.
CONTROL-0886,IDENTICAL_NAME,BEN-040729|BEN-009340,"Same full name, distinct birth dates, contacts and accounts."
CONTROL-1350,CORRECTED_APPLICATION,BEN-010750|BEN-021046,An earlier cancelled application is replaced by one approved claim; cancelled claim is unpaid.
CONTROL-1201,IDENTICAL_NAME,BEN-004884|BEN-049469,"Same full name, distinct birth dates, contacts and accounts."
CONTROL-0672,REGISTRATION_CAMP,BEN-017321|BEN-044912|BEN-049177,Genuine campus enrollment camp produces a short registration burst.
CONTROL-0596,FAMILY_CONTACT,BEN-007380|BEN-001134|BEN-020030,Distinct family members share their household contact and residence.
CONTROL-0241,BENIGN_CYCLE,BEN-014782|BEN-016121|BEN-040672,A funded roommate expense advance is repaid through three accounts.
CONTROL-0063,CORRECTED_APPLICATION,BEN-020857|BEN-021855,An earlier cancelled application is replaced by one approved claim; cancelled claim is unpaid.
CONTROL-0184,IDENTICAL_NAME,BEN-015300|BEN-033515,"Same full name, distinct birth dates, contacts and accounts."
CONTROL-1361,BENIGN_COLLECTION,BEN-024689|BEN-007771|BEN-018816|BEN-044220|BEN-035814|BEN-049599|BEN-049310|BEN-036381|BEN-039629|BEN-049953|BEN-030552|BEN-009959|BEN-000462|BEN-032181|BEN-007214|BEN-020696|BEN-003533|BEN-017631|BEN-016615|BEN-011787|BEN-016353|BEN-002138|BEN-043949|BEN-047002|BEN-028144|BEN-012667|BEN-037036|BEN-040970|BEN-026639|BEN-036781|BEN-047191|BEN-022909|BEN-044486|BEN-024920|BEN-029088|BEN-034996|BEN-018501|BEN-027258|BEN-040909|BEN-008150|BEN-005273|BEN-020740|BEN-003696|BEN-030608|BEN-040081|BEN-045136|BEN-002137|BEN-043242|BEN-044736|BEN-032230|BEN-002548|BEN-019532|BEN-026112|BEN-043153|BEN-022197|BEN-015746|BEN-008914|BEN-014453|BEN-008535|BEN-028934|BEN-002064|BEN-016952|BEN-025021|BEN-006977,Routine low-value synthetic service payments to ACC-146023; not an injected suspicious collector.
CONTROL-1282,IDENTICAL_NAME,BEN-004206|BEN-012919,"Same full name, distinct birth dates, contacts and accounts."
CONTROL-1308,GUARDIAN_ACCOUNT,BEN-017024|BEN-035015,Two distinct students have recorded guardian payout authorization.
CONTROL-0583,BENIGN_CYCLE,BEN-019598|BEN-014517|BEN-011470,A funded roommate expense advance is repaid through three accounts.
CONTROL-1033,BENIGN_CYCLE,BEN-015128|BEN-034324|BEN-024322,A funded roommate expense advance is repaid through three accounts.
CONTROL-0693,CORRECTED_APPLICATION,BEN-038363|BEN-033562,An earlier cancelled application is replaced by one approved claim; cancelled claim is unpaid.
CONTROL-1338,REGISTRATION_CAMP,BEN-024832|BEN-030469|BEN-028029,Genuine campus enrollment camp produces a short registration burst.
CONTROL-1253,FAMILY_CONTACT,BEN-041303|BEN-034021|BEN-049789,Distinct family members share their household contact and residence.
CONTROL-0139,IDENTICAL_NAME,BEN-045147|BEN-039589,"Same full name, distinct birth dates, contacts and accounts."
CONTROL-1108,HOSTEL_ADDRESS,BEN-024729|BEN-005821|BEN-037973|BEN-025377|BEN-027242,Five distinct residents share a hostel address; individual accounts and contacts.
CONTROL-0985,IDENTICAL_NAME,BEN-016447|BEN-024905,"Same full name, distinct birth dates, contacts and accounts."
CONTROL-0654,REGISTRATION_CAMP,BEN-036425|BEN-015147|BEN-019334,Genuine campus enrollment camp produces a short registration burst.
CONTROL-1342,HOSTEL_ADDRESS,BEN-007464|BEN-032015|BEN-025690|BEN-009823|BEN-010486,Five distinct residents share a hostel address; individual accounts and contacts.
CONTROL-0496,HOSTEL_ADDRESS,BEN-037049|BEN-031620|BEN-029294|BEN-039231|BEN-017058,Five distinct residents share a hostel address; individual accounts and contacts.
CONTROL-0808,BENIGN_CYCLE,BEN-037394|BEN-047481|BEN-024238,A funded roommate expense advance is repaid through three accounts.
CONTROL-0644,COMMON_SURNAME,BEN-004981|BEN-034752|BEN-045097,Distinct local students share a common surname and institution.
CONTROL-0916,BENIGN_CYCLE,BEN-023023|BEN-017500|BEN-004037,A funded roommate expense advance is repaid through three accounts.
CONTROL-0400,IDENTICAL_NAME,BEN-001381|BEN-049036,"Same full name, distinct birth dates, contacts and accounts."
CONTROL-0474,REGISTRATION_CAMP,BEN-028664|BEN-029781|BEN-031101,Genuine campus enrollment camp produces a short registration burst.
CONTROL-1250,COMPATIBLE_SCHEMES,BEN-042461|BEN-030879,Tuition and study-material support are permitted together in the same year.
CONTROL-0622,HOSTEL_ADDRESS,BEN-028849|BEN-036579|BEN-026466|BEN-022506|BEN-047908,Five distinct residents share a hostel address; individual accounts and contacts.
CONTROL-0991,HOSTEL_ADDRESS,BEN-015637|BEN-037948|BEN-001074|BEN-007544|BEN-003497,Five distinct residents share a hostel address; individual accounts and contacts.
CONTROL-0329,COMMON_SURNAME,BEN-022437|BEN-023004|BEN-025140,Distinct local students share a common surname and institution.
