record_id,fraud_ring_id,scenario_type
BEN-028328,RING-0335,SHARED_PAYOUT_ACCOUNT
BEN-001626,RING-0446,INCOMPATIBLE_SCHEME_CLAIMS
BEN-007006,RING-0320,SHARED_PAYOUT_ACCOUNT
BEN-007373,RING-0314,SHARED_PAYOUT_ACCOUNT
BEN-008693,RING-0077,IDENTITY_CLONING
BEN-005265,RING-0805,BATCH_FABRICATION
BEN-022905,RING-0355,SHARED_PAYOUT_ACCOUNT
BEN-038452,RING-0163,IDENTITY_CLONING
BEN-038181,RING-0336,SHARED_PAYOUT_ACCOUNT
BEN-004437,RING-0196,IDENTITY_CLONING
BEN-021940,RING-0396,SHARED_PAYOUT_ACCOUNT
BEN-043132,RING-0435,INCOMPATIBLE_SCHEME_CLAIMS
BEN-003693,RING-0202,IDENTITY_CLONING
BEN-025545,RING-0396,SHARED_PAYOUT_ACCOUNT
BEN-002773,RING-0884,BATCH_FABRICATION
BEN-023781,RING-0387,SHARED_PAYOUT_ACCOUNT
BEN-038349,RING-0569,GHOST_IDENTITY
BEN-044775,RING-0846,BATCH_FABRICATION
BEN-028051,RING-0608,COMMON_COLLECTION_ACCOUNT
BEN-019818,RING-0345,SHARED_PAYOUT_ACCOUNT
BEN-007739,RING-0847,BATCH_FABRICATION
BEN-001796,RING-0536,GHOST_IDENTITY
BEN-001051,RING-0560,GHOST_IDENTITY
BEN-011277,RING-0813,BATCH_FABRICATION
BEN-020634,RING-0654,COMMON_COLLECTION_ACCOUNT
BEN-027191,RING-0488,INCOMPATIBLE_SCHEME_CLAIMS
BEN-047522,RING-0384,SHARED_PAYOUT_ACCOUNT
BEN-030111,RING-0424,INCOMPATIBLE_SCHEME_CLAIMS
BEN-020082,RING-0652,COMMON_COLLECTION_ACCOUNT
BEN-019374,RING-0833,BATCH_FABRICATION
BEN-032802,RING-0352,SHARED_PAYOUT_ACCOUNT
BEN-031943,RING-0823,BATCH_FABRICATION
BEN-030515,RING-0545,GHOST_IDENTITY
BEN-007408,RING-0036,IDENTITY_CLONING
BEN-024812,RING-0486,INCOMPATIBLE_SCHEME_CLAIMS
BEN-024418,RING-0317,SHARED_PAYOUT_ACCOUNT
BEN-043669,RING-0003,IDENTITY_CLONING
BEN-027143,RING-0888,BATCH_FABRICATION
BEN-041052,RING-0219,IDENTITY_CLONING
BEN-011948,RING-0869,BATCH_FABRICATION
BEN-012532,RING-0855,BATCH_FABRICATION
BEN-045085,RING-0413,INCOMPATIBLE_SCHEME_CLAIMS
BEN-025350,RING-0007,IDENTITY_CLONING
BEN-020347,RING-0628,COMMON_COLLECTION_ACCOUNT
BEN-024631,RING-0803,BATCH_FABRICATION
BEN-033075,RING-0380,SHARED_PAYOUT_ACCOUNT
BEN-026376,RING-0142,IDENTITY_CLONING
BEN-007937,RING-0302,SHARED_PAYOUT_ACCOUNT
BEN-022402,RING-0623,COMMON_COLLECTION_ACCOUNT
BEN-031869,RING-0495,INCOMPATIBLE_SCHEME_CLAIMS
BEN-009854,RING-0368,SHARED_PAYOUT_ACCOUNT
BEN-025645,RING-0579,GHOST_IDENTITY
BEN-013036,RING-0333,SHARED_PAYOUT_ACCOUNT
BEN-000549,RING-0562,GHOST_IDENTITY
BEN-026563,RING-0111,IDENTITY_CLONING
BEN-043840,RING-0467,INCOMPATIBLE_SCHEME_CLAIMS
BEN-003966,RING-0578,GHOST_IDENTITY
BEN-020122,RING-0310,SHARED_PAYOUT_ACCOUNT
BEN-043261,RING-0862,BATCH_FABRICATION
BEN-025653,RING-0483,INCOMPATIBLE_SCHEME_CLAIMS
BEN-045496,RING-0327,SHARED_PAYOUT_ACCOUNT
BEN-046298,RING-0549,GHOST_IDENTITY
BEN-048427,RING-0012,IDENTITY_CLONING
BEN-036410,RING-0576,GHOST_IDENTITY
BEN-022221,RING-0570,GHOST_IDENTITY
BEN-004201,RING-0648,COMMON_COLLECTION_ACCOUNT
BEN-010534,RING-0377,SHARED_PAYOUT_ACCOUNT
BEN-030156,RING-0874,BATCH_FABRICATION
BEN-031806,RING-0546,GHOST_IDENTITY
BEN-037395,RING-0264,IDENTITY_CLONING
BEN-007704,RING-0820,BATCH_FABRICATION
BEN-001088,RING-0388,SHARED_PAYOUT_ACCOUNT
BEN-042923,RING-0833,BATCH_FABRICATION
BEN-021188,RING-0689,COMMON_COLLECTION_ACCOUNT
BEN-041624,RING-0228,IDENTITY_CLONING
BEN-038284,RING-0477,INCOMPATIBLE_SCHEME_CLAIMS
BEN-021817,RING-0268,IDENTITY_CLONING
BEN-043631,RING-0895,BATCH_FABRICATION
BEN-008536,RING-0354,SHARED_PAYOUT_ACCOUNT
BEN-033284,RING-0378,SHARED_PAYOUT_ACCOUNT
BEN-011060,RING-0613,COMMON_COLLECTION_ACCOUNT
BEN-024269,RING-0770,CIRCULAR_TRANSFERS
BEN-026892,RING-0855,BATCH_FABRICATION
BEN-011668,RING-0548,GHOST_IDENTITY
BEN-040365,RING-0491,INCOMPATIBLE_SCHEME_CLAIMS
BEN-028378,RING-0857,BATCH_FABRICATION
BEN-042847,RING-0629,COMMON_COLLECTION_ACCOUNT
BEN-024791,RING-0887,BATCH_FABRICATION
BEN-002351,RING-0426,INCOMPATIBLE_SCHEME_CLAIMS
BEN-005376,RING-0462,INCOMPATIBLE_SCHEME_CLAIMS
BEN-015583,RING-0471,INCOMPATIBLE_SCHEME_CLAIMS
BEN-041817,RING-0349,SHARED_PAYOUT_ACCOUNT
BEN-006986,RING-0876,BATCH_FABRICATION
BEN-007371,RING-0818,BATCH_FABRICATION
BEN-028338,RING-0481,INCOMPATIBLE_SCHEME_CLAIMS
BEN-022068,RING-0435,INCOMPATIBLE_SCHEME_CLAIMS
BEN-019785,RING-0514,GHOST_IDENTITY
BEN-028271,RING-0589,GHOST_IDENTITY
BEN-039833,RING-0084,IDENTITY_CLONING
BEN-022695,RING-0870,BATCH_FABRICATION
BEN-046994,RING-0671,COMMON_COLLECTION_ACCOUNT
BEN-031468,RING-0375,SHARED_PAYOUT_ACCOUNT
BEN-024059,RING-0518,GHOST_IDENTITY
BEN-035908,RING-0450,INCOMPATIBLE_SCHEME_CLAIMS
BEN-024922,RING-0307,SHARED_PAYOUT_ACCOUNT
BEN-034230,RING-0369,SHARED_PAYOUT_ACCOUNT
BEN-027950,RING-0670,COMMON_COLLECTION_ACCOUNT
BEN-002767,RING-0687,COMMON_COLLECTION_ACCOUNT
BEN-001553,RING-0535,GHOST_IDENTITY
BEN-002639,RING-0367,SHARED_PAYOUT_ACCOUNT
BEN-023341,RING-0024,IDENTITY_CLONING
BEN-006618,RING-0186,IDENTITY_CLONING
BEN-029104,RING-0344,SHARED_PAYOUT_ACCOUNT
BEN-020561,RING-0289,IDENTITY_CLONING
BEN-011076,RING-0316,SHARED_PAYOUT_ACCOUNT
BEN-003608,RING-0773,CIRCULAR_TRANSFERS
BEN-014861,RING-0519,GHOST_IDENTITY
BEN-049744,RING-0315,SHARED_PAYOUT_ACCOUNT
BEN-001881,RING-0390,SHARED_PAYOUT_ACCOUNT
BEN-032116,RING-0132,IDENTITY_CLONING
BEN-032447,RING-0557,GHOST_IDENTITY
BEN-019687,RING-0055,IDENTITY_CLONING
BEN-021713,RING-0371,SHARED_PAYOUT_ACCOUNT
BEN-014546,RING-0808,BATCH_FABRICATION
BEN-022388,RING-0672,COMMON_COLLECTION_ACCOUNT
BEN-015576,RING-0885,BATCH_FABRICATION
BEN-043555,RING-0512,GHOST_IDENTITY
BEN-015975,RING-0612,COMMON_COLLECTION_ACCOUNT
BEN-015863,RING-0875,BATCH_FABRICATION
BEN-011643,RING-0438,INCOMPATIBLE_SCHEME_CLAIMS
BEN-046505,RING-0300,IDENTITY_CLONING
BEN-037258,RING-0568,GHOST_IDENTITY
BEN-017037,RING-0833,BATCH_FABRICATION
BEN-018263,RING-0840,BATCH_FABRICATION
BEN-010599,RING-0655,COMMON_COLLECTION_ACCOUNT
BEN-035045,RING-0628,COMMON_COLLECTION_ACCOUNT
BEN-038522,RING-0370,SHARED_PAYOUT_ACCOUNT
BEN-024121,RING-0560,GHOST_IDENTITY
BEN-043099,RING-0842,BATCH_FABRICATION
BEN-011918,RING-0521,GHOST_IDENTITY
BEN-036483,RING-0590,GHOST_IDENTITY
BEN-043618,RING-0764,CIRCULAR_TRANSFERS
BEN-046162,RING-0517,GHOST_IDENTITY
BEN-044433,RING-0191,IDENTITY_CLONING
BEN-048433,RING-0442,INCOMPATIBLE_SCHEME_CLAIMS
BEN-014921,RING-0313,SHARED_PAYOUT_ACCOUNT
BEN-038670,RING-0511,GHOST_IDENTITY
BEN-022228,RING-0303,SHARED_PAYOUT_ACCOUNT
BEN-021655,RING-0032,IDENTITY_CLONING
BEN-042088,RING-0491,INCOMPATIBLE_SCHEME_CLAIMS
BEN-003207,RING-0465,INCOMPATIBLE_SCHEME_CLAIMS
BEN-022608,RING-0895,BATCH_FABRICATION
BEN-022560,RING-0383,SHARED_PAYOUT_ACCOUNT
BEN-041267,RING-0202,IDENTITY_CLONING
BEN-046188,RING-0737,CIRCULAR_TRANSFERS
BEN-045062,RING-0042,IDENTITY_CLONING
BEN-029800,RING-0174,IDENTITY_CLONING
BEN-046714,RING-0673,COMMON_COLLECTION_ACCOUNT
BEN-037396,RING-0642,COMMON_COLLECTION_ACCOUNT
BEN-037799,RING-0426,INCOMPATIBLE_SCHEME_CLAIMS
BEN-023701,RING-0881,BATCH_FABRICATION
BEN-042229,RING-0728,CIRCULAR_TRANSFERS
BEN-044888,RING-0012,IDENTITY_CLONING
BEN-030835,RING-0701,COMMON_COLLECTION_ACCOUNT
BEN-039731,RING-0736,CIRCULAR_TRANSFERS
BEN-004357,RING-0251,IDENTITY_CLONING
BEN-033227,RING-0479,INCOMPATIBLE_SCHEME_CLAIMS
BEN-022456,RING-0650,COMMON_COLLECTION_ACCOUNT
BEN-013324,RING-0519,GHOST_IDENTITY
BEN-031484,RING-0501,INCOMPATIBLE_SCHEME_CLAIMS
BEN-012664,RING-0686,COMMON_COLLECTION_ACCOUNT
BEN-022766,RING-0534,GHOST_IDENTITY
BEN-037040,RING-0750,CIRCULAR_TRANSFERS
BEN-020289,CL-017,COMMON_COLLECTION_ACCOUNT
BEN-021162,RING-0124,IDENTITY_CLONING
BEN-002569,RING-0374,SHARED_PAYOUT_ACCOUNT
BEN-049185,RING-0576,GHOST_IDENTITY
BEN-001322,RING-0539,GHOST_IDENTITY
BEN-048494,RING-0328,SHARED_PAYOUT_ACCOUNT
BEN-015846,RING-0516,GHOST_IDENTITY
BEN-003527,RING-0810,BATCH_FABRICATION
BEN-009698,RING-0378,SHARED_PAYOUT_ACCOUNT
BEN-003728,RING-0415,INCOMPATIBLE_SCHEME_CLAIMS
BEN-028757,RING-0841,BATCH_FABRICATION
BEN-016134,RING-0611,COMMON_COLLECTION_ACCOUNT
BEN-000348,RING-0820,BATCH_FABRICATION
BEN-019940,RING-0315,SHARED_PAYOUT_ACCOUNT
BEN-039672,RING-0820,BATCH_FABRICATION
BEN-007665,RING-0058,IDENTITY_CLONING
BEN-023249,RING-0315,SHARED_PAYOUT_ACCOUNT
BEN-042877,RING-0660,COMMON_COLLECTION_ACCOUNT
BEN-001309,RING-0505,GHOST_IDENTITY
BEN-009063,RING-0361,SHARED_PAYOUT_ACCOUNT
BEN-029157,RING-0387,SHARED_PAYOUT_ACCOUNT
BEN-001781,RING-0715,CIRCULAR_TRANSFERS
BEN-042373,RING-0380,SHARED_PAYOUT_ACCOUNT
BEN-024227,RING-0359,SHARED_PAYOUT_ACCOUNT
BEN-004106,RING-0147,IDENTITY_CLONING
BEN-048895,RING-0097,IDENTITY_CLONING
BEN-018092,RING-0625,COMMON_COLLECTION_ACCOUNT
BEN-033406,RING-0686,COMMON_COLLECTION_ACCOUNT
BEN-038733,RING-0802,BATCH_FABRICATION
BEN-046245,RING-0877,BATCH_FABRICATION
BEN-042405,RING-0546,GHOST_IDENTITY
BEN-044405,RING-0343,SHARED_PAYOUT_ACCOUNT
BEN-013268,RING-0804,BATCH_FABRICATION
BEN-036604,RING-0758,CIRCULAR_TRANSFERS
BEN-023452,RING-0658,COMMON_COLLECTION_ACCOUNT
BEN-030074,RING-0527,GHOST_IDENTITY
BEN-009831,RING-0574,GHOST_IDENTITY
BEN-024428,RING-0556,GHOST_IDENTITY
BEN-049572,RING-0826,BATCH_FABRICATION
BEN-033571,RING-0611,COMMON_COLLECTION_ACCOUNT
BEN-002593,RING-0782,CIRCULAR_TRANSFERS
BEN-007239,RING-0867,BATCH_FABRICATION
BEN-042901,RING-0668,COMMON_COLLECTION_ACCOUNT
BEN-039470,RING-0136,IDENTITY_CLONING
BEN-042808,RING-0675,COMMON_COLLECTION_ACCOUNT
BEN-036586,RING-0358,SHARED_PAYOUT_ACCOUNT
BEN-026181,RING-0184,IDENTITY_CLONING
BEN-006019,RING-0512,GHOST_IDENTITY
BEN-005357,RING-0563,GHOST_IDENTITY
BEN-036296,RING-0487,INCOMPATIBLE_SCHEME_CLAIMS
BEN-044928,RING-0605,COMMON_COLLECTION_ACCOUNT
BEN-018793,RING-0365,SHARED_PAYOUT_ACCOUNT
BEN-015098,RING-0146,IDENTITY_CLONING
BEN-045887,RING-0567,GHOST_IDENTITY
BEN-021450,RING-0854,BATCH_FABRICATION
BEN-005961,RING-0501,INCOMPATIBLE_SCHEME_CLAIMS
BEN-010689,RING-0699,COMMON_COLLECTION_ACCOUNT
BEN-038695,RING-0628,COMMON_COLLECTION_ACCOUNT
BEN-007354,RING-0218,IDENTITY_CLONING
BEN-038968,RING-0428,INCOMPATIBLE_SCHEME_CLAIMS
BEN-044238,RING-0820,BATCH_FABRICATION
BEN-019345,RING-0823,BATCH_FABRICATION
BEN-022182,RING-0660,COMMON_COLLECTION_ACCOUNT
BEN-001356,RING-0901,BATCH_FABRICATION
BEN-047952,RING-0470,INCOMPATIBLE_SCHEME_CLAIMS
BEN-033314,RING-0888,BATCH_FABRICATION
BEN-006533,RING-0485,INCOMPATIBLE_SCHEME_CLAIMS
BEN-030357,RING-0512,GHOST_IDENTITY
BEN-033748,RING-0867,BATCH_FABRICATION
BEN-014478,RING-0644,COMMON_COLLECTION_ACCOUNT
BEN-049999,RING-0839,BATCH_FABRICATION
BEN-004654,RING-0046,IDENTITY_CLONING
BEN-043648,RING-0188,IDENTITY_CLONING
BEN-002494,RING-0695,COMMON_COLLECTION_ACCOUNT
BEN-027262,RING-0345,SHARED_PAYOUT_ACCOUNT
BEN-011505,RING-0193,IDENTITY_CLONING
BEN-026792,RING-0047,IDENTITY_CLONING
BEN-035314,RING-0679,COMMON_COLLECTION_ACCOUNT
BEN-016528,RING-0364,SHARED_PAYOUT_ACCOUNT
BEN-019034,RING-0375,SHARED_PAYOUT_ACCOUNT
BEN-031303,RING-0108,IDENTITY_CLONING
BEN-040562,RING-0397,SHARED_PAYOUT_ACCOUNT
BEN-036714,RING-0547,GHOST_IDENTITY
BEN-038396,RING-0844,BATCH_FABRICATION
BEN-016023,RING-0270,IDENTITY_CLONING
BEN-010036,RING-0582,GHOST_IDENTITY
BEN-031988,RING-0192,IDENTITY_CLONING
BEN-032403,RING-0752,CIRCULAR_TRANSFERS
BEN-032833,RING-0551,GHOST_IDENTITY
BEN-030402,RING-0315,SHARED_PAYOUT_ACCOUNT
BEN-027330,RING-0302,SHARED_PAYOUT_ACCOUNT
BEN-048558,RING-0323,SHARED_PAYOUT_ACCOUNT
BEN-046838,RING-0550,GHOST_IDENTITY
BEN-044121,RING-0677,COMMON_COLLECTION_ACCOUNT
BEN-013435,CL-017,IDENTITY_CLONING
BEN-035974,RING-0725,CIRCULAR_TRANSFERS
BEN-024753,RING-0768,CIRCULAR_TRANSFERS
BEN-021618,RING-0789,CIRCULAR_TRANSFERS
BEN-023327,RING-0849,BATCH_FABRICATION
BEN-012168,RING-0514,GHOST_IDENTITY
BEN-024110,RING-0897,BATCH_FABRICATION
BEN-007473,RING-0732,CIRCULAR_TRANSFERS
BEN-035169,RING-0689,COMMON_COLLECTION_ACCOUNT
BEN-009745,RING-0867,BATCH_FABRICATION
BEN-033153,RING-0694,COMMON_COLLECTION_ACCOUNT
BEN-034895,RING-0449,INCOMPATIBLE_SCHEME_CLAIMS
BEN-002558,RING-0307,SHARED_PAYOUT_ACCOUNT
BEN-006180,RING-0552,GHOST_IDENTITY
BEN-020401,RING-0399,SHARED_PAYOUT_ACCOUNT
BEN-031585,RING-0007,IDENTITY_CLONING
BEN-033367,RING-0586,GHOST_IDENTITY
BEN-014085,RING-0802,BATCH_FABRICATION
BEN-027905,RING-0776,CIRCULAR_TRANSFERS
BEN-032924,RING-0573,GHOST_IDENTITY
BEN-023265,RING-0686,COMMON_COLLECTION_ACCOUNT
BEN-014170,RING-0143,IDENTITY_CLONING
BEN-005058,RING-0579,GHOST_IDENTITY
BEN-049002,RING-0210,IDENTITY_CLONING
BEN-011677,RING-0817,BATCH_FABRICATION
BEN-018661,RING-0254,IDENTITY_CLONING
BEN-048598,RING-0568,GHOST_IDENTITY
BEN-012421,RING-0457,INCOMPATIBLE_SCHEME_CLAIMS
BEN-037675,RING-0687,COMMON_COLLECTION_ACCOUNT
BEN-028512,RING-0844,BATCH_FABRICATION
BEN-004520,RING-0675,COMMON_COLLECTION_ACCOUNT
BEN-001154,RING-0325,SHARED_PAYOUT_ACCOUNT
BEN-007418,RING-0147,IDENTITY_CLONING
BEN-017209,RING-0679,COMMON_COLLECTION_ACCOUNT
BEN-021748,RING-0416,INCOMPATIBLE_SCHEME_CLAIMS
BEN-029411,RING-0669,COMMON_COLLECTION_ACCOUNT
BEN-036780,RING-0346,SHARED_PAYOUT_ACCOUNT
BEN-012210,RING-0514,GHOST_IDENTITY
BEN-045851,RING-0895,BATCH_FABRICATION
BEN-009753,RING-0876,BATCH_FABRICATION
BEN-045811,RING-0352,SHARED_PAYOUT_ACCOUNT
BEN-003644,RING-0830,BATCH_FABRICATION
BEN-023032,RING-0875,BATCH_FABRICATION
BEN-012840,RING-0809,BATCH_FABRICATION
BEN-037964,RING-0859,BATCH_FABRICATION
BEN-022306,RING-0599,GHOST_IDENTITY
BEN-021648,RING-0135,IDENTITY_CLONING
BEN-003331,RING-0006,IDENTITY_CLONING
BEN-026416,RING-0289,IDENTITY_CLONING
BEN-016693,RING-0811,BATCH_FABRICATION
BEN-016018,RING-0115,IDENTITY_CLONING
BEN-023406,RING-0588,GHOST_IDENTITY
BEN-018719,RING-0545,GHOST_IDENTITY
BEN-042754,RING-0730,CIRCULAR_TRANSFERS
BEN-030282,RING-0412,INCOMPATIBLE_SCHEME_CLAIMS
BEN-039938,RING-0530,GHOST_IDENTITY
BEN-024252,RING-0622,COMMON_COLLECTION_ACCOUNT
BEN-039195,RING-0314,SHARED_PAYOUT_ACCOUNT
BEN-033505,RING-0573,GHOST_IDENTITY
BEN-029745,RING-0420,INCOMPATIBLE_SCHEME_CLAIMS
BEN-036669,RING-0804,BATCH_FABRICATION
BEN-031709,RING-0359,SHARED_PAYOUT_ACCOUNT
BEN-017878,RING-0512,GHOST_IDENTITY
BEN-003354,RING-0636,COMMON_COLLECTION_ACCOUNT
BEN-034522,RING-0432,INCOMPATIBLE_SCHEME_CLAIMS
BEN-040231,RING-0724,CIRCULAR_TRANSFERS
BEN-030331,RING-0164,IDENTITY_CLONING
BEN-015905,RING-0342,SHARED_PAYOUT_ACCOUNT
BEN-043481,RING-0319,SHARED_PAYOUT_ACCOUNT
BEN-040814,RING-0073,IDENTITY_CLONING
BEN-043359,RING-0640,COMMON_COLLECTION_ACCOUNT
BEN-019064,RING-0707,CIRCULAR_TRANSFERS
BEN-009806,RING-0366,SHARED_PAYOUT_ACCOUNT
BEN-024699,RING-0518,GHOST_IDENTITY
BEN-009906,RING-0856,BATCH_FABRICATION
BEN-005105,RING-0885,BATCH_FABRICATION
BEN-017066,RING-0220,IDENTITY_CLONING
BEN-044358,RING-0468,INCOMPATIBLE_SCHEME_CLAIMS
BEN-033155,RING-0699,COMMON_COLLECTION_ACCOUNT
BEN-013410,RING-0002,IDENTITY_CLONING
BEN-004272,RING-0836,BATCH_FABRICATION
BEN-004020,RING-0590,GHOST_IDENTITY
BEN-021606,RING-0516,GHOST_IDENTITY
BEN-020270,RING-0566,GHOST_IDENTITY
BEN-006871,RING-0005,IDENTITY_CLONING
BEN-023239,RING-0201,IDENTITY_CLONING
BEN-013361,RING-0657,COMMON_COLLECTION_ACCOUNT
BEN-008907,RING-0892,BATCH_FABRICATION
BEN-030458,RING-0475,INCOMPATIBLE_SCHEME_CLAIMS
BEN-017598,RING-0578,GHOST_IDENTITY
BEN-008675,RING-0280,IDENTITY_CLONING
BEN-017238,RING-0773,CIRCULAR_TRANSFERS
BEN-017835,RING-0636,COMMON_COLLECTION_ACCOUNT
BEN-039775,RING-0319,SHARED_PAYOUT_ACCOUNT
BEN-027893,RING-0525,GHOST_IDENTITY
BEN-039491,CL-017,SHARED_PAYOUT_ACCOUNT
BEN-045423,RING-0637,COMMON_COLLECTION_ACCOUNT
BEN-033219,RING-0382,SHARED_PAYOUT_ACCOUNT
BEN-015891,RING-0846,BATCH_FABRICATION
BEN-023738,RING-0875,BATCH_FABRICATION
BEN-009572,RING-0657,COMMON_COLLECTION_ACCOUNT
BEN-012559,RING-0879,BATCH_FABRICATION
BEN-049104,RING-0312,SHARED_PAYOUT_ACCOUNT
BEN-004743,RING-0682,COMMON_COLLECTION_ACCOUNT
BEN-022669,RING-0887,BATCH_FABRICATION
BEN-024504,RING-0885,BATCH_FABRICATION
BEN-040187,RING-0749,CIRCULAR_TRANSFERS
BEN-037243,RING-0070,IDENTITY_CLONING
BEN-001497,RING-0255,IDENTITY_CLONING
BEN-038784,RING-0803,BATCH_FABRICATION
BEN-020883,RING-0838,BATCH_FABRICATION
BEN-025832,RING-0558,GHOST_IDENTITY
BEN-021959,RING-0396,SHARED_PAYOUT_ACCOUNT
BEN-000132,RING-0053,IDENTITY_CLONING
BEN-024537,RING-0649,COMMON_COLLECTION_ACCOUNT
BEN-044155,RING-0275,IDENTITY_CLONING
BEN-001067,RING-0696,COMMON_COLLECTION_ACCOUNT
BEN-006134,RING-0895,BATCH_FABRICATION
BEN-021730,RING-0438,INCOMPATIBLE_SCHEME_CLAIMS
BEN-042929,RING-0305,SHARED_PAYOUT_ACCOUNT
BEN-040484,RING-0527,GHOST_IDENTITY
BEN-030826,RING-0023,IDENTITY_CLONING
BEN-019008,RING-0578,GHOST_IDENTITY
BEN-007435,RING-0878,BATCH_FABRICATION
BEN-024759,RING-0398,SHARED_PAYOUT_ACCOUNT
BEN-006494,RING-0547,GHOST_IDENTITY
BEN-020000,RING-0185,IDENTITY_CLONING
BEN-035379,RING-0699,COMMON_COLLECTION_ACCOUNT
BEN-030483,RING-0358,SHARED_PAYOUT_ACCOUNT
BEN-025415,RING-0822,BATCH_FABRICATION
BEN-049700,RING-0167,IDENTITY_CLONING
BEN-049073,RING-0538,GHOST_IDENTITY
BEN-042655,RING-0411,INCOMPATIBLE_SCHEME_CLAIMS
BEN-002734,RING-0672,COMMON_COLLECTION_ACCOUNT
BEN-004466,RING-0470,INCOMPATIBLE_SCHEME_CLAIMS
BEN-035966,RING-0511,GHOST_IDENTITY
BEN-017777,RING-0331,SHARED_PAYOUT_ACCOUNT
BEN-043704,RING-0530,GHOST_IDENTITY
BEN-005032,RING-0883,BATCH_FABRICATION
BEN-028209,RING-0531,GHOST_IDENTITY
BEN-016233,RING-0307,SHARED_PAYOUT_ACCOUNT
BEN-013269,RING-0063,IDENTITY_CLONING
BEN-020187,RING-0322,SHARED_PAYOUT_ACCOUNT
BEN-035221,RING-0728,CIRCULAR_TRANSFERS
BEN-015218,RING-0333,SHARED_PAYOUT_ACCOUNT
BEN-015449,RING-0510,GHOST_IDENTITY
BEN-022505,RING-0444,INCOMPATIBLE_SCHEME_CLAIMS
BEN-039946,RING-0523,GHOST_IDENTITY
BEN-049475,RING-0822,BATCH_FABRICATION
BEN-021088,RING-0827,BATCH_FABRICATION
BEN-030370,RING-0437,INCOMPATIBLE_SCHEME_CLAIMS
BEN-000142,RING-0526,GHOST_IDENTITY
BEN-008224,RING-0807,BATCH_FABRICATION
BEN-007977,RING-0003,IDENTITY_CLONING
BEN-029558,RING-0069,IDENTITY_CLONING
BEN-000219,RING-0657,COMMON_COLLECTION_ACCOUNT
BEN-013818,RING-0444,INCOMPATIBLE_SCHEME_CLAIMS
BEN-033951,RING-0385,SHARED_PAYOUT_ACCOUNT
BEN-020539,RING-0041,IDENTITY_CLONING
BEN-021544,RING-0064,IDENTITY_CLONING
BEN-043463,RING-0276,IDENTITY_CLONING
BEN-043657,RING-0742,CIRCULAR_TRANSFERS
BEN-011821,RING-0698,COMMON_COLLECTION_ACCOUNT
BEN-007232,RING-0238,IDENTITY_CLONING
BEN-022317,RING-0672,COMMON_COLLECTION_ACCOUNT
BEN-009869,RING-0852,BATCH_FABRICATION
BEN-021827,RING-0575,GHOST_IDENTITY
BEN-001564,RING-0737,CIRCULAR_TRANSFERS
BEN-023083,CL-017,CIRCULAR_TRANSFERS
BEN-004131,RING-0287,IDENTITY_CLONING
BEN-046042,RING-0826,BATCH_FABRICATION
BEN-003757,RING-0507,GHOST_IDENTITY
BEN-047805,RING-0678,COMMON_COLLECTION_ACCOUNT
BEN-023639,RING-0440,INCOMPATIBLE_SCHEME_CLAIMS
BEN-046567,RING-0390,SHARED_PAYOUT_ACCOUNT
BEN-000182,RING-0627,COMMON_COLLECTION_ACCOUNT
BEN-025569,RING-0445,INCOMPATIBLE_SCHEME_CLAIMS
BEN-037435,RING-0312,SHARED_PAYOUT_ACCOUNT
BEN-023188,RING-0420,INCOMPATIBLE_SCHEME_CLAIMS
BEN-011633,RING-0343,SHARED_PAYOUT_ACCOUNT
BEN-000640,RING-0187,IDENTITY_CLONING
BEN-008602,RING-0590,GHOST_IDENTITY
BEN-033214,RING-0576,GHOST_IDENTITY
BEN-002024,RING-0887,BATCH_FABRICATION
BEN-012799,RING-0464,INCOMPATIBLE_SCHEME_CLAIMS
BEN-021171,RING-0827,BATCH_FABRICATION
BEN-029333,RING-0071,IDENTITY_CLONING
BEN-010083,RING-0056,IDENTITY_CLONING
BEN-044819,RING-0513,GHOST_IDENTITY
BEN-049657,RING-0217,IDENTITY_CLONING
BEN-031532,RING-0170,IDENTITY_CLONING
BEN-013435,CL-017,INCOMPATIBLE_SCHEME_CLAIMS
BEN-010466,RING-0654,COMMON_COLLECTION_ACCOUNT
BEN-037819,RING-0843,BATCH_FABRICATION
BEN-007861,RING-0441,INCOMPATIBLE_SCHEME_CLAIMS
BEN-025315,RING-0396,SHARED_PAYOUT_ACCOUNT
BEN-004921,RING-0823,BATCH_FABRICATION
BEN-006391,CL-017,SHARED_PAYOUT_ACCOUNT
BEN-033437,RING-0819,BATCH_FABRICATION
BEN-032449,RING-0078,IDENTITY_CLONING
BEN-045900,RING-0833,BATCH_FABRICATION
BEN-041406,RING-0198,IDENTITY_CLONING
BEN-018603,RING-0575,GHOST_IDENTITY
BEN-012909,RING-0485,INCOMPATIBLE_SCHEME_CLAIMS
BEN-041652,RING-0831,BATCH_FABRICATION
BEN-031844,RING-0273,IDENTITY_CLONING
BEN-026055,RING-0570,GHOST_IDENTITY
BEN-007680,RING-0811,BATCH_FABRICATION
BEN-020910,RING-0525,GHOST_IDENTITY
BEN-036488,RING-0707,CIRCULAR_TRANSFERS
BEN-040892,RING-0004,IDENTITY_CLONING
BEN-045125,RING-0306,SHARED_PAYOUT_ACCOUNT
BEN-001374,RING-0417,INCOMPATIBLE_SCHEME_CLAIMS
BEN-046587,RING-0668,COMMON_COLLECTION_ACCOUNT
BEN-025349,RING-0886,BATCH_FABRICATION
BEN-040589,RING-0778,CIRCULAR_TRANSFERS
BEN-014363,RING-0340,SHARED_PAYOUT_ACCOUNT
BEN-006378,RING-0869,BATCH_FABRICATION
BEN-033759,RING-0897,BATCH_FABRICATION
BEN-041812,RING-0666,COMMON_COLLECTION_ACCOUNT
BEN-043598,RING-0566,GHOST_IDENTITY
BEN-029740,RING-0461,INCOMPATIBLE_SCHEME_CLAIMS
BEN-025435,RING-0851,BATCH_FABRICATION
BEN-037162,RING-0756,CIRCULAR_TRANSFERS
BEN-035400,RING-0389,SHARED_PAYOUT_ACCOUNT
BEN-039682,RING-0676,COMMON_COLLECTION_ACCOUNT
BEN-024711,RING-0374,SHARED_PAYOUT_ACCOUNT
BEN-045788,RING-0654,COMMON_COLLECTION_ACCOUNT
BEN-006688,RING-0692,COMMON_COLLECTION_ACCOUNT
BEN-043686,RING-0584,GHOST_IDENTITY
BEN-000727,RING-0762,CIRCULAR_TRANSFERS
BEN-024312,RING-0018,IDENTITY_CLONING
BEN-000092,RING-0233,IDENTITY_CLONING
BEN-002988,RING-0440,INCOMPATIBLE_SCHEME_CLAIMS
BEN-016207,RING-0305,SHARED_PAYOUT_ACCOUNT
BEN-013479,RING-0213,IDENTITY_CLONING
BEN-026172,RING-0815,BATCH_FABRICATION
BEN-027311,RING-0814,BATCH_FABRICATION
BEN-001804,RING-0360,SHARED_PAYOUT_ACCOUNT
BEN-031025,RING-0098,IDENTITY_CLONING
BEN-006015,RING-0620,COMMON_COLLECTION_ACCOUNT
BEN-013006,RING-0585,GHOST_IDENTITY
BEN-019897,RING-0840,BATCH_FABRICATION
BEN-015291,RING-0085,IDENTITY_CLONING
BEN-033880,RING-0671,COMMON_COLLECTION_ACCOUNT
BEN-031879,RING-0089,IDENTITY_CLONING
BEN-026507,RING-0447,INCOMPATIBLE_SCHEME_CLAIMS
BEN-034840,RING-0391,SHARED_PAYOUT_ACCOUNT
BEN-024907,RING-0549,GHOST_IDENTITY
BEN-006282,RING-0292,IDENTITY_CLONING
BEN-014992,RING-0671,COMMON_COLLECTION_ACCOUNT
BEN-009322,RING-0521,GHOST_IDENTITY
BEN-047356,RING-0062,IDENTITY_CLONING
BEN-033730,RING-0045,IDENTITY_CLONING
BEN-041962,RING-0688,COMMON_COLLECTION_ACCOUNT
BEN-043861,RING-0621,COMMON_COLLECTION_ACCOUNT
BEN-048633,RING-0850,BATCH_FABRICATION
BEN-003031,RING-0418,INCOMPATIBLE_SCHEME_CLAIMS
BEN-044773,RING-0097,IDENTITY_CLONING
BEN-036879,RING-0219,IDENTITY_CLONING
BEN-039379,RING-0339,SHARED_PAYOUT_ACCOUNT
BEN-032799,RING-0836,BATCH_FABRICATION
BEN-048662,RING-0521,GHOST_IDENTITY
BEN-029794,RING-0445,INCOMPATIBLE_SCHEME_CLAIMS
BEN-042507,RING-0828,BATCH_FABRICATION
BEN-020844,RING-0318,SHARED_PAYOUT_ACCOUNT
BEN-024245,RING-0093,IDENTITY_CLONING
BEN-001793,RING-0083,IDENTITY_CLONING
BEN-031799,RING-0414,INCOMPATIBLE_SCHEME_CLAIMS
BEN-012701,RING-0456,INCOMPATIBLE_SCHEME_CLAIMS
BEN-034693,RING-0588,GHOST_IDENTITY
BEN-039911,RING-0365,SHARED_PAYOUT_ACCOUNT
BEN-034449,RING-0677,COMMON_COLLECTION_ACCOUNT
BEN-028974,RING-0655,COMMON_COLLECTION_ACCOUNT
BEN-045645,RING-0844,BATCH_FABRICATION
BEN-023042,RING-0405,INCOMPATIBLE_SCHEME_CLAIMS
BEN-038772,RING-0527,GHOST_IDENTITY
BEN-009319,RING-0156,IDENTITY_CLONING
BEN-024143,RING-0757,CIRCULAR_TRANSFERS
BEN-009376,RING-0885,BATCH_FABRICATION
BEN-039620,RING-0228,IDENTITY_CLONING
BEN-023993,RING-0048,IDENTITY_CLONING
BEN-024101,RING-0594,GHOST_IDENTITY
BEN-002813,RING-0584,GHOST_IDENTITY
BEN-018851,RING-0696,COMMON_COLLECTION_ACCOUNT
BEN-044144,RING-0429,INCOMPATIBLE_SCHEME_CLAIMS
BEN-033898,CL-017,INCOMPATIBLE_SCHEME_CLAIMS
BEN-009955,RING-0540,GHOST_IDENTITY
BEN-022032,RING-0474,INCOMPATIBLE_SCHEME_CLAIMS
BEN-046391,RING-0513,GHOST_IDENTITY
BEN-015763,RING-0048,IDENTITY_CLONING
BEN-014192,RING-0205,IDENTITY_CLONING
BEN-033235,RING-0352,SHARED_PAYOUT_ACCOUNT
BEN-008313,RING-0611,COMMON_COLLECTION_ACCOUNT
BEN-021069,RING-0761,CIRCULAR_TRANSFERS
BEN-009391,RING-0017,IDENTITY_CLONING
BEN-020533,RING-0320,SHARED_PAYOUT_ACCOUNT
BEN-038422,RING-0235,IDENTITY_CLONING
BEN-019454,RING-0489,INCOMPATIBLE_SCHEME_CLAIMS
BEN-036881,CL-017,INCOMPATIBLE_SCHEME_CLAIMS
BEN-021673,RING-0881,BATCH_FABRICATION
BEN-049098,RING-0561,GHOST_IDENTITY
BEN-010990,RING-0817,BATCH_FABRICATION
BEN-047812,RING-0577,GHOST_IDENTITY
BEN-018042,RING-0743,CIRCULAR_TRANSFERS
BEN-023107,RING-0253,IDENTITY_CLONING
BEN-024458,RING-0563,GHOST_IDENTITY
BEN-043364,RING-0344,SHARED_PAYOUT_ACCOUNT
BEN-016064,RING-0679,COMMON_COLLECTION_ACCOUNT
BEN-044584,RING-0866,BATCH_FABRICATION
BEN-014870,RING-0883,BATCH_FABRICATION
BEN-005780,RING-0567,GHOST_IDENTITY
BEN-039862,RING-0674,COMMON_COLLECTION_ACCOUNT
BEN-003253,RING-0034,IDENTITY_CLONING
BEN-005081,RING-0453,INCOMPATIBLE_SCHEME_CLAIMS
BEN-034202,RING-0346,SHARED_PAYOUT_ACCOUNT
BEN-048224,RING-0738,CIRCULAR_TRANSFERS
BEN-031519,RING-0575,GHOST_IDENTITY
BEN-006496,RING-0836,BATCH_FABRICATION
BEN-005503,RING-0638,COMMON_COLLECTION_ACCOUNT
BEN-046711,RING-0453,INCOMPATIBLE_SCHEME_CLAIMS
BEN-046083,RING-0489,INCOMPATIBLE_SCHEME_CLAIMS
BEN-004626,RING-0018,IDENTITY_CLONING
BEN-015265,RING-0818,BATCH_FABRICATION
BEN-002164,RING-0697,COMMON_COLLECTION_ACCOUNT
BEN-003071,RING-0390,SHARED_PAYOUT_ACCOUNT
BEN-035830,RING-0214,IDENTITY_CLONING
BEN-002408,RING-0776,CIRCULAR_TRANSFERS
BEN-006990,RING-0594,GHOST_IDENTITY
BEN-000783,RING-0388,SHARED_PAYOUT_ACCOUNT
BEN-006503,RING-0042,IDENTITY_CLONING
BEN-046050,RING-0481,INCOMPATIBLE_SCHEME_CLAIMS
BEN-035515,RING-0692,COMMON_COLLECTION_ACCOUNT
BEN-025887,RING-0439,INCOMPATIBLE_SCHEME_CLAIMS
BEN-035367,RING-0393,SHARED_PAYOUT_ACCOUNT
BEN-023083,CL-017,SHARED_PAYOUT_ACCOUNT
BEN-013786,RING-0799,CIRCULAR_TRANSFERS
BEN-043161,RING-0086,IDENTITY_CLONING
BEN-035559,RING-0095,IDENTITY_CLONING
BEN-010290,RING-0757,CIRCULAR_TRANSFERS
BEN-025819,RING-0824,BATCH_FABRICATION
BEN-024297,RING-0083,IDENTITY_CLONING
BEN-027068,RING-0051,IDENTITY_CLONING
BEN-044582,RING-0363,SHARED_PAYOUT_ACCOUNT
BEN-008758,RING-0650,COMMON_COLLECTION_ACCOUNT
BEN-028582,RING-0827,BATCH_FABRICATION
BEN-002542,RING-0849,BATCH_FABRICATION
BEN-030726,RING-0372,SHARED_PAYOUT_ACCOUNT
BEN-022254,RING-0630,COMMON_COLLECTION_ACCOUNT
BEN-003984,RING-0564,GHOST_IDENTITY
BEN-014562,RING-0838,BATCH_FABRICATION
BEN-045217,RING-0335,SHARED_PAYOUT_ACCOUNT
BEN-012660,RING-0618,COMMON_COLLECTION_ACCOUNT
BEN-019772,RING-0390,SHARED_PAYOUT_ACCOUNT
BEN-009505,RING-0265,IDENTITY_CLONING
BEN-041487,RING-0854,BATCH_FABRICATION
BEN-006206,RING-0894,BATCH_FABRICATION
BEN-030670,RING-0048,IDENTITY_CLONING
BEN-034652,RING-0866,BATCH_FABRICATION
BEN-027539,RING-0591,GHOST_IDENTITY
BEN-003252,RING-0167,IDENTITY_CLONING
BEN-044305,RING-0038,IDENTITY_CLONING
BEN-012314,RING-0786,CIRCULAR_TRANSFERS
BEN-046193,RING-0606,COMMON_COLLECTION_ACCOUNT
BEN-001221,RING-0269,IDENTITY_CLONING
BEN-025511,RING-0829,BATCH_FABRICATION
BEN-046478,RING-0649,COMMON_COLLECTION_ACCOUNT
BEN-021628,RING-0254,IDENTITY_CLONING
BEN-031032,RING-0708,CIRCULAR_TRANSFERS
BEN-037225,RING-0537,GHOST_IDENTITY
BEN-013780,RING-0616,COMMON_COLLECTION_ACCOUNT
BEN-010141,RING-0362,SHARED_PAYOUT_ACCOUNT
BEN-033280,RING-0734,CIRCULAR_TRANSFERS
BEN-043553,RING-0756,CIRCULAR_TRANSFERS
BEN-041125,RING-0600,GHOST_IDENTITY
BEN-024653,RING-0239,IDENTITY_CLONING
BEN-037862,RING-0889,BATCH_FABRICATION
BEN-037157,RING-0421,INCOMPATIBLE_SCHEME_CLAIMS
BEN-010594,RING-0552,GHOST_IDENTITY
BEN-032062,RING-0661,COMMON_COLLECTION_ACCOUNT
BEN-028533,RING-0486,INCOMPATIBLE_SCHEME_CLAIMS
BEN-041864,RING-0365,SHARED_PAYOUT_ACCOUNT
BEN-022126,RING-0118,IDENTITY_CLONING
BEN-027146,RING-0465,INCOMPATIBLE_SCHEME_CLAIMS
BEN-044122,RING-0632,COMMON_COLLECTION_ACCOUNT
BEN-041025,RING-0362,SHARED_PAYOUT_ACCOUNT
BEN-006244,RING-0635,COMMON_COLLECTION_ACCOUNT
BEN-028603,RING-0544,GHOST_IDENTITY
BEN-033875,RING-0670,COMMON_COLLECTION_ACCOUNT
BEN-013334,RING-0828,BATCH_FABRICATION
BEN-046362,RING-0506,GHOST_IDENTITY
BEN-016436,RING-0800,CIRCULAR_TRANSFERS
BEN-031439,RING-0880,BATCH_FABRICATION
BEN-042256,RING-0865,BATCH_FABRICATION
BEN-029670,RING-0319,SHARED_PAYOUT_ACCOUNT
BEN-012125,RING-0377,SHARED_PAYOUT_ACCOUNT
BEN-017379,RING-0465,INCOMPATIBLE_SCHEME_CLAIMS
BEN-030517,RING-0377,SHARED_PAYOUT_ACCOUNT
BEN-008901,RING-0639,COMMON_COLLECTION_ACCOUNT
BEN-045584,RING-0227,IDENTITY_CLONING
BEN-015430,RING-0612,COMMON_COLLECTION_ACCOUNT
BEN-012136,RING-0878,BATCH_FABRICATION
BEN-002072,RING-0248,IDENTITY_CLONING
BEN-026373,RING-0845,BATCH_FABRICATION
BEN-013239,RING-0310,SHARED_PAYOUT_ACCOUNT
BEN-022070,RING-0111,IDENTITY_CLONING
BEN-027522,RING-0513,GHOST_IDENTITY
BEN-027657,RING-0309,SHARED_PAYOUT_ACCOUNT
BEN-049332,RING-0623,COMMON_COLLECTION_ACCOUNT
BEN-019901,RING-0135,IDENTITY_CLONING
BEN-026266,RING-0831,BATCH_FABRICATION
BEN-015500,RING-0716,CIRCULAR_TRANSFERS
BEN-041776,RING-0489,INCOMPATIBLE_SCHEME_CLAIMS
BEN-003849,RING-0562,GHOST_IDENTITY
BEN-000803,RING-0861,BATCH_FABRICATION
BEN-006229,RING-0517,GHOST_IDENTITY
BEN-034431,RING-0900,BATCH_FABRICATION
BEN-026185,RING-0645,COMMON_COLLECTION_ACCOUNT
BEN-024133,RING-0567,GHOST_IDENTITY
BEN-016140,RING-0765,CIRCULAR_TRANSFERS
BEN-032267,RING-0379,SHARED_PAYOUT_ACCOUNT
BEN-046523,RING-0101,IDENTITY_CLONING
BEN-008514,RING-0890,BATCH_FABRICATION
BEN-017031,RING-0288,IDENTITY_CLONING
BEN-023473,RING-0654,COMMON_COLLECTION_ACCOUNT
BEN-011965,RING-0500,INCOMPATIBLE_SCHEME_CLAIMS
BEN-015208,RING-0337,SHARED_PAYOUT_ACCOUNT
BEN-036514,RING-0805,BATCH_FABRICATION
BEN-007580,RING-0409,INCOMPATIBLE_SCHEME_CLAIMS
BEN-025437,RING-0541,GHOST_IDENTITY
BEN-041391,RING-0367,SHARED_PAYOUT_ACCOUNT
BEN-002057,RING-0895,BATCH_FABRICATION
BEN-046980,RING-0075,IDENTITY_CLONING
BEN-028147,RING-0470,INCOMPATIBLE_SCHEME_CLAIMS
BEN-048706,RING-0033,IDENTITY_CLONING
BEN-042153,RING-0611,COMMON_COLLECTION_ACCOUNT
BEN-029546,RING-0332,SHARED_PAYOUT_ACCOUNT
BEN-020173,RING-0195,IDENTITY_CLONING
BEN-045324,RING-0771,CIRCULAR_TRANSFERS
BEN-038139,RING-0244,IDENTITY_CLONING
BEN-010787,CL-017,SHARED_PAYOUT_ACCOUNT
BEN-023674,RING-0539,GHOST_IDENTITY
BEN-021715,RING-0281,IDENTITY_CLONING
BEN-024501,RING-0575,GHOST_IDENTITY
BEN-004683,RING-0580,GHOST_IDENTITY
BEN-042992,RING-0141,IDENTITY_CLONING
BEN-010661,RING-0240,IDENTITY_CLONING
BEN-029055,RING-0257,IDENTITY_CLONING
BEN-036058,RING-0013,IDENTITY_CLONING
BEN-012291,RING-0774,CIRCULAR_TRANSFERS
BEN-007624,RING-0823,BATCH_FABRICATION
BEN-046577,RING-0191,IDENTITY_CLONING
BEN-003059,RING-0497,INCOMPATIBLE_SCHEME_CLAIMS
BEN-001995,RING-0749,CIRCULAR_TRANSFERS
BEN-019254,RING-0629,COMMON_COLLECTION_ACCOUNT
BEN-002190,RING-0578,GHOST_IDENTITY
BEN-046775,RING-0336,SHARED_PAYOUT_ACCOUNT
BEN-009260,RING-0333,SHARED_PAYOUT_ACCOUNT
BEN-043990,RING-0850,BATCH_FABRICATION
BEN-015029,CL-017,COMMON_COLLECTION_ACCOUNT
BEN-045203,RING-0542,GHOST_IDENTITY
BEN-005944,RING-0363,SHARED_PAYOUT_ACCOUNT
BEN-040735,RING-0829,BATCH_FABRICATION
BEN-024390,RING-0577,GHOST_IDENTITY
BEN-035408,RING-0271,IDENTITY_CLONING
BEN-000274,RING-0566,GHOST_IDENTITY
BEN-027406,RING-0582,GHOST_IDENTITY
BEN-027573,RING-0272,IDENTITY_CLONING
BEN-041154,RING-0593,GHOST_IDENTITY
BEN-019205,RING-0612,COMMON_COLLECTION_ACCOUNT
BEN-039137,RING-0593,GHOST_IDENTITY
BEN-008512,RING-0685,COMMON_COLLECTION_ACCOUNT
BEN-040237,RING-0619,COMMON_COLLECTION_ACCOUNT
BEN-026359,RING-0720,CIRCULAR_TRANSFERS
BEN-012406,RING-0239,IDENTITY_CLONING
BEN-031102,RING-0687,COMMON_COLLECTION_ACCOUNT
BEN-044447,RING-0237,IDENTITY_CLONING
BEN-019651,RING-0843,BATCH_FABRICATION
BEN-030825,RING-0673,COMMON_COLLECTION_ACCOUNT
BEN-026087,RING-0359,SHARED_PAYOUT_ACCOUNT
BEN-040024,RING-0659,COMMON_COLLECTION_ACCOUNT
BEN-043582,RING-0860,BATCH_FABRICATION
BEN-012650,RING-0354,SHARED_PAYOUT_ACCOUNT
BEN-003014,RING-0849,BATCH_FABRICATION
BEN-041509,RING-0625,COMMON_COLLECTION_ACCOUNT
BEN-022615,RING-0718,CIRCULAR_TRANSFERS
BEN-010563,RING-0601,GHOST_IDENTITY
BEN-031628,RING-0626,COMMON_COLLECTION_ACCOUNT
BEN-010742,RING-0448,INCOMPATIBLE_SCHEME_CLAIMS
BEN-005268,RING-0842,BATCH_FABRICATION
BEN-033978,RING-0100,IDENTITY_CLONING
BEN-011264,RING-0243,IDENTITY_CLONING
BEN-048018,RING-0532,GHOST_IDENTITY
BEN-024682,RING-0625,COMMON_COLLECTION_ACCOUNT
BEN-001959,RING-0713,CIRCULAR_TRANSFERS
BEN-011394,RING-0808,BATCH_FABRICATION
BEN-047659,RING-0300,IDENTITY_CLONING
BEN-001619,RING-0517,GHOST_IDENTITY
BEN-036352,RING-0269,IDENTITY_CLONING
BEN-014957,RING-0309,SHARED_PAYOUT_ACCOUNT
BEN-017212,RING-0447,INCOMPATIBLE_SCHEME_CLAIMS
BEN-022880,RING-0693,COMMON_COLLECTION_ACCOUNT
BEN-012729,RING-0845,BATCH_FABRICATION
BEN-026839,RING-0480,INCOMPATIBLE_SCHEME_CLAIMS
BEN-019354,RING-0612,COMMON_COLLECTION_ACCOUNT
BEN-004782,RING-0278,IDENTITY_CLONING
BEN-043869,RING-0544,GHOST_IDENTITY
BEN-046482,RING-0837,BATCH_FABRICATION
BEN-025858,RING-0534,GHOST_IDENTITY
BEN-024438,RING-0359,SHARED_PAYOUT_ACCOUNT
BEN-009477,RING-0394,SHARED_PAYOUT_ACCOUNT
BEN-005020,RING-0877,BATCH_FABRICATION
BEN-002290,RING-0322,SHARED_PAYOUT_ACCOUNT
BEN-011387,RING-0464,INCOMPATIBLE_SCHEME_CLAIMS
BEN-042615,RING-0726,CIRCULAR_TRANSFERS
BEN-032511,RING-0332,SHARED_PAYOUT_ACCOUNT
BEN-034845,RING-0715,CIRCULAR_TRANSFERS
BEN-040400,RING-0632,COMMON_COLLECTION_ACCOUNT
BEN-011305,RING-0616,COMMON_COLLECTION_ACCOUNT
BEN-019879,RING-0321,SHARED_PAYOUT_ACCOUNT
BEN-016008,RING-0505,GHOST_IDENTITY
BEN-020424,RING-0713,CIRCULAR_TRANSFERS
BEN-012105,RING-0347,SHARED_PAYOUT_ACCOUNT
BEN-010177,RING-0674,COMMON_COLLECTION_ACCOUNT
BEN-012908,RING-0031,IDENTITY_CLONING
BEN-048632,RING-0893,BATCH_FABRICATION
BEN-026823,RING-0312,SHARED_PAYOUT_ACCOUNT
BEN-018780,RING-0421,INCOMPATIBLE_SCHEME_CLAIMS
BEN-030224,RING-0368,SHARED_PAYOUT_ACCOUNT
BEN-019143,RING-0716,CIRCULAR_TRANSFERS
BEN-038762,RING-0647,COMMON_COLLECTION_ACCOUNT
BEN-002257,RING-0345,SHARED_PAYOUT_ACCOUNT
BEN-044509,RING-0560,GHOST_IDENTITY
BEN-011836,RING-0827,BATCH_FABRICATION
BEN-027899,RING-0008,IDENTITY_CLONING
BEN-006455,RING-0372,SHARED_PAYOUT_ACCOUNT
BEN-041458,RING-0366,SHARED_PAYOUT_ACCOUNT
BEN-029051,RING-0686,COMMON_COLLECTION_ACCOUNT
BEN-015748,RING-0303,SHARED_PAYOUT_ACCOUNT
BEN-034948,RING-0884,BATCH_FABRICATION
BEN-031958,RING-0228,IDENTITY_CLONING
BEN-022526,RING-0612,COMMON_COLLECTION_ACCOUNT
BEN-024880,RING-0811,BATCH_FABRICATION
BEN-039984,RING-0573,GHOST_IDENTITY
BEN-034883,RING-0292,IDENTITY_CLONING
BEN-026091,RING-0685,COMMON_COLLECTION_ACCOUNT
BEN-016109,RING-0144,IDENTITY_CLONING
BEN-006168,RING-0890,BATCH_FABRICATION
BEN-045010,RING-0857,BATCH_FABRICATION
BEN-032306,RING-0152,IDENTITY_CLONING
BEN-016889,RING-0381,SHARED_PAYOUT_ACCOUNT
BEN-031778,RING-0835,BATCH_FABRICATION
BEN-014375,RING-0643,COMMON_COLLECTION_ACCOUNT
BEN-049987,RING-0073,IDENTITY_CLONING
BEN-030770,RING-0826,BATCH_FABRICATION
BEN-017761,RING-0466,INCOMPATIBLE_SCHEME_CLAIMS
BEN-040624,RING-0379,SHARED_PAYOUT_ACCOUNT
BEN-040366,RING-0057,IDENTITY_CLONING
BEN-022247,RING-0820,BATCH_FABRICATION
BEN-044671,RING-0237,IDENTITY_CLONING
BEN-029872,RING-0461,INCOMPATIBLE_SCHEME_CLAIMS
BEN-024447,RING-0881,BATCH_FABRICATION
BEN-013423,RING-0721,CIRCULAR_TRANSFERS
BEN-025508,RING-0755,CIRCULAR_TRANSFERS
BEN-010696,RING-0860,BATCH_FABRICATION
BEN-043046,RING-0857,BATCH_FABRICATION
BEN-019755,RING-0224,IDENTITY_CLONING
BEN-001573,RING-0559,GHOST_IDENTITY
BEN-047790,RING-0817,BATCH_FABRICATION
BEN-025918,RING-0823,BATCH_FABRICATION
BEN-022857,RING-0562,GHOST_IDENTITY
BEN-005034,RING-0851,BATCH_FABRICATION
BEN-018349,RING-0668,COMMON_COLLECTION_ACCOUNT
BEN-027534,RING-0645,COMMON_COLLECTION_ACCOUNT
BEN-029271,RING-0691,COMMON_COLLECTION_ACCOUNT
BEN-037365,RING-0527,GHOST_IDENTITY
BEN-028969,RING-0642,COMMON_COLLECTION_ACCOUNT
BEN-018272,RING-0734,CIRCULAR_TRANSFERS
BEN-014180,RING-0393,SHARED_PAYOUT_ACCOUNT
BEN-042156,RING-0350,SHARED_PAYOUT_ACCOUNT
BEN-030378,RING-0482,INCOMPATIBLE_SCHEME_CLAIMS
BEN-027803,RING-0332,SHARED_PAYOUT_ACCOUNT
BEN-001494,RING-0516,GHOST_IDENTITY
BEN-037475,RING-0357,SHARED_PAYOUT_ACCOUNT
BEN-030376,RING-0119,IDENTITY_CLONING
BEN-018994,RING-0779,CIRCULAR_TRANSFERS
BEN-006800,RING-0628,COMMON_COLLECTION_ACCOUNT
BEN-034810,RING-0625,COMMON_COLLECTION_ACCOUNT
BEN-009838,RING-0336,SHARED_PAYOUT_ACCOUNT
BEN-049019,RING-0646,COMMON_COLLECTION_ACCOUNT
BEN-047649,RING-0586,GHOST_IDENTITY
BEN-005560,RING-0157,IDENTITY_CLONING
BEN-009528,RING-0356,SHARED_PAYOUT_ACCOUNT
BEN-014480,RING-0804,BATCH_FABRICATION
BEN-020972,RING-0266,IDENTITY_CLONING
BEN-035250,RING-0506,GHOST_IDENTITY
BEN-048452,RING-0845,BATCH_FABRICATION
BEN-015563,RING-0431,INCOMPATIBLE_SCHEME_CLAIMS
BEN-012230,RING-0023,IDENTITY_CLONING
BEN-018252,RING-0769,CIRCULAR_TRANSFERS
BEN-013435,CL-017,CIRCULAR_TRANSFERS
BEN-049718,RING-0512,GHOST_IDENTITY
BEN-017132,RING-0344,SHARED_PAYOUT_ACCOUNT
BEN-028738,RING-0858,BATCH_FABRICATION
BEN-003936,RING-0819,BATCH_FABRICATION
BEN-034500,RING-0685,COMMON_COLLECTION_ACCOUNT
BEN-022524,RING-0506,GHOST_IDENTITY
BEN-021786,RING-0432,INCOMPATIBLE_SCHEME_CLAIMS
BEN-038691,RING-0833,BATCH_FABRICATION
BEN-034249,RING-0337,SHARED_PAYOUT_ACCOUNT
BEN-042919,RING-0550,GHOST_IDENTITY
BEN-017619,RING-0837,BATCH_FABRICATION
BEN-025646,RING-0371,SHARED_PAYOUT_ACCOUNT
BEN-029556,RING-0896,BATCH_FABRICATION
BEN-031648,RING-0407,INCOMPATIBLE_SCHEME_CLAIMS
BEN-014815,RING-0627,COMMON_COLLECTION_ACCOUNT
BEN-009354,RING-0614,COMMON_COLLECTION_ACCOUNT
BEN-018293,RING-0595,GHOST_IDENTITY
BEN-038293,RING-0323,SHARED_PAYOUT_ACCOUNT
BEN-034992,RING-0802,BATCH_FABRICATION
BEN-037372,RING-0322,SHARED_PAYOUT_ACCOUNT
BEN-002121,RING-0806,BATCH_FABRICATION
BEN-046801,RING-0523,GHOST_IDENTITY
BEN-014115,RING-0754,CIRCULAR_TRANSFERS
BEN-027689,RING-0264,IDENTITY_CLONING
BEN-039502,RING-0350,SHARED_PAYOUT_ACCOUNT
BEN-035190,RING-0128,IDENTITY_CLONING
BEN-022666,RING-0122,IDENTITY_CLONING
BEN-002688,RING-0306,SHARED_PAYOUT_ACCOUNT
BEN-020289,CL-017,INCOMPATIBLE_SCHEME_CLAIMS
BEN-023180,RING-0383,SHARED_PAYOUT_ACCOUNT
BEN-039055,RING-0598,GHOST_IDENTITY
BEN-004103,RING-0236,IDENTITY_CLONING
BEN-010100,RING-0295,IDENTITY_CLONING
BEN-027012,RING-0581,GHOST_IDENTITY
BEN-007202,RING-0612,COMMON_COLLECTION_ACCOUNT
BEN-004664,RING-0340,SHARED_PAYOUT_ACCOUNT
BEN-041417,RING-0742,CIRCULAR_TRANSFERS
BEN-004305,RING-0550,GHOST_IDENTITY
BEN-008912,RING-0703,CIRCULAR_TRANSFERS
BEN-046815,RING-0690,COMMON_COLLECTION_ACCOUNT
BEN-033616,RING-0382,SHARED_PAYOUT_ACCOUNT
BEN-025942,RING-0326,SHARED_PAYOUT_ACCOUNT
BEN-037121,RING-0832,BATCH_FABRICATION
BEN-000546,RING-0896,BATCH_FABRICATION
BEN-034761,RING-0817,BATCH_FABRICATION
BEN-008015,RING-0245,IDENTITY_CLONING
BEN-039455,RING-0606,COMMON_COLLECTION_ACCOUNT
BEN-031733,RING-0780,CIRCULAR_TRANSFERS
BEN-032886,RING-0822,BATCH_FABRICATION
BEN-004141,RING-0314,SHARED_PAYOUT_ACCOUNT
BEN-017364,RING-0341,SHARED_PAYOUT_ACCOUNT
BEN-032397,RING-0834,BATCH_FABRICATION
BEN-035339,RING-0542,GHOST_IDENTITY
BEN-033685,RING-0443,INCOMPATIBLE_SCHEME_CLAIMS
BEN-012083,RING-0821,BATCH_FABRICATION
BEN-020289,CL-017,SHARED_PAYOUT_ACCOUNT
BEN-012088,RING-0695,COMMON_COLLECTION_ACCOUNT
BEN-005963,RING-0368,SHARED_PAYOUT_ACCOUNT
BEN-021774,RING-0379,SHARED_PAYOUT_ACCOUNT
BEN-049638,RING-0474,INCOMPATIBLE_SCHEME_CLAIMS
BEN-030719,RING-0879,BATCH_FABRICATION
BEN-002667,RING-0576,GHOST_IDENTITY
BEN-020622,RING-0847,BATCH_FABRICATION
BEN-037552,RING-0870,BATCH_FABRICATION
BEN-025242,RING-0488,INCOMPATIBLE_SCHEME_CLAIMS
BEN-005962,RING-0852,BATCH_FABRICATION
BEN-030277,RING-0517,GHOST_IDENTITY
BEN-007300,RING-0534,GHOST_IDENTITY
BEN-048104,RING-0589,GHOST_IDENTITY
BEN-034134,RING-0561,GHOST_IDENTITY
BEN-018238,RING-0814,BATCH_FABRICATION
BEN-033603,RING-0112,IDENTITY_CLONING
BEN-009912,RING-0090,IDENTITY_CLONING
BEN-005592,RING-0123,IDENTITY_CLONING
BEN-031440,RING-0266,IDENTITY_CLONING
BEN-012895,RING-0369,SHARED_PAYOUT_ACCOUNT
BEN-043004,RING-0449,INCOMPATIBLE_SCHEME_CLAIMS
BEN-033898,CL-017,COMMON_COLLECTION_ACCOUNT
BEN-039108,RING-0893,BATCH_FABRICATION
BEN-003269,RING-0117,IDENTITY_CLONING
BEN-030892,RING-0309,SHARED_PAYOUT_ACCOUNT
BEN-047059,RING-0599,GHOST_IDENTITY
BEN-044728,RING-0642,COMMON_COLLECTION_ACCOUNT
BEN-025382,RING-0662,COMMON_COLLECTION_ACCOUNT
BEN-038144,RING-0819,BATCH_FABRICATION
BEN-027260,RING-0393,SHARED_PAYOUT_ACCOUNT
BEN-006487,RING-0460,INCOMPATIBLE_SCHEME_CLAIMS
BEN-020845,RING-0670,COMMON_COLLECTION_ACCOUNT
BEN-014461,RING-0775,CIRCULAR_TRANSFERS
BEN-003145,RING-0814,BATCH_FABRICATION
BEN-021600,RING-0339,SHARED_PAYOUT_ACCOUNT
BEN-001589,RING-0606,COMMON_COLLECTION_ACCOUNT
BEN-044845,RING-0539,GHOST_IDENTITY
BEN-045495,RING-0640,COMMON_COLLECTION_ACCOUNT
BEN-023838,RING-0544,GHOST_IDENTITY
BEN-048410,RING-0532,GHOST_IDENTITY
BEN-030960,RING-0530,GHOST_IDENTITY
BEN-041102,RING-0805,BATCH_FABRICATION
BEN-049094,RING-0700,COMMON_COLLECTION_ACCOUNT
BEN-041649,RING-0830,BATCH_FABRICATION
BEN-041219,RING-0593,GHOST_IDENTITY
BEN-014116,RING-0804,BATCH_FABRICATION
BEN-049492,RING-0664,COMMON_COLLECTION_ACCOUNT
BEN-043609,RING-0873,BATCH_FABRICATION
BEN-022179,RING-0591,GHOST_IDENTITY
BEN-012280,RING-0397,SHARED_PAYOUT_ACCOUNT
BEN-032604,RING-0047,IDENTITY_CLONING
BEN-000003,RING-0359,SHARED_PAYOUT_ACCOUNT
BEN-004024,RING-0712,CIRCULAR_TRANSFERS
BEN-024577,RING-0245,IDENTITY_CLONING
BEN-032400,RING-0593,GHOST_IDENTITY
BEN-022680,RING-0152,IDENTITY_CLONING
BEN-048839,RING-0473,INCOMPATIBLE_SCHEME_CLAIMS
BEN-033529,RING-0773,CIRCULAR_TRANSFERS
BEN-049629,RING-0868,BATCH_FABRICATION
BEN-019274,RING-0713,CIRCULAR_TRANSFERS
BEN-027624,RING-0759,CIRCULAR_TRANSFERS
BEN-023538,RING-0806,BATCH_FABRICATION
BEN-012573,RING-0156,IDENTITY_CLONING
BEN-006960,RING-0874,BATCH_FABRICATION
BEN-030425,RING-0026,IDENTITY_CLONING
BEN-024859,RING-0323,SHARED_PAYOUT_ACCOUNT
BEN-021949,RING-0398,SHARED_PAYOUT_ACCOUNT
BEN-001085,RING-0499,INCOMPATIBLE_SCHEME_CLAIMS
BEN-006391,CL-017,INCOMPATIBLE_SCHEME_CLAIMS
BEN-046246,RING-0665,COMMON_COLLECTION_ACCOUNT
BEN-021477,RING-0747,CIRCULAR_TRANSFERS
BEN-048297,RING-0765,CIRCULAR_TRANSFERS
BEN-007509,RING-0199,IDENTITY_CLONING
BEN-019943,RING-0729,CIRCULAR_TRANSFERS
BEN-009750,RING-0597,GHOST_IDENTITY
BEN-003896,RING-0563,GHOST_IDENTITY
BEN-018446,RING-0892,BATCH_FABRICATION
BEN-019968,RING-0460,INCOMPATIBLE_SCHEME_CLAIMS
BEN-012091,RING-0871,BATCH_FABRICATION
BEN-034578,RING-0427,INCOMPATIBLE_SCHEME_CLAIMS
BEN-029147,RING-0374,SHARED_PAYOUT_ACCOUNT
BEN-030554,RING-0600,GHOST_IDENTITY
BEN-014539,RING-0827,BATCH_FABRICATION
BEN-024771,RING-0611,COMMON_COLLECTION_ACCOUNT
BEN-006835,RING-0226,IDENTITY_CLONING
BEN-047493,RING-0889,BATCH_FABRICATION
BEN-000239,RING-0863,BATCH_FABRICATION
BEN-019277,RING-0376,SHARED_PAYOUT_ACCOUNT
BEN-027451,RING-0512,GHOST_IDENTITY
BEN-039413,RING-0450,INCOMPATIBLE_SCHEME_CLAIMS
BEN-017393,RING-0871,BATCH_FABRICATION
BEN-008839,RING-0698,COMMON_COLLECTION_ACCOUNT
BEN-040529,RING-0634,COMMON_COLLECTION_ACCOUNT
BEN-037078,RING-0573,GHOST_IDENTITY
BEN-026677,RING-0865,BATCH_FABRICATION
BEN-003105,RING-0314,SHARED_PAYOUT_ACCOUNT
BEN-019066,RING-0360,SHARED_PAYOUT_ACCOUNT
BEN-008851,RING-0585,GHOST_IDENTITY
BEN-020709,RING-0696,COMMON_COLLECTION_ACCOUNT
BEN-020055,RING-0626,COMMON_COLLECTION_ACCOUNT
BEN-008657,RING-0565,GHOST_IDENTITY
BEN-027912,RING-0087,IDENTITY_CLONING
BEN-042764,RING-0387,SHARED_PAYOUT_ACCOUNT
BEN-043848,RING-0697,COMMON_COLLECTION_ACCOUNT
BEN-002743,RING-0766,CIRCULAR_TRANSFERS
BEN-013659,RING-0637,COMMON_COLLECTION_ACCOUNT
BEN-009522,RING-0678,COMMON_COLLECTION_ACCOUNT
BEN-013250,RING-0281,IDENTITY_CLONING
BEN-040536,RING-0894,BATCH_FABRICATION
BEN-048936,RING-0580,GHOST_IDENTITY
BEN-045041,RING-0689,COMMON_COLLECTION_ACCOUNT
BEN-047145,RING-0861,BATCH_FABRICATION
BEN-004527,RING-0181,IDENTITY_CLONING
BEN-024543,RING-0748,CIRCULAR_TRANSFERS
BEN-035351,RING-0511,GHOST_IDENTITY
BEN-019672,RING-0696,COMMON_COLLECTION_ACCOUNT
BEN-048710,RING-0622,COMMON_COLLECTION_ACCOUNT
BEN-007873,RING-0358,SHARED_PAYOUT_ACCOUNT
BEN-000554,RING-0390,SHARED_PAYOUT_ACCOUNT
BEN-042115,RING-0483,INCOMPATIBLE_SCHEME_CLAIMS
BEN-005662,RING-0770,CIRCULAR_TRANSFERS
BEN-031544,RING-0325,SHARED_PAYOUT_ACCOUNT
BEN-028413,RING-0092,IDENTITY_CLONING
BEN-012552,RING-0144,IDENTITY_CLONING
BEN-021789,RING-0623,COMMON_COLLECTION_ACCOUNT
BEN-045040,RING-0705,CIRCULAR_TRANSFERS
BEN-040635,RING-0605,COMMON_COLLECTION_ACCOUNT
BEN-009962,RING-0818,BATCH_FABRICATION
BEN-005856,RING-0694,COMMON_COLLECTION_ACCOUNT
BEN-025754,RING-0696,COMMON_COLLECTION_ACCOUNT
BEN-047376,RING-0273,IDENTITY_CLONING
BEN-004594,RING-0498,INCOMPATIBLE_SCHEME_CLAIMS
BEN-046085,RING-0061,IDENTITY_CLONING
BEN-007085,RING-0887,BATCH_FABRICATION
BEN-011843,RING-0709,CIRCULAR_TRANSFERS
BEN-000756,RING-0504,GHOST_IDENTITY
BEN-020537,RING-0864,BATCH_FABRICATION
BEN-046649,RING-0428,INCOMPATIBLE_SCHEME_CLAIMS
BEN-028061,RING-0258,IDENTITY_CLONING
BEN-009098,RING-0408,INCOMPATIBLE_SCHEME_CLAIMS
BEN-025695,RING-0501,INCOMPATIBLE_SCHEME_CLAIMS
BEN-032167,RING-0900,BATCH_FABRICATION
BEN-045922,RING-0582,GHOST_IDENTITY
BEN-043599,RING-0352,SHARED_PAYOUT_ACCOUNT
BEN-048999,RING-0408,INCOMPATIBLE_SCHEME_CLAIMS
BEN-014691,RING-0260,IDENTITY_CLONING
BEN-033418,RING-0577,GHOST_IDENTITY
BEN-004241,RING-0618,COMMON_COLLECTION_ACCOUNT
BEN-039978,RING-0234,IDENTITY_CLONING
BEN-011155,RING-0377,SHARED_PAYOUT_ACCOUNT
BEN-046321,RING-0531,GHOST_IDENTITY
BEN-044420,RING-0753,CIRCULAR_TRANSFERS
BEN-044750,RING-0610,COMMON_COLLECTION_ACCOUNT
BEN-034083,RING-0340,SHARED_PAYOUT_ACCOUNT
BEN-006832,RING-0329,SHARED_PAYOUT_ACCOUNT
BEN-019907,RING-0148,IDENTITY_CLONING
BEN-022985,RING-0568,GHOST_IDENTITY
BEN-042363,RING-0053,IDENTITY_CLONING
BEN-018743,RING-0705,CIRCULAR_TRANSFERS
BEN-042375,RING-0882,BATCH_FABRICATION
BEN-011757,RING-0583,GHOST_IDENTITY
BEN-003142,RING-0178,IDENTITY_CLONING
BEN-008381,RING-0597,GHOST_IDENTITY
BEN-026846,RING-0815,BATCH_FABRICATION
BEN-041003,RING-0486,INCOMPATIBLE_SCHEME_CLAIMS
BEN-020824,RING-0616,COMMON_COLLECTION_ACCOUNT
BEN-019478,RING-0261,IDENTITY_CLONING
BEN-033904,RING-0428,INCOMPATIBLE_SCHEME_CLAIMS
BEN-029586,RING-0308,SHARED_PAYOUT_ACCOUNT
BEN-047135,RING-0821,BATCH_FABRICATION
BEN-003642,RING-0648,COMMON_COLLECTION_ACCOUNT
BEN-028583,RING-0069,IDENTITY_CLONING
BEN-029470,RING-0615,COMMON_COLLECTION_ACCOUNT
BEN-015403,RING-0150,IDENTITY_CLONING
BEN-039443,RING-0323,SHARED_PAYOUT_ACCOUNT
BEN-028268,RING-0396,SHARED_PAYOUT_ACCOUNT
BEN-043185,RING-0363,SHARED_PAYOUT_ACCOUNT
BEN-018586,RING-0895,BATCH_FABRICATION
BEN-005338,RING-0615,COMMON_COLLECTION_ACCOUNT
BEN-045819,RING-0890,BATCH_FABRICATION
BEN-007842,RING-0613,COMMON_COLLECTION_ACCOUNT
BEN-030064,RING-0856,BATCH_FABRICATION
BEN-009712,RING-0306,SHARED_PAYOUT_ACCOUNT
BEN-045255,RING-0680,COMMON_COLLECTION_ACCOUNT
BEN-027158,RING-0387,SHARED_PAYOUT_ACCOUNT
BEN-033715,RING-0429,INCOMPATIBLE_SCHEME_CLAIMS
BEN-030371,RING-0365,SHARED_PAYOUT_ACCOUNT
BEN-018040,RING-0283,IDENTITY_CLONING
BEN-017920,RING-0353,SHARED_PAYOUT_ACCOUNT
BEN-003548,RING-0209,IDENTITY_CLONING
BEN-000717,RING-0560,GHOST_IDENTITY
BEN-025209,RING-0142,IDENTITY_CLONING
BEN-006784,RING-0057,IDENTITY_CLONING
BEN-019421,RING-0860,BATCH_FABRICATION
BEN-024998,RING-0509,GHOST_IDENTITY
BEN-023083,CL-017,IDENTITY_CLONING
BEN-000335,RING-0589,GHOST_IDENTITY
BEN-019200,RING-0711,CIRCULAR_TRANSFERS
BEN-029342,RING-0472,INCOMPATIBLE_SCHEME_CLAIMS
BEN-048257,RING-0744,CIRCULAR_TRANSFERS
BEN-007381,RING-0836,BATCH_FABRICATION
BEN-023648,RING-0318,SHARED_PAYOUT_ACCOUNT
BEN-033255,RING-0661,COMMON_COLLECTION_ACCOUNT
BEN-037094,RING-0883,BATCH_FABRICATION
BEN-032645,RING-0651,COMMON_COLLECTION_ACCOUNT
BEN-043753,RING-0418,INCOMPATIBLE_SCHEME_CLAIMS
BEN-047217,RING-0847,BATCH_FABRICATION
BEN-038574,RING-0370,SHARED_PAYOUT_ACCOUNT
BEN-046686,RING-0393,SHARED_PAYOUT_ACCOUNT
BEN-022913,RING-0842,BATCH_FABRICATION
BEN-032805,RING-0342,SHARED_PAYOUT_ACCOUNT
BEN-047613,RING-0579,GHOST_IDENTITY
BEN-013926,RING-0646,COMMON_COLLECTION_ACCOUNT
BEN-038328,RING-0637,COMMON_COLLECTION_ACCOUNT
BEN-012393,RING-0778,CIRCULAR_TRANSFERS
BEN-007874,RING-0506,GHOST_IDENTITY
BEN-001981,RING-0856,BATCH_FABRICATION
BEN-020545,RING-0604,COMMON_COLLECTION_ACCOUNT
BEN-038555,RING-0828,BATCH_FABRICATION
BEN-030485,RING-0412,INCOMPATIBLE_SCHEME_CLAIMS
BEN-023334,RING-0129,IDENTITY_CLONING
BEN-026594,RING-0560,GHOST_IDENTITY
BEN-001382,RING-0694,COMMON_COLLECTION_ACCOUNT
BEN-006312,RING-0587,GHOST_IDENTITY
BEN-027775,RING-0291,IDENTITY_CLONING
BEN-021889,RING-0296,IDENTITY_CLONING
BEN-033821,RING-0402,INCOMPATIBLE_SCHEME_CLAIMS
BEN-012610,RING-0605,COMMON_COLLECTION_ACCOUNT
BEN-033654,RING-0583,GHOST_IDENTITY
BEN-012317,RING-0879,BATCH_FABRICATION
BEN-014941,RING-0525,GHOST_IDENTITY
BEN-009274,RING-0710,CIRCULAR_TRANSFERS
BEN-035472,RING-0402,INCOMPATIBLE_SCHEME_CLAIMS
BEN-000096,RING-0585,GHOST_IDENTITY
BEN-001623,RING-0552,GHOST_IDENTITY
BEN-020154,RING-0309,SHARED_PAYOUT_ACCOUNT
BEN-049023,RING-0597,GHOST_IDENTITY
BEN-049451,RING-0700,COMMON_COLLECTION_ACCOUNT
BEN-044653,RING-0705,CIRCULAR_TRANSFERS
BEN-027853,RING-0210,IDENTITY_CLONING
BEN-000193,RING-0338,SHARED_PAYOUT_ACCOUNT
BEN-001735,RING-0396,SHARED_PAYOUT_ACCOUNT
BEN-037025,RING-0616,COMMON_COLLECTION_ACCOUNT
BEN-041072,RING-0562,GHOST_IDENTITY
BEN-028564,RING-0845,BATCH_FABRICATION
BEN-007945,RING-0306,SHARED_PAYOUT_ACCOUNT
BEN-013359,RING-0834,BATCH_FABRICATION
BEN-040505,RING-0828,BATCH_FABRICATION
BEN-034809,RING-0460,INCOMPATIBLE_SCHEME_CLAIMS
BEN-005317,RING-0233,IDENTITY_CLONING
BEN-011715,RING-0458,INCOMPATIBLE_SCHEME_CLAIMS
BEN-013785,CL-017,COMMON_COLLECTION_ACCOUNT
BEN-038189,RING-0658,COMMON_COLLECTION_ACCOUNT
BEN-028562,RING-0287,IDENTITY_CLONING
BEN-011554,RING-0695,COMMON_COLLECTION_ACCOUNT
BEN-030060,RING-0359,SHARED_PAYOUT_ACCOUNT
BEN-036983,RING-0821,BATCH_FABRICATION
BEN-038049,RING-0683,COMMON_COLLECTION_ACCOUNT
BEN-029552,RING-0358,SHARED_PAYOUT_ACCOUNT
BEN-002924,RING-0008,IDENTITY_CLONING
BEN-003742,RING-0374,SHARED_PAYOUT_ACCOUNT
BEN-009208,RING-0181,IDENTITY_CLONING
BEN-021009,RING-0864,BATCH_FABRICATION
BEN-002595,RING-0370,SHARED_PAYOUT_ACCOUNT
BEN-033347,RING-0889,BATCH_FABRICATION
BEN-028331,RING-0121,IDENTITY_CLONING
BEN-001346,RING-0684,COMMON_COLLECTION_ACCOUNT
BEN-022919,RING-0867,BATCH_FABRICATION
BEN-042410,RING-0151,IDENTITY_CLONING
BEN-046393,RING-0168,IDENTITY_CLONING
BEN-047937,RING-0550,GHOST_IDENTITY
BEN-046545,RING-0510,GHOST_IDENTITY
BEN-049560,RING-0339,SHARED_PAYOUT_ACCOUNT
BEN-046239,RING-0376,SHARED_PAYOUT_ACCOUNT
BEN-035143,RING-0532,GHOST_IDENTITY
BEN-008898,RING-0376,SHARED_PAYOUT_ACCOUNT
BEN-006124,RING-0603,COMMON_COLLECTION_ACCOUNT
BEN-048051,RING-0308,SHARED_PAYOUT_ACCOUNT
BEN-021622,RING-0900,BATCH_FABRICATION
BEN-010075,RING-0856,BATCH_FABRICATION
BEN-035425,RING-0076,IDENTITY_CLONING
BEN-018175,RING-0800,CIRCULAR_TRANSFERS
BEN-005447,RING-0521,GHOST_IDENTITY
BEN-028404,RING-0064,IDENTITY_CLONING
BEN-029057,RING-0698,COMMON_COLLECTION_ACCOUNT
BEN-037561,RING-0361,SHARED_PAYOUT_ACCOUNT
BEN-022817,RING-0854,BATCH_FABRICATION
BEN-006110,RING-0797,CIRCULAR_TRANSFERS
BEN-023291,RING-0367,SHARED_PAYOUT_ACCOUNT
BEN-001537,RING-0754,CIRCULAR_TRANSFERS
BEN-030697,RING-0467,INCOMPATIBLE_SCHEME_CLAIMS
BEN-038870,RING-0625,COMMON_COLLECTION_ACCOUNT
BEN-007052,RING-0574,GHOST_IDENTITY
BEN-024276,RING-0657,COMMON_COLLECTION_ACCOUNT
BEN-042605,RING-0311,SHARED_PAYOUT_ACCOUNT
BEN-003060,RING-0373,SHARED_PAYOUT_ACCOUNT
BEN-010622,RING-0653,COMMON_COLLECTION_ACCOUNT
BEN-016908,RING-0829,BATCH_FABRICATION
BEN-013919,RING-0507,GHOST_IDENTITY
BEN-037768,RING-0534,GHOST_IDENTITY
BEN-002677,RING-0767,CIRCULAR_TRANSFERS
BEN-047860,RING-0396,SHARED_PAYOUT_ACCOUNT
BEN-008049,RING-0272,IDENTITY_CLONING
BEN-020390,RING-0320,SHARED_PAYOUT_ACCOUNT
BEN-005547,RING-0316,SHARED_PAYOUT_ACCOUNT
BEN-040094,RING-0194,IDENTITY_CLONING
BEN-005679,RING-0314,SHARED_PAYOUT_ACCOUNT
BEN-041816,RING-0714,CIRCULAR_TRANSFERS
BEN-041675,RING-0883,BATCH_FABRICATION
BEN-011957,RING-0188,IDENTITY_CLONING
BEN-038836,RING-0533,GHOST_IDENTITY
BEN-001800,RING-0700,COMMON_COLLECTION_ACCOUNT
BEN-037043,RING-0074,IDENTITY_CLONING
BEN-049948,RING-0011,IDENTITY_CLONING
BEN-003051,RING-0868,BATCH_FABRICATION
BEN-039836,RING-0757,CIRCULAR_TRANSFERS
BEN-005853,RING-0556,GHOST_IDENTITY
BEN-048464,RING-0704,CIRCULAR_TRANSFERS
BEN-008598,RING-0502,GHOST_IDENTITY
BEN-003744,RING-0668,COMMON_COLLECTION_ACCOUNT
BEN-011027,RING-0318,SHARED_PAYOUT_ACCOUNT
BEN-035261,RING-0478,INCOMPATIBLE_SCHEME_CLAIMS
BEN-015257,RING-0379,SHARED_PAYOUT_ACCOUNT
BEN-003568,RING-0659,COMMON_COLLECTION_ACCOUNT
BEN-010483,RING-0750,CIRCULAR_TRANSFERS
BEN-007983,RING-0741,CIRCULAR_TRANSFERS
BEN-020945,RING-0810,BATCH_FABRICATION
BEN-002765,RING-0765,CIRCULAR_TRANSFERS
BEN-009261,RING-0327,SHARED_PAYOUT_ACCOUNT
BEN-039479,RING-0040,IDENTITY_CLONING
BEN-033719,RING-0658,COMMON_COLLECTION_ACCOUNT
BEN-002263,RING-0573,GHOST_IDENTITY
BEN-009914,RING-0826,BATCH_FABRICATION
BEN-018304,RING-0499,INCOMPATIBLE_SCHEME_CLAIMS
BEN-001567,RING-0304,SHARED_PAYOUT_ACCOUNT
BEN-014406,RING-0844,BATCH_FABRICATION
BEN-049842,RING-0641,COMMON_COLLECTION_ACCOUNT
BEN-002631,RING-0054,IDENTITY_CLONING
BEN-012251,RING-0012,IDENTITY_CLONING
BEN-017888,RING-0303,SHARED_PAYOUT_ACCOUNT
BEN-045779,RING-0763,CIRCULAR_TRANSFERS
BEN-032233,RING-0359,SHARED_PAYOUT_ACCOUNT
BEN-033865,RING-0660,COMMON_COLLECTION_ACCOUNT
BEN-001971,RING-0877,BATCH_FABRICATION
BEN-016741,RING-0406,INCOMPATIBLE_SCHEME_CLAIMS
BEN-045850,RING-0200,IDENTITY_CLONING
BEN-028454,RING-0304,SHARED_PAYOUT_ACCOUNT
BEN-048532,RING-0626,COMMON_COLLECTION_ACCOUNT
BEN-013467,RING-0900,BATCH_FABRICATION
BEN-027628,RING-0605,COMMON_COLLECTION_ACCOUNT
BEN-048977,RING-0652,COMMON_COLLECTION_ACCOUNT
BEN-039321,RING-0509,GHOST_IDENTITY
BEN-011359,RING-0440,INCOMPATIBLE_SCHEME_CLAIMS
BEN-008859,RING-0691,COMMON_COLLECTION_ACCOUNT
BEN-005079,RING-0527,GHOST_IDENTITY
BEN-019472,RING-0668,COMMON_COLLECTION_ACCOUNT
BEN-032292,RING-0842,BATCH_FABRICATION
BEN-047789,RING-0826,BATCH_FABRICATION
BEN-005891,RING-0822,BATCH_FABRICATION
BEN-033458,RING-0596,GHOST_IDENTITY
BEN-036603,RING-0401,SHARED_PAYOUT_ACCOUNT
BEN-009402,RING-0278,IDENTITY_CLONING
BEN-009252,RING-0716,CIRCULAR_TRANSFERS
BEN-044170,RING-0388,SHARED_PAYOUT_ACCOUNT
BEN-002510,RING-0390,SHARED_PAYOUT_ACCOUNT
BEN-043090,RING-0790,CIRCULAR_TRANSFERS
BEN-027922,RING-0877,BATCH_FABRICATION
BEN-040533,RING-0125,IDENTITY_CLONING
BEN-038721,RING-0214,IDENTITY_CLONING
BEN-028206,RING-0054,IDENTITY_CLONING
BEN-031081,RING-0399,SHARED_PAYOUT_ACCOUNT
BEN-003989,RING-0872,BATCH_FABRICATION
BEN-007286,RING-0428,INCOMPATIBLE_SCHEME_CLAIMS
BEN-002227,RING-0702,CIRCULAR_TRANSFERS
BEN-020219,RING-0388,SHARED_PAYOUT_ACCOUNT
BEN-023874,RING-0243,IDENTITY_CLONING
BEN-028655,RING-0863,BATCH_FABRICATION
BEN-032914,RING-0352,SHARED_PAYOUT_ACCOUNT
BEN-024710,RING-0345,SHARED_PAYOUT_ACCOUNT
BEN-036808,RING-0304,SHARED_PAYOUT_ACCOUNT
BEN-032766,RING-0342,SHARED_PAYOUT_ACCOUNT
BEN-011453,RING-0605,COMMON_COLLECTION_ACCOUNT
BEN-034807,RING-0859,BATCH_FABRICATION
BEN-031249,RING-0586,GHOST_IDENTITY
BEN-043700,RING-0361,SHARED_PAYOUT_ACCOUNT
BEN-030797,RING-0505,GHOST_IDENTITY
BEN-026872,RING-0845,BATCH_FABRICATION
BEN-008845,RING-0839,BATCH_FABRICATION
BEN-040115,RING-0383,SHARED_PAYOUT_ACCOUNT
BEN-029764,RING-0507,GHOST_IDENTITY
BEN-005069,RING-0341,SHARED_PAYOUT_ACCOUNT
BEN-016595,RING-0674,COMMON_COLLECTION_ACCOUNT
BEN-041472,RING-0613,COMMON_COLLECTION_ACCOUNT
BEN-015474,RING-0898,BATCH_FABRICATION
BEN-037367,RING-0842,BATCH_FABRICATION
BEN-019041,RING-0310,SHARED_PAYOUT_ACCOUNT
BEN-045826,RING-0043,IDENTITY_CLONING
BEN-041757,RING-0480,INCOMPATIBLE_SCHEME_CLAIMS
BEN-037389,RING-0809,BATCH_FABRICATION
BEN-047323,RING-0569,GHOST_IDENTITY
BEN-043251,RING-0668,COMMON_COLLECTION_ACCOUNT
BEN-033625,RING-0611,COMMON_COLLECTION_ACCOUNT
BEN-030568,RING-0834,BATCH_FABRICATION
BEN-043291,RING-0175,IDENTITY_CLONING
BEN-043493,RING-0333,SHARED_PAYOUT_ACCOUNT
BEN-047034,RING-0796,CIRCULAR_TRANSFERS
BEN-020592,RING-0831,BATCH_FABRICATION
BEN-007249,RING-0470,INCOMPATIBLE_SCHEME_CLAIMS
BEN-037095,RING-0183,IDENTITY_CLONING
BEN-026730,RING-0383,SHARED_PAYOUT_ACCOUNT
BEN-035138,RING-0595,GHOST_IDENTITY
BEN-017986,RING-0643,COMMON_COLLECTION_ACCOUNT
BEN-023014,RING-0875,BATCH_FABRICATION
BEN-016152,RING-0330,SHARED_PAYOUT_ACCOUNT
BEN-030824,RING-0490,INCOMPATIBLE_SCHEME_CLAIMS
BEN-041613,RING-0737,CIRCULAR_TRANSFERS
BEN-012324,RING-0478,INCOMPATIBLE_SCHEME_CLAIMS
BEN-001371,RING-0395,SHARED_PAYOUT_ACCOUNT
BEN-045519,RING-0278,IDENTITY_CLONING
BEN-025714,RING-0341,SHARED_PAYOUT_ACCOUNT
BEN-014124,RING-0384,SHARED_PAYOUT_ACCOUNT
BEN-005996,RING-0802,BATCH_FABRICATION
BEN-015854,RING-0367,SHARED_PAYOUT_ACCOUNT
BEN-041452,RING-0354,SHARED_PAYOUT_ACCOUNT
BEN-028973,RING-0379,SHARED_PAYOUT_ACCOUNT
BEN-027136,RING-0722,CIRCULAR_TRANSFERS
BEN-014803,RING-0329,SHARED_PAYOUT_ACCOUNT
BEN-011789,RING-0586,GHOST_IDENTITY
BEN-034691,RING-0815,BATCH_FABRICATION
BEN-016576,RING-0303,SHARED_PAYOUT_ACCOUNT
BEN-029206,RING-0675,COMMON_COLLECTION_ACCOUNT
BEN-018247,RING-0090,IDENTITY_CLONING
BEN-011752,RING-0538,GHOST_IDENTITY
BEN-005766,RING-0603,COMMON_COLLECTION_ACCOUNT
BEN-029660,RING-0697,COMMON_COLLECTION_ACCOUNT
BEN-033425,RING-0019,IDENTITY_CLONING
BEN-039306,RING-0023,IDENTITY_CLONING
BEN-030703,RING-0169,IDENTITY_CLONING
BEN-013490,RING-0571,GHOST_IDENTITY
BEN-034995,RING-0499,INCOMPATIBLE_SCHEME_CLAIMS
BEN-043596,RING-0606,COMMON_COLLECTION_ACCOUNT
BEN-048406,RING-0571,GHOST_IDENTITY
BEN-024247,RING-0311,SHARED_PAYOUT_ACCOUNT
BEN-028012,RING-0311,SHARED_PAYOUT_ACCOUNT
BEN-024871,RING-0295,IDENTITY_CLONING
BEN-021337,RING-0155,IDENTITY_CLONING
BEN-026360,RING-0079,IDENTITY_CLONING
BEN-025166,RING-0303,SHARED_PAYOUT_ACCOUNT
BEN-048330,RING-0071,IDENTITY_CLONING
BEN-042170,RING-0839,BATCH_FABRICATION
BEN-024954,RING-0339,SHARED_PAYOUT_ACCOUNT
BEN-029513,RING-0661,COMMON_COLLECTION_ACCOUNT
BEN-005523,RING-0597,GHOST_IDENTITY
BEN-018036,RING-0503,GHOST_IDENTITY
BEN-014965,RING-0060,IDENTITY_CLONING
BEN-045407,RING-0701,COMMON_COLLECTION_ACCOUNT
BEN-043335,RING-0574,GHOST_IDENTITY
BEN-023237,RING-0893,BATCH_FABRICATION
BEN-020165,RING-0819,BATCH_FABRICATION
BEN-033566,RING-0384,SHARED_PAYOUT_ACCOUNT
BEN-005205,RING-0762,CIRCULAR_TRANSFERS
BEN-040540,RING-0400,SHARED_PAYOUT_ACCOUNT
BEN-048725,RING-0639,COMMON_COLLECTION_ACCOUNT
BEN-038465,RING-0346,SHARED_PAYOUT_ACCOUNT
BEN-008867,RING-0617,COMMON_COLLECTION_ACCOUNT
BEN-011779,RING-0642,COMMON_COLLECTION_ACCOUNT
BEN-036877,RING-0447,INCOMPATIBLE_SCHEME_CLAIMS
BEN-044532,RING-0335,SHARED_PAYOUT_ACCOUNT
BEN-035263,RING-0541,GHOST_IDENTITY
BEN-026144,RING-0742,CIRCULAR_TRANSFERS
BEN-046101,RING-0899,BATCH_FABRICATION
BEN-034278,RING-0638,COMMON_COLLECTION_ACCOUNT
BEN-007163,RING-0261,IDENTITY_CLONING
BEN-010917,RING-0434,INCOMPATIBLE_SCHEME_CLAIMS
BEN-007375,RING-0426,INCOMPATIBLE_SCHEME_CLAIMS
BEN-032355,RING-0475,INCOMPATIBLE_SCHEME_CLAIMS
BEN-006391,CL-017,COMMON_COLLECTION_ACCOUNT
BEN-003786,RING-0303,SHARED_PAYOUT_ACCOUNT
BEN-045110,RING-0486,INCOMPATIBLE_SCHEME_CLAIMS
BEN-029582,RING-0635,COMMON_COLLECTION_ACCOUNT
BEN-013842,RING-0639,COMMON_COLLECTION_ACCOUNT
BEN-014884,RING-0787,CIRCULAR_TRANSFERS
BEN-017974,RING-0879,BATCH_FABRICATION
BEN-031404,RING-0884,BATCH_FABRICATION
BEN-038104,RING-0310,SHARED_PAYOUT_ACCOUNT
BEN-007678,RING-0504,GHOST_IDENTITY
BEN-017769,RING-0077,IDENTITY_CLONING
BEN-029048,CL-017,INCOMPATIBLE_SCHEME_CLAIMS
BEN-037530,RING-0673,COMMON_COLLECTION_ACCOUNT
BEN-048130,RING-0304,SHARED_PAYOUT_ACCOUNT
BEN-032007,RING-0527,GHOST_IDENTITY
BEN-024387,RING-0545,GHOST_IDENTITY
BEN-048052,RING-0617,COMMON_COLLECTION_ACCOUNT
BEN-003524,RING-0878,BATCH_FABRICATION
BEN-012769,RING-0839,BATCH_FABRICATION
BEN-040551,RING-0587,GHOST_IDENTITY
BEN-034196,RING-0159,IDENTITY_CLONING
BEN-034505,RING-0128,IDENTITY_CLONING
BEN-003506,RING-0308,SHARED_PAYOUT_ACCOUNT
BEN-046579,RING-0352,SHARED_PAYOUT_ACCOUNT
BEN-033260,RING-0545,GHOST_IDENTITY
BEN-044874,RING-0810,BATCH_FABRICATION
BEN-028609,RING-0657,COMMON_COLLECTION_ACCOUNT
BEN-031909,RING-0401,SHARED_PAYOUT_ACCOUNT
BEN-001446,RING-0571,GHOST_IDENTITY
BEN-005558,RING-0324,SHARED_PAYOUT_ACCOUNT
BEN-039095,RING-0368,SHARED_PAYOUT_ACCOUNT
BEN-032845,RING-0424,INCOMPATIBLE_SCHEME_CLAIMS
BEN-022055,RING-0041,IDENTITY_CLONING
BEN-001701,RING-0636,COMMON_COLLECTION_ACCOUNT
BEN-049990,RING-0525,GHOST_IDENTITY
BEN-035924,RING-0375,SHARED_PAYOUT_ACCOUNT
BEN-023028,RING-0376,SHARED_PAYOUT_ACCOUNT
BEN-030344,RING-0715,CIRCULAR_TRANSFERS
BEN-008631,RING-0867,BATCH_FABRICATION
BEN-048306,RING-0647,COMMON_COLLECTION_ACCOUNT
BEN-044332,RING-0418,INCOMPATIBLE_SCHEME_CLAIMS
BEN-028203,RING-0532,GHOST_IDENTITY
BEN-036471,RING-0700,COMMON_COLLECTION_ACCOUNT
BEN-017665,RING-0756,CIRCULAR_TRANSFERS
BEN-049626,RING-0537,GHOST_IDENTITY
BEN-012749,RING-0635,COMMON_COLLECTION_ACCOUNT
BEN-040303,RING-0461,INCOMPATIBLE_SCHEME_CLAIMS
BEN-031048,RING-0642,COMMON_COLLECTION_ACCOUNT
BEN-031825,RING-0415,INCOMPATIBLE_SCHEME_CLAIMS
BEN-010113,RING-0336,SHARED_PAYOUT_ACCOUNT
BEN-017686,RING-0779,CIRCULAR_TRANSFERS
BEN-023230,RING-0337,SHARED_PAYOUT_ACCOUNT
BEN-001557,RING-0824,BATCH_FABRICATION
BEN-047889,RING-0618,COMMON_COLLECTION_ACCOUNT
BEN-007990,RING-0899,BATCH_FABRICATION
BEN-021251,RING-0841,BATCH_FABRICATION
BEN-015649,RING-0883,BATCH_FABRICATION
BEN-010981,RING-0571,GHOST_IDENTITY
BEN-013905,RING-0788,CIRCULAR_TRANSFERS
BEN-008148,RING-0708,CIRCULAR_TRANSFERS
BEN-017808,RING-0862,BATCH_FABRICATION
BEN-037185,RING-0629,COMMON_COLLECTION_ACCOUNT
BEN-010402,RING-0853,BATCH_FABRICATION
BEN-043787,RING-0414,INCOMPATIBLE_SCHEME_CLAIMS
BEN-020206,RING-0373,SHARED_PAYOUT_ACCOUNT
BEN-038701,RING-0179,IDENTITY_CLONING
BEN-047702,RING-0334,SHARED_PAYOUT_ACCOUNT
BEN-035014,RING-0587,GHOST_IDENTITY
BEN-029551,RING-0840,BATCH_FABRICATION
BEN-041059,RING-0589,GHOST_IDENTITY
BEN-005816,RING-0837,BATCH_FABRICATION
BEN-026411,RING-0871,BATCH_FABRICATION
BEN-045374,RING-0752,CIRCULAR_TRANSFERS
BEN-039048,RING-0847,BATCH_FABRICATION
BEN-009082,RING-0502,GHOST_IDENTITY
BEN-048515,RING-0335,SHARED_PAYOUT_ACCOUNT
BEN-014588,RING-0454,INCOMPATIBLE_SCHEME_CLAIMS
BEN-011137,RING-0567,GHOST_IDENTITY
BEN-036990,RING-0310,SHARED_PAYOUT_ACCOUNT
BEN-018838,RING-0803,BATCH_FABRICATION
BEN-042553,RING-0580,GHOST_IDENTITY
BEN-047047,RING-0648,COMMON_COLLECTION_ACCOUNT
BEN-010106,RING-0842,BATCH_FABRICATION
BEN-010848,RING-0693,COMMON_COLLECTION_ACCOUNT
BEN-036678,RING-0588,GHOST_IDENTITY
BEN-047071,RING-0882,BATCH_FABRICATION
BEN-018405,RING-0813,BATCH_FABRICATION
BEN-037618,RING-0488,INCOMPATIBLE_SCHEME_CLAIMS
BEN-032184,RING-0494,INCOMPATIBLE_SCHEME_CLAIMS
BEN-046948,RING-0840,BATCH_FABRICATION
BEN-029751,RING-0286,IDENTITY_CLONING
BEN-003477,RING-0165,IDENTITY_CLONING
BEN-013208,RING-0660,COMMON_COLLECTION_ACCOUNT
BEN-001942,RING-0364,SHARED_PAYOUT_ACCOUNT
BEN-045376,RING-0193,IDENTITY_CLONING
BEN-000608,RING-0507,GHOST_IDENTITY
BEN-018038,RING-0484,INCOMPATIBLE_SCHEME_CLAIMS
BEN-040709,RING-0846,BATCH_FABRICATION
BEN-013686,RING-0723,CIRCULAR_TRANSFERS
BEN-000685,RING-0331,SHARED_PAYOUT_ACCOUNT
BEN-017027,RING-0753,CIRCULAR_TRANSFERS
BEN-025387,RING-0894,BATCH_FABRICATION
BEN-002944,RING-0353,SHARED_PAYOUT_ACCOUNT
BEN-041637,RING-0861,BATCH_FABRICATION
BEN-003514,RING-0546,GHOST_IDENTITY
BEN-025579,RING-0659,COMMON_COLLECTION_ACCOUNT
BEN-004989,RING-0839,BATCH_FABRICATION
BEN-033210,RING-0528,GHOST_IDENTITY
BEN-009494,RING-0591,GHOST_IDENTITY
BEN-008934,RING-0341,SHARED_PAYOUT_ACCOUNT
BEN-023601,RING-0873,BATCH_FABRICATION
BEN-018977,RING-0480,INCOMPATIBLE_SCHEME_CLAIMS
BEN-014738,RING-0301,IDENTITY_CLONING
BEN-048068,RING-0432,INCOMPATIBLE_SCHEME_CLAIMS
BEN-036929,RING-0541,GHOST_IDENTITY
BEN-023536,RING-0634,COMMON_COLLECTION_ACCOUNT
BEN-002463,RING-0684,COMMON_COLLECTION_ACCOUNT
BEN-001256,RING-0242,IDENTITY_CLONING
BEN-011980,RING-0467,INCOMPATIBLE_SCHEME_CLAIMS
BEN-037985,RING-0361,SHARED_PAYOUT_ACCOUNT
BEN-013658,RING-0842,BATCH_FABRICATION
BEN-025104,RING-0822,BATCH_FABRICATION
BEN-033606,RING-0332,SHARED_PAYOUT_ACCOUNT
BEN-049203,RING-0874,BATCH_FABRICATION
BEN-046459,RING-0072,IDENTITY_CLONING
BEN-048374,RING-0646,COMMON_COLLECTION_ACCOUNT
BEN-037877,RING-0709,CIRCULAR_TRANSFERS
BEN-004861,RING-0497,INCOMPATIBLE_SCHEME_CLAIMS
BEN-027013,RING-0878,BATCH_FABRICATION
BEN-005632,RING-0353,SHARED_PAYOUT_ACCOUNT
BEN-023119,RING-0632,COMMON_COLLECTION_ACCOUNT
BEN-043619,RING-0545,GHOST_IDENTITY
BEN-040254,RING-0138,IDENTITY_CLONING
BEN-007621,RING-0693,COMMON_COLLECTION_ACCOUNT
BEN-010678,RING-0355,SHARED_PAYOUT_ACCOUNT
BEN-042054,RING-0592,GHOST_IDENTITY
BEN-011646,RING-0308,SHARED_PAYOUT_ACCOUNT
BEN-001775,RING-0618,COMMON_COLLECTION_ACCOUNT
BEN-039016,RING-0793,CIRCULAR_TRANSFERS
BEN-039798,RING-0154,IDENTITY_CLONING
BEN-037297,RING-0065,IDENTITY_CLONING
BEN-027043,RING-0215,IDENTITY_CLONING
BEN-020900,RING-0320,SHARED_PAYOUT_ACCOUNT
BEN-028930,RING-0739,CIRCULAR_TRANSFERS
BEN-014264,RING-0704,CIRCULAR_TRANSFERS
BEN-001498,RING-0845,BATCH_FABRICATION
BEN-045244,RING-0393,SHARED_PAYOUT_ACCOUNT
BEN-015641,RING-0879,BATCH_FABRICATION
BEN-044711,RING-0395,SHARED_PAYOUT_ACCOUNT
BEN-049632,RING-0131,IDENTITY_CLONING
BEN-023458,RING-0859,BATCH_FABRICATION
BEN-006405,RING-0220,IDENTITY_CLONING
BEN-021448,RING-0013,IDENTITY_CLONING
BEN-022098,RING-0356,SHARED_PAYOUT_ACCOUNT
BEN-041395,RING-0875,BATCH_FABRICATION
BEN-043096,RING-0347,SHARED_PAYOUT_ACCOUNT
BEN-032131,RING-0468,INCOMPATIBLE_SCHEME_CLAIMS
BEN-006791,RING-0896,BATCH_FABRICATION
BEN-027603,RING-0619,COMMON_COLLECTION_ACCOUNT
BEN-028775,RING-0679,COMMON_COLLECTION_ACCOUNT
BEN-049540,RING-0669,COMMON_COLLECTION_ACCOUNT
BEN-037196,RING-0037,IDENTITY_CLONING
BEN-049946,RING-0496,INCOMPATIBLE_SCHEME_CLAIMS
BEN-047425,RING-0805,BATCH_FABRICATION
BEN-012623,RING-0661,COMMON_COLLECTION_ACCOUNT
BEN-030767,RING-0570,GHOST_IDENTITY
BEN-002094,RING-0853,BATCH_FABRICATION
BEN-042482,RING-0669,COMMON_COLLECTION_ACCOUNT
BEN-046018,RING-0875,BATCH_FABRICATION
BEN-021922,RING-0627,COMMON_COLLECTION_ACCOUNT
BEN-044064,RING-0318,SHARED_PAYOUT_ACCOUNT
BEN-006947,RING-0314,SHARED_PAYOUT_ACCOUNT
BEN-009677,RING-0612,COMMON_COLLECTION_ACCOUNT
BEN-012739,RING-0768,CIRCULAR_TRANSFERS
BEN-034397,RING-0832,BATCH_FABRICATION
BEN-032304,RING-0178,IDENTITY_CLONING
BEN-045730,RING-0653,COMMON_COLLECTION_ACCOUNT
BEN-010787,CL-017,COMMON_COLLECTION_ACCOUNT
BEN-023544,RING-0346,SHARED_PAYOUT_ACCOUNT
BEN-044999,RING-0864,BATCH_FABRICATION
BEN-044341,RING-0208,IDENTITY_CLONING
BEN-021194,RING-0368,SHARED_PAYOUT_ACCOUNT
BEN-032522,RING-0702,CIRCULAR_TRANSFERS
BEN-039990,RING-0329,SHARED_PAYOUT_ACCOUNT
BEN-014201,RING-0847,BATCH_FABRICATION
BEN-011052,RING-0886,BATCH_FABRICATION
BEN-019223,RING-0404,INCOMPATIBLE_SCHEME_CLAIMS
BEN-019357,RING-0566,GHOST_IDENTITY
BEN-009796,RING-0349,SHARED_PAYOUT_ACCOUNT
BEN-019678,RING-0350,SHARED_PAYOUT_ACCOUNT
BEN-008752,RING-0666,COMMON_COLLECTION_ACCOUNT
BEN-049558,CL-017,IDENTITY_CLONING
BEN-036498,RING-0500,INCOMPATIBLE_SCHEME_CLAIMS
BEN-049619,RING-0550,GHOST_IDENTITY
BEN-032039,RING-0821,BATCH_FABRICATION
BEN-008680,RING-0547,GHOST_IDENTITY
BEN-048991,RING-0348,SHARED_PAYOUT_ACCOUNT
BEN-004952,RING-0649,COMMON_COLLECTION_ACCOUNT
BEN-017138,RING-0389,SHARED_PAYOUT_ACCOUNT
BEN-003411,RING-0392,SHARED_PAYOUT_ACCOUNT
BEN-034777,RING-0327,SHARED_PAYOUT_ACCOUNT
BEN-024664,RING-0679,COMMON_COLLECTION_ACCOUNT
BEN-014811,RING-0619,COMMON_COLLECTION_ACCOUNT
BEN-008603,RING-0502,GHOST_IDENTITY
BEN-021083,RING-0380,SHARED_PAYOUT_ACCOUNT
BEN-009297,RING-0403,INCOMPATIBLE_SCHEME_CLAIMS
BEN-044708,RING-0333,SHARED_PAYOUT_ACCOUNT
BEN-044466,RING-0322,SHARED_PAYOUT_ACCOUNT
BEN-020436,RING-0320,SHARED_PAYOUT_ACCOUNT
BEN-027449,RING-0812,BATCH_FABRICATION
BEN-011737,RING-0035,IDENTITY_CLONING
BEN-022210,RING-0520,GHOST_IDENTITY
BEN-034100,RING-0900,BATCH_FABRICATION
BEN-029442,RING-0389,SHARED_PAYOUT_ACCOUNT
BEN-003861,RING-0360,SHARED_PAYOUT_ACCOUNT
BEN-027682,RING-0201,IDENTITY_CLONING
BEN-015026,RING-0876,BATCH_FABRICATION
BEN-017958,RING-0341,SHARED_PAYOUT_ACCOUNT
BEN-048128,RING-0510,GHOST_IDENTITY
BEN-044962,RING-0822,BATCH_FABRICATION
BEN-039780,RING-0138,IDENTITY_CLONING
BEN-025548,RING-0538,GHOST_IDENTITY
BEN-022853,RING-0667,COMMON_COLLECTION_ACCOUNT
BEN-031328,RING-0755,CIRCULAR_TRANSFERS
BEN-043653,RING-0501,INCOMPATIBLE_SCHEME_CLAIMS
BEN-018197,RING-0052,IDENTITY_CLONING
BEN-021246,RING-0609,COMMON_COLLECTION_ACCOUNT
BEN-024679,RING-0656,COMMON_COLLECTION_ACCOUNT
BEN-005618,RING-0044,IDENTITY_CLONING
BEN-018637,RING-0521,GHOST_IDENTITY
BEN-046709,RING-0610,COMMON_COLLECTION_ACCOUNT
BEN-026429,RING-0520,GHOST_IDENTITY
BEN-042723,RING-0365,SHARED_PAYOUT_ACCOUNT
BEN-009234,RING-0683,COMMON_COLLECTION_ACCOUNT
BEN-016605,RING-0815,BATCH_FABRICATION
BEN-038970,RING-0344,SHARED_PAYOUT_ACCOUNT
BEN-039429,RING-0584,GHOST_IDENTITY
BEN-019082,RING-0318,SHARED_PAYOUT_ACCOUNT
BEN-025431,RING-0333,SHARED_PAYOUT_ACCOUNT
BEN-008477,RING-0635,COMMON_COLLECTION_ACCOUNT
BEN-002235,RING-0401,SHARED_PAYOUT_ACCOUNT
BEN-029538,RING-0695,COMMON_COLLECTION_ACCOUNT
BEN-029656,RING-0806,BATCH_FABRICATION
BEN-026581,RING-0506,GHOST_IDENTITY
BEN-004775,RING-0641,COMMON_COLLECTION_ACCOUNT
BEN-004088,RING-0245,IDENTITY_CLONING
BEN-031994,RING-0175,IDENTITY_CLONING
BEN-006881,RING-0849,BATCH_FABRICATION
BEN-040422,RING-0672,COMMON_COLLECTION_ACCOUNT
BEN-036615,RING-0721,CIRCULAR_TRANSFERS
BEN-016478,RING-0775,CIRCULAR_TRANSFERS
BEN-007851,RING-0419,INCOMPATIBLE_SCHEME_CLAIMS
BEN-004571,RING-0466,INCOMPATIBLE_SCHEME_CLAIMS
BEN-023843,RING-0156,IDENTITY_CLONING
BEN-045305,RING-0662,COMMON_COLLECTION_ACCOUNT
BEN-007582,RING-0189,IDENTITY_CLONING
BEN-023300,RING-0132,IDENTITY_CLONING
BEN-041627,RING-0127,IDENTITY_CLONING
BEN-015297,RING-0495,INCOMPATIBLE_SCHEME_CLAIMS
BEN-044343,RING-0617,COMMON_COLLECTION_ACCOUNT
BEN-023948,RING-0555,GHOST_IDENTITY
BEN-008729,RING-0827,BATCH_FABRICATION
BEN-001124,RING-0655,COMMON_COLLECTION_ACCOUNT
BEN-038731,RING-0492,INCOMPATIBLE_SCHEME_CLAIMS
BEN-005676,RING-0863,BATCH_FABRICATION
BEN-036969,RING-0343,SHARED_PAYOUT_ACCOUNT
BEN-040102,RING-0602,COMMON_COLLECTION_ACCOUNT
BEN-006975,RING-0877,BATCH_FABRICATION
BEN-046206,RING-0133,IDENTITY_CLONING
BEN-035022,RING-0542,GHOST_IDENTITY
BEN-005168,CL-017,CIRCULAR_TRANSFERS
BEN-040629,RING-0002,IDENTITY_CLONING
BEN-022428,RING-0365,SHARED_PAYOUT_ACCOUNT
BEN-015532,RING-0489,INCOMPATIBLE_SCHEME_CLAIMS
BEN-023214,RING-0631,COMMON_COLLECTION_ACCOUNT
BEN-045511,RING-0672,COMMON_COLLECTION_ACCOUNT
BEN-032755,RING-0804,BATCH_FABRICATION
BEN-011021,RING-0406,INCOMPATIBLE_SCHEME_CLAIMS
BEN-005460,RING-0406,INCOMPATIBLE_SCHEME_CLAIMS
BEN-001762,RING-0581,GHOST_IDENTITY
BEN-030125,RING-0119,IDENTITY_CLONING
BEN-032367,RING-0667,COMMON_COLLECTION_ACCOUNT
BEN-022310,RING-0493,INCOMPATIBLE_SCHEME_CLAIMS
BEN-034257,RING-0569,GHOST_IDENTITY
BEN-001889,RING-0577,GHOST_IDENTITY
BEN-025604,RING-0737,CIRCULAR_TRANSFERS
BEN-020812,RING-0459,INCOMPATIBLE_SCHEME_CLAIMS
BEN-037012,RING-0011,IDENTITY_CLONING
BEN-027137,RING-0475,INCOMPATIBLE_SCHEME_CLAIMS
BEN-015151,RING-0201,IDENTITY_CLONING
BEN-014531,RING-0315,SHARED_PAYOUT_ACCOUNT
BEN-011480,RING-0511,GHOST_IDENTITY
BEN-021656,RING-0515,GHOST_IDENTITY
BEN-001983,RING-0871,BATCH_FABRICATION
BEN-026644,RING-0340,SHARED_PAYOUT_ACCOUNT
BEN-012807,RING-0381,SHARED_PAYOUT_ACCOUNT
BEN-038271,RING-0356,SHARED_PAYOUT_ACCOUNT
BEN-007726,RING-0320,SHARED_PAYOUT_ACCOUNT
BEN-000890,RING-0366,SHARED_PAYOUT_ACCOUNT
BEN-031030,RING-0375,SHARED_PAYOUT_ACCOUNT
BEN-019267,RING-0688,COMMON_COLLECTION_ACCOUNT
BEN-030320,RING-0885,BATCH_FABRICATION
BEN-001341,RING-0330,SHARED_PAYOUT_ACCOUNT
BEN-005627,RING-0733,CIRCULAR_TRANSFERS
BEN-003401,RING-0749,CIRCULAR_TRANSFERS
BEN-010688,RING-0399,SHARED_PAYOUT_ACCOUNT
BEN-012146,RING-0693,COMMON_COLLECTION_ACCOUNT
BEN-011028,RING-0514,GHOST_IDENTITY
BEN-009027,RING-0867,BATCH_FABRICATION
BEN-003585,RING-0252,IDENTITY_CLONING
BEN-047684,RING-0821,BATCH_FABRICATION
BEN-044561,RING-0686,COMMON_COLLECTION_ACCOUNT
BEN-008684,RING-0341,SHARED_PAYOUT_ACCOUNT
BEN-015185,RING-0380,SHARED_PAYOUT_ACCOUNT
BEN-011443,RING-0612,COMMON_COLLECTION_ACCOUNT
BEN-001750,RING-0351,SHARED_PAYOUT_ACCOUNT
BEN-021706,RING-0781,CIRCULAR_TRANSFERS
BEN-049848,RING-0761,CIRCULAR_TRANSFERS
BEN-041592,RING-0852,BATCH_FABRICATION
BEN-009538,RING-0592,GHOST_IDENTITY
BEN-003025,RING-0384,SHARED_PAYOUT_ACCOUNT
BEN-044090,RING-0754,CIRCULAR_TRANSFERS
BEN-017757,RING-0330,SHARED_PAYOUT_ACCOUNT
BEN-015814,RING-0742,CIRCULAR_TRANSFERS
BEN-035578,RING-0040,IDENTITY_CLONING
BEN-013085,RING-0603,COMMON_COLLECTION_ACCOUNT
BEN-021632,RING-0497,INCOMPATIBLE_SCHEME_CLAIMS
BEN-044648,RING-0863,BATCH_FABRICATION
BEN-045932,RING-0879,BATCH_FABRICATION
BEN-030441,RING-0584,GHOST_IDENTITY
BEN-010238,RING-0844,BATCH_FABRICATION
BEN-045830,RING-0283,IDENTITY_CLONING
BEN-013799,RING-0181,IDENTITY_CLONING
BEN-006228,RING-0882,BATCH_FABRICATION
BEN-033855,RING-0812,BATCH_FABRICATION
BEN-019513,RING-0488,INCOMPATIBLE_SCHEME_CLAIMS
BEN-006359,RING-0871,BATCH_FABRICATION
BEN-038493,RING-0307,SHARED_PAYOUT_ACCOUNT
BEN-036249,RING-0870,BATCH_FABRICATION
BEN-000454,RING-0341,SHARED_PAYOUT_ACCOUNT
BEN-013442,RING-0057,IDENTITY_CLONING
BEN-029120,RING-0444,INCOMPATIBLE_SCHEME_CLAIMS
BEN-000450,RING-0630,COMMON_COLLECTION_ACCOUNT
BEN-020103,RING-0619,COMMON_COLLECTION_ACCOUNT
BEN-045576,RING-0206,IDENTITY_CLONING
BEN-026391,RING-0656,COMMON_COLLECTION_ACCOUNT
BEN-048849,RING-0788,CIRCULAR_TRANSFERS
BEN-047820,RING-0833,BATCH_FABRICATION
BEN-038866,RING-0662,COMMON_COLLECTION_ACCOUNT
BEN-035961,RING-0310,SHARED_PAYOUT_ACCOUNT
BEN-042845,RING-0884,BATCH_FABRICATION
BEN-049964,RING-0262,IDENTITY_CLONING
BEN-001578,RING-0788,CIRCULAR_TRANSFERS
BEN-043280,RING-0529,GHOST_IDENTITY
BEN-010079,RING-0719,CIRCULAR_TRANSFERS
BEN-013444,RING-0557,GHOST_IDENTITY
BEN-047065,RING-0589,GHOST_IDENTITY
BEN-007449,RING-0222,IDENTITY_CLONING
BEN-025890,RING-0213,IDENTITY_CLONING
BEN-043433,RING-0346,SHARED_PAYOUT_ACCOUNT
BEN-029895,RING-0450,INCOMPATIBLE_SCHEME_CLAIMS
BEN-008635,RING-0272,IDENTITY_CLONING
BEN-043820,RING-0682,COMMON_COLLECTION_ACCOUNT
BEN-015236,RING-0241,IDENTITY_CLONING
BEN-036130,RING-0546,GHOST_IDENTITY
BEN-039786,RING-0425,INCOMPATIBLE_SCHEME_CLAIMS
BEN-011905,RING-0295,IDENTITY_CLONING
BEN-029982,RING-0671,COMMON_COLLECTION_ACCOUNT
BEN-041460,RING-0608,COMMON_COLLECTION_ACCOUNT
BEN-044106,RING-0861,BATCH_FABRICATION
BEN-005230,RING-0339,SHARED_PAYOUT_ACCOUNT
BEN-049245,RING-0494,INCOMPATIBLE_SCHEME_CLAIMS
BEN-045776,RING-0433,INCOMPATIBLE_SCHEME_CLAIMS
BEN-043032,RING-0824,BATCH_FABRICATION
BEN-034213,RING-0533,GHOST_IDENTITY
BEN-026145,RING-0808,BATCH_FABRICATION
BEN-019459,RING-0673,COMMON_COLLECTION_ACCOUNT
BEN-049707,RING-0578,GHOST_IDENTITY
BEN-046498,RING-0840,BATCH_FABRICATION
BEN-019473,RING-0740,CIRCULAR_TRANSFERS
BEN-008045,RING-0133,IDENTITY_CLONING
BEN-012352,RING-0743,CIRCULAR_TRANSFERS
BEN-022239,RING-0649,COMMON_COLLECTION_ACCOUNT
BEN-032342,RING-0114,IDENTITY_CLONING
BEN-016083,RING-0396,SHARED_PAYOUT_ACCOUNT
BEN-034660,RING-0434,INCOMPATIBLE_SCHEME_CLAIMS
BEN-014990,RING-0843,BATCH_FABRICATION
BEN-038058,RING-0856,BATCH_FABRICATION
BEN-040220,RING-0397,SHARED_PAYOUT_ACCOUNT
BEN-004687,RING-0373,SHARED_PAYOUT_ACCOUNT
BEN-030857,RING-0881,BATCH_FABRICATION
BEN-024866,RING-0331,SHARED_PAYOUT_ACCOUNT
BEN-035928,RING-0480,INCOMPATIBLE_SCHEME_CLAIMS
BEN-005489,RING-0375,SHARED_PAYOUT_ACCOUNT
BEN-034465,RING-0847,BATCH_FABRICATION
BEN-001304,RING-0851,BATCH_FABRICATION
BEN-032456,RING-0225,IDENTITY_CLONING
BEN-022641,RING-0442,INCOMPATIBLE_SCHEME_CLAIMS
BEN-034484,RING-0659,COMMON_COLLECTION_ACCOUNT
BEN-039591,RING-0321,SHARED_PAYOUT_ACCOUNT
BEN-004043,RING-0894,BATCH_FABRICATION
BEN-003870,RING-0324,SHARED_PAYOUT_ACCOUNT
BEN-031563,RING-0835,BATCH_FABRICATION
BEN-039328,RING-0392,SHARED_PAYOUT_ACCOUNT
BEN-042988,RING-0173,IDENTITY_CLONING
BEN-017035,RING-0706,CIRCULAR_TRANSFERS
BEN-037069,RING-0334,SHARED_PAYOUT_ACCOUNT
BEN-023744,RING-0344,SHARED_PAYOUT_ACCOUNT
BEN-006087,RING-0168,IDENTITY_CLONING
BEN-039859,RING-0364,SHARED_PAYOUT_ACCOUNT
BEN-021933,RING-0143,IDENTITY_CLONING
BEN-000999,RING-0260,IDENTITY_CLONING
BEN-028871,RING-0553,GHOST_IDENTITY
BEN-040165,RING-0099,IDENTITY_CLONING
BEN-018174,RING-0677,COMMON_COLLECTION_ACCOUNT
BEN-034774,RING-0663,COMMON_COLLECTION_ACCOUNT
BEN-038552,RING-0316,SHARED_PAYOUT_ACCOUNT
BEN-046949,RING-0101,IDENTITY_CLONING
BEN-022846,RING-0875,BATCH_FABRICATION
BEN-017040,RING-0496,INCOMPATIBLE_SCHEME_CLAIMS
BEN-002116,RING-0393,SHARED_PAYOUT_ACCOUNT
BEN-001266,RING-0572,GHOST_IDENTITY
BEN-048495,RING-0653,COMMON_COLLECTION_ACCOUNT
BEN-033287,RING-0010,IDENTITY_CLONING
BEN-019202,RING-0613,COMMON_COLLECTION_ACCOUNT
BEN-029759,RING-0774,CIRCULAR_TRANSFERS
BEN-032173,RING-0327,SHARED_PAYOUT_ACCOUNT
BEN-016998,RING-0587,GHOST_IDENTITY
BEN-000990,RING-0714,CIRCULAR_TRANSFERS
BEN-047395,RING-0180,IDENTITY_CLONING
BEN-010557,RING-0401,SHARED_PAYOUT_ACCOUNT
BEN-001496,RING-0302,SHARED_PAYOUT_ACCOUNT
BEN-007769,RING-0200,IDENTITY_CLONING
BEN-047098,RING-0835,BATCH_FABRICATION
BEN-015528,RING-0591,GHOST_IDENTITY
BEN-022511,RING-0303,SHARED_PAYOUT_ACCOUNT
BEN-045508,RING-0252,IDENTITY_CLONING
BEN-047483,RING-0778,CIRCULAR_TRANSFERS
BEN-023903,RING-0043,IDENTITY_CLONING
BEN-039116,RING-0022,IDENTITY_CLONING
BEN-035369,RING-0647,COMMON_COLLECTION_ACCOUNT
BEN-014975,RING-0354,SHARED_PAYOUT_ACCOUNT
BEN-021803,RING-0842,BATCH_FABRICATION
BEN-009459,RING-0526,GHOST_IDENTITY
BEN-042597,RING-0324,SHARED_PAYOUT_ACCOUNT
BEN-012589,RING-0215,IDENTITY_CLONING
BEN-025762,RING-0372,SHARED_PAYOUT_ACCOUNT
BEN-029861,RING-0896,BATCH_FABRICATION
BEN-001104,RING-0514,GHOST_IDENTITY
BEN-029191,RING-0745,CIRCULAR_TRANSFERS
BEN-026444,RING-0865,BATCH_FABRICATION
BEN-003408,RING-0561,GHOST_IDENTITY
BEN-011156,RING-0337,SHARED_PAYOUT_ACCOUNT
BEN-001433,RING-0891,BATCH_FABRICATION
BEN-001679,RING-0644,COMMON_COLLECTION_ACCOUNT
BEN-017177,RING-0066,IDENTITY_CLONING
BEN-034592,RING-0824,BATCH_FABRICATION
BEN-027768,RING-0112,IDENTITY_CLONING
BEN-022843,RING-0369,SHARED_PAYOUT_ACCOUNT
BEN-002216,RING-0381,SHARED_PAYOUT_ACCOUNT
BEN-012603,RING-0526,GHOST_IDENTITY
BEN-010972,RING-0899,BATCH_FABRICATION
BEN-049837,RING-0363,SHARED_PAYOUT_ACCOUNT
BEN-033572,RING-0335,SHARED_PAYOUT_ACCOUNT
BEN-037639,RING-0437,INCOMPATIBLE_SCHEME_CLAIMS
BEN-033483,RING-0160,IDENTITY_CLONING
BEN-035423,RING-0849,BATCH_FABRICATION
BEN-040766,RING-0366,SHARED_PAYOUT_ACCOUNT
BEN-035724,RING-0877,BATCH_FABRICATION
BEN-048273,RING-0674,COMMON_COLLECTION_ACCOUNT
BEN-034556,RING-0353,SHARED_PAYOUT_ACCOUNT
BEN-038525,RING-0161,IDENTITY_CLONING
BEN-011111,RING-0422,INCOMPATIBLE_SCHEME_CLAIMS
BEN-045547,RING-0643,COMMON_COLLECTION_ACCOUNT
BEN-030136,RING-0646,COMMON_COLLECTION_ACCOUNT
BEN-046873,RING-0609,COMMON_COLLECTION_ACCOUNT
BEN-042967,RING-0545,GHOST_IDENTITY
BEN-004790,RING-0379,SHARED_PAYOUT_ACCOUNT
BEN-035706,RING-0443,INCOMPATIBLE_SCHEME_CLAIMS
BEN-032483,RING-0636,COMMON_COLLECTION_ACCOUNT
BEN-020160,RING-0225,IDENTITY_CLONING
BEN-024003,RING-0079,IDENTITY_CLONING
BEN-000453,RING-0294,IDENTITY_CLONING
BEN-024960,RING-0631,COMMON_COLLECTION_ACCOUNT
BEN-027186,RING-0516,GHOST_IDENTITY
BEN-019823,RING-0622,COMMON_COLLECTION_ACCOUNT
BEN-010112,RING-0338,SHARED_PAYOUT_ACCOUNT
BEN-020291,RING-0109,IDENTITY_CLONING
BEN-007337,RING-0032,IDENTITY_CLONING
BEN-041522,RING-0642,COMMON_COLLECTION_ACCOUNT
BEN-014875,RING-0275,IDENTITY_CLONING
BEN-042082,RING-0638,COMMON_COLLECTION_ACCOUNT
BEN-033756,RING-0891,BATCH_FABRICATION
BEN-016496,RING-0685,COMMON_COLLECTION_ACCOUNT
BEN-004309,RING-0348,SHARED_PAYOUT_ACCOUNT
BEN-016250,RING-0150,IDENTITY_CLONING
BEN-015397,RING-0223,IDENTITY_CLONING
BEN-015032,RING-0785,CIRCULAR_TRANSFERS
BEN-047087,RING-0781,CIRCULAR_TRANSFERS
BEN-048053,RING-0524,GHOST_IDENTITY
BEN-031026,RING-0479,INCOMPATIBLE_SCHEME_CLAIMS
BEN-008053,RING-0899,BATCH_FABRICATION
BEN-041286,RING-0435,INCOMPATIBLE_SCHEME_CLAIMS
BEN-011242,RING-0322,SHARED_PAYOUT_ACCOUNT
BEN-022218,RING-0614,COMMON_COLLECTION_ACCOUNT
BEN-006874,RING-0516,GHOST_IDENTITY
BEN-002468,RING-0467,INCOMPATIBLE_SCHEME_CLAIMS
BEN-036515,RING-0380,SHARED_PAYOUT_ACCOUNT
BEN-011182,RING-0520,GHOST_IDENTITY
BEN-015619,RING-0371,SHARED_PAYOUT_ACCOUNT
BEN-032143,RING-0721,CIRCULAR_TRANSFERS
BEN-017286,RING-0559,GHOST_IDENTITY
BEN-037683,RING-0744,CIRCULAR_TRANSFERS
BEN-041939,RING-0357,SHARED_PAYOUT_ACCOUNT
BEN-039912,RING-0523,GHOST_IDENTITY
BEN-016864,RING-0558,GHOST_IDENTITY
BEN-016493,RING-0082,IDENTITY_CLONING
BEN-002035,RING-0503,GHOST_IDENTITY
BEN-031558,RING-0573,GHOST_IDENTITY
BEN-043699,RING-0296,IDENTITY_CLONING
BEN-019193,RING-0602,COMMON_COLLECTION_ACCOUNT
BEN-035557,RING-0378,SHARED_PAYOUT_ACCOUNT
BEN-033900,RING-0726,CIRCULAR_TRANSFERS
BEN-039088,RING-0869,BATCH_FABRICATION
BEN-020102,RING-0450,INCOMPATIBLE_SCHEME_CLAIMS
BEN-046789,RING-0866,BATCH_FABRICATION
BEN-017307,RING-0350,SHARED_PAYOUT_ACCOUNT
BEN-039096,RING-0423,INCOMPATIBLE_SCHEME_CLAIMS
BEN-042004,RING-0361,SHARED_PAYOUT_ACCOUNT
BEN-033967,RING-0005,IDENTITY_CLONING
BEN-034104,RING-0481,INCOMPATIBLE_SCHEME_CLAIMS
BEN-011022,RING-0616,COMMON_COLLECTION_ACCOUNT
BEN-005396,RING-0267,IDENTITY_CLONING
BEN-039735,RING-0090,IDENTITY_CLONING
BEN-038734,RING-0840,BATCH_FABRICATION
BEN-043651,RING-0549,GHOST_IDENTITY
BEN-046290,RING-0837,BATCH_FABRICATION
BEN-042748,RING-0813,BATCH_FABRICATION
BEN-013669,RING-0126,IDENTITY_CLONING
BEN-046436,RING-0843,BATCH_FABRICATION
BEN-034801,RING-0546,GHOST_IDENTITY
BEN-038263,RING-0894,BATCH_FABRICATION
BEN-034632,RING-0544,GHOST_IDENTITY
BEN-023875,RING-0876,BATCH_FABRICATION
BEN-007177,RING-0302,SHARED_PAYOUT_ACCOUNT
BEN-033469,RING-0586,GHOST_IDENTITY
BEN-047293,RING-0397,SHARED_PAYOUT_ACCOUNT
BEN-009074,RING-0884,BATCH_FABRICATION
BEN-036233,RING-0813,BATCH_FABRICATION
BEN-000262,RING-0376,SHARED_PAYOUT_ACCOUNT
BEN-035658,RING-0886,BATCH_FABRICATION
BEN-014236,RING-0730,CIRCULAR_TRANSFERS
BEN-030101,RING-0698,COMMON_COLLECTION_ACCOUNT
BEN-032223,RING-0695,COMMON_COLLECTION_ACCOUNT
BEN-045724,RING-0857,BATCH_FABRICATION
BEN-018481,RING-0543,GHOST_IDENTITY
BEN-031256,RING-0803,BATCH_FABRICATION
BEN-040364,RING-0304,SHARED_PAYOUT_ACCOUNT
BEN-044618,RING-0431,INCOMPATIBLE_SCHEME_CLAIMS
BEN-045253,RING-0622,COMMON_COLLECTION_ACCOUNT
BEN-035139,RING-0771,CIRCULAR_TRANSFERS
BEN-030977,RING-0068,IDENTITY_CLONING
BEN-036507,RING-0794,CIRCULAR_TRANSFERS
BEN-016743,RING-0438,INCOMPATIBLE_SCHEME_CLAIMS
BEN-032221,RING-0600,GHOST_IDENTITY
BEN-044283,RING-0624,COMMON_COLLECTION_ACCOUNT
BEN-012564,RING-0507,GHOST_IDENTITY
BEN-019595,RING-0114,IDENTITY_CLONING
BEN-039186,RING-0549,GHOST_IDENTITY
BEN-002547,RING-0697,COMMON_COLLECTION_ACCOUNT
BEN-048418,RING-0688,COMMON_COLLECTION_ACCOUNT
BEN-031963,RING-0504,GHOST_IDENTITY
BEN-002861,RING-0518,GHOST_IDENTITY
BEN-041082,RING-0692,COMMON_COLLECTION_ACCOUNT
BEN-045235,RING-0304,SHARED_PAYOUT_ACCOUNT
BEN-045073,RING-0757,CIRCULAR_TRANSFERS
BEN-022636,RING-0537,GHOST_IDENTITY
BEN-034063,RING-0755,CIRCULAR_TRANSFERS
BEN-012452,RING-0326,SHARED_PAYOUT_ACCOUNT
BEN-014722,RING-0458,INCOMPATIBLE_SCHEME_CLAIMS
BEN-011861,RING-0703,CIRCULAR_TRANSFERS
BEN-010164,RING-0148,IDENTITY_CLONING
BEN-016325,RING-0494,INCOMPATIBLE_SCHEME_CLAIMS
BEN-044054,RING-0599,GHOST_IDENTITY
BEN-032773,RING-0873,BATCH_FABRICATION
BEN-007427,RING-0824,BATCH_FABRICATION
BEN-022628,RING-0599,GHOST_IDENTITY
BEN-014581,RING-0849,BATCH_FABRICATION
BEN-041784,RING-0542,GHOST_IDENTITY
BEN-025615,RING-0616,COMMON_COLLECTION_ACCOUNT
BEN-011639,RING-0647,COMMON_COLLECTION_ACCOUNT
BEN-034594,RING-0777,CIRCULAR_TRANSFERS
BEN-009593,RING-0328,SHARED_PAYOUT_ACCOUNT
BEN-037674,RING-0397,SHARED_PAYOUT_ACCOUNT
BEN-047471,RING-0582,GHOST_IDENTITY
BEN-044828,RING-0753,CIRCULAR_TRANSFERS
BEN-009733,RING-0151,IDENTITY_CLONING
BEN-012791,RING-0405,INCOMPATIBLE_SCHEME_CLAIMS
BEN-024401,RING-0666,COMMON_COLLECTION_ACCOUNT
BEN-008956,RING-0811,BATCH_FABRICATION
BEN-049802,RING-0418,INCOMPATIBLE_SCHEME_CLAIMS
BEN-034392,RING-0851,BATCH_FABRICATION
BEN-030346,RING-0883,BATCH_FABRICATION
BEN-043526,RING-0371,SHARED_PAYOUT_ACCOUNT
BEN-032696,RING-0815,BATCH_FABRICATION
BEN-006920,RING-0617,COMMON_COLLECTION_ACCOUNT
BEN-037617,RING-0787,CIRCULAR_TRANSFERS
BEN-043471,RING-0332,SHARED_PAYOUT_ACCOUNT
BEN-013837,RING-0615,COMMON_COLLECTION_ACCOUNT
BEN-038147,RING-0818,BATCH_FABRICATION
BEN-036051,RING-0258,IDENTITY_CLONING
BEN-019654,RING-0557,GHOST_IDENTITY
BEN-037943,RING-0807,BATCH_FABRICATION
BEN-036788,RING-0075,IDENTITY_CLONING
BEN-020735,RING-0795,CIRCULAR_TRANSFERS
BEN-031617,RING-0029,IDENTITY_CLONING
BEN-003347,RING-0665,COMMON_COLLECTION_ACCOUNT
BEN-016830,RING-0130,IDENTITY_CLONING
BEN-025243,RING-0509,GHOST_IDENTITY
BEN-005339,RING-0895,BATCH_FABRICATION
BEN-019369,RING-0096,IDENTITY_CLONING
BEN-001109,RING-0031,IDENTITY_CLONING
BEN-007061,RING-0855,BATCH_FABRICATION
BEN-024888,RING-0521,GHOST_IDENTITY
BEN-020830,RING-0685,COMMON_COLLECTION_ACCOUNT
BEN-042068,RING-0349,SHARED_PAYOUT_ACCOUNT
BEN-014543,RING-0592,GHOST_IDENTITY
BEN-014279,RING-0230,IDENTITY_CLONING
BEN-038169,RING-0687,COMMON_COLLECTION_ACCOUNT
BEN-037339,RING-0380,SHARED_PAYOUT_ACCOUNT
BEN-022226,RING-0339,SHARED_PAYOUT_ACCOUNT
BEN-048614,RING-0810,BATCH_FABRICATION
BEN-040722,RING-0386,SHARED_PAYOUT_ACCOUNT
BEN-008123,RING-0577,GHOST_IDENTITY
BEN-033766,RING-0528,GHOST_IDENTITY
BEN-018767,RING-0373,SHARED_PAYOUT_ACCOUNT
BEN-042468,RING-0387,SHARED_PAYOUT_ACCOUNT
BEN-033263,RING-0628,COMMON_COLLECTION_ACCOUNT
BEN-046062,RING-0639,COMMON_COLLECTION_ACCOUNT
BEN-032266,RING-0394,SHARED_PAYOUT_ACCOUNT
BEN-036212,RING-0386,SHARED_PAYOUT_ACCOUNT
BEN-036881,CL-017,CIRCULAR_TRANSFERS
BEN-019141,RING-0152,IDENTITY_CLONING
BEN-044646,RING-0498,INCOMPATIBLE_SCHEME_CLAIMS
BEN-021828,RING-0414,INCOMPATIBLE_SCHEME_CLAIMS
BEN-043650,RING-0644,COMMON_COLLECTION_ACCOUNT
BEN-023501,RING-0885,BATCH_FABRICATION
BEN-013940,RING-0371,SHARED_PAYOUT_ACCOUNT
BEN-031600,RING-0519,GHOST_IDENTITY
BEN-022148,RING-0368,SHARED_PAYOUT_ACCOUNT
BEN-045948,RING-0639,COMMON_COLLECTION_ACCOUNT
BEN-041967,RING-0862,BATCH_FABRICATION
BEN-005936,RING-0391,SHARED_PAYOUT_ACCOUNT
BEN-030760,RING-0321,SHARED_PAYOUT_ACCOUNT
BEN-012217,RING-0880,BATCH_FABRICATION
BEN-017949,RING-0864,BATCH_FABRICATION
BEN-024656,RING-0812,BATCH_FABRICATION
BEN-034789,RING-0470,INCOMPATIBLE_SCHEME_CLAIMS
BEN-037074,RING-0049,IDENTITY_CLONING
BEN-040855,RING-0629,COMMON_COLLECTION_ACCOUNT
BEN-012409,RING-0846,BATCH_FABRICATION
BEN-021896,RING-0585,GHOST_IDENTITY
BEN-007421,RING-0759,CIRCULAR_TRANSFERS
BEN-035468,RING-0084,IDENTITY_CLONING
BEN-036265,RING-0666,COMMON_COLLECTION_ACCOUNT
BEN-004254,RING-0808,BATCH_FABRICATION
BEN-010069,RING-0256,IDENTITY_CLONING
BEN-026255,RING-0235,IDENTITY_CLONING
BEN-021696,RING-0318,SHARED_PAYOUT_ACCOUNT
BEN-001973,RING-0832,BATCH_FABRICATION
BEN-006233,RING-0827,BATCH_FABRICATION
BEN-024485,RING-0597,GHOST_IDENTITY
BEN-023958,RING-0841,BATCH_FABRICATION
BEN-012339,RING-0535,GHOST_IDENTITY
BEN-037471,RING-0049,IDENTITY_CLONING
BEN-027116,RING-0523,GHOST_IDENTITY
BEN-013753,RING-0499,INCOMPATIBLE_SCHEME_CLAIMS
BEN-035562,RING-0352,SHARED_PAYOUT_ACCOUNT
BEN-030172,RING-0559,GHOST_IDENTITY
BEN-023456,RING-0394,SHARED_PAYOUT_ACCOUNT
BEN-049801,RING-0885,BATCH_FABRICATION
BEN-015140,RING-0528,GHOST_IDENTITY
BEN-022413,RING-0483,INCOMPATIBLE_SCHEME_CLAIMS
BEN-000861,RING-0050,IDENTITY_CLONING
BEN-046908,RING-0535,GHOST_IDENTITY
BEN-014193,RING-0584,GHOST_IDENTITY
BEN-019832,RING-0334,SHARED_PAYOUT_ACCOUNT
BEN-012059,RING-0537,GHOST_IDENTITY
BEN-032194,RING-0520,GHOST_IDENTITY
BEN-037211,RING-0307,SHARED_PAYOUT_ACCOUNT
BEN-032651,RING-0548,GHOST_IDENTITY
BEN-033465,RING-0296,IDENTITY_CLONING
BEN-007848,RING-0336,SHARED_PAYOUT_ACCOUNT
BEN-023010,RING-0895,BATCH_FABRICATION
BEN-044251,RING-0830,BATCH_FABRICATION
BEN-041848,RING-0385,SHARED_PAYOUT_ACCOUNT
BEN-011486,RING-0659,COMMON_COLLECTION_ACCOUNT
BEN-008159,RING-0884,BATCH_FABRICATION
BEN-048114,RING-0402,INCOMPATIBLE_SCHEME_CLAIMS
BEN-046729,RING-0760,CIRCULAR_TRANSFERS
BEN-041323,RING-0607,COMMON_COLLECTION_ACCOUNT
BEN-041789,RING-0777,CIRCULAR_TRANSFERS
BEN-026925,RING-0422,INCOMPATIBLE_SCHEME_CLAIMS
BEN-019259,RING-0830,BATCH_FABRICATION
BEN-047070,RING-0702,CIRCULAR_TRANSFERS
BEN-044178,RING-0642,COMMON_COLLECTION_ACCOUNT
BEN-047755,RING-0351,SHARED_PAYOUT_ACCOUNT
BEN-021701,RING-0328,SHARED_PAYOUT_ACCOUNT
BEN-005168,CL-017,SHARED_PAYOUT_ACCOUNT
BEN-033376,RING-0566,GHOST_IDENTITY
BEN-000561,RING-0886,BATCH_FABRICATION
BEN-039041,RING-0456,INCOMPATIBLE_SCHEME_CLAIMS
BEN-036490,RING-0864,BATCH_FABRICATION
BEN-009313,RING-0297,IDENTITY_CLONING
BEN-002605,RING-0854,BATCH_FABRICATION
BEN-035947,RING-0033,IDENTITY_CLONING
BEN-042732,RING-0574,GHOST_IDENTITY
BEN-036602,RING-0889,BATCH_FABRICATION
BEN-043736,RING-0433,INCOMPATIBLE_SCHEME_CLAIMS
BEN-019111,RING-0869,BATCH_FABRICATION
BEN-045838,RING-0555,GHOST_IDENTITY
BEN-048841,RING-0633,COMMON_COLLECTION_ACCOUNT
BEN-000627,RING-0078,IDENTITY_CLONING
BEN-000551,RING-0370,SHARED_PAYOUT_ACCOUNT
BEN-012639,RING-0349,SHARED_PAYOUT_ACCOUNT
BEN-014986,RING-0554,GHOST_IDENTITY
BEN-028983,RING-0823,BATCH_FABRICATION
BEN-038890,RING-0900,BATCH_FABRICATION
BEN-015702,RING-0354,SHARED_PAYOUT_ACCOUNT
BEN-018590,RING-0828,BATCH_FABRICATION
BEN-046891,RING-0684,COMMON_COLLECTION_ACCOUNT
BEN-019685,RING-0099,IDENTITY_CLONING
BEN-044514,RING-0381,SHARED_PAYOUT_ACCOUNT
BEN-001147,RING-0240,IDENTITY_CLONING
BEN-016658,RING-0024,IDENTITY_CLONING
BEN-026215,RING-0409,INCOMPATIBLE_SCHEME_CLAIMS
BEN-012892,RING-0346,SHARED_PAYOUT_ACCOUNT
BEN-012940,RING-0854,BATCH_FABRICATION
BEN-034345,RING-0098,IDENTITY_CLONING
BEN-003094,RING-0496,INCOMPATIBLE_SCHEME_CLAIMS
BEN-036016,RING-0608,COMMON_COLLECTION_ACCOUNT
BEN-005501,RING-0120,IDENTITY_CLONING
BEN-026502,RING-0667,COMMON_COLLECTION_ACCOUNT
BEN-005242,RING-0666,COMMON_COLLECTION_ACCOUNT
BEN-015564,RING-0247,IDENTITY_CLONING
BEN-024591,RING-0520,GHOST_IDENTITY
BEN-014829,RING-0680,COMMON_COLLECTION_ACCOUNT
BEN-040788,RING-0510,GHOST_IDENTITY
BEN-018783,RING-0060,IDENTITY_CLONING
BEN-045698,RING-0678,COMMON_COLLECTION_ACCOUNT
BEN-006916,RING-0643,COMMON_COLLECTION_ACCOUNT
BEN-001726,RING-0595,GHOST_IDENTITY
BEN-028438,RING-0493,INCOMPATIBLE_SCHEME_CLAIMS
BEN-030350,RING-0305,SHARED_PAYOUT_ACCOUNT
BEN-000655,RING-0595,GHOST_IDENTITY
BEN-035918,RING-0382,SHARED_PAYOUT_ACCOUNT
BEN-028479,RING-0687,COMMON_COLLECTION_ACCOUNT
BEN-019932,RING-0331,SHARED_PAYOUT_ACCOUNT
BEN-032695,RING-0407,INCOMPATIBLE_SCHEME_CLAIMS
BEN-036522,RING-0322,SHARED_PAYOUT_ACCOUNT
BEN-037884,RING-0115,IDENTITY_CLONING
BEN-045404,RING-0704,CIRCULAR_TRANSFERS
BEN-022361,RING-0751,CIRCULAR_TRANSFERS
BEN-016828,RING-0482,INCOMPATIBLE_SCHEME_CLAIMS
BEN-002473,RING-0853,BATCH_FABRICATION
BEN-024741,RING-0533,GHOST_IDENTITY
BEN-045113,RING-0411,INCOMPATIBLE_SCHEME_CLAIMS
BEN-028638,RING-0352,SHARED_PAYOUT_ACCOUNT
BEN-013064,RING-0699,COMMON_COLLECTION_ACCOUNT
BEN-030403,RING-0117,IDENTITY_CLONING
BEN-025032,RING-0563,GHOST_IDENTITY
BEN-034205,RING-0017,IDENTITY_CLONING
BEN-002967,RING-0238,IDENTITY_CLONING
BEN-030258,RING-0815,BATCH_FABRICATION
BEN-005488,RING-0446,INCOMPATIBLE_SCHEME_CLAIMS
BEN-033404,RING-0826,BATCH_FABRICATION
BEN-045813,RING-0832,BATCH_FABRICATION
BEN-014843,RING-0089,IDENTITY_CLONING
BEN-015358,RING-0469,INCOMPATIBLE_SCHEME_CLAIMS
BEN-026021,RING-0106,IDENTITY_CLONING
BEN-038771,RING-0369,SHARED_PAYOUT_ACCOUNT
BEN-033477,RING-0694,COMMON_COLLECTION_ACCOUNT
BEN-043428,RING-0669,COMMON_COLLECTION_ACCOUNT
BEN-018693,RING-0666,COMMON_COLLECTION_ACCOUNT
BEN-022455,RING-0560,GHOST_IDENTITY
BEN-015272,RING-0303,SHARED_PAYOUT_ACCOUNT
BEN-003156,RING-0305,SHARED_PAYOUT_ACCOUNT
BEN-048332,RING-0872,BATCH_FABRICATION
BEN-002815,RING-0354,SHARED_PAYOUT_ACCOUNT
BEN-014143,RING-0379,SHARED_PAYOUT_ACCOUNT
BEN-039168,RING-0101,IDENTITY_CLONING
BEN-039614,RING-0631,COMMON_COLLECTION_ACCOUNT
BEN-026769,RING-0769,CIRCULAR_TRANSFERS
BEN-040341,RING-0662,COMMON_COLLECTION_ACCOUNT
BEN-033977,RING-0415,INCOMPATIBLE_SCHEME_CLAIMS
BEN-006822,RING-0128,IDENTITY_CLONING
BEN-039971,RING-0849,BATCH_FABRICATION
BEN-043713,RING-0868,BATCH_FABRICATION
BEN-005061,RING-0242,IDENTITY_CLONING
BEN-044201,RING-0425,INCOMPATIBLE_SCHEME_CLAIMS
BEN-029523,RING-0879,BATCH_FABRICATION
BEN-023127,RING-0668,COMMON_COLLECTION_ACCOUNT
BEN-036960,RING-0615,COMMON_COLLECTION_ACCOUNT
BEN-013002,RING-0609,COMMON_COLLECTION_ACCOUNT
BEN-042555,RING-0496,INCOMPATIBLE_SCHEME_CLAIMS
BEN-043885,RING-0643,COMMON_COLLECTION_ACCOUNT
BEN-027182,RING-0836,BATCH_FABRICATION
BEN-039347,RING-0388,SHARED_PAYOUT_ACCOUNT
BEN-005154,RING-0638,COMMON_COLLECTION_ACCOUNT
BEN-022728,RING-0259,IDENTITY_CLONING
BEN-012580,RING-0317,SHARED_PAYOUT_ACCOUNT
BEN-024948,RING-0116,IDENTITY_CLONING
BEN-049474,RING-0475,INCOMPATIBLE_SCHEME_CLAIMS
BEN-008217,RING-0207,IDENTITY_CLONING
BEN-005881,RING-0386,SHARED_PAYOUT_ACCOUNT
BEN-013272,RING-0517,GHOST_IDENTITY
BEN-016929,RING-0602,COMMON_COLLECTION_ACCOUNT
BEN-045476,RING-0335,SHARED_PAYOUT_ACCOUNT
BEN-042812,RING-0703,CIRCULAR_TRANSFERS
BEN-029772,RING-0135,IDENTITY_CLONING
BEN-014931,RING-0338,SHARED_PAYOUT_ACCOUNT
BEN-045173,RING-0793,CIRCULAR_TRANSFERS
BEN-035055,RING-0881,BATCH_FABRICATION
BEN-020289,CL-017,IDENTITY_CLONING
BEN-001200,RING-0338,SHARED_PAYOUT_ACCOUNT
BEN-019510,RING-0176,IDENTITY_CLONING
BEN-001061,RING-0154,IDENTITY_CLONING
BEN-000748,RING-0817,BATCH_FABRICATION
BEN-011521,RING-0229,IDENTITY_CLONING
BEN-016812,RING-0876,BATCH_FABRICATION
BEN-035570,RING-0758,CIRCULAR_TRANSFERS
BEN-003240,RING-0572,GHOST_IDENTITY
BEN-044626,RING-0631,COMMON_COLLECTION_ACCOUNT
BEN-022699,RING-0876,BATCH_FABRICATION
BEN-025445,RING-0640,COMMON_COLLECTION_ACCOUNT
BEN-020862,RING-0558,GHOST_IDENTITY
BEN-049519,RING-0875,BATCH_FABRICATION
BEN-004208,RING-0834,BATCH_FABRICATION
BEN-003079,RING-0517,GHOST_IDENTITY
BEN-005452,RING-0874,BATCH_FABRICATION
BEN-002048,RING-0034,IDENTITY_CLONING
BEN-014336,RING-0561,GHOST_IDENTITY
BEN-040229,RING-0892,BATCH_FABRICATION
BEN-037307,RING-0889,BATCH_FABRICATION
BEN-000571,RING-0536,GHOST_IDENTITY
BEN-016258,RING-0330,SHARED_PAYOUT_ACCOUNT
BEN-008686,RING-0889,BATCH_FABRICATION
BEN-008446,RING-0484,INCOMPATIBLE_SCHEME_CLAIMS
BEN-019146,RING-0385,SHARED_PAYOUT_ACCOUNT
BEN-016404,RING-0890,BATCH_FABRICATION
BEN-023534,RING-0362,SHARED_PAYOUT_ACCOUNT
BEN-043314,RING-0253,IDENTITY_CLONING
BEN-045929,RING-0607,COMMON_COLLECTION_ACCOUNT
BEN-028178,RING-0692,COMMON_COLLECTION_ACCOUNT
BEN-000170,RING-0855,BATCH_FABRICATION
BEN-006391,CL-017,IDENTITY_CLONING
BEN-040878,RING-0292,IDENTITY_CLONING
BEN-036562,RING-0374,SHARED_PAYOUT_ACCOUNT
BEN-022436,RING-0283,IDENTITY_CLONING
BEN-031417,RING-0533,GHOST_IDENTITY
BEN-026620,RING-0834,BATCH_FABRICATION
BEN-037963,RING-0624,COMMON_COLLECTION_ACCOUNT
BEN-021636,RING-0875,BATCH_FABRICATION
BEN-030852,RING-0498,INCOMPATIBLE_SCHEME_CLAIMS
BEN-012255,RING-0325,SHARED_PAYOUT_ACCOUNT
BEN-025039,RING-0289,IDENTITY_CLONING
BEN-031196,RING-0691,COMMON_COLLECTION_ACCOUNT
BEN-015709,RING-0330,SHARED_PAYOUT_ACCOUNT
BEN-027510,RING-0314,SHARED_PAYOUT_ACCOUNT
BEN-047594,RING-0362,SHARED_PAYOUT_ACCOUNT
BEN-049709,RING-0830,BATCH_FABRICATION
BEN-019007,RING-0809,BATCH_FABRICATION
BEN-031698,RING-0369,SHARED_PAYOUT_ACCOUNT
BEN-048228,RING-0540,GHOST_IDENTITY
BEN-014007,RING-0695,COMMON_COLLECTION_ACCOUNT
BEN-017691,RING-0842,BATCH_FABRICATION
BEN-025678,RING-0505,GHOST_IDENTITY
BEN-046295,RING-0494,INCOMPATIBLE_SCHEME_CLAIMS
BEN-034262,RING-0364,SHARED_PAYOUT_ACCOUNT
BEN-032217,RING-0027,IDENTITY_CLONING
BEN-014694,RING-0556,GHOST_IDENTITY
BEN-009372,RING-0882,BATCH_FABRICATION
BEN-016236,RING-0246,IDENTITY_CLONING
BEN-016451,RING-0426,INCOMPATIBLE_SCHEME_CLAIMS
BEN-026323,RING-0307,SHARED_PAYOUT_ACCOUNT
BEN-010016,RING-0180,IDENTITY_CLONING
BEN-028293,CL-017,INCOMPATIBLE_SCHEME_CLAIMS
BEN-028490,RING-0427,INCOMPATIBLE_SCHEME_CLAIMS
BEN-016442,RING-0304,SHARED_PAYOUT_ACCOUNT
BEN-004828,RING-0614,COMMON_COLLECTION_ACCOUNT
BEN-023822,RING-0345,SHARED_PAYOUT_ACCOUNT
BEN-023555,RING-0540,GHOST_IDENTITY
BEN-016298,RING-0302,SHARED_PAYOUT_ACCOUNT
BEN-009382,RING-0800,CIRCULAR_TRANSFERS
BEN-028808,RING-0697,COMMON_COLLECTION_ACCOUNT
BEN-025683,RING-0673,COMMON_COLLECTION_ACCOUNT
BEN-042424,RING-0316,SHARED_PAYOUT_ACCOUNT
BEN-033409,RING-0662,COMMON_COLLECTION_ACCOUNT
BEN-037488,RING-0115,IDENTITY_CLONING
BEN-022454,RING-0549,GHOST_IDENTITY
BEN-004096,RING-0305,SHARED_PAYOUT_ACCOUNT
BEN-022869,RING-0724,CIRCULAR_TRANSFERS
BEN-034963,RING-0004,IDENTITY_CLONING
BEN-046757,RING-0145,IDENTITY_CLONING
BEN-003761,RING-0647,COMMON_COLLECTION_ACCOUNT
BEN-031208,RING-0818,BATCH_FABRICATION
BEN-031075,RING-0832,BATCH_FABRICATION
BEN-014580,RING-0810,BATCH_FABRICATION
BEN-010063,RING-0041,IDENTITY_CLONING
BEN-011613,RING-0642,COMMON_COLLECTION_ACCOUNT
BEN-003777,RING-0888,BATCH_FABRICATION
BEN-000573,RING-0353,SHARED_PAYOUT_ACCOUNT
BEN-026121,RING-0676,COMMON_COLLECTION_ACCOUNT
BEN-021163,RING-0390,SHARED_PAYOUT_ACCOUNT
BEN-005009,RING-0696,COMMON_COLLECTION_ACCOUNT
BEN-049610,RING-0734,CIRCULAR_TRANSFERS
BEN-037161,RING-0763,CIRCULAR_TRANSFERS
BEN-040180,RING-0452,INCOMPATIBLE_SCHEME_CLAIMS
BEN-007891,RING-0060,IDENTITY_CLONING
BEN-020628,RING-0844,BATCH_FABRICATION
BEN-022963,RING-0832,BATCH_FABRICATION
BEN-019728,RING-0214,IDENTITY_CLONING
BEN-036379,RING-0570,GHOST_IDENTITY
BEN-033195,RING-0700,COMMON_COLLECTION_ACCOUNT
BEN-029145,RING-0664,COMMON_COLLECTION_ACCOUNT
BEN-015404,RING-0143,IDENTITY_CLONING
BEN-009176,RING-0372,SHARED_PAYOUT_ACCOUNT
BEN-045437,RING-0381,SHARED_PAYOUT_ACCOUNT
BEN-021052,RING-0831,BATCH_FABRICATION
BEN-047687,RING-0100,IDENTITY_CLONING
BEN-008428,RING-0811,BATCH_FABRICATION
BEN-031031,RING-0167,IDENTITY_CLONING
BEN-005116,RING-0658,COMMON_COLLECTION_ACCOUNT
BEN-018202,RING-0179,IDENTITY_CLONING
BEN-032295,RING-0896,BATCH_FABRICATION
BEN-039646,RING-0500,INCOMPATIBLE_SCHEME_CLAIMS
BEN-038439,RING-0158,IDENTITY_CLONING
BEN-011384,RING-0473,INCOMPATIBLE_SCHEME_CLAIMS
BEN-038811,RING-0722,CIRCULAR_TRANSFERS
BEN-029641,RING-0481,INCOMPATIBLE_SCHEME_CLAIMS
BEN-047130,RING-0776,CIRCULAR_TRANSFERS
BEN-043095,RING-0176,IDENTITY_CLONING
BEN-041070,CL-017,COMMON_COLLECTION_ACCOUNT
BEN-013303,RING-0528,GHOST_IDENTITY
BEN-023966,RING-0172,IDENTITY_CLONING
BEN-024364,RING-0412,INCOMPATIBLE_SCHEME_CLAIMS
BEN-011398,RING-0492,INCOMPATIBLE_SCHEME_CLAIMS
BEN-046942,RING-0403,INCOMPATIBLE_SCHEME_CLAIMS
BEN-017975,RING-0328,SHARED_PAYOUT_ACCOUNT
BEN-031500,RING-0658,COMMON_COLLECTION_ACCOUNT
BEN-017844,RING-0653,COMMON_COLLECTION_ACCOUNT
BEN-010643,RING-0613,COMMON_COLLECTION_ACCOUNT
BEN-036326,RING-0395,SHARED_PAYOUT_ACCOUNT
BEN-029407,RING-0070,IDENTITY_CLONING
BEN-032640,RING-0860,BATCH_FABRICATION
BEN-004006,RING-0377,SHARED_PAYOUT_ACCOUNT
BEN-042938,RING-0378,SHARED_PAYOUT_ACCOUNT
BEN-015123,RING-0848,BATCH_FABRICATION
BEN-036845,RING-0693,COMMON_COLLECTION_ACCOUNT
BEN-045345,RING-0676,COMMON_COLLECTION_ACCOUNT
BEN-030521,RING-0246,IDENTITY_CLONING
BEN-019464,RING-0750,CIRCULAR_TRANSFERS
BEN-042893,RING-0466,INCOMPATIBLE_SCHEME_CLAIMS
BEN-017750,RING-0694,COMMON_COLLECTION_ACCOUNT
BEN-020846,RING-0576,GHOST_IDENTITY
BEN-022183,RING-0833,BATCH_FABRICATION
BEN-019006,RING-0013,IDENTITY_CLONING
BEN-023135,RING-0668,COMMON_COLLECTION_ACCOUNT
BEN-049342,RING-0561,GHOST_IDENTITY
BEN-036121,RING-0436,INCOMPATIBLE_SCHEME_CLAIMS
BEN-006150,RING-0784,CIRCULAR_TRANSFERS
BEN-004089,RING-0562,GHOST_IDENTITY
BEN-014664,RING-0842,BATCH_FABRICATION
BEN-014065,RING-0529,GHOST_IDENTITY
BEN-039948,RING-0482,INCOMPATIBLE_SCHEME_CLAIMS
BEN-040920,RING-0454,INCOMPATIBLE_SCHEME_CLAIMS
BEN-023394,RING-0457,INCOMPATIBLE_SCHEME_CLAIMS
BEN-005446,RING-0675,COMMON_COLLECTION_ACCOUNT
BEN-037759,RING-0608,COMMON_COLLECTION_ACCOUNT
BEN-045456,RING-0634,COMMON_COLLECTION_ACCOUNT
BEN-046909,RING-0901,BATCH_FABRICATION
BEN-000247,RING-0555,GHOST_IDENTITY
BEN-003465,RING-0880,BATCH_FABRICATION
BEN-023637,RING-0718,CIRCULAR_TRANSFERS
BEN-015416,RING-0402,INCOMPATIBLE_SCHEME_CLAIMS
BEN-006031,RING-0901,BATCH_FABRICATION
BEN-009383,RING-0843,BATCH_FABRICATION
BEN-032891,RING-0897,BATCH_FABRICATION
BEN-038845,RING-0743,CIRCULAR_TRANSFERS
BEN-019696,RING-0437,INCOMPATIBLE_SCHEME_CLAIMS
BEN-017080,RING-0630,COMMON_COLLECTION_ACCOUNT
BEN-012121,RING-0877,BATCH_FABRICATION
BEN-036980,RING-0541,GHOST_IDENTITY
BEN-013670,RING-0850,BATCH_FABRICATION
BEN-010982,RING-0411,INCOMPATIBLE_SCHEME_CLAIMS
BEN-013712,RING-0327,SHARED_PAYOUT_ACCOUNT
BEN-032788,RING-0645,COMMON_COLLECTION_ACCOUNT
BEN-035718,RING-0454,INCOMPATIBLE_SCHEME_CLAIMS
BEN-003705,RING-0359,SHARED_PAYOUT_ACCOUNT
BEN-035065,RING-0747,CIRCULAR_TRANSFERS
BEN-021369,RING-0341,SHARED_PAYOUT_ACCOUNT
BEN-048813,RING-0452,INCOMPATIBLE_SCHEME_CLAIMS
BEN-005457,RING-0491,INCOMPATIBLE_SCHEME_CLAIMS
BEN-032178,RING-0009,IDENTITY_CLONING
BEN-030858,RING-0699,COMMON_COLLECTION_ACCOUNT
BEN-018303,RING-0694,COMMON_COLLECTION_ACCOUNT
BEN-024904,RING-0525,GHOST_IDENTITY
BEN-029140,RING-0580,GHOST_IDENTITY
BEN-049420,RING-0746,CIRCULAR_TRANSFERS
BEN-036052,RING-0344,SHARED_PAYOUT_ACCOUNT
BEN-020956,RING-0179,IDENTITY_CLONING
BEN-026235,RING-0435,INCOMPATIBLE_SCHEME_CLAIMS
BEN-024083,RING-0809,BATCH_FABRICATION
BEN-034717,RING-0894,BATCH_FABRICATION
BEN-048031,RING-0435,INCOMPATIBLE_SCHEME_CLAIMS
BEN-041070,CL-017,CIRCULAR_TRANSFERS
BEN-042870,RING-0409,INCOMPATIBLE_SCHEME_CLAIMS
BEN-033463,RING-0463,INCOMPATIBLE_SCHEME_CLAIMS
BEN-046748,RING-0827,BATCH_FABRICATION
BEN-032004,RING-0187,IDENTITY_CLONING
BEN-035268,RING-0748,CIRCULAR_TRANSFERS
BEN-012533,RING-0834,BATCH_FABRICATION
BEN-014123,RING-0730,CIRCULAR_TRANSFERS
BEN-037648,RING-0324,SHARED_PAYOUT_ACCOUNT
BEN-022152,RING-0872,BATCH_FABRICATION
BEN-027700,RING-0511,GHOST_IDENTITY
BEN-021276,RING-0870,BATCH_FABRICATION
BEN-029588,RING-0901,BATCH_FABRICATION
BEN-030518,RING-0791,CIRCULAR_TRANSFERS
BEN-031921,RING-0185,IDENTITY_CLONING
BEN-030802,RING-0575,GHOST_IDENTITY
BEN-011347,RING-0687,COMMON_COLLECTION_ACCOUNT
BEN-019799,RING-0892,BATCH_FABRICATION
BEN-017397,RING-0439,INCOMPATIBLE_SCHEME_CLAIMS
BEN-026014,RING-0336,SHARED_PAYOUT_ACCOUNT
BEN-036055,RING-0371,SHARED_PAYOUT_ACCOUNT
BEN-046690,RING-0349,SHARED_PAYOUT_ACCOUNT
BEN-006748,RING-0327,SHARED_PAYOUT_ACCOUNT
BEN-027704,RING-0627,COMMON_COLLECTION_ACCOUNT
BEN-037037,RING-0051,IDENTITY_CLONING
BEN-045343,RING-0836,BATCH_FABRICATION
BEN-008256,RING-0745,CIRCULAR_TRANSFERS
BEN-049099,RING-0621,COMMON_COLLECTION_ACCOUNT
BEN-007591,RING-0811,BATCH_FABRICATION
BEN-041126,RING-0834,BATCH_FABRICATION
BEN-008035,RING-0441,INCOMPATIBLE_SCHEME_CLAIMS
BEN-033823,RING-0867,BATCH_FABRICATION
BEN-025472,RING-0607,COMMON_COLLECTION_ACCOUNT
BEN-041590,RING-0093,IDENTITY_CLONING
BEN-035685,RING-0395,SHARED_PAYOUT_ACCOUNT
BEN-017575,RING-0443,INCOMPATIBLE_SCHEME_CLAIMS
BEN-002258,RING-0711,CIRCULAR_TRANSFERS
BEN-027385,RING-0563,GHOST_IDENTITY
BEN-000814,RING-0484,INCOMPATIBLE_SCHEME_CLAIMS
BEN-045910,RING-0863,BATCH_FABRICATION
BEN-025765,RING-0857,BATCH_FABRICATION
BEN-001545,RING-0108,IDENTITY_CLONING
BEN-016764,RING-0570,GHOST_IDENTITY
BEN-041740,RING-0813,BATCH_FABRICATION
BEN-002758,RING-0366,SHARED_PAYOUT_ACCOUNT
BEN-001951,RING-0696,COMMON_COLLECTION_ACCOUNT
BEN-034835,RING-0039,IDENTITY_CLONING
BEN-011913,RING-0539,GHOST_IDENTITY
BEN-002628,RING-0833,BATCH_FABRICATION
BEN-040492,RING-0559,GHOST_IDENTITY
BEN-020711,RING-0092,IDENTITY_CLONING
BEN-003110,RING-0422,INCOMPATIBLE_SCHEME_CLAIMS
BEN-037697,RING-0602,COMMON_COLLECTION_ACCOUNT
BEN-042811,RING-0805,BATCH_FABRICATION
BEN-029716,RING-0160,IDENTITY_CLONING
BEN-002886,RING-0696,COMMON_COLLECTION_ACCOUNT
BEN-048804,RING-0036,IDENTITY_CLONING
BEN-037500,RING-0558,GHOST_IDENTITY
BEN-008991,RING-0654,COMMON_COLLECTION_ACCOUNT
BEN-045675,RING-0389,SHARED_PAYOUT_ACCOUNT
BEN-004682,RING-0770,CIRCULAR_TRANSFERS
BEN-039564,RING-0739,CIRCULAR_TRANSFERS
BEN-029803,RING-0621,COMMON_COLLECTION_ACCOUNT
BEN-049894,RING-0699,COMMON_COLLECTION_ACCOUNT
BEN-028258,RING-0876,BATCH_FABRICATION
BEN-027077,RING-0692,COMMON_COLLECTION_ACCOUNT
BEN-008515,RING-0803,BATCH_FABRICATION
BEN-023542,RING-0891,BATCH_FABRICATION
BEN-021540,RING-0279,IDENTITY_CLONING
BEN-017578,RING-0720,CIRCULAR_TRANSFERS
BEN-009791,RING-0066,IDENTITY_CLONING
BEN-013344,RING-0639,COMMON_COLLECTION_ACCOUNT
BEN-032085,RING-0784,CIRCULAR_TRANSFERS
BEN-043332,RING-0400,SHARED_PAYOUT_ACCOUNT
BEN-021235,RING-0375,SHARED_PAYOUT_ACCOUNT
BEN-026135,RING-0850,BATCH_FABRICATION
BEN-024275,RING-0726,CIRCULAR_TRANSFERS
BEN-002806,RING-0865,BATCH_FABRICATION
BEN-010591,RING-0816,BATCH_FABRICATION
BEN-049486,RING-0150,IDENTITY_CLONING
BEN-021109,RING-0082,IDENTITY_CLONING
BEN-025158,RING-0674,COMMON_COLLECTION_ACCOUNT
BEN-029048,CL-017,COMMON_COLLECTION_ACCOUNT
BEN-011119,RING-0728,CIRCULAR_TRANSFERS
BEN-026618,RING-0432,INCOMPATIBLE_SCHEME_CLAIMS
BEN-040469,RING-0134,IDENTITY_CLONING
BEN-017009,RING-0611,COMMON_COLLECTION_ACCOUNT
BEN-021654,RING-0859,BATCH_FABRICATION
BEN-037101,RING-0529,GHOST_IDENTITY
BEN-036715,RING-0276,IDENTITY_CLONING
BEN-018251,RING-0120,IDENTITY_CLONING
BEN-033455,RING-0464,INCOMPATIBLE_SCHEME_CLAIMS
BEN-014997,RING-0047,IDENTITY_CLONING
BEN-010828,RING-0890,BATCH_FABRICATION
BEN-036390,RING-0458,INCOMPATIBLE_SCHEME_CLAIMS
BEN-017365,RING-0298,IDENTITY_CLONING
BEN-015590,RING-0673,COMMON_COLLECTION_ACCOUNT
BEN-028795,RING-0873,BATCH_FABRICATION
BEN-022950,RING-0437,INCOMPATIBLE_SCHEME_CLAIMS
BEN-019110,RING-0126,IDENTITY_CLONING
BEN-023337,RING-0290,IDENTITY_CLONING
BEN-008773,RING-0632,COMMON_COLLECTION_ACCOUNT
BEN-037283,RING-0575,GHOST_IDENTITY
BEN-035611,RING-0506,GHOST_IDENTITY
BEN-013081,RING-0812,BATCH_FABRICATION
BEN-011867,RING-0153,IDENTITY_CLONING
BEN-030862,RING-0463,INCOMPATIBLE_SCHEME_CLAIMS
BEN-043440,RING-0830,BATCH_FABRICATION
BEN-005735,RING-0681,COMMON_COLLECTION_ACCOUNT
BEN-034228,RING-0741,CIRCULAR_TRANSFERS
BEN-046990,RING-0714,CIRCULAR_TRANSFERS
BEN-018999,RING-0704,CIRCULAR_TRANSFERS
BEN-021087,RING-0105,IDENTITY_CLONING
BEN-036023,RING-0623,COMMON_COLLECTION_ACCOUNT
BEN-047817,RING-0865,BATCH_FABRICATION
BEN-021007,RING-0364,SHARED_PAYOUT_ACCOUNT
BEN-019933,RING-0767,CIRCULAR_TRANSFERS
BEN-031980,RING-0429,INCOMPATIBLE_SCHEME_CLAIMS
BEN-000848,RING-0505,GHOST_IDENTITY
BEN-031993,RING-0761,CIRCULAR_TRANSFERS
BEN-040946,RING-0898,BATCH_FABRICATION
BEN-004056,RING-0552,GHOST_IDENTITY
BEN-016230,RING-0431,INCOMPATIBLE_SCHEME_CLAIMS
BEN-009578,RING-0388,SHARED_PAYOUT_ACCOUNT
BEN-027286,RING-0870,BATCH_FABRICATION
BEN-022131,RING-0350,SHARED_PAYOUT_ACCOUNT
BEN-004656,RING-0337,SHARED_PAYOUT_ACCOUNT
BEN-011622,RING-0618,COMMON_COLLECTION_ACCOUNT
BEN-033557,RING-0495,INCOMPATIBLE_SCHEME_CLAIMS
BEN-044981,RING-0622,COMMON_COLLECTION_ACCOUNT
BEN-036878,RING-0596,GHOST_IDENTITY
BEN-005803,RING-0804,BATCH_FABRICATION
BEN-040929,RING-0675,COMMON_COLLECTION_ACCOUNT
BEN-031845,RING-0019,IDENTITY_CLONING
BEN-024912,RING-0597,GHOST_IDENTITY
BEN-047542,RING-0305,SHARED_PAYOUT_ACCOUNT
BEN-007927,RING-0769,CIRCULAR_TRANSFERS
BEN-018433,RING-0145,IDENTITY_CLONING
BEN-016539,RING-0680,COMMON_COLLECTION_ACCOUNT
BEN-045120,RING-0547,GHOST_IDENTITY
BEN-008785,RING-0626,COMMON_COLLECTION_ACCOUNT
BEN-008581,RING-0026,IDENTITY_CLONING
BEN-022234,RING-0573,GHOST_IDENTITY
BEN-019048,RING-0507,GHOST_IDENTITY
BEN-024403,RING-0392,SHARED_PAYOUT_ACCOUNT
BEN-042868,RING-0874,BATCH_FABRICATION
BEN-015505,RING-0716,CIRCULAR_TRANSFERS
BEN-012862,RING-0285,IDENTITY_CLONING
BEN-013875,RING-0305,SHARED_PAYOUT_ACCOUNT
BEN-031817,RING-0798,CIRCULAR_TRANSFERS
BEN-043260,RING-0125,IDENTITY_CLONING
BEN-026942,RING-0858,BATCH_FABRICATION
BEN-022322,RING-0823,BATCH_FABRICATION
BEN-042548,RING-0637,COMMON_COLLECTION_ACCOUNT
BEN-013666,RING-0596,GHOST_IDENTITY
BEN-035655,RING-0701,COMMON_COLLECTION_ACCOUNT
BEN-020389,RING-0349,SHARED_PAYOUT_ACCOUNT
BEN-031703,RING-0174,IDENTITY_CLONING
BEN-024456,RING-0332,SHARED_PAYOUT_ACCOUNT
BEN-045820,RING-0698,COMMON_COLLECTION_ACCOUNT
BEN-043823,RING-0826,BATCH_FABRICATION
BEN-022783,RING-0861,BATCH_FABRICATION
BEN-046922,RING-0477,INCOMPATIBLE_SCHEME_CLAIMS
BEN-018006,RING-0607,COMMON_COLLECTION_ACCOUNT
BEN-046214,RING-0391,SHARED_PAYOUT_ACCOUNT
BEN-009224,RING-0624,COMMON_COLLECTION_ACCOUNT
BEN-006148,RING-0386,SHARED_PAYOUT_ACCOUNT
BEN-020615,RING-0235,IDENTITY_CLONING
BEN-024197,RING-0350,SHARED_PAYOUT_ACCOUNT
BEN-004231,RING-0871,BATCH_FABRICATION
BEN-035709,RING-0524,GHOST_IDENTITY
BEN-020419,RING-0166,IDENTITY_CLONING
BEN-044180,RING-0855,BATCH_FABRICATION
BEN-047170,RING-0342,SHARED_PAYOUT_ACCOUNT
BEN-006117,RING-0585,GHOST_IDENTITY
BEN-018050,RING-0610,COMMON_COLLECTION_ACCOUNT
BEN-038199,RING-0365,SHARED_PAYOUT_ACCOUNT
BEN-036518,RING-0268,IDENTITY_CLONING
BEN-047240,RING-0657,COMMON_COLLECTION_ACCOUNT
BEN-030638,RING-0131,IDENTITY_CLONING
BEN-037181,RING-0401,SHARED_PAYOUT_ACCOUNT
BEN-043108,RING-0649,COMMON_COLLECTION_ACCOUNT
BEN-033817,RING-0594,GHOST_IDENTITY
BEN-030091,RING-0868,BATCH_FABRICATION
BEN-037230,RING-0503,GHOST_IDENTITY
BEN-047762,RING-0553,GHOST_IDENTITY
BEN-020548,RING-0658,COMMON_COLLECTION_ACCOUNT
BEN-018005,RING-0595,GHOST_IDENTITY
BEN-031096,RING-0563,GHOST_IDENTITY
BEN-022217,RING-0808,BATCH_FABRICATION
BEN-009462,RING-0088,IDENTITY_CLONING
BEN-023024,RING-0799,CIRCULAR_TRANSFERS
BEN-015920,RING-0682,COMMON_COLLECTION_ACCOUNT
BEN-037781,RING-0314,SHARED_PAYOUT_ACCOUNT
BEN-047893,RING-0874,BATCH_FABRICATION
BEN-026353,RING-0005,IDENTITY_CLONING
BEN-000542,RING-0760,CIRCULAR_TRANSFERS
BEN-039112,RING-0583,GHOST_IDENTITY
BEN-043444,RING-0029,IDENTITY_CLONING
BEN-045017,RING-0409,INCOMPATIBLE_SCHEME_CLAIMS
BEN-032637,RING-0764,CIRCULAR_TRANSFERS
BEN-037532,RING-0858,BATCH_FABRICATION
BEN-046419,RING-0565,GHOST_IDENTITY
BEN-036503,RING-0541,GHOST_IDENTITY
BEN-049220,RING-0137,IDENTITY_CLONING
BEN-034613,RING-0594,GHOST_IDENTITY
BEN-044356,RING-0603,COMMON_COLLECTION_ACCOUNT
BEN-007607,RING-0598,GHOST_IDENTITY
BEN-046712,RING-0319,SHARED_PAYOUT_ACCOUNT
BEN-002336,RING-0408,INCOMPATIBLE_SCHEME_CLAIMS
BEN-000240,RING-0763,CIRCULAR_TRANSFERS
BEN-006261,RING-0335,SHARED_PAYOUT_ACCOUNT
BEN-039624,RING-0116,IDENTITY_CLONING
BEN-048901,RING-0841,BATCH_FABRICATION
BEN-002591,CL-017,COMMON_COLLECTION_ACCOUNT
BEN-025018,RING-0106,IDENTITY_CLONING
BEN-020700,RING-0463,INCOMPATIBLE_SCHEME_CLAIMS
BEN-023225,RING-0069,IDENTITY_CLONING
BEN-020773,RING-0884,BATCH_FABRICATION
BEN-023810,RING-0889,BATCH_FABRICATION
BEN-047987,RING-0598,GHOST_IDENTITY
BEN-031972,RING-0035,IDENTITY_CLONING
BEN-002166,RING-0697,COMMON_COLLECTION_ACCOUNT
BEN-037354,RING-0732,CIRCULAR_TRANSFERS
BEN-030422,RING-0677,COMMON_COLLECTION_ACCOUNT
BEN-006249,RING-0637,COMMON_COLLECTION_ACCOUNT
BEN-011649,RING-0365,SHARED_PAYOUT_ACCOUNT
BEN-042798,RING-0825,BATCH_FABRICATION
BEN-032275,RING-0767,CIRCULAR_TRANSFERS
BEN-010123,RING-0580,GHOST_IDENTITY
BEN-029040,RING-0552,GHOST_IDENTITY
BEN-022520,RING-0881,BATCH_FABRICATION
BEN-003073,RING-0825,BATCH_FABRICATION
BEN-023317,RING-0164,IDENTITY_CLONING
BEN-003052,RING-0630,COMMON_COLLECTION_ACCOUNT
BEN-015947,RING-0705,CIRCULAR_TRANSFERS
BEN-030685,RING-0602,COMMON_COLLECTION_ACCOUNT
BEN-047607,RING-0856,BATCH_FABRICATION
BEN-006318,RING-0783,CIRCULAR_TRANSFERS
BEN-026369,RING-0021,IDENTITY_CLONING
BEN-034328,RING-0655,COMMON_COLLECTION_ACCOUNT
BEN-035730,RING-0837,BATCH_FABRICATION
BEN-035688,RING-0522,GHOST_IDENTITY
BEN-018849,RING-0343,SHARED_PAYOUT_ACCOUNT
BEN-017107,RING-0216,IDENTITY_CLONING
BEN-022461,RING-0886,BATCH_FABRICATION
BEN-006475,RING-0719,CIRCULAR_TRANSFERS
BEN-040275,RING-0513,GHOST_IDENTITY
BEN-037427,RING-0773,CIRCULAR_TRANSFERS
BEN-007903,RING-0138,IDENTITY_CLONING
BEN-049759,RING-0758,CIRCULAR_TRANSFERS
BEN-020811,RING-0384,SHARED_PAYOUT_ACCOUNT
BEN-037065,RING-0585,GHOST_IDENTITY
BEN-041562,RING-0312,SHARED_PAYOUT_ACCOUNT
BEN-039164,RING-0655,COMMON_COLLECTION_ACCOUNT
BEN-025897,RING-0474,INCOMPATIBLE_SCHEME_CLAIMS
BEN-001541,RING-0513,GHOST_IDENTITY
BEN-021164,RING-0549,GHOST_IDENTITY
BEN-049762,RING-0327,SHARED_PAYOUT_ACCOUNT
BEN-031084,RING-0812,BATCH_FABRICATION
BEN-032239,RING-0319,SHARED_PAYOUT_ACCOUNT
BEN-016810,RING-0680,COMMON_COLLECTION_ACCOUNT
BEN-038641,RING-0068,IDENTITY_CLONING
BEN-021785,RING-0618,COMMON_COLLECTION_ACCOUNT
BEN-031041,RING-0476,INCOMPATIBLE_SCHEME_CLAIMS
BEN-042882,RING-0183,IDENTITY_CLONING
BEN-001911,RING-0683,COMMON_COLLECTION_ACCOUNT
BEN-017713,RING-0882,BATCH_FABRICATION
BEN-049558,CL-017,SHARED_PAYOUT_ACCOUNT
BEN-025081,RING-0508,GHOST_IDENTITY
BEN-020148,RING-0883,BATCH_FABRICATION
BEN-013534,RING-0578,GHOST_IDENTITY
BEN-021452,RING-0409,INCOMPATIBLE_SCHEME_CLAIMS
BEN-048866,RING-0425,INCOMPATIBLE_SCHEME_CLAIMS
BEN-019717,RING-0225,IDENTITY_CLONING
BEN-022132,RING-0747,CIRCULAR_TRANSFERS
BEN-018260,RING-0787,CIRCULAR_TRANSFERS
BEN-048548,RING-0017,IDENTITY_CLONING
BEN-048544,RING-0328,SHARED_PAYOUT_ACCOUNT
BEN-007826,RING-0267,IDENTITY_CLONING
BEN-025763,RING-0469,INCOMPATIBLE_SCHEME_CLAIMS
BEN-029541,RING-0855,BATCH_FABRICATION
BEN-023232,RING-0669,COMMON_COLLECTION_ACCOUNT
BEN-034200,RING-0688,COMMON_COLLECTION_ACCOUNT
BEN-011890,RING-0810,BATCH_FABRICATION
BEN-035890,RING-0795,CIRCULAR_TRANSFERS
BEN-025251,RING-0200,IDENTITY_CLONING
BEN-041199,RING-0345,SHARED_PAYOUT_ACCOUNT
BEN-006331,RING-0645,COMMON_COLLECTION_ACCOUNT
BEN-029220,RING-0892,BATCH_FABRICATION
BEN-022630,RING-0790,CIRCULAR_TRANSFERS
BEN-032446,RING-0860,BATCH_FABRICATION
BEN-039964,RING-0311,SHARED_PAYOUT_ACCOUNT
BEN-027257,RING-0821,BATCH_FABRICATION
BEN-036013,RING-0583,GHOST_IDENTITY
BEN-037447,RING-0172,IDENTITY_CLONING
BEN-004495,RING-0129,IDENTITY_CLONING
BEN-005969,RING-0594,GHOST_IDENTITY
BEN-046330,RING-0551,GHOST_IDENTITY
BEN-039052,RING-0580,GHOST_IDENTITY
BEN-005520,RING-0133,IDENTITY_CLONING
BEN-040881,RING-0564,GHOST_IDENTITY
BEN-049984,RING-0116,IDENTITY_CLONING
BEN-024455,RING-0381,SHARED_PAYOUT_ACCOUNT
BEN-004930,RING-0502,GHOST_IDENTITY
BEN-031375,RING-0538,GHOST_IDENTITY
BEN-034749,RING-0334,SHARED_PAYOUT_ACCOUNT
BEN-041588,RING-0256,IDENTITY_CLONING
BEN-034911,RING-0856,BATCH_FABRICATION
BEN-009394,RING-0819,BATCH_FABRICATION
BEN-028293,CL-017,COMMON_COLLECTION_ACCOUNT
BEN-014168,RING-0893,BATCH_FABRICATION
BEN-035480,RING-0772,CIRCULAR_TRANSFERS
BEN-002108,RING-0072,IDENTITY_CLONING
BEN-016115,RING-0835,BATCH_FABRICATION
BEN-014560,RING-0725,CIRCULAR_TRANSFERS
BEN-005208,RING-0335,SHARED_PAYOUT_ACCOUNT
BEN-017943,RING-0699,COMMON_COLLECTION_ACCOUNT
BEN-041207,RING-0610,COMMON_COLLECTION_ACCOUNT
BEN-008596,RING-0311,SHARED_PAYOUT_ACCOUNT
BEN-039263,RING-0636,COMMON_COLLECTION_ACCOUNT
BEN-002805,RING-0070,IDENTITY_CLONING
BEN-048856,RING-0615,COMMON_COLLECTION_ACCOUNT
BEN-019406,RING-0328,SHARED_PAYOUT_ACCOUNT
BEN-034517,RING-0650,COMMON_COLLECTION_ACCOUNT
BEN-009966,RING-0384,SHARED_PAYOUT_ACCOUNT
BEN-028293,CL-017,CIRCULAR_TRANSFERS
BEN-013154,RING-0890,BATCH_FABRICATION
BEN-006128,RING-0551,GHOST_IDENTITY
BEN-023999,RING-0401,SHARED_PAYOUT_ACCOUNT
BEN-026847,RING-0062,IDENTITY_CLONING
BEN-014693,RING-0157,IDENTITY_CLONING
BEN-008997,RING-0187,IDENTITY_CLONING
BEN-034555,RING-0312,SHARED_PAYOUT_ACCOUNT
BEN-027210,RING-0806,BATCH_FABRICATION
BEN-025798,RING-0052,IDENTITY_CLONING
BEN-019467,RING-0526,GHOST_IDENTITY
BEN-022051,RING-0127,IDENTITY_CLONING
BEN-048062,RING-0469,INCOMPATIBLE_SCHEME_CLAIMS
BEN-045530,RING-0144,IDENTITY_CLONING
BEN-027348,RING-0317,SHARED_PAYOUT_ACCOUNT
BEN-023093,RING-0300,IDENTITY_CLONING
BEN-029726,RING-0565,GHOST_IDENTITY
BEN-037050,RING-0665,COMMON_COLLECTION_ACCOUNT
BEN-011135,RING-0370,SHARED_PAYOUT_ACCOUNT
BEN-044398,RING-0438,INCOMPATIBLE_SCHEME_CLAIMS
BEN-035001,RING-0347,SHARED_PAYOUT_ACCOUNT
BEN-024149,RING-0422,INCOMPATIBLE_SCHEME_CLAIMS
BEN-034498,RING-0817,BATCH_FABRICATION
BEN-027943,RING-0796,CIRCULAR_TRANSFERS
BEN-048256,RING-0332,SHARED_PAYOUT_ACCOUNT
BEN-033183,RING-0856,BATCH_FABRICATION
BEN-035930,RING-0857,BATCH_FABRICATION
BEN-019349,RING-0526,GHOST_IDENTITY
BEN-010300,RING-0760,CIRCULAR_TRANSFERS
BEN-024780,RING-0111,IDENTITY_CLONING
BEN-004911,RING-0004,IDENTITY_CLONING
BEN-038179,RING-0604,COMMON_COLLECTION_ACCOUNT
BEN-048326,RING-0391,SHARED_PAYOUT_ACCOUNT
BEN-048978,RING-0893,BATCH_FABRICATION
BEN-048250,RING-0670,COMMON_COLLECTION_ACCOUNT
BEN-028627,RING-0820,BATCH_FABRICATION
BEN-040717,RING-0336,SHARED_PAYOUT_ACCOUNT
BEN-043402,RING-0320,SHARED_PAYOUT_ACCOUNT
BEN-041845,RING-0837,BATCH_FABRICATION
BEN-044900,RING-0518,GHOST_IDENTITY
BEN-001190,RING-0815,BATCH_FABRICATION
BEN-043788,RING-0574,GHOST_IDENTITY
BEN-008703,RING-0416,INCOMPATIBLE_SCHEME_CLAIMS
BEN-015284,RING-0691,COMMON_COLLECTION_ACCOUNT
BEN-006538,RING-0349,SHARED_PAYOUT_ACCOUNT
BEN-049756,RING-0312,SHARED_PAYOUT_ACCOUNT
BEN-003818,RING-0571,GHOST_IDENTITY
BEN-031238,RING-0531,GHOST_IDENTITY
BEN-005978,RING-0836,BATCH_FABRICATION
BEN-043404,RING-0313,SHARED_PAYOUT_ACCOUNT
BEN-011152,RING-0835,BATCH_FABRICATION
BEN-045804,RING-0534,GHOST_IDENTITY
BEN-025643,RING-0621,COMMON_COLLECTION_ACCOUNT
BEN-031335,RING-0486,INCOMPATIBLE_SCHEME_CLAIMS
BEN-008262,RING-0416,INCOMPATIBLE_SCHEME_CLAIMS
BEN-018292,RING-0308,SHARED_PAYOUT_ACCOUNT
BEN-027538,RING-0319,SHARED_PAYOUT_ACCOUNT
BEN-011610,RING-0246,IDENTITY_CLONING
BEN-017230,RING-0572,GHOST_IDENTITY
BEN-043502,RING-0306,SHARED_PAYOUT_ACCOUNT
BEN-001815,RING-0580,GHOST_IDENTITY
BEN-016177,RING-0813,BATCH_FABRICATION
BEN-043604,RING-0223,IDENTITY_CLONING
BEN-016327,RING-0284,IDENTITY_CLONING
BEN-009432,RING-0809,BATCH_FABRICATION
BEN-000556,RING-0740,CIRCULAR_TRANSFERS
BEN-008707,RING-0655,COMMON_COLLECTION_ACCOUNT
BEN-021342,RING-0381,SHARED_PAYOUT_ACCOUNT
BEN-033058,RING-0587,GHOST_IDENTITY
BEN-005534,RING-0345,SHARED_PAYOUT_ACCOUNT
BEN-045541,RING-0410,INCOMPATIBLE_SCHEME_CLAIMS
BEN-048292,RING-0617,COMMON_COLLECTION_ACCOUNT
BEN-049351,RING-0785,CIRCULAR_TRANSFERS
BEN-017422,RING-0241,IDENTITY_CLONING
BEN-043755,RING-0421,INCOMPATIBLE_SCHEME_CLAIMS
BEN-042586,RING-0645,COMMON_COLLECTION_ACCOUNT
BEN-005768,RING-0565,GHOST_IDENTITY
BEN-018148,RING-0708,CIRCULAR_TRANSFERS
BEN-011287,RING-0888,BATCH_FABRICATION
BEN-040943,RING-0327,SHARED_PAYOUT_ACCOUNT
BEN-021266,RING-0722,CIRCULAR_TRANSFERS
BEN-021121,RING-0880,BATCH_FABRICATION
BEN-007659,RING-0431,INCOMPATIBLE_SCHEME_CLAIMS
BEN-021700,RING-0110,IDENTITY_CLONING
BEN-031164,RING-0810,BATCH_FABRICATION
BEN-026418,RING-0374,SHARED_PAYOUT_ACCOUNT
BEN-020492,RING-0304,SHARED_PAYOUT_ACCOUNT
BEN-022917,RING-0039,IDENTITY_CLONING
BEN-032842,RING-0419,INCOMPATIBLE_SCHEME_CLAIMS
BEN-022170,RING-0221,IDENTITY_CLONING
BEN-048038,RING-0723,CIRCULAR_TRANSFERS
BEN-031325,RING-0162,IDENTITY_CLONING
BEN-027123,RING-0614,COMMON_COLLECTION_ACCOUNT
BEN-029368,RING-0574,GHOST_IDENTITY
BEN-048966,RING-0774,CIRCULAR_TRANSFERS
BEN-019303,RING-0414,INCOMPATIBLE_SCHEME_CLAIMS
BEN-016482,RING-0702,CIRCULAR_TRANSFERS
BEN-039987,RING-0344,SHARED_PAYOUT_ACCOUNT
BEN-016266,RING-0893,BATCH_FABRICATION
BEN-008103,RING-0571,GHOST_IDENTITY
BEN-019161,RING-0711,CIRCULAR_TRANSFERS
BEN-041070,CL-017,SHARED_PAYOUT_ACCOUNT
BEN-026810,RING-0307,SHARED_PAYOUT_ACCOUNT
BEN-043102,RING-0516,GHOST_IDENTITY
BEN-026476,RING-0364,SHARED_PAYOUT_ACCOUNT
BEN-000530,RING-0346,SHARED_PAYOUT_ACCOUNT
BEN-044082,RING-0887,BATCH_FABRICATION
BEN-037344,RING-0798,CIRCULAR_TRANSFERS
BEN-020109,RING-0701,COMMON_COLLECTION_ACCOUNT
BEN-044452,RING-0546,GHOST_IDENTITY
BEN-001135,RING-0692,COMMON_COLLECTION_ACCOUNT
BEN-026288,RING-0478,INCOMPATIBLE_SCHEME_CLAIMS
BEN-036497,RING-0513,GHOST_IDENTITY
BEN-001595,RING-0605,COMMON_COLLECTION_ACCOUNT
BEN-004516,RING-0323,SHARED_PAYOUT_ACCOUNT
BEN-038477,RING-0835,BATCH_FABRICATION
BEN-003214,RING-0843,BATCH_FABRICATION
BEN-017488,RING-0880,BATCH_FABRICATION
BEN-000980,RING-0592,GHOST_IDENTITY
BEN-041105,RING-0444,INCOMPATIBLE_SCHEME_CLAIMS
BEN-049262,RING-0624,COMMON_COLLECTION_ACCOUNT
BEN-007518,RING-0527,GHOST_IDENTITY
BEN-032010,RING-0459,INCOMPATIBLE_SCHEME_CLAIMS
BEN-009336,RING-0809,BATCH_FABRICATION
BEN-008661,RING-0745,CIRCULAR_TRANSFERS
BEN-024928,RING-0609,COMMON_COLLECTION_ACCOUNT
BEN-011309,RING-0637,COMMON_COLLECTION_ACCOUNT
BEN-014297,RING-0425,INCOMPATIBLE_SCHEME_CLAIMS
BEN-003923,RING-0674,COMMON_COLLECTION_ACCOUNT
BEN-009028,RING-0540,GHOST_IDENTITY
BEN-032052,RING-0898,BATCH_FABRICATION
BEN-031179,RING-0802,BATCH_FABRICATION
BEN-030107,RING-0816,BATCH_FABRICATION
BEN-006629,RING-0545,GHOST_IDENTITY
BEN-015039,RING-0136,IDENTITY_CLONING
BEN-030391,RING-0455,INCOMPATIBLE_SCHEME_CLAIMS
BEN-017233,RING-0830,BATCH_FABRICATION
BEN-003450,RING-0539,GHOST_IDENTITY
BEN-037845,RING-0548,GHOST_IDENTITY
BEN-042712,RING-0403,INCOMPATIBLE_SCHEME_CLAIMS
BEN-017662,RING-0635,COMMON_COLLECTION_ACCOUNT
BEN-036656,RING-0340,SHARED_PAYOUT_ACCOUNT
BEN-003205,RING-0894,BATCH_FABRICATION
BEN-005260,RING-0540,GHOST_IDENTITY
BEN-027591,RING-0870,BATCH_FABRICATION
BEN-014789,RING-0454,INCOMPATIBLE_SCHEME_CLAIMS
BEN-022992,RING-0888,BATCH_FABRICATION
BEN-021718,RING-0390,SHARED_PAYOUT_ACCOUNT
BEN-047948,RING-0542,GHOST_IDENTITY
BEN-006303,RING-0697,COMMON_COLLECTION_ACCOUNT
BEN-000706,RING-0870,BATCH_FABRICATION
BEN-020484,RING-0898,BATCH_FABRICATION
BEN-028658,RING-0694,COMMON_COLLECTION_ACCOUNT
BEN-021218,RING-0182,IDENTITY_CLONING
BEN-026945,RING-0324,SHARED_PAYOUT_ACCOUNT
BEN-046550,RING-0313,SHARED_PAYOUT_ACCOUNT
BEN-041839,RING-0058,IDENTITY_CLONING
BEN-013968,RING-0624,COMMON_COLLECTION_ACCOUNT
BEN-007165,RING-0404,INCOMPATIBLE_SCHEME_CLAIMS
BEN-002520,RING-0224,IDENTITY_CLONING
BEN-018340,RING-0703,CIRCULAR_TRANSFERS
BEN-043867,RING-0520,GHOST_IDENTITY
BEN-014268,RING-0203,IDENTITY_CLONING
BEN-048365,RING-0317,SHARED_PAYOUT_ACCOUNT
BEN-004332,RING-0356,SHARED_PAYOUT_ACCOUNT
BEN-026427,RING-0209,IDENTITY_CLONING
BEN-030559,RING-0340,SHARED_PAYOUT_ACCOUNT
BEN-023146,RING-0501,INCOMPATIBLE_SCHEME_CLAIMS
BEN-046571,RING-0685,COMMON_COLLECTION_ACCOUNT
BEN-001655,RING-0604,COMMON_COLLECTION_ACCOUNT
BEN-013758,RING-0250,IDENTITY_CLONING
BEN-008387,RING-0575,GHOST_IDENTITY
BEN-034437,RING-0583,GHOST_IDENTITY
BEN-021777,RING-0858,BATCH_FABRICATION
BEN-045138,RING-0631,COMMON_COLLECTION_ACCOUNT
BEN-002853,RING-0290,IDENTITY_CLONING
BEN-044149,RING-0386,SHARED_PAYOUT_ACCOUNT
BEN-012912,RING-0598,GHOST_IDENTITY
BEN-018431,RING-0302,SHARED_PAYOUT_ACCOUNT
BEN-013280,RING-0277,IDENTITY_CLONING
BEN-034644,RING-0591,GHOST_IDENTITY
BEN-017062,RING-0022,IDENTITY_CLONING
BEN-041685,RING-0575,GHOST_IDENTITY
BEN-040514,RING-0721,CIRCULAR_TRANSFERS
BEN-022581,RING-0402,INCOMPATIBLE_SCHEME_CLAIMS
BEN-003168,RING-0861,BATCH_FABRICATION
BEN-012166,RING-0814,BATCH_FABRICATION
BEN-014037,RING-0865,BATCH_FABRICATION
BEN-041416,RING-0503,GHOST_IDENTITY
BEN-034766,RING-0681,COMMON_COLLECTION_ACCOUNT
BEN-046407,RING-0697,COMMON_COLLECTION_ACCOUNT
BEN-044588,RING-0385,SHARED_PAYOUT_ACCOUNT
BEN-013536,RING-0261,IDENTITY_CLONING
BEN-045114,RING-0503,GHOST_IDENTITY
BEN-047534,RING-0208,IDENTITY_CLONING
BEN-009092,RING-0812,BATCH_FABRICATION
BEN-002554,RING-0088,IDENTITY_CLONING
BEN-038607,RING-0888,BATCH_FABRICATION
BEN-009121,RING-0640,COMMON_COLLECTION_ACCOUNT
BEN-004915,RING-0724,CIRCULAR_TRANSFERS
BEN-007811,RING-0029,IDENTITY_CLONING
BEN-005854,RING-0743,CIRCULAR_TRANSFERS
BEN-029122,RING-0539,GHOST_IDENTITY
BEN-019647,RING-0873,BATCH_FABRICATION
BEN-019753,RING-0596,GHOST_IDENTITY
BEN-016598,RING-0561,GHOST_IDENTITY
BEN-037906,RING-0844,BATCH_FABRICATION
BEN-046778,RING-0325,SHARED_PAYOUT_ACCOUNT
BEN-010196,RING-0522,GHOST_IDENTITY
BEN-048024,RING-0059,IDENTITY_CLONING
BEN-009446,RING-0611,COMMON_COLLECTION_ACCOUNT
BEN-026367,RING-0394,SHARED_PAYOUT_ACCOUNT
BEN-018386,RING-0623,COMMON_COLLECTION_ACCOUNT
BEN-008060,RING-0240,IDENTITY_CLONING
BEN-036243,RING-0447,INCOMPATIBLE_SCHEME_CLAIMS
BEN-021407,RING-0380,SHARED_PAYOUT_ACCOUNT
BEN-002516,RING-0473,INCOMPATIBLE_SCHEME_CLAIMS
BEN-033979,RING-0862,BATCH_FABRICATION
BEN-034155,RING-0775,CIRCULAR_TRANSFERS
BEN-027779,RING-0249,IDENTITY_CLONING
BEN-036194,RING-0487,INCOMPATIBLE_SCHEME_CLAIMS
BEN-042304,RING-0897,BATCH_FABRICATION
BEN-035120,RING-0898,BATCH_FABRICATION
BEN-039567,RING-0677,COMMON_COLLECTION_ACCOUNT
BEN-012194,RING-0802,BATCH_FABRICATION
BEN-026264,RING-0868,BATCH_FABRICATION
BEN-043813,RING-0557,GHOST_IDENTITY
BEN-047080,RING-0552,GHOST_IDENTITY
BEN-022556,RING-0656,COMMON_COLLECTION_ACCOUNT
BEN-002356,RING-0596,GHOST_IDENTITY
BEN-042366,RING-0154,IDENTITY_CLONING
BEN-030009,RING-0828,BATCH_FABRICATION
BEN-012781,RING-0378,SHARED_PAYOUT_ACCOUNT
BEN-048753,RING-0896,BATCH_FABRICATION
BEN-019839,RING-0686,COMMON_COLLECTION_ACCOUNT
BEN-002226,RING-0389,SHARED_PAYOUT_ACCOUNT
BEN-000081,RING-0427,INCOMPATIBLE_SCHEME_CLAIMS
BEN-015111,RING-0378,SHARED_PAYOUT_ACCOUNT
BEN-025417,RING-0511,GHOST_IDENTITY
BEN-001457,RING-0764,CIRCULAR_TRANSFERS
BEN-003077,RING-0453,INCOMPATIBLE_SCHEME_CLAIMS
BEN-036550,RING-0650,COMMON_COLLECTION_ACCOUNT
BEN-009174,RING-0178,IDENTITY_CLONING
BEN-025413,RING-0234,IDENTITY_CLONING
BEN-025290,RING-0451,INCOMPATIBLE_SCHEME_CLAIMS
BEN-010556,RING-0377,SHARED_PAYOUT_ACCOUNT
BEN-032073,RING-0623,COMMON_COLLECTION_ACCOUNT
BEN-047699,RING-0384,SHARED_PAYOUT_ACCOUNT
BEN-020235,RING-0299,IDENTITY_CLONING
BEN-002004,RING-0348,SHARED_PAYOUT_ACCOUNT
BEN-023056,RING-0479,INCOMPATIBLE_SCHEME_CLAIMS
BEN-008831,RING-0595,GHOST_IDENTITY
BEN-002019,RING-0543,GHOST_IDENTITY
BEN-036937,RING-0455,INCOMPATIBLE_SCHEME_CLAIMS
BEN-026905,RING-0782,CIRCULAR_TRANSFERS
BEN-042569,RING-0544,GHOST_IDENTITY
BEN-037633,RING-0498,INCOMPATIBLE_SCHEME_CLAIMS
BEN-041122,RING-0601,GHOST_IDENTITY
BEN-016424,RING-0356,SHARED_PAYOUT_ACCOUNT
BEN-034595,RING-0165,IDENTITY_CLONING
BEN-029078,RING-0599,GHOST_IDENTITY
BEN-000080,RING-0302,SHARED_PAYOUT_ACCOUNT
BEN-037599,RING-0306,SHARED_PAYOUT_ACCOUNT
BEN-020501,RING-0589,GHOST_IDENTITY
BEN-047519,RING-0451,INCOMPATIBLE_SCHEME_CLAIMS
BEN-034054,RING-0010,IDENTITY_CLONING
BEN-021464,RING-0814,BATCH_FABRICATION
BEN-049344,RING-0886,BATCH_FABRICATION
BEN-046011,RING-0430,INCOMPATIBLE_SCHEME_CLAIMS
BEN-031237,RING-0555,GHOST_IDENTITY
BEN-008840,RING-0397,SHARED_PAYOUT_ACCOUNT
BEN-011078,RING-0864,BATCH_FABRICATION
BEN-017749,RING-0393,SHARED_PAYOUT_ACCOUNT
BEN-042676,RING-0822,BATCH_FABRICATION
BEN-035317,RING-0527,GHOST_IDENTITY
BEN-039979,RING-0352,SHARED_PAYOUT_ACCOUNT
BEN-016774,RING-0626,COMMON_COLLECTION_ACCOUNT
BEN-025519,RING-0398,SHARED_PAYOUT_ACCOUNT
BEN-048084,RING-0329,SHARED_PAYOUT_ACCOUNT
BEN-008681,RING-0600,GHOST_IDENTITY
BEN-040409,RING-0547,GHOST_IDENTITY
BEN-029339,RING-0710,CIRCULAR_TRANSFERS
BEN-024127,RING-0511,GHOST_IDENTITY
BEN-001927,RING-0389,SHARED_PAYOUT_ACCOUNT
BEN-013757,RING-0326,SHARED_PAYOUT_ACCOUNT
BEN-015600,RING-0216,IDENTITY_CLONING
BEN-006541,RING-0633,COMMON_COLLECTION_ACCOUNT
BEN-003412,RING-0392,SHARED_PAYOUT_ACCOUNT
BEN-012364,RING-0099,IDENTITY_CLONING
BEN-043127,RING-0577,GHOST_IDENTITY
BEN-041786,RING-0614,COMMON_COLLECTION_ACCOUNT
BEN-021611,RING-0610,COMMON_COLLECTION_ACCOUNT
BEN-000558,RING-0040,IDENTITY_CLONING
BEN-027171,RING-0462,INCOMPATIBLE_SCHEME_CLAIMS
BEN-045269,RING-0375,SHARED_PAYOUT_ACCOUNT
BEN-046153,RING-0473,INCOMPATIBLE_SCHEME_CLAIMS
BEN-028132,RING-0636,COMMON_COLLECTION_ACCOUNT
BEN-038420,RING-0313,SHARED_PAYOUT_ACCOUNT
BEN-024913,RING-0686,COMMON_COLLECTION_ACCOUNT
BEN-013619,RING-0324,SHARED_PAYOUT_ACCOUNT
BEN-042112,RING-0197,IDENTITY_CLONING
BEN-039030,RING-0841,BATCH_FABRICATION
BEN-018476,RING-0556,GHOST_IDENTITY
BEN-036622,RING-0297,IDENTITY_CLONING
BEN-046766,RING-0619,COMMON_COLLECTION_ACCOUNT
BEN-012271,RING-0814,BATCH_FABRICATION
BEN-010757,RING-0820,BATCH_FABRICATION
BEN-007694,RING-0309,SHARED_PAYOUT_ACCOUNT
BEN-003171,RING-0318,SHARED_PAYOUT_ACCOUNT
BEN-009978,RING-0367,SHARED_PAYOUT_ACCOUNT
BEN-037130,RING-0565,GHOST_IDENTITY
BEN-049108,RING-0798,CIRCULAR_TRANSFERS
BEN-042945,RING-0430,INCOMPATIBLE_SCHEME_CLAIMS
BEN-013185,RING-0528,GHOST_IDENTITY
BEN-021332,RING-0026,IDENTITY_CLONING
BEN-019900,RING-0630,COMMON_COLLECTION_ACCOUNT
BEN-043292,RING-0510,GHOST_IDENTITY
BEN-021428,RING-0014,IDENTITY_CLONING
BEN-040516,RING-0672,COMMON_COLLECTION_ACCOUNT
BEN-007705,RING-0347,SHARED_PAYOUT_ACCOUNT
BEN-025743,RING-0860,BATCH_FABRICATION
BEN-048761,RING-0399,SHARED_PAYOUT_ACCOUNT
BEN-035075,RING-0406,INCOMPATIBLE_SCHEME_CLAIMS
BEN-047909,RING-0548,GHOST_IDENTITY
BEN-038110,RING-0357,SHARED_PAYOUT_ACCOUNT
BEN-033898,CL-017,CIRCULAR_TRANSFERS
BEN-012899,RING-0898,BATCH_FABRICATION
BEN-013435,CL-017,COMMON_COLLECTION_ACCOUNT
BEN-034729,RING-0871,BATCH_FABRICATION
BEN-015408,RING-0838,BATCH_FABRICATION
BEN-043125,RING-0393,SHARED_PAYOUT_ACCOUNT
BEN-025262,RING-0311,SHARED_PAYOUT_ACCOUNT
BEN-026726,RING-0509,GHOST_IDENTITY
BEN-032961,RING-0644,COMMON_COLLECTION_ACCOUNT
BEN-024992,RING-0651,COMMON_COLLECTION_ACCOUNT
BEN-042214,RING-0633,COMMON_COLLECTION_ACCOUNT
BEN-033015,RING-0277,IDENTITY_CLONING
BEN-030150,RING-0588,GHOST_IDENTITY
BEN-003525,RING-0385,SHARED_PAYOUT_ACCOUNT
BEN-013168,RING-0734,CIRCULAR_TRANSFERS
BEN-034129,RING-0568,GHOST_IDENTITY
BEN-025805,RING-0491,INCOMPATIBLE_SCHEME_CLAIMS
BEN-039813,RING-0867,BATCH_FABRICATION
BEN-036837,RING-0285,IDENTITY_CLONING
BEN-001736,RING-0899,BATCH_FABRICATION
BEN-040676,RING-0252,IDENTITY_CLONING
BEN-026200,RING-0285,IDENTITY_CLONING
BEN-046384,RING-0439,INCOMPATIBLE_SCHEME_CLAIMS
BEN-023917,RING-0358,SHARED_PAYOUT_ACCOUNT
BEN-006996,RING-0313,SHARED_PAYOUT_ACCOUNT
BEN-035938,RING-0371,SHARED_PAYOUT_ACCOUNT
BEN-019838,RING-0810,BATCH_FABRICATION
BEN-010296,RING-0022,IDENTITY_CLONING
BEN-002617,RING-0804,BATCH_FABRICATION
BEN-026631,RING-0379,SHARED_PAYOUT_ACCOUNT
BEN-013634,RING-0806,BATCH_FABRICATION
BEN-004217,RING-0590,GHOST_IDENTITY
BEN-033863,RING-0779,CIRCULAR_TRANSFERS
BEN-022577,RING-0606,COMMON_COLLECTION_ACCOUNT
BEN-007303,RING-0598,GHOST_IDENTITY
BEN-013220,RING-0629,COMMON_COLLECTION_ACCOUNT
BEN-019256,RING-0598,GHOST_IDENTITY
BEN-002080,RING-0221,IDENTITY_CLONING
BEN-000210,RING-0678,COMMON_COLLECTION_ACCOUNT
BEN-023668,RING-0851,BATCH_FABRICATION
BEN-040899,RING-0491,INCOMPATIBLE_SCHEME_CLAIMS
BEN-022890,RING-0321,SHARED_PAYOUT_ACCOUNT
BEN-017823,RING-0323,SHARED_PAYOUT_ACCOUNT
BEN-013273,RING-0165,IDENTITY_CLONING
BEN-042678,RING-0067,IDENTITY_CLONING
BEN-026193,RING-0369,SHARED_PAYOUT_ACCOUNT
BEN-005089,RING-0735,CIRCULAR_TRANSFERS
BEN-018911,RING-0398,SHARED_PAYOUT_ACCOUNT
BEN-031216,RING-0871,BATCH_FABRICATION
BEN-020478,RING-0568,GHOST_IDENTITY
BEN-046038,RING-0477,INCOMPATIBLE_SCHEME_CLAIMS
BEN-005168,CL-017,COMMON_COLLECTION_ACCOUNT
BEN-003898,RING-0259,IDENTITY_CLONING
BEN-023991,RING-0092,IDENTITY_CLONING
BEN-032240,RING-0664,COMMON_COLLECTION_ACCOUNT
BEN-014120,RING-0549,GHOST_IDENTITY
BEN-040942,RING-0306,SHARED_PAYOUT_ACCOUNT
BEN-015029,CL-017,IDENTITY_CLONING
BEN-032670,RING-0538,GHOST_IDENTITY
BEN-015409,RING-0506,GHOST_IDENTITY
BEN-047647,RING-0850,BATCH_FABRICATION
BEN-049814,RING-0597,GHOST_IDENTITY
BEN-045087,RING-0740,CIRCULAR_TRANSFERS
BEN-044371,RING-0543,GHOST_IDENTITY
BEN-013785,CL-017,IDENTITY_CLONING
BEN-012856,RING-0767,CIRCULAR_TRANSFERS
BEN-005767,RING-0514,GHOST_IDENTITY
BEN-036546,RING-0661,COMMON_COLLECTION_ACCOUNT
BEN-001532,RING-0641,COMMON_COLLECTION_ACCOUNT
BEN-006549,RING-0899,BATCH_FABRICATION
BEN-033737,RING-0644,COMMON_COLLECTION_ACCOUNT
BEN-041486,RING-0816,BATCH_FABRICATION
BEN-020333,RING-0855,BATCH_FABRICATION
BEN-020170,RING-0383,SHARED_PAYOUT_ACCOUNT
BEN-041702,RING-0613,COMMON_COLLECTION_ACCOUNT
BEN-022313,RING-0475,INCOMPATIBLE_SCHEME_CLAIMS
BEN-045626,RING-0459,INCOMPATIBLE_SCHEME_CLAIMS
BEN-029899,RING-0315,SHARED_PAYOUT_ACCOUNT
BEN-030226,RING-0880,BATCH_FABRICATION
BEN-005017,RING-0476,INCOMPATIBLE_SCHEME_CLAIMS
BEN-020594,RING-0202,IDENTITY_CLONING
BEN-003913,RING-0859,BATCH_FABRICATION
BEN-018860,RING-0050,IDENTITY_CLONING
BEN-011392,RING-0405,INCOMPATIBLE_SCHEME_CLAIMS
BEN-044418,RING-0293,IDENTITY_CLONING
BEN-029035,RING-0326,SHARED_PAYOUT_ACCOUNT
BEN-043790,RING-0398,SHARED_PAYOUT_ACCOUNT
BEN-027312,RING-0690,COMMON_COLLECTION_ACCOUNT
BEN-031899,RING-0664,COMMON_COLLECTION_ACCOUNT
BEN-026536,RING-0086,IDENTITY_CLONING
BEN-040708,RING-0423,INCOMPATIBLE_SCHEME_CLAIMS
BEN-009866,RING-0388,SHARED_PAYOUT_ACCOUNT
BEN-011794,RING-0379,SHARED_PAYOUT_ACCOUNT
BEN-049684,RING-0772,CIRCULAR_TRANSFERS
BEN-043429,RING-0360,SHARED_PAYOUT_ACCOUNT
BEN-022205,RING-0382,SHARED_PAYOUT_ACCOUNT
BEN-009433,RING-0592,GHOST_IDENTITY
BEN-003498,RING-0653,COMMON_COLLECTION_ACCOUNT
BEN-005255,RING-0454,INCOMPATIBLE_SCHEME_CLAIMS
BEN-010886,RING-0859,BATCH_FABRICATION
BEN-039935,RING-0118,IDENTITY_CLONING
BEN-015579,RING-0471,INCOMPATIBLE_SCHEME_CLAIMS
BEN-025268,RING-0620,COMMON_COLLECTION_ACCOUNT
BEN-046323,RING-0484,INCOMPATIBLE_SCHEME_CLAIMS
BEN-003323,RING-0673,COMMON_COLLECTION_ACCOUNT
BEN-042631,RING-0078,IDENTITY_CLONING
BEN-017448,RING-0519,GHOST_IDENTITY
BEN-013734,RING-0231,IDENTITY_CLONING
BEN-048424,RING-0806,BATCH_FABRICATION
BEN-019689,RING-0809,BATCH_FABRICATION
BEN-013823,RING-0324,SHARED_PAYOUT_ACCOUNT
BEN-036857,RING-0608,COMMON_COLLECTION_ACCOUNT
BEN-021746,RING-0316,SHARED_PAYOUT_ACCOUNT
BEN-011517,RING-0467,INCOMPATIBLE_SCHEME_CLAIMS
BEN-029226,RING-0614,COMMON_COLLECTION_ACCOUNT
BEN-014634,RING-0636,COMMON_COLLECTION_ACCOUNT
BEN-033860,RING-0595,GHOST_IDENTITY
BEN-026982,RING-0018,IDENTITY_CLONING
BEN-038806,RING-0669,COMMON_COLLECTION_ACCOUNT
BEN-047925,RING-0387,SHARED_PAYOUT_ACCOUNT
BEN-025476,RING-0646,COMMON_COLLECTION_ACCOUNT
BEN-033664,RING-0065,IDENTITY_CLONING
BEN-008400,RING-0837,BATCH_FABRICATION
BEN-010328,RING-0211,IDENTITY_CLONING
BEN-001430,RING-0474,INCOMPATIBLE_SCHEME_CLAIMS
BEN-029622,RING-0076,IDENTITY_CLONING
BEN-044840,RING-0678,COMMON_COLLECTION_ACCOUNT
BEN-015143,RING-0600,GHOST_IDENTITY
BEN-016560,RING-0661,COMMON_COLLECTION_ACCOUNT
BEN-047445,RING-0400,SHARED_PAYOUT_ACCOUNT
BEN-041991,RING-0374,SHARED_PAYOUT_ACCOUNT
BEN-013997,RING-0811,BATCH_FABRICATION
BEN-024758,RING-0504,GHOST_IDENTITY
BEN-014150,RING-0592,GHOST_IDENTITY
BEN-013597,RING-0113,IDENTITY_CLONING
BEN-004092,RING-0901,BATCH_FABRICATION
BEN-011588,RING-0357,SHARED_PAYOUT_ACCOUNT
BEN-047850,RING-0465,INCOMPATIBLE_SCHEME_CLAIMS
BEN-020724,RING-0089,IDENTITY_CLONING
BEN-016427,RING-0524,GHOST_IDENTITY
BEN-017680,RING-0803,BATCH_FABRICATION
BEN-014559,RING-0838,BATCH_FABRICATION
BEN-026345,RING-0522,GHOST_IDENTITY
BEN-034757,RING-0159,IDENTITY_CLONING
BEN-011375,RING-0317,SHARED_PAYOUT_ACCOUNT
BEN-048810,RING-0681,COMMON_COLLECTION_ACCOUNT
BEN-002396,RING-0816,BATCH_FABRICATION
BEN-019257,RING-0829,BATCH_FABRICATION
BEN-038741,RING-0861,BATCH_FABRICATION
BEN-017546,RING-0866,BATCH_FABRICATION
BEN-028241,RING-0554,GHOST_IDENTITY
BEN-046831,RING-0812,BATCH_FABRICATION
BEN-010109,RING-0856,BATCH_FABRICATION
BEN-017135,RING-0808,BATCH_FABRICATION
BEN-049250,RING-0673,COMMON_COLLECTION_ACCOUNT
BEN-014045,RING-0168,IDENTITY_CLONING
BEN-043593,RING-0897,BATCH_FABRICATION
BEN-022986,RING-0848,BATCH_FABRICATION
BEN-029531,RING-0801,CIRCULAR_TRANSFERS
BEN-021080,RING-0507,GHOST_IDENTITY
BEN-007855,RING-0813,BATCH_FABRICATION
BEN-002053,RING-0328,SHARED_PAYOUT_ACCOUNT
BEN-043482,RING-0830,BATCH_FABRICATION
BEN-028816,RING-0889,BATCH_FABRICATION
BEN-005773,RING-0818,BATCH_FABRICATION
BEN-041680,RING-0819,BATCH_FABRICATION
BEN-044068,RING-0869,BATCH_FABRICATION
BEN-048857,RING-0806,BATCH_FABRICATION
BEN-021801,RING-0722,CIRCULAR_TRANSFERS
BEN-002422,RING-0663,COMMON_COLLECTION_ACCOUNT
BEN-019854,RING-0203,IDENTITY_CLONING
BEN-001026,RING-0839,BATCH_FABRICATION
BEN-018628,RING-0434,INCOMPATIBLE_SCHEME_CLAIMS
BEN-047914,RING-0895,BATCH_FABRICATION
BEN-035376,RING-0872,BATCH_FABRICATION
BEN-011564,RING-0169,IDENTITY_CLONING
BEN-014764,RING-0682,COMMON_COLLECTION_ACCOUNT
BEN-044958,RING-0604,COMMON_COLLECTION_ACCOUNT
BEN-020238,RING-0518,GHOST_IDENTITY
BEN-045766,RING-0220,IDENTITY_CLONING
BEN-016523,RING-0859,BATCH_FABRICATION
BEN-031752,RING-0544,GHOST_IDENTITY
BEN-027114,RING-0590,GHOST_IDENTITY
BEN-022192,RING-0505,GHOST_IDENTITY
BEN-043208,RING-0676,COMMON_COLLECTION_ACCOUNT
BEN-008955,RING-0541,GHOST_IDENTITY
BEN-010161,RING-0645,COMMON_COLLECTION_ACCOUNT
BEN-020207,RING-0341,SHARED_PAYOUT_ACCOUNT
BEN-027192,RING-0499,INCOMPATIBLE_SCHEME_CLAIMS
BEN-036359,RING-0011,IDENTITY_CLONING
BEN-015933,RING-0177,IDENTITY_CLONING
BEN-023585,RING-0323,SHARED_PAYOUT_ACCOUNT
BEN-045985,RING-0821,BATCH_FABRICATION
BEN-022349,RING-0651,COMMON_COLLECTION_ACCOUNT
BEN-002692,RING-0547,GHOST_IDENTITY
BEN-002850,RING-0808,BATCH_FABRICATION
BEN-029125,RING-0109,IDENTITY_CLONING
BEN-025804,RING-0319,SHARED_PAYOUT_ACCOUNT
BEN-016072,RING-0781,CIRCULAR_TRANSFERS
BEN-048603,RING-0553,GHOST_IDENTITY
BEN-048997,RING-0377,SHARED_PAYOUT_ACCOUNT
BEN-023685,RING-0399,SHARED_PAYOUT_ACCOUNT
BEN-015135,RING-0194,IDENTITY_CLONING
BEN-029429,RING-0524,GHOST_IDENTITY
BEN-036797,RING-0205,IDENTITY_CLONING
BEN-009860,RING-0671,COMMON_COLLECTION_ACCOUNT
BEN-020949,RING-0445,INCOMPATIBLE_SCHEME_CLAIMS
BEN-017250,RING-0621,COMMON_COLLECTION_ACCOUNT
BEN-044191,RING-0173,IDENTITY_CLONING
BEN-040493,RING-0689,COMMON_COLLECTION_ACCOUNT
BEN-016106,RING-0333,SHARED_PAYOUT_ACCOUNT
BEN-037869,RING-0780,CIRCULAR_TRANSFERS
BEN-007017,RING-0051,IDENTITY_CLONING
BEN-045036,RING-0472,INCOMPATIBLE_SCHEME_CLAIMS
BEN-028293,CL-017,SHARED_PAYOUT_ACCOUNT
BEN-037550,RING-0881,BATCH_FABRICATION
BEN-045197,RING-0574,GHOST_IDENTITY
BEN-026079,RING-0366,SHARED_PAYOUT_ACCOUNT
BEN-033144,RING-0746,CIRCULAR_TRANSFERS
BEN-014640,RING-0299,IDENTITY_CLONING
BEN-034337,RING-0607,COMMON_COLLECTION_ACCOUNT
BEN-034184,RING-0825,BATCH_FABRICATION
BEN-048435,RING-0306,SHARED_PAYOUT_ACCOUNT
BEN-037958,RING-0376,SHARED_PAYOUT_ACCOUNT
BEN-044849,RING-0812,BATCH_FABRICATION
BEN-017965,RING-0391,SHARED_PAYOUT_ACCOUNT
BEN-013548,RING-0893,BATCH_FABRICATION
BEN-036531,RING-0729,CIRCULAR_TRANSFERS
BEN-017239,RING-0524,GHOST_IDENTITY
BEN-014292,RING-0816,BATCH_FABRICATION
BEN-019489,RING-0624,COMMON_COLLECTION_ACCOUNT
BEN-001641,RING-0399,SHARED_PAYOUT_ACCOUNT
BEN-005683,RING-0617,COMMON_COLLECTION_ACCOUNT
BEN-008906,RING-0733,CIRCULAR_TRANSFERS
BEN-041271,RING-0849,BATCH_FABRICATION
BEN-006320,RING-0434,INCOMPATIBLE_SCHEME_CLAIMS
BEN-028157,RING-0407,INCOMPATIBLE_SCHEME_CLAIMS
BEN-007407,RING-0413,INCOMPATIBLE_SCHEME_CLAIMS
BEN-017390,RING-0453,INCOMPATIBLE_SCHEME_CLAIMS
BEN-038123,RING-0896,BATCH_FABRICATION
BEN-024939,RING-0604,COMMON_COLLECTION_ACCOUNT
BEN-034597,RING-0308,SHARED_PAYOUT_ACCOUNT
BEN-008414,RING-0457,INCOMPATIBLE_SCHEME_CLAIMS
BEN-001822,RING-0448,INCOMPATIBLE_SCHEME_CLAIMS
BEN-014625,RING-0569,GHOST_IDENTITY
BEN-008468,RING-0158,IDENTITY_CLONING
BEN-025364,RING-0583,GHOST_IDENTITY
BEN-041514,RING-0821,BATCH_FABRICATION
BEN-009784,RING-0530,GHOST_IDENTITY
BEN-031970,RING-0338,SHARED_PAYOUT_ACCOUNT
BEN-021429,RING-0732,CIRCULAR_TRANSFERS
BEN-040944,RING-0396,SHARED_PAYOUT_ACCOUNT
BEN-045206,RING-0824,BATCH_FABRICATION
BEN-028938,RING-0508,GHOST_IDENTITY
BEN-006867,RING-0408,INCOMPATIBLE_SCHEME_CLAIMS
BEN-008868,RING-0311,SHARED_PAYOUT_ACCOUNT
BEN-048968,RING-0890,BATCH_FABRICATION
BEN-022887,RING-0663,COMMON_COLLECTION_ACCOUNT
BEN-017368,RING-0823,BATCH_FABRICATION
BEN-034109,RING-0273,IDENTITY_CLONING
BEN-028298,RING-0564,GHOST_IDENTITY
BEN-041459,RING-0328,SHARED_PAYOUT_ACCOUNT
BEN-019561,RING-0798,CIRCULAR_TRANSFERS
BEN-032780,RING-0373,SHARED_PAYOUT_ACCOUNT
BEN-036186,RING-0159,IDENTITY_CLONING
BEN-018410,RING-0738,CIRCULAR_TRANSFERS
BEN-038927,RING-0381,SHARED_PAYOUT_ACCOUNT
BEN-035024,RING-0105,IDENTITY_CLONING
BEN-041446,RING-0676,COMMON_COLLECTION_ACCOUNT
BEN-034011,RING-0052,IDENTITY_CLONING
BEN-010270,RING-0247,IDENTITY_CLONING
BEN-013607,RING-0608,COMMON_COLLECTION_ACCOUNT
BEN-001999,RING-0198,IDENTITY_CLONING
BEN-048869,RING-0537,GHOST_IDENTITY
BEN-046430,RING-0463,INCOMPATIBLE_SCHEME_CLAIMS
BEN-046097,RING-0522,GHOST_IDENTITY
BEN-032983,RING-0831,BATCH_FABRICATION
BEN-024629,RING-0667,COMMON_COLLECTION_ACCOUNT
BEN-012635,RING-0028,IDENTITY_CLONING
BEN-038365,RING-0122,IDENTITY_CLONING
BEN-008963,RING-0640,COMMON_COLLECTION_ACCOUNT
BEN-030530,RING-0282,IDENTITY_CLONING
BEN-029440,RING-0561,GHOST_IDENTITY
BEN-001177,RING-0858,BATCH_FABRICATION
BEN-011859,RING-0681,COMMON_COLLECTION_ACCOUNT
BEN-019411,RING-0444,INCOMPATIBLE_SCHEME_CLAIMS
BEN-022504,RING-0784,CIRCULAR_TRANSFERS
BEN-043145,RING-0526,GHOST_IDENTITY
BEN-006905,RING-0417,INCOMPATIBLE_SCHEME_CLAIMS
BEN-037673,RING-0793,CIRCULAR_TRANSFERS
BEN-033045,RING-0315,SHARED_PAYOUT_ACCOUNT
BEN-006066,RING-0886,BATCH_FABRICATION
BEN-001936,RING-0698,COMMON_COLLECTION_ACCOUNT
BEN-017842,RING-0327,SHARED_PAYOUT_ACCOUNT
BEN-032942,RING-0535,GHOST_IDENTITY
BEN-031008,RING-0316,SHARED_PAYOUT_ACCOUNT
BEN-009757,RING-0229,IDENTITY_CLONING
BEN-040389,RING-0338,SHARED_PAYOUT_ACCOUNT
BEN-035393,RING-0339,SHARED_PAYOUT_ACCOUNT
BEN-008818,RING-0572,GHOST_IDENTITY
BEN-026664,RING-0038,IDENTITY_CLONING
BEN-026924,RING-0739,CIRCULAR_TRANSFERS
BEN-005765,RING-0590,GHOST_IDENTITY
BEN-019062,RING-0146,IDENTITY_CLONING
BEN-049131,RING-0850,BATCH_FABRICATION
BEN-005391,RING-0249,IDENTITY_CLONING
BEN-004095,RING-0648,COMMON_COLLECTION_ACCOUNT
BEN-001401,RING-0258,IDENTITY_CLONING
BEN-012787,RING-0838,BATCH_FABRICATION
BEN-009840,RING-0706,CIRCULAR_TRANSFERS
BEN-008669,RING-0542,GHOST_IDENTITY
BEN-030949,RING-0768,CIRCULAR_TRANSFERS
BEN-010700,RING-0896,BATCH_FABRICATION
BEN-038597,RING-0308,SHARED_PAYOUT_ACCOUNT
BEN-030752,RING-0368,SHARED_PAYOUT_ACCOUNT
BEN-047325,RING-0596,GHOST_IDENTITY
BEN-016678,RING-0401,SHARED_PAYOUT_ACCOUNT
BEN-002536,RING-0318,SHARED_PAYOUT_ACCOUNT
BEN-036354,RING-0349,SHARED_PAYOUT_ACCOUNT
BEN-032935,RING-0654,COMMON_COLLECTION_ACCOUNT
BEN-034820,RING-0783,CIRCULAR_TRANSFERS
BEN-037183,RING-0817,BATCH_FABRICATION
BEN-006296,RING-0700,COMMON_COLLECTION_ACCOUNT
BEN-014705,RING-0884,BATCH_FABRICATION
BEN-023869,RING-0650,COMMON_COLLECTION_ACCOUNT
BEN-033841,RING-0206,IDENTITY_CLONING
BEN-026168,RING-0811,BATCH_FABRICATION
BEN-014148,RING-0626,COMMON_COLLECTION_ACCOUNT
BEN-013498,RING-0417,INCOMPATIBLE_SCHEME_CLAIMS
BEN-032784,RING-0627,COMMON_COLLECTION_ACCOUNT
BEN-025524,RING-0321,SHARED_PAYOUT_ACCOUNT
BEN-011728,RING-0511,GHOST_IDENTITY
BEN-003444,RING-0449,INCOMPATIBLE_SCHEME_CLAIMS
BEN-011374,RING-0631,COMMON_COLLECTION_ACCOUNT
BEN-031734,RING-0323,SHARED_PAYOUT_ACCOUNT
BEN-000705,RING-0530,GHOST_IDENTITY
BEN-049134,RING-0829,BATCH_FABRICATION
BEN-013595,RING-0459,INCOMPATIBLE_SCHEME_CLAIMS
BEN-017536,RING-0420,INCOMPATIBLE_SCHEME_CLAIMS
BEN-015242,RING-0485,INCOMPATIBLE_SCHEME_CLAIMS
BEN-001646,RING-0576,GHOST_IDENTITY
BEN-025320,RING-0401,SHARED_PAYOUT_ACCOUNT
BEN-004689,RING-0890,BATCH_FABRICATION
BEN-029491,RING-0312,SHARED_PAYOUT_ACCOUNT
BEN-003326,RING-0207,IDENTITY_CLONING
BEN-031638,RING-0155,IDENTITY_CLONING
BEN-032396,RING-0107,IDENTITY_CLONING
BEN-027093,RING-0204,IDENTITY_CLONING
BEN-006411,RING-0391,SHARED_PAYOUT_ACCOUNT
BEN-024064,RING-0510,GHOST_IDENTITY
BEN-005650,RING-0054,IDENTITY_CLONING
BEN-021124,RING-0667,COMMON_COLLECTION_ACCOUNT
BEN-032765,RING-0554,GHOST_IDENTITY
BEN-029466,RING-0639,COMMON_COLLECTION_ACCOUNT
BEN-028801,RING-0074,IDENTITY_CLONING
BEN-014093,RING-0462,INCOMPATIBLE_SCHEME_CLAIMS
BEN-022706,RING-0067,IDENTITY_CLONING
BEN-000200,RING-0124,IDENTITY_CLONING
BEN-007217,RING-0080,IDENTITY_CLONING
BEN-048238,RING-0342,SHARED_PAYOUT_ACCOUNT
BEN-030039,RING-0433,INCOMPATIBLE_SCHEME_CLAIMS
BEN-040916,RING-0653,COMMON_COLLECTION_ACCOUNT
BEN-007494,RING-0772,CIRCULAR_TRANSFERS
BEN-032378,RING-0212,IDENTITY_CLONING
BEN-041992,RING-0025,IDENTITY_CLONING
BEN-032209,RING-0850,BATCH_FABRICATION
BEN-005580,RING-0601,GHOST_IDENTITY
BEN-041284,RING-0852,BATCH_FABRICATION
BEN-020521,RING-0334,SHARED_PAYOUT_ACCOUNT
BEN-019417,RING-0263,IDENTITY_CLONING
BEN-039261,RING-0329,SHARED_PAYOUT_ACCOUNT
BEN-027452,RING-0864,BATCH_FABRICATION
BEN-031702,RING-0362,SHARED_PAYOUT_ACCOUNT
BEN-014902,RING-0064,IDENTITY_CLONING
BEN-035883,RING-0350,SHARED_PAYOUT_ACCOUNT
BEN-005623,RING-0310,SHARED_PAYOUT_ACCOUNT
BEN-026508,RING-0558,GHOST_IDENTITY
BEN-044482,RING-0579,GHOST_IDENTITY
BEN-019616,RING-0307,SHARED_PAYOUT_ACCOUNT
BEN-026582,RING-0835,BATCH_FABRICATION
BEN-035184,RING-0790,CIRCULAR_TRANSFERS
BEN-028389,RING-0009,IDENTITY_CLONING
BEN-044123,RING-0212,IDENTITY_CLONING
BEN-009824,RING-0680,COMMON_COLLECTION_ACCOUNT
BEN-002644,RING-0683,COMMON_COLLECTION_ACCOUNT
BEN-028937,RING-0169,IDENTITY_CLONING
BEN-016521,RING-0825,BATCH_FABRICATION
BEN-035821,RING-0809,BATCH_FABRICATION
BEN-037434,RING-0249,IDENTITY_CLONING
BEN-032127,RING-0741,CIRCULAR_TRANSFERS
BEN-002278,RING-0316,SHARED_PAYOUT_ACCOUNT
BEN-019118,RING-0251,IDENTITY_CLONING
BEN-036831,RING-0787,CIRCULAR_TRANSFERS
BEN-033228,RING-0259,IDENTITY_CLONING
BEN-034425,RING-0247,IDENTITY_CLONING
BEN-033352,RING-0039,IDENTITY_CLONING
BEN-003500,RING-0885,BATCH_FABRICATION
BEN-013435,CL-017,SHARED_PAYOUT_ACCOUNT
BEN-006670,RING-0853,BATCH_FABRICATION
BEN-015458,RING-0646,COMMON_COLLECTION_ACCOUNT
BEN-015205,RING-0667,COMMON_COLLECTION_ACCOUNT
BEN-041239,RING-0898,BATCH_FABRICATION
BEN-009802,RING-0378,SHARED_PAYOUT_ACCOUNT
BEN-019138,RING-0429,INCOMPATIBLE_SCHEME_CLAIMS
BEN-011037,RING-0658,COMMON_COLLECTION_ACCOUNT
BEN-038025,RING-0829,BATCH_FABRICATION
BEN-020072,RING-0384,SHARED_PAYOUT_ACCOUNT
BEN-020555,RING-0317,SHARED_PAYOUT_ACCOUNT
BEN-037509,RING-0420,INCOMPATIBLE_SCHEME_CLAIMS
BEN-008099,RING-0377,SHARED_PAYOUT_ACCOUNT
BEN-019453,RING-0632,COMMON_COLLECTION_ACCOUNT
BEN-034631,RING-0523,GHOST_IDENTITY
BEN-031923,RING-0883,BATCH_FABRICATION
BEN-021892,RING-0360,SHARED_PAYOUT_ACCOUNT
BEN-023885,RING-0838,BATCH_FABRICATION
BEN-024102,RING-0375,SHARED_PAYOUT_ACCOUNT
BEN-046409,RING-0805,BATCH_FABRICATION
BEN-046418,RING-0325,SHARED_PAYOUT_ACCOUNT
BEN-005754,RING-0080,IDENTITY_CLONING
BEN-046124,RING-0348,SHARED_PAYOUT_ACCOUNT
BEN-015400,RING-0512,GHOST_IDENTITY
BEN-025801,RING-0312,SHARED_PAYOUT_ACCOUNT
BEN-017508,RING-0320,SHARED_PAYOUT_ACCOUNT
BEN-004200,RING-0482,INCOMPATIBLE_SCHEME_CLAIMS
BEN-033439,RING-0513,GHOST_IDENTITY
BEN-038820,RING-0412,INCOMPATIBLE_SCHEME_CLAIMS
BEN-033555,RING-0428,INCOMPATIBLE_SCHEME_CLAIMS
BEN-046106,RING-0398,SHARED_PAYOUT_ACCOUNT
BEN-010028,RING-0532,GHOST_IDENTITY
BEN-048125,RING-0859,BATCH_FABRICATION
BEN-005905,RING-0372,SHARED_PAYOUT_ACCOUNT
BEN-037597,RING-0818,BATCH_FABRICATION
BEN-013821,RING-0886,BATCH_FABRICATION
BEN-037234,RING-0900,BATCH_FABRICATION
BEN-049388,RING-0879,BATCH_FABRICATION
BEN-032305,RING-0707,CIRCULAR_TRANSFERS
BEN-030438,RING-0348,SHARED_PAYOUT_ACCOUNT
BEN-048527,RING-0380,SHARED_PAYOUT_ACCOUNT
BEN-047354,RING-0890,BATCH_FABRICATION
BEN-021432,RING-0602,COMMON_COLLECTION_ACCOUNT
BEN-034817,RING-0866,BATCH_FABRICATION
BEN-002983,RING-0826,BATCH_FABRICATION
BEN-024340,RING-0854,BATCH_FABRICATION
BEN-036620,RING-0319,SHARED_PAYOUT_ACCOUNT
BEN-006848,RING-0896,BATCH_FABRICATION
BEN-019587,RING-0825,BATCH_FABRICATION
BEN-006281,RING-0332,SHARED_PAYOUT_ACCOUNT
BEN-022354,RING-0700,COMMON_COLLECTION_ACCOUNT
BEN-039537,RING-0294,IDENTITY_CLONING
BEN-039491,CL-017,INCOMPATIBLE_SCHEME_CLAIMS
BEN-003539,RING-0260,IDENTITY_CLONING
BEN-007106,RING-0312,SHARED_PAYOUT_ACCOUNT
BEN-031941,RING-0537,GHOST_IDENTITY
BEN-010337,RING-0484,INCOMPATIBLE_SCHEME_CLAIMS
BEN-023787,RING-0166,IDENTITY_CLONING
BEN-027144,RING-0604,COMMON_COLLECTION_ACCOUNT
BEN-012563,RING-0857,BATCH_FABRICATION
BEN-034534,RING-0634,COMMON_COLLECTION_ACCOUNT
BEN-005826,RING-0400,SHARED_PAYOUT_ACCOUNT
BEN-038531,RING-0354,SHARED_PAYOUT_ACCOUNT
BEN-017784,RING-0476,INCOMPATIBLE_SCHEME_CLAIMS
BEN-040691,RING-0016,IDENTITY_CLONING
BEN-013079,RING-0399,SHARED_PAYOUT_ACCOUNT
BEN-030624,RING-0794,CIRCULAR_TRANSFERS
BEN-025641,RING-0494,INCOMPATIBLE_SCHEME_CLAIMS
BEN-045433,RING-0250,IDENTITY_CLONING
BEN-015832,RING-0886,BATCH_FABRICATION
BEN-018162,RING-0812,BATCH_FABRICATION
BEN-031911,RING-0196,IDENTITY_CLONING
BEN-019058,RING-0373,SHARED_PAYOUT_ACCOUNT
BEN-021455,RING-0330,SHARED_PAYOUT_ACCOUNT
BEN-001755,RING-0536,GHOST_IDENTITY
BEN-038952,RING-0091,IDENTITY_CLONING
BEN-000850,RING-0846,BATCH_FABRICATION
BEN-006604,RING-0839,BATCH_FABRICATION
BEN-025903,RING-0718,CIRCULAR_TRANSFERS
BEN-031949,RING-0633,COMMON_COLLECTION_ACCOUNT
BEN-015029,CL-017,SHARED_PAYOUT_ACCOUNT
BEN-035691,RING-0891,BATCH_FABRICATION
BEN-024622,RING-0503,GHOST_IDENTITY
BEN-026182,RING-0880,BATCH_FABRICATION
BEN-021537,RING-0446,INCOMPATIBLE_SCHEME_CLAIMS
BEN-018797,RING-0555,GHOST_IDENTITY
BEN-030003,RING-0717,CIRCULAR_TRANSFERS
BEN-011658,RING-0356,SHARED_PAYOUT_ACCOUNT
BEN-017169,RING-0652,COMMON_COLLECTION_ACCOUNT
BEN-027236,RING-0361,SHARED_PAYOUT_ACCOUNT
BEN-043183,RING-0774,CIRCULAR_TRANSFERS
BEN-044796,RING-0789,CIRCULAR_TRANSFERS
BEN-018482,RING-0189,IDENTITY_CLONING
BEN-000179,RING-0377,SHARED_PAYOUT_ACCOUNT
BEN-023139,RING-0306,SHARED_PAYOUT_ACCOUNT
BEN-022069,RING-0257,IDENTITY_CLONING
BEN-008370,RING-0609,COMMON_COLLECTION_ACCOUNT
BEN-009596,RING-0348,SHARED_PAYOUT_ACCOUNT
BEN-014140,RING-0872,BATCH_FABRICATION
BEN-007285,RING-0125,IDENTITY_CLONING
BEN-035838,RING-0530,GHOST_IDENTITY
BEN-035563,RING-0559,GHOST_IDENTITY
BEN-023285,RING-0529,GHOST_IDENTITY
BEN-026253,RING-0791,CIRCULAR_TRANSFERS
BEN-029479,RING-0336,SHARED_PAYOUT_ACCOUNT
BEN-014968,RING-0469,INCOMPATIBLE_SCHEME_CLAIMS
BEN-034156,RING-0414,INCOMPATIBLE_SCHEME_CLAIMS
BEN-047406,RING-0805,BATCH_FABRICATION
BEN-049558,CL-017,INCOMPATIBLE_SCHEME_CLAIMS
BEN-025076,RING-0651,COMMON_COLLECTION_ACCOUNT
BEN-039787,RING-0863,BATCH_FABRICATION
BEN-037614,RING-0387,SHARED_PAYOUT_ACCOUNT
BEN-017558,RING-0706,CIRCULAR_TRANSFERS
BEN-030811,RING-0863,BATCH_FABRICATION
BEN-043376,RING-0346,SHARED_PAYOUT_ACCOUNT
BEN-023129,RING-0652,COMMON_COLLECTION_ACCOUNT
BEN-046450,RING-0014,IDENTITY_CLONING
BEN-041129,RING-0303,SHARED_PAYOUT_ACCOUNT
BEN-010787,CL-017,INCOMPATIBLE_SCHEME_CLAIMS
BEN-023848,RING-0010,IDENTITY_CLONING
BEN-011742,RING-0324,SHARED_PAYOUT_ACCOUNT
BEN-034124,RING-0572,GHOST_IDENTITY
BEN-012134,RING-0807,BATCH_FABRICATION
BEN-012085,RING-0015,IDENTITY_CLONING
BEN-002704,RING-0608,COMMON_COLLECTION_ACCOUNT
BEN-035568,RING-0243,IDENTITY_CLONING
BEN-024701,RING-0313,SHARED_PAYOUT_ACCOUNT
BEN-010663,RING-0400,SHARED_PAYOUT_ACCOUNT
BEN-005827,RING-0606,COMMON_COLLECTION_ACCOUNT
BEN-015673,RING-0250,IDENTITY_CLONING
BEN-024505,RING-0372,SHARED_PAYOUT_ACCOUNT
BEN-044458,RING-0362,SHARED_PAYOUT_ACCOUNT
BEN-015153,RING-0690,COMMON_COLLECTION_ACCOUNT
BEN-013785,CL-017,CIRCULAR_TRANSFERS
BEN-039706,RING-0458,INCOMPATIBLE_SCHEME_CLAIMS
BEN-042425,RING-0554,GHOST_IDENTITY
BEN-002253,RING-0671,COMMON_COLLECTION_ACCOUNT
BEN-019286,RING-0835,BATCH_FABRICATION
BEN-048963,RING-0872,BATCH_FABRICATION
BEN-003965,RING-0649,COMMON_COLLECTION_ACCOUNT
BEN-001682,RING-0718,CIRCULAR_TRANSFERS
BEN-044853,RING-0515,GHOST_IDENTITY
BEN-000355,RING-0635,COMMON_COLLECTION_ACCOUNT
BEN-017355,RING-0805,BATCH_FABRICATION
BEN-047745,RING-0822,BATCH_FABRICATION
BEN-030127,RING-0571,GHOST_IDENTITY
BEN-039576,RING-0736,CIRCULAR_TRANSFERS
BEN-023099,RING-0858,BATCH_FABRICATION
BEN-040318,RING-0854,BATCH_FABRICATION
BEN-034657,RING-0507,GHOST_IDENTITY
BEN-021520,RING-0410,INCOMPATIBLE_SCHEME_CLAIMS
BEN-035913,RING-0858,BATCH_FABRICATION
BEN-008086,RING-0502,GHOST_IDENTITY
BEN-002591,CL-017,CIRCULAR_TRANSFERS
BEN-038802,RING-0305,SHARED_PAYOUT_ACCOUNT
BEN-020538,RING-0375,SHARED_PAYOUT_ACCOUNT
BEN-036583,RING-0648,COMMON_COLLECTION_ACCOUNT
BEN-030202,RING-0671,COMMON_COLLECTION_ACCOUNT
BEN-048072,RING-0348,SHARED_PAYOUT_ACCOUNT
BEN-043615,RING-0603,COMMON_COLLECTION_ACCOUNT
BEN-013152,RING-0525,GHOST_IDENTITY
BEN-034105,RING-0385,SHARED_PAYOUT_ACCOUNT
BEN-012156,RING-0828,BATCH_FABRICATION
BEN-010703,RING-0873,BATCH_FABRICATION
BEN-026432,RING-0810,BATCH_FABRICATION
BEN-048622,RING-0335,SHARED_PAYOUT_ACCOUNT
BEN-016283,RING-0852,BATCH_FABRICATION
BEN-010050,RING-0416,INCOMPATIBLE_SCHEME_CLAIMS
BEN-023953,RING-0508,GHOST_IDENTITY
BEN-027448,RING-0820,BATCH_FABRICATION
BEN-012608,RING-0347,SHARED_PAYOUT_ACCOUNT
BEN-021110,RING-0659,COMMON_COLLECTION_ACCOUNT
BEN-003423,RING-0386,SHARED_PAYOUT_ACCOUNT
BEN-023413,RING-0803,BATCH_FABRICATION
BEN-004052,RING-0548,GHOST_IDENTITY
BEN-009378,RING-0854,BATCH_FABRICATION
BEN-024619,RING-0536,GHOST_IDENTITY
BEN-027389,RING-0122,IDENTITY_CLONING
BEN-001318,RING-0422,INCOMPATIBLE_SCHEME_CLAIMS
BEN-024731,RING-0343,SHARED_PAYOUT_ACCOUNT
BEN-022253,RING-0254,IDENTITY_CLONING
BEN-029934,RING-0148,IDENTITY_CLONING
BEN-011314,RING-0660,COMMON_COLLECTION_ACCOUNT
BEN-010409,RING-0274,IDENTITY_CLONING
BEN-042085,RING-0901,BATCH_FABRICATION
BEN-006040,RING-0899,BATCH_FABRICATION
BEN-025617,RING-0063,IDENTITY_CLONING
BEN-030996,RING-0344,SHARED_PAYOUT_ACCOUNT
BEN-002823,RING-0436,INCOMPATIBLE_SCHEME_CLAIMS
BEN-043581,RING-0560,GHOST_IDENTITY
BEN-012678,RING-0604,COMMON_COLLECTION_ACCOUNT
BEN-010176,RING-0293,IDENTITY_CLONING
BEN-008593,RING-0882,BATCH_FABRICATION
BEN-046826,RING-0592,GHOST_IDENTITY
BEN-000670,RING-0534,GHOST_IDENTITY
BEN-037926,RING-0599,GHOST_IDENTITY
BEN-031906,RING-0566,GHOST_IDENTITY
BEN-046563,RING-0899,BATCH_FABRICATION
BEN-011257,RING-0333,SHARED_PAYOUT_ACCOUNT
BEN-004851,RING-0865,BATCH_FABRICATION
BEN-014240,RING-0573,GHOST_IDENTITY
BEN-024596,RING-0647,COMMON_COLLECTION_ACCOUNT
BEN-016558,RING-0326,SHARED_PAYOUT_ACCOUNT
BEN-046502,RING-0825,BATCH_FABRICATION
BEN-047116,RING-0398,SHARED_PAYOUT_ACCOUNT
BEN-034889,RING-0016,IDENTITY_CLONING
BEN-044837,RING-0451,INCOMPATIBLE_SCHEME_CLAIMS
BEN-021099,RING-0234,IDENTITY_CLONING
BEN-034481,RING-0142,IDENTITY_CLONING
BEN-021102,RING-0860,BATCH_FABRICATION
BEN-043945,RING-0814,BATCH_FABRICATION
BEN-047626,RING-0813,BATCH_FABRICATION
BEN-043333,RING-0059,IDENTITY_CLONING
BEN-020675,RING-0603,COMMON_COLLECTION_ACCOUNT
BEN-014046,RING-0585,GHOST_IDENTITY
BEN-015097,RING-0397,SHARED_PAYOUT_ACCOUNT
BEN-038146,RING-0027,IDENTITY_CLONING
BEN-035372,RING-0516,GHOST_IDENTITY
BEN-009720,RING-0683,COMMON_COLLECTION_ACCOUNT
BEN-022587,RING-0891,BATCH_FABRICATION
BEN-010244,RING-0347,SHARED_PAYOUT_ACCOUNT
BEN-046265,RING-0670,COMMON_COLLECTION_ACCOUNT
BEN-018995,RING-0581,GHOST_IDENTITY
BEN-041648,RING-0794,CIRCULAR_TRANSFERS
BEN-021290,RING-0356,SHARED_PAYOUT_ACCOUNT
BEN-013502,RING-0827,BATCH_FABRICATION
BEN-042327,RING-0343,SHARED_PAYOUT_ACCOUNT
BEN-027872,RING-0360,SHARED_PAYOUT_ACCOUNT
BEN-028948,RING-0538,GHOST_IDENTITY
BEN-029451,RING-0538,GHOST_IDENTITY
BEN-012673,RING-0191,IDENTITY_CLONING
BEN-046541,RING-0813,BATCH_FABRICATION
BEN-024943,RING-0760,CIRCULAR_TRANSFERS
BEN-006443,RING-0358,SHARED_PAYOUT_ACCOUNT
BEN-023038,RING-0681,COMMON_COLLECTION_ACCOUNT
BEN-045007,RING-0404,INCOMPATIBLE_SCHEME_CLAIMS
BEN-042185,RING-0197,IDENTITY_CLONING
BEN-016733,RING-0083,IDENTITY_CLONING
BEN-029363,RING-0872,BATCH_FABRICATION
BEN-017678,RING-0407,INCOMPATIBLE_SCHEME_CLAIMS
BEN-014859,RING-0717,CIRCULAR_TRANSFERS
BEN-038323,RING-0265,IDENTITY_CLONING
BEN-012001,RING-0751,CIRCULAR_TRANSFERS
BEN-025203,RING-0572,GHOST_IDENTITY
BEN-037008,RING-0796,CIRCULAR_TRANSFERS
BEN-037281,RING-0517,GHOST_IDENTITY
BEN-032421,RING-0717,CIRCULAR_TRANSFERS
BEN-038107,RING-0326,SHARED_PAYOUT_ACCOUNT
BEN-047221,RING-0347,SHARED_PAYOUT_ACCOUNT
BEN-025094,RING-0563,GHOST_IDENTITY
BEN-036644,RING-0664,COMMON_COLLECTION_ACCOUNT
BEN-032255,RING-0881,BATCH_FABRICATION
BEN-016645,RING-0538,GHOST_IDENTITY
BEN-017630,RING-0782,CIRCULAR_TRANSFERS
BEN-030771,RING-0682,COMMON_COLLECTION_ACCOUNT
BEN-046979,RING-0400,SHARED_PAYOUT_ACCOUNT
BEN-035820,RING-0342,SHARED_PAYOUT_ACCOUNT
BEN-041070,CL-017,IDENTITY_CLONING
BEN-035601,RING-0530,GHOST_IDENTITY
BEN-049666,RING-0633,COMMON_COLLECTION_ACCOUNT
BEN-005158,RING-0711,CIRCULAR_TRANSFERS
BEN-017812,RING-0088,IDENTITY_CLONING
BEN-010145,RING-0284,IDENTITY_CLONING
BEN-033701,RING-0818,BATCH_FABRICATION
BEN-031691,RING-0699,COMMON_COLLECTION_ACCOUNT
BEN-024981,RING-0599,GHOST_IDENTITY
BEN-044762,RING-0881,BATCH_FABRICATION
BEN-037515,RING-0141,IDENTITY_CLONING
BEN-028734,RING-0891,BATCH_FABRICATION
BEN-031860,RING-0325,SHARED_PAYOUT_ACCOUNT
BEN-021142,RING-0028,IDENTITY_CLONING
BEN-013426,RING-0695,COMMON_COLLECTION_ACCOUNT
BEN-026306,RING-0312,SHARED_PAYOUT_ACCOUNT
BEN-037735,RING-0731,CIRCULAR_TRANSFERS
BEN-016252,RING-0632,COMMON_COLLECTION_ACCOUNT
BEN-019996,RING-0551,GHOST_IDENTITY
BEN-023574,RING-0606,COMMON_COLLECTION_ACCOUNT
BEN-030208,RING-0223,IDENTITY_CLONING
BEN-011036,RING-0602,COMMON_COLLECTION_ACCOUNT
BEN-024495,RING-0861,BATCH_FABRICATION
BEN-039393,RING-0706,CIRCULAR_TRANSFERS
BEN-048174,RING-0382,SHARED_PAYOUT_ACCOUNT
BEN-018812,RING-0392,SHARED_PAYOUT_ACCOUNT
BEN-035680,RING-0343,SHARED_PAYOUT_ACCOUNT
BEN-016120,RING-0027,IDENTITY_CLONING
BEN-016148,RING-0488,INCOMPATIBLE_SCHEME_CLAIMS
BEN-012269,RING-0723,CIRCULAR_TRANSFERS
BEN-028395,RING-0355,SHARED_PAYOUT_ACCOUNT
BEN-043254,RING-0055,IDENTITY_CLONING
BEN-000493,RING-0801,CIRCULAR_TRANSFERS
BEN-002831,RING-0184,IDENTITY_CLONING
BEN-031148,RING-0394,SHARED_PAYOUT_ACCOUNT
BEN-039210,RING-0601,GHOST_IDENTITY
BEN-007814,RING-0679,COMMON_COLLECTION_ACCOUNT
BEN-000625,RING-0682,COMMON_COLLECTION_ACCOUNT
BEN-039584,RING-0421,INCOMPATIBLE_SCHEME_CLAIMS
BEN-040408,RING-0586,GHOST_IDENTITY
BEN-004839,RING-0548,GHOST_IDENTITY
BEN-039749,RING-0866,BATCH_FABRICATION
BEN-040537,RING-0346,SHARED_PAYOUT_ACCOUNT
BEN-037191,RING-0820,BATCH_FABRICATION
BEN-032164,RING-0897,BATCH_FABRICATION
BEN-011917,RING-0582,GHOST_IDENTITY
BEN-003106,RING-0065,IDENTITY_CLONING
BEN-018134,RING-0361,SHARED_PAYOUT_ACCOUNT
BEN-035147,RING-0807,BATCH_FABRICATION
BEN-037953,RING-0081,IDENTITY_CLONING
BEN-008231,RING-0211,IDENTITY_CLONING
BEN-010564,RING-0808,BATCH_FABRICATION
BEN-027617,RING-0342,SHARED_PAYOUT_ACCOUNT
BEN-045755,RING-0860,BATCH_FABRICATION
BEN-026739,RING-0898,BATCH_FABRICATION
BEN-045883,RING-0045,IDENTITY_CLONING
BEN-004450,RING-0672,COMMON_COLLECTION_ACCOUNT
BEN-026886,RING-0452,INCOMPATIBLE_SCHEME_CLAIMS
BEN-007049,RING-0849,BATCH_FABRICATION
BEN-023510,RING-0014,IDENTITY_CLONING
BEN-021263,RING-0843,BATCH_FABRICATION
BEN-017537,RING-0519,GHOST_IDENTITY
BEN-035455,RING-0900,BATCH_FABRICATION
BEN-027801,RING-0712,CIRCULAR_TRANSFERS
BEN-017353,RING-0664,COMMON_COLLECTION_ACCOUNT
BEN-043426,RING-0106,IDENTITY_CLONING
BEN-048089,RING-0670,COMMON_COLLECTION_ACCOUNT
BEN-022177,RING-0147,IDENTITY_CLONING
BEN-041880,RING-0835,BATCH_FABRICATION
BEN-028585,RING-0653,COMMON_COLLECTION_ACCOUNT
BEN-046933,RING-0831,BATCH_FABRICATION
BEN-041799,RING-0391,SHARED_PAYOUT_ACCOUNT
BEN-010601,RING-0034,IDENTITY_CLONING
BEN-037129,RING-0805,BATCH_FABRICATION
BEN-023218,RING-0584,GHOST_IDENTITY
BEN-004430,RING-0898,BATCH_FABRICATION
BEN-012029,RING-0267,IDENTITY_CLONING
BEN-012313,RING-0641,COMMON_COLLECTION_ACCOUNT
BEN-007349,RING-0356,SHARED_PAYOUT_ACCOUNT
BEN-015473,RING-0395,SHARED_PAYOUT_ACCOUNT
BEN-036881,CL-017,IDENTITY_CLONING
BEN-024429,RING-0358,SHARED_PAYOUT_ACCOUNT
BEN-006006,RING-0136,IDENTITY_CLONING
BEN-001468,RING-0465,INCOMPATIBLE_SCHEME_CLAIMS
BEN-006825,RING-0162,IDENTITY_CLONING
BEN-019702,RING-0594,GHOST_IDENTITY
BEN-005389,RING-0644,COMMON_COLLECTION_ACCOUNT
BEN-048724,RING-0818,BATCH_FABRICATION
BEN-019211,RING-0374,SHARED_PAYOUT_ACCOUNT
BEN-006854,RING-0046,IDENTITY_CLONING
BEN-034365,RING-0652,COMMON_COLLECTION_ACCOUNT
BEN-030460,RING-0789,CIRCULAR_TRANSFERS
BEN-046536,RING-0658,COMMON_COLLECTION_ACCOUNT
BEN-022954,RING-0587,GHOST_IDENTITY
BEN-040157,RING-0139,IDENTITY_CLONING
BEN-014398,RING-0376,SHARED_PAYOUT_ACCOUNT
BEN-000455,RING-0317,SHARED_PAYOUT_ACCOUNT
BEN-011942,RING-0316,SHARED_PAYOUT_ACCOUNT
BEN-006946,RING-0566,GHOST_IDENTITY
BEN-013171,RING-0401,SHARED_PAYOUT_ACCOUNT
BEN-024993,RING-0593,GHOST_IDENTITY
BEN-010797,RING-0879,BATCH_FABRICATION
BEN-035926,RING-0016,IDENTITY_CLONING
BEN-044688,RING-0439,INCOMPATIBLE_SCHEME_CLAIMS
BEN-001393,RING-0451,INCOMPATIBLE_SCHEME_CLAIMS
BEN-014253,RING-0741,CIRCULAR_TRANSFERS
BEN-010695,RING-0396,SHARED_PAYOUT_ACCOUNT
BEN-032912,RING-0227,IDENTITY_CLONING
BEN-003277,RING-0848,BATCH_FABRICATION
BEN-016694,RING-0831,BATCH_FABRICATION
BEN-013378,RING-0621,COMMON_COLLECTION_ACCOUNT
BEN-006153,RING-0020,IDENTITY_CLONING
BEN-031797,RING-0321,SHARED_PAYOUT_ACCOUNT
BEN-016197,RING-0400,SHARED_PAYOUT_ACCOUNT
BEN-038225,RING-0623,COMMON_COLLECTION_ACCOUNT
BEN-005314,RING-0553,GHOST_IDENTITY
BEN-002239,RING-0681,COMMON_COLLECTION_ACCOUNT
BEN-004823,RING-0866,BATCH_FABRICATION
BEN-017650,RING-0358,SHARED_PAYOUT_ACCOUNT
BEN-009155,RING-0821,BATCH_FABRICATION
BEN-016066,RING-0749,CIRCULAR_TRANSFERS
BEN-043341,RING-0282,IDENTITY_CLONING
BEN-009275,RING-0313,SHARED_PAYOUT_ACCOUNT
BEN-003671,RING-0837,BATCH_FABRICATION
BEN-045839,RING-0095,IDENTITY_CLONING
BEN-027060,RING-0204,IDENTITY_CLONING
BEN-047689,RING-0543,GHOST_IDENTITY
BEN-013049,RING-0858,BATCH_FABRICATION
BEN-048198,RING-0833,BATCH_FABRICATION
BEN-013566,RING-0882,BATCH_FABRICATION
BEN-021026,RING-0893,BATCH_FABRICATION
BEN-048741,RING-0624,COMMON_COLLECTION_ACCOUNT
BEN-017899,RING-0546,GHOST_IDENTITY
BEN-012619,RING-0752,CIRCULAR_TRANSFERS
BEN-045525,RING-0319,SHARED_PAYOUT_ACCOUNT
BEN-038167,RING-0839,BATCH_FABRICATION
BEN-043620,RING-0421,INCOMPATIBLE_SCHEME_CLAIMS
BEN-032323,RING-0205,IDENTITY_CLONING
BEN-029842,RING-0171,IDENTITY_CLONING
BEN-042517,RING-0113,IDENTITY_CLONING
BEN-045722,RING-0862,BATCH_FABRICATION
BEN-009179,RING-0241,IDENTITY_CLONING
BEN-014729,RING-0777,CIRCULAR_TRANSFERS
BEN-048834,RING-0197,IDENTITY_CLONING
BEN-005114,RING-0394,SHARED_PAYOUT_ACCOUNT
BEN-032485,RING-0430,INCOMPATIBLE_SCHEME_CLAIMS
BEN-033156,RING-0824,BATCH_FABRICATION
BEN-007176,RING-0096,IDENTITY_CLONING
BEN-038390,RING-0693,COMMON_COLLECTION_ACCOUNT
BEN-001584,RING-0123,IDENTITY_CLONING
BEN-019238,RING-0239,IDENTITY_CLONING
BEN-023426,RING-0605,COMMON_COLLECTION_ACCOUNT
BEN-013683,RING-0524,GHOST_IDENTITY
BEN-029625,RING-0806,BATCH_FABRICATION
BEN-026864,RING-0419,INCOMPATIBLE_SCHEME_CLAIMS
BEN-024668,RING-0894,BATCH_FABRICATION
BEN-047973,RING-0287,IDENTITY_CLONING
BEN-034829,RING-0061,IDENTITY_CLONING
BEN-011614,RING-0190,IDENTITY_CLONING
BEN-028041,RING-0531,GHOST_IDENTITY
BEN-002425,RING-0338,SHARED_PAYOUT_ACCOUNT
BEN-044724,RING-0175,IDENTITY_CLONING
BEN-023112,RING-0623,COMMON_COLLECTION_ACCOUNT
BEN-025238,RING-0522,GHOST_IDENTITY
BEN-041067,RING-0476,INCOMPATIBLE_SCHEME_CLAIMS
BEN-031113,RING-0457,INCOMPATIBLE_SCHEME_CLAIMS
BEN-022944,RING-0231,IDENTITY_CLONING
BEN-038346,RING-0700,COMMON_COLLECTION_ACCOUNT
BEN-008109,RING-0834,BATCH_FABRICATION
BEN-023263,RING-0329,SHARED_PAYOUT_ACCOUNT
BEN-021883,RING-0647,COMMON_COLLECTION_ACCOUNT
BEN-048727,RING-0331,SHARED_PAYOUT_ACCOUNT
BEN-042481,RING-0505,GHOST_IDENTITY
BEN-034816,RING-0188,IDENTITY_CLONING
BEN-049527,RING-0025,IDENTITY_CLONING
BEN-005168,CL-017,IDENTITY_CLONING
BEN-021549,RING-0164,IDENTITY_CLONING
BEN-049029,RING-0386,SHARED_PAYOUT_ACCOUNT
BEN-006658,RING-0353,SHARED_PAYOUT_ACCOUNT
BEN-027109,RING-0319,SHARED_PAYOUT_ACCOUNT
BEN-008069,RING-0114,IDENTITY_CLONING
BEN-035260,RING-0330,SHARED_PAYOUT_ACCOUNT
BEN-016239,RING-0357,SHARED_PAYOUT_ACCOUNT
BEN-040815,RING-0308,SHARED_PAYOUT_ACCOUNT
BEN-019919,RING-0900,BATCH_FABRICATION
BEN-003291,RING-0386,SHARED_PAYOUT_ACCOUNT
BEN-015635,RING-0864,BATCH_FABRICATION
BEN-030581,RING-0366,SHARED_PAYOUT_ACCOUNT
BEN-010047,RING-0548,GHOST_IDENTITY
BEN-020051,RING-0189,IDENTITY_CLONING
BEN-042372,RING-0124,IDENTITY_CLONING
BEN-032896,RING-0461,INCOMPATIBLE_SCHEME_CLAIMS
BEN-046793,RING-0062,IDENTITY_CLONING
BEN-045049,RING-0815,BATCH_FABRICATION
BEN-045897,RING-0853,BATCH_FABRICATION
BEN-034058,RING-0565,GHOST_IDENTITY
BEN-020500,RING-0399,SHARED_PAYOUT_ACCOUNT
BEN-040485,RING-0795,CIRCULAR_TRANSFERS
BEN-025323,RING-0643,COMMON_COLLECTION_ACCOUNT
BEN-049063,RING-0130,IDENTITY_CLONING
BEN-009475,RING-0348,SHARED_PAYOUT_ACCOUNT
BEN-031195,RING-0686,COMMON_COLLECTION_ACCOUNT
BEN-049783,RING-0310,SHARED_PAYOUT_ACCOUNT
BEN-033543,RING-0654,COMMON_COLLECTION_ACCOUNT
BEN-036943,RING-0462,INCOMPATIBLE_SCHEME_CLAIMS
BEN-039436,RING-0660,COMMON_COLLECTION_ACCOUNT
BEN-001014,RING-0413,INCOMPATIBLE_SCHEME_CLAIMS
BEN-007476,RING-0350,SHARED_PAYOUT_ACCOUNT
BEN-011002,RING-0423,INCOMPATIBLE_SCHEME_CLAIMS
BEN-028025,RING-0858,BATCH_FABRICATION
BEN-031392,RING-0851,BATCH_FABRICATION
BEN-040448,RING-0824,BATCH_FABRICATION
BEN-002020,RING-0581,GHOST_IDENTITY
BEN-002187,RING-0378,SHARED_PAYOUT_ACCOUNT
BEN-002149,RING-0524,GHOST_IDENTITY
BEN-029443,RING-0888,BATCH_FABRICATION
BEN-046698,RING-0535,GHOST_IDENTITY
BEN-032557,RING-0340,SHARED_PAYOUT_ACCOUNT
BEN-025361,RING-0033,IDENTITY_CLONING
BEN-030084,RING-0848,BATCH_FABRICATION
BEN-047188,RING-0373,SHARED_PAYOUT_ACCOUNT
BEN-023187,RING-0630,COMMON_COLLECTION_ACCOUNT
BEN-005934,RING-0691,COMMON_COLLECTION_ACCOUNT
BEN-033471,RING-0399,SHARED_PAYOUT_ACCOUNT
BEN-027480,RING-0056,IDENTITY_CLONING
BEN-030804,RING-0792,CIRCULAR_TRANSFERS
BEN-016332,RING-0701,COMMON_COLLECTION_ACCOUNT
BEN-034132,RING-0602,COMMON_COLLECTION_ACCOUNT
BEN-019956,RING-0397,SHARED_PAYOUT_ACCOUNT
BEN-026520,RING-0816,BATCH_FABRICATION
BEN-017733,RING-0126,IDENTITY_CLONING
BEN-013671,RING-0570,GHOST_IDENTITY
BEN-007103,RING-0630,COMMON_COLLECTION_ACCOUNT
BEN-048751,RING-0766,CIRCULAR_TRANSFERS
BEN-002683,RING-0889,BATCH_FABRICATION
BEN-002534,RING-0103,IDENTITY_CLONING
BEN-034936,RING-0571,GHOST_IDENTITY
BEN-001502,RING-0360,SHARED_PAYOUT_ACCOUNT
BEN-043157,RING-0581,GHOST_IDENTITY
BEN-013765,RING-0353,SHARED_PAYOUT_ACCOUNT
BEN-037278,RING-0868,BATCH_FABRICATION
BEN-028643,RING-0815,BATCH_FABRICATION
BEN-048370,RING-0720,CIRCULAR_TRANSFERS
BEN-026274,RING-0629,COMMON_COLLECTION_ACCOUNT
BEN-013785,CL-017,SHARED_PAYOUT_ACCOUNT
BEN-024299,RING-0226,IDENTITY_CLONING
BEN-048291,RING-0388,SHARED_PAYOUT_ACCOUNT
BEN-022139,RING-0140,IDENTITY_CLONING
BEN-044767,RING-0526,GHOST_IDENTITY
BEN-028739,RING-0655,COMMON_COLLECTION_ACCOUNT
BEN-039437,RING-0537,GHOST_IDENTITY
BEN-042352,RING-0570,GHOST_IDENTITY
BEN-028466,RING-0855,BATCH_FABRICATION
BEN-012656,RING-0771,CIRCULAR_TRANSFERS
BEN-003664,RING-0828,BATCH_FABRICATION
BEN-004597,RING-0528,GHOST_IDENTITY
BEN-049263,RING-0310,SHARED_PAYOUT_ACCOUNT
BEN-018831,RING-0112,IDENTITY_CLONING
BEN-028778,RING-0816,BATCH_FABRICATION
BEN-015426,RING-0311,SHARED_PAYOUT_ACCOUNT
BEN-009084,RING-0892,BATCH_FABRICATION
BEN-042104,RING-0037,IDENTITY_CLONING
BEN-006391,CL-017,CIRCULAR_TRANSFERS
BEN-012653,RING-0712,CIRCULAR_TRANSFERS
BEN-017897,RING-0382,SHARED_PAYOUT_ACCOUNT
BEN-032199,RING-0477,INCOMPATIBLE_SCHEME_CLAIMS
BEN-034288,RING-0897,BATCH_FABRICATION
BEN-034857,RING-0555,GHOST_IDENTITY
BEN-023808,RING-0357,SHARED_PAYOUT_ACCOUNT
BEN-046851,RING-0720,CIRCULAR_TRANSFERS
BEN-030097,RING-0879,BATCH_FABRICATION
BEN-039004,RING-0614,COMMON_COLLECTION_ACCOUNT
BEN-018323,RING-0829,BATCH_FABRICATION
BEN-039284,RING-0282,IDENTITY_CLONING
BEN-017394,RING-0632,COMMON_COLLECTION_ACCOUNT
BEN-009744,RING-0803,BATCH_FABRICATION
BEN-043879,RING-0620,COMMON_COLLECTION_ACCOUNT
BEN-033165,RING-0865,BATCH_FABRICATION
BEN-046576,RING-0564,GHOST_IDENTITY
BEN-017022,RING-0682,COMMON_COLLECTION_ACCOUNT
BEN-032246,RING-0897,BATCH_FABRICATION
BEN-028601,RING-0629,COMMON_COLLECTION_ACCOUNT
BEN-038498,RING-0271,IDENTITY_CLONING
BEN-042458,RING-0811,BATCH_FABRICATION
BEN-000390,RING-0303,SHARED_PAYOUT_ACCOUNT
BEN-045282,RING-0280,IDENTITY_CLONING
BEN-030330,RING-0490,INCOMPATIBLE_SCHEME_CLAIMS
BEN-013796,RING-0663,COMMON_COLLECTION_ACCOUNT
BEN-018135,RING-0430,INCOMPATIBLE_SCHEME_CLAIMS
BEN-017930,RING-0848,BATCH_FABRICATION
BEN-037737,RING-0665,COMMON_COLLECTION_ACCOUNT
BEN-047858,RING-0307,SHARED_PAYOUT_ACCOUNT
BEN-023083,CL-017,COMMON_COLLECTION_ACCOUNT
BEN-031361,RING-0208,IDENTITY_CLONING
BEN-023083,CL-017,INCOMPATIBLE_SCHEME_CLAIMS
BEN-029265,RING-0293,IDENTITY_CLONING
BEN-008169,RING-0369,SHARED_PAYOUT_ACCOUNT
BEN-039388,RING-0390,SHARED_PAYOUT_ACCOUNT
BEN-005509,RING-0558,GHOST_IDENTITY
BEN-048832,RING-0219,IDENTITY_CLONING
BEN-013596,RING-0898,BATCH_FABRICATION
BEN-045988,RING-0102,IDENTITY_CLONING
BEN-002528,RING-0583,GHOST_IDENTITY
BEN-010983,RING-0814,BATCH_FABRICATION
BEN-036760,RING-0361,SHARED_PAYOUT_ACCOUNT
BEN-046351,RING-0690,COMMON_COLLECTION_ACCOUNT
BEN-037009,RING-0117,IDENTITY_CLONING
BEN-020871,RING-0680,COMMON_COLLECTION_ACCOUNT
BEN-045047,RING-0369,SHARED_PAYOUT_ACCOUNT
BEN-002111,RING-0827,BATCH_FABRICATION
BEN-029197,RING-0502,GHOST_IDENTITY
BEN-013492,RING-0268,IDENTITY_CLONING
BEN-004614,RING-0552,GHOST_IDENTITY
BEN-015598,RING-0625,COMMON_COLLECTION_ACCOUNT
BEN-028446,RING-0831,BATCH_FABRICATION
BEN-008782,RING-0236,IDENTITY_CLONING
BEN-020117,RING-0263,IDENTITY_CLONING
BEN-031382,RING-0820,BATCH_FABRICATION
BEN-013403,RING-0765,CIRCULAR_TRANSFERS
BEN-006370,RING-0288,IDENTITY_CLONING
BEN-002591,CL-017,SHARED_PAYOUT_ACCOUNT
BEN-045048,RING-0313,SHARED_PAYOUT_ACCOUNT
BEN-022307,RING-0710,CIRCULAR_TRANSFERS
BEN-043781,RING-0324,SHARED_PAYOUT_ACCOUNT
BEN-035760,RING-0386,SHARED_PAYOUT_ACCOUNT
BEN-011393,RING-0764,CIRCULAR_TRANSFERS
BEN-003604,RING-0185,IDENTITY_CLONING
BEN-008980,RING-0568,GHOST_IDENTITY
BEN-017092,RING-0348,SHARED_PAYOUT_ACCOUNT
BEN-035882,RING-0309,SHARED_PAYOUT_ACCOUNT
BEN-022701,RING-0547,GHOST_IDENTITY
BEN-037903,RING-0530,GHOST_IDENTITY
BEN-020129,RING-0433,INCOMPATIBLE_SCHEME_CLAIMS
BEN-001227,RING-0811,BATCH_FABRICATION
BEN-026796,RING-0365,SHARED_PAYOUT_ACCOUNT
BEN-043498,RING-0445,INCOMPATIBLE_SCHEME_CLAIMS
BEN-030576,RING-0844,BATCH_FABRICATION
BEN-049431,RING-0536,GHOST_IDENTITY
BEN-026296,RING-0891,BATCH_FABRICATION
BEN-007100,RING-0536,GHOST_IDENTITY
BEN-018877,RING-0348,SHARED_PAYOUT_ACCOUNT
BEN-033989,RING-0453,INCOMPATIBLE_SCHEME_CLAIMS
BEN-024481,RING-0395,SHARED_PAYOUT_ACCOUNT
BEN-028605,RING-0627,COMMON_COLLECTION_ACCOUNT
BEN-021323,RING-0641,COMMON_COLLECTION_ACCOUNT
BEN-045644,RING-0892,BATCH_FABRICATION
BEN-031426,RING-0600,GHOST_IDENTITY
BEN-006293,RING-0824,BATCH_FABRICATION
BEN-043400,RING-0394,SHARED_PAYOUT_ACCOUNT
BEN-003287,RING-0638,COMMON_COLLECTION_ACCOUNT
BEN-043177,RING-0840,BATCH_FABRICATION
BEN-024785,RING-0661,COMMON_COLLECTION_ACCOUNT
BEN-009236,RING-0463,INCOMPATIBLE_SCHEME_CLAIMS
BEN-021920,RING-0643,COMMON_COLLECTION_ACCOUNT
BEN-011962,RING-0567,GHOST_IDENTITY
BEN-026849,RING-0503,GHOST_IDENTITY
BEN-040571,RING-0687,COMMON_COLLECTION_ACCOUNT
BEN-023680,RING-0203,IDENTITY_CLONING
BEN-015743,RING-0648,COMMON_COLLECTION_ACCOUNT
BEN-005758,RING-0485,INCOMPATIBLE_SCHEME_CLAIMS
BEN-016160,RING-0356,SHARED_PAYOUT_ACCOUNT
BEN-037220,RING-0113,IDENTITY_CLONING
BEN-002432,RING-0279,IDENTITY_CLONING
BEN-024704,RING-0892,BATCH_FABRICATION
BEN-035534,RING-0829,BATCH_FABRICATION
BEN-044131,RING-0071,IDENTITY_CLONING
BEN-038856,RING-0557,GHOST_IDENTITY
BEN-035399,RING-0715,CIRCULAR_TRANSFERS
BEN-044802,RING-0896,BATCH_FABRICATION
BEN-042441,RING-0723,CIRCULAR_TRANSFERS
BEN-042917,RING-0893,BATCH_FABRICATION
BEN-024983,RING-0860,BATCH_FABRICATION
BEN-019614,RING-0729,CIRCULAR_TRANSFERS
BEN-013232,RING-0399,SHARED_PAYOUT_ACCOUNT
BEN-047833,RING-0808,BATCH_FABRICATION
BEN-038570,RING-0183,IDENTITY_CLONING
BEN-020266,RING-0376,SHARED_PAYOUT_ACCOUNT
BEN-011332,RING-0851,BATCH_FABRICATION
BEN-043722,RING-0890,BATCH_FABRICATION
BEN-017381,RING-0839,BATCH_FABRICATION
BEN-035193,RING-0622,COMMON_COLLECTION_ACCOUNT
BEN-036443,RING-0322,SHARED_PAYOUT_ACCOUNT
BEN-014460,RING-0386,SHARED_PAYOUT_ACCOUNT
BEN-037762,RING-0519,GHOST_IDENTITY
BEN-006563,RING-0447,INCOMPATIBLE_SCHEME_CLAIMS
BEN-022299,RING-0628,COMMON_COLLECTION_ACCOUNT
BEN-038988,RING-0569,GHOST_IDENTITY
BEN-029511,RING-0084,IDENTITY_CLONING
BEN-030489,RING-0315,SHARED_PAYOUT_ACCOUNT
BEN-016144,RING-0311,SHARED_PAYOUT_ACCOUNT
BEN-013715,RING-0840,BATCH_FABRICATION
BEN-005832,RING-0466,INCOMPATIBLE_SCHEME_CLAIMS
BEN-034214,RING-0297,IDENTITY_CLONING
BEN-001250,RING-0153,IDENTITY_CLONING
BEN-019314,RING-0533,GHOST_IDENTITY
BEN-048581,RING-0362,SHARED_PAYOUT_ACCOUNT
BEN-022038,RING-0588,GHOST_IDENTITY
BEN-045497,RING-0177,IDENTITY_CLONING
BEN-034645,RING-0123,IDENTITY_CLONING
BEN-006125,RING-0616,COMMON_COLLECTION_ACCOUNT
BEN-049101,RING-0294,IDENTITY_CLONING
BEN-030103,RING-0747,CIRCULAR_TRANSFERS
BEN-029037,RING-0643,COMMON_COLLECTION_ACCOUNT
BEN-023985,RING-0891,BATCH_FABRICATION
BEN-047490,RING-0232,IDENTITY_CLONING
BEN-002566,RING-0369,SHARED_PAYOUT_ACCOUNT
BEN-005371,RING-0265,IDENTITY_CLONING
BEN-011087,RING-0887,BATCH_FABRICATION
BEN-006880,RING-0766,CIRCULAR_TRANSFERS
BEN-000777,RING-0553,GHOST_IDENTITY
BEN-026613,RING-0605,COMMON_COLLECTION_ACCOUNT
BEN-015437,RING-0522,GHOST_IDENTITY
BEN-019475,RING-0795,CIRCULAR_TRANSFERS
BEN-034056,RING-0311,SHARED_PAYOUT_ACCOUNT
BEN-048750,RING-0326,SHARED_PAYOUT_ACCOUNT
BEN-042837,RING-0843,BATCH_FABRICATION
BEN-022514,RING-0383,SHARED_PAYOUT_ACCOUNT
BEN-032066,RING-0199,IDENTITY_CLONING
BEN-001289,RING-0477,INCOMPATIBLE_SCHEME_CLAIMS
BEN-045077,RING-0823,BATCH_FABRICATION
BEN-015664,RING-0553,GHOST_IDENTITY
BEN-042062,RING-0383,SHARED_PAYOUT_ACCOUNT
BEN-024675,RING-0693,COMMON_COLLECTION_ACCOUNT
BEN-038564,RING-0832,BATCH_FABRICATION
BEN-020402,RING-0367,SHARED_PAYOUT_ACCOUNT
BEN-028487,RING-0434,INCOMPATIBLE_SCHEME_CLAIMS
BEN-018262,RING-0880,BATCH_FABRICATION
BEN-028110,RING-0792,CIRCULAR_TRANSFERS
BEN-014361,RING-0620,COMMON_COLLECTION_ACCOUNT
BEN-020800,RING-0691,COMMON_COLLECTION_ACCOUNT
BEN-031696,RING-0387,SHARED_PAYOUT_ACCOUNT
BEN-034348,RING-0525,GHOST_IDENTITY
BEN-017017,RING-0302,SHARED_PAYOUT_ACCOUNT
BEN-014019,RING-0207,IDENTITY_CLONING
BEN-015581,RING-0326,SHARED_PAYOUT_ACCOUNT
BEN-018341,RING-0392,SHARED_PAYOUT_ACCOUNT
BEN-043576,RING-0471,INCOMPATIBLE_SCHEME_CLAIMS
BEN-018456,RING-0848,BATCH_FABRICATION
BEN-009286,RING-0330,SHARED_PAYOUT_ACCOUNT
BEN-027266,RING-0206,IDENTITY_CLONING
BEN-030112,RING-0548,GHOST_IDENTITY
BEN-037424,RING-0509,GHOST_IDENTITY
BEN-020649,RING-0878,BATCH_FABRICATION
BEN-011240,RING-0648,COMMON_COLLECTION_ACCOUNT
BEN-044354,RING-0337,SHARED_PAYOUT_ACCOUNT
BEN-045037,RING-0897,BATCH_FABRICATION
BEN-000687,RING-0443,INCOMPATIBLE_SCHEME_CLAIMS
BEN-034075,RING-0412,INCOMPATIBLE_SCHEME_CLAIMS
BEN-002851,RING-0641,COMMON_COLLECTION_ACCOUNT
BEN-001989,RING-0684,COMMON_COLLECTION_ACCOUNT
BEN-003446,RING-0678,COMMON_COLLECTION_ACCOUNT
BEN-046380,RING-0748,CIRCULAR_TRANSFERS
BEN-020886,RING-0520,GHOST_IDENTITY
BEN-019993,RING-0871,BATCH_FABRICATION
BEN-037229,RING-0163,IDENTITY_CLONING
BEN-005746,RING-0561,GHOST_IDENTITY
BEN-011367,RING-0061,IDENTITY_CLONING
BEN-029866,RING-0839,BATCH_FABRICATION
BEN-047906,RING-0320,SHARED_PAYOUT_ACCOUNT
BEN-039491,CL-017,IDENTITY_CLONING
BEN-028060,RING-0171,IDENTITY_CLONING
BEN-040883,RING-0473,INCOMPATIBLE_SCHEME_CLAIMS
BEN-033892,RING-0615,COMMON_COLLECTION_ACCOUNT
BEN-040531,RING-0876,BATCH_FABRICATION
BEN-046988,RING-0553,GHOST_IDENTITY
BEN-032800,RING-0693,COMMON_COLLECTION_ACCOUNT
BEN-042283,RING-0190,IDENTITY_CLONING
BEN-020021,RING-0676,COMMON_COLLECTION_ACCOUNT
BEN-018129,RING-0844,BATCH_FABRICATION
BEN-016479,RING-0391,SHARED_PAYOUT_ACCOUNT
BEN-044069,RING-0884,BATCH_FABRICATION
BEN-049299,RING-0581,GHOST_IDENTITY
BEN-025806,RING-0358,SHARED_PAYOUT_ACCOUNT
BEN-002663,RING-0222,IDENTITY_CLONING
BEN-043356,RING-0802,BATCH_FABRICATION
BEN-011726,RING-0087,IDENTITY_CLONING
BEN-022994,RING-0442,INCOMPATIBLE_SCHEME_CLAIMS
BEN-040738,RING-0121,IDENTITY_CLONING
BEN-026242,RING-0392,SHARED_PAYOUT_ACCOUNT
BEN-023499,RING-0332,SHARED_PAYOUT_ACCOUNT
BEN-018152,RING-0436,INCOMPATIBLE_SCHEME_CLAIMS
BEN-031756,RING-0825,BATCH_FABRICATION
BEN-017861,RING-0656,COMMON_COLLECTION_ACCOUNT
BEN-043005,RING-0385,SHARED_PAYOUT_ACCOUNT
BEN-025679,RING-0479,INCOMPATIBLE_SCHEME_CLAIMS
BEN-004482,RING-0810,BATCH_FABRICATION
BEN-023006,RING-0615,COMMON_COLLECTION_ACCOUNT
BEN-003953,RING-0408,INCOMPATIBLE_SCHEME_CLAIMS
BEN-020231,RING-0404,INCOMPATIBLE_SCHEME_CLAIMS
BEN-027009,RING-0360,SHARED_PAYOUT_ACCOUNT
BEN-039647,RING-0510,GHOST_IDENTITY
BEN-010598,RING-0331,SHARED_PAYOUT_ACCOUNT
BEN-015029,CL-017,CIRCULAR_TRANSFERS
BEN-018268,RING-0753,CIRCULAR_TRANSFERS
BEN-004619,RING-0853,BATCH_FABRICATION
BEN-008314,RING-0578,GHOST_IDENTITY
BEN-047018,RING-0681,COMMON_COLLECTION_ACCOUNT
BEN-001764,RING-0650,COMMON_COLLECTION_ACCOUNT
BEN-019331,RING-0508,GHOST_IDENTITY
BEN-037682,RING-0340,SHARED_PAYOUT_ACCOUNT
BEN-048819,RING-0793,CIRCULAR_TRANSFERS
BEN-011785,RING-0848,BATCH_FABRICATION
BEN-008878,RING-0729,CIRCULAR_TRANSFERS
BEN-016961,RING-0274,IDENTITY_CLONING
BEN-025495,RING-0873,BATCH_FABRICATION
BEN-021066,RING-0652,COMMON_COLLECTION_ACCOUNT
BEN-015266,RING-0847,BATCH_FABRICATION
BEN-016090,RING-0353,SHARED_PAYOUT_ACCOUNT
BEN-039587,RING-0411,INCOMPATIBLE_SCHEME_CLAIMS
BEN-037632,RING-0683,COMMON_COLLECTION_ACCOUNT
BEN-048717,RING-0166,IDENTITY_CLONING
BEN-011055,RING-0382,SHARED_PAYOUT_ACCOUNT
BEN-030132,RING-0309,SHARED_PAYOUT_ACCOUNT
BEN-026142,RING-0601,GHOST_IDENTITY
BEN-045953,RING-0869,BATCH_FABRICATION
BEN-017060,RING-0780,CIRCULAR_TRANSFERS
BEN-034179,RING-0709,CIRCULAR_TRANSFERS
BEN-037414,RING-0355,SHARED_PAYOUT_ACCOUNT
BEN-024176,RING-0381,SHARED_PAYOUT_ACCOUNT
BEN-041374,RING-0304,SHARED_PAYOUT_ACCOUNT
BEN-006515,RING-0330,SHARED_PAYOUT_ACCOUNT
BEN-049455,RING-0594,GHOST_IDENTITY
BEN-042008,RING-0378,SHARED_PAYOUT_ACCOUNT
BEN-039200,RING-0119,IDENTITY_CLONING
BEN-009621,RING-0746,CIRCULAR_TRANSFERS
BEN-033021,RING-0021,IDENTITY_CLONING
BEN-049932,RING-0127,IDENTITY_CLONING
BEN-030110,RING-0363,SHARED_PAYOUT_ACCOUNT
BEN-033547,RING-0231,IDENTITY_CLONING
BEN-012911,RING-0361,SHARED_PAYOUT_ACCOUNT
BEN-024949,RING-0891,BATCH_FABRICATION
BEN-045879,RING-0883,BATCH_FABRICATION
BEN-043972,RING-0531,GHOST_IDENTITY
BEN-025879,RING-0544,GHOST_IDENTITY
BEN-018914,RING-0882,BATCH_FABRICATION
BEN-014886,RING-0804,BATCH_FABRICATION
BEN-049222,RING-0565,GHOST_IDENTITY
BEN-008809,RING-0819,BATCH_FABRICATION
BEN-046897,RING-0797,CIRCULAR_TRANSFERS
BEN-017100,RING-0102,IDENTITY_CLONING
BEN-013815,RING-0327,SHARED_PAYOUT_ACCOUNT
BEN-008665,RING-0539,GHOST_IDENTITY
BEN-028694,RING-0401,SHARED_PAYOUT_ACCOUNT
BEN-045558,RING-0831,BATCH_FABRICATION
BEN-047284,RING-0824,BATCH_FABRICATION
BEN-043520,RING-0555,GHOST_IDENTITY
BEN-048457,RING-0523,GHOST_IDENTITY
BEN-046420,RING-0866,BATCH_FABRICATION
BEN-033502,RING-0727,CIRCULAR_TRANSFERS
BEN-039214,RING-0019,IDENTITY_CLONING
BEN-012800,RING-0726,CIRCULAR_TRANSFERS
BEN-021918,RING-0492,INCOMPATIBLE_SCHEME_CLAIMS
BEN-025510,RING-0531,GHOST_IDENTITY
BEN-017661,RING-0582,GHOST_IDENTITY
BEN-021637,RING-0663,COMMON_COLLECTION_ACCOUNT
BEN-014286,RING-0329,SHARED_PAYOUT_ACCOUNT
BEN-041842,RING-0232,IDENTITY_CLONING
BEN-026929,RING-0286,IDENTITY_CLONING
BEN-032973,RING-0559,GHOST_IDENTITY
BEN-013882,RING-0551,GHOST_IDENTITY
BEN-025042,RING-0046,IDENTITY_CLONING
BEN-026963,RING-0008,IDENTITY_CLONING
BEN-044832,RING-0448,INCOMPATIBLE_SCHEME_CLAIMS
BEN-036597,RING-0806,BATCH_FABRICATION
BEN-002328,RING-0036,IDENTITY_CLONING
BEN-005745,RING-0791,CIRCULAR_TRANSFERS
BEN-031896,RING-0192,IDENTITY_CLONING
BEN-043330,RING-0873,BATCH_FABRICATION
BEN-018687,RING-0620,COMMON_COLLECTION_ACCOUNT
BEN-004573,RING-0603,COMMON_COLLECTION_ACCOUNT
BEN-005910,RING-0351,SHARED_PAYOUT_ACCOUNT
BEN-004509,RING-0690,COMMON_COLLECTION_ACCOUNT
BEN-044668,RING-0871,BATCH_FABRICATION
BEN-001110,RING-0644,COMMON_COLLECTION_ACCOUNT
BEN-046376,RING-0397,SHARED_PAYOUT_ACCOUNT
BEN-047785,RING-0851,BATCH_FABRICATION
BEN-036245,RING-0339,SHARED_PAYOUT_ACCOUNT
BEN-020547,RING-0355,SHARED_PAYOUT_ACCOUNT
BEN-048215,RING-0629,COMMON_COLLECTION_ACCOUNT
BEN-008342,RING-0438,INCOMPATIBLE_SCHEME_CLAIMS
BEN-019692,RING-0880,BATCH_FABRICATION
BEN-001968,RING-0619,COMMON_COLLECTION_ACCOUNT
BEN-020582,RING-0161,IDENTITY_CLONING
BEN-014175,RING-0610,COMMON_COLLECTION_ACCOUNT
BEN-037062,RING-0196,IDENTITY_CLONING
BEN-010895,RING-0625,COMMON_COLLECTION_ACCOUNT
BEN-046546,RING-0814,BATCH_FABRICATION
BEN-015751,RING-0514,GHOST_IDENTITY
BEN-045268,RING-0516,GHOST_IDENTITY
BEN-010433,RING-0618,COMMON_COLLECTION_ACCOUNT
BEN-005013,RING-0759,CIRCULAR_TRANSFERS
BEN-015882,RING-0725,CIRCULAR_TRANSFERS
BEN-026621,RING-0508,GHOST_IDENTITY
BEN-039114,RING-0364,SHARED_PAYOUT_ACCOUNT
BEN-023185,RING-0797,CIRCULAR_TRANSFERS
BEN-036372,RING-0400,SHARED_PAYOUT_ACCOUNT
BEN-027553,RING-0888,BATCH_FABRICATION
BEN-003975,RING-0081,IDENTITY_CLONING
BEN-039308,RING-0684,COMMON_COLLECTION_ACCOUNT
BEN-039891,RING-0717,CIRCULAR_TRANSFERS
BEN-007836,RING-0518,GHOST_IDENTITY
BEN-011724,RING-0301,IDENTITY_CLONING
BEN-021681,RING-0104,IDENTITY_CLONING
BEN-000475,RING-0502,GHOST_IDENTITY
BEN-012944,RING-0455,INCOMPATIBLE_SCHEME_CLAIMS
BEN-024692,RING-0514,GHOST_IDENTITY
BEN-039723,RING-0838,BATCH_FABRICATION
BEN-008353,RING-0308,SHARED_PAYOUT_ACCOUNT
BEN-048872,RING-0157,IDENTITY_CLONING
BEN-035712,RING-0313,SHARED_PAYOUT_ACCOUNT
BEN-044182,RING-0830,BATCH_FABRICATION
BEN-013354,RING-0437,INCOMPATIBLE_SCHEME_CLAIMS
BEN-021716,RING-0445,INCOMPATIBLE_SCHEME_CLAIMS
BEN-004755,RING-0529,GHOST_IDENTITY
BEN-020815,RING-0417,INCOMPATIBLE_SCHEME_CLAIMS
BEN-021269,RING-0100,IDENTITY_CLONING
BEN-010058,RING-0845,BATCH_FABRICATION
BEN-000937,RING-0901,BATCH_FABRICATION
BEN-007416,RING-0345,SHARED_PAYOUT_ACCOUNT
BEN-010310,RING-0082,IDENTITY_CLONING
BEN-013973,RING-0862,BATCH_FABRICATION
BEN-032893,RING-0626,COMMON_COLLECTION_ACCOUNT
BEN-025612,RING-0665,COMMON_COLLECTION_ACCOUNT
BEN-030680,RING-0617,COMMON_COLLECTION_ACCOUNT
BEN-015983,RING-0884,BATCH_FABRICATION
BEN-041525,RING-0840,BATCH_FABRICATION
BEN-046679,RING-0690,COMMON_COLLECTION_ACCOUNT
BEN-032103,RING-0522,GHOST_IDENTITY
BEN-014394,RING-0746,CIRCULAR_TRANSFERS
BEN-048196,RING-0618,COMMON_COLLECTION_ACCOUNT
BEN-000831,RING-0456,INCOMPATIBLE_SCHEME_CLAIMS
BEN-009049,RING-0543,GHOST_IDENTITY
BEN-007748,RING-0291,IDENTITY_CLONING
BEN-015364,RING-0306,SHARED_PAYOUT_ACCOUNT
BEN-007143,RING-0873,BATCH_FABRICATION
BEN-034225,RING-0097,IDENTITY_CLONING
BEN-002357,RING-0385,SHARED_PAYOUT_ACCOUNT
BEN-049623,RING-0322,SHARED_PAYOUT_ACCOUNT
BEN-049782,RING-0582,GHOST_IDENTITY
BEN-033720,RING-0342,SHARED_PAYOUT_ACCOUNT
BEN-008162,RING-0878,BATCH_FABRICATION
BEN-023372,RING-0724,CIRCULAR_TRANSFERS
BEN-028680,RING-0334,SHARED_PAYOUT_ACCOUNT
BEN-007727,RING-0015,IDENTITY_CLONING
BEN-015771,RING-0583,GHOST_IDENTITY
BEN-025849,RING-0877,BATCH_FABRICATION
BEN-004277,RING-0276,IDENTITY_CLONING
BEN-024290,RING-0526,GHOST_IDENTITY
BEN-036049,RING-0446,INCOMPATIBLE_SCHEME_CLAIMS
BEN-042265,RING-0420,INCOMPATIBLE_SCHEME_CLAIMS
BEN-022723,RING-0515,GHOST_IDENTITY
BEN-034993,RING-0317,SHARED_PAYOUT_ACCOUNT
BEN-043560,RING-0568,GHOST_IDENTITY
BEN-011296,RING-0887,BATCH_FABRICATION
BEN-027112,RING-0331,SHARED_PAYOUT_ACCOUNT
BEN-030971,RING-0874,BATCH_FABRICATION
BEN-003194,RING-0790,CIRCULAR_TRANSFERS
BEN-015102,RING-0877,BATCH_FABRICATION
BEN-039703,RING-0366,SHARED_PAYOUT_ACCOUNT
BEN-011246,RING-0002,IDENTITY_CLONING
BEN-038694,RING-0886,BATCH_FABRICATION
BEN-029224,RING-0264,IDENTITY_CLONING
BEN-043232,RING-0688,COMMON_COLLECTION_ACCOUNT
BEN-041369,RING-0288,IDENTITY_CLONING
BEN-028485,RING-0383,SHARED_PAYOUT_ACCOUNT
BEN-015399,RING-0727,CIRCULAR_TRANSFERS
BEN-027248,RING-0713,CIRCULAR_TRANSFERS
BEN-046960,RING-0619,COMMON_COLLECTION_ACCOUNT
BEN-031977,RING-0828,BATCH_FABRICATION
BEN-000012,RING-0020,IDENTITY_CLONING
BEN-047085,RING-0631,COMMON_COLLECTION_ACCOUNT
BEN-039262,RING-0783,CIRCULAR_TRANSFERS
BEN-048375,RING-0634,COMMON_COLLECTION_ACCOUNT
BEN-014484,RING-0562,GHOST_IDENTITY
BEN-018191,RING-0321,SHARED_PAYOUT_ACCOUNT
BEN-021909,RING-0503,GHOST_IDENTITY
BEN-016323,RING-0601,GHOST_IDENTITY
BEN-041011,RING-0490,INCOMPATIBLE_SCHEME_CLAIMS
BEN-023368,RING-0050,IDENTITY_CLONING
BEN-042936,RING-0395,SHARED_PAYOUT_ACCOUNT
BEN-005877,RING-0161,IDENTITY_CLONING
BEN-045468,RING-0641,COMMON_COLLECTION_ACCOUNT
BEN-039671,RING-0863,BATCH_FABRICATION
BEN-001125,RING-0281,IDENTITY_CLONING
BEN-031495,RING-0346,SHARED_PAYOUT_ACCOUNT
BEN-008618,RING-0351,SHARED_PAYOUT_ACCOUNT
BEN-012435,RING-0825,BATCH_FABRICATION
BEN-044738,RING-0458,INCOMPATIBLE_SCHEME_CLAIMS
BEN-011590,RING-0174,IDENTITY_CLONING
BEN-007228,RING-0218,IDENTITY_CLONING
BEN-007526,RING-0566,GHOST_IDENTITY
BEN-024890,RING-0483,INCOMPATIBLE_SCHEME_CLAIMS
BEN-002591,CL-017,IDENTITY_CLONING
BEN-010137,RING-0451,INCOMPATIBLE_SCHEME_CLAIMS
BEN-038722,RING-0532,GHOST_IDENTITY
BEN-001248,RING-0354,SHARED_PAYOUT_ACCOUNT
BEN-017932,RING-0367,SHARED_PAYOUT_ACCOUNT
BEN-009616,RING-0554,GHOST_IDENTITY
BEN-030001,RING-0389,SHARED_PAYOUT_ACCOUNT
BEN-042200,RING-0172,IDENTITY_CLONING
BEN-027045,RING-0055,IDENTITY_CLONING
BEN-046236,RING-0146,IDENTITY_CLONING
BEN-033868,RING-0701,COMMON_COLLECTION_ACCOUNT
BEN-008478,RING-0870,BATCH_FABRICATION
BEN-028796,RING-0515,GHOST_IDENTITY
BEN-023344,RING-0799,CIRCULAR_TRANSFERS
BEN-002834,RING-0678,COMMON_COLLECTION_ACCOUNT
BEN-003580,RING-0357,SHARED_PAYOUT_ACCOUNT
BEN-004057,RING-0735,CIRCULAR_TRANSFERS
BEN-033693,RING-0316,SHARED_PAYOUT_ACCOUNT
BEN-040000,RING-0366,SHARED_PAYOUT_ACCOUNT
BEN-044625,RING-0513,GHOST_IDENTITY
BEN-013838,RING-0380,SHARED_PAYOUT_ACCOUNT
BEN-039991,RING-0469,INCOMPATIBLE_SCHEME_CLAIMS
BEN-013223,RING-0314,SHARED_PAYOUT_ACCOUNT
BEN-030478,RING-0305,SHARED_PAYOUT_ACCOUNT
BEN-000871,RING-0519,GHOST_IDENTITY
BEN-042908,RING-0318,SHARED_PAYOUT_ACCOUNT
BEN-021843,RING-0821,BATCH_FABRICATION
BEN-029987,RING-0727,CIRCULAR_TRANSFERS
BEN-039844,RING-0323,SHARED_PAYOUT_ACCOUNT
BEN-006309,RING-0745,CIRCULAR_TRANSFERS
BEN-049502,RING-0858,BATCH_FABRICATION
BEN-022525,RING-0688,COMMON_COLLECTION_ACCOUNT
BEN-038417,RING-0769,CIRCULAR_TRANSFERS
BEN-049129,RING-0719,CIRCULAR_TRANSFERS
BEN-030276,RING-0025,IDENTITY_CLONING
BEN-035629,RING-0107,IDENTITY_CLONING
BEN-022231,RING-0355,SHARED_PAYOUT_ACCOUNT
BEN-005541,RING-0554,GHOST_IDENTITY
BEN-011204,RING-0588,GHOST_IDENTITY
BEN-014749,RING-0846,BATCH_FABRICATION
BEN-000917,RING-0862,BATCH_FABRICATION
BEN-043842,RING-0633,COMMON_COLLECTION_ACCOUNT
BEN-036666,RING-0537,GHOST_IDENTITY
BEN-018954,RING-0072,IDENTITY_CLONING
BEN-027357,RING-0021,IDENTITY_CLONING
BEN-023401,RING-0822,BATCH_FABRICATION
BEN-028293,CL-017,IDENTITY_CLONING
BEN-006080,RING-0313,SHARED_PAYOUT_ACCOUNT
BEN-039136,RING-0217,IDENTITY_CLONING
BEN-015029,CL-017,INCOMPATIBLE_SCHEME_CLAIMS
BEN-048754,RING-0587,GHOST_IDENTITY
BEN-004416,RING-0464,INCOMPATIBLE_SCHEME_CLAIMS
BEN-018034,RING-0695,COMMON_COLLECTION_ACCOUNT
BEN-002273,RING-0690,COMMON_COLLECTION_ACCOUNT
BEN-033163,RING-0384,SHARED_PAYOUT_ACCOUNT
BEN-036168,RING-0586,GHOST_IDENTITY
BEN-001829,RING-0647,COMMON_COLLECTION_ACCOUNT
BEN-019990,RING-0385,SHARED_PAYOUT_ACCOUNT
BEN-009065,RING-0862,BATCH_FABRICATION
BEN-032967,RING-0674,COMMON_COLLECTION_ACCOUNT
BEN-014839,RING-0298,IDENTITY_CLONING
BEN-049558,CL-017,COMMON_COLLECTION_ACCOUNT
BEN-045252,RING-0077,IDENTITY_CLONING
BEN-021096,RING-0480,INCOMPATIBLE_SCHEME_CLAIMS
BEN-048915,RING-0869,BATCH_FABRICATION
BEN-015326,RING-0519,GHOST_IDENTITY
BEN-020463,RING-0199,IDENTITY_CLONING
BEN-022371,RING-0804,BATCH_FABRICATION
BEN-000058,RING-0044,IDENTITY_CLONING
BEN-000949,RING-0880,BATCH_FABRICATION
BEN-015959,RING-0556,GHOST_IDENTITY
BEN-025249,RING-0786,CIRCULAR_TRANSFERS
BEN-047644,RING-0675,COMMON_COLLECTION_ACCOUNT
BEN-016841,RING-0872,BATCH_FABRICATION
BEN-000499,RING-0679,COMMON_COLLECTION_ACCOUNT
BEN-027865,RING-0832,BATCH_FABRICATION
BEN-043240,RING-0415,INCOMPATIBLE_SCHEME_CLAIMS
BEN-037595,RING-0738,CIRCULAR_TRANSFERS
BEN-042851,RING-0318,SHARED_PAYOUT_ACCOUNT
BEN-046760,RING-0370,SHARED_PAYOUT_ACCOUNT
BEN-001136,RING-0836,BATCH_FABRICATION
BEN-035969,RING-0614,COMMON_COLLECTION_ACCOUNT
BEN-022487,RING-0852,BATCH_FABRICATION
BEN-049558,CL-017,CIRCULAR_TRANSFERS
BEN-006492,RING-0744,CIRCULAR_TRANSFERS
BEN-032282,RING-0351,SHARED_PAYOUT_ACCOUNT
BEN-029039,RING-0087,IDENTITY_CLONING
BEN-014708,RING-0502,GHOST_IDENTITY
BEN-039491,CL-017,CIRCULAR_TRANSFERS
BEN-014750,RING-0347,SHARED_PAYOUT_ACCOUNT
BEN-016728,RING-0430,INCOMPATIBLE_SCHEME_CLAIMS
BEN-034494,RING-0569,GHOST_IDENTITY
BEN-014632,RING-0361,SHARED_PAYOUT_ACCOUNT
BEN-048077,RING-0755,CIRCULAR_TRANSFERS
BEN-009723,RING-0609,COMMON_COLLECTION_ACCOUNT
BEN-018807,RING-0665,COMMON_COLLECTION_ACCOUNT
BEN-030799,RING-0487,INCOMPATIBLE_SCHEME_CLAIMS
BEN-018189,RING-0572,GHOST_IDENTITY
BEN-036766,RING-0170,IDENTITY_CLONING
BEN-031437,RING-0690,COMMON_COLLECTION_ACCOUNT
BEN-046122,RING-0651,COMMON_COLLECTION_ACCOUNT
BEN-013695,RING-0649,COMMON_COLLECTION_ACCOUNT
BEN-016699,RING-0221,IDENTITY_CLONING
BEN-041526,RING-0838,BATCH_FABRICATION
BEN-014626,RING-0897,BATCH_FABRICATION
BEN-033440,RING-0446,INCOMPATIBLE_SCHEME_CLAIMS
BEN-044113,RING-0226,IDENTITY_CLONING
BEN-005305,RING-0551,GHOST_IDENTITY
BEN-034570,RING-0351,SHARED_PAYOUT_ACCOUNT
BEN-015304,RING-0345,SHARED_PAYOUT_ACCOUNT
BEN-029329,RING-0342,SHARED_PAYOUT_ACCOUNT
BEN-017108,RING-0192,IDENTITY_CLONING
BEN-000581,RING-0137,IDENTITY_CLONING
BEN-009697,RING-0497,INCOMPATIBLE_SCHEME_CLAIMS
BEN-042324,RING-0317,SHARED_PAYOUT_ACCOUNT
BEN-005802,RING-0656,COMMON_COLLECTION_ACCOUNT
BEN-021488,RING-0449,INCOMPATIBLE_SCHEME_CLAIMS
BEN-004030,RING-0857,BATCH_FABRICATION
BEN-020921,RING-0371,SHARED_PAYOUT_ACCOUNT
BEN-020850,RING-0662,COMMON_COLLECTION_ACCOUNT
BEN-034209,RING-0863,BATCH_FABRICATION
BEN-004401,RING-0862,BATCH_FABRICATION
BEN-026043,RING-0853,BATCH_FABRICATION
BEN-004468,RING-0550,GHOST_IDENTITY
BEN-010571,RING-0792,CIRCULAR_TRANSFERS
BEN-034355,RING-0533,GHOST_IDENTITY
BEN-023642,RING-0368,SHARED_PAYOUT_ACCOUNT
BEN-000133,RING-0134,IDENTITY_CLONING
BEN-001747,RING-0675,COMMON_COLLECTION_ACCOUNT
BEN-022847,RING-0651,COMMON_COLLECTION_ACCOUNT
BEN-007357,RING-0603,COMMON_COLLECTION_ACCOUNT
BEN-022124,RING-0873,BATCH_FABRICATION
BEN-041772,RING-0601,GHOST_IDENTITY
BEN-037425,RING-0370,SHARED_PAYOUT_ACCOUNT
BEN-035403,RING-0487,INCOMPATIBLE_SCHEME_CLAIMS
BEN-049635,RING-0859,BATCH_FABRICATION
BEN-003442,RING-0650,COMMON_COLLECTION_ACCOUNT
BEN-027371,RING-0851,BATCH_FABRICATION
BEN-007934,RING-0137,IDENTITY_CLONING
BEN-039526,RING-0586,GHOST_IDENTITY
BEN-009777,RING-0606,COMMON_COLLECTION_ACCOUNT
BEN-009228,RING-0395,SHARED_PAYOUT_ACCOUNT
BEN-021073,RING-0590,GHOST_IDENTITY
BEN-022250,RING-0887,BATCH_FABRICATION
BEN-013996,RING-0727,CIRCULAR_TRANSFERS
BEN-035192,RING-0845,BATCH_FABRICATION
BEN-023018,RING-0085,IDENTITY_CLONING
BEN-034925,RING-0714,CIRCULAR_TRANSFERS
BEN-007241,RING-0679,COMMON_COLLECTION_ACCOUNT
BEN-041636,RING-0687,COMMON_COLLECTION_ACCOUNT
BEN-025117,RING-0628,COMMON_COLLECTION_ACCOUNT
BEN-009674,RING-0043,IDENTITY_CLONING
BEN-035008,RING-0158,IDENTITY_CLONING
BEN-041919,RING-0792,CIRCULAR_TRANSFERS
BEN-024331,RING-0807,BATCH_FABRICATION
BEN-030881,RING-0339,SHARED_PAYOUT_ACCOUNT
BEN-040006,RING-0321,SHARED_PAYOUT_ACCOUNT
BEN-013058,RING-0809,BATCH_FABRICATION
BEN-017836,RING-0363,SHARED_PAYOUT_ACCOUNT
BEN-002139,RING-0460,INCOMPATIBLE_SCHEME_CLAIMS
BEN-042016,RING-0344,SHARED_PAYOUT_ACCOUNT
BEN-032460,RING-0540,GHOST_IDENTITY
BEN-000189,RING-0517,GHOST_IDENTITY
BEN-008152,RING-0867,BATCH_FABRICATION
BEN-028364,RING-0593,GHOST_IDENTITY
BEN-042924,RING-0881,BATCH_FABRICATION
BEN-042974,RING-0554,GHOST_IDENTITY
BEN-019860,RING-0662,COMMON_COLLECTION_ACCOUNT
BEN-033127,RING-0074,IDENTITY_CLONING
BEN-042220,RING-0874,BATCH_FABRICATION
BEN-017406,RING-0363,SHARED_PAYOUT_ACCOUNT
BEN-038034,RING-0385,SHARED_PAYOUT_ACCOUNT
BEN-037764,RING-0325,SHARED_PAYOUT_ACCOUNT
BEN-012637,RING-0580,GHOST_IDENTITY
BEN-010031,RING-0853,BATCH_FABRICATION
BEN-025955,RING-0347,SHARED_PAYOUT_ACCOUNT
BEN-020721,RING-0761,CIRCULAR_TRANSFERS
BEN-048476,RING-0833,BATCH_FABRICATION
BEN-030138,RING-0555,GHOST_IDENTITY
BEN-038070,RING-0269,IDENTITY_CLONING
BEN-021947,RING-0797,CIRCULAR_TRANSFERS
BEN-009388,RING-0584,GHOST_IDENTITY
BEN-027010,RING-0400,SHARED_PAYOUT_ACCOUNT
BEN-000512,RING-0785,CIRCULAR_TRANSFERS
BEN-031750,RING-0850,BATCH_FABRICATION
BEN-002591,CL-017,INCOMPATIBLE_SCHEME_CLAIMS
BEN-029048,CL-017,SHARED_PAYOUT_ACCOUNT
BEN-035000,RING-0139,IDENTITY_CLONING
BEN-034159,RING-0645,COMMON_COLLECTION_ACCOUNT
BEN-015847,RING-0006,IDENTITY_CLONING
BEN-043987,RING-0227,IDENTITY_CLONING
BEN-020156,RING-0515,GHOST_IDENTITY
BEN-043001,RING-0368,SHARED_PAYOUT_ACCOUNT
BEN-013991,RING-0541,GHOST_IDENTITY
BEN-001317,RING-0851,BATCH_FABRICATION
BEN-006558,RING-0322,SHARED_PAYOUT_ACCOUNT
BEN-009968,RING-0284,IDENTITY_CLONING
BEN-005001,RING-0756,CIRCULAR_TRANSFERS
BEN-028838,RING-0733,CIRCULAR_TRANSFERS
BEN-031550,RING-0855,BATCH_FABRICATION
BEN-008490,RING-0641,COMMON_COLLECTION_ACCOUNT
BEN-029624,RING-0334,SHARED_PAYOUT_ACCOUNT
BEN-012648,RING-0802,BATCH_FABRICATION
BEN-037317,RING-0828,BATCH_FABRICATION
BEN-041392,RING-0878,BATCH_FABRICATION
BEN-039903,RING-0030,IDENTITY_CLONING
BEN-010327,RING-0331,SHARED_PAYOUT_ACCOUNT
BEN-023031,RING-0417,INCOMPATIBLE_SCHEME_CLAIMS
BEN-029050,RING-0309,SHARED_PAYOUT_ACCOUNT
BEN-031079,RING-0342,SHARED_PAYOUT_ACCOUNT
BEN-003997,RING-0832,BATCH_FABRICATION
BEN-033824,RING-0481,INCOMPATIBLE_SCHEME_CLAIMS
BEN-009811,RING-0892,BATCH_FABRICATION
BEN-046862,RING-0532,GHOST_IDENTITY
BEN-003537,RING-0546,GHOST_IDENTITY
BEN-003006,RING-0783,CIRCULAR_TRANSFERS
BEN-001904,RING-0565,GHOST_IDENTITY
BEN-037731,RING-0574,GHOST_IDENTITY
BEN-045441,RING-0674,COMMON_COLLECTION_ACCOUNT
BEN-014451,RING-0655,COMMON_COLLECTION_ACCOUNT
BEN-020369,RING-0891,BATCH_FABRICATION
BEN-028942,RING-0883,BATCH_FABRICATION
BEN-044791,RING-0664,COMMON_COLLECTION_ACCOUNT
BEN-030162,RING-0652,COMMON_COLLECTION_ACCOUNT
BEN-019817,RING-0870,BATCH_FABRICATION
BEN-040599,RING-0442,INCOMPATIBLE_SCHEME_CLAIMS
BEN-048284,RING-0814,BATCH_FABRICATION
BEN-005987,RING-0186,IDENTITY_CLONING
BEN-024480,RING-0572,GHOST_IDENTITY
BEN-041032,RING-0781,CIRCULAR_TRANSFERS
BEN-042449,RING-0441,INCOMPATIBLE_SCHEME_CLAIMS
BEN-023126,RING-0079,IDENTITY_CLONING
BEN-048619,RING-0845,BATCH_FABRICATION
BEN-000938,RING-0670,COMMON_COLLECTION_ACCOUNT
BEN-046495,RING-0411,INCOMPATIBLE_SCHEME_CLAIMS
BEN-018474,RING-0799,CIRCULAR_TRANSFERS
BEN-045836,RING-0636,COMMON_COLLECTION_ACCOUNT
BEN-032302,RING-0564,GHOST_IDENTITY
BEN-041087,RING-0863,BATCH_FABRICATION
BEN-020299,RING-0730,CIRCULAR_TRANSFERS
BEN-036848,RING-0608,COMMON_COLLECTION_ACCOUNT
BEN-033655,RING-0280,IDENTITY_CLONING
BEN-006004,RING-0510,GHOST_IDENTITY
BEN-034699,RING-0262,IDENTITY_CLONING
BEN-015445,RING-0020,IDENTITY_CLONING
BEN-011731,RING-0359,SHARED_PAYOUT_ACCOUNT
BEN-041070,CL-017,INCOMPATIBLE_SCHEME_CLAIMS
BEN-009460,RING-0349,SHARED_PAYOUT_ACCOUNT
BEN-019759,RING-0893,BATCH_FABRICATION
BEN-012043,RING-0381,SHARED_PAYOUT_ACCOUNT
BEN-002437,RING-0489,INCOMPATIBLE_SCHEME_CLAIMS
BEN-046379,RING-0424,INCOMPATIBLE_SCHEME_CLAIMS
BEN-049384,RING-0542,GHOST_IDENTITY
BEN-013785,CL-017,INCOMPATIBLE_SCHEME_CLAIMS
BEN-049096,RING-0754,CIRCULAR_TRANSFERS
BEN-010286,RING-0872,BATCH_FABRICATION
BEN-045590,RING-0535,GHOST_IDENTITY
BEN-039270,RING-0370,SHARED_PAYOUT_ACCOUNT
BEN-031103,RING-0487,INCOMPATIBLE_SCHEME_CLAIMS
BEN-002070,RING-0610,COMMON_COLLECTION_ACCOUNT
BEN-030141,RING-0471,INCOMPATIBLE_SCHEME_CLAIMS
BEN-021885,RING-0622,COMMON_COLLECTION_ACCOUNT
BEN-031226,RING-0110,IDENTITY_CLONING
BEN-000540,RING-0331,SHARED_PAYOUT_ACCOUNT
BEN-025509,RING-0866,BATCH_FABRICATION
BEN-042710,RING-0632,COMMON_COLLECTION_ACCOUNT
BEN-001685,RING-0616,COMMON_COLLECTION_ACCOUNT
BEN-026421,RING-0826,BATCH_FABRICATION
BEN-039287,RING-0768,CIRCULAR_TRANSFERS
BEN-022606,RING-0364,SHARED_PAYOUT_ACCOUNT
BEN-035899,RING-0468,INCOMPATIBLE_SCHEME_CLAIMS
BEN-004140,RING-0277,IDENTITY_CLONING
BEN-042139,RING-0666,COMMON_COLLECTION_ACCOUNT
BEN-041131,RING-0443,INCOMPATIBLE_SCHEME_CLAIMS
BEN-011616,RING-0657,COMMON_COLLECTION_ACCOUNT
BEN-049341,RING-0800,CIRCULAR_TRANSFERS
BEN-014190,RING-0509,GHOST_IDENTITY
BEN-025194,RING-0620,COMMON_COLLECTION_ACCOUNT
BEN-012685,RING-0563,GHOST_IDENTITY
BEN-022387,RING-0801,CIRCULAR_TRANSFERS
BEN-031884,RING-0630,COMMON_COLLECTION_ACCOUNT
BEN-019178,RING-0579,GHOST_IDENTITY
BEN-014792,RING-0343,SHARED_PAYOUT_ACCOUNT
BEN-041664,RING-0393,SHARED_PAYOUT_ACCOUNT
BEN-006079,RING-0357,SHARED_PAYOUT_ACCOUNT
BEN-042268,RING-0621,COMMON_COLLECTION_ACCOUNT
BEN-018120,RING-0840,BATCH_FABRICATION
BEN-046756,RING-0094,IDENTITY_CLONING
BEN-030377,RING-0569,GHOST_IDENTITY
BEN-010787,CL-017,CIRCULAR_TRANSFERS
BEN-045328,RING-0593,GHOST_IDENTITY
BEN-034304,RING-0343,SHARED_PAYOUT_ACCOUNT
BEN-031391,RING-0564,GHOST_IDENTITY
BEN-007860,RING-0429,INCOMPATIBLE_SCHEME_CLAIMS
BEN-002870,RING-0689,COMMON_COLLECTION_ACCOUNT
BEN-016573,RING-0802,BATCH_FABRICATION
BEN-035592,RING-0359,SHARED_PAYOUT_ACCOUNT
BEN-048648,RING-0521,GHOST_IDENTITY
BEN-004528,RING-0500,INCOMPATIBLE_SCHEME_CLAIMS
BEN-020894,RING-0389,SHARED_PAYOUT_ACCOUNT
BEN-045641,RING-0853,BATCH_FABRICATION
BEN-049746,RING-0081,IDENTITY_CLONING
BEN-023155,RING-0853,BATCH_FABRICATION
BEN-005870,RING-0867,BATCH_FABRICATION
BEN-008068,RING-0626,COMMON_COLLECTION_ACCOUNT
BEN-025685,RING-0518,GHOST_IDENTITY
BEN-005083,RING-0806,BATCH_FABRICATION
BEN-046475,RING-0625,COMMON_COLLECTION_ACCOUNT
BEN-006847,RING-0532,GHOST_IDENTITY
BEN-040765,RING-0394,SHARED_PAYOUT_ACCOUNT
BEN-046297,RING-0397,SHARED_PAYOUT_ACCOUNT
BEN-015660,RING-0030,IDENTITY_CLONING
BEN-034902,RING-0363,SHARED_PAYOUT_ACCOUNT
BEN-014443,RING-0607,COMMON_COLLECTION_ACCOUNT
BEN-029629,RING-0685,COMMON_COLLECTION_ACCOUNT
BEN-024474,RING-0347,SHARED_PAYOUT_ACCOUNT
BEN-028316,RING-0551,GHOST_IDENTITY
BEN-036107,RING-0032,IDENTITY_CLONING
BEN-021675,RING-0387,SHARED_PAYOUT_ACCOUNT
BEN-017895,RING-0504,GHOST_IDENTITY
BEN-022647,RING-0308,SHARED_PAYOUT_ACCOUNT
BEN-013623,RING-0776,CIRCULAR_TRANSFERS
BEN-009666,RING-0003,IDENTITY_CLONING
BEN-000865,RING-0377,SHARED_PAYOUT_ACCOUNT
BEN-049316,RING-0550,GHOST_IDENTITY
BEN-026487,RING-0544,GHOST_IDENTITY
BEN-011103,RING-0131,IDENTITY_CLONING
BEN-018124,RING-0367,SHARED_PAYOUT_ACCOUNT
BEN-021012,RING-0701,COMMON_COLLECTION_ACCOUNT
BEN-037772,RING-0848,BATCH_FABRICATION
BEN-049587,RING-0589,GHOST_IDENTITY
BEN-031424,RING-0371,SHARED_PAYOUT_ACCOUNT
BEN-045300,RING-0474,INCOMPATIBLE_SCHEME_CLAIMS
BEN-020047,RING-0786,CIRCULAR_TRANSFERS
BEN-026976,RING-0440,INCOMPATIBLE_SCHEME_CLAIMS
BEN-049501,RING-0309,SHARED_PAYOUT_ACCOUNT
BEN-025475,RING-0413,INCOMPATIBLE_SCHEME_CLAIMS
BEN-025544,RING-0649,COMMON_COLLECTION_ACCOUNT
BEN-029944,RING-0651,COMMON_COLLECTION_ACCOUNT
BEN-014733,RING-0215,IDENTITY_CLONING
BEN-043104,RING-0160,IDENTITY_CLONING
BEN-017042,RING-0847,BATCH_FABRICATION
BEN-012195,RING-0149,IDENTITY_CLONING
BEN-002775,RING-0244,IDENTITY_CLONING
BEN-030203,RING-0330,SHARED_PAYOUT_ACCOUNT
BEN-040953,RING-0680,COMMON_COLLECTION_ACCOUNT
BEN-049970,RING-0495,INCOMPATIBLE_SCHEME_CLAIMS
BEN-017594,RING-0677,COMMON_COLLECTION_ACCOUNT
BEN-033835,RING-0895,BATCH_FABRICATION
BEN-044316,RING-0291,IDENTITY_CLONING
BEN-045375,RING-0394,SHARED_PAYOUT_ACCOUNT
BEN-029048,CL-017,IDENTITY_CLONING
BEN-031705,RING-0149,IDENTITY_CLONING
BEN-019310,RING-0691,COMMON_COLLECTION_ACCOUNT
BEN-008617,RING-0579,GHOST_IDENTITY
BEN-004987,RING-0440,INCOMPATIBLE_SCHEME_CLAIMS
BEN-046425,RING-0448,INCOMPATIBLE_SCHEME_CLAIMS
BEN-004893,RING-0279,IDENTITY_CLONING
BEN-003475,RING-0885,BATCH_FABRICATION
BEN-032751,RING-0762,CIRCULAR_TRANSFERS
BEN-037122,RING-0567,GHOST_IDENTITY
BEN-025167,RING-0362,SHARED_PAYOUT_ACCOUNT
BEN-001677,RING-0535,GHOST_IDENTITY
BEN-000852,RING-0436,INCOMPATIBLE_SCHEME_CLAIMS
BEN-012794,RING-0456,INCOMPATIBLE_SCHEME_CLAIMS
BEN-015712,RING-0534,GHOST_IDENTITY
BEN-001844,RING-0472,INCOMPATIBLE_SCHEME_CLAIMS
BEN-030730,RING-0685,COMMON_COLLECTION_ACCOUNT
BEN-038221,RING-0338,SHARED_PAYOUT_ACCOUNT
BEN-012372,RING-0654,COMMON_COLLECTION_ACCOUNT
BEN-016710,RING-0323,SHARED_PAYOUT_ACCOUNT
BEN-012571,RING-0304,SHARED_PAYOUT_ACCOUNT
BEN-049730,RING-0592,GHOST_IDENTITY
BEN-049663,RING-0238,IDENTITY_CLONING
BEN-037843,RING-0325,SHARED_PAYOUT_ACCOUNT
BEN-010277,RING-0509,GHOST_IDENTITY
BEN-016108,RING-0570,GHOST_IDENTITY
BEN-020114,RING-0838,BATCH_FABRICATION
BEN-026958,RING-0407,INCOMPATIBLE_SCHEME_CLAIMS
BEN-004583,RING-0315,SHARED_PAYOUT_ACCOUNT
BEN-020723,RING-0523,GHOST_IDENTITY
BEN-017167,RING-0248,IDENTITY_CLONING
BEN-006010,RING-0807,BATCH_FABRICATION
BEN-004477,RING-0121,IDENTITY_CLONING
BEN-044511,RING-0455,INCOMPATIBLE_SCHEME_CLAIMS
BEN-008683,RING-0894,BATCH_FABRICATION
BEN-000597,RING-0613,COMMON_COLLECTION_ACCOUNT
BEN-035496,RING-0472,INCOMPATIBLE_SCHEME_CLAIMS
BEN-018980,RING-0321,SHARED_PAYOUT_ACCOUNT
BEN-022936,RING-0373,SHARED_PAYOUT_ACCOUNT
BEN-049260,RING-0343,SHARED_PAYOUT_ACCOUNT
BEN-045008,RING-0528,GHOST_IDENTITY
BEN-046463,RING-0694,COMMON_COLLECTION_ACCOUNT
BEN-033224,RING-0007,IDENTITY_CLONING
BEN-029317,RING-0009,IDENTITY_CLONING
BEN-009171,RING-0854,BATCH_FABRICATION
BEN-000317,RING-0351,SHARED_PAYOUT_ACCOUNT
BEN-037411,RING-0217,IDENTITY_CLONING
BEN-017515,RING-0878,BATCH_FABRICATION
BEN-041884,RING-0479,INCOMPATIBLE_SCHEME_CLAIMS
BEN-016860,RING-0120,IDENTITY_CLONING
BEN-004979,RING-0094,IDENTITY_CLONING
BEN-030280,RING-0393,SHARED_PAYOUT_ACCOUNT
BEN-037256,RING-0320,SHARED_PAYOUT_ACCOUNT
BEN-044637,RING-0091,IDENTITY_CLONING
BEN-025463,RING-0195,IDENTITY_CLONING
BEN-005256,RING-0646,COMMON_COLLECTION_ACCOUNT
BEN-000809,RING-0868,BATCH_FABRICATION
BEN-037114,RING-0230,IDENTITY_CLONING
BEN-026532,RING-0815,BATCH_FABRICATION
BEN-006576,RING-0665,COMMON_COLLECTION_ACCOUNT
BEN-044301,RING-0340,SHARED_PAYOUT_ACCOUNT
BEN-049485,RING-0410,INCOMPATIBLE_SCHEME_CLAIMS
BEN-040644,RING-0310,SHARED_PAYOUT_ACCOUNT
BEN-008354,RING-0255,IDENTITY_CLONING
BEN-005584,RING-0400,SHARED_PAYOUT_ACCOUNT
BEN-019272,RING-0305,SHARED_PAYOUT_ACCOUNT
BEN-038600,RING-0868,BATCH_FABRICATION
BEN-014930,RING-0350,SHARED_PAYOUT_ACCOUNT
BEN-011477,RING-0581,GHOST_IDENTITY
BEN-045548,RING-0846,BATCH_FABRICATION
BEN-046975,RING-0613,COMMON_COLLECTION_ACCOUNT
BEN-029488,RING-0557,GHOST_IDENTITY
BEN-047262,RING-0559,GHOST_IDENTITY
BEN-038255,RING-0378,SHARED_PAYOUT_ACCOUNT
BEN-032467,RING-0253,IDENTITY_CLONING
BEN-008335,RING-0368,SHARED_PAYOUT_ACCOUNT
BEN-014892,RING-0339,SHARED_PAYOUT_ACCOUNT
BEN-005983,RING-0498,INCOMPATIBLE_SCHEME_CLAIMS
BEN-021955,RING-0426,INCOMPATIBLE_SCHEME_CLAIMS
BEN-002923,RING-0504,GHOST_IDENTITY
BEN-025554,RING-0372,SHARED_PAYOUT_ACCOUNT
BEN-049426,RING-0672,COMMON_COLLECTION_ACCOUNT
BEN-048045,RING-0577,GHOST_IDENTITY
BEN-018480,RING-0588,GHOST_IDENTITY
BEN-039149,RING-0395,SHARED_PAYOUT_ACCOUNT
BEN-045340,RING-0373,SHARED_PAYOUT_ACCOUNT
BEN-002471,RING-0536,GHOST_IDENTITY
BEN-048016,RING-0854,BATCH_FABRICATION
BEN-015597,RING-0836,BATCH_FABRICATION
BEN-026362,RING-0841,BATCH_FABRICATION
BEN-006460,RING-0314,SHARED_PAYOUT_ACCOUNT
BEN-006427,RING-0028,IDENTITY_CLONING
BEN-002315,RING-0645,COMMON_COLLECTION_ACCOUNT
BEN-006285,RING-0796,CIRCULAR_TRANSFERS
BEN-010504,RING-0068,IDENTITY_CLONING
BEN-013126,RING-0478,INCOMPATIBLE_SCHEME_CLAIMS
BEN-037528,RING-0354,SHARED_PAYOUT_ACCOUNT
BEN-032665,RING-0248,IDENTITY_CLONING
BEN-044237,RING-0441,INCOMPATIBLE_SCHEME_CLAIMS
BEN-048910,RING-0423,INCOMPATIBLE_SCHEME_CLAIMS
BEN-007174,RING-0843,BATCH_FABRICATION
BEN-047285,RING-0198,IDENTITY_CLONING
BEN-007099,RING-0095,IDENTITY_CLONING
BEN-022568,RING-0496,INCOMPATIBLE_SCHEME_CLAIMS
BEN-040732,RING-0770,CIRCULAR_TRANSFERS
BEN-049618,RING-0176,IDENTITY_CLONING
BEN-005602,RING-0779,CIRCULAR_TRANSFERS
BEN-003928,RING-0677,COMMON_COLLECTION_ACCOUNT
BEN-018508,RING-0504,GHOST_IDENTITY
BEN-018606,RING-0316,SHARED_PAYOUT_ACCOUNT
BEN-027374,RING-0864,BATCH_FABRICATION
BEN-019087,RING-0529,GHOST_IDENTITY
BEN-047476,RING-0461,INCOMPATIBLE_SCHEME_CLAIMS
BEN-013117,RING-0684,COMMON_COLLECTION_ACCOUNT
BEN-005749,RING-0301,IDENTITY_CLONING
BEN-021293,RING-0832,BATCH_FABRICATION
BEN-041268,RING-0524,GHOST_IDENTITY
BEN-020782,RING-0877,BATCH_FABRICATION
BEN-040972,RING-0448,INCOMPATIBLE_SCHEME_CLAIMS
BEN-042731,RING-0558,GHOST_IDENTITY
BEN-030818,RING-0894,BATCH_FABRICATION
BEN-037263,RING-0595,GHOST_IDENTITY
BEN-040983,RING-0478,INCOMPATIBLE_SCHEME_CLAIMS
BEN-015071,RING-0656,COMMON_COLLECTION_ACCOUNT
BEN-040049,RING-0601,GHOST_IDENTITY
BEN-040737,RING-0392,SHARED_PAYOUT_ACCOUNT
BEN-031367,RING-0132,IDENTITY_CLONING
BEN-034001,RING-0416,INCOMPATIBLE_SCHEME_CLAIMS
BEN-017013,RING-0591,GHOST_IDENTITY
BEN-016601,RING-0646,COMMON_COLLECTION_ACCOUNT
BEN-034203,RING-0553,GHOST_IDENTITY
BEN-040500,RING-0104,IDENTITY_CLONING
BEN-033898,CL-017,SHARED_PAYOUT_ACCOUNT
BEN-006764,RING-0556,GHOST_IDENTITY
BEN-028379,RING-0149,IDENTITY_CLONING
BEN-036444,RING-0535,GHOST_IDENTITY
BEN-036881,CL-017,SHARED_PAYOUT_ACCOUNT
BEN-039169,RING-0847,BATCH_FABRICATION
BEN-019079,RING-0194,IDENTITY_CLONING
BEN-036360,RING-0372,SHARED_PAYOUT_ACCOUNT
BEN-040692,RING-0620,COMMON_COLLECTION_ACCOUNT
BEN-006621,RING-0350,SHARED_PAYOUT_ACCOUNT
BEN-046800,RING-0752,CIRCULAR_TRANSFERS
BEN-004138,RING-0866,BATCH_FABRICATION
BEN-049298,RING-0775,CIRCULAR_TRANSFERS
BEN-022721,RING-0609,COMMON_COLLECTION_ACCOUNT
BEN-038548,RING-0218,IDENTITY_CLONING
BEN-049548,RING-0326,SHARED_PAYOUT_ACCOUNT
BEN-031692,RING-0337,SHARED_PAYOUT_ACCOUNT
BEN-012860,RING-0504,GHOST_IDENTITY
BEN-019437,RING-0688,COMMON_COLLECTION_ACCOUNT
BEN-011685,RING-0140,IDENTITY_CLONING
BEN-046263,RING-0887,BATCH_FABRICATION
BEN-020151,RING-0558,GHOST_IDENTITY
BEN-035746,RING-0302,SHARED_PAYOUT_ACCOUNT
BEN-034751,RING-0857,BATCH_FABRICATION
BEN-034750,RING-0134,IDENTITY_CLONING
BEN-049710,RING-0309,SHARED_PAYOUT_ACCOUNT
BEN-046128,RING-0338,SHARED_PAYOUT_ACCOUNT
BEN-022765,RING-0569,GHOST_IDENTITY
BEN-005347,RING-0805,BATCH_FABRICATION
BEN-016711,RING-0497,INCOMPATIBLE_SCHEME_CLAIMS
BEN-027673,RING-0707,CIRCULAR_TRANSFERS
BEN-004251,RING-0864,BATCH_FABRICATION
BEN-037945,RING-0369,SHARED_PAYOUT_ACCOUNT
BEN-038355,RING-0425,INCOMPATIBLE_SCHEME_CLAIMS
BEN-037144,RING-0508,GHOST_IDENTITY
BEN-046057,RING-0857,BATCH_FABRICATION
BEN-037570,RING-0523,GHOST_IDENTITY
BEN-041951,RING-0684,COMMON_COLLECTION_ACCOUNT
BEN-027851,RING-0562,GHOST_IDENTITY
BEN-002146,RING-0598,GHOST_IDENTITY
BEN-006055,RING-0389,SHARED_PAYOUT_ACCOUNT
BEN-026278,RING-0059,IDENTITY_CLONING
BEN-039870,RING-0476,INCOMPATIBLE_SCHEME_CLAIMS
BEN-027570,RING-0652,COMMON_COLLECTION_ACCOUNT
BEN-018222,RING-0678,COMMON_COLLECTION_ACCOUNT
BEN-020479,RING-0145,IDENTITY_CLONING
BEN-021254,RING-0529,GHOST_IDENTITY
BEN-016164,RING-0633,COMMON_COLLECTION_ACCOUNT
BEN-037888,RING-0731,CIRCULAR_TRANSFERS
BEN-027382,RING-0153,IDENTITY_CLONING
BEN-006348,RING-0813,BATCH_FABRICATION
BEN-036472,RING-0505,GHOST_IDENTITY
BEN-044675,RING-0405,INCOMPATIBLE_SCHEME_CLAIMS
BEN-026979,RING-0299,IDENTITY_CLONING
BEN-037961,RING-0398,SHARED_PAYOUT_ACCOUNT
BEN-012879,RING-0456,INCOMPATIBLE_SCHEME_CLAIMS
BEN-030090,RING-0875,BATCH_FABRICATION
BEN-033369,RING-0841,BATCH_FABRICATION
BEN-026931,RING-0395,SHARED_PAYOUT_ACCOUNT
BEN-021859,RING-0663,COMMON_COLLECTION_ACCOUNT
BEN-046077,RING-0889,BATCH_FABRICATION
BEN-002884,RING-0834,BATCH_FABRICATION
BEN-040964,RING-0317,SHARED_PAYOUT_ACCOUNT
BEN-046094,RING-0355,SHARED_PAYOUT_ACCOUNT
BEN-038239,RING-0846,BATCH_FABRICATION
BEN-007119,RING-0382,SHARED_PAYOUT_ACCOUNT
BEN-007648,RING-0568,GHOST_IDENTITY
BEN-032394,RING-0354,SHARED_PAYOUT_ACCOUNT
BEN-037303,RING-0450,INCOMPATIBLE_SCHEME_CLAIMS
BEN-036092,RING-0664,COMMON_COLLECTION_ACCOUNT
BEN-029706,RING-0388,SHARED_PAYOUT_ACCOUNT
BEN-032459,RING-0901,BATCH_FABRICATION
BEN-026199,RING-0370,SHARED_PAYOUT_ACCOUNT
BEN-016180,RING-0349,SHARED_PAYOUT_ACCOUNT
BEN-029857,RING-0878,BATCH_FABRICATION
BEN-018941,RING-0398,SHARED_PAYOUT_ACCOUNT
BEN-014916,RING-0812,BATCH_FABRICATION
BEN-016346,RING-0270,IDENTITY_CLONING
BEN-033288,RING-0379,SHARED_PAYOUT_ACCOUNT
BEN-047743,RING-0762,CIRCULAR_TRANSFERS
BEN-035093,RING-0874,BATCH_FABRICATION
BEN-032027,RING-0415,INCOMPATIBLE_SCHEME_CLAIMS
BEN-033008,RING-0841,BATCH_FABRICATION
BEN-032113,RING-0662,COMMON_COLLECTION_ACCOUNT
BEN-037921,RING-0210,IDENTITY_CLONING
BEN-003837,RING-0579,GHOST_IDENTITY
BEN-030625,RING-0845,BATCH_FABRICATION
BEN-030205,RING-0567,GHOST_IDENTITY
BEN-043105,RING-0195,IDENTITY_CLONING
BEN-014061,RING-0322,SHARED_PAYOUT_ACCOUNT
BEN-023208,RING-0363,SHARED_PAYOUT_ACCOUNT
BEN-041412,RING-0837,BATCH_FABRICATION
BEN-035960,RING-0888,BATCH_FABRICATION
BEN-006194,RING-0901,BATCH_FABRICATION
BEN-002814,RING-0771,CIRCULAR_TRANSFERS
BEN-026676,RING-0550,GHOST_IDENTITY
BEN-049510,RING-0841,BATCH_FABRICATION
BEN-045941,RING-0848,BATCH_FABRICATION
BEN-029028,RING-0607,COMMON_COLLECTION_ACCOUNT
BEN-045881,RING-0638,COMMON_COLLECTION_ACCOUNT
BEN-039476,RING-0577,GHOST_IDENTITY
BEN-019015,RING-0640,COMMON_COLLECTION_ACCOUNT
BEN-049466,RING-0256,IDENTITY_CLONING
BEN-011815,RING-0846,BATCH_FABRICATION
BEN-036252,RING-0557,GHOST_IDENTITY
BEN-010227,RING-0326,SHARED_PAYOUT_ACCOUNT
BEN-043975,RING-0298,IDENTITY_CLONING
BEN-018256,RING-0432,INCOMPATIBLE_SCHEME_CLAIMS
BEN-008441,RING-0367,SHARED_PAYOUT_ACCOUNT
BEN-046012,RING-0490,INCOMPATIBLE_SCHEME_CLAIMS
BEN-039546,RING-0559,GHOST_IDENTITY
BEN-026953,RING-0232,IDENTITY_CLONING
BEN-042351,RING-0170,IDENTITY_CLONING
BEN-008557,RING-0567,GHOST_IDENTITY
BEN-020289,CL-017,CIRCULAR_TRANSFERS
BEN-006340,RING-0328,SHARED_PAYOUT_ACCOUNT
BEN-024863,RING-0344,SHARED_PAYOUT_ACCOUNT
BEN-043505,RING-0275,IDENTITY_CLONING
BEN-027484,RING-0887,BATCH_FABRICATION
BEN-026868,RING-0688,COMMON_COLLECTION_ACCOUNT
BEN-048293,RING-0483,INCOMPATIBLE_SCHEME_CLAIMS
BEN-025453,RING-0521,GHOST_IDENTITY
BEN-003124,RING-0627,COMMON_COLLECTION_ACCOUNT
BEN-034417,RING-0351,SHARED_PAYOUT_ACCOUNT
BEN-016898,RING-0522,GHOST_IDENTITY
BEN-001089,RING-0329,SHARED_PAYOUT_ACCOUNT
BEN-015089,RING-0495,INCOMPATIBLE_SCHEME_CLAIMS
BEN-009565,RING-0591,GHOST_IDENTITY
BEN-007458,RING-0037,IDENTITY_CLONING
BEN-029561,RING-0818,BATCH_FABRICATION
BEN-022896,RING-0816,BATCH_FABRICATION
BEN-046158,RING-0856,BATCH_FABRICATION
BEN-011234,RING-0364,SHARED_PAYOUT_ACCOUNT
BEN-013222,RING-0852,BATCH_FABRICATION
BEN-031991,RING-0560,GHOST_IDENTITY
BEN-001191,RING-0669,COMMON_COLLECTION_ACCOUNT
BEN-015386,RING-0594,GHOST_IDENTITY
BEN-017070,RING-0424,INCOMPATIBLE_SCHEME_CLAIMS
BEN-015868,RING-0772,CIRCULAR_TRANSFERS
BEN-026564,RING-0545,GHOST_IDENTITY
BEN-012282,RING-0044,IDENTITY_CLONING
BEN-014522,RING-0190,IDENTITY_CLONING
BEN-014960,RING-0404,INCOMPATIBLE_SCHEME_CLAIMS
BEN-038166,RING-0803,BATCH_FABRICATION
BEN-014770,RING-0868,BATCH_FABRICATION
BEN-037248,RING-0363,SHARED_PAYOUT_ACCOUNT
BEN-028472,RING-0599,GHOST_IDENTITY
BEN-003310,RING-0173,IDENTITY_CLONING
BEN-009187,RING-0543,GHOST_IDENTITY
BEN-027354,RING-0847,BATCH_FABRICATION
BEN-035019,RING-0751,CIRCULAR_TRANSFERS
BEN-033597,RING-0518,GHOST_IDENTITY
BEN-000075,RING-0604,COMMON_COLLECTION_ACCOUNT
BEN-012212,RING-0624,COMMON_COLLECTION_ACCOUNT
BEN-037383,RING-0661,COMMON_COLLECTION_ACCOUNT
BEN-017121,RING-0374,SHARED_PAYOUT_ACCOUNT
BEN-012025,RING-0529,GHOST_IDENTITY
BEN-040949,RING-0591,GHOST_IDENTITY
BEN-028870,RING-0105,IDENTITY_CLONING
BEN-049397,RING-0186,IDENTITY_CLONING
BEN-013226,RING-0635,COMMON_COLLECTION_ACCOUNT
BEN-025067,RING-0589,GHOST_IDENTITY
BEN-016935,RING-0660,COMMON_COLLECTION_ACCOUNT
BEN-039963,RING-0615,COMMON_COLLECTION_ACCOUNT
BEN-042750,RING-0398,SHARED_PAYOUT_ACCOUNT
BEN-040385,RING-0848,BATCH_FABRICATION
BEN-006641,RING-0543,GHOST_IDENTITY
BEN-007313,RING-0671,COMMON_COLLECTION_ACCOUNT
BEN-029371,RING-0080,IDENTITY_CLONING
BEN-028105,RING-0096,IDENTITY_CLONING
BEN-014753,RING-0334,SHARED_PAYOUT_ACCOUNT
BEN-011573,RING-0103,IDENTITY_CLONING
BEN-006178,RING-0255,IDENTITY_CLONING
BEN-037695,RING-0058,IDENTITY_CLONING
BEN-041296,RING-0337,SHARED_PAYOUT_ACCOUNT
BEN-004934,RING-0825,BATCH_FABRICATION
BEN-034391,RING-0882,BATCH_FABRICATION
BEN-035280,RING-0667,COMMON_COLLECTION_ACCOUNT
BEN-005995,RING-0063,IDENTITY_CLONING
BEN-025989,RING-0782,CIRCULAR_TRANSFERS
BEN-013936,RING-0876,BATCH_FABRICATION
BEN-036037,RING-0637,COMMON_COLLECTION_ACCOUNT
BEN-018074,RING-0405,INCOMPATIBLE_SCHEME_CLAIMS
BEN-036432,RING-0325,SHARED_PAYOUT_ACCOUNT
BEN-017670,RING-0466,INCOMPATIBLE_SCHEME_CLAIMS
BEN-033038,RING-0861,BATCH_FABRICATION
BEN-029099,RING-0367,SHARED_PAYOUT_ACCOUNT
BEN-035449,RING-0244,IDENTITY_CLONING
BEN-016704,RING-0712,CIRCULAR_TRANSFERS
BEN-019263,RING-0628,COMMON_COLLECTION_ACCOUNT
BEN-037510,RING-0885,BATCH_FABRICATION
BEN-012547,RING-0732,CIRCULAR_TRANSFERS
BEN-010976,RING-0547,GHOST_IDENTITY
BEN-029873,RING-0728,CIRCULAR_TRANSFERS
BEN-025198,RING-0740,CIRCULAR_TRANSFERS
BEN-044136,RING-0852,BATCH_FABRICATION
BEN-029048,CL-017,CIRCULAR_TRANSFERS
BEN-026285,RING-0110,IDENTITY_CLONING
BEN-032852,RING-0325,SHARED_PAYOUT_ACCOUNT
BEN-042098,RING-0735,CIRCULAR_TRANSFERS
BEN-020099,RING-0482,INCOMPATIBLE_SCHEME_CLAIMS
BEN-016309,RING-0801,CIRCULAR_TRANSFERS
BEN-039974,RING-0777,CIRCULAR_TRANSFERS
BEN-010903,RING-0107,IDENTITY_CLONING
BEN-036989,RING-0357,SHARED_PAYOUT_ACCOUNT
BEN-035678,RING-0104,IDENTITY_CLONING
BEN-014858,RING-0371,SHARED_PAYOUT_ACCOUNT
BEN-023220,RING-0442,INCOMPATIBLE_SCHEME_CLAIMS
BEN-013202,RING-0336,SHARED_PAYOUT_ACCOUNT
BEN-024542,RING-0493,INCOMPATIBLE_SCHEME_CLAIMS
BEN-012643,RING-0900,BATCH_FABRICATION
BEN-011091,RING-0270,IDENTITY_CLONING
BEN-042565,RING-0540,GHOST_IDENTITY
BEN-009266,RING-0155,IDENTITY_CLONING
BEN-008268,RING-0830,BATCH_FABRICATION
BEN-023963,RING-0177,IDENTITY_CLONING
BEN-037187,RING-0835,BATCH_FABRICATION
BEN-034658,RING-0204,IDENTITY_CLONING
BEN-013840,RING-0056,IDENTITY_CLONING
BEN-016834,RING-0607,COMMON_COLLECTION_ACCOUNT
BEN-000191,RING-0739,CIRCULAR_TRANSFERS
BEN-019445,RING-0587,GHOST_IDENTITY
BEN-023962,RING-0211,IDENTITY_CLONING
BEN-010149,RING-0336,SHARED_PAYOUT_ACCOUNT
BEN-047043,RING-0493,INCOMPATIBLE_SCHEME_CLAIMS
BEN-040202,RING-0622,COMMON_COLLECTION_ACCOUNT
BEN-046932,RING-0660,COMMON_COLLECTION_ACCOUNT
BEN-016114,RING-0556,GHOST_IDENTITY
BEN-006025,RING-0108,IDENTITY_CLONING
BEN-001481,RING-0515,GHOST_IDENTITY
BEN-030050,RING-0328,SHARED_PAYOUT_ACCOUNT
BEN-048366,RING-0067,IDENTITY_CLONING
BEN-033239,RING-0807,BATCH_FABRICATION
BEN-022629,RING-0263,IDENTITY_CLONING
BEN-037879,RING-0659,COMMON_COLLECTION_ACCOUNT
BEN-049026,RING-0780,CIRCULAR_TRANSFERS
BEN-031157,RING-0212,IDENTITY_CLONING
BEN-014287,RING-0585,GHOST_IDENTITY
BEN-042583,RING-0130,IDENTITY_CLONING
BEN-018314,RING-0431,INCOMPATIBLE_SCHEME_CLAIMS
BEN-019063,RING-0508,GHOST_IDENTITY
BEN-008837,RING-0468,INCOMPATIBLE_SCHEME_CLAIMS
BEN-027690,RING-0315,SHARED_PAYOUT_ACCOUNT
BEN-011755,RING-0352,SHARED_PAYOUT_ACCOUNT
BEN-027843,RING-0786,CIRCULAR_TRANSFERS
BEN-009489,RING-0066,IDENTITY_CLONING
BEN-010722,RING-0086,IDENTITY_CLONING
BEN-019796,RING-0709,CIRCULAR_TRANSFERS
BEN-040151,RING-0738,CIRCULAR_TRANSFERS
BEN-014860,RING-0899,BATCH_FABRICATION
BEN-002665,RING-0868,BATCH_FABRICATION
BEN-021460,RING-0758,CIRCULAR_TRANSFERS
BEN-015926,RING-0634,COMMON_COLLECTION_ACCOUNT
BEN-041083,RING-0242,IDENTITY_CLONING
BEN-013282,RING-0590,GHOST_IDENTITY
BEN-022510,RING-0356,SHARED_PAYOUT_ACCOUNT
BEN-047370,RING-0634,COMMON_COLLECTION_ACCOUNT
BEN-032949,RING-0582,GHOST_IDENTITY
BEN-035322,RING-0251,IDENTITY_CLONING
BEN-044543,RING-0334,SHARED_PAYOUT_ACCOUNT
BEN-010861,RING-0213,IDENTITY_CLONING
BEN-019607,RING-0533,GHOST_IDENTITY
BEN-031120,RING-0520,GHOST_IDENTITY
BEN-013819,RING-0035,IDENTITY_CLONING
BEN-001419,RING-0763,CIRCULAR_TRANSFERS
BEN-031455,RING-0808,BATCH_FABRICATION
BEN-011598,RING-0171,IDENTITY_CLONING
BEN-011416,RING-0237,IDENTITY_CLONING
BEN-038513,RING-0493,INCOMPATIBLE_SCHEME_CLAIMS
BEN-015418,RING-0831,BATCH_FABRICATION
BEN-017179,RING-0230,IDENTITY_CLONING
BEN-019703,RING-0899,BATCH_FABRICATION
BEN-009375,RING-0182,IDENTITY_CLONING
BEN-012878,RING-0653,COMMON_COLLECTION_ACCOUNT
BEN-028139,RING-0271,IDENTITY_CLONING
BEN-013531,RING-0598,GHOST_IDENTITY
BEN-027931,RING-0689,COMMON_COLLECTION_ACCOUNT
BEN-021684,RING-0528,GHOST_IDENTITY
BEN-005103,RING-0620,COMMON_COLLECTION_ACCOUNT
BEN-024104,RING-0882,BATCH_FABRICATION
BEN-040660,RING-0639,COMMON_COLLECTION_ACCOUNT
BEN-010863,RING-0376,SHARED_PAYOUT_ACCOUNT
BEN-022093,RING-0076,IDENTITY_CLONING
BEN-037743,RING-0634,COMMON_COLLECTION_ACCOUNT
BEN-033464,RING-0822,BATCH_FABRICATION
BEN-000521,RING-0353,SHARED_PAYOUT_ACCOUNT
BEN-031611,RING-0073,IDENTITY_CLONING
BEN-015887,RING-0778,CIRCULAR_TRANSFERS
BEN-021737,RING-0472,INCOMPATIBLE_SCHEME_CLAIMS
BEN-007885,RING-0627,COMMON_COLLECTION_ACCOUNT
BEN-012018,RING-0596,GHOST_IDENTITY
BEN-027576,RING-0085,IDENTITY_CLONING
BEN-044638,RING-0362,SHARED_PAYOUT_ACCOUNT
BEN-049115,RING-0364,SHARED_PAYOUT_ACCOUNT
BEN-002673,RING-0819,BATCH_FABRICATION
BEN-005487,RING-0892,BATCH_FABRICATION
BEN-035412,RING-0901,BATCH_FABRICATION
BEN-044730,RING-0098,IDENTITY_CLONING
BEN-032811,RING-0750,CIRCULAR_TRANSFERS
BEN-034499,RING-0423,INCOMPATIBLE_SCHEME_CLAIMS
BEN-035062,RING-0609,COMMON_COLLECTION_ACCOUNT
BEN-002342,RING-0129,IDENTITY_CLONING
BEN-010647,RING-0030,IDENTITY_CLONING
BEN-048576,RING-0600,GHOST_IDENTITY
BEN-033579,RING-0817,BATCH_FABRICATION
BEN-031271,RING-0826,BATCH_FABRICATION
BEN-023103,RING-0556,GHOST_IDENTITY
BEN-028339,RING-0692,COMMON_COLLECTION_ACCOUNT
BEN-011418,RING-0031,IDENTITY_CLONING
BEN-003418,RING-0564,GHOST_IDENTITY
BEN-001240,RING-0549,GHOST_IDENTITY
BEN-011968,RING-0710,CIRCULAR_TRANSFERS
BEN-028091,RING-0392,SHARED_PAYOUT_ACCOUNT
BEN-033957,RING-0024,IDENTITY_CLONING
BEN-042855,RING-0094,IDENTITY_CLONING
BEN-022848,RING-0345,SHARED_PAYOUT_ACCOUNT
BEN-000965,RING-0439,INCOMPATIBLE_SCHEME_CLAIMS
BEN-023434,RING-0860,BATCH_FABRICATION
BEN-007341,RING-0794,CIRCULAR_TRANSFERS
BEN-039491,CL-017,COMMON_COLLECTION_ACCOUNT
BEN-034552,RING-0383,SHARED_PAYOUT_ACCOUNT
BEN-028129,RING-0823,BATCH_FABRICATION
BEN-012026,RING-0387,SHARED_PAYOUT_ACCOUNT
BEN-037264,RING-0452,INCOMPATIBLE_SCHEME_CLAIMS
BEN-001967,RING-0650,COMMON_COLLECTION_ACCOUNT
BEN-003191,RING-0838,BATCH_FABRICATION
BEN-035598,RING-0562,GHOST_IDENTITY
BEN-002369,RING-0691,COMMON_COLLECTION_ACCOUNT
BEN-009627,RING-0557,GHOST_IDENTITY
BEN-020012,RING-0663,COMMON_COLLECTION_ACCOUNT
BEN-000371,RING-0789,CIRCULAR_TRANSFERS
BEN-049986,RING-0648,COMMON_COLLECTION_ACCOUNT
BEN-041604,RING-0584,GHOST_IDENTITY
BEN-024263,RING-0816,BATCH_FABRICATION
BEN-012503,RING-0006,IDENTITY_CLONING
BEN-021810,RING-0807,BATCH_FABRICATION
BEN-029328,RING-0337,SHARED_PAYOUT_ACCOUNT
BEN-032743,RING-0600,GHOST_IDENTITY
BEN-019250,RING-0257,IDENTITY_CLONING
BEN-041026,RING-0542,GHOST_IDENTITY
BEN-018453,RING-0375,SHARED_PAYOUT_ACCOUNT
BEN-004213,RING-0788,CIRCULAR_TRANSFERS
BEN-022527,RING-0418,INCOMPATIBLE_SCHEME_CLAIMS
BEN-008549,RING-0266,IDENTITY_CLONING
BEN-025329,RING-0692,COMMON_COLLECTION_ACCOUNT
BEN-000078,RING-0365,SHARED_PAYOUT_ACCOUNT
BEN-017753,RING-0656,COMMON_COLLECTION_ACCOUNT
BEN-018674,RING-0075,IDENTITY_CLONING
BEN-043028,RING-0610,COMMON_COLLECTION_ACCOUNT
BEN-048371,RING-0162,IDENTITY_CLONING
BEN-020609,RING-0500,INCOMPATIBLE_SCHEME_CLAIMS
BEN-042815,RING-0389,SHARED_PAYOUT_ACCOUNT
BEN-040622,RING-0383,SHARED_PAYOUT_ACCOUNT
BEN-025874,RING-0515,GHOST_IDENTITY
BEN-044542,RING-0621,COMMON_COLLECTION_ACCOUNT
BEN-036060,RING-0222,IDENTITY_CLONING
BEN-011049,RING-0735,CIRCULAR_TRANSFERS
BEN-036661,RING-0872,BATCH_FABRICATION
BEN-005986,RING-0262,IDENTITY_CLONING
BEN-038459,RING-0766,CIRCULAR_TRANSFERS
BEN-033353,RING-0878,BATCH_FABRICATION
BEN-045459,RING-0579,GHOST_IDENTITY
BEN-032719,RING-0531,GHOST_IDENTITY
BEN-002288,RING-0525,GHOST_IDENTITY
BEN-022788,RING-0452,INCOMPATIBLE_SCHEME_CLAIMS
BEN-010351,RING-0351,SHARED_PAYOUT_ACCOUNT
BEN-049904,RING-0464,INCOMPATIBLE_SCHEME_CLAIMS
BEN-000495,RING-0512,GHOST_IDENTITY
BEN-023487,RING-0804,BATCH_FABRICATION
BEN-018612,RING-0427,INCOMPATIBLE_SCHEME_CLAIMS
BEN-049890,RING-0419,INCOMPATIBLE_SCHEME_CLAIMS
BEN-012048,RING-0118,IDENTITY_CLONING
BEN-046736,RING-0182,IDENTITY_CLONING
BEN-015844,RING-0419,INCOMPATIBLE_SCHEME_CLAIMS
BEN-016314,RING-0736,CIRCULAR_TRANSFERS
BEN-049107,RING-0719,CIRCULAR_TRANSFERS
BEN-032944,RING-0335,SHARED_PAYOUT_ACCOUNT
BEN-017582,RING-0216,IDENTITY_CLONING
BEN-020385,RING-0576,GHOST_IDENTITY
BEN-000539,RING-0457,INCOMPATIBLE_SCHEME_CLAIMS
BEN-039472,RING-0543,GHOST_IDENTITY
BEN-029181,RING-0869,BATCH_FABRICATION
BEN-003908,RING-0659,COMMON_COLLECTION_ACCOUNT
BEN-017995,RING-0338,SHARED_PAYOUT_ACCOUNT
BEN-002711,RING-0139,IDENTITY_CLONING
BEN-008127,RING-0785,CIRCULAR_TRANSFERS
BEN-002165,RING-0748,CIRCULAR_TRANSFERS
BEN-049903,RING-0392,SHARED_PAYOUT_ACCOUNT
BEN-036337,RING-0540,GHOST_IDENTITY
BEN-018511,RING-0631,COMMON_COLLECTION_ACCOUNT
BEN-032187,RING-0053,IDENTITY_CLONING
BEN-013982,RING-0362,SHARED_PAYOUT_ACCOUNT
BEN-043720,RING-0531,GHOST_IDENTITY
BEN-048836,RING-0874,BATCH_FABRICATION
BEN-003605,RING-0617,COMMON_COLLECTION_ACCOUNT
BEN-046184,RING-0861,BATCH_FABRICATION
BEN-024748,RING-0829,BATCH_FABRICATION
BEN-018779,RING-0406,INCOMPATIBLE_SCHEME_CLAIMS
BEN-045115,RING-0731,CIRCULAR_TRANSFERS
BEN-033583,RING-0324,SHARED_PAYOUT_ACCOUNT
BEN-036448,RING-0391,SHARED_PAYOUT_ACCOUNT
BEN-023290,RING-0725,CIRCULAR_TRANSFERS
BEN-012952,RING-0819,BATCH_FABRICATION
BEN-038632,RING-0656,COMMON_COLLECTION_ACCOUNT
BEN-002955,RING-0850,BATCH_FABRICATION
BEN-021693,RING-0791,CIRCULAR_TRANSFERS
BEN-030002,RING-0689,COMMON_COLLECTION_ACCOUNT
BEN-044406,RING-0744,CIRCULAR_TRANSFERS
BEN-002338,RING-0759,CIRCULAR_TRANSFERS
BEN-027769,RING-0209,IDENTITY_CLONING
BEN-037893,RING-0341,SHARED_PAYOUT_ACCOUNT
BEN-001915,RING-0698,COMMON_COLLECTION_ACCOUNT
BEN-041135,RING-0816,BATCH_FABRICATION
BEN-043007,RING-0449,INCOMPATIBLE_SCHEME_CLAIMS
BEN-011990,RING-0038,IDENTITY_CLONING
BEN-018132,RING-0103,IDENTITY_CLONING
BEN-040877,RING-0852,BATCH_FABRICATION
BEN-042368,RING-0676,COMMON_COLLECTION_ACCOUNT
BEN-007396,RING-0809,BATCH_FABRICATION
BEN-019739,RING-0382,SHARED_PAYOUT_ACCOUNT
BEN-010061,RING-0708,CIRCULAR_TRANSFERS
BEN-044551,RING-0665,COMMON_COLLECTION_ACCOUNT
BEN-028622,RING-0403,INCOMPATIBLE_SCHEME_CLAIMS
BEN-011635,RING-0331,SHARED_PAYOUT_ACCOUNT
BEN-000430,RING-0843,BATCH_FABRICATION
BEN-037246,RING-0836,BATCH_FABRICATION
BEN-021139,RING-0468,INCOMPATIBLE_SCHEME_CLAIMS
BEN-007317,RING-0834,BATCH_FABRICATION
BEN-014773,RING-0390,SHARED_PAYOUT_ACCOUNT
BEN-038599,RING-0593,GHOST_IDENTITY
BEN-009349,RING-0807,BATCH_FABRICATION
BEN-031761,RING-0490,INCOMPATIBLE_SCHEME_CLAIMS
BEN-029817,RING-0698,COMMON_COLLECTION_ACCOUNT
BEN-027288,RING-0803,BATCH_FABRICATION
BEN-046658,RING-0380,SHARED_PAYOUT_ACCOUNT
BEN-001858,RING-0852,BATCH_FABRICATION
BEN-047350,RING-0455,INCOMPATIBLE_SCHEME_CLAIMS
BEN-013122,RING-0351,SHARED_PAYOUT_ACCOUNT
BEN-004582,RING-0274,IDENTITY_CLONING
BEN-033792,RING-0533,GHOST_IDENTITY
BEN-048200,RING-0015,IDENTITY_CLONING
BEN-022865,RING-0382,SHARED_PAYOUT_ACCOUNT
BEN-028180,RING-0689,COMMON_COLLECTION_ACCOUNT
BEN-005107,RING-0846,BATCH_FABRICATION
BEN-010455,RING-0534,GHOST_IDENTITY
BEN-046707,RING-0366,SHARED_PAYOUT_ACCOUNT
BEN-033602,RING-0370,SHARED_PAYOUT_ACCOUNT
BEN-002098,RING-0683,COMMON_COLLECTION_ACCOUNT
BEN-010985,RING-0837,BATCH_FABRICATION
BEN-012341,RING-0870,BATCH_FABRICATION
BEN-031126,RING-0102,IDENTITY_CLONING
BEN-012273,RING-0841,BATCH_FABRICATION
BEN-029567,RING-0492,INCOMPATIBLE_SCHEME_CLAIMS
BEN-044366,RING-0376,SHARED_PAYOUT_ACCOUNT
BEN-035330,RING-0506,GHOST_IDENTITY
BEN-001517,RING-0236,IDENTITY_CLONING
BEN-021906,RING-0817,BATCH_FABRICATION
BEN-004407,RING-0888,BATCH_FABRICATION
BEN-015919,RING-0681,COMMON_COLLECTION_ACCOUNT
BEN-017984,RING-0701,COMMON_COLLECTION_ACCOUNT
BEN-009661,RING-0403,INCOMPATIBLE_SCHEME_CLAIMS
BEN-000184,RING-0413,INCOMPATIBLE_SCHEME_CLAIMS
BEN-043812,RING-0441,INCOMPATIBLE_SCHEME_CLAIMS
BEN-043766,RING-0360,SHARED_PAYOUT_ACCOUNT
BEN-021547,RING-0552,GHOST_IDENTITY
BEN-030409,RING-0657,COMMON_COLLECTION_ACCOUNT
BEN-046269,RING-0859,BATCH_FABRICATION
BEN-025294,RING-0829,BATCH_FABRICATION
BEN-025436,RING-0410,INCOMPATIBLE_SCHEME_CLAIMS
BEN-044081,RING-0515,GHOST_IDENTITY
BEN-016418,RING-0551,GHOST_IDENTITY
BEN-022491,RING-0564,GHOST_IDENTITY
BEN-033898,CL-017,IDENTITY_CLONING
BEN-004617,RING-0372,SHARED_PAYOUT_ACCOUNT
BEN-043235,RING-0373,SHARED_PAYOUT_ACCOUNT
BEN-008305,RING-0459,INCOMPATIBLE_SCHEME_CLAIMS
BEN-028391,RING-0307,SHARED_PAYOUT_ACCOUNT
BEN-047524,RING-0509,GHOST_IDENTITY
BEN-025084,RING-0286,IDENTITY_CLONING
BEN-004316,RING-0850,BATCH_FABRICATION
BEN-001929,RING-0802,BATCH_FABRICATION
BEN-017411,RING-0340,SHARED_PAYOUT_ACCOUNT
BEN-026127,RING-0321,SHARED_PAYOUT_ACCOUNT
BEN-042217,RING-0329,SHARED_PAYOUT_ACCOUNT
BEN-019682,RING-0460,INCOMPATIBLE_SCHEME_CLAIMS
BEN-044547,RING-0184,IDENTITY_CLONING
BEN-044601,RING-0644,COMMON_COLLECTION_ACCOUNT
BEN-008891,RING-0682,COMMON_COLLECTION_ACCOUNT
BEN-031034,RING-0045,IDENTITY_CLONING
BEN-016162,RING-0424,INCOMPATIBLE_SCHEME_CLAIMS
BEN-019876,RING-0576,GHOST_IDENTITY
BEN-027936,RING-0485,INCOMPATIBLE_SCHEME_CLAIMS
BEN-038781,RING-0663,COMMON_COLLECTION_ACCOUNT
BEN-005168,CL-017,INCOMPATIBLE_SCHEME_CLAIMS
BEN-006140,RING-0666,COMMON_COLLECTION_ACCOUNT
BEN-024513,RING-0433,INCOMPATIBLE_SCHEME_CLAIMS
BEN-006735,RING-0462,INCOMPATIBLE_SCHEME_CLAIMS
BEN-025746,RING-0855,BATCH_FABRICATION
BEN-015204,RING-0675,COMMON_COLLECTION_ACCOUNT
BEN-012490,RING-0394,SHARED_PAYOUT_ACCOUNT
BEN-030227,RING-0541,GHOST_IDENTITY
BEN-041463,RING-0638,COMMON_COLLECTION_ACCOUNT
BEN-048470,RING-0372,SHARED_PAYOUT_ACCOUNT
BEN-030696,RING-0869,BATCH_FABRICATION
BEN-019329,RING-0374,SHARED_PAYOUT_ACCOUNT
BEN-006926,RING-0353,SHARED_PAYOUT_ACCOUNT
BEN-005783,RING-0391,SHARED_PAYOUT_ACCOUNT
BEN-014570,RING-0819,BATCH_FABRICATION
BEN-016015,RING-0355,SHARED_PAYOUT_ACCOUNT
BEN-031816,RING-0410,INCOMPATIBLE_SCHEME_CLAIMS
BEN-038004,RING-0536,GHOST_IDENTITY
BEN-033676,RING-0229,IDENTITY_CLONING
BEN-027179,RING-0677,COMMON_COLLECTION_ACCOUNT
BEN-038017,RING-0849,BATCH_FABRICATION
BEN-016648,RING-0869,BATCH_FABRICATION
BEN-022597,RING-0093,IDENTITY_CLONING
BEN-037330,RING-0091,IDENTITY_CLONING
BEN-026471,RING-0109,IDENTITY_CLONING
BEN-004545,RING-0733,CIRCULAR_TRANSFERS
BEN-008641,RING-0140,IDENTITY_CLONING
BEN-033386,RING-0180,IDENTITY_CLONING
BEN-007829,RING-0784,CIRCULAR_TRANSFERS
BEN-031139,RING-0581,GHOST_IDENTITY
BEN-029195,RING-0680,COMMON_COLLECTION_ACCOUNT
BEN-001787,RING-0334,SHARED_PAYOUT_ACCOUNT
BEN-034275,RING-0233,IDENTITY_CLONING
BEN-018992,RING-0360,SHARED_PAYOUT_ACCOUNT
BEN-039921,RING-0141,IDENTITY_CLONING
BEN-006097,RING-0596,GHOST_IDENTITY
BEN-004639,RING-0290,IDENTITY_CLONING
BEN-021344,RING-0684,COMMON_COLLECTION_ACCOUNT
BEN-030631,RING-0619,COMMON_COLLECTION_ACCOUNT
BEN-023255,RING-0635,COMMON_COLLECTION_ACCOUNT
BEN-012362,RING-0588,GHOST_IDENTITY
BEN-007670,RING-0676,COMMON_COLLECTION_ACCOUNT
BEN-016874,RING-0436,INCOMPATIBLE_SCHEME_CLAIMS
BEN-017940,RING-0638,COMMON_COLLECTION_ACCOUNT
BEN-024452,RING-0578,GHOST_IDENTITY
BEN-048956,RING-0640,COMMON_COLLECTION_ACCOUNT
BEN-045088,RING-0862,BATCH_FABRICATION
BEN-036881,CL-017,COMMON_COLLECTION_ACCOUNT
BEN-010787,CL-017,IDENTITY_CLONING
BEN-021092,RING-0751,CIRCULAR_TRANSFERS
BEN-035581,RING-0355,SHARED_PAYOUT_ACCOUNT
BEN-028450,RING-0329,SHARED_PAYOUT_ACCOUNT
BEN-042289,RING-0042,IDENTITY_CLONING
BEN-015181,RING-0807,BATCH_FABRICATION
BEN-014186,RING-0633,COMMON_COLLECTION_ACCOUNT
BEN-043906,RING-0224,IDENTITY_CLONING
BEN-030187,RING-0865,BATCH_FABRICATION
BEN-039212,RING-0302,SHARED_PAYOUT_ACCOUNT
BEN-006485,RING-0357,SHARED_PAYOUT_ACCOUNT
BEN-034984,RING-0355,SHARED_PAYOUT_ACCOUNT
BEN-014446,RING-0683,COMMON_COLLECTION_ACCOUNT
BEN-034347,RING-0597,GHOST_IDENTITY
BEN-003706,RING-0736,CIRCULAR_TRANSFERS
BEN-047265,RING-0865,BATCH_FABRICATION
BEN-025305,RING-0539,GHOST_IDENTITY
BEN-041565,RING-0333,SHARED_PAYOUT_ACCOUNT
BEN-026287,RING-0427,INCOMPATIBLE_SCHEME_CLAIMS
BEN-026556,RING-0876,BATCH_FABRICATION
BEN-013864,RING-0384,SHARED_PAYOUT_ACCOUNT
BEN-020540,RING-0333,SHARED_PAYOUT_ACCOUNT
BEN-044001,RING-0049,IDENTITY_CLONING
BEN-030161,RING-0388,SHARED_PAYOUT_ACCOUNT
BEN-013900,RING-0492,INCOMPATIBLE_SCHEME_CLAIMS
BEN-027390,RING-0151,IDENTITY_CLONING
BEN-005375,RING-0731,CIRCULAR_TRANSFERS
BEN-034311,RING-0358,SHARED_PAYOUT_ACCOUNT
BEN-037250,RING-0193,IDENTITY_CLONING
BEN-036873,RING-0825,BATCH_FABRICATION
BEN-021094,RING-0471,INCOMPATIBLE_SCHEME_CLAIMS
BEN-035398,RING-0637,COMMON_COLLECTION_ACCOUNT
BEN-017736,RING-0817,BATCH_FABRICATION
BEN-034619,RING-0669,COMMON_COLLECTION_ACCOUNT
BEN-017983,RING-0670,COMMON_COLLECTION_ACCOUNT
BEN-034057,RING-0332,SHARED_PAYOUT_ACCOUNT
BEN-021747,RING-0163,IDENTITY_CLONING
BEN-045701,RING-0844,BATCH_FABRICATION
BEN-012801,RING-0651,COMMON_COLLECTION_ACCOUNT
BEN-036791,RING-0554,GHOST_IDENTITY
BEN-021280,RING-0667,COMMON_COLLECTION_ACCOUNT
BEN-022911,RING-0508,GHOST_IDENTITY
BEN-036428,RING-0640,COMMON_COLLECTION_ACCOUNT
BEN-031239,RING-0337,SHARED_PAYOUT_ACCOUNT
