record_id,actual_person_id,scenario_type,is_injected_suspicious,fraud_ring_id,description
BEN-000001,PERSON-0,shared_payout,True,RING-SHARED,Entirely fictional test record
BEN-000002,PERSON-1,shared_payout,True,RING-SHARED,Entirely fictional test record
BEN-000003,PERSON-2,shared_payout,True,RING-SHARED,Entirely fictional test record
BEN-000004,PERSON-3,shared_payout,True,RING-SHARED,Entirely fictional test record
BEN-000005,PERSON-4,shared_payout,True,RING-SHARED,Entirely fictional test record
BEN-000006,PERSON-5,shared_payout,True,RING-SHARED,Entirely fictional test record
BEN-000007,PERSON-6,shared_payout,True,RING-SHARED,Entirely fictional test record
BEN-000008,PERSON-7,shared_payout,True,RING-SHARED,Entirely fictional test record
BEN-000009,PERSON-8,shared_payout,True,RING-SHARED,Entirely fictional test record
BEN-000010,PERSON-9,shared_payout,True,RING-SHARED,Entirely fictional test record
BEN-000011,PERSON-10,shared_payout,True,RING-SHARED,Entirely fictional test record
BEN-000012,PERSON-11,shared_payout,True,RING-SHARED,Entirely fictional test record
BEN-000013,PERSON-12,shared_payout,True,RING-SHARED,Entirely fictional test record
BEN-000014,PERSON-13,shared_payout,True,RING-SHARED,Entirely fictional test record
BEN-000015,PERSON-14,shared_payout,True,RING-SHARED,Entirely fictional test record
BEN-000016,PERSON-15,shared_payout,True,RING-SHARED,Entirely fictional test record
BEN-000017,PERSON-16,ordinary,False,,Entirely fictional test record
BEN-000018,PERSON-17,ordinary,False,,Entirely fictional test record
BEN-000019,PERSON-18,ordinary,False,,Entirely fictional test record
BEN-000020,PERSON-19,ordinary,False,,Entirely fictional test record
BEN-000021,PERSON-20,identity_cloning,True,RING-ID-20,Entirely fictional test record
BEN-000022,PERSON-20,identity_cloning,True,RING-ID-20,Entirely fictional test record
BEN-000023,PERSON-20,identity_cloning,True,RING-ID-20,Entirely fictional test record
BEN-000024,PERSON-23,identity_cloning,True,RING-ID-23,Entirely fictional test record
BEN-000025,PERSON-23,identity_cloning,True,RING-ID-23,Entirely fictional test record
BEN-000026,PERSON-23,identity_cloning,True,RING-ID-23,Entirely fictional test record
BEN-000027,PERSON-26,identity_cloning,True,RING-ID-26,Entirely fictional test record
BEN-000028,PERSON-26,identity_cloning,True,RING-ID-26,Entirely fictional test record
BEN-000029,PERSON-26,identity_cloning,True,RING-ID-26,Entirely fictional test record
BEN-000030,PERSON-29,identity_cloning,True,RING-ID-29,Entirely fictional test record
BEN-000031,PERSON-29,identity_cloning,True,RING-ID-29,Entirely fictional test record
BEN-000032,PERSON-29,identity_cloning,True,RING-ID-29,Entirely fictional test record
BEN-000033,PERSON-32,identity_cloning,True,RING-ID-32,Entirely fictional test record
BEN-000034,PERSON-32,identity_cloning,True,RING-ID-32,Entirely fictional test record
BEN-000035,PERSON-32,identity_cloning,True,RING-ID-32,Entirely fictional test record
BEN-000036,PERSON-35,identity_cloning,True,RING-ID-35,Entirely fictional test record
BEN-000037,PERSON-35,identity_cloning,True,RING-ID-35,Entirely fictional test record
BEN-000038,PERSON-35,identity_cloning,True,RING-ID-35,Entirely fictional test record
BEN-000039,PERSON-38,identity_cloning,True,RING-ID-38,Entirely fictional test record
BEN-000040,PERSON-38,identity_cloning,True,RING-ID-38,Entirely fictional test record
BEN-000041,PERSON-38,identity_cloning,True,RING-ID-38,Entirely fictional test record
BEN-000042,PERSON-41,identity_cloning,True,RING-ID-41,Entirely fictional test record
BEN-000043,PERSON-41,identity_cloning,True,RING-ID-41,Entirely fictional test record
BEN-000044,PERSON-41,identity_cloning,True,RING-ID-41,Entirely fictional test record
BEN-000045,PERSON-44,identity_cloning,True,RING-ID-44,Entirely fictional test record
BEN-000046,PERSON-44,identity_cloning,True,RING-ID-44,Entirely fictional test record
BEN-000047,PERSON-44,identity_cloning,True,RING-ID-44,Entirely fictional test record
BEN-000048,PERSON-47,identity_cloning,True,RING-ID-47,Entirely fictional test record
BEN-000049,PERSON-47,identity_cloning,True,RING-ID-47,Entirely fictional test record
BEN-000050,PERSON-47,identity_cloning,True,RING-ID-47,Entirely fictional test record
BEN-000051,PERSON-50,ordinary,False,,Entirely fictional test record
BEN-000052,PERSON-51,ordinary,False,,Entirely fictional test record
BEN-000053,PERSON-52,ordinary,False,,Entirely fictional test record
BEN-000054,PERSON-53,ordinary,False,,Entirely fictional test record
BEN-000055,PERSON-54,ordinary,False,,Entirely fictional test record
BEN-000056,PERSON-55,ordinary,False,,Entirely fictional test record
BEN-000057,PERSON-56,ordinary,False,,Entirely fictional test record
BEN-000058,PERSON-57,ordinary,False,,Entirely fictional test record
BEN-000059,PERSON-58,ordinary,False,,Entirely fictional test record
BEN-000060,PERSON-59,ordinary,False,,Entirely fictional test record
BEN-000061,PERSON-60,scheme_overlap,True,RING-SCHEME,Entirely fictional test record
BEN-000062,PERSON-61,scheme_overlap,True,RING-SCHEME,Entirely fictional test record
BEN-000063,PERSON-62,scheme_overlap,True,RING-SCHEME,Entirely fictional test record
BEN-000064,PERSON-63,scheme_overlap,True,RING-SCHEME,Entirely fictional test record
BEN-000065,PERSON-64,scheme_overlap,True,RING-SCHEME,Entirely fictional test record
BEN-000066,PERSON-65,scheme_overlap,True,RING-SCHEME,Entirely fictional test record
BEN-000067,PERSON-66,scheme_overlap,True,RING-SCHEME,Entirely fictional test record
BEN-000068,PERSON-67,scheme_overlap,True,RING-SCHEME,Entirely fictional test record
BEN-000069,PERSON-68,scheme_overlap,True,RING-SCHEME,Entirely fictional test record
BEN-000070,PERSON-69,scheme_overlap,True,RING-SCHEME,Entirely fictional test record
BEN-000071,PERSON-70,ordinary,False,,Entirely fictional test record
BEN-000072,PERSON-71,ordinary,False,,Entirely fictional test record
BEN-000073,PERSON-72,ordinary,False,,Entirely fictional test record
BEN-000074,PERSON-73,ordinary,False,,Entirely fictional test record
BEN-000075,PERSON-74,ordinary,False,,Entirely fictional test record
BEN-000076,PERSON-75,ordinary,False,,Entirely fictional test record
BEN-000077,PERSON-76,ordinary,False,,Entirely fictional test record
BEN-000078,PERSON-77,ordinary,False,,Entirely fictional test record
BEN-000079,PERSON-78,ordinary,False,,Entirely fictional test record
BEN-000080,PERSON-79,ordinary,False,,Entirely fictional test record
BEN-000081,PERSON-80,ghost_identity,True,RING-80,Entirely fictional test record
BEN-000082,PERSON-81,ghost_identity,True,RING-80,Entirely fictional test record
BEN-000083,PERSON-82,ghost_identity,True,RING-80,Entirely fictional test record
BEN-000084,PERSON-83,ghost_identity,True,RING-80,Entirely fictional test record
BEN-000085,PERSON-84,ghost_identity,True,RING-80,Entirely fictional test record
BEN-000086,PERSON-85,ghost_identity,True,RING-80,Entirely fictional test record
BEN-000087,PERSON-86,ghost_identity,True,RING-80,Entirely fictional test record
BEN-000088,PERSON-87,ghost_identity,True,RING-80,Entirely fictional test record
BEN-000089,PERSON-88,ghost_identity,True,RING-80,Entirely fictional test record
BEN-000090,PERSON-89,ghost_identity,True,RING-80,Entirely fictional test record
BEN-000091,PERSON-90,ghost_identity,True,RING-80,Entirely fictional test record
BEN-000092,PERSON-91,ghost_identity,True,RING-80,Entirely fictional test record
BEN-000093,PERSON-92,ordinary,False,,Entirely fictional test record
BEN-000094,PERSON-93,ordinary,False,,Entirely fictional test record
BEN-000095,PERSON-94,ordinary,False,,Entirely fictional test record
BEN-000096,PERSON-95,ordinary,False,,Entirely fictional test record
BEN-000097,PERSON-96,ordinary,False,,Entirely fictional test record
BEN-000098,PERSON-97,ordinary,False,,Entirely fictional test record
BEN-000099,PERSON-98,ordinary,False,,Entirely fictional test record
BEN-000100,PERSON-99,ordinary,False,,Entirely fictional test record
BEN-000101,PERSON-100,batch_fabrication,True,RING-100,Entirely fictional test record
BEN-000102,PERSON-101,batch_fabrication,True,RING-100,Entirely fictional test record
BEN-000103,PERSON-102,batch_fabrication,True,RING-100,Entirely fictional test record
BEN-000104,PERSON-103,batch_fabrication,True,RING-100,Entirely fictional test record
BEN-000105,PERSON-104,batch_fabrication,True,RING-100,Entirely fictional test record
BEN-000106,PERSON-105,batch_fabrication,True,RING-100,Entirely fictional test record
BEN-000107,PERSON-106,batch_fabrication,True,RING-100,Entirely fictional test record
BEN-000108,PERSON-107,batch_fabrication,True,RING-100,Entirely fictional test record
BEN-000109,PERSON-108,batch_fabrication,True,RING-100,Entirely fictional test record
BEN-000110,PERSON-109,batch_fabrication,True,RING-100,Entirely fictional test record
BEN-000111,PERSON-110,batch_fabrication,True,RING-100,Entirely fictional test record
BEN-000112,PERSON-111,batch_fabrication,True,RING-100,Entirely fictional test record
BEN-000113,PERSON-112,ordinary,False,,Entirely fictional test record
BEN-000114,PERSON-113,ordinary,False,,Entirely fictional test record
BEN-000115,PERSON-114,ordinary,False,,Entirely fictional test record
BEN-000116,PERSON-115,ordinary,False,,Entirely fictional test record
BEN-000117,PERSON-116,ordinary,False,,Entirely fictional test record
BEN-000118,PERSON-117,ordinary,False,,Entirely fictional test record
BEN-000119,PERSON-118,ordinary,False,,Entirely fictional test record
BEN-000120,PERSON-119,ordinary,False,,Entirely fictional test record
BEN-000121,PERSON-120,collector,True,RING-COLLECTOR,Entirely fictional test record
BEN-000122,PERSON-121,collector,True,RING-COLLECTOR,Entirely fictional test record
BEN-000123,PERSON-122,collector,True,RING-COLLECTOR,Entirely fictional test record
BEN-000124,PERSON-123,collector,True,RING-COLLECTOR,Entirely fictional test record
BEN-000125,PERSON-124,collector,True,RING-COLLECTOR,Entirely fictional test record
BEN-000126,PERSON-125,collector,True,RING-COLLECTOR,Entirely fictional test record
BEN-000127,PERSON-126,collector,True,RING-COLLECTOR,Entirely fictional test record
BEN-000128,PERSON-127,collector,True,RING-COLLECTOR,Entirely fictional test record
BEN-000129,PERSON-128,collector,True,RING-COLLECTOR,Entirely fictional test record
BEN-000130,PERSON-129,collector,True,RING-COLLECTOR,Entirely fictional test record
BEN-000131,PERSON-130,ordinary,False,,Entirely fictional test record
BEN-000132,PERSON-131,ordinary,False,,Entirely fictional test record
BEN-000133,PERSON-132,ordinary,False,,Entirely fictional test record
BEN-000134,PERSON-133,ordinary,False,,Entirely fictional test record
BEN-000135,PERSON-134,ordinary,False,,Entirely fictional test record
BEN-000136,PERSON-135,ordinary,False,,Entirely fictional test record
BEN-000137,PERSON-136,ordinary,False,,Entirely fictional test record
BEN-000138,PERSON-137,ordinary,False,,Entirely fictional test record
BEN-000139,PERSON-138,ordinary,False,,Entirely fictional test record
BEN-000140,PERSON-139,ordinary,False,,Entirely fictional test record
BEN-000141,PERSON-140,circular_transfer,True,RING-CYCLE,Entirely fictional test record
BEN-000142,PERSON-141,circular_transfer,True,RING-CYCLE,Entirely fictional test record
BEN-000143,PERSON-142,circular_transfer,True,RING-CYCLE,Entirely fictional test record
BEN-000144,PERSON-143,circular_transfer,True,RING-CYCLE,Entirely fictional test record
BEN-000145,PERSON-144,circular_transfer,True,RING-CYCLE,Entirely fictional test record
BEN-000146,PERSON-145,circular_transfer,True,RING-CYCLE,Entirely fictional test record
BEN-000147,PERSON-146,ordinary,False,,Entirely fictional test record
BEN-000148,PERSON-147,ordinary,False,,Entirely fictional test record
BEN-000149,PERSON-148,ordinary,False,,Entirely fictional test record
BEN-000150,PERSON-149,ordinary,False,,Entirely fictional test record
BEN-000151,PERSON-150,ordinary,False,,Entirely fictional test record
BEN-000152,PERSON-151,ordinary,False,,Entirely fictional test record
BEN-000153,PERSON-152,ordinary,False,,Entirely fictional test record
BEN-000154,PERSON-153,ordinary,False,,Entirely fictional test record
BEN-000155,PERSON-154,ordinary,False,,Entirely fictional test record
BEN-000156,PERSON-155,ordinary,False,,Entirely fictional test record
BEN-000157,PERSON-156,ordinary,False,,Entirely fictional test record
BEN-000158,PERSON-157,ordinary,False,,Entirely fictional test record
BEN-000159,PERSON-158,ordinary,False,,Entirely fictional test record
BEN-000160,PERSON-159,ordinary,False,,Entirely fictional test record
BEN-000161,PERSON-160,legitimate_hostel,False,,Entirely fictional test record
BEN-000162,PERSON-161,legitimate_hostel,False,,Entirely fictional test record
BEN-000163,PERSON-162,legitimate_hostel,False,,Entirely fictional test record
BEN-000164,PERSON-163,legitimate_hostel,False,,Entirely fictional test record
BEN-000165,PERSON-164,legitimate_hostel,False,,Entirely fictional test record
BEN-000166,PERSON-165,legitimate_hostel,False,,Entirely fictional test record
BEN-000167,PERSON-166,legitimate_hostel,False,,Entirely fictional test record
BEN-000168,PERSON-167,legitimate_hostel,False,,Entirely fictional test record
BEN-000169,PERSON-168,legitimate_hostel,False,,Entirely fictional test record
BEN-000170,PERSON-169,legitimate_hostel,False,,Entirely fictional test record
BEN-000171,PERSON-170,legitimate_hostel,False,,Entirely fictional test record
BEN-000172,PERSON-171,legitimate_hostel,False,,Entirely fictional test record
BEN-000173,PERSON-172,legitimate_hostel,False,,Entirely fictional test record
BEN-000174,PERSON-173,legitimate_hostel,False,,Entirely fictional test record
BEN-000175,PERSON-174,legitimate_hostel,False,,Entirely fictional test record
BEN-000176,PERSON-175,legitimate_hostel,False,,Entirely fictional test record
BEN-000177,PERSON-176,legitimate_hostel,False,,Entirely fictional test record
BEN-000178,PERSON-177,legitimate_hostel,False,,Entirely fictional test record
BEN-000179,PERSON-178,legitimate_hostel,False,,Entirely fictional test record
BEN-000180,PERSON-179,legitimate_hostel,False,,Entirely fictional test record
BEN-000181,PERSON-180,legitimate_guardian,False,,Entirely fictional test record
BEN-000182,PERSON-181,legitimate_guardian,False,,Entirely fictional test record
BEN-000183,PERSON-182,legitimate_same_name,False,,Entirely fictional test record
BEN-000184,PERSON-183,legitimate_same_name,False,,Entirely fictional test record
BEN-000185,PERSON-184,ordinary,False,,Entirely fictional test record
BEN-000186,PERSON-185,ordinary,False,,Entirely fictional test record
BEN-000187,PERSON-186,ordinary,False,,Entirely fictional test record
BEN-000188,PERSON-187,ordinary,False,,Entirely fictional test record
BEN-000189,PERSON-188,ordinary,False,,Entirely fictional test record
BEN-000190,PERSON-189,ordinary,False,,Entirely fictional test record
BEN-000191,PERSON-190,ordinary,False,,Entirely fictional test record
BEN-000192,PERSON-191,ordinary,False,,Entirely fictional test record
BEN-000193,PERSON-192,ordinary,False,,Entirely fictional test record
BEN-000194,PERSON-193,ordinary,False,,Entirely fictional test record
BEN-000195,PERSON-194,ordinary,False,,Entirely fictional test record
BEN-000196,PERSON-195,ordinary,False,,Entirely fictional test record
BEN-000197,PERSON-196,ordinary,False,,Entirely fictional test record
BEN-000198,PERSON-197,ordinary,False,,Entirely fictional test record
BEN-000199,PERSON-198,ordinary,False,,Entirely fictional test record
BEN-000200,PERSON-199,ordinary,False,,Entirely fictional test record
BEN-000201,PERSON-200,ordinary,False,,Entirely fictional test record
BEN-000202,PERSON-201,ordinary,False,,Entirely fictional test record
BEN-000203,PERSON-202,ordinary,False,,Entirely fictional test record
BEN-000204,PERSON-203,ordinary,False,,Entirely fictional test record
BEN-000205,PERSON-204,ordinary,False,,Entirely fictional test record
BEN-000206,PERSON-205,ordinary,False,,Entirely fictional test record
BEN-000207,PERSON-206,ordinary,False,,Entirely fictional test record
BEN-000208,PERSON-207,ordinary,False,,Entirely fictional test record
BEN-000209,PERSON-208,ordinary,False,,Entirely fictional test record
BEN-000210,PERSON-209,ordinary,False,,Entirely fictional test record
BEN-000211,PERSON-210,ordinary,False,,Entirely fictional test record
BEN-000212,PERSON-211,ordinary,False,,Entirely fictional test record
BEN-000213,PERSON-212,ordinary,False,,Entirely fictional test record
BEN-000214,PERSON-213,ordinary,False,,Entirely fictional test record
BEN-000215,PERSON-214,ordinary,False,,Entirely fictional test record
BEN-000216,PERSON-215,ordinary,False,,Entirely fictional test record
BEN-000217,PERSON-216,ordinary,False,,Entirely fictional test record
BEN-000218,PERSON-217,ordinary,False,,Entirely fictional test record
BEN-000219,PERSON-218,ordinary,False,,Entirely fictional test record
BEN-000220,PERSON-219,ordinary,False,,Entirely fictional test record
BEN-000221,PERSON-220,ordinary,False,,Entirely fictional test record
BEN-000222,PERSON-221,ordinary,False,,Entirely fictional test record
BEN-000223,PERSON-222,ordinary,False,,Entirely fictional test record
BEN-000224,PERSON-223,ordinary,False,,Entirely fictional test record
BEN-000225,PERSON-224,ordinary,False,,Entirely fictional test record
BEN-000226,PERSON-225,ordinary,False,,Entirely fictional test record
BEN-000227,PERSON-226,ordinary,False,,Entirely fictional test record
BEN-000228,PERSON-227,ordinary,False,,Entirely fictional test record
BEN-000229,PERSON-228,ordinary,False,,Entirely fictional test record
BEN-000230,PERSON-229,ordinary,False,,Entirely fictional test record
BEN-000231,PERSON-230,ordinary,False,,Entirely fictional test record
BEN-000232,PERSON-231,ordinary,False,,Entirely fictional test record
BEN-000233,PERSON-232,ordinary,False,,Entirely fictional test record
BEN-000234,PERSON-233,ordinary,False,,Entirely fictional test record
BEN-000235,PERSON-234,ordinary,False,,Entirely fictional test record
BEN-000236,PERSON-235,ordinary,False,,Entirely fictional test record
BEN-000237,PERSON-236,ordinary,False,,Entirely fictional test record
BEN-000238,PERSON-237,ordinary,False,,Entirely fictional test record
BEN-000239,PERSON-238,ordinary,False,,Entirely fictional test record
BEN-000240,PERSON-239,ordinary,False,,Entirely fictional test record
BEN-000241,PERSON-240,ordinary,False,,Entirely fictional test record
BEN-000242,PERSON-241,ordinary,False,,Entirely fictional test record
BEN-000243,PERSON-242,ordinary,False,,Entirely fictional test record
BEN-000244,PERSON-243,ordinary,False,,Entirely fictional test record
BEN-000245,PERSON-244,ordinary,False,,Entirely fictional test record
BEN-000246,PERSON-245,ordinary,False,,Entirely fictional test record
BEN-000247,PERSON-246,ordinary,False,,Entirely fictional test record
BEN-000248,PERSON-247,ordinary,False,,Entirely fictional test record
BEN-000249,PERSON-248,ordinary,False,,Entirely fictional test record
BEN-000250,PERSON-249,ordinary,False,,Entirely fictional test record
BEN-000251,PERSON-250,ordinary,False,,Entirely fictional test record
BEN-000252,PERSON-251,ordinary,False,,Entirely fictional test record
BEN-000253,PERSON-252,ordinary,False,,Entirely fictional test record
BEN-000254,PERSON-253,ordinary,False,,Entirely fictional test record
BEN-000255,PERSON-254,ordinary,False,,Entirely fictional test record
BEN-000256,PERSON-255,ordinary,False,,Entirely fictional test record
BEN-000257,PERSON-256,ordinary,False,,Entirely fictional test record
BEN-000258,PERSON-257,ordinary,False,,Entirely fictional test record
BEN-000259,PERSON-258,ordinary,False,,Entirely fictional test record
BEN-000260,PERSON-259,ordinary,False,,Entirely fictional test record
BEN-000261,PERSON-260,ordinary,False,,Entirely fictional test record
BEN-000262,PERSON-261,ordinary,False,,Entirely fictional test record
BEN-000263,PERSON-262,ordinary,False,,Entirely fictional test record
BEN-000264,PERSON-263,ordinary,False,,Entirely fictional test record
BEN-000265,PERSON-264,ordinary,False,,Entirely fictional test record
BEN-000266,PERSON-265,ordinary,False,,Entirely fictional test record
BEN-000267,PERSON-266,ordinary,False,,Entirely fictional test record
BEN-000268,PERSON-267,ordinary,False,,Entirely fictional test record
BEN-000269,PERSON-268,ordinary,False,,Entirely fictional test record
BEN-000270,PERSON-269,ordinary,False,,Entirely fictional test record
BEN-000271,PERSON-270,ordinary,False,,Entirely fictional test record
BEN-000272,PERSON-271,ordinary,False,,Entirely fictional test record
BEN-000273,PERSON-272,ordinary,False,,Entirely fictional test record
BEN-000274,PERSON-273,ordinary,False,,Entirely fictional test record
BEN-000275,PERSON-274,ordinary,False,,Entirely fictional test record
BEN-000276,PERSON-275,ordinary,False,,Entirely fictional test record
BEN-000277,PERSON-276,ordinary,False,,Entirely fictional test record
BEN-000278,PERSON-277,ordinary,False,,Entirely fictional test record
BEN-000279,PERSON-278,ordinary,False,,Entirely fictional test record
BEN-000280,PERSON-279,ordinary,False,,Entirely fictional test record
BEN-000281,PERSON-280,ordinary,False,,Entirely fictional test record
BEN-000282,PERSON-281,ordinary,False,,Entirely fictional test record
BEN-000283,PERSON-282,ordinary,False,,Entirely fictional test record
BEN-000284,PERSON-283,ordinary,False,,Entirely fictional test record
BEN-000285,PERSON-284,ordinary,False,,Entirely fictional test record
BEN-000286,PERSON-285,ordinary,False,,Entirely fictional test record
BEN-000287,PERSON-286,ordinary,False,,Entirely fictional test record
BEN-000288,PERSON-287,ordinary,False,,Entirely fictional test record
BEN-000289,PERSON-288,ordinary,False,,Entirely fictional test record
BEN-000290,PERSON-289,ordinary,False,,Entirely fictional test record
BEN-000291,PERSON-290,ordinary,False,,Entirely fictional test record
BEN-000292,PERSON-291,ordinary,False,,Entirely fictional test record
BEN-000293,PERSON-292,ordinary,False,,Entirely fictional test record
BEN-000294,PERSON-293,ordinary,False,,Entirely fictional test record
BEN-000295,PERSON-294,ordinary,False,,Entirely fictional test record
BEN-000296,PERSON-295,ordinary,False,,Entirely fictional test record
BEN-000297,PERSON-296,ordinary,False,,Entirely fictional test record
BEN-000298,PERSON-297,ordinary,False,,Entirely fictional test record
BEN-000299,PERSON-298,ordinary,False,,Entirely fictional test record
BEN-000300,PERSON-299,ordinary,False,,Entirely fictional test record
BEN-000301,PERSON-300,ordinary,False,,Entirely fictional test record
BEN-000302,PERSON-301,ordinary,False,,Entirely fictional test record
BEN-000303,PERSON-302,ordinary,False,,Entirely fictional test record
BEN-000304,PERSON-303,ordinary,False,,Entirely fictional test record
BEN-000305,PERSON-304,ordinary,False,,Entirely fictional test record
BEN-000306,PERSON-305,ordinary,False,,Entirely fictional test record
BEN-000307,PERSON-306,ordinary,False,,Entirely fictional test record
BEN-000308,PERSON-307,ordinary,False,,Entirely fictional test record
BEN-000309,PERSON-308,ordinary,False,,Entirely fictional test record
BEN-000310,PERSON-309,ordinary,False,,Entirely fictional test record
BEN-000311,PERSON-310,ordinary,False,,Entirely fictional test record
BEN-000312,PERSON-311,ordinary,False,,Entirely fictional test record
BEN-000313,PERSON-312,ordinary,False,,Entirely fictional test record
BEN-000314,PERSON-313,ordinary,False,,Entirely fictional test record
BEN-000315,PERSON-314,ordinary,False,,Entirely fictional test record
BEN-000316,PERSON-315,ordinary,False,,Entirely fictional test record
BEN-000317,PERSON-316,ordinary,False,,Entirely fictional test record
BEN-000318,PERSON-317,ordinary,False,,Entirely fictional test record
BEN-000319,PERSON-318,ordinary,False,,Entirely fictional test record
BEN-000320,PERSON-319,ordinary,False,,Entirely fictional test record
BEN-000321,PERSON-320,ordinary,False,,Entirely fictional test record
BEN-000322,PERSON-321,ordinary,False,,Entirely fictional test record
BEN-000323,PERSON-322,ordinary,False,,Entirely fictional test record
BEN-000324,PERSON-323,ordinary,False,,Entirely fictional test record
BEN-000325,PERSON-324,ordinary,False,,Entirely fictional test record
BEN-000326,PERSON-325,ordinary,False,,Entirely fictional test record
BEN-000327,PERSON-326,ordinary,False,,Entirely fictional test record
BEN-000328,PERSON-327,ordinary,False,,Entirely fictional test record
BEN-000329,PERSON-328,ordinary,False,,Entirely fictional test record
BEN-000330,PERSON-329,ordinary,False,,Entirely fictional test record
BEN-000331,PERSON-330,ordinary,False,,Entirely fictional test record
BEN-000332,PERSON-331,ordinary,False,,Entirely fictional test record
BEN-000333,PERSON-332,ordinary,False,,Entirely fictional test record
BEN-000334,PERSON-333,ordinary,False,,Entirely fictional test record
BEN-000335,PERSON-334,ordinary,False,,Entirely fictional test record
BEN-000336,PERSON-335,ordinary,False,,Entirely fictional test record
BEN-000337,PERSON-336,ordinary,False,,Entirely fictional test record
BEN-000338,PERSON-337,ordinary,False,,Entirely fictional test record
BEN-000339,PERSON-338,ordinary,False,,Entirely fictional test record
BEN-000340,PERSON-339,ordinary,False,,Entirely fictional test record
BEN-000341,PERSON-340,ordinary,False,,Entirely fictional test record
BEN-000342,PERSON-341,ordinary,False,,Entirely fictional test record
BEN-000343,PERSON-342,ordinary,False,,Entirely fictional test record
BEN-000344,PERSON-343,ordinary,False,,Entirely fictional test record
BEN-000345,PERSON-344,ordinary,False,,Entirely fictional test record
BEN-000346,PERSON-345,ordinary,False,,Entirely fictional test record
BEN-000347,PERSON-346,ordinary,False,,Entirely fictional test record
BEN-000348,PERSON-347,ordinary,False,,Entirely fictional test record
BEN-000349,PERSON-348,ordinary,False,,Entirely fictional test record
BEN-000350,PERSON-349,ordinary,False,,Entirely fictional test record
BEN-000351,PERSON-350,ordinary,False,,Entirely fictional test record
BEN-000352,PERSON-351,ordinary,False,,Entirely fictional test record
BEN-000353,PERSON-352,ordinary,False,,Entirely fictional test record
BEN-000354,PERSON-353,ordinary,False,,Entirely fictional test record
BEN-000355,PERSON-354,ordinary,False,,Entirely fictional test record
BEN-000356,PERSON-355,ordinary,False,,Entirely fictional test record
BEN-000357,PERSON-356,ordinary,False,,Entirely fictional test record
BEN-000358,PERSON-357,ordinary,False,,Entirely fictional test record
BEN-000359,PERSON-358,ordinary,False,,Entirely fictional test record
BEN-000360,PERSON-359,ordinary,False,,Entirely fictional test record
BEN-000361,PERSON-360,ordinary,False,,Entirely fictional test record
BEN-000362,PERSON-361,ordinary,False,,Entirely fictional test record
BEN-000363,PERSON-362,ordinary,False,,Entirely fictional test record
BEN-000364,PERSON-363,ordinary,False,,Entirely fictional test record
BEN-000365,PERSON-364,ordinary,False,,Entirely fictional test record
BEN-000366,PERSON-365,ordinary,False,,Entirely fictional test record
BEN-000367,PERSON-366,ordinary,False,,Entirely fictional test record
BEN-000368,PERSON-367,ordinary,False,,Entirely fictional test record
BEN-000369,PERSON-368,ordinary,False,,Entirely fictional test record
BEN-000370,PERSON-369,ordinary,False,,Entirely fictional test record
BEN-000371,PERSON-370,ordinary,False,,Entirely fictional test record
BEN-000372,PERSON-371,ordinary,False,,Entirely fictional test record
BEN-000373,PERSON-372,ordinary,False,,Entirely fictional test record
BEN-000374,PERSON-373,ordinary,False,,Entirely fictional test record
BEN-000375,PERSON-374,ordinary,False,,Entirely fictional test record
BEN-000376,PERSON-375,ordinary,False,,Entirely fictional test record
BEN-000377,PERSON-376,ordinary,False,,Entirely fictional test record
BEN-000378,PERSON-377,ordinary,False,,Entirely fictional test record
BEN-000379,PERSON-378,ordinary,False,,Entirely fictional test record
BEN-000380,PERSON-379,ordinary,False,,Entirely fictional test record
BEN-000381,PERSON-380,ordinary,False,,Entirely fictional test record
BEN-000382,PERSON-381,ordinary,False,,Entirely fictional test record
BEN-000383,PERSON-382,ordinary,False,,Entirely fictional test record
BEN-000384,PERSON-383,ordinary,False,,Entirely fictional test record
BEN-000385,PERSON-384,ordinary,False,,Entirely fictional test record
BEN-000386,PERSON-385,ordinary,False,,Entirely fictional test record
BEN-000387,PERSON-386,ordinary,False,,Entirely fictional test record
BEN-000388,PERSON-387,ordinary,False,,Entirely fictional test record
BEN-000389,PERSON-388,ordinary,False,,Entirely fictional test record
BEN-000390,PERSON-389,ordinary,False,,Entirely fictional test record
BEN-000391,PERSON-390,ordinary,False,,Entirely fictional test record
BEN-000392,PERSON-391,ordinary,False,,Entirely fictional test record
BEN-000393,PERSON-392,ordinary,False,,Entirely fictional test record
BEN-000394,PERSON-393,ordinary,False,,Entirely fictional test record
BEN-000395,PERSON-394,ordinary,False,,Entirely fictional test record
BEN-000396,PERSON-395,ordinary,False,,Entirely fictional test record
BEN-000397,PERSON-396,ordinary,False,,Entirely fictional test record
BEN-000398,PERSON-397,ordinary,False,,Entirely fictional test record
BEN-000399,PERSON-398,ordinary,False,,Entirely fictional test record
BEN-000400,PERSON-399,ordinary,False,,Entirely fictional test record
BEN-000401,PERSON-400,ordinary,False,,Entirely fictional test record
BEN-000402,PERSON-401,ordinary,False,,Entirely fictional test record
BEN-000403,PERSON-402,ordinary,False,,Entirely fictional test record
BEN-000404,PERSON-403,ordinary,False,,Entirely fictional test record
BEN-000405,PERSON-404,ordinary,False,,Entirely fictional test record
BEN-000406,PERSON-405,ordinary,False,,Entirely fictional test record
BEN-000407,PERSON-406,ordinary,False,,Entirely fictional test record
BEN-000408,PERSON-407,ordinary,False,,Entirely fictional test record
BEN-000409,PERSON-408,ordinary,False,,Entirely fictional test record
BEN-000410,PERSON-409,ordinary,False,,Entirely fictional test record
BEN-000411,PERSON-410,ordinary,False,,Entirely fictional test record
BEN-000412,PERSON-411,ordinary,False,,Entirely fictional test record
BEN-000413,PERSON-412,ordinary,False,,Entirely fictional test record
BEN-000414,PERSON-413,ordinary,False,,Entirely fictional test record
BEN-000415,PERSON-414,ordinary,False,,Entirely fictional test record
BEN-000416,PERSON-415,ordinary,False,,Entirely fictional test record
BEN-000417,PERSON-416,ordinary,False,,Entirely fictional test record
BEN-000418,PERSON-417,ordinary,False,,Entirely fictional test record
BEN-000419,PERSON-418,ordinary,False,,Entirely fictional test record
BEN-000420,PERSON-419,ordinary,False,,Entirely fictional test record
BEN-000421,PERSON-420,ordinary,False,,Entirely fictional test record
BEN-000422,PERSON-421,ordinary,False,,Entirely fictional test record
BEN-000423,PERSON-422,ordinary,False,,Entirely fictional test record
BEN-000424,PERSON-423,ordinary,False,,Entirely fictional test record
BEN-000425,PERSON-424,ordinary,False,,Entirely fictional test record
BEN-000426,PERSON-425,ordinary,False,,Entirely fictional test record
BEN-000427,PERSON-426,ordinary,False,,Entirely fictional test record
BEN-000428,PERSON-427,ordinary,False,,Entirely fictional test record
BEN-000429,PERSON-428,ordinary,False,,Entirely fictional test record
BEN-000430,PERSON-429,ordinary,False,,Entirely fictional test record
BEN-000431,PERSON-430,ordinary,False,,Entirely fictional test record
BEN-000432,PERSON-431,ordinary,False,,Entirely fictional test record
BEN-000433,PERSON-432,ordinary,False,,Entirely fictional test record
BEN-000434,PERSON-433,ordinary,False,,Entirely fictional test record
BEN-000435,PERSON-434,ordinary,False,,Entirely fictional test record
BEN-000436,PERSON-435,ordinary,False,,Entirely fictional test record
BEN-000437,PERSON-436,ordinary,False,,Entirely fictional test record
BEN-000438,PERSON-437,ordinary,False,,Entirely fictional test record
BEN-000439,PERSON-438,ordinary,False,,Entirely fictional test record
BEN-000440,PERSON-439,ordinary,False,,Entirely fictional test record
BEN-000441,PERSON-440,ordinary,False,,Entirely fictional test record
BEN-000442,PERSON-441,ordinary,False,,Entirely fictional test record
BEN-000443,PERSON-442,ordinary,False,,Entirely fictional test record
BEN-000444,PERSON-443,ordinary,False,,Entirely fictional test record
BEN-000445,PERSON-444,ordinary,False,,Entirely fictional test record
BEN-000446,PERSON-445,ordinary,False,,Entirely fictional test record
BEN-000447,PERSON-446,ordinary,False,,Entirely fictional test record
BEN-000448,PERSON-447,ordinary,False,,Entirely fictional test record
BEN-000449,PERSON-448,ordinary,False,,Entirely fictional test record
BEN-000450,PERSON-449,ordinary,False,,Entirely fictional test record
BEN-000451,PERSON-450,ordinary,False,,Entirely fictional test record
BEN-000452,PERSON-451,ordinary,False,,Entirely fictional test record
BEN-000453,PERSON-452,ordinary,False,,Entirely fictional test record
BEN-000454,PERSON-453,ordinary,False,,Entirely fictional test record
BEN-000455,PERSON-454,ordinary,False,,Entirely fictional test record
BEN-000456,PERSON-455,ordinary,False,,Entirely fictional test record
BEN-000457,PERSON-456,ordinary,False,,Entirely fictional test record
BEN-000458,PERSON-457,ordinary,False,,Entirely fictional test record
BEN-000459,PERSON-458,ordinary,False,,Entirely fictional test record
BEN-000460,PERSON-459,ordinary,False,,Entirely fictional test record
BEN-000461,PERSON-460,ordinary,False,,Entirely fictional test record
BEN-000462,PERSON-461,ordinary,False,,Entirely fictional test record
BEN-000463,PERSON-462,ordinary,False,,Entirely fictional test record
BEN-000464,PERSON-463,ordinary,False,,Entirely fictional test record
BEN-000465,PERSON-464,ordinary,False,,Entirely fictional test record
BEN-000466,PERSON-465,ordinary,False,,Entirely fictional test record
BEN-000467,PERSON-466,ordinary,False,,Entirely fictional test record
BEN-000468,PERSON-467,ordinary,False,,Entirely fictional test record
BEN-000469,PERSON-468,ordinary,False,,Entirely fictional test record
BEN-000470,PERSON-469,ordinary,False,,Entirely fictional test record
BEN-000471,PERSON-470,ordinary,False,,Entirely fictional test record
BEN-000472,PERSON-471,ordinary,False,,Entirely fictional test record
BEN-000473,PERSON-472,ordinary,False,,Entirely fictional test record
BEN-000474,PERSON-473,ordinary,False,,Entirely fictional test record
BEN-000475,PERSON-474,ordinary,False,,Entirely fictional test record
BEN-000476,PERSON-475,ordinary,False,,Entirely fictional test record
BEN-000477,PERSON-476,ordinary,False,,Entirely fictional test record
BEN-000478,PERSON-477,ordinary,False,,Entirely fictional test record
BEN-000479,PERSON-478,ordinary,False,,Entirely fictional test record
BEN-000480,PERSON-479,ordinary,False,,Entirely fictional test record
BEN-000481,PERSON-480,ordinary,False,,Entirely fictional test record
BEN-000482,PERSON-481,ordinary,False,,Entirely fictional test record
BEN-000483,PERSON-482,ordinary,False,,Entirely fictional test record
BEN-000484,PERSON-483,ordinary,False,,Entirely fictional test record
BEN-000485,PERSON-484,ordinary,False,,Entirely fictional test record
BEN-000486,PERSON-485,ordinary,False,,Entirely fictional test record
BEN-000487,PERSON-486,ordinary,False,,Entirely fictional test record
BEN-000488,PERSON-487,ordinary,False,,Entirely fictional test record
BEN-000489,PERSON-488,ordinary,False,,Entirely fictional test record
BEN-000490,PERSON-489,ordinary,False,,Entirely fictional test record
BEN-000491,PERSON-490,ordinary,False,,Entirely fictional test record
BEN-000492,PERSON-491,ordinary,False,,Entirely fictional test record
BEN-000493,PERSON-492,ordinary,False,,Entirely fictional test record
BEN-000494,PERSON-493,ordinary,False,,Entirely fictional test record
BEN-000495,PERSON-494,ordinary,False,,Entirely fictional test record
BEN-000496,PERSON-495,ordinary,False,,Entirely fictional test record
BEN-000497,PERSON-496,ordinary,False,,Entirely fictional test record
BEN-000498,PERSON-497,ordinary,False,,Entirely fictional test record
BEN-000499,PERSON-498,ordinary,False,,Entirely fictional test record
BEN-000500,PERSON-499,ordinary,False,,Entirely fictional test record
BEN-000501,PERSON-500,ordinary,False,,Entirely fictional test record
BEN-000502,PERSON-501,ordinary,False,,Entirely fictional test record
BEN-000503,PERSON-502,ordinary,False,,Entirely fictional test record
BEN-000504,PERSON-503,ordinary,False,,Entirely fictional test record
BEN-000505,PERSON-504,ordinary,False,,Entirely fictional test record
BEN-000506,PERSON-505,ordinary,False,,Entirely fictional test record
BEN-000507,PERSON-506,ordinary,False,,Entirely fictional test record
BEN-000508,PERSON-507,ordinary,False,,Entirely fictional test record
BEN-000509,PERSON-508,ordinary,False,,Entirely fictional test record
BEN-000510,PERSON-509,ordinary,False,,Entirely fictional test record
BEN-000511,PERSON-510,ordinary,False,,Entirely fictional test record
BEN-000512,PERSON-511,ordinary,False,,Entirely fictional test record
BEN-000513,PERSON-512,ordinary,False,,Entirely fictional test record
BEN-000514,PERSON-513,ordinary,False,,Entirely fictional test record
BEN-000515,PERSON-514,ordinary,False,,Entirely fictional test record
BEN-000516,PERSON-515,ordinary,False,,Entirely fictional test record
BEN-000517,PERSON-516,ordinary,False,,Entirely fictional test record
BEN-000518,PERSON-517,ordinary,False,,Entirely fictional test record
BEN-000519,PERSON-518,ordinary,False,,Entirely fictional test record
BEN-000520,PERSON-519,ordinary,False,,Entirely fictional test record
BEN-000521,PERSON-520,ordinary,False,,Entirely fictional test record
BEN-000522,PERSON-521,ordinary,False,,Entirely fictional test record
BEN-000523,PERSON-522,ordinary,False,,Entirely fictional test record
BEN-000524,PERSON-523,ordinary,False,,Entirely fictional test record
BEN-000525,PERSON-524,ordinary,False,,Entirely fictional test record
BEN-000526,PERSON-525,ordinary,False,,Entirely fictional test record
BEN-000527,PERSON-526,ordinary,False,,Entirely fictional test record
BEN-000528,PERSON-527,ordinary,False,,Entirely fictional test record
BEN-000529,PERSON-528,ordinary,False,,Entirely fictional test record
BEN-000530,PERSON-529,ordinary,False,,Entirely fictional test record
BEN-000531,PERSON-530,ordinary,False,,Entirely fictional test record
BEN-000532,PERSON-531,ordinary,False,,Entirely fictional test record
BEN-000533,PERSON-532,ordinary,False,,Entirely fictional test record
BEN-000534,PERSON-533,ordinary,False,,Entirely fictional test record
BEN-000535,PERSON-534,ordinary,False,,Entirely fictional test record
BEN-000536,PERSON-535,ordinary,False,,Entirely fictional test record
BEN-000537,PERSON-536,ordinary,False,,Entirely fictional test record
BEN-000538,PERSON-537,ordinary,False,,Entirely fictional test record
BEN-000539,PERSON-538,ordinary,False,,Entirely fictional test record
BEN-000540,PERSON-539,ordinary,False,,Entirely fictional test record
BEN-000541,PERSON-540,ordinary,False,,Entirely fictional test record
BEN-000542,PERSON-541,ordinary,False,,Entirely fictional test record
BEN-000543,PERSON-542,ordinary,False,,Entirely fictional test record
BEN-000544,PERSON-543,ordinary,False,,Entirely fictional test record
BEN-000545,PERSON-544,ordinary,False,,Entirely fictional test record
BEN-000546,PERSON-545,ordinary,False,,Entirely fictional test record
BEN-000547,PERSON-546,ordinary,False,,Entirely fictional test record
BEN-000548,PERSON-547,ordinary,False,,Entirely fictional test record
BEN-000549,PERSON-548,ordinary,False,,Entirely fictional test record
BEN-000550,PERSON-549,ordinary,False,,Entirely fictional test record
BEN-000551,PERSON-550,ordinary,False,,Entirely fictional test record
BEN-000552,PERSON-551,ordinary,False,,Entirely fictional test record
BEN-000553,PERSON-552,ordinary,False,,Entirely fictional test record
BEN-000554,PERSON-553,ordinary,False,,Entirely fictional test record
BEN-000555,PERSON-554,ordinary,False,,Entirely fictional test record
BEN-000556,PERSON-555,ordinary,False,,Entirely fictional test record
BEN-000557,PERSON-556,ordinary,False,,Entirely fictional test record
BEN-000558,PERSON-557,ordinary,False,,Entirely fictional test record
BEN-000559,PERSON-558,ordinary,False,,Entirely fictional test record
BEN-000560,PERSON-559,ordinary,False,,Entirely fictional test record
BEN-000561,PERSON-560,ordinary,False,,Entirely fictional test record
BEN-000562,PERSON-561,ordinary,False,,Entirely fictional test record
BEN-000563,PERSON-562,ordinary,False,,Entirely fictional test record
BEN-000564,PERSON-563,ordinary,False,,Entirely fictional test record
BEN-000565,PERSON-564,ordinary,False,,Entirely fictional test record
BEN-000566,PERSON-565,ordinary,False,,Entirely fictional test record
BEN-000567,PERSON-566,ordinary,False,,Entirely fictional test record
BEN-000568,PERSON-567,ordinary,False,,Entirely fictional test record
BEN-000569,PERSON-568,ordinary,False,,Entirely fictional test record
BEN-000570,PERSON-569,ordinary,False,,Entirely fictional test record
BEN-000571,PERSON-570,ordinary,False,,Entirely fictional test record
BEN-000572,PERSON-571,ordinary,False,,Entirely fictional test record
BEN-000573,PERSON-572,ordinary,False,,Entirely fictional test record
BEN-000574,PERSON-573,ordinary,False,,Entirely fictional test record
BEN-000575,PERSON-574,ordinary,False,,Entirely fictional test record
BEN-000576,PERSON-575,ordinary,False,,Entirely fictional test record
BEN-000577,PERSON-576,ordinary,False,,Entirely fictional test record
BEN-000578,PERSON-577,ordinary,False,,Entirely fictional test record
BEN-000579,PERSON-578,ordinary,False,,Entirely fictional test record
BEN-000580,PERSON-579,ordinary,False,,Entirely fictional test record
BEN-000581,PERSON-580,ordinary,False,,Entirely fictional test record
BEN-000582,PERSON-581,ordinary,False,,Entirely fictional test record
BEN-000583,PERSON-582,ordinary,False,,Entirely fictional test record
BEN-000584,PERSON-583,ordinary,False,,Entirely fictional test record
BEN-000585,PERSON-584,ordinary,False,,Entirely fictional test record
BEN-000586,PERSON-585,ordinary,False,,Entirely fictional test record
BEN-000587,PERSON-586,ordinary,False,,Entirely fictional test record
BEN-000588,PERSON-587,ordinary,False,,Entirely fictional test record
BEN-000589,PERSON-588,ordinary,False,,Entirely fictional test record
BEN-000590,PERSON-589,ordinary,False,,Entirely fictional test record
BEN-000591,PERSON-590,ordinary,False,,Entirely fictional test record
BEN-000592,PERSON-591,ordinary,False,,Entirely fictional test record
BEN-000593,PERSON-592,ordinary,False,,Entirely fictional test record
BEN-000594,PERSON-593,ordinary,False,,Entirely fictional test record
BEN-000595,PERSON-594,ordinary,False,,Entirely fictional test record
BEN-000596,PERSON-595,ordinary,False,,Entirely fictional test record
BEN-000597,PERSON-596,ordinary,False,,Entirely fictional test record
BEN-000598,PERSON-597,ordinary,False,,Entirely fictional test record
BEN-000599,PERSON-598,ordinary,False,,Entirely fictional test record
BEN-000600,PERSON-599,ordinary,False,,Entirely fictional test record
BEN-000601,PERSON-600,ordinary,False,,Entirely fictional test record
BEN-000602,PERSON-601,ordinary,False,,Entirely fictional test record
BEN-000603,PERSON-602,ordinary,False,,Entirely fictional test record
BEN-000604,PERSON-603,ordinary,False,,Entirely fictional test record
BEN-000605,PERSON-604,ordinary,False,,Entirely fictional test record
BEN-000606,PERSON-605,ordinary,False,,Entirely fictional test record
BEN-000607,PERSON-606,ordinary,False,,Entirely fictional test record
BEN-000608,PERSON-607,ordinary,False,,Entirely fictional test record
BEN-000609,PERSON-608,ordinary,False,,Entirely fictional test record
BEN-000610,PERSON-609,ordinary,False,,Entirely fictional test record
BEN-000611,PERSON-610,ordinary,False,,Entirely fictional test record
BEN-000612,PERSON-611,ordinary,False,,Entirely fictional test record
BEN-000613,PERSON-612,ordinary,False,,Entirely fictional test record
BEN-000614,PERSON-613,ordinary,False,,Entirely fictional test record
BEN-000615,PERSON-614,ordinary,False,,Entirely fictional test record
BEN-000616,PERSON-615,ordinary,False,,Entirely fictional test record
BEN-000617,PERSON-616,ordinary,False,,Entirely fictional test record
BEN-000618,PERSON-617,ordinary,False,,Entirely fictional test record
BEN-000619,PERSON-618,ordinary,False,,Entirely fictional test record
BEN-000620,PERSON-619,ordinary,False,,Entirely fictional test record
BEN-000621,PERSON-620,ordinary,False,,Entirely fictional test record
BEN-000622,PERSON-621,ordinary,False,,Entirely fictional test record
BEN-000623,PERSON-622,ordinary,False,,Entirely fictional test record
BEN-000624,PERSON-623,ordinary,False,,Entirely fictional test record
BEN-000625,PERSON-624,ordinary,False,,Entirely fictional test record
BEN-000626,PERSON-625,ordinary,False,,Entirely fictional test record
BEN-000627,PERSON-626,ordinary,False,,Entirely fictional test record
BEN-000628,PERSON-627,ordinary,False,,Entirely fictional test record
BEN-000629,PERSON-628,ordinary,False,,Entirely fictional test record
BEN-000630,PERSON-629,ordinary,False,,Entirely fictional test record
BEN-000631,PERSON-630,ordinary,False,,Entirely fictional test record
BEN-000632,PERSON-631,ordinary,False,,Entirely fictional test record
BEN-000633,PERSON-632,ordinary,False,,Entirely fictional test record
BEN-000634,PERSON-633,ordinary,False,,Entirely fictional test record
BEN-000635,PERSON-634,ordinary,False,,Entirely fictional test record
BEN-000636,PERSON-635,ordinary,False,,Entirely fictional test record
BEN-000637,PERSON-636,ordinary,False,,Entirely fictional test record
BEN-000638,PERSON-637,ordinary,False,,Entirely fictional test record
BEN-000639,PERSON-638,ordinary,False,,Entirely fictional test record
BEN-000640,PERSON-639,ordinary,False,,Entirely fictional test record
BEN-000641,PERSON-640,ordinary,False,,Entirely fictional test record
BEN-000642,PERSON-641,ordinary,False,,Entirely fictional test record
BEN-000643,PERSON-642,ordinary,False,,Entirely fictional test record
BEN-000644,PERSON-643,ordinary,False,,Entirely fictional test record
BEN-000645,PERSON-644,ordinary,False,,Entirely fictional test record
BEN-000646,PERSON-645,ordinary,False,,Entirely fictional test record
BEN-000647,PERSON-646,ordinary,False,,Entirely fictional test record
BEN-000648,PERSON-647,ordinary,False,,Entirely fictional test record
BEN-000649,PERSON-648,ordinary,False,,Entirely fictional test record
BEN-000650,PERSON-649,ordinary,False,,Entirely fictional test record
BEN-000651,PERSON-650,ordinary,False,,Entirely fictional test record
BEN-000652,PERSON-651,ordinary,False,,Entirely fictional test record
BEN-000653,PERSON-652,ordinary,False,,Entirely fictional test record
BEN-000654,PERSON-653,ordinary,False,,Entirely fictional test record
BEN-000655,PERSON-654,ordinary,False,,Entirely fictional test record
BEN-000656,PERSON-655,ordinary,False,,Entirely fictional test record
BEN-000657,PERSON-656,ordinary,False,,Entirely fictional test record
BEN-000658,PERSON-657,ordinary,False,,Entirely fictional test record
BEN-000659,PERSON-658,ordinary,False,,Entirely fictional test record
BEN-000660,PERSON-659,ordinary,False,,Entirely fictional test record
BEN-000661,PERSON-660,ordinary,False,,Entirely fictional test record
BEN-000662,PERSON-661,ordinary,False,,Entirely fictional test record
BEN-000663,PERSON-662,ordinary,False,,Entirely fictional test record
BEN-000664,PERSON-663,ordinary,False,,Entirely fictional test record
BEN-000665,PERSON-664,ordinary,False,,Entirely fictional test record
BEN-000666,PERSON-665,ordinary,False,,Entirely fictional test record
BEN-000667,PERSON-666,ordinary,False,,Entirely fictional test record
BEN-000668,PERSON-667,ordinary,False,,Entirely fictional test record
BEN-000669,PERSON-668,ordinary,False,,Entirely fictional test record
BEN-000670,PERSON-669,ordinary,False,,Entirely fictional test record
BEN-000671,PERSON-670,ordinary,False,,Entirely fictional test record
BEN-000672,PERSON-671,ordinary,False,,Entirely fictional test record
BEN-000673,PERSON-672,ordinary,False,,Entirely fictional test record
BEN-000674,PERSON-673,ordinary,False,,Entirely fictional test record
BEN-000675,PERSON-674,ordinary,False,,Entirely fictional test record
BEN-000676,PERSON-675,ordinary,False,,Entirely fictional test record
BEN-000677,PERSON-676,ordinary,False,,Entirely fictional test record
BEN-000678,PERSON-677,ordinary,False,,Entirely fictional test record
BEN-000679,PERSON-678,ordinary,False,,Entirely fictional test record
BEN-000680,PERSON-679,ordinary,False,,Entirely fictional test record
BEN-000681,PERSON-680,ordinary,False,,Entirely fictional test record
BEN-000682,PERSON-681,ordinary,False,,Entirely fictional test record
BEN-000683,PERSON-682,ordinary,False,,Entirely fictional test record
BEN-000684,PERSON-683,ordinary,False,,Entirely fictional test record
BEN-000685,PERSON-684,ordinary,False,,Entirely fictional test record
BEN-000686,PERSON-685,ordinary,False,,Entirely fictional test record
BEN-000687,PERSON-686,ordinary,False,,Entirely fictional test record
BEN-000688,PERSON-687,ordinary,False,,Entirely fictional test record
BEN-000689,PERSON-688,ordinary,False,,Entirely fictional test record
BEN-000690,PERSON-689,ordinary,False,,Entirely fictional test record
BEN-000691,PERSON-690,ordinary,False,,Entirely fictional test record
BEN-000692,PERSON-691,ordinary,False,,Entirely fictional test record
BEN-000693,PERSON-692,ordinary,False,,Entirely fictional test record
BEN-000694,PERSON-693,ordinary,False,,Entirely fictional test record
BEN-000695,PERSON-694,ordinary,False,,Entirely fictional test record
BEN-000696,PERSON-695,ordinary,False,,Entirely fictional test record
BEN-000697,PERSON-696,ordinary,False,,Entirely fictional test record
BEN-000698,PERSON-697,ordinary,False,,Entirely fictional test record
BEN-000699,PERSON-698,ordinary,False,,Entirely fictional test record
BEN-000700,PERSON-699,ordinary,False,,Entirely fictional test record
BEN-000701,PERSON-700,ordinary,False,,Entirely fictional test record
BEN-000702,PERSON-701,ordinary,False,,Entirely fictional test record
BEN-000703,PERSON-702,ordinary,False,,Entirely fictional test record
BEN-000704,PERSON-703,ordinary,False,,Entirely fictional test record
BEN-000705,PERSON-704,ordinary,False,,Entirely fictional test record
BEN-000706,PERSON-705,ordinary,False,,Entirely fictional test record
BEN-000707,PERSON-706,ordinary,False,,Entirely fictional test record
BEN-000708,PERSON-707,ordinary,False,,Entirely fictional test record
BEN-000709,PERSON-708,ordinary,False,,Entirely fictional test record
BEN-000710,PERSON-709,ordinary,False,,Entirely fictional test record
BEN-000711,PERSON-710,ordinary,False,,Entirely fictional test record
BEN-000712,PERSON-711,ordinary,False,,Entirely fictional test record
BEN-000713,PERSON-712,ordinary,False,,Entirely fictional test record
BEN-000714,PERSON-713,ordinary,False,,Entirely fictional test record
BEN-000715,PERSON-714,ordinary,False,,Entirely fictional test record
BEN-000716,PERSON-715,ordinary,False,,Entirely fictional test record
BEN-000717,PERSON-716,ordinary,False,,Entirely fictional test record
BEN-000718,PERSON-717,ordinary,False,,Entirely fictional test record
BEN-000719,PERSON-718,ordinary,False,,Entirely fictional test record
BEN-000720,PERSON-719,ordinary,False,,Entirely fictional test record
BEN-000721,PERSON-720,ordinary,False,,Entirely fictional test record
BEN-000722,PERSON-721,ordinary,False,,Entirely fictional test record
BEN-000723,PERSON-722,ordinary,False,,Entirely fictional test record
BEN-000724,PERSON-723,ordinary,False,,Entirely fictional test record
BEN-000725,PERSON-724,ordinary,False,,Entirely fictional test record
BEN-000726,PERSON-725,ordinary,False,,Entirely fictional test record
BEN-000727,PERSON-726,ordinary,False,,Entirely fictional test record
BEN-000728,PERSON-727,ordinary,False,,Entirely fictional test record
BEN-000729,PERSON-728,ordinary,False,,Entirely fictional test record
BEN-000730,PERSON-729,ordinary,False,,Entirely fictional test record
BEN-000731,PERSON-730,ordinary,False,,Entirely fictional test record
BEN-000732,PERSON-731,ordinary,False,,Entirely fictional test record
BEN-000733,PERSON-732,ordinary,False,,Entirely fictional test record
BEN-000734,PERSON-733,ordinary,False,,Entirely fictional test record
BEN-000735,PERSON-734,ordinary,False,,Entirely fictional test record
BEN-000736,PERSON-735,ordinary,False,,Entirely fictional test record
BEN-000737,PERSON-736,ordinary,False,,Entirely fictional test record
BEN-000738,PERSON-737,ordinary,False,,Entirely fictional test record
BEN-000739,PERSON-738,ordinary,False,,Entirely fictional test record
BEN-000740,PERSON-739,ordinary,False,,Entirely fictional test record
BEN-000741,PERSON-740,ordinary,False,,Entirely fictional test record
BEN-000742,PERSON-741,ordinary,False,,Entirely fictional test record
BEN-000743,PERSON-742,ordinary,False,,Entirely fictional test record
BEN-000744,PERSON-743,ordinary,False,,Entirely fictional test record
BEN-000745,PERSON-744,ordinary,False,,Entirely fictional test record
BEN-000746,PERSON-745,ordinary,False,,Entirely fictional test record
BEN-000747,PERSON-746,ordinary,False,,Entirely fictional test record
BEN-000748,PERSON-747,ordinary,False,,Entirely fictional test record
BEN-000749,PERSON-748,ordinary,False,,Entirely fictional test record
BEN-000750,PERSON-749,ordinary,False,,Entirely fictional test record
BEN-000751,PERSON-750,ordinary,False,,Entirely fictional test record
BEN-000752,PERSON-751,ordinary,False,,Entirely fictional test record
BEN-000753,PERSON-752,ordinary,False,,Entirely fictional test record
BEN-000754,PERSON-753,ordinary,False,,Entirely fictional test record
BEN-000755,PERSON-754,ordinary,False,,Entirely fictional test record
BEN-000756,PERSON-755,ordinary,False,,Entirely fictional test record
BEN-000757,PERSON-756,ordinary,False,,Entirely fictional test record
BEN-000758,PERSON-757,ordinary,False,,Entirely fictional test record
BEN-000759,PERSON-758,ordinary,False,,Entirely fictional test record
BEN-000760,PERSON-759,ordinary,False,,Entirely fictional test record
BEN-000761,PERSON-760,ordinary,False,,Entirely fictional test record
BEN-000762,PERSON-761,ordinary,False,,Entirely fictional test record
BEN-000763,PERSON-762,ordinary,False,,Entirely fictional test record
BEN-000764,PERSON-763,ordinary,False,,Entirely fictional test record
BEN-000765,PERSON-764,ordinary,False,,Entirely fictional test record
BEN-000766,PERSON-765,ordinary,False,,Entirely fictional test record
BEN-000767,PERSON-766,ordinary,False,,Entirely fictional test record
BEN-000768,PERSON-767,ordinary,False,,Entirely fictional test record
BEN-000769,PERSON-768,ordinary,False,,Entirely fictional test record
BEN-000770,PERSON-769,ordinary,False,,Entirely fictional test record
BEN-000771,PERSON-770,ordinary,False,,Entirely fictional test record
BEN-000772,PERSON-771,ordinary,False,,Entirely fictional test record
BEN-000773,PERSON-772,ordinary,False,,Entirely fictional test record
BEN-000774,PERSON-773,ordinary,False,,Entirely fictional test record
BEN-000775,PERSON-774,ordinary,False,,Entirely fictional test record
BEN-000776,PERSON-775,ordinary,False,,Entirely fictional test record
BEN-000777,PERSON-776,ordinary,False,,Entirely fictional test record
BEN-000778,PERSON-777,ordinary,False,,Entirely fictional test record
BEN-000779,PERSON-778,ordinary,False,,Entirely fictional test record
BEN-000780,PERSON-779,ordinary,False,,Entirely fictional test record
BEN-000781,PERSON-780,ordinary,False,,Entirely fictional test record
BEN-000782,PERSON-781,ordinary,False,,Entirely fictional test record
BEN-000783,PERSON-782,ordinary,False,,Entirely fictional test record
BEN-000784,PERSON-783,ordinary,False,,Entirely fictional test record
BEN-000785,PERSON-784,ordinary,False,,Entirely fictional test record
BEN-000786,PERSON-785,ordinary,False,,Entirely fictional test record
BEN-000787,PERSON-786,ordinary,False,,Entirely fictional test record
BEN-000788,PERSON-787,ordinary,False,,Entirely fictional test record
BEN-000789,PERSON-788,ordinary,False,,Entirely fictional test record
BEN-000790,PERSON-789,ordinary,False,,Entirely fictional test record
BEN-000791,PERSON-790,ordinary,False,,Entirely fictional test record
BEN-000792,PERSON-791,ordinary,False,,Entirely fictional test record
BEN-000793,PERSON-792,ordinary,False,,Entirely fictional test record
BEN-000794,PERSON-793,ordinary,False,,Entirely fictional test record
BEN-000795,PERSON-794,ordinary,False,,Entirely fictional test record
BEN-000796,PERSON-795,ordinary,False,,Entirely fictional test record
BEN-000797,PERSON-796,ordinary,False,,Entirely fictional test record
BEN-000798,PERSON-797,ordinary,False,,Entirely fictional test record
BEN-000799,PERSON-798,ordinary,False,,Entirely fictional test record
BEN-000800,PERSON-799,ordinary,False,,Entirely fictional test record
BEN-000801,PERSON-800,ordinary,False,,Entirely fictional test record
BEN-000802,PERSON-801,ordinary,False,,Entirely fictional test record
BEN-000803,PERSON-802,ordinary,False,,Entirely fictional test record
BEN-000804,PERSON-803,ordinary,False,,Entirely fictional test record
BEN-000805,PERSON-804,ordinary,False,,Entirely fictional test record
BEN-000806,PERSON-805,ordinary,False,,Entirely fictional test record
BEN-000807,PERSON-806,ordinary,False,,Entirely fictional test record
BEN-000808,PERSON-807,ordinary,False,,Entirely fictional test record
BEN-000809,PERSON-808,ordinary,False,,Entirely fictional test record
BEN-000810,PERSON-809,ordinary,False,,Entirely fictional test record
BEN-000811,PERSON-810,ordinary,False,,Entirely fictional test record
BEN-000812,PERSON-811,ordinary,False,,Entirely fictional test record
BEN-000813,PERSON-812,ordinary,False,,Entirely fictional test record
BEN-000814,PERSON-813,ordinary,False,,Entirely fictional test record
BEN-000815,PERSON-814,ordinary,False,,Entirely fictional test record
BEN-000816,PERSON-815,ordinary,False,,Entirely fictional test record
BEN-000817,PERSON-816,ordinary,False,,Entirely fictional test record
BEN-000818,PERSON-817,ordinary,False,,Entirely fictional test record
BEN-000819,PERSON-818,ordinary,False,,Entirely fictional test record
BEN-000820,PERSON-819,ordinary,False,,Entirely fictional test record
BEN-000821,PERSON-820,ordinary,False,,Entirely fictional test record
BEN-000822,PERSON-821,ordinary,False,,Entirely fictional test record
BEN-000823,PERSON-822,ordinary,False,,Entirely fictional test record
BEN-000824,PERSON-823,ordinary,False,,Entirely fictional test record
BEN-000825,PERSON-824,ordinary,False,,Entirely fictional test record
BEN-000826,PERSON-825,ordinary,False,,Entirely fictional test record
BEN-000827,PERSON-826,ordinary,False,,Entirely fictional test record
BEN-000828,PERSON-827,ordinary,False,,Entirely fictional test record
BEN-000829,PERSON-828,ordinary,False,,Entirely fictional test record
BEN-000830,PERSON-829,ordinary,False,,Entirely fictional test record
BEN-000831,PERSON-830,ordinary,False,,Entirely fictional test record
BEN-000832,PERSON-831,ordinary,False,,Entirely fictional test record
BEN-000833,PERSON-832,ordinary,False,,Entirely fictional test record
BEN-000834,PERSON-833,ordinary,False,,Entirely fictional test record
BEN-000835,PERSON-834,ordinary,False,,Entirely fictional test record
BEN-000836,PERSON-835,ordinary,False,,Entirely fictional test record
BEN-000837,PERSON-836,ordinary,False,,Entirely fictional test record
BEN-000838,PERSON-837,ordinary,False,,Entirely fictional test record
BEN-000839,PERSON-838,ordinary,False,,Entirely fictional test record
BEN-000840,PERSON-839,ordinary,False,,Entirely fictional test record
BEN-000841,PERSON-840,ordinary,False,,Entirely fictional test record
BEN-000842,PERSON-841,ordinary,False,,Entirely fictional test record
BEN-000843,PERSON-842,ordinary,False,,Entirely fictional test record
BEN-000844,PERSON-843,ordinary,False,,Entirely fictional test record
BEN-000845,PERSON-844,ordinary,False,,Entirely fictional test record
BEN-000846,PERSON-845,ordinary,False,,Entirely fictional test record
BEN-000847,PERSON-846,ordinary,False,,Entirely fictional test record
BEN-000848,PERSON-847,ordinary,False,,Entirely fictional test record
BEN-000849,PERSON-848,ordinary,False,,Entirely fictional test record
BEN-000850,PERSON-849,ordinary,False,,Entirely fictional test record
BEN-000851,PERSON-850,ordinary,False,,Entirely fictional test record
BEN-000852,PERSON-851,ordinary,False,,Entirely fictional test record
BEN-000853,PERSON-852,ordinary,False,,Entirely fictional test record
BEN-000854,PERSON-853,ordinary,False,,Entirely fictional test record
BEN-000855,PERSON-854,ordinary,False,,Entirely fictional test record
BEN-000856,PERSON-855,ordinary,False,,Entirely fictional test record
BEN-000857,PERSON-856,ordinary,False,,Entirely fictional test record
BEN-000858,PERSON-857,ordinary,False,,Entirely fictional test record
BEN-000859,PERSON-858,ordinary,False,,Entirely fictional test record
BEN-000860,PERSON-859,ordinary,False,,Entirely fictional test record
BEN-000861,PERSON-860,ordinary,False,,Entirely fictional test record
BEN-000862,PERSON-861,ordinary,False,,Entirely fictional test record
BEN-000863,PERSON-862,ordinary,False,,Entirely fictional test record
BEN-000864,PERSON-863,ordinary,False,,Entirely fictional test record
BEN-000865,PERSON-864,ordinary,False,,Entirely fictional test record
BEN-000866,PERSON-865,ordinary,False,,Entirely fictional test record
BEN-000867,PERSON-866,ordinary,False,,Entirely fictional test record
BEN-000868,PERSON-867,ordinary,False,,Entirely fictional test record
BEN-000869,PERSON-868,ordinary,False,,Entirely fictional test record
BEN-000870,PERSON-869,ordinary,False,,Entirely fictional test record
BEN-000871,PERSON-870,ordinary,False,,Entirely fictional test record
BEN-000872,PERSON-871,ordinary,False,,Entirely fictional test record
BEN-000873,PERSON-872,ordinary,False,,Entirely fictional test record
BEN-000874,PERSON-873,ordinary,False,,Entirely fictional test record
BEN-000875,PERSON-874,ordinary,False,,Entirely fictional test record
BEN-000876,PERSON-875,ordinary,False,,Entirely fictional test record
BEN-000877,PERSON-876,ordinary,False,,Entirely fictional test record
BEN-000878,PERSON-877,ordinary,False,,Entirely fictional test record
BEN-000879,PERSON-878,ordinary,False,,Entirely fictional test record
BEN-000880,PERSON-879,ordinary,False,,Entirely fictional test record
BEN-000881,PERSON-880,ordinary,False,,Entirely fictional test record
BEN-000882,PERSON-881,ordinary,False,,Entirely fictional test record
BEN-000883,PERSON-882,ordinary,False,,Entirely fictional test record
BEN-000884,PERSON-883,ordinary,False,,Entirely fictional test record
BEN-000885,PERSON-884,ordinary,False,,Entirely fictional test record
BEN-000886,PERSON-885,ordinary,False,,Entirely fictional test record
BEN-000887,PERSON-886,ordinary,False,,Entirely fictional test record
BEN-000888,PERSON-887,ordinary,False,,Entirely fictional test record
BEN-000889,PERSON-888,ordinary,False,,Entirely fictional test record
BEN-000890,PERSON-889,ordinary,False,,Entirely fictional test record
BEN-000891,PERSON-890,ordinary,False,,Entirely fictional test record
BEN-000892,PERSON-891,ordinary,False,,Entirely fictional test record
BEN-000893,PERSON-892,ordinary,False,,Entirely fictional test record
BEN-000894,PERSON-893,ordinary,False,,Entirely fictional test record
BEN-000895,PERSON-894,ordinary,False,,Entirely fictional test record
BEN-000896,PERSON-895,ordinary,False,,Entirely fictional test record
BEN-000897,PERSON-896,ordinary,False,,Entirely fictional test record
BEN-000898,PERSON-897,ordinary,False,,Entirely fictional test record
BEN-000899,PERSON-898,ordinary,False,,Entirely fictional test record
BEN-000900,PERSON-899,ordinary,False,,Entirely fictional test record
BEN-000901,PERSON-900,ordinary,False,,Entirely fictional test record
BEN-000902,PERSON-901,ordinary,False,,Entirely fictional test record
BEN-000903,PERSON-902,ordinary,False,,Entirely fictional test record
BEN-000904,PERSON-903,ordinary,False,,Entirely fictional test record
BEN-000905,PERSON-904,ordinary,False,,Entirely fictional test record
BEN-000906,PERSON-905,ordinary,False,,Entirely fictional test record
BEN-000907,PERSON-906,ordinary,False,,Entirely fictional test record
BEN-000908,PERSON-907,ordinary,False,,Entirely fictional test record
BEN-000909,PERSON-908,ordinary,False,,Entirely fictional test record
BEN-000910,PERSON-909,ordinary,False,,Entirely fictional test record
BEN-000911,PERSON-910,ordinary,False,,Entirely fictional test record
BEN-000912,PERSON-911,ordinary,False,,Entirely fictional test record
BEN-000913,PERSON-912,ordinary,False,,Entirely fictional test record
BEN-000914,PERSON-913,ordinary,False,,Entirely fictional test record
BEN-000915,PERSON-914,ordinary,False,,Entirely fictional test record
BEN-000916,PERSON-915,ordinary,False,,Entirely fictional test record
BEN-000917,PERSON-916,ordinary,False,,Entirely fictional test record
BEN-000918,PERSON-917,ordinary,False,,Entirely fictional test record
BEN-000919,PERSON-918,ordinary,False,,Entirely fictional test record
BEN-000920,PERSON-919,ordinary,False,,Entirely fictional test record
BEN-000921,PERSON-920,ordinary,False,,Entirely fictional test record
BEN-000922,PERSON-921,ordinary,False,,Entirely fictional test record
BEN-000923,PERSON-922,ordinary,False,,Entirely fictional test record
BEN-000924,PERSON-923,ordinary,False,,Entirely fictional test record
BEN-000925,PERSON-924,ordinary,False,,Entirely fictional test record
BEN-000926,PERSON-925,ordinary,False,,Entirely fictional test record
BEN-000927,PERSON-926,ordinary,False,,Entirely fictional test record
BEN-000928,PERSON-927,ordinary,False,,Entirely fictional test record
BEN-000929,PERSON-928,ordinary,False,,Entirely fictional test record
BEN-000930,PERSON-929,ordinary,False,,Entirely fictional test record
BEN-000931,PERSON-930,ordinary,False,,Entirely fictional test record
BEN-000932,PERSON-931,ordinary,False,,Entirely fictional test record
BEN-000933,PERSON-932,ordinary,False,,Entirely fictional test record
BEN-000934,PERSON-933,ordinary,False,,Entirely fictional test record
BEN-000935,PERSON-934,ordinary,False,,Entirely fictional test record
BEN-000936,PERSON-935,ordinary,False,,Entirely fictional test record
BEN-000937,PERSON-936,ordinary,False,,Entirely fictional test record
BEN-000938,PERSON-937,ordinary,False,,Entirely fictional test record
BEN-000939,PERSON-938,ordinary,False,,Entirely fictional test record
BEN-000940,PERSON-939,ordinary,False,,Entirely fictional test record
BEN-000941,PERSON-940,ordinary,False,,Entirely fictional test record
BEN-000942,PERSON-941,ordinary,False,,Entirely fictional test record
BEN-000943,PERSON-942,ordinary,False,,Entirely fictional test record
BEN-000944,PERSON-943,ordinary,False,,Entirely fictional test record
BEN-000945,PERSON-944,ordinary,False,,Entirely fictional test record
BEN-000946,PERSON-945,ordinary,False,,Entirely fictional test record
BEN-000947,PERSON-946,ordinary,False,,Entirely fictional test record
BEN-000948,PERSON-947,ordinary,False,,Entirely fictional test record
BEN-000949,PERSON-948,ordinary,False,,Entirely fictional test record
BEN-000950,PERSON-949,ordinary,False,,Entirely fictional test record
BEN-000951,PERSON-950,ordinary,False,,Entirely fictional test record
BEN-000952,PERSON-951,ordinary,False,,Entirely fictional test record
BEN-000953,PERSON-952,ordinary,False,,Entirely fictional test record
BEN-000954,PERSON-953,ordinary,False,,Entirely fictional test record
BEN-000955,PERSON-954,ordinary,False,,Entirely fictional test record
BEN-000956,PERSON-955,ordinary,False,,Entirely fictional test record
BEN-000957,PERSON-956,ordinary,False,,Entirely fictional test record
BEN-000958,PERSON-957,ordinary,False,,Entirely fictional test record
BEN-000959,PERSON-958,ordinary,False,,Entirely fictional test record
BEN-000960,PERSON-959,ordinary,False,,Entirely fictional test record
BEN-000961,PERSON-960,ordinary,False,,Entirely fictional test record
BEN-000962,PERSON-961,ordinary,False,,Entirely fictional test record
BEN-000963,PERSON-962,ordinary,False,,Entirely fictional test record
BEN-000964,PERSON-963,ordinary,False,,Entirely fictional test record
BEN-000965,PERSON-964,ordinary,False,,Entirely fictional test record
BEN-000966,PERSON-965,ordinary,False,,Entirely fictional test record
BEN-000967,PERSON-966,ordinary,False,,Entirely fictional test record
BEN-000968,PERSON-967,ordinary,False,,Entirely fictional test record
BEN-000969,PERSON-968,ordinary,False,,Entirely fictional test record
BEN-000970,PERSON-969,ordinary,False,,Entirely fictional test record
BEN-000971,PERSON-970,ordinary,False,,Entirely fictional test record
BEN-000972,PERSON-971,ordinary,False,,Entirely fictional test record
BEN-000973,PERSON-972,ordinary,False,,Entirely fictional test record
BEN-000974,PERSON-973,ordinary,False,,Entirely fictional test record
BEN-000975,PERSON-974,ordinary,False,,Entirely fictional test record
BEN-000976,PERSON-975,ordinary,False,,Entirely fictional test record
BEN-000977,PERSON-976,ordinary,False,,Entirely fictional test record
BEN-000978,PERSON-977,ordinary,False,,Entirely fictional test record
BEN-000979,PERSON-978,ordinary,False,,Entirely fictional test record
BEN-000980,PERSON-979,ordinary,False,,Entirely fictional test record
BEN-000981,PERSON-980,ordinary,False,,Entirely fictional test record
BEN-000982,PERSON-981,ordinary,False,,Entirely fictional test record
BEN-000983,PERSON-982,ordinary,False,,Entirely fictional test record
BEN-000984,PERSON-983,ordinary,False,,Entirely fictional test record
BEN-000985,PERSON-984,ordinary,False,,Entirely fictional test record
BEN-000986,PERSON-985,ordinary,False,,Entirely fictional test record
BEN-000987,PERSON-986,ordinary,False,,Entirely fictional test record
BEN-000988,PERSON-987,ordinary,False,,Entirely fictional test record
BEN-000989,PERSON-988,ordinary,False,,Entirely fictional test record
BEN-000990,PERSON-989,ordinary,False,,Entirely fictional test record
BEN-000991,PERSON-990,ordinary,False,,Entirely fictional test record
BEN-000992,PERSON-991,ordinary,False,,Entirely fictional test record
BEN-000993,PERSON-992,ordinary,False,,Entirely fictional test record
BEN-000994,PERSON-993,ordinary,False,,Entirely fictional test record
BEN-000995,PERSON-994,ordinary,False,,Entirely fictional test record
BEN-000996,PERSON-995,ordinary,False,,Entirely fictional test record
BEN-000997,PERSON-996,ordinary,False,,Entirely fictional test record
BEN-000998,PERSON-997,ordinary,False,,Entirely fictional test record
BEN-000999,PERSON-998,ordinary,False,,Entirely fictional test record
BEN-001000,PERSON-999,ordinary,False,,Entirely fictional test record
BEN-001001,PERSON-1000,ordinary,False,,Entirely fictional test record
BEN-001002,PERSON-1001,ordinary,False,,Entirely fictional test record
BEN-001003,PERSON-1002,ordinary,False,,Entirely fictional test record
BEN-001004,PERSON-1003,ordinary,False,,Entirely fictional test record
BEN-001005,PERSON-1004,ordinary,False,,Entirely fictional test record
BEN-001006,PERSON-1005,ordinary,False,,Entirely fictional test record
BEN-001007,PERSON-1006,ordinary,False,,Entirely fictional test record
BEN-001008,PERSON-1007,ordinary,False,,Entirely fictional test record
BEN-001009,PERSON-1008,ordinary,False,,Entirely fictional test record
BEN-001010,PERSON-1009,ordinary,False,,Entirely fictional test record
BEN-001011,PERSON-1010,ordinary,False,,Entirely fictional test record
BEN-001012,PERSON-1011,ordinary,False,,Entirely fictional test record
BEN-001013,PERSON-1012,ordinary,False,,Entirely fictional test record
BEN-001014,PERSON-1013,ordinary,False,,Entirely fictional test record
BEN-001015,PERSON-1014,ordinary,False,,Entirely fictional test record
BEN-001016,PERSON-1015,ordinary,False,,Entirely fictional test record
BEN-001017,PERSON-1016,ordinary,False,,Entirely fictional test record
BEN-001018,PERSON-1017,ordinary,False,,Entirely fictional test record
BEN-001019,PERSON-1018,ordinary,False,,Entirely fictional test record
BEN-001020,PERSON-1019,ordinary,False,,Entirely fictional test record
BEN-001021,PERSON-1020,ordinary,False,,Entirely fictional test record
BEN-001022,PERSON-1021,ordinary,False,,Entirely fictional test record
BEN-001023,PERSON-1022,ordinary,False,,Entirely fictional test record
BEN-001024,PERSON-1023,ordinary,False,,Entirely fictional test record
BEN-001025,PERSON-1024,ordinary,False,,Entirely fictional test record
BEN-001026,PERSON-1025,ordinary,False,,Entirely fictional test record
BEN-001027,PERSON-1026,ordinary,False,,Entirely fictional test record
BEN-001028,PERSON-1027,ordinary,False,,Entirely fictional test record
BEN-001029,PERSON-1028,ordinary,False,,Entirely fictional test record
BEN-001030,PERSON-1029,ordinary,False,,Entirely fictional test record
BEN-001031,PERSON-1030,ordinary,False,,Entirely fictional test record
BEN-001032,PERSON-1031,ordinary,False,,Entirely fictional test record
BEN-001033,PERSON-1032,ordinary,False,,Entirely fictional test record
BEN-001034,PERSON-1033,ordinary,False,,Entirely fictional test record
BEN-001035,PERSON-1034,ordinary,False,,Entirely fictional test record
BEN-001036,PERSON-1035,ordinary,False,,Entirely fictional test record
BEN-001037,PERSON-1036,ordinary,False,,Entirely fictional test record
BEN-001038,PERSON-1037,ordinary,False,,Entirely fictional test record
BEN-001039,PERSON-1038,ordinary,False,,Entirely fictional test record
BEN-001040,PERSON-1039,ordinary,False,,Entirely fictional test record
BEN-001041,PERSON-1040,ordinary,False,,Entirely fictional test record
BEN-001042,PERSON-1041,ordinary,False,,Entirely fictional test record
BEN-001043,PERSON-1042,ordinary,False,,Entirely fictional test record
BEN-001044,PERSON-1043,ordinary,False,,Entirely fictional test record
BEN-001045,PERSON-1044,ordinary,False,,Entirely fictional test record
BEN-001046,PERSON-1045,ordinary,False,,Entirely fictional test record
BEN-001047,PERSON-1046,ordinary,False,,Entirely fictional test record
BEN-001048,PERSON-1047,ordinary,False,,Entirely fictional test record
BEN-001049,PERSON-1048,ordinary,False,,Entirely fictional test record
BEN-001050,PERSON-1049,ordinary,False,,Entirely fictional test record
BEN-001051,PERSON-1050,ordinary,False,,Entirely fictional test record
BEN-001052,PERSON-1051,ordinary,False,,Entirely fictional test record
BEN-001053,PERSON-1052,ordinary,False,,Entirely fictional test record
BEN-001054,PERSON-1053,ordinary,False,,Entirely fictional test record
BEN-001055,PERSON-1054,ordinary,False,,Entirely fictional test record
BEN-001056,PERSON-1055,ordinary,False,,Entirely fictional test record
BEN-001057,PERSON-1056,ordinary,False,,Entirely fictional test record
BEN-001058,PERSON-1057,ordinary,False,,Entirely fictional test record
BEN-001059,PERSON-1058,ordinary,False,,Entirely fictional test record
BEN-001060,PERSON-1059,ordinary,False,,Entirely fictional test record
BEN-001061,PERSON-1060,ordinary,False,,Entirely fictional test record
BEN-001062,PERSON-1061,ordinary,False,,Entirely fictional test record
BEN-001063,PERSON-1062,ordinary,False,,Entirely fictional test record
BEN-001064,PERSON-1063,ordinary,False,,Entirely fictional test record
BEN-001065,PERSON-1064,ordinary,False,,Entirely fictional test record
BEN-001066,PERSON-1065,ordinary,False,,Entirely fictional test record
BEN-001067,PERSON-1066,ordinary,False,,Entirely fictional test record
BEN-001068,PERSON-1067,ordinary,False,,Entirely fictional test record
BEN-001069,PERSON-1068,ordinary,False,,Entirely fictional test record
BEN-001070,PERSON-1069,ordinary,False,,Entirely fictional test record
BEN-001071,PERSON-1070,ordinary,False,,Entirely fictional test record
BEN-001072,PERSON-1071,ordinary,False,,Entirely fictional test record
BEN-001073,PERSON-1072,ordinary,False,,Entirely fictional test record
BEN-001074,PERSON-1073,ordinary,False,,Entirely fictional test record
BEN-001075,PERSON-1074,ordinary,False,,Entirely fictional test record
BEN-001076,PERSON-1075,ordinary,False,,Entirely fictional test record
BEN-001077,PERSON-1076,ordinary,False,,Entirely fictional test record
BEN-001078,PERSON-1077,ordinary,False,,Entirely fictional test record
BEN-001079,PERSON-1078,ordinary,False,,Entirely fictional test record
BEN-001080,PERSON-1079,ordinary,False,,Entirely fictional test record
BEN-001081,PERSON-1080,ordinary,False,,Entirely fictional test record
BEN-001082,PERSON-1081,ordinary,False,,Entirely fictional test record
BEN-001083,PERSON-1082,ordinary,False,,Entirely fictional test record
BEN-001084,PERSON-1083,ordinary,False,,Entirely fictional test record
BEN-001085,PERSON-1084,ordinary,False,,Entirely fictional test record
BEN-001086,PERSON-1085,ordinary,False,,Entirely fictional test record
BEN-001087,PERSON-1086,ordinary,False,,Entirely fictional test record
BEN-001088,PERSON-1087,ordinary,False,,Entirely fictional test record
BEN-001089,PERSON-1088,ordinary,False,,Entirely fictional test record
BEN-001090,PERSON-1089,ordinary,False,,Entirely fictional test record
BEN-001091,PERSON-1090,ordinary,False,,Entirely fictional test record
BEN-001092,PERSON-1091,ordinary,False,,Entirely fictional test record
BEN-001093,PERSON-1092,ordinary,False,,Entirely fictional test record
BEN-001094,PERSON-1093,ordinary,False,,Entirely fictional test record
BEN-001095,PERSON-1094,ordinary,False,,Entirely fictional test record
BEN-001096,PERSON-1095,ordinary,False,,Entirely fictional test record
BEN-001097,PERSON-1096,ordinary,False,,Entirely fictional test record
BEN-001098,PERSON-1097,ordinary,False,,Entirely fictional test record
BEN-001099,PERSON-1098,ordinary,False,,Entirely fictional test record
BEN-001100,PERSON-1099,ordinary,False,,Entirely fictional test record
BEN-001101,PERSON-1100,ordinary,False,,Entirely fictional test record
BEN-001102,PERSON-1101,ordinary,False,,Entirely fictional test record
BEN-001103,PERSON-1102,ordinary,False,,Entirely fictional test record
BEN-001104,PERSON-1103,ordinary,False,,Entirely fictional test record
BEN-001105,PERSON-1104,ordinary,False,,Entirely fictional test record
BEN-001106,PERSON-1105,ordinary,False,,Entirely fictional test record
BEN-001107,PERSON-1106,ordinary,False,,Entirely fictional test record
BEN-001108,PERSON-1107,ordinary,False,,Entirely fictional test record
BEN-001109,PERSON-1108,ordinary,False,,Entirely fictional test record
BEN-001110,PERSON-1109,ordinary,False,,Entirely fictional test record
BEN-001111,PERSON-1110,ordinary,False,,Entirely fictional test record
BEN-001112,PERSON-1111,ordinary,False,,Entirely fictional test record
BEN-001113,PERSON-1112,ordinary,False,,Entirely fictional test record
BEN-001114,PERSON-1113,ordinary,False,,Entirely fictional test record
BEN-001115,PERSON-1114,ordinary,False,,Entirely fictional test record
BEN-001116,PERSON-1115,ordinary,False,,Entirely fictional test record
BEN-001117,PERSON-1116,ordinary,False,,Entirely fictional test record
BEN-001118,PERSON-1117,ordinary,False,,Entirely fictional test record
BEN-001119,PERSON-1118,ordinary,False,,Entirely fictional test record
BEN-001120,PERSON-1119,ordinary,False,,Entirely fictional test record
BEN-001121,PERSON-1120,ordinary,False,,Entirely fictional test record
BEN-001122,PERSON-1121,ordinary,False,,Entirely fictional test record
BEN-001123,PERSON-1122,ordinary,False,,Entirely fictional test record
BEN-001124,PERSON-1123,ordinary,False,,Entirely fictional test record
BEN-001125,PERSON-1124,ordinary,False,,Entirely fictional test record
BEN-001126,PERSON-1125,ordinary,False,,Entirely fictional test record
BEN-001127,PERSON-1126,ordinary,False,,Entirely fictional test record
BEN-001128,PERSON-1127,ordinary,False,,Entirely fictional test record
BEN-001129,PERSON-1128,ordinary,False,,Entirely fictional test record
BEN-001130,PERSON-1129,ordinary,False,,Entirely fictional test record
BEN-001131,PERSON-1130,ordinary,False,,Entirely fictional test record
BEN-001132,PERSON-1131,ordinary,False,,Entirely fictional test record
BEN-001133,PERSON-1132,ordinary,False,,Entirely fictional test record
BEN-001134,PERSON-1133,ordinary,False,,Entirely fictional test record
BEN-001135,PERSON-1134,ordinary,False,,Entirely fictional test record
BEN-001136,PERSON-1135,ordinary,False,,Entirely fictional test record
BEN-001137,PERSON-1136,ordinary,False,,Entirely fictional test record
BEN-001138,PERSON-1137,ordinary,False,,Entirely fictional test record
BEN-001139,PERSON-1138,ordinary,False,,Entirely fictional test record
BEN-001140,PERSON-1139,ordinary,False,,Entirely fictional test record
BEN-001141,PERSON-1140,ordinary,False,,Entirely fictional test record
BEN-001142,PERSON-1141,ordinary,False,,Entirely fictional test record
BEN-001143,PERSON-1142,ordinary,False,,Entirely fictional test record
BEN-001144,PERSON-1143,ordinary,False,,Entirely fictional test record
BEN-001145,PERSON-1144,ordinary,False,,Entirely fictional test record
BEN-001146,PERSON-1145,ordinary,False,,Entirely fictional test record
BEN-001147,PERSON-1146,ordinary,False,,Entirely fictional test record
BEN-001148,PERSON-1147,ordinary,False,,Entirely fictional test record
BEN-001149,PERSON-1148,ordinary,False,,Entirely fictional test record
BEN-001150,PERSON-1149,ordinary,False,,Entirely fictional test record
BEN-001151,PERSON-1150,ordinary,False,,Entirely fictional test record
BEN-001152,PERSON-1151,ordinary,False,,Entirely fictional test record
BEN-001153,PERSON-1152,ordinary,False,,Entirely fictional test record
BEN-001154,PERSON-1153,ordinary,False,,Entirely fictional test record
BEN-001155,PERSON-1154,ordinary,False,,Entirely fictional test record
BEN-001156,PERSON-1155,ordinary,False,,Entirely fictional test record
BEN-001157,PERSON-1156,ordinary,False,,Entirely fictional test record
BEN-001158,PERSON-1157,ordinary,False,,Entirely fictional test record
BEN-001159,PERSON-1158,ordinary,False,,Entirely fictional test record
BEN-001160,PERSON-1159,ordinary,False,,Entirely fictional test record
BEN-001161,PERSON-1160,ordinary,False,,Entirely fictional test record
BEN-001162,PERSON-1161,ordinary,False,,Entirely fictional test record
BEN-001163,PERSON-1162,ordinary,False,,Entirely fictional test record
BEN-001164,PERSON-1163,ordinary,False,,Entirely fictional test record
BEN-001165,PERSON-1164,ordinary,False,,Entirely fictional test record
BEN-001166,PERSON-1165,ordinary,False,,Entirely fictional test record
BEN-001167,PERSON-1166,ordinary,False,,Entirely fictional test record
BEN-001168,PERSON-1167,ordinary,False,,Entirely fictional test record
BEN-001169,PERSON-1168,ordinary,False,,Entirely fictional test record
BEN-001170,PERSON-1169,ordinary,False,,Entirely fictional test record
BEN-001171,PERSON-1170,ordinary,False,,Entirely fictional test record
BEN-001172,PERSON-1171,ordinary,False,,Entirely fictional test record
BEN-001173,PERSON-1172,ordinary,False,,Entirely fictional test record
BEN-001174,PERSON-1173,ordinary,False,,Entirely fictional test record
BEN-001175,PERSON-1174,ordinary,False,,Entirely fictional test record
BEN-001176,PERSON-1175,ordinary,False,,Entirely fictional test record
BEN-001177,PERSON-1176,ordinary,False,,Entirely fictional test record
BEN-001178,PERSON-1177,ordinary,False,,Entirely fictional test record
BEN-001179,PERSON-1178,ordinary,False,,Entirely fictional test record
BEN-001180,PERSON-1179,ordinary,False,,Entirely fictional test record
BEN-001181,PERSON-1180,ordinary,False,,Entirely fictional test record
BEN-001182,PERSON-1181,ordinary,False,,Entirely fictional test record
BEN-001183,PERSON-1182,ordinary,False,,Entirely fictional test record
BEN-001184,PERSON-1183,ordinary,False,,Entirely fictional test record
BEN-001185,PERSON-1184,ordinary,False,,Entirely fictional test record
BEN-001186,PERSON-1185,ordinary,False,,Entirely fictional test record
BEN-001187,PERSON-1186,ordinary,False,,Entirely fictional test record
BEN-001188,PERSON-1187,ordinary,False,,Entirely fictional test record
BEN-001189,PERSON-1188,ordinary,False,,Entirely fictional test record
BEN-001190,PERSON-1189,ordinary,False,,Entirely fictional test record
BEN-001191,PERSON-1190,ordinary,False,,Entirely fictional test record
BEN-001192,PERSON-1191,ordinary,False,,Entirely fictional test record
BEN-001193,PERSON-1192,ordinary,False,,Entirely fictional test record
BEN-001194,PERSON-1193,ordinary,False,,Entirely fictional test record
BEN-001195,PERSON-1194,ordinary,False,,Entirely fictional test record
BEN-001196,PERSON-1195,ordinary,False,,Entirely fictional test record
BEN-001197,PERSON-1196,ordinary,False,,Entirely fictional test record
BEN-001198,PERSON-1197,ordinary,False,,Entirely fictional test record
BEN-001199,PERSON-1198,ordinary,False,,Entirely fictional test record
BEN-001200,PERSON-1199,ordinary,False,,Entirely fictional test record
BEN-001201,PERSON-1200,ordinary,False,,Entirely fictional test record
BEN-001202,PERSON-1201,ordinary,False,,Entirely fictional test record
BEN-001203,PERSON-1202,ordinary,False,,Entirely fictional test record
BEN-001204,PERSON-1203,ordinary,False,,Entirely fictional test record
BEN-001205,PERSON-1204,ordinary,False,,Entirely fictional test record
BEN-001206,PERSON-1205,ordinary,False,,Entirely fictional test record
BEN-001207,PERSON-1206,ordinary,False,,Entirely fictional test record
BEN-001208,PERSON-1207,ordinary,False,,Entirely fictional test record
BEN-001209,PERSON-1208,ordinary,False,,Entirely fictional test record
BEN-001210,PERSON-1209,ordinary,False,,Entirely fictional test record
BEN-001211,PERSON-1210,ordinary,False,,Entirely fictional test record
BEN-001212,PERSON-1211,ordinary,False,,Entirely fictional test record
BEN-001213,PERSON-1212,ordinary,False,,Entirely fictional test record
BEN-001214,PERSON-1213,ordinary,False,,Entirely fictional test record
BEN-001215,PERSON-1214,ordinary,False,,Entirely fictional test record
BEN-001216,PERSON-1215,ordinary,False,,Entirely fictional test record
BEN-001217,PERSON-1216,ordinary,False,,Entirely fictional test record
BEN-001218,PERSON-1217,ordinary,False,,Entirely fictional test record
BEN-001219,PERSON-1218,ordinary,False,,Entirely fictional test record
BEN-001220,PERSON-1219,ordinary,False,,Entirely fictional test record
BEN-001221,PERSON-1220,ordinary,False,,Entirely fictional test record
BEN-001222,PERSON-1221,ordinary,False,,Entirely fictional test record
BEN-001223,PERSON-1222,ordinary,False,,Entirely fictional test record
BEN-001224,PERSON-1223,ordinary,False,,Entirely fictional test record
BEN-001225,PERSON-1224,ordinary,False,,Entirely fictional test record
BEN-001226,PERSON-1225,ordinary,False,,Entirely fictional test record
BEN-001227,PERSON-1226,ordinary,False,,Entirely fictional test record
BEN-001228,PERSON-1227,ordinary,False,,Entirely fictional test record
BEN-001229,PERSON-1228,ordinary,False,,Entirely fictional test record
BEN-001230,PERSON-1229,ordinary,False,,Entirely fictional test record
BEN-001231,PERSON-1230,ordinary,False,,Entirely fictional test record
BEN-001232,PERSON-1231,ordinary,False,,Entirely fictional test record
BEN-001233,PERSON-1232,ordinary,False,,Entirely fictional test record
BEN-001234,PERSON-1233,ordinary,False,,Entirely fictional test record
BEN-001235,PERSON-1234,ordinary,False,,Entirely fictional test record
BEN-001236,PERSON-1235,ordinary,False,,Entirely fictional test record
BEN-001237,PERSON-1236,ordinary,False,,Entirely fictional test record
BEN-001238,PERSON-1237,ordinary,False,,Entirely fictional test record
BEN-001239,PERSON-1238,ordinary,False,,Entirely fictional test record
BEN-001240,PERSON-1239,ordinary,False,,Entirely fictional test record
BEN-001241,PERSON-1240,ordinary,False,,Entirely fictional test record
BEN-001242,PERSON-1241,ordinary,False,,Entirely fictional test record
BEN-001243,PERSON-1242,ordinary,False,,Entirely fictional test record
BEN-001244,PERSON-1243,ordinary,False,,Entirely fictional test record
BEN-001245,PERSON-1244,ordinary,False,,Entirely fictional test record
BEN-001246,PERSON-1245,ordinary,False,,Entirely fictional test record
BEN-001247,PERSON-1246,ordinary,False,,Entirely fictional test record
BEN-001248,PERSON-1247,ordinary,False,,Entirely fictional test record
BEN-001249,PERSON-1248,ordinary,False,,Entirely fictional test record
BEN-001250,PERSON-1249,ordinary,False,,Entirely fictional test record
BEN-001251,PERSON-1250,ordinary,False,,Entirely fictional test record
BEN-001252,PERSON-1251,ordinary,False,,Entirely fictional test record
BEN-001253,PERSON-1252,ordinary,False,,Entirely fictional test record
BEN-001254,PERSON-1253,ordinary,False,,Entirely fictional test record
BEN-001255,PERSON-1254,ordinary,False,,Entirely fictional test record
BEN-001256,PERSON-1255,ordinary,False,,Entirely fictional test record
BEN-001257,PERSON-1256,ordinary,False,,Entirely fictional test record
BEN-001258,PERSON-1257,ordinary,False,,Entirely fictional test record
BEN-001259,PERSON-1258,ordinary,False,,Entirely fictional test record
BEN-001260,PERSON-1259,ordinary,False,,Entirely fictional test record
BEN-001261,PERSON-1260,ordinary,False,,Entirely fictional test record
BEN-001262,PERSON-1261,ordinary,False,,Entirely fictional test record
BEN-001263,PERSON-1262,ordinary,False,,Entirely fictional test record
BEN-001264,PERSON-1263,ordinary,False,,Entirely fictional test record
BEN-001265,PERSON-1264,ordinary,False,,Entirely fictional test record
BEN-001266,PERSON-1265,ordinary,False,,Entirely fictional test record
BEN-001267,PERSON-1266,ordinary,False,,Entirely fictional test record
BEN-001268,PERSON-1267,ordinary,False,,Entirely fictional test record
BEN-001269,PERSON-1268,ordinary,False,,Entirely fictional test record
BEN-001270,PERSON-1269,ordinary,False,,Entirely fictional test record
BEN-001271,PERSON-1270,ordinary,False,,Entirely fictional test record
BEN-001272,PERSON-1271,ordinary,False,,Entirely fictional test record
BEN-001273,PERSON-1272,ordinary,False,,Entirely fictional test record
BEN-001274,PERSON-1273,ordinary,False,,Entirely fictional test record
BEN-001275,PERSON-1274,ordinary,False,,Entirely fictional test record
BEN-001276,PERSON-1275,ordinary,False,,Entirely fictional test record
BEN-001277,PERSON-1276,ordinary,False,,Entirely fictional test record
BEN-001278,PERSON-1277,ordinary,False,,Entirely fictional test record
BEN-001279,PERSON-1278,ordinary,False,,Entirely fictional test record
BEN-001280,PERSON-1279,ordinary,False,,Entirely fictional test record
BEN-001281,PERSON-1280,ordinary,False,,Entirely fictional test record
BEN-001282,PERSON-1281,ordinary,False,,Entirely fictional test record
BEN-001283,PERSON-1282,ordinary,False,,Entirely fictional test record
BEN-001284,PERSON-1283,ordinary,False,,Entirely fictional test record
BEN-001285,PERSON-1284,ordinary,False,,Entirely fictional test record
BEN-001286,PERSON-1285,ordinary,False,,Entirely fictional test record
BEN-001287,PERSON-1286,ordinary,False,,Entirely fictional test record
BEN-001288,PERSON-1287,ordinary,False,,Entirely fictional test record
BEN-001289,PERSON-1288,ordinary,False,,Entirely fictional test record
BEN-001290,PERSON-1289,ordinary,False,,Entirely fictional test record
BEN-001291,PERSON-1290,ordinary,False,,Entirely fictional test record
BEN-001292,PERSON-1291,ordinary,False,,Entirely fictional test record
BEN-001293,PERSON-1292,ordinary,False,,Entirely fictional test record
BEN-001294,PERSON-1293,ordinary,False,,Entirely fictional test record
BEN-001295,PERSON-1294,ordinary,False,,Entirely fictional test record
BEN-001296,PERSON-1295,ordinary,False,,Entirely fictional test record
BEN-001297,PERSON-1296,ordinary,False,,Entirely fictional test record
BEN-001298,PERSON-1297,ordinary,False,,Entirely fictional test record
BEN-001299,PERSON-1298,ordinary,False,,Entirely fictional test record
BEN-001300,PERSON-1299,ordinary,False,,Entirely fictional test record
BEN-001301,PERSON-1300,ordinary,False,,Entirely fictional test record
BEN-001302,PERSON-1301,ordinary,False,,Entirely fictional test record
BEN-001303,PERSON-1302,ordinary,False,,Entirely fictional test record
BEN-001304,PERSON-1303,ordinary,False,,Entirely fictional test record
BEN-001305,PERSON-1304,ordinary,False,,Entirely fictional test record
BEN-001306,PERSON-1305,ordinary,False,,Entirely fictional test record
BEN-001307,PERSON-1306,ordinary,False,,Entirely fictional test record
BEN-001308,PERSON-1307,ordinary,False,,Entirely fictional test record
BEN-001309,PERSON-1308,ordinary,False,,Entirely fictional test record
BEN-001310,PERSON-1309,ordinary,False,,Entirely fictional test record
BEN-001311,PERSON-1310,ordinary,False,,Entirely fictional test record
BEN-001312,PERSON-1311,ordinary,False,,Entirely fictional test record
BEN-001313,PERSON-1312,ordinary,False,,Entirely fictional test record
BEN-001314,PERSON-1313,ordinary,False,,Entirely fictional test record
BEN-001315,PERSON-1314,ordinary,False,,Entirely fictional test record
BEN-001316,PERSON-1315,ordinary,False,,Entirely fictional test record
BEN-001317,PERSON-1316,ordinary,False,,Entirely fictional test record
BEN-001318,PERSON-1317,ordinary,False,,Entirely fictional test record
BEN-001319,PERSON-1318,ordinary,False,,Entirely fictional test record
BEN-001320,PERSON-1319,ordinary,False,,Entirely fictional test record
BEN-001321,PERSON-1320,ordinary,False,,Entirely fictional test record
BEN-001322,PERSON-1321,ordinary,False,,Entirely fictional test record
BEN-001323,PERSON-1322,ordinary,False,,Entirely fictional test record
BEN-001324,PERSON-1323,ordinary,False,,Entirely fictional test record
BEN-001325,PERSON-1324,ordinary,False,,Entirely fictional test record
BEN-001326,PERSON-1325,ordinary,False,,Entirely fictional test record
BEN-001327,PERSON-1326,ordinary,False,,Entirely fictional test record
BEN-001328,PERSON-1327,ordinary,False,,Entirely fictional test record
BEN-001329,PERSON-1328,ordinary,False,,Entirely fictional test record
BEN-001330,PERSON-1329,ordinary,False,,Entirely fictional test record
BEN-001331,PERSON-1330,ordinary,False,,Entirely fictional test record
BEN-001332,PERSON-1331,ordinary,False,,Entirely fictional test record
BEN-001333,PERSON-1332,ordinary,False,,Entirely fictional test record
BEN-001334,PERSON-1333,ordinary,False,,Entirely fictional test record
BEN-001335,PERSON-1334,ordinary,False,,Entirely fictional test record
BEN-001336,PERSON-1335,ordinary,False,,Entirely fictional test record
BEN-001337,PERSON-1336,ordinary,False,,Entirely fictional test record
BEN-001338,PERSON-1337,ordinary,False,,Entirely fictional test record
BEN-001339,PERSON-1338,ordinary,False,,Entirely fictional test record
BEN-001340,PERSON-1339,ordinary,False,,Entirely fictional test record
BEN-001341,PERSON-1340,ordinary,False,,Entirely fictional test record
BEN-001342,PERSON-1341,ordinary,False,,Entirely fictional test record
BEN-001343,PERSON-1342,ordinary,False,,Entirely fictional test record
BEN-001344,PERSON-1343,ordinary,False,,Entirely fictional test record
BEN-001345,PERSON-1344,ordinary,False,,Entirely fictional test record
BEN-001346,PERSON-1345,ordinary,False,,Entirely fictional test record
BEN-001347,PERSON-1346,ordinary,False,,Entirely fictional test record
BEN-001348,PERSON-1347,ordinary,False,,Entirely fictional test record
BEN-001349,PERSON-1348,ordinary,False,,Entirely fictional test record
BEN-001350,PERSON-1349,ordinary,False,,Entirely fictional test record
BEN-001351,PERSON-1350,ordinary,False,,Entirely fictional test record
BEN-001352,PERSON-1351,ordinary,False,,Entirely fictional test record
BEN-001353,PERSON-1352,ordinary,False,,Entirely fictional test record
BEN-001354,PERSON-1353,ordinary,False,,Entirely fictional test record
BEN-001355,PERSON-1354,ordinary,False,,Entirely fictional test record
BEN-001356,PERSON-1355,ordinary,False,,Entirely fictional test record
BEN-001357,PERSON-1356,ordinary,False,,Entirely fictional test record
BEN-001358,PERSON-1357,ordinary,False,,Entirely fictional test record
BEN-001359,PERSON-1358,ordinary,False,,Entirely fictional test record
BEN-001360,PERSON-1359,ordinary,False,,Entirely fictional test record
BEN-001361,PERSON-1360,ordinary,False,,Entirely fictional test record
BEN-001362,PERSON-1361,ordinary,False,,Entirely fictional test record
BEN-001363,PERSON-1362,ordinary,False,,Entirely fictional test record
BEN-001364,PERSON-1363,ordinary,False,,Entirely fictional test record
BEN-001365,PERSON-1364,ordinary,False,,Entirely fictional test record
BEN-001366,PERSON-1365,ordinary,False,,Entirely fictional test record
BEN-001367,PERSON-1366,ordinary,False,,Entirely fictional test record
BEN-001368,PERSON-1367,ordinary,False,,Entirely fictional test record
BEN-001369,PERSON-1368,ordinary,False,,Entirely fictional test record
BEN-001370,PERSON-1369,ordinary,False,,Entirely fictional test record
BEN-001371,PERSON-1370,ordinary,False,,Entirely fictional test record
BEN-001372,PERSON-1371,ordinary,False,,Entirely fictional test record
BEN-001373,PERSON-1372,ordinary,False,,Entirely fictional test record
BEN-001374,PERSON-1373,ordinary,False,,Entirely fictional test record
BEN-001375,PERSON-1374,ordinary,False,,Entirely fictional test record
BEN-001376,PERSON-1375,ordinary,False,,Entirely fictional test record
BEN-001377,PERSON-1376,ordinary,False,,Entirely fictional test record
BEN-001378,PERSON-1377,ordinary,False,,Entirely fictional test record
BEN-001379,PERSON-1378,ordinary,False,,Entirely fictional test record
BEN-001380,PERSON-1379,ordinary,False,,Entirely fictional test record
BEN-001381,PERSON-1380,ordinary,False,,Entirely fictional test record
BEN-001382,PERSON-1381,ordinary,False,,Entirely fictional test record
BEN-001383,PERSON-1382,ordinary,False,,Entirely fictional test record
BEN-001384,PERSON-1383,ordinary,False,,Entirely fictional test record
BEN-001385,PERSON-1384,ordinary,False,,Entirely fictional test record
BEN-001386,PERSON-1385,ordinary,False,,Entirely fictional test record
BEN-001387,PERSON-1386,ordinary,False,,Entirely fictional test record
BEN-001388,PERSON-1387,ordinary,False,,Entirely fictional test record
BEN-001389,PERSON-1388,ordinary,False,,Entirely fictional test record
BEN-001390,PERSON-1389,ordinary,False,,Entirely fictional test record
BEN-001391,PERSON-1390,ordinary,False,,Entirely fictional test record
BEN-001392,PERSON-1391,ordinary,False,,Entirely fictional test record
BEN-001393,PERSON-1392,ordinary,False,,Entirely fictional test record
BEN-001394,PERSON-1393,ordinary,False,,Entirely fictional test record
BEN-001395,PERSON-1394,ordinary,False,,Entirely fictional test record
BEN-001396,PERSON-1395,ordinary,False,,Entirely fictional test record
BEN-001397,PERSON-1396,ordinary,False,,Entirely fictional test record
BEN-001398,PERSON-1397,ordinary,False,,Entirely fictional test record
BEN-001399,PERSON-1398,ordinary,False,,Entirely fictional test record
BEN-001400,PERSON-1399,ordinary,False,,Entirely fictional test record
BEN-001401,PERSON-1400,ordinary,False,,Entirely fictional test record
BEN-001402,PERSON-1401,ordinary,False,,Entirely fictional test record
BEN-001403,PERSON-1402,ordinary,False,,Entirely fictional test record
BEN-001404,PERSON-1403,ordinary,False,,Entirely fictional test record
BEN-001405,PERSON-1404,ordinary,False,,Entirely fictional test record
BEN-001406,PERSON-1405,ordinary,False,,Entirely fictional test record
BEN-001407,PERSON-1406,ordinary,False,,Entirely fictional test record
BEN-001408,PERSON-1407,ordinary,False,,Entirely fictional test record
BEN-001409,PERSON-1408,ordinary,False,,Entirely fictional test record
BEN-001410,PERSON-1409,ordinary,False,,Entirely fictional test record
BEN-001411,PERSON-1410,ordinary,False,,Entirely fictional test record
BEN-001412,PERSON-1411,ordinary,False,,Entirely fictional test record
BEN-001413,PERSON-1412,ordinary,False,,Entirely fictional test record
BEN-001414,PERSON-1413,ordinary,False,,Entirely fictional test record
BEN-001415,PERSON-1414,ordinary,False,,Entirely fictional test record
BEN-001416,PERSON-1415,ordinary,False,,Entirely fictional test record
BEN-001417,PERSON-1416,ordinary,False,,Entirely fictional test record
BEN-001418,PERSON-1417,ordinary,False,,Entirely fictional test record
BEN-001419,PERSON-1418,ordinary,False,,Entirely fictional test record
BEN-001420,PERSON-1419,ordinary,False,,Entirely fictional test record
BEN-001421,PERSON-1420,ordinary,False,,Entirely fictional test record
BEN-001422,PERSON-1421,ordinary,False,,Entirely fictional test record
BEN-001423,PERSON-1422,ordinary,False,,Entirely fictional test record
BEN-001424,PERSON-1423,ordinary,False,,Entirely fictional test record
BEN-001425,PERSON-1424,ordinary,False,,Entirely fictional test record
BEN-001426,PERSON-1425,ordinary,False,,Entirely fictional test record
BEN-001427,PERSON-1426,ordinary,False,,Entirely fictional test record
BEN-001428,PERSON-1427,ordinary,False,,Entirely fictional test record
BEN-001429,PERSON-1428,ordinary,False,,Entirely fictional test record
BEN-001430,PERSON-1429,ordinary,False,,Entirely fictional test record
BEN-001431,PERSON-1430,ordinary,False,,Entirely fictional test record
BEN-001432,PERSON-1431,ordinary,False,,Entirely fictional test record
BEN-001433,PERSON-1432,ordinary,False,,Entirely fictional test record
BEN-001434,PERSON-1433,ordinary,False,,Entirely fictional test record
BEN-001435,PERSON-1434,ordinary,False,,Entirely fictional test record
BEN-001436,PERSON-1435,ordinary,False,,Entirely fictional test record
BEN-001437,PERSON-1436,ordinary,False,,Entirely fictional test record
BEN-001438,PERSON-1437,ordinary,False,,Entirely fictional test record
BEN-001439,PERSON-1438,ordinary,False,,Entirely fictional test record
BEN-001440,PERSON-1439,ordinary,False,,Entirely fictional test record
BEN-001441,PERSON-1440,ordinary,False,,Entirely fictional test record
BEN-001442,PERSON-1441,ordinary,False,,Entirely fictional test record
BEN-001443,PERSON-1442,ordinary,False,,Entirely fictional test record
BEN-001444,PERSON-1443,ordinary,False,,Entirely fictional test record
BEN-001445,PERSON-1444,ordinary,False,,Entirely fictional test record
BEN-001446,PERSON-1445,ordinary,False,,Entirely fictional test record
BEN-001447,PERSON-1446,ordinary,False,,Entirely fictional test record
BEN-001448,PERSON-1447,ordinary,False,,Entirely fictional test record
BEN-001449,PERSON-1448,ordinary,False,,Entirely fictional test record
BEN-001450,PERSON-1449,ordinary,False,,Entirely fictional test record
BEN-001451,PERSON-1450,ordinary,False,,Entirely fictional test record
BEN-001452,PERSON-1451,ordinary,False,,Entirely fictional test record
BEN-001453,PERSON-1452,ordinary,False,,Entirely fictional test record
BEN-001454,PERSON-1453,ordinary,False,,Entirely fictional test record
BEN-001455,PERSON-1454,ordinary,False,,Entirely fictional test record
BEN-001456,PERSON-1455,ordinary,False,,Entirely fictional test record
BEN-001457,PERSON-1456,ordinary,False,,Entirely fictional test record
BEN-001458,PERSON-1457,ordinary,False,,Entirely fictional test record
BEN-001459,PERSON-1458,ordinary,False,,Entirely fictional test record
BEN-001460,PERSON-1459,ordinary,False,,Entirely fictional test record
BEN-001461,PERSON-1460,ordinary,False,,Entirely fictional test record
BEN-001462,PERSON-1461,ordinary,False,,Entirely fictional test record
BEN-001463,PERSON-1462,ordinary,False,,Entirely fictional test record
BEN-001464,PERSON-1463,ordinary,False,,Entirely fictional test record
BEN-001465,PERSON-1464,ordinary,False,,Entirely fictional test record
BEN-001466,PERSON-1465,ordinary,False,,Entirely fictional test record
BEN-001467,PERSON-1466,ordinary,False,,Entirely fictional test record
BEN-001468,PERSON-1467,ordinary,False,,Entirely fictional test record
BEN-001469,PERSON-1468,ordinary,False,,Entirely fictional test record
BEN-001470,PERSON-1469,ordinary,False,,Entirely fictional test record
BEN-001471,PERSON-1470,ordinary,False,,Entirely fictional test record
BEN-001472,PERSON-1471,ordinary,False,,Entirely fictional test record
BEN-001473,PERSON-1472,ordinary,False,,Entirely fictional test record
BEN-001474,PERSON-1473,ordinary,False,,Entirely fictional test record
BEN-001475,PERSON-1474,ordinary,False,,Entirely fictional test record
BEN-001476,PERSON-1475,ordinary,False,,Entirely fictional test record
BEN-001477,PERSON-1476,ordinary,False,,Entirely fictional test record
BEN-001478,PERSON-1477,ordinary,False,,Entirely fictional test record
BEN-001479,PERSON-1478,ordinary,False,,Entirely fictional test record
BEN-001480,PERSON-1479,ordinary,False,,Entirely fictional test record
BEN-001481,PERSON-1480,ordinary,False,,Entirely fictional test record
BEN-001482,PERSON-1481,ordinary,False,,Entirely fictional test record
BEN-001483,PERSON-1482,ordinary,False,,Entirely fictional test record
BEN-001484,PERSON-1483,ordinary,False,,Entirely fictional test record
BEN-001485,PERSON-1484,ordinary,False,,Entirely fictional test record
BEN-001486,PERSON-1485,ordinary,False,,Entirely fictional test record
BEN-001487,PERSON-1486,ordinary,False,,Entirely fictional test record
BEN-001488,PERSON-1487,ordinary,False,,Entirely fictional test record
BEN-001489,PERSON-1488,ordinary,False,,Entirely fictional test record
BEN-001490,PERSON-1489,ordinary,False,,Entirely fictional test record
BEN-001491,PERSON-1490,ordinary,False,,Entirely fictional test record
BEN-001492,PERSON-1491,ordinary,False,,Entirely fictional test record
BEN-001493,PERSON-1492,ordinary,False,,Entirely fictional test record
BEN-001494,PERSON-1493,ordinary,False,,Entirely fictional test record
BEN-001495,PERSON-1494,ordinary,False,,Entirely fictional test record
BEN-001496,PERSON-1495,ordinary,False,,Entirely fictional test record
BEN-001497,PERSON-1496,ordinary,False,,Entirely fictional test record
BEN-001498,PERSON-1497,ordinary,False,,Entirely fictional test record
BEN-001499,PERSON-1498,ordinary,False,,Entirely fictional test record
BEN-001500,PERSON-1499,ordinary,False,,Entirely fictional test record
BEN-001501,PERSON-1500,ordinary,False,,Entirely fictional test record
BEN-001502,PERSON-1501,ordinary,False,,Entirely fictional test record
BEN-001503,PERSON-1502,ordinary,False,,Entirely fictional test record
BEN-001504,PERSON-1503,ordinary,False,,Entirely fictional test record
BEN-001505,PERSON-1504,ordinary,False,,Entirely fictional test record
BEN-001506,PERSON-1505,ordinary,False,,Entirely fictional test record
BEN-001507,PERSON-1506,ordinary,False,,Entirely fictional test record
BEN-001508,PERSON-1507,ordinary,False,,Entirely fictional test record
BEN-001509,PERSON-1508,ordinary,False,,Entirely fictional test record
BEN-001510,PERSON-1509,ordinary,False,,Entirely fictional test record
BEN-001511,PERSON-1510,ordinary,False,,Entirely fictional test record
BEN-001512,PERSON-1511,ordinary,False,,Entirely fictional test record
BEN-001513,PERSON-1512,ordinary,False,,Entirely fictional test record
BEN-001514,PERSON-1513,ordinary,False,,Entirely fictional test record
BEN-001515,PERSON-1514,ordinary,False,,Entirely fictional test record
BEN-001516,PERSON-1515,ordinary,False,,Entirely fictional test record
BEN-001517,PERSON-1516,ordinary,False,,Entirely fictional test record
BEN-001518,PERSON-1517,ordinary,False,,Entirely fictional test record
BEN-001519,PERSON-1518,ordinary,False,,Entirely fictional test record
BEN-001520,PERSON-1519,ordinary,False,,Entirely fictional test record
BEN-001521,PERSON-1520,ordinary,False,,Entirely fictional test record
BEN-001522,PERSON-1521,ordinary,False,,Entirely fictional test record
BEN-001523,PERSON-1522,ordinary,False,,Entirely fictional test record
BEN-001524,PERSON-1523,ordinary,False,,Entirely fictional test record
BEN-001525,PERSON-1524,ordinary,False,,Entirely fictional test record
BEN-001526,PERSON-1525,ordinary,False,,Entirely fictional test record
BEN-001527,PERSON-1526,ordinary,False,,Entirely fictional test record
BEN-001528,PERSON-1527,ordinary,False,,Entirely fictional test record
BEN-001529,PERSON-1528,ordinary,False,,Entirely fictional test record
BEN-001530,PERSON-1529,ordinary,False,,Entirely fictional test record
BEN-001531,PERSON-1530,ordinary,False,,Entirely fictional test record
BEN-001532,PERSON-1531,ordinary,False,,Entirely fictional test record
BEN-001533,PERSON-1532,ordinary,False,,Entirely fictional test record
BEN-001534,PERSON-1533,ordinary,False,,Entirely fictional test record
BEN-001535,PERSON-1534,ordinary,False,,Entirely fictional test record
BEN-001536,PERSON-1535,ordinary,False,,Entirely fictional test record
BEN-001537,PERSON-1536,ordinary,False,,Entirely fictional test record
BEN-001538,PERSON-1537,ordinary,False,,Entirely fictional test record
BEN-001539,PERSON-1538,ordinary,False,,Entirely fictional test record
BEN-001540,PERSON-1539,ordinary,False,,Entirely fictional test record
BEN-001541,PERSON-1540,ordinary,False,,Entirely fictional test record
BEN-001542,PERSON-1541,ordinary,False,,Entirely fictional test record
BEN-001543,PERSON-1542,ordinary,False,,Entirely fictional test record
BEN-001544,PERSON-1543,ordinary,False,,Entirely fictional test record
BEN-001545,PERSON-1544,ordinary,False,,Entirely fictional test record
BEN-001546,PERSON-1545,ordinary,False,,Entirely fictional test record
BEN-001547,PERSON-1546,ordinary,False,,Entirely fictional test record
BEN-001548,PERSON-1547,ordinary,False,,Entirely fictional test record
BEN-001549,PERSON-1548,ordinary,False,,Entirely fictional test record
BEN-001550,PERSON-1549,ordinary,False,,Entirely fictional test record
BEN-001551,PERSON-1550,ordinary,False,,Entirely fictional test record
BEN-001552,PERSON-1551,ordinary,False,,Entirely fictional test record
BEN-001553,PERSON-1552,ordinary,False,,Entirely fictional test record
BEN-001554,PERSON-1553,ordinary,False,,Entirely fictional test record
BEN-001555,PERSON-1554,ordinary,False,,Entirely fictional test record
BEN-001556,PERSON-1555,ordinary,False,,Entirely fictional test record
BEN-001557,PERSON-1556,ordinary,False,,Entirely fictional test record
BEN-001558,PERSON-1557,ordinary,False,,Entirely fictional test record
BEN-001559,PERSON-1558,ordinary,False,,Entirely fictional test record
BEN-001560,PERSON-1559,ordinary,False,,Entirely fictional test record
BEN-001561,PERSON-1560,ordinary,False,,Entirely fictional test record
BEN-001562,PERSON-1561,ordinary,False,,Entirely fictional test record
BEN-001563,PERSON-1562,ordinary,False,,Entirely fictional test record
BEN-001564,PERSON-1563,ordinary,False,,Entirely fictional test record
BEN-001565,PERSON-1564,ordinary,False,,Entirely fictional test record
BEN-001566,PERSON-1565,ordinary,False,,Entirely fictional test record
BEN-001567,PERSON-1566,ordinary,False,,Entirely fictional test record
BEN-001568,PERSON-1567,ordinary,False,,Entirely fictional test record
BEN-001569,PERSON-1568,ordinary,False,,Entirely fictional test record
BEN-001570,PERSON-1569,ordinary,False,,Entirely fictional test record
BEN-001571,PERSON-1570,ordinary,False,,Entirely fictional test record
BEN-001572,PERSON-1571,ordinary,False,,Entirely fictional test record
BEN-001573,PERSON-1572,ordinary,False,,Entirely fictional test record
BEN-001574,PERSON-1573,ordinary,False,,Entirely fictional test record
BEN-001575,PERSON-1574,ordinary,False,,Entirely fictional test record
BEN-001576,PERSON-1575,ordinary,False,,Entirely fictional test record
BEN-001577,PERSON-1576,ordinary,False,,Entirely fictional test record
BEN-001578,PERSON-1577,ordinary,False,,Entirely fictional test record
BEN-001579,PERSON-1578,ordinary,False,,Entirely fictional test record
BEN-001580,PERSON-1579,ordinary,False,,Entirely fictional test record
BEN-001581,PERSON-1580,ordinary,False,,Entirely fictional test record
BEN-001582,PERSON-1581,ordinary,False,,Entirely fictional test record
BEN-001583,PERSON-1582,ordinary,False,,Entirely fictional test record
BEN-001584,PERSON-1583,ordinary,False,,Entirely fictional test record
BEN-001585,PERSON-1584,ordinary,False,,Entirely fictional test record
BEN-001586,PERSON-1585,ordinary,False,,Entirely fictional test record
BEN-001587,PERSON-1586,ordinary,False,,Entirely fictional test record
BEN-001588,PERSON-1587,ordinary,False,,Entirely fictional test record
BEN-001589,PERSON-1588,ordinary,False,,Entirely fictional test record
BEN-001590,PERSON-1589,ordinary,False,,Entirely fictional test record
BEN-001591,PERSON-1590,ordinary,False,,Entirely fictional test record
BEN-001592,PERSON-1591,ordinary,False,,Entirely fictional test record
BEN-001593,PERSON-1592,ordinary,False,,Entirely fictional test record
BEN-001594,PERSON-1593,ordinary,False,,Entirely fictional test record
BEN-001595,PERSON-1594,ordinary,False,,Entirely fictional test record
BEN-001596,PERSON-1595,ordinary,False,,Entirely fictional test record
BEN-001597,PERSON-1596,ordinary,False,,Entirely fictional test record
BEN-001598,PERSON-1597,ordinary,False,,Entirely fictional test record
BEN-001599,PERSON-1598,ordinary,False,,Entirely fictional test record
BEN-001600,PERSON-1599,ordinary,False,,Entirely fictional test record
BEN-001601,PERSON-1600,ordinary,False,,Entirely fictional test record
BEN-001602,PERSON-1601,ordinary,False,,Entirely fictional test record
BEN-001603,PERSON-1602,ordinary,False,,Entirely fictional test record
BEN-001604,PERSON-1603,ordinary,False,,Entirely fictional test record
BEN-001605,PERSON-1604,ordinary,False,,Entirely fictional test record
BEN-001606,PERSON-1605,ordinary,False,,Entirely fictional test record
BEN-001607,PERSON-1606,ordinary,False,,Entirely fictional test record
BEN-001608,PERSON-1607,ordinary,False,,Entirely fictional test record
BEN-001609,PERSON-1608,ordinary,False,,Entirely fictional test record
BEN-001610,PERSON-1609,ordinary,False,,Entirely fictional test record
BEN-001611,PERSON-1610,ordinary,False,,Entirely fictional test record
BEN-001612,PERSON-1611,ordinary,False,,Entirely fictional test record
BEN-001613,PERSON-1612,ordinary,False,,Entirely fictional test record
BEN-001614,PERSON-1613,ordinary,False,,Entirely fictional test record
BEN-001615,PERSON-1614,ordinary,False,,Entirely fictional test record
BEN-001616,PERSON-1615,ordinary,False,,Entirely fictional test record
BEN-001617,PERSON-1616,ordinary,False,,Entirely fictional test record
BEN-001618,PERSON-1617,ordinary,False,,Entirely fictional test record
BEN-001619,PERSON-1618,ordinary,False,,Entirely fictional test record
BEN-001620,PERSON-1619,ordinary,False,,Entirely fictional test record
BEN-001621,PERSON-1620,ordinary,False,,Entirely fictional test record
BEN-001622,PERSON-1621,ordinary,False,,Entirely fictional test record
BEN-001623,PERSON-1622,ordinary,False,,Entirely fictional test record
BEN-001624,PERSON-1623,ordinary,False,,Entirely fictional test record
BEN-001625,PERSON-1624,ordinary,False,,Entirely fictional test record
BEN-001626,PERSON-1625,ordinary,False,,Entirely fictional test record
BEN-001627,PERSON-1626,ordinary,False,,Entirely fictional test record
BEN-001628,PERSON-1627,ordinary,False,,Entirely fictional test record
BEN-001629,PERSON-1628,ordinary,False,,Entirely fictional test record
BEN-001630,PERSON-1629,ordinary,False,,Entirely fictional test record
BEN-001631,PERSON-1630,ordinary,False,,Entirely fictional test record
BEN-001632,PERSON-1631,ordinary,False,,Entirely fictional test record
BEN-001633,PERSON-1632,ordinary,False,,Entirely fictional test record
BEN-001634,PERSON-1633,ordinary,False,,Entirely fictional test record
BEN-001635,PERSON-1634,ordinary,False,,Entirely fictional test record
BEN-001636,PERSON-1635,ordinary,False,,Entirely fictional test record
BEN-001637,PERSON-1636,ordinary,False,,Entirely fictional test record
BEN-001638,PERSON-1637,ordinary,False,,Entirely fictional test record
BEN-001639,PERSON-1638,ordinary,False,,Entirely fictional test record
BEN-001640,PERSON-1639,ordinary,False,,Entirely fictional test record
BEN-001641,PERSON-1640,ordinary,False,,Entirely fictional test record
BEN-001642,PERSON-1641,ordinary,False,,Entirely fictional test record
BEN-001643,PERSON-1642,ordinary,False,,Entirely fictional test record
BEN-001644,PERSON-1643,ordinary,False,,Entirely fictional test record
BEN-001645,PERSON-1644,ordinary,False,,Entirely fictional test record
BEN-001646,PERSON-1645,ordinary,False,,Entirely fictional test record
BEN-001647,PERSON-1646,ordinary,False,,Entirely fictional test record
BEN-001648,PERSON-1647,ordinary,False,,Entirely fictional test record
BEN-001649,PERSON-1648,ordinary,False,,Entirely fictional test record
BEN-001650,PERSON-1649,ordinary,False,,Entirely fictional test record
BEN-001651,PERSON-1650,ordinary,False,,Entirely fictional test record
BEN-001652,PERSON-1651,ordinary,False,,Entirely fictional test record
BEN-001653,PERSON-1652,ordinary,False,,Entirely fictional test record
BEN-001654,PERSON-1653,ordinary,False,,Entirely fictional test record
BEN-001655,PERSON-1654,ordinary,False,,Entirely fictional test record
BEN-001656,PERSON-1655,ordinary,False,,Entirely fictional test record
BEN-001657,PERSON-1656,ordinary,False,,Entirely fictional test record
BEN-001658,PERSON-1657,ordinary,False,,Entirely fictional test record
BEN-001659,PERSON-1658,ordinary,False,,Entirely fictional test record
BEN-001660,PERSON-1659,ordinary,False,,Entirely fictional test record
BEN-001661,PERSON-1660,ordinary,False,,Entirely fictional test record
BEN-001662,PERSON-1661,ordinary,False,,Entirely fictional test record
BEN-001663,PERSON-1662,ordinary,False,,Entirely fictional test record
BEN-001664,PERSON-1663,ordinary,False,,Entirely fictional test record
BEN-001665,PERSON-1664,ordinary,False,,Entirely fictional test record
BEN-001666,PERSON-1665,ordinary,False,,Entirely fictional test record
BEN-001667,PERSON-1666,ordinary,False,,Entirely fictional test record
BEN-001668,PERSON-1667,ordinary,False,,Entirely fictional test record
BEN-001669,PERSON-1668,ordinary,False,,Entirely fictional test record
BEN-001670,PERSON-1669,ordinary,False,,Entirely fictional test record
BEN-001671,PERSON-1670,ordinary,False,,Entirely fictional test record
BEN-001672,PERSON-1671,ordinary,False,,Entirely fictional test record
BEN-001673,PERSON-1672,ordinary,False,,Entirely fictional test record
BEN-001674,PERSON-1673,ordinary,False,,Entirely fictional test record
BEN-001675,PERSON-1674,ordinary,False,,Entirely fictional test record
BEN-001676,PERSON-1675,ordinary,False,,Entirely fictional test record
BEN-001677,PERSON-1676,ordinary,False,,Entirely fictional test record
BEN-001678,PERSON-1677,ordinary,False,,Entirely fictional test record
BEN-001679,PERSON-1678,ordinary,False,,Entirely fictional test record
BEN-001680,PERSON-1679,ordinary,False,,Entirely fictional test record
BEN-001681,PERSON-1680,ordinary,False,,Entirely fictional test record
BEN-001682,PERSON-1681,ordinary,False,,Entirely fictional test record
BEN-001683,PERSON-1682,ordinary,False,,Entirely fictional test record
BEN-001684,PERSON-1683,ordinary,False,,Entirely fictional test record
BEN-001685,PERSON-1684,ordinary,False,,Entirely fictional test record
BEN-001686,PERSON-1685,ordinary,False,,Entirely fictional test record
BEN-001687,PERSON-1686,ordinary,False,,Entirely fictional test record
BEN-001688,PERSON-1687,ordinary,False,,Entirely fictional test record
BEN-001689,PERSON-1688,ordinary,False,,Entirely fictional test record
BEN-001690,PERSON-1689,ordinary,False,,Entirely fictional test record
BEN-001691,PERSON-1690,ordinary,False,,Entirely fictional test record
BEN-001692,PERSON-1691,ordinary,False,,Entirely fictional test record
BEN-001693,PERSON-1692,ordinary,False,,Entirely fictional test record
BEN-001694,PERSON-1693,ordinary,False,,Entirely fictional test record
BEN-001695,PERSON-1694,ordinary,False,,Entirely fictional test record
BEN-001696,PERSON-1695,ordinary,False,,Entirely fictional test record
BEN-001697,PERSON-1696,ordinary,False,,Entirely fictional test record
BEN-001698,PERSON-1697,ordinary,False,,Entirely fictional test record
BEN-001699,PERSON-1698,ordinary,False,,Entirely fictional test record
BEN-001700,PERSON-1699,ordinary,False,,Entirely fictional test record
BEN-001701,PERSON-1700,ordinary,False,,Entirely fictional test record
BEN-001702,PERSON-1701,ordinary,False,,Entirely fictional test record
BEN-001703,PERSON-1702,ordinary,False,,Entirely fictional test record
BEN-001704,PERSON-1703,ordinary,False,,Entirely fictional test record
BEN-001705,PERSON-1704,ordinary,False,,Entirely fictional test record
BEN-001706,PERSON-1705,ordinary,False,,Entirely fictional test record
BEN-001707,PERSON-1706,ordinary,False,,Entirely fictional test record
BEN-001708,PERSON-1707,ordinary,False,,Entirely fictional test record
BEN-001709,PERSON-1708,ordinary,False,,Entirely fictional test record
BEN-001710,PERSON-1709,ordinary,False,,Entirely fictional test record
BEN-001711,PERSON-1710,ordinary,False,,Entirely fictional test record
BEN-001712,PERSON-1711,ordinary,False,,Entirely fictional test record
BEN-001713,PERSON-1712,ordinary,False,,Entirely fictional test record
BEN-001714,PERSON-1713,ordinary,False,,Entirely fictional test record
BEN-001715,PERSON-1714,ordinary,False,,Entirely fictional test record
BEN-001716,PERSON-1715,ordinary,False,,Entirely fictional test record
BEN-001717,PERSON-1716,ordinary,False,,Entirely fictional test record
BEN-001718,PERSON-1717,ordinary,False,,Entirely fictional test record
BEN-001719,PERSON-1718,ordinary,False,,Entirely fictional test record
BEN-001720,PERSON-1719,ordinary,False,,Entirely fictional test record
BEN-001721,PERSON-1720,ordinary,False,,Entirely fictional test record
BEN-001722,PERSON-1721,ordinary,False,,Entirely fictional test record
BEN-001723,PERSON-1722,ordinary,False,,Entirely fictional test record
BEN-001724,PERSON-1723,ordinary,False,,Entirely fictional test record
BEN-001725,PERSON-1724,ordinary,False,,Entirely fictional test record
BEN-001726,PERSON-1725,ordinary,False,,Entirely fictional test record
BEN-001727,PERSON-1726,ordinary,False,,Entirely fictional test record
BEN-001728,PERSON-1727,ordinary,False,,Entirely fictional test record
BEN-001729,PERSON-1728,ordinary,False,,Entirely fictional test record
BEN-001730,PERSON-1729,ordinary,False,,Entirely fictional test record
BEN-001731,PERSON-1730,ordinary,False,,Entirely fictional test record
BEN-001732,PERSON-1731,ordinary,False,,Entirely fictional test record
BEN-001733,PERSON-1732,ordinary,False,,Entirely fictional test record
BEN-001734,PERSON-1733,ordinary,False,,Entirely fictional test record
BEN-001735,PERSON-1734,ordinary,False,,Entirely fictional test record
BEN-001736,PERSON-1735,ordinary,False,,Entirely fictional test record
BEN-001737,PERSON-1736,ordinary,False,,Entirely fictional test record
BEN-001738,PERSON-1737,ordinary,False,,Entirely fictional test record
BEN-001739,PERSON-1738,ordinary,False,,Entirely fictional test record
BEN-001740,PERSON-1739,ordinary,False,,Entirely fictional test record
BEN-001741,PERSON-1740,ordinary,False,,Entirely fictional test record
BEN-001742,PERSON-1741,ordinary,False,,Entirely fictional test record
BEN-001743,PERSON-1742,ordinary,False,,Entirely fictional test record
BEN-001744,PERSON-1743,ordinary,False,,Entirely fictional test record
BEN-001745,PERSON-1744,ordinary,False,,Entirely fictional test record
BEN-001746,PERSON-1745,ordinary,False,,Entirely fictional test record
BEN-001747,PERSON-1746,ordinary,False,,Entirely fictional test record
BEN-001748,PERSON-1747,ordinary,False,,Entirely fictional test record
BEN-001749,PERSON-1748,ordinary,False,,Entirely fictional test record
BEN-001750,PERSON-1749,ordinary,False,,Entirely fictional test record
BEN-001751,PERSON-1750,ordinary,False,,Entirely fictional test record
BEN-001752,PERSON-1751,ordinary,False,,Entirely fictional test record
BEN-001753,PERSON-1752,ordinary,False,,Entirely fictional test record
BEN-001754,PERSON-1753,ordinary,False,,Entirely fictional test record
BEN-001755,PERSON-1754,ordinary,False,,Entirely fictional test record
BEN-001756,PERSON-1755,ordinary,False,,Entirely fictional test record
BEN-001757,PERSON-1756,ordinary,False,,Entirely fictional test record
BEN-001758,PERSON-1757,ordinary,False,,Entirely fictional test record
BEN-001759,PERSON-1758,ordinary,False,,Entirely fictional test record
BEN-001760,PERSON-1759,ordinary,False,,Entirely fictional test record
BEN-001761,PERSON-1760,ordinary,False,,Entirely fictional test record
BEN-001762,PERSON-1761,ordinary,False,,Entirely fictional test record
BEN-001763,PERSON-1762,ordinary,False,,Entirely fictional test record
BEN-001764,PERSON-1763,ordinary,False,,Entirely fictional test record
BEN-001765,PERSON-1764,ordinary,False,,Entirely fictional test record
BEN-001766,PERSON-1765,ordinary,False,,Entirely fictional test record
BEN-001767,PERSON-1766,ordinary,False,,Entirely fictional test record
BEN-001768,PERSON-1767,ordinary,False,,Entirely fictional test record
BEN-001769,PERSON-1768,ordinary,False,,Entirely fictional test record
BEN-001770,PERSON-1769,ordinary,False,,Entirely fictional test record
BEN-001771,PERSON-1770,ordinary,False,,Entirely fictional test record
BEN-001772,PERSON-1771,ordinary,False,,Entirely fictional test record
BEN-001773,PERSON-1772,ordinary,False,,Entirely fictional test record
BEN-001774,PERSON-1773,ordinary,False,,Entirely fictional test record
BEN-001775,PERSON-1774,ordinary,False,,Entirely fictional test record
BEN-001776,PERSON-1775,ordinary,False,,Entirely fictional test record
BEN-001777,PERSON-1776,ordinary,False,,Entirely fictional test record
BEN-001778,PERSON-1777,ordinary,False,,Entirely fictional test record
BEN-001779,PERSON-1778,ordinary,False,,Entirely fictional test record
BEN-001780,PERSON-1779,ordinary,False,,Entirely fictional test record
BEN-001781,PERSON-1780,ordinary,False,,Entirely fictional test record
BEN-001782,PERSON-1781,ordinary,False,,Entirely fictional test record
BEN-001783,PERSON-1782,ordinary,False,,Entirely fictional test record
BEN-001784,PERSON-1783,ordinary,False,,Entirely fictional test record
BEN-001785,PERSON-1784,ordinary,False,,Entirely fictional test record
BEN-001786,PERSON-1785,ordinary,False,,Entirely fictional test record
BEN-001787,PERSON-1786,ordinary,False,,Entirely fictional test record
BEN-001788,PERSON-1787,ordinary,False,,Entirely fictional test record
BEN-001789,PERSON-1788,ordinary,False,,Entirely fictional test record
BEN-001790,PERSON-1789,ordinary,False,,Entirely fictional test record
BEN-001791,PERSON-1790,ordinary,False,,Entirely fictional test record
BEN-001792,PERSON-1791,ordinary,False,,Entirely fictional test record
BEN-001793,PERSON-1792,ordinary,False,,Entirely fictional test record
BEN-001794,PERSON-1793,ordinary,False,,Entirely fictional test record
BEN-001795,PERSON-1794,ordinary,False,,Entirely fictional test record
BEN-001796,PERSON-1795,ordinary,False,,Entirely fictional test record
BEN-001797,PERSON-1796,ordinary,False,,Entirely fictional test record
BEN-001798,PERSON-1797,ordinary,False,,Entirely fictional test record
BEN-001799,PERSON-1798,ordinary,False,,Entirely fictional test record
BEN-001800,PERSON-1799,ordinary,False,,Entirely fictional test record
BEN-001801,PERSON-1800,ordinary,False,,Entirely fictional test record
BEN-001802,PERSON-1801,ordinary,False,,Entirely fictional test record
BEN-001803,PERSON-1802,ordinary,False,,Entirely fictional test record
BEN-001804,PERSON-1803,ordinary,False,,Entirely fictional test record
BEN-001805,PERSON-1804,ordinary,False,,Entirely fictional test record
BEN-001806,PERSON-1805,ordinary,False,,Entirely fictional test record
BEN-001807,PERSON-1806,ordinary,False,,Entirely fictional test record
BEN-001808,PERSON-1807,ordinary,False,,Entirely fictional test record
BEN-001809,PERSON-1808,ordinary,False,,Entirely fictional test record
BEN-001810,PERSON-1809,ordinary,False,,Entirely fictional test record
BEN-001811,PERSON-1810,ordinary,False,,Entirely fictional test record
BEN-001812,PERSON-1811,ordinary,False,,Entirely fictional test record
BEN-001813,PERSON-1812,ordinary,False,,Entirely fictional test record
BEN-001814,PERSON-1813,ordinary,False,,Entirely fictional test record
BEN-001815,PERSON-1814,ordinary,False,,Entirely fictional test record
BEN-001816,PERSON-1815,ordinary,False,,Entirely fictional test record
BEN-001817,PERSON-1816,ordinary,False,,Entirely fictional test record
BEN-001818,PERSON-1817,ordinary,False,,Entirely fictional test record
BEN-001819,PERSON-1818,ordinary,False,,Entirely fictional test record
BEN-001820,PERSON-1819,ordinary,False,,Entirely fictional test record
BEN-001821,PERSON-1820,ordinary,False,,Entirely fictional test record
BEN-001822,PERSON-1821,ordinary,False,,Entirely fictional test record
BEN-001823,PERSON-1822,ordinary,False,,Entirely fictional test record
BEN-001824,PERSON-1823,ordinary,False,,Entirely fictional test record
BEN-001825,PERSON-1824,ordinary,False,,Entirely fictional test record
BEN-001826,PERSON-1825,ordinary,False,,Entirely fictional test record
BEN-001827,PERSON-1826,ordinary,False,,Entirely fictional test record
BEN-001828,PERSON-1827,ordinary,False,,Entirely fictional test record
BEN-001829,PERSON-1828,ordinary,False,,Entirely fictional test record
BEN-001830,PERSON-1829,ordinary,False,,Entirely fictional test record
BEN-001831,PERSON-1830,ordinary,False,,Entirely fictional test record
BEN-001832,PERSON-1831,ordinary,False,,Entirely fictional test record
BEN-001833,PERSON-1832,ordinary,False,,Entirely fictional test record
BEN-001834,PERSON-1833,ordinary,False,,Entirely fictional test record
BEN-001835,PERSON-1834,ordinary,False,,Entirely fictional test record
BEN-001836,PERSON-1835,ordinary,False,,Entirely fictional test record
BEN-001837,PERSON-1836,ordinary,False,,Entirely fictional test record
BEN-001838,PERSON-1837,ordinary,False,,Entirely fictional test record
BEN-001839,PERSON-1838,ordinary,False,,Entirely fictional test record
BEN-001840,PERSON-1839,ordinary,False,,Entirely fictional test record
BEN-001841,PERSON-1840,ordinary,False,,Entirely fictional test record
BEN-001842,PERSON-1841,ordinary,False,,Entirely fictional test record
BEN-001843,PERSON-1842,ordinary,False,,Entirely fictional test record
BEN-001844,PERSON-1843,ordinary,False,,Entirely fictional test record
BEN-001845,PERSON-1844,ordinary,False,,Entirely fictional test record
BEN-001846,PERSON-1845,ordinary,False,,Entirely fictional test record
BEN-001847,PERSON-1846,ordinary,False,,Entirely fictional test record
BEN-001848,PERSON-1847,ordinary,False,,Entirely fictional test record
BEN-001849,PERSON-1848,ordinary,False,,Entirely fictional test record
BEN-001850,PERSON-1849,ordinary,False,,Entirely fictional test record
BEN-001851,PERSON-1850,ordinary,False,,Entirely fictional test record
BEN-001852,PERSON-1851,ordinary,False,,Entirely fictional test record
BEN-001853,PERSON-1852,ordinary,False,,Entirely fictional test record
BEN-001854,PERSON-1853,ordinary,False,,Entirely fictional test record
BEN-001855,PERSON-1854,ordinary,False,,Entirely fictional test record
BEN-001856,PERSON-1855,ordinary,False,,Entirely fictional test record
BEN-001857,PERSON-1856,ordinary,False,,Entirely fictional test record
BEN-001858,PERSON-1857,ordinary,False,,Entirely fictional test record
BEN-001859,PERSON-1858,ordinary,False,,Entirely fictional test record
BEN-001860,PERSON-1859,ordinary,False,,Entirely fictional test record
BEN-001861,PERSON-1860,ordinary,False,,Entirely fictional test record
BEN-001862,PERSON-1861,ordinary,False,,Entirely fictional test record
BEN-001863,PERSON-1862,ordinary,False,,Entirely fictional test record
BEN-001864,PERSON-1863,ordinary,False,,Entirely fictional test record
BEN-001865,PERSON-1864,ordinary,False,,Entirely fictional test record
BEN-001866,PERSON-1865,ordinary,False,,Entirely fictional test record
BEN-001867,PERSON-1866,ordinary,False,,Entirely fictional test record
BEN-001868,PERSON-1867,ordinary,False,,Entirely fictional test record
BEN-001869,PERSON-1868,ordinary,False,,Entirely fictional test record
BEN-001870,PERSON-1869,ordinary,False,,Entirely fictional test record
BEN-001871,PERSON-1870,ordinary,False,,Entirely fictional test record
BEN-001872,PERSON-1871,ordinary,False,,Entirely fictional test record
BEN-001873,PERSON-1872,ordinary,False,,Entirely fictional test record
BEN-001874,PERSON-1873,ordinary,False,,Entirely fictional test record
BEN-001875,PERSON-1874,ordinary,False,,Entirely fictional test record
BEN-001876,PERSON-1875,ordinary,False,,Entirely fictional test record
BEN-001877,PERSON-1876,ordinary,False,,Entirely fictional test record
BEN-001878,PERSON-1877,ordinary,False,,Entirely fictional test record
BEN-001879,PERSON-1878,ordinary,False,,Entirely fictional test record
BEN-001880,PERSON-1879,ordinary,False,,Entirely fictional test record
BEN-001881,PERSON-1880,ordinary,False,,Entirely fictional test record
BEN-001882,PERSON-1881,ordinary,False,,Entirely fictional test record
BEN-001883,PERSON-1882,ordinary,False,,Entirely fictional test record
BEN-001884,PERSON-1883,ordinary,False,,Entirely fictional test record
BEN-001885,PERSON-1884,ordinary,False,,Entirely fictional test record
BEN-001886,PERSON-1885,ordinary,False,,Entirely fictional test record
BEN-001887,PERSON-1886,ordinary,False,,Entirely fictional test record
BEN-001888,PERSON-1887,ordinary,False,,Entirely fictional test record
BEN-001889,PERSON-1888,ordinary,False,,Entirely fictional test record
BEN-001890,PERSON-1889,ordinary,False,,Entirely fictional test record
BEN-001891,PERSON-1890,ordinary,False,,Entirely fictional test record
BEN-001892,PERSON-1891,ordinary,False,,Entirely fictional test record
BEN-001893,PERSON-1892,ordinary,False,,Entirely fictional test record
BEN-001894,PERSON-1893,ordinary,False,,Entirely fictional test record
BEN-001895,PERSON-1894,ordinary,False,,Entirely fictional test record
BEN-001896,PERSON-1895,ordinary,False,,Entirely fictional test record
BEN-001897,PERSON-1896,ordinary,False,,Entirely fictional test record
BEN-001898,PERSON-1897,ordinary,False,,Entirely fictional test record
BEN-001899,PERSON-1898,ordinary,False,,Entirely fictional test record
BEN-001900,PERSON-1899,ordinary,False,,Entirely fictional test record
BEN-001901,PERSON-1900,ordinary,False,,Entirely fictional test record
BEN-001902,PERSON-1901,ordinary,False,,Entirely fictional test record
BEN-001903,PERSON-1902,ordinary,False,,Entirely fictional test record
BEN-001904,PERSON-1903,ordinary,False,,Entirely fictional test record
BEN-001905,PERSON-1904,ordinary,False,,Entirely fictional test record
BEN-001906,PERSON-1905,ordinary,False,,Entirely fictional test record
BEN-001907,PERSON-1906,ordinary,False,,Entirely fictional test record
BEN-001908,PERSON-1907,ordinary,False,,Entirely fictional test record
BEN-001909,PERSON-1908,ordinary,False,,Entirely fictional test record
BEN-001910,PERSON-1909,ordinary,False,,Entirely fictional test record
BEN-001911,PERSON-1910,ordinary,False,,Entirely fictional test record
BEN-001912,PERSON-1911,ordinary,False,,Entirely fictional test record
BEN-001913,PERSON-1912,ordinary,False,,Entirely fictional test record
BEN-001914,PERSON-1913,ordinary,False,,Entirely fictional test record
BEN-001915,PERSON-1914,ordinary,False,,Entirely fictional test record
BEN-001916,PERSON-1915,ordinary,False,,Entirely fictional test record
BEN-001917,PERSON-1916,ordinary,False,,Entirely fictional test record
BEN-001918,PERSON-1917,ordinary,False,,Entirely fictional test record
BEN-001919,PERSON-1918,ordinary,False,,Entirely fictional test record
BEN-001920,PERSON-1919,ordinary,False,,Entirely fictional test record
BEN-001921,PERSON-1920,ordinary,False,,Entirely fictional test record
BEN-001922,PERSON-1921,ordinary,False,,Entirely fictional test record
BEN-001923,PERSON-1922,ordinary,False,,Entirely fictional test record
BEN-001924,PERSON-1923,ordinary,False,,Entirely fictional test record
BEN-001925,PERSON-1924,ordinary,False,,Entirely fictional test record
BEN-001926,PERSON-1925,ordinary,False,,Entirely fictional test record
BEN-001927,PERSON-1926,ordinary,False,,Entirely fictional test record
BEN-001928,PERSON-1927,ordinary,False,,Entirely fictional test record
BEN-001929,PERSON-1928,ordinary,False,,Entirely fictional test record
BEN-001930,PERSON-1929,ordinary,False,,Entirely fictional test record
BEN-001931,PERSON-1930,ordinary,False,,Entirely fictional test record
BEN-001932,PERSON-1931,ordinary,False,,Entirely fictional test record
BEN-001933,PERSON-1932,ordinary,False,,Entirely fictional test record
BEN-001934,PERSON-1933,ordinary,False,,Entirely fictional test record
BEN-001935,PERSON-1934,ordinary,False,,Entirely fictional test record
BEN-001936,PERSON-1935,ordinary,False,,Entirely fictional test record
BEN-001937,PERSON-1936,ordinary,False,,Entirely fictional test record
BEN-001938,PERSON-1937,ordinary,False,,Entirely fictional test record
BEN-001939,PERSON-1938,ordinary,False,,Entirely fictional test record
BEN-001940,PERSON-1939,ordinary,False,,Entirely fictional test record
BEN-001941,PERSON-1940,ordinary,False,,Entirely fictional test record
BEN-001942,PERSON-1941,ordinary,False,,Entirely fictional test record
BEN-001943,PERSON-1942,ordinary,False,,Entirely fictional test record
BEN-001944,PERSON-1943,ordinary,False,,Entirely fictional test record
BEN-001945,PERSON-1944,ordinary,False,,Entirely fictional test record
BEN-001946,PERSON-1945,ordinary,False,,Entirely fictional test record
BEN-001947,PERSON-1946,ordinary,False,,Entirely fictional test record
BEN-001948,PERSON-1947,ordinary,False,,Entirely fictional test record
BEN-001949,PERSON-1948,ordinary,False,,Entirely fictional test record
BEN-001950,PERSON-1949,ordinary,False,,Entirely fictional test record
BEN-001951,PERSON-1950,ordinary,False,,Entirely fictional test record
BEN-001952,PERSON-1951,ordinary,False,,Entirely fictional test record
BEN-001953,PERSON-1952,ordinary,False,,Entirely fictional test record
BEN-001954,PERSON-1953,ordinary,False,,Entirely fictional test record
BEN-001955,PERSON-1954,ordinary,False,,Entirely fictional test record
BEN-001956,PERSON-1955,ordinary,False,,Entirely fictional test record
BEN-001957,PERSON-1956,ordinary,False,,Entirely fictional test record
BEN-001958,PERSON-1957,ordinary,False,,Entirely fictional test record
BEN-001959,PERSON-1958,ordinary,False,,Entirely fictional test record
BEN-001960,PERSON-1959,ordinary,False,,Entirely fictional test record
BEN-001961,PERSON-1960,ordinary,False,,Entirely fictional test record
BEN-001962,PERSON-1961,ordinary,False,,Entirely fictional test record
BEN-001963,PERSON-1962,ordinary,False,,Entirely fictional test record
BEN-001964,PERSON-1963,ordinary,False,,Entirely fictional test record
BEN-001965,PERSON-1964,ordinary,False,,Entirely fictional test record
BEN-001966,PERSON-1965,ordinary,False,,Entirely fictional test record
BEN-001967,PERSON-1966,ordinary,False,,Entirely fictional test record
BEN-001968,PERSON-1967,ordinary,False,,Entirely fictional test record
BEN-001969,PERSON-1968,ordinary,False,,Entirely fictional test record
BEN-001970,PERSON-1969,ordinary,False,,Entirely fictional test record
BEN-001971,PERSON-1970,ordinary,False,,Entirely fictional test record
BEN-001972,PERSON-1971,ordinary,False,,Entirely fictional test record
BEN-001973,PERSON-1972,ordinary,False,,Entirely fictional test record
BEN-001974,PERSON-1973,ordinary,False,,Entirely fictional test record
BEN-001975,PERSON-1974,ordinary,False,,Entirely fictional test record
BEN-001976,PERSON-1975,ordinary,False,,Entirely fictional test record
BEN-001977,PERSON-1976,ordinary,False,,Entirely fictional test record
BEN-001978,PERSON-1977,ordinary,False,,Entirely fictional test record
BEN-001979,PERSON-1978,ordinary,False,,Entirely fictional test record
BEN-001980,PERSON-1979,ordinary,False,,Entirely fictional test record
BEN-001981,PERSON-1980,ordinary,False,,Entirely fictional test record
BEN-001982,PERSON-1981,ordinary,False,,Entirely fictional test record
BEN-001983,PERSON-1982,ordinary,False,,Entirely fictional test record
BEN-001984,PERSON-1983,ordinary,False,,Entirely fictional test record
BEN-001985,PERSON-1984,ordinary,False,,Entirely fictional test record
BEN-001986,PERSON-1985,ordinary,False,,Entirely fictional test record
BEN-001987,PERSON-1986,ordinary,False,,Entirely fictional test record
BEN-001988,PERSON-1987,ordinary,False,,Entirely fictional test record
BEN-001989,PERSON-1988,ordinary,False,,Entirely fictional test record
BEN-001990,PERSON-1989,ordinary,False,,Entirely fictional test record
BEN-001991,PERSON-1990,ordinary,False,,Entirely fictional test record
BEN-001992,PERSON-1991,ordinary,False,,Entirely fictional test record
BEN-001993,PERSON-1992,ordinary,False,,Entirely fictional test record
BEN-001994,PERSON-1993,ordinary,False,,Entirely fictional test record
BEN-001995,PERSON-1994,ordinary,False,,Entirely fictional test record
BEN-001996,PERSON-1995,ordinary,False,,Entirely fictional test record
BEN-001997,PERSON-1996,ordinary,False,,Entirely fictional test record
BEN-001998,PERSON-1997,ordinary,False,,Entirely fictional test record
BEN-001999,PERSON-1998,ordinary,False,,Entirely fictional test record
BEN-002000,PERSON-1999,ordinary,False,,Entirely fictional test record
BEN-002001,PERSON-2000,ordinary,False,,Entirely fictional test record
BEN-002002,PERSON-2001,ordinary,False,,Entirely fictional test record
BEN-002003,PERSON-2002,ordinary,False,,Entirely fictional test record
BEN-002004,PERSON-2003,ordinary,False,,Entirely fictional test record
BEN-002005,PERSON-2004,ordinary,False,,Entirely fictional test record
BEN-002006,PERSON-2005,ordinary,False,,Entirely fictional test record
BEN-002007,PERSON-2006,ordinary,False,,Entirely fictional test record
BEN-002008,PERSON-2007,ordinary,False,,Entirely fictional test record
BEN-002009,PERSON-2008,ordinary,False,,Entirely fictional test record
BEN-002010,PERSON-2009,ordinary,False,,Entirely fictional test record
BEN-002011,PERSON-2010,ordinary,False,,Entirely fictional test record
BEN-002012,PERSON-2011,ordinary,False,,Entirely fictional test record
BEN-002013,PERSON-2012,ordinary,False,,Entirely fictional test record
BEN-002014,PERSON-2013,ordinary,False,,Entirely fictional test record
BEN-002015,PERSON-2014,ordinary,False,,Entirely fictional test record
BEN-002016,PERSON-2015,ordinary,False,,Entirely fictional test record
BEN-002017,PERSON-2016,ordinary,False,,Entirely fictional test record
BEN-002018,PERSON-2017,ordinary,False,,Entirely fictional test record
BEN-002019,PERSON-2018,ordinary,False,,Entirely fictional test record
BEN-002020,PERSON-2019,ordinary,False,,Entirely fictional test record
BEN-002021,PERSON-2020,ordinary,False,,Entirely fictional test record
BEN-002022,PERSON-2021,ordinary,False,,Entirely fictional test record
BEN-002023,PERSON-2022,ordinary,False,,Entirely fictional test record
BEN-002024,PERSON-2023,ordinary,False,,Entirely fictional test record
BEN-002025,PERSON-2024,ordinary,False,,Entirely fictional test record
BEN-002026,PERSON-2025,ordinary,False,,Entirely fictional test record
BEN-002027,PERSON-2026,ordinary,False,,Entirely fictional test record
BEN-002028,PERSON-2027,ordinary,False,,Entirely fictional test record
BEN-002029,PERSON-2028,ordinary,False,,Entirely fictional test record
BEN-002030,PERSON-2029,ordinary,False,,Entirely fictional test record
BEN-002031,PERSON-2030,ordinary,False,,Entirely fictional test record
BEN-002032,PERSON-2031,ordinary,False,,Entirely fictional test record
BEN-002033,PERSON-2032,ordinary,False,,Entirely fictional test record
BEN-002034,PERSON-2033,ordinary,False,,Entirely fictional test record
BEN-002035,PERSON-2034,ordinary,False,,Entirely fictional test record
BEN-002036,PERSON-2035,ordinary,False,,Entirely fictional test record
BEN-002037,PERSON-2036,ordinary,False,,Entirely fictional test record
BEN-002038,PERSON-2037,ordinary,False,,Entirely fictional test record
BEN-002039,PERSON-2038,ordinary,False,,Entirely fictional test record
BEN-002040,PERSON-2039,ordinary,False,,Entirely fictional test record
BEN-002041,PERSON-2040,ordinary,False,,Entirely fictional test record
BEN-002042,PERSON-2041,ordinary,False,,Entirely fictional test record
BEN-002043,PERSON-2042,ordinary,False,,Entirely fictional test record
BEN-002044,PERSON-2043,ordinary,False,,Entirely fictional test record
BEN-002045,PERSON-2044,ordinary,False,,Entirely fictional test record
BEN-002046,PERSON-2045,ordinary,False,,Entirely fictional test record
BEN-002047,PERSON-2046,ordinary,False,,Entirely fictional test record
BEN-002048,PERSON-2047,ordinary,False,,Entirely fictional test record
BEN-002049,PERSON-2048,ordinary,False,,Entirely fictional test record
BEN-002050,PERSON-2049,ordinary,False,,Entirely fictional test record
BEN-002051,PERSON-2050,ordinary,False,,Entirely fictional test record
BEN-002052,PERSON-2051,ordinary,False,,Entirely fictional test record
BEN-002053,PERSON-2052,ordinary,False,,Entirely fictional test record
BEN-002054,PERSON-2053,ordinary,False,,Entirely fictional test record
BEN-002055,PERSON-2054,ordinary,False,,Entirely fictional test record
BEN-002056,PERSON-2055,ordinary,False,,Entirely fictional test record
BEN-002057,PERSON-2056,ordinary,False,,Entirely fictional test record
BEN-002058,PERSON-2057,ordinary,False,,Entirely fictional test record
BEN-002059,PERSON-2058,ordinary,False,,Entirely fictional test record
BEN-002060,PERSON-2059,ordinary,False,,Entirely fictional test record
BEN-002061,PERSON-2060,ordinary,False,,Entirely fictional test record
BEN-002062,PERSON-2061,ordinary,False,,Entirely fictional test record
BEN-002063,PERSON-2062,ordinary,False,,Entirely fictional test record
BEN-002064,PERSON-2063,ordinary,False,,Entirely fictional test record
BEN-002065,PERSON-2064,ordinary,False,,Entirely fictional test record
BEN-002066,PERSON-2065,ordinary,False,,Entirely fictional test record
BEN-002067,PERSON-2066,ordinary,False,,Entirely fictional test record
BEN-002068,PERSON-2067,ordinary,False,,Entirely fictional test record
BEN-002069,PERSON-2068,ordinary,False,,Entirely fictional test record
BEN-002070,PERSON-2069,ordinary,False,,Entirely fictional test record
BEN-002071,PERSON-2070,ordinary,False,,Entirely fictional test record
BEN-002072,PERSON-2071,ordinary,False,,Entirely fictional test record
BEN-002073,PERSON-2072,ordinary,False,,Entirely fictional test record
BEN-002074,PERSON-2073,ordinary,False,,Entirely fictional test record
BEN-002075,PERSON-2074,ordinary,False,,Entirely fictional test record
BEN-002076,PERSON-2075,ordinary,False,,Entirely fictional test record
BEN-002077,PERSON-2076,ordinary,False,,Entirely fictional test record
BEN-002078,PERSON-2077,ordinary,False,,Entirely fictional test record
BEN-002079,PERSON-2078,ordinary,False,,Entirely fictional test record
BEN-002080,PERSON-2079,ordinary,False,,Entirely fictional test record
BEN-002081,PERSON-2080,ordinary,False,,Entirely fictional test record
BEN-002082,PERSON-2081,ordinary,False,,Entirely fictional test record
BEN-002083,PERSON-2082,ordinary,False,,Entirely fictional test record
BEN-002084,PERSON-2083,ordinary,False,,Entirely fictional test record
BEN-002085,PERSON-2084,ordinary,False,,Entirely fictional test record
BEN-002086,PERSON-2085,ordinary,False,,Entirely fictional test record
BEN-002087,PERSON-2086,ordinary,False,,Entirely fictional test record
BEN-002088,PERSON-2087,ordinary,False,,Entirely fictional test record
BEN-002089,PERSON-2088,ordinary,False,,Entirely fictional test record
BEN-002090,PERSON-2089,ordinary,False,,Entirely fictional test record
BEN-002091,PERSON-2090,ordinary,False,,Entirely fictional test record
BEN-002092,PERSON-2091,ordinary,False,,Entirely fictional test record
BEN-002093,PERSON-2092,ordinary,False,,Entirely fictional test record
BEN-002094,PERSON-2093,ordinary,False,,Entirely fictional test record
BEN-002095,PERSON-2094,ordinary,False,,Entirely fictional test record
BEN-002096,PERSON-2095,ordinary,False,,Entirely fictional test record
BEN-002097,PERSON-2096,ordinary,False,,Entirely fictional test record
BEN-002098,PERSON-2097,ordinary,False,,Entirely fictional test record
BEN-002099,PERSON-2098,ordinary,False,,Entirely fictional test record
BEN-002100,PERSON-2099,ordinary,False,,Entirely fictional test record
BEN-002101,PERSON-2100,ordinary,False,,Entirely fictional test record
BEN-002102,PERSON-2101,ordinary,False,,Entirely fictional test record
BEN-002103,PERSON-2102,ordinary,False,,Entirely fictional test record
BEN-002104,PERSON-2103,ordinary,False,,Entirely fictional test record
BEN-002105,PERSON-2104,ordinary,False,,Entirely fictional test record
BEN-002106,PERSON-2105,ordinary,False,,Entirely fictional test record
BEN-002107,PERSON-2106,ordinary,False,,Entirely fictional test record
BEN-002108,PERSON-2107,ordinary,False,,Entirely fictional test record
BEN-002109,PERSON-2108,ordinary,False,,Entirely fictional test record
BEN-002110,PERSON-2109,ordinary,False,,Entirely fictional test record
BEN-002111,PERSON-2110,ordinary,False,,Entirely fictional test record
BEN-002112,PERSON-2111,ordinary,False,,Entirely fictional test record
BEN-002113,PERSON-2112,ordinary,False,,Entirely fictional test record
BEN-002114,PERSON-2113,ordinary,False,,Entirely fictional test record
BEN-002115,PERSON-2114,ordinary,False,,Entirely fictional test record
BEN-002116,PERSON-2115,ordinary,False,,Entirely fictional test record
BEN-002117,PERSON-2116,ordinary,False,,Entirely fictional test record
BEN-002118,PERSON-2117,ordinary,False,,Entirely fictional test record
BEN-002119,PERSON-2118,ordinary,False,,Entirely fictional test record
BEN-002120,PERSON-2119,ordinary,False,,Entirely fictional test record
BEN-002121,PERSON-2120,ordinary,False,,Entirely fictional test record
BEN-002122,PERSON-2121,ordinary,False,,Entirely fictional test record
BEN-002123,PERSON-2122,ordinary,False,,Entirely fictional test record
BEN-002124,PERSON-2123,ordinary,False,,Entirely fictional test record
BEN-002125,PERSON-2124,ordinary,False,,Entirely fictional test record
BEN-002126,PERSON-2125,ordinary,False,,Entirely fictional test record
BEN-002127,PERSON-2126,ordinary,False,,Entirely fictional test record
BEN-002128,PERSON-2127,ordinary,False,,Entirely fictional test record
BEN-002129,PERSON-2128,ordinary,False,,Entirely fictional test record
BEN-002130,PERSON-2129,ordinary,False,,Entirely fictional test record
BEN-002131,PERSON-2130,ordinary,False,,Entirely fictional test record
BEN-002132,PERSON-2131,ordinary,False,,Entirely fictional test record
BEN-002133,PERSON-2132,ordinary,False,,Entirely fictional test record
BEN-002134,PERSON-2133,ordinary,False,,Entirely fictional test record
BEN-002135,PERSON-2134,ordinary,False,,Entirely fictional test record
BEN-002136,PERSON-2135,ordinary,False,,Entirely fictional test record
BEN-002137,PERSON-2136,ordinary,False,,Entirely fictional test record
BEN-002138,PERSON-2137,ordinary,False,,Entirely fictional test record
BEN-002139,PERSON-2138,ordinary,False,,Entirely fictional test record
BEN-002140,PERSON-2139,ordinary,False,,Entirely fictional test record
BEN-002141,PERSON-2140,ordinary,False,,Entirely fictional test record
BEN-002142,PERSON-2141,ordinary,False,,Entirely fictional test record
BEN-002143,PERSON-2142,ordinary,False,,Entirely fictional test record
BEN-002144,PERSON-2143,ordinary,False,,Entirely fictional test record
BEN-002145,PERSON-2144,ordinary,False,,Entirely fictional test record
BEN-002146,PERSON-2145,ordinary,False,,Entirely fictional test record
BEN-002147,PERSON-2146,ordinary,False,,Entirely fictional test record
BEN-002148,PERSON-2147,ordinary,False,,Entirely fictional test record
BEN-002149,PERSON-2148,ordinary,False,,Entirely fictional test record
BEN-002150,PERSON-2149,ordinary,False,,Entirely fictional test record
BEN-002151,PERSON-2150,ordinary,False,,Entirely fictional test record
BEN-002152,PERSON-2151,ordinary,False,,Entirely fictional test record
BEN-002153,PERSON-2152,ordinary,False,,Entirely fictional test record
BEN-002154,PERSON-2153,ordinary,False,,Entirely fictional test record
BEN-002155,PERSON-2154,ordinary,False,,Entirely fictional test record
BEN-002156,PERSON-2155,ordinary,False,,Entirely fictional test record
BEN-002157,PERSON-2156,ordinary,False,,Entirely fictional test record
BEN-002158,PERSON-2157,ordinary,False,,Entirely fictional test record
BEN-002159,PERSON-2158,ordinary,False,,Entirely fictional test record
BEN-002160,PERSON-2159,ordinary,False,,Entirely fictional test record
BEN-002161,PERSON-2160,ordinary,False,,Entirely fictional test record
BEN-002162,PERSON-2161,ordinary,False,,Entirely fictional test record
BEN-002163,PERSON-2162,ordinary,False,,Entirely fictional test record
BEN-002164,PERSON-2163,ordinary,False,,Entirely fictional test record
BEN-002165,PERSON-2164,ordinary,False,,Entirely fictional test record
BEN-002166,PERSON-2165,ordinary,False,,Entirely fictional test record
BEN-002167,PERSON-2166,ordinary,False,,Entirely fictional test record
BEN-002168,PERSON-2167,ordinary,False,,Entirely fictional test record
BEN-002169,PERSON-2168,ordinary,False,,Entirely fictional test record
BEN-002170,PERSON-2169,ordinary,False,,Entirely fictional test record
BEN-002171,PERSON-2170,ordinary,False,,Entirely fictional test record
BEN-002172,PERSON-2171,ordinary,False,,Entirely fictional test record
BEN-002173,PERSON-2172,ordinary,False,,Entirely fictional test record
BEN-002174,PERSON-2173,ordinary,False,,Entirely fictional test record
BEN-002175,PERSON-2174,ordinary,False,,Entirely fictional test record
BEN-002176,PERSON-2175,ordinary,False,,Entirely fictional test record
BEN-002177,PERSON-2176,ordinary,False,,Entirely fictional test record
BEN-002178,PERSON-2177,ordinary,False,,Entirely fictional test record
BEN-002179,PERSON-2178,ordinary,False,,Entirely fictional test record
BEN-002180,PERSON-2179,ordinary,False,,Entirely fictional test record
BEN-002181,PERSON-2180,ordinary,False,,Entirely fictional test record
BEN-002182,PERSON-2181,ordinary,False,,Entirely fictional test record
BEN-002183,PERSON-2182,ordinary,False,,Entirely fictional test record
BEN-002184,PERSON-2183,ordinary,False,,Entirely fictional test record
BEN-002185,PERSON-2184,ordinary,False,,Entirely fictional test record
BEN-002186,PERSON-2185,ordinary,False,,Entirely fictional test record
BEN-002187,PERSON-2186,ordinary,False,,Entirely fictional test record
BEN-002188,PERSON-2187,ordinary,False,,Entirely fictional test record
BEN-002189,PERSON-2188,ordinary,False,,Entirely fictional test record
BEN-002190,PERSON-2189,ordinary,False,,Entirely fictional test record
BEN-002191,PERSON-2190,ordinary,False,,Entirely fictional test record
BEN-002192,PERSON-2191,ordinary,False,,Entirely fictional test record
BEN-002193,PERSON-2192,ordinary,False,,Entirely fictional test record
BEN-002194,PERSON-2193,ordinary,False,,Entirely fictional test record
BEN-002195,PERSON-2194,ordinary,False,,Entirely fictional test record
BEN-002196,PERSON-2195,ordinary,False,,Entirely fictional test record
BEN-002197,PERSON-2196,ordinary,False,,Entirely fictional test record
BEN-002198,PERSON-2197,ordinary,False,,Entirely fictional test record
BEN-002199,PERSON-2198,ordinary,False,,Entirely fictional test record
BEN-002200,PERSON-2199,ordinary,False,,Entirely fictional test record
BEN-002201,PERSON-2200,ordinary,False,,Entirely fictional test record
BEN-002202,PERSON-2201,ordinary,False,,Entirely fictional test record
BEN-002203,PERSON-2202,ordinary,False,,Entirely fictional test record
BEN-002204,PERSON-2203,ordinary,False,,Entirely fictional test record
BEN-002205,PERSON-2204,ordinary,False,,Entirely fictional test record
BEN-002206,PERSON-2205,ordinary,False,,Entirely fictional test record
BEN-002207,PERSON-2206,ordinary,False,,Entirely fictional test record
BEN-002208,PERSON-2207,ordinary,False,,Entirely fictional test record
BEN-002209,PERSON-2208,ordinary,False,,Entirely fictional test record
BEN-002210,PERSON-2209,ordinary,False,,Entirely fictional test record
BEN-002211,PERSON-2210,ordinary,False,,Entirely fictional test record
BEN-002212,PERSON-2211,ordinary,False,,Entirely fictional test record
BEN-002213,PERSON-2212,ordinary,False,,Entirely fictional test record
BEN-002214,PERSON-2213,ordinary,False,,Entirely fictional test record
BEN-002215,PERSON-2214,ordinary,False,,Entirely fictional test record
BEN-002216,PERSON-2215,ordinary,False,,Entirely fictional test record
BEN-002217,PERSON-2216,ordinary,False,,Entirely fictional test record
BEN-002218,PERSON-2217,ordinary,False,,Entirely fictional test record
BEN-002219,PERSON-2218,ordinary,False,,Entirely fictional test record
BEN-002220,PERSON-2219,ordinary,False,,Entirely fictional test record
BEN-002221,PERSON-2220,ordinary,False,,Entirely fictional test record
BEN-002222,PERSON-2221,ordinary,False,,Entirely fictional test record
BEN-002223,PERSON-2222,ordinary,False,,Entirely fictional test record
BEN-002224,PERSON-2223,ordinary,False,,Entirely fictional test record
BEN-002225,PERSON-2224,ordinary,False,,Entirely fictional test record
BEN-002226,PERSON-2225,ordinary,False,,Entirely fictional test record
BEN-002227,PERSON-2226,ordinary,False,,Entirely fictional test record
BEN-002228,PERSON-2227,ordinary,False,,Entirely fictional test record
BEN-002229,PERSON-2228,ordinary,False,,Entirely fictional test record
BEN-002230,PERSON-2229,ordinary,False,,Entirely fictional test record
BEN-002231,PERSON-2230,ordinary,False,,Entirely fictional test record
BEN-002232,PERSON-2231,ordinary,False,,Entirely fictional test record
BEN-002233,PERSON-2232,ordinary,False,,Entirely fictional test record
BEN-002234,PERSON-2233,ordinary,False,,Entirely fictional test record
BEN-002235,PERSON-2234,ordinary,False,,Entirely fictional test record
BEN-002236,PERSON-2235,ordinary,False,,Entirely fictional test record
BEN-002237,PERSON-2236,ordinary,False,,Entirely fictional test record
BEN-002238,PERSON-2237,ordinary,False,,Entirely fictional test record
BEN-002239,PERSON-2238,ordinary,False,,Entirely fictional test record
BEN-002240,PERSON-2239,ordinary,False,,Entirely fictional test record
BEN-002241,PERSON-2240,ordinary,False,,Entirely fictional test record
BEN-002242,PERSON-2241,ordinary,False,,Entirely fictional test record
BEN-002243,PERSON-2242,ordinary,False,,Entirely fictional test record
BEN-002244,PERSON-2243,ordinary,False,,Entirely fictional test record
BEN-002245,PERSON-2244,ordinary,False,,Entirely fictional test record
BEN-002246,PERSON-2245,ordinary,False,,Entirely fictional test record
BEN-002247,PERSON-2246,ordinary,False,,Entirely fictional test record
BEN-002248,PERSON-2247,ordinary,False,,Entirely fictional test record
BEN-002249,PERSON-2248,ordinary,False,,Entirely fictional test record
BEN-002250,PERSON-2249,ordinary,False,,Entirely fictional test record
BEN-002251,PERSON-2250,ordinary,False,,Entirely fictional test record
BEN-002252,PERSON-2251,ordinary,False,,Entirely fictional test record
BEN-002253,PERSON-2252,ordinary,False,,Entirely fictional test record
BEN-002254,PERSON-2253,ordinary,False,,Entirely fictional test record
BEN-002255,PERSON-2254,ordinary,False,,Entirely fictional test record
BEN-002256,PERSON-2255,ordinary,False,,Entirely fictional test record
BEN-002257,PERSON-2256,ordinary,False,,Entirely fictional test record
BEN-002258,PERSON-2257,ordinary,False,,Entirely fictional test record
BEN-002259,PERSON-2258,ordinary,False,,Entirely fictional test record
BEN-002260,PERSON-2259,ordinary,False,,Entirely fictional test record
BEN-002261,PERSON-2260,ordinary,False,,Entirely fictional test record
BEN-002262,PERSON-2261,ordinary,False,,Entirely fictional test record
BEN-002263,PERSON-2262,ordinary,False,,Entirely fictional test record
BEN-002264,PERSON-2263,ordinary,False,,Entirely fictional test record
BEN-002265,PERSON-2264,ordinary,False,,Entirely fictional test record
BEN-002266,PERSON-2265,ordinary,False,,Entirely fictional test record
BEN-002267,PERSON-2266,ordinary,False,,Entirely fictional test record
BEN-002268,PERSON-2267,ordinary,False,,Entirely fictional test record
BEN-002269,PERSON-2268,ordinary,False,,Entirely fictional test record
BEN-002270,PERSON-2269,ordinary,False,,Entirely fictional test record
BEN-002271,PERSON-2270,ordinary,False,,Entirely fictional test record
BEN-002272,PERSON-2271,ordinary,False,,Entirely fictional test record
BEN-002273,PERSON-2272,ordinary,False,,Entirely fictional test record
BEN-002274,PERSON-2273,ordinary,False,,Entirely fictional test record
BEN-002275,PERSON-2274,ordinary,False,,Entirely fictional test record
BEN-002276,PERSON-2275,ordinary,False,,Entirely fictional test record
BEN-002277,PERSON-2276,ordinary,False,,Entirely fictional test record
BEN-002278,PERSON-2277,ordinary,False,,Entirely fictional test record
BEN-002279,PERSON-2278,ordinary,False,,Entirely fictional test record
BEN-002280,PERSON-2279,ordinary,False,,Entirely fictional test record
BEN-002281,PERSON-2280,ordinary,False,,Entirely fictional test record
BEN-002282,PERSON-2281,ordinary,False,,Entirely fictional test record
BEN-002283,PERSON-2282,ordinary,False,,Entirely fictional test record
BEN-002284,PERSON-2283,ordinary,False,,Entirely fictional test record
BEN-002285,PERSON-2284,ordinary,False,,Entirely fictional test record
BEN-002286,PERSON-2285,ordinary,False,,Entirely fictional test record
BEN-002287,PERSON-2286,ordinary,False,,Entirely fictional test record
BEN-002288,PERSON-2287,ordinary,False,,Entirely fictional test record
BEN-002289,PERSON-2288,ordinary,False,,Entirely fictional test record
BEN-002290,PERSON-2289,ordinary,False,,Entirely fictional test record
BEN-002291,PERSON-2290,ordinary,False,,Entirely fictional test record
BEN-002292,PERSON-2291,ordinary,False,,Entirely fictional test record
BEN-002293,PERSON-2292,ordinary,False,,Entirely fictional test record
BEN-002294,PERSON-2293,ordinary,False,,Entirely fictional test record
BEN-002295,PERSON-2294,ordinary,False,,Entirely fictional test record
BEN-002296,PERSON-2295,ordinary,False,,Entirely fictional test record
BEN-002297,PERSON-2296,ordinary,False,,Entirely fictional test record
BEN-002298,PERSON-2297,ordinary,False,,Entirely fictional test record
BEN-002299,PERSON-2298,ordinary,False,,Entirely fictional test record
BEN-002300,PERSON-2299,ordinary,False,,Entirely fictional test record
BEN-002301,PERSON-2300,ordinary,False,,Entirely fictional test record
BEN-002302,PERSON-2301,ordinary,False,,Entirely fictional test record
BEN-002303,PERSON-2302,ordinary,False,,Entirely fictional test record
BEN-002304,PERSON-2303,ordinary,False,,Entirely fictional test record
BEN-002305,PERSON-2304,ordinary,False,,Entirely fictional test record
BEN-002306,PERSON-2305,ordinary,False,,Entirely fictional test record
BEN-002307,PERSON-2306,ordinary,False,,Entirely fictional test record
BEN-002308,PERSON-2307,ordinary,False,,Entirely fictional test record
BEN-002309,PERSON-2308,ordinary,False,,Entirely fictional test record
BEN-002310,PERSON-2309,ordinary,False,,Entirely fictional test record
BEN-002311,PERSON-2310,ordinary,False,,Entirely fictional test record
BEN-002312,PERSON-2311,ordinary,False,,Entirely fictional test record
BEN-002313,PERSON-2312,ordinary,False,,Entirely fictional test record
BEN-002314,PERSON-2313,ordinary,False,,Entirely fictional test record
BEN-002315,PERSON-2314,ordinary,False,,Entirely fictional test record
BEN-002316,PERSON-2315,ordinary,False,,Entirely fictional test record
BEN-002317,PERSON-2316,ordinary,False,,Entirely fictional test record
BEN-002318,PERSON-2317,ordinary,False,,Entirely fictional test record
BEN-002319,PERSON-2318,ordinary,False,,Entirely fictional test record
BEN-002320,PERSON-2319,ordinary,False,,Entirely fictional test record
BEN-002321,PERSON-2320,ordinary,False,,Entirely fictional test record
BEN-002322,PERSON-2321,ordinary,False,,Entirely fictional test record
BEN-002323,PERSON-2322,ordinary,False,,Entirely fictional test record
BEN-002324,PERSON-2323,ordinary,False,,Entirely fictional test record
BEN-002325,PERSON-2324,ordinary,False,,Entirely fictional test record
BEN-002326,PERSON-2325,ordinary,False,,Entirely fictional test record
BEN-002327,PERSON-2326,ordinary,False,,Entirely fictional test record
BEN-002328,PERSON-2327,ordinary,False,,Entirely fictional test record
BEN-002329,PERSON-2328,ordinary,False,,Entirely fictional test record
BEN-002330,PERSON-2329,ordinary,False,,Entirely fictional test record
BEN-002331,PERSON-2330,ordinary,False,,Entirely fictional test record
BEN-002332,PERSON-2331,ordinary,False,,Entirely fictional test record
BEN-002333,PERSON-2332,ordinary,False,,Entirely fictional test record
BEN-002334,PERSON-2333,ordinary,False,,Entirely fictional test record
BEN-002335,PERSON-2334,ordinary,False,,Entirely fictional test record
BEN-002336,PERSON-2335,ordinary,False,,Entirely fictional test record
BEN-002337,PERSON-2336,ordinary,False,,Entirely fictional test record
BEN-002338,PERSON-2337,ordinary,False,,Entirely fictional test record
BEN-002339,PERSON-2338,ordinary,False,,Entirely fictional test record
BEN-002340,PERSON-2339,ordinary,False,,Entirely fictional test record
BEN-002341,PERSON-2340,ordinary,False,,Entirely fictional test record
BEN-002342,PERSON-2341,ordinary,False,,Entirely fictional test record
BEN-002343,PERSON-2342,ordinary,False,,Entirely fictional test record
BEN-002344,PERSON-2343,ordinary,False,,Entirely fictional test record
BEN-002345,PERSON-2344,ordinary,False,,Entirely fictional test record
BEN-002346,PERSON-2345,ordinary,False,,Entirely fictional test record
BEN-002347,PERSON-2346,ordinary,False,,Entirely fictional test record
BEN-002348,PERSON-2347,ordinary,False,,Entirely fictional test record
BEN-002349,PERSON-2348,ordinary,False,,Entirely fictional test record
BEN-002350,PERSON-2349,ordinary,False,,Entirely fictional test record
BEN-002351,PERSON-2350,ordinary,False,,Entirely fictional test record
BEN-002352,PERSON-2351,ordinary,False,,Entirely fictional test record
BEN-002353,PERSON-2352,ordinary,False,,Entirely fictional test record
BEN-002354,PERSON-2353,ordinary,False,,Entirely fictional test record
BEN-002355,PERSON-2354,ordinary,False,,Entirely fictional test record
BEN-002356,PERSON-2355,ordinary,False,,Entirely fictional test record
BEN-002357,PERSON-2356,ordinary,False,,Entirely fictional test record
BEN-002358,PERSON-2357,ordinary,False,,Entirely fictional test record
BEN-002359,PERSON-2358,ordinary,False,,Entirely fictional test record
BEN-002360,PERSON-2359,ordinary,False,,Entirely fictional test record
BEN-002361,PERSON-2360,ordinary,False,,Entirely fictional test record
BEN-002362,PERSON-2361,ordinary,False,,Entirely fictional test record
BEN-002363,PERSON-2362,ordinary,False,,Entirely fictional test record
BEN-002364,PERSON-2363,ordinary,False,,Entirely fictional test record
BEN-002365,PERSON-2364,ordinary,False,,Entirely fictional test record
BEN-002366,PERSON-2365,ordinary,False,,Entirely fictional test record
BEN-002367,PERSON-2366,ordinary,False,,Entirely fictional test record
BEN-002368,PERSON-2367,ordinary,False,,Entirely fictional test record
BEN-002369,PERSON-2368,ordinary,False,,Entirely fictional test record
BEN-002370,PERSON-2369,ordinary,False,,Entirely fictional test record
BEN-002371,PERSON-2370,ordinary,False,,Entirely fictional test record
BEN-002372,PERSON-2371,ordinary,False,,Entirely fictional test record
BEN-002373,PERSON-2372,ordinary,False,,Entirely fictional test record
BEN-002374,PERSON-2373,ordinary,False,,Entirely fictional test record
BEN-002375,PERSON-2374,ordinary,False,,Entirely fictional test record
BEN-002376,PERSON-2375,ordinary,False,,Entirely fictional test record
BEN-002377,PERSON-2376,ordinary,False,,Entirely fictional test record
BEN-002378,PERSON-2377,ordinary,False,,Entirely fictional test record
BEN-002379,PERSON-2378,ordinary,False,,Entirely fictional test record
BEN-002380,PERSON-2379,ordinary,False,,Entirely fictional test record
BEN-002381,PERSON-2380,ordinary,False,,Entirely fictional test record
BEN-002382,PERSON-2381,ordinary,False,,Entirely fictional test record
BEN-002383,PERSON-2382,ordinary,False,,Entirely fictional test record
BEN-002384,PERSON-2383,ordinary,False,,Entirely fictional test record
BEN-002385,PERSON-2384,ordinary,False,,Entirely fictional test record
BEN-002386,PERSON-2385,ordinary,False,,Entirely fictional test record
BEN-002387,PERSON-2386,ordinary,False,,Entirely fictional test record
BEN-002388,PERSON-2387,ordinary,False,,Entirely fictional test record
BEN-002389,PERSON-2388,ordinary,False,,Entirely fictional test record
BEN-002390,PERSON-2389,ordinary,False,,Entirely fictional test record
BEN-002391,PERSON-2390,ordinary,False,,Entirely fictional test record
BEN-002392,PERSON-2391,ordinary,False,,Entirely fictional test record
BEN-002393,PERSON-2392,ordinary,False,,Entirely fictional test record
BEN-002394,PERSON-2393,ordinary,False,,Entirely fictional test record
BEN-002395,PERSON-2394,ordinary,False,,Entirely fictional test record
BEN-002396,PERSON-2395,ordinary,False,,Entirely fictional test record
BEN-002397,PERSON-2396,ordinary,False,,Entirely fictional test record
BEN-002398,PERSON-2397,ordinary,False,,Entirely fictional test record
BEN-002399,PERSON-2398,ordinary,False,,Entirely fictional test record
BEN-002400,PERSON-2399,ordinary,False,,Entirely fictional test record
BEN-002401,PERSON-2400,ordinary,False,,Entirely fictional test record
BEN-002402,PERSON-2401,ordinary,False,,Entirely fictional test record
BEN-002403,PERSON-2402,ordinary,False,,Entirely fictional test record
BEN-002404,PERSON-2403,ordinary,False,,Entirely fictional test record
BEN-002405,PERSON-2404,ordinary,False,,Entirely fictional test record
BEN-002406,PERSON-2405,ordinary,False,,Entirely fictional test record
BEN-002407,PERSON-2406,ordinary,False,,Entirely fictional test record
BEN-002408,PERSON-2407,ordinary,False,,Entirely fictional test record
BEN-002409,PERSON-2408,ordinary,False,,Entirely fictional test record
BEN-002410,PERSON-2409,ordinary,False,,Entirely fictional test record
BEN-002411,PERSON-2410,ordinary,False,,Entirely fictional test record
BEN-002412,PERSON-2411,ordinary,False,,Entirely fictional test record
BEN-002413,PERSON-2412,ordinary,False,,Entirely fictional test record
BEN-002414,PERSON-2413,ordinary,False,,Entirely fictional test record
BEN-002415,PERSON-2414,ordinary,False,,Entirely fictional test record
BEN-002416,PERSON-2415,ordinary,False,,Entirely fictional test record
BEN-002417,PERSON-2416,ordinary,False,,Entirely fictional test record
BEN-002418,PERSON-2417,ordinary,False,,Entirely fictional test record
BEN-002419,PERSON-2418,ordinary,False,,Entirely fictional test record
BEN-002420,PERSON-2419,ordinary,False,,Entirely fictional test record
BEN-002421,PERSON-2420,ordinary,False,,Entirely fictional test record
BEN-002422,PERSON-2421,ordinary,False,,Entirely fictional test record
BEN-002423,PERSON-2422,ordinary,False,,Entirely fictional test record
BEN-002424,PERSON-2423,ordinary,False,,Entirely fictional test record
BEN-002425,PERSON-2424,ordinary,False,,Entirely fictional test record
BEN-002426,PERSON-2425,ordinary,False,,Entirely fictional test record
BEN-002427,PERSON-2426,ordinary,False,,Entirely fictional test record
BEN-002428,PERSON-2427,ordinary,False,,Entirely fictional test record
BEN-002429,PERSON-2428,ordinary,False,,Entirely fictional test record
BEN-002430,PERSON-2429,ordinary,False,,Entirely fictional test record
BEN-002431,PERSON-2430,ordinary,False,,Entirely fictional test record
BEN-002432,PERSON-2431,ordinary,False,,Entirely fictional test record
BEN-002433,PERSON-2432,ordinary,False,,Entirely fictional test record
BEN-002434,PERSON-2433,ordinary,False,,Entirely fictional test record
BEN-002435,PERSON-2434,ordinary,False,,Entirely fictional test record
BEN-002436,PERSON-2435,ordinary,False,,Entirely fictional test record
BEN-002437,PERSON-2436,ordinary,False,,Entirely fictional test record
BEN-002438,PERSON-2437,ordinary,False,,Entirely fictional test record
BEN-002439,PERSON-2438,ordinary,False,,Entirely fictional test record
BEN-002440,PERSON-2439,ordinary,False,,Entirely fictional test record
BEN-002441,PERSON-2440,ordinary,False,,Entirely fictional test record
BEN-002442,PERSON-2441,ordinary,False,,Entirely fictional test record
BEN-002443,PERSON-2442,ordinary,False,,Entirely fictional test record
BEN-002444,PERSON-2443,ordinary,False,,Entirely fictional test record
BEN-002445,PERSON-2444,ordinary,False,,Entirely fictional test record
BEN-002446,PERSON-2445,ordinary,False,,Entirely fictional test record
BEN-002447,PERSON-2446,ordinary,False,,Entirely fictional test record
BEN-002448,PERSON-2447,ordinary,False,,Entirely fictional test record
BEN-002449,PERSON-2448,ordinary,False,,Entirely fictional test record
BEN-002450,PERSON-2449,ordinary,False,,Entirely fictional test record
BEN-002451,PERSON-2450,ordinary,False,,Entirely fictional test record
BEN-002452,PERSON-2451,ordinary,False,,Entirely fictional test record
BEN-002453,PERSON-2452,ordinary,False,,Entirely fictional test record
BEN-002454,PERSON-2453,ordinary,False,,Entirely fictional test record
BEN-002455,PERSON-2454,ordinary,False,,Entirely fictional test record
BEN-002456,PERSON-2455,ordinary,False,,Entirely fictional test record
BEN-002457,PERSON-2456,ordinary,False,,Entirely fictional test record
BEN-002458,PERSON-2457,ordinary,False,,Entirely fictional test record
BEN-002459,PERSON-2458,ordinary,False,,Entirely fictional test record
BEN-002460,PERSON-2459,ordinary,False,,Entirely fictional test record
BEN-002461,PERSON-2460,ordinary,False,,Entirely fictional test record
BEN-002462,PERSON-2461,ordinary,False,,Entirely fictional test record
BEN-002463,PERSON-2462,ordinary,False,,Entirely fictional test record
BEN-002464,PERSON-2463,ordinary,False,,Entirely fictional test record
BEN-002465,PERSON-2464,ordinary,False,,Entirely fictional test record
BEN-002466,PERSON-2465,ordinary,False,,Entirely fictional test record
BEN-002467,PERSON-2466,ordinary,False,,Entirely fictional test record
BEN-002468,PERSON-2467,ordinary,False,,Entirely fictional test record
BEN-002469,PERSON-2468,ordinary,False,,Entirely fictional test record
BEN-002470,PERSON-2469,ordinary,False,,Entirely fictional test record
BEN-002471,PERSON-2470,ordinary,False,,Entirely fictional test record
BEN-002472,PERSON-2471,ordinary,False,,Entirely fictional test record
BEN-002473,PERSON-2472,ordinary,False,,Entirely fictional test record
BEN-002474,PERSON-2473,ordinary,False,,Entirely fictional test record
BEN-002475,PERSON-2474,ordinary,False,,Entirely fictional test record
BEN-002476,PERSON-2475,ordinary,False,,Entirely fictional test record
BEN-002477,PERSON-2476,ordinary,False,,Entirely fictional test record
BEN-002478,PERSON-2477,ordinary,False,,Entirely fictional test record
BEN-002479,PERSON-2478,ordinary,False,,Entirely fictional test record
BEN-002480,PERSON-2479,ordinary,False,,Entirely fictional test record
BEN-002481,PERSON-2480,ordinary,False,,Entirely fictional test record
BEN-002482,PERSON-2481,ordinary,False,,Entirely fictional test record
BEN-002483,PERSON-2482,ordinary,False,,Entirely fictional test record
BEN-002484,PERSON-2483,ordinary,False,,Entirely fictional test record
BEN-002485,PERSON-2484,ordinary,False,,Entirely fictional test record
BEN-002486,PERSON-2485,ordinary,False,,Entirely fictional test record
BEN-002487,PERSON-2486,ordinary,False,,Entirely fictional test record
BEN-002488,PERSON-2487,ordinary,False,,Entirely fictional test record
BEN-002489,PERSON-2488,ordinary,False,,Entirely fictional test record
BEN-002490,PERSON-2489,ordinary,False,,Entirely fictional test record
BEN-002491,PERSON-2490,ordinary,False,,Entirely fictional test record
BEN-002492,PERSON-2491,ordinary,False,,Entirely fictional test record
BEN-002493,PERSON-2492,ordinary,False,,Entirely fictional test record
BEN-002494,PERSON-2493,ordinary,False,,Entirely fictional test record
BEN-002495,PERSON-2494,ordinary,False,,Entirely fictional test record
BEN-002496,PERSON-2495,ordinary,False,,Entirely fictional test record
BEN-002497,PERSON-2496,ordinary,False,,Entirely fictional test record
BEN-002498,PERSON-2497,ordinary,False,,Entirely fictional test record
BEN-002499,PERSON-2498,ordinary,False,,Entirely fictional test record
BEN-002500,PERSON-2499,ordinary,False,,Entirely fictional test record
BEN-002501,PERSON-2500,ordinary,False,,Entirely fictional test record
BEN-002502,PERSON-2501,ordinary,False,,Entirely fictional test record
BEN-002503,PERSON-2502,ordinary,False,,Entirely fictional test record
BEN-002504,PERSON-2503,ordinary,False,,Entirely fictional test record
BEN-002505,PERSON-2504,ordinary,False,,Entirely fictional test record
BEN-002506,PERSON-2505,ordinary,False,,Entirely fictional test record
BEN-002507,PERSON-2506,ordinary,False,,Entirely fictional test record
BEN-002508,PERSON-2507,ordinary,False,,Entirely fictional test record
BEN-002509,PERSON-2508,ordinary,False,,Entirely fictional test record
BEN-002510,PERSON-2509,ordinary,False,,Entirely fictional test record
BEN-002511,PERSON-2510,ordinary,False,,Entirely fictional test record
BEN-002512,PERSON-2511,ordinary,False,,Entirely fictional test record
BEN-002513,PERSON-2512,ordinary,False,,Entirely fictional test record
BEN-002514,PERSON-2513,ordinary,False,,Entirely fictional test record
BEN-002515,PERSON-2514,ordinary,False,,Entirely fictional test record
BEN-002516,PERSON-2515,ordinary,False,,Entirely fictional test record
BEN-002517,PERSON-2516,ordinary,False,,Entirely fictional test record
BEN-002518,PERSON-2517,ordinary,False,,Entirely fictional test record
BEN-002519,PERSON-2518,ordinary,False,,Entirely fictional test record
BEN-002520,PERSON-2519,ordinary,False,,Entirely fictional test record
BEN-002521,PERSON-2520,ordinary,False,,Entirely fictional test record
BEN-002522,PERSON-2521,ordinary,False,,Entirely fictional test record
BEN-002523,PERSON-2522,ordinary,False,,Entirely fictional test record
BEN-002524,PERSON-2523,ordinary,False,,Entirely fictional test record
BEN-002525,PERSON-2524,ordinary,False,,Entirely fictional test record
BEN-002526,PERSON-2525,ordinary,False,,Entirely fictional test record
BEN-002527,PERSON-2526,ordinary,False,,Entirely fictional test record
BEN-002528,PERSON-2527,ordinary,False,,Entirely fictional test record
BEN-002529,PERSON-2528,ordinary,False,,Entirely fictional test record
BEN-002530,PERSON-2529,ordinary,False,,Entirely fictional test record
BEN-002531,PERSON-2530,ordinary,False,,Entirely fictional test record
BEN-002532,PERSON-2531,ordinary,False,,Entirely fictional test record
BEN-002533,PERSON-2532,ordinary,False,,Entirely fictional test record
BEN-002534,PERSON-2533,ordinary,False,,Entirely fictional test record
BEN-002535,PERSON-2534,ordinary,False,,Entirely fictional test record
BEN-002536,PERSON-2535,ordinary,False,,Entirely fictional test record
BEN-002537,PERSON-2536,ordinary,False,,Entirely fictional test record
BEN-002538,PERSON-2537,ordinary,False,,Entirely fictional test record
BEN-002539,PERSON-2538,ordinary,False,,Entirely fictional test record
BEN-002540,PERSON-2539,ordinary,False,,Entirely fictional test record
BEN-002541,PERSON-2540,ordinary,False,,Entirely fictional test record
BEN-002542,PERSON-2541,ordinary,False,,Entirely fictional test record
BEN-002543,PERSON-2542,ordinary,False,,Entirely fictional test record
BEN-002544,PERSON-2543,ordinary,False,,Entirely fictional test record
BEN-002545,PERSON-2544,ordinary,False,,Entirely fictional test record
BEN-002546,PERSON-2545,ordinary,False,,Entirely fictional test record
BEN-002547,PERSON-2546,ordinary,False,,Entirely fictional test record
BEN-002548,PERSON-2547,ordinary,False,,Entirely fictional test record
BEN-002549,PERSON-2548,ordinary,False,,Entirely fictional test record
BEN-002550,PERSON-2549,ordinary,False,,Entirely fictional test record
BEN-002551,PERSON-2550,ordinary,False,,Entirely fictional test record
BEN-002552,PERSON-2551,ordinary,False,,Entirely fictional test record
BEN-002553,PERSON-2552,ordinary,False,,Entirely fictional test record
BEN-002554,PERSON-2553,ordinary,False,,Entirely fictional test record
BEN-002555,PERSON-2554,ordinary,False,,Entirely fictional test record
BEN-002556,PERSON-2555,ordinary,False,,Entirely fictional test record
BEN-002557,PERSON-2556,ordinary,False,,Entirely fictional test record
BEN-002558,PERSON-2557,ordinary,False,,Entirely fictional test record
BEN-002559,PERSON-2558,ordinary,False,,Entirely fictional test record
BEN-002560,PERSON-2559,ordinary,False,,Entirely fictional test record
BEN-002561,PERSON-2560,ordinary,False,,Entirely fictional test record
BEN-002562,PERSON-2561,ordinary,False,,Entirely fictional test record
BEN-002563,PERSON-2562,ordinary,False,,Entirely fictional test record
BEN-002564,PERSON-2563,ordinary,False,,Entirely fictional test record
BEN-002565,PERSON-2564,ordinary,False,,Entirely fictional test record
BEN-002566,PERSON-2565,ordinary,False,,Entirely fictional test record
BEN-002567,PERSON-2566,ordinary,False,,Entirely fictional test record
BEN-002568,PERSON-2567,ordinary,False,,Entirely fictional test record
BEN-002569,PERSON-2568,ordinary,False,,Entirely fictional test record
BEN-002570,PERSON-2569,ordinary,False,,Entirely fictional test record
BEN-002571,PERSON-2570,ordinary,False,,Entirely fictional test record
BEN-002572,PERSON-2571,ordinary,False,,Entirely fictional test record
BEN-002573,PERSON-2572,ordinary,False,,Entirely fictional test record
BEN-002574,PERSON-2573,ordinary,False,,Entirely fictional test record
BEN-002575,PERSON-2574,ordinary,False,,Entirely fictional test record
BEN-002576,PERSON-2575,ordinary,False,,Entirely fictional test record
BEN-002577,PERSON-2576,ordinary,False,,Entirely fictional test record
BEN-002578,PERSON-2577,ordinary,False,,Entirely fictional test record
BEN-002579,PERSON-2578,ordinary,False,,Entirely fictional test record
BEN-002580,PERSON-2579,ordinary,False,,Entirely fictional test record
BEN-002581,PERSON-2580,ordinary,False,,Entirely fictional test record
BEN-002582,PERSON-2581,ordinary,False,,Entirely fictional test record
BEN-002583,PERSON-2582,ordinary,False,,Entirely fictional test record
BEN-002584,PERSON-2583,ordinary,False,,Entirely fictional test record
BEN-002585,PERSON-2584,ordinary,False,,Entirely fictional test record
BEN-002586,PERSON-2585,ordinary,False,,Entirely fictional test record
BEN-002587,PERSON-2586,ordinary,False,,Entirely fictional test record
BEN-002588,PERSON-2587,ordinary,False,,Entirely fictional test record
BEN-002589,PERSON-2588,ordinary,False,,Entirely fictional test record
BEN-002590,PERSON-2589,ordinary,False,,Entirely fictional test record
BEN-002591,PERSON-2590,ordinary,False,,Entirely fictional test record
BEN-002592,PERSON-2591,ordinary,False,,Entirely fictional test record
BEN-002593,PERSON-2592,ordinary,False,,Entirely fictional test record
BEN-002594,PERSON-2593,ordinary,False,,Entirely fictional test record
BEN-002595,PERSON-2594,ordinary,False,,Entirely fictional test record
BEN-002596,PERSON-2595,ordinary,False,,Entirely fictional test record
BEN-002597,PERSON-2596,ordinary,False,,Entirely fictional test record
BEN-002598,PERSON-2597,ordinary,False,,Entirely fictional test record
BEN-002599,PERSON-2598,ordinary,False,,Entirely fictional test record
BEN-002600,PERSON-2599,ordinary,False,,Entirely fictional test record
BEN-002601,PERSON-2600,ordinary,False,,Entirely fictional test record
BEN-002602,PERSON-2601,ordinary,False,,Entirely fictional test record
BEN-002603,PERSON-2602,ordinary,False,,Entirely fictional test record
BEN-002604,PERSON-2603,ordinary,False,,Entirely fictional test record
BEN-002605,PERSON-2604,ordinary,False,,Entirely fictional test record
BEN-002606,PERSON-2605,ordinary,False,,Entirely fictional test record
BEN-002607,PERSON-2606,ordinary,False,,Entirely fictional test record
BEN-002608,PERSON-2607,ordinary,False,,Entirely fictional test record
BEN-002609,PERSON-2608,ordinary,False,,Entirely fictional test record
BEN-002610,PERSON-2609,ordinary,False,,Entirely fictional test record
BEN-002611,PERSON-2610,ordinary,False,,Entirely fictional test record
BEN-002612,PERSON-2611,ordinary,False,,Entirely fictional test record
BEN-002613,PERSON-2612,ordinary,False,,Entirely fictional test record
BEN-002614,PERSON-2613,ordinary,False,,Entirely fictional test record
BEN-002615,PERSON-2614,ordinary,False,,Entirely fictional test record
BEN-002616,PERSON-2615,ordinary,False,,Entirely fictional test record
BEN-002617,PERSON-2616,ordinary,False,,Entirely fictional test record
BEN-002618,PERSON-2617,ordinary,False,,Entirely fictional test record
BEN-002619,PERSON-2618,ordinary,False,,Entirely fictional test record
BEN-002620,PERSON-2619,ordinary,False,,Entirely fictional test record
BEN-002621,PERSON-2620,ordinary,False,,Entirely fictional test record
BEN-002622,PERSON-2621,ordinary,False,,Entirely fictional test record
BEN-002623,PERSON-2622,ordinary,False,,Entirely fictional test record
BEN-002624,PERSON-2623,ordinary,False,,Entirely fictional test record
BEN-002625,PERSON-2624,ordinary,False,,Entirely fictional test record
BEN-002626,PERSON-2625,ordinary,False,,Entirely fictional test record
BEN-002627,PERSON-2626,ordinary,False,,Entirely fictional test record
BEN-002628,PERSON-2627,ordinary,False,,Entirely fictional test record
BEN-002629,PERSON-2628,ordinary,False,,Entirely fictional test record
BEN-002630,PERSON-2629,ordinary,False,,Entirely fictional test record
BEN-002631,PERSON-2630,ordinary,False,,Entirely fictional test record
BEN-002632,PERSON-2631,ordinary,False,,Entirely fictional test record
BEN-002633,PERSON-2632,ordinary,False,,Entirely fictional test record
BEN-002634,PERSON-2633,ordinary,False,,Entirely fictional test record
BEN-002635,PERSON-2634,ordinary,False,,Entirely fictional test record
BEN-002636,PERSON-2635,ordinary,False,,Entirely fictional test record
BEN-002637,PERSON-2636,ordinary,False,,Entirely fictional test record
BEN-002638,PERSON-2637,ordinary,False,,Entirely fictional test record
BEN-002639,PERSON-2638,ordinary,False,,Entirely fictional test record
BEN-002640,PERSON-2639,ordinary,False,,Entirely fictional test record
BEN-002641,PERSON-2640,ordinary,False,,Entirely fictional test record
BEN-002642,PERSON-2641,ordinary,False,,Entirely fictional test record
BEN-002643,PERSON-2642,ordinary,False,,Entirely fictional test record
BEN-002644,PERSON-2643,ordinary,False,,Entirely fictional test record
BEN-002645,PERSON-2644,ordinary,False,,Entirely fictional test record
BEN-002646,PERSON-2645,ordinary,False,,Entirely fictional test record
BEN-002647,PERSON-2646,ordinary,False,,Entirely fictional test record
BEN-002648,PERSON-2647,ordinary,False,,Entirely fictional test record
BEN-002649,PERSON-2648,ordinary,False,,Entirely fictional test record
BEN-002650,PERSON-2649,ordinary,False,,Entirely fictional test record
BEN-002651,PERSON-2650,ordinary,False,,Entirely fictional test record
BEN-002652,PERSON-2651,ordinary,False,,Entirely fictional test record
BEN-002653,PERSON-2652,ordinary,False,,Entirely fictional test record
BEN-002654,PERSON-2653,ordinary,False,,Entirely fictional test record
BEN-002655,PERSON-2654,ordinary,False,,Entirely fictional test record
BEN-002656,PERSON-2655,ordinary,False,,Entirely fictional test record
BEN-002657,PERSON-2656,ordinary,False,,Entirely fictional test record
BEN-002658,PERSON-2657,ordinary,False,,Entirely fictional test record
BEN-002659,PERSON-2658,ordinary,False,,Entirely fictional test record
BEN-002660,PERSON-2659,ordinary,False,,Entirely fictional test record
BEN-002661,PERSON-2660,ordinary,False,,Entirely fictional test record
BEN-002662,PERSON-2661,ordinary,False,,Entirely fictional test record
BEN-002663,PERSON-2662,ordinary,False,,Entirely fictional test record
BEN-002664,PERSON-2663,ordinary,False,,Entirely fictional test record
BEN-002665,PERSON-2664,ordinary,False,,Entirely fictional test record
BEN-002666,PERSON-2665,ordinary,False,,Entirely fictional test record
BEN-002667,PERSON-2666,ordinary,False,,Entirely fictional test record
BEN-002668,PERSON-2667,ordinary,False,,Entirely fictional test record
BEN-002669,PERSON-2668,ordinary,False,,Entirely fictional test record
BEN-002670,PERSON-2669,ordinary,False,,Entirely fictional test record
BEN-002671,PERSON-2670,ordinary,False,,Entirely fictional test record
BEN-002672,PERSON-2671,ordinary,False,,Entirely fictional test record
BEN-002673,PERSON-2672,ordinary,False,,Entirely fictional test record
BEN-002674,PERSON-2673,ordinary,False,,Entirely fictional test record
BEN-002675,PERSON-2674,ordinary,False,,Entirely fictional test record
BEN-002676,PERSON-2675,ordinary,False,,Entirely fictional test record
BEN-002677,PERSON-2676,ordinary,False,,Entirely fictional test record
BEN-002678,PERSON-2677,ordinary,False,,Entirely fictional test record
BEN-002679,PERSON-2678,ordinary,False,,Entirely fictional test record
BEN-002680,PERSON-2679,ordinary,False,,Entirely fictional test record
BEN-002681,PERSON-2680,ordinary,False,,Entirely fictional test record
BEN-002682,PERSON-2681,ordinary,False,,Entirely fictional test record
BEN-002683,PERSON-2682,ordinary,False,,Entirely fictional test record
BEN-002684,PERSON-2683,ordinary,False,,Entirely fictional test record
BEN-002685,PERSON-2684,ordinary,False,,Entirely fictional test record
BEN-002686,PERSON-2685,ordinary,False,,Entirely fictional test record
BEN-002687,PERSON-2686,ordinary,False,,Entirely fictional test record
BEN-002688,PERSON-2687,ordinary,False,,Entirely fictional test record
BEN-002689,PERSON-2688,ordinary,False,,Entirely fictional test record
BEN-002690,PERSON-2689,ordinary,False,,Entirely fictional test record
BEN-002691,PERSON-2690,ordinary,False,,Entirely fictional test record
BEN-002692,PERSON-2691,ordinary,False,,Entirely fictional test record
BEN-002693,PERSON-2692,ordinary,False,,Entirely fictional test record
BEN-002694,PERSON-2693,ordinary,False,,Entirely fictional test record
BEN-002695,PERSON-2694,ordinary,False,,Entirely fictional test record
BEN-002696,PERSON-2695,ordinary,False,,Entirely fictional test record
BEN-002697,PERSON-2696,ordinary,False,,Entirely fictional test record
BEN-002698,PERSON-2697,ordinary,False,,Entirely fictional test record
BEN-002699,PERSON-2698,ordinary,False,,Entirely fictional test record
BEN-002700,PERSON-2699,ordinary,False,,Entirely fictional test record
BEN-002701,PERSON-2700,ordinary,False,,Entirely fictional test record
BEN-002702,PERSON-2701,ordinary,False,,Entirely fictional test record
BEN-002703,PERSON-2702,ordinary,False,,Entirely fictional test record
BEN-002704,PERSON-2703,ordinary,False,,Entirely fictional test record
BEN-002705,PERSON-2704,ordinary,False,,Entirely fictional test record
BEN-002706,PERSON-2705,ordinary,False,,Entirely fictional test record
BEN-002707,PERSON-2706,ordinary,False,,Entirely fictional test record
BEN-002708,PERSON-2707,ordinary,False,,Entirely fictional test record
BEN-002709,PERSON-2708,ordinary,False,,Entirely fictional test record
BEN-002710,PERSON-2709,ordinary,False,,Entirely fictional test record
BEN-002711,PERSON-2710,ordinary,False,,Entirely fictional test record
BEN-002712,PERSON-2711,ordinary,False,,Entirely fictional test record
BEN-002713,PERSON-2712,ordinary,False,,Entirely fictional test record
BEN-002714,PERSON-2713,ordinary,False,,Entirely fictional test record
BEN-002715,PERSON-2714,ordinary,False,,Entirely fictional test record
BEN-002716,PERSON-2715,ordinary,False,,Entirely fictional test record
BEN-002717,PERSON-2716,ordinary,False,,Entirely fictional test record
BEN-002718,PERSON-2717,ordinary,False,,Entirely fictional test record
BEN-002719,PERSON-2718,ordinary,False,,Entirely fictional test record
BEN-002720,PERSON-2719,ordinary,False,,Entirely fictional test record
BEN-002721,PERSON-2720,ordinary,False,,Entirely fictional test record
BEN-002722,PERSON-2721,ordinary,False,,Entirely fictional test record
BEN-002723,PERSON-2722,ordinary,False,,Entirely fictional test record
BEN-002724,PERSON-2723,ordinary,False,,Entirely fictional test record
BEN-002725,PERSON-2724,ordinary,False,,Entirely fictional test record
BEN-002726,PERSON-2725,ordinary,False,,Entirely fictional test record
BEN-002727,PERSON-2726,ordinary,False,,Entirely fictional test record
BEN-002728,PERSON-2727,ordinary,False,,Entirely fictional test record
BEN-002729,PERSON-2728,ordinary,False,,Entirely fictional test record
BEN-002730,PERSON-2729,ordinary,False,,Entirely fictional test record
BEN-002731,PERSON-2730,ordinary,False,,Entirely fictional test record
BEN-002732,PERSON-2731,ordinary,False,,Entirely fictional test record
BEN-002733,PERSON-2732,ordinary,False,,Entirely fictional test record
BEN-002734,PERSON-2733,ordinary,False,,Entirely fictional test record
BEN-002735,PERSON-2734,ordinary,False,,Entirely fictional test record
BEN-002736,PERSON-2735,ordinary,False,,Entirely fictional test record
BEN-002737,PERSON-2736,ordinary,False,,Entirely fictional test record
BEN-002738,PERSON-2737,ordinary,False,,Entirely fictional test record
BEN-002739,PERSON-2738,ordinary,False,,Entirely fictional test record
BEN-002740,PERSON-2739,ordinary,False,,Entirely fictional test record
BEN-002741,PERSON-2740,ordinary,False,,Entirely fictional test record
BEN-002742,PERSON-2741,ordinary,False,,Entirely fictional test record
BEN-002743,PERSON-2742,ordinary,False,,Entirely fictional test record
BEN-002744,PERSON-2743,ordinary,False,,Entirely fictional test record
BEN-002745,PERSON-2744,ordinary,False,,Entirely fictional test record
BEN-002746,PERSON-2745,ordinary,False,,Entirely fictional test record
BEN-002747,PERSON-2746,ordinary,False,,Entirely fictional test record
BEN-002748,PERSON-2747,ordinary,False,,Entirely fictional test record
BEN-002749,PERSON-2748,ordinary,False,,Entirely fictional test record
BEN-002750,PERSON-2749,ordinary,False,,Entirely fictional test record
BEN-002751,PERSON-2750,ordinary,False,,Entirely fictional test record
BEN-002752,PERSON-2751,ordinary,False,,Entirely fictional test record
BEN-002753,PERSON-2752,ordinary,False,,Entirely fictional test record
BEN-002754,PERSON-2753,ordinary,False,,Entirely fictional test record
BEN-002755,PERSON-2754,ordinary,False,,Entirely fictional test record
BEN-002756,PERSON-2755,ordinary,False,,Entirely fictional test record
BEN-002757,PERSON-2756,ordinary,False,,Entirely fictional test record
BEN-002758,PERSON-2757,ordinary,False,,Entirely fictional test record
BEN-002759,PERSON-2758,ordinary,False,,Entirely fictional test record
BEN-002760,PERSON-2759,ordinary,False,,Entirely fictional test record
BEN-002761,PERSON-2760,ordinary,False,,Entirely fictional test record
BEN-002762,PERSON-2761,ordinary,False,,Entirely fictional test record
BEN-002763,PERSON-2762,ordinary,False,,Entirely fictional test record
BEN-002764,PERSON-2763,ordinary,False,,Entirely fictional test record
BEN-002765,PERSON-2764,ordinary,False,,Entirely fictional test record
BEN-002766,PERSON-2765,ordinary,False,,Entirely fictional test record
BEN-002767,PERSON-2766,ordinary,False,,Entirely fictional test record
BEN-002768,PERSON-2767,ordinary,False,,Entirely fictional test record
BEN-002769,PERSON-2768,ordinary,False,,Entirely fictional test record
BEN-002770,PERSON-2769,ordinary,False,,Entirely fictional test record
BEN-002771,PERSON-2770,ordinary,False,,Entirely fictional test record
BEN-002772,PERSON-2771,ordinary,False,,Entirely fictional test record
BEN-002773,PERSON-2772,ordinary,False,,Entirely fictional test record
BEN-002774,PERSON-2773,ordinary,False,,Entirely fictional test record
BEN-002775,PERSON-2774,ordinary,False,,Entirely fictional test record
BEN-002776,PERSON-2775,ordinary,False,,Entirely fictional test record
BEN-002777,PERSON-2776,ordinary,False,,Entirely fictional test record
BEN-002778,PERSON-2777,ordinary,False,,Entirely fictional test record
BEN-002779,PERSON-2778,ordinary,False,,Entirely fictional test record
BEN-002780,PERSON-2779,ordinary,False,,Entirely fictional test record
BEN-002781,PERSON-2780,ordinary,False,,Entirely fictional test record
BEN-002782,PERSON-2781,ordinary,False,,Entirely fictional test record
BEN-002783,PERSON-2782,ordinary,False,,Entirely fictional test record
BEN-002784,PERSON-2783,ordinary,False,,Entirely fictional test record
BEN-002785,PERSON-2784,ordinary,False,,Entirely fictional test record
BEN-002786,PERSON-2785,ordinary,False,,Entirely fictional test record
BEN-002787,PERSON-2786,ordinary,False,,Entirely fictional test record
BEN-002788,PERSON-2787,ordinary,False,,Entirely fictional test record
BEN-002789,PERSON-2788,ordinary,False,,Entirely fictional test record
BEN-002790,PERSON-2789,ordinary,False,,Entirely fictional test record
BEN-002791,PERSON-2790,ordinary,False,,Entirely fictional test record
BEN-002792,PERSON-2791,ordinary,False,,Entirely fictional test record
BEN-002793,PERSON-2792,ordinary,False,,Entirely fictional test record
BEN-002794,PERSON-2793,ordinary,False,,Entirely fictional test record
BEN-002795,PERSON-2794,ordinary,False,,Entirely fictional test record
BEN-002796,PERSON-2795,ordinary,False,,Entirely fictional test record
BEN-002797,PERSON-2796,ordinary,False,,Entirely fictional test record
BEN-002798,PERSON-2797,ordinary,False,,Entirely fictional test record
BEN-002799,PERSON-2798,ordinary,False,,Entirely fictional test record
BEN-002800,PERSON-2799,ordinary,False,,Entirely fictional test record
BEN-002801,PERSON-2800,ordinary,False,,Entirely fictional test record
BEN-002802,PERSON-2801,ordinary,False,,Entirely fictional test record
BEN-002803,PERSON-2802,ordinary,False,,Entirely fictional test record
BEN-002804,PERSON-2803,ordinary,False,,Entirely fictional test record
BEN-002805,PERSON-2804,ordinary,False,,Entirely fictional test record
BEN-002806,PERSON-2805,ordinary,False,,Entirely fictional test record
BEN-002807,PERSON-2806,ordinary,False,,Entirely fictional test record
BEN-002808,PERSON-2807,ordinary,False,,Entirely fictional test record
BEN-002809,PERSON-2808,ordinary,False,,Entirely fictional test record
BEN-002810,PERSON-2809,ordinary,False,,Entirely fictional test record
BEN-002811,PERSON-2810,ordinary,False,,Entirely fictional test record
BEN-002812,PERSON-2811,ordinary,False,,Entirely fictional test record
BEN-002813,PERSON-2812,ordinary,False,,Entirely fictional test record
BEN-002814,PERSON-2813,ordinary,False,,Entirely fictional test record
BEN-002815,PERSON-2814,ordinary,False,,Entirely fictional test record
BEN-002816,PERSON-2815,ordinary,False,,Entirely fictional test record
BEN-002817,PERSON-2816,ordinary,False,,Entirely fictional test record
BEN-002818,PERSON-2817,ordinary,False,,Entirely fictional test record
BEN-002819,PERSON-2818,ordinary,False,,Entirely fictional test record
BEN-002820,PERSON-2819,ordinary,False,,Entirely fictional test record
BEN-002821,PERSON-2820,ordinary,False,,Entirely fictional test record
BEN-002822,PERSON-2821,ordinary,False,,Entirely fictional test record
BEN-002823,PERSON-2822,ordinary,False,,Entirely fictional test record
BEN-002824,PERSON-2823,ordinary,False,,Entirely fictional test record
BEN-002825,PERSON-2824,ordinary,False,,Entirely fictional test record
BEN-002826,PERSON-2825,ordinary,False,,Entirely fictional test record
BEN-002827,PERSON-2826,ordinary,False,,Entirely fictional test record
BEN-002828,PERSON-2827,ordinary,False,,Entirely fictional test record
BEN-002829,PERSON-2828,ordinary,False,,Entirely fictional test record
BEN-002830,PERSON-2829,ordinary,False,,Entirely fictional test record
BEN-002831,PERSON-2830,ordinary,False,,Entirely fictional test record
BEN-002832,PERSON-2831,ordinary,False,,Entirely fictional test record
BEN-002833,PERSON-2832,ordinary,False,,Entirely fictional test record
BEN-002834,PERSON-2833,ordinary,False,,Entirely fictional test record
BEN-002835,PERSON-2834,ordinary,False,,Entirely fictional test record
BEN-002836,PERSON-2835,ordinary,False,,Entirely fictional test record
BEN-002837,PERSON-2836,ordinary,False,,Entirely fictional test record
BEN-002838,PERSON-2837,ordinary,False,,Entirely fictional test record
BEN-002839,PERSON-2838,ordinary,False,,Entirely fictional test record
BEN-002840,PERSON-2839,ordinary,False,,Entirely fictional test record
BEN-002841,PERSON-2840,ordinary,False,,Entirely fictional test record
BEN-002842,PERSON-2841,ordinary,False,,Entirely fictional test record
BEN-002843,PERSON-2842,ordinary,False,,Entirely fictional test record
BEN-002844,PERSON-2843,ordinary,False,,Entirely fictional test record
BEN-002845,PERSON-2844,ordinary,False,,Entirely fictional test record
BEN-002846,PERSON-2845,ordinary,False,,Entirely fictional test record
BEN-002847,PERSON-2846,ordinary,False,,Entirely fictional test record
BEN-002848,PERSON-2847,ordinary,False,,Entirely fictional test record
BEN-002849,PERSON-2848,ordinary,False,,Entirely fictional test record
BEN-002850,PERSON-2849,ordinary,False,,Entirely fictional test record
BEN-002851,PERSON-2850,ordinary,False,,Entirely fictional test record
BEN-002852,PERSON-2851,ordinary,False,,Entirely fictional test record
BEN-002853,PERSON-2852,ordinary,False,,Entirely fictional test record
BEN-002854,PERSON-2853,ordinary,False,,Entirely fictional test record
BEN-002855,PERSON-2854,ordinary,False,,Entirely fictional test record
BEN-002856,PERSON-2855,ordinary,False,,Entirely fictional test record
BEN-002857,PERSON-2856,ordinary,False,,Entirely fictional test record
BEN-002858,PERSON-2857,ordinary,False,,Entirely fictional test record
BEN-002859,PERSON-2858,ordinary,False,,Entirely fictional test record
BEN-002860,PERSON-2859,ordinary,False,,Entirely fictional test record
BEN-002861,PERSON-2860,ordinary,False,,Entirely fictional test record
BEN-002862,PERSON-2861,ordinary,False,,Entirely fictional test record
BEN-002863,PERSON-2862,ordinary,False,,Entirely fictional test record
BEN-002864,PERSON-2863,ordinary,False,,Entirely fictional test record
BEN-002865,PERSON-2864,ordinary,False,,Entirely fictional test record
BEN-002866,PERSON-2865,ordinary,False,,Entirely fictional test record
BEN-002867,PERSON-2866,ordinary,False,,Entirely fictional test record
BEN-002868,PERSON-2867,ordinary,False,,Entirely fictional test record
BEN-002869,PERSON-2868,ordinary,False,,Entirely fictional test record
BEN-002870,PERSON-2869,ordinary,False,,Entirely fictional test record
BEN-002871,PERSON-2870,ordinary,False,,Entirely fictional test record
BEN-002872,PERSON-2871,ordinary,False,,Entirely fictional test record
BEN-002873,PERSON-2872,ordinary,False,,Entirely fictional test record
BEN-002874,PERSON-2873,ordinary,False,,Entirely fictional test record
BEN-002875,PERSON-2874,ordinary,False,,Entirely fictional test record
BEN-002876,PERSON-2875,ordinary,False,,Entirely fictional test record
BEN-002877,PERSON-2876,ordinary,False,,Entirely fictional test record
BEN-002878,PERSON-2877,ordinary,False,,Entirely fictional test record
BEN-002879,PERSON-2878,ordinary,False,,Entirely fictional test record
BEN-002880,PERSON-2879,ordinary,False,,Entirely fictional test record
BEN-002881,PERSON-2880,ordinary,False,,Entirely fictional test record
BEN-002882,PERSON-2881,ordinary,False,,Entirely fictional test record
BEN-002883,PERSON-2882,ordinary,False,,Entirely fictional test record
BEN-002884,PERSON-2883,ordinary,False,,Entirely fictional test record
BEN-002885,PERSON-2884,ordinary,False,,Entirely fictional test record
BEN-002886,PERSON-2885,ordinary,False,,Entirely fictional test record
BEN-002887,PERSON-2886,ordinary,False,,Entirely fictional test record
BEN-002888,PERSON-2887,ordinary,False,,Entirely fictional test record
BEN-002889,PERSON-2888,ordinary,False,,Entirely fictional test record
BEN-002890,PERSON-2889,ordinary,False,,Entirely fictional test record
BEN-002891,PERSON-2890,ordinary,False,,Entirely fictional test record
BEN-002892,PERSON-2891,ordinary,False,,Entirely fictional test record
BEN-002893,PERSON-2892,ordinary,False,,Entirely fictional test record
BEN-002894,PERSON-2893,ordinary,False,,Entirely fictional test record
BEN-002895,PERSON-2894,ordinary,False,,Entirely fictional test record
BEN-002896,PERSON-2895,ordinary,False,,Entirely fictional test record
BEN-002897,PERSON-2896,ordinary,False,,Entirely fictional test record
BEN-002898,PERSON-2897,ordinary,False,,Entirely fictional test record
BEN-002899,PERSON-2898,ordinary,False,,Entirely fictional test record
BEN-002900,PERSON-2899,ordinary,False,,Entirely fictional test record
BEN-002901,PERSON-2900,ordinary,False,,Entirely fictional test record
BEN-002902,PERSON-2901,ordinary,False,,Entirely fictional test record
BEN-002903,PERSON-2902,ordinary,False,,Entirely fictional test record
BEN-002904,PERSON-2903,ordinary,False,,Entirely fictional test record
BEN-002905,PERSON-2904,ordinary,False,,Entirely fictional test record
BEN-002906,PERSON-2905,ordinary,False,,Entirely fictional test record
BEN-002907,PERSON-2906,ordinary,False,,Entirely fictional test record
BEN-002908,PERSON-2907,ordinary,False,,Entirely fictional test record
BEN-002909,PERSON-2908,ordinary,False,,Entirely fictional test record
BEN-002910,PERSON-2909,ordinary,False,,Entirely fictional test record
BEN-002911,PERSON-2910,ordinary,False,,Entirely fictional test record
BEN-002912,PERSON-2911,ordinary,False,,Entirely fictional test record
BEN-002913,PERSON-2912,ordinary,False,,Entirely fictional test record
BEN-002914,PERSON-2913,ordinary,False,,Entirely fictional test record
BEN-002915,PERSON-2914,ordinary,False,,Entirely fictional test record
BEN-002916,PERSON-2915,ordinary,False,,Entirely fictional test record
BEN-002917,PERSON-2916,ordinary,False,,Entirely fictional test record
BEN-002918,PERSON-2917,ordinary,False,,Entirely fictional test record
BEN-002919,PERSON-2918,ordinary,False,,Entirely fictional test record
BEN-002920,PERSON-2919,ordinary,False,,Entirely fictional test record
BEN-002921,PERSON-2920,ordinary,False,,Entirely fictional test record
BEN-002922,PERSON-2921,ordinary,False,,Entirely fictional test record
BEN-002923,PERSON-2922,ordinary,False,,Entirely fictional test record
BEN-002924,PERSON-2923,ordinary,False,,Entirely fictional test record
BEN-002925,PERSON-2924,ordinary,False,,Entirely fictional test record
BEN-002926,PERSON-2925,ordinary,False,,Entirely fictional test record
BEN-002927,PERSON-2926,ordinary,False,,Entirely fictional test record
BEN-002928,PERSON-2927,ordinary,False,,Entirely fictional test record
BEN-002929,PERSON-2928,ordinary,False,,Entirely fictional test record
BEN-002930,PERSON-2929,ordinary,False,,Entirely fictional test record
BEN-002931,PERSON-2930,ordinary,False,,Entirely fictional test record
BEN-002932,PERSON-2931,ordinary,False,,Entirely fictional test record
BEN-002933,PERSON-2932,ordinary,False,,Entirely fictional test record
BEN-002934,PERSON-2933,ordinary,False,,Entirely fictional test record
BEN-002935,PERSON-2934,ordinary,False,,Entirely fictional test record
BEN-002936,PERSON-2935,ordinary,False,,Entirely fictional test record
BEN-002937,PERSON-2936,ordinary,False,,Entirely fictional test record
BEN-002938,PERSON-2937,ordinary,False,,Entirely fictional test record
BEN-002939,PERSON-2938,ordinary,False,,Entirely fictional test record
BEN-002940,PERSON-2939,ordinary,False,,Entirely fictional test record
BEN-002941,PERSON-2940,ordinary,False,,Entirely fictional test record
BEN-002942,PERSON-2941,ordinary,False,,Entirely fictional test record
BEN-002943,PERSON-2942,ordinary,False,,Entirely fictional test record
BEN-002944,PERSON-2943,ordinary,False,,Entirely fictional test record
BEN-002945,PERSON-2944,ordinary,False,,Entirely fictional test record
BEN-002946,PERSON-2945,ordinary,False,,Entirely fictional test record
BEN-002947,PERSON-2946,ordinary,False,,Entirely fictional test record
BEN-002948,PERSON-2947,ordinary,False,,Entirely fictional test record
BEN-002949,PERSON-2948,ordinary,False,,Entirely fictional test record
BEN-002950,PERSON-2949,ordinary,False,,Entirely fictional test record
BEN-002951,PERSON-2950,ordinary,False,,Entirely fictional test record
BEN-002952,PERSON-2951,ordinary,False,,Entirely fictional test record
BEN-002953,PERSON-2952,ordinary,False,,Entirely fictional test record
BEN-002954,PERSON-2953,ordinary,False,,Entirely fictional test record
BEN-002955,PERSON-2954,ordinary,False,,Entirely fictional test record
BEN-002956,PERSON-2955,ordinary,False,,Entirely fictional test record
BEN-002957,PERSON-2956,ordinary,False,,Entirely fictional test record
BEN-002958,PERSON-2957,ordinary,False,,Entirely fictional test record
BEN-002959,PERSON-2958,ordinary,False,,Entirely fictional test record
BEN-002960,PERSON-2959,ordinary,False,,Entirely fictional test record
BEN-002961,PERSON-2960,ordinary,False,,Entirely fictional test record
BEN-002962,PERSON-2961,ordinary,False,,Entirely fictional test record
BEN-002963,PERSON-2962,ordinary,False,,Entirely fictional test record
BEN-002964,PERSON-2963,ordinary,False,,Entirely fictional test record
BEN-002965,PERSON-2964,ordinary,False,,Entirely fictional test record
BEN-002966,PERSON-2965,ordinary,False,,Entirely fictional test record
BEN-002967,PERSON-2966,ordinary,False,,Entirely fictional test record
BEN-002968,PERSON-2967,ordinary,False,,Entirely fictional test record
BEN-002969,PERSON-2968,ordinary,False,,Entirely fictional test record
BEN-002970,PERSON-2969,ordinary,False,,Entirely fictional test record
BEN-002971,PERSON-2970,ordinary,False,,Entirely fictional test record
BEN-002972,PERSON-2971,ordinary,False,,Entirely fictional test record
BEN-002973,PERSON-2972,ordinary,False,,Entirely fictional test record
BEN-002974,PERSON-2973,ordinary,False,,Entirely fictional test record
BEN-002975,PERSON-2974,ordinary,False,,Entirely fictional test record
BEN-002976,PERSON-2975,ordinary,False,,Entirely fictional test record
BEN-002977,PERSON-2976,ordinary,False,,Entirely fictional test record
BEN-002978,PERSON-2977,ordinary,False,,Entirely fictional test record
BEN-002979,PERSON-2978,ordinary,False,,Entirely fictional test record
BEN-002980,PERSON-2979,ordinary,False,,Entirely fictional test record
BEN-002981,PERSON-2980,ordinary,False,,Entirely fictional test record
BEN-002982,PERSON-2981,ordinary,False,,Entirely fictional test record
BEN-002983,PERSON-2982,ordinary,False,,Entirely fictional test record
BEN-002984,PERSON-2983,ordinary,False,,Entirely fictional test record
BEN-002985,PERSON-2984,ordinary,False,,Entirely fictional test record
BEN-002986,PERSON-2985,ordinary,False,,Entirely fictional test record
BEN-002987,PERSON-2986,ordinary,False,,Entirely fictional test record
BEN-002988,PERSON-2987,ordinary,False,,Entirely fictional test record
BEN-002989,PERSON-2988,ordinary,False,,Entirely fictional test record
BEN-002990,PERSON-2989,ordinary,False,,Entirely fictional test record
BEN-002991,PERSON-2990,ordinary,False,,Entirely fictional test record
BEN-002992,PERSON-2991,ordinary,False,,Entirely fictional test record
BEN-002993,PERSON-2992,ordinary,False,,Entirely fictional test record
BEN-002994,PERSON-2993,ordinary,False,,Entirely fictional test record
BEN-002995,PERSON-2994,ordinary,False,,Entirely fictional test record
BEN-002996,PERSON-2995,ordinary,False,,Entirely fictional test record
BEN-002997,PERSON-2996,ordinary,False,,Entirely fictional test record
BEN-002998,PERSON-2997,ordinary,False,,Entirely fictional test record
BEN-002999,PERSON-2998,ordinary,False,,Entirely fictional test record
BEN-003000,PERSON-2999,ordinary,False,,Entirely fictional test record
BEN-003001,PERSON-3000,ordinary,False,,Entirely fictional test record
BEN-003002,PERSON-3001,ordinary,False,,Entirely fictional test record
BEN-003003,PERSON-3002,ordinary,False,,Entirely fictional test record
BEN-003004,PERSON-3003,ordinary,False,,Entirely fictional test record
BEN-003005,PERSON-3004,ordinary,False,,Entirely fictional test record
BEN-003006,PERSON-3005,ordinary,False,,Entirely fictional test record
BEN-003007,PERSON-3006,ordinary,False,,Entirely fictional test record
BEN-003008,PERSON-3007,ordinary,False,,Entirely fictional test record
BEN-003009,PERSON-3008,ordinary,False,,Entirely fictional test record
BEN-003010,PERSON-3009,ordinary,False,,Entirely fictional test record
BEN-003011,PERSON-3010,ordinary,False,,Entirely fictional test record
BEN-003012,PERSON-3011,ordinary,False,,Entirely fictional test record
BEN-003013,PERSON-3012,ordinary,False,,Entirely fictional test record
BEN-003014,PERSON-3013,ordinary,False,,Entirely fictional test record
BEN-003015,PERSON-3014,ordinary,False,,Entirely fictional test record
BEN-003016,PERSON-3015,ordinary,False,,Entirely fictional test record
BEN-003017,PERSON-3016,ordinary,False,,Entirely fictional test record
BEN-003018,PERSON-3017,ordinary,False,,Entirely fictional test record
BEN-003019,PERSON-3018,ordinary,False,,Entirely fictional test record
BEN-003020,PERSON-3019,ordinary,False,,Entirely fictional test record
BEN-003021,PERSON-3020,ordinary,False,,Entirely fictional test record
BEN-003022,PERSON-3021,ordinary,False,,Entirely fictional test record
BEN-003023,PERSON-3022,ordinary,False,,Entirely fictional test record
BEN-003024,PERSON-3023,ordinary,False,,Entirely fictional test record
BEN-003025,PERSON-3024,ordinary,False,,Entirely fictional test record
BEN-003026,PERSON-3025,ordinary,False,,Entirely fictional test record
BEN-003027,PERSON-3026,ordinary,False,,Entirely fictional test record
BEN-003028,PERSON-3027,ordinary,False,,Entirely fictional test record
BEN-003029,PERSON-3028,ordinary,False,,Entirely fictional test record
BEN-003030,PERSON-3029,ordinary,False,,Entirely fictional test record
BEN-003031,PERSON-3030,ordinary,False,,Entirely fictional test record
BEN-003032,PERSON-3031,ordinary,False,,Entirely fictional test record
BEN-003033,PERSON-3032,ordinary,False,,Entirely fictional test record
BEN-003034,PERSON-3033,ordinary,False,,Entirely fictional test record
BEN-003035,PERSON-3034,ordinary,False,,Entirely fictional test record
BEN-003036,PERSON-3035,ordinary,False,,Entirely fictional test record
BEN-003037,PERSON-3036,ordinary,False,,Entirely fictional test record
BEN-003038,PERSON-3037,ordinary,False,,Entirely fictional test record
BEN-003039,PERSON-3038,ordinary,False,,Entirely fictional test record
BEN-003040,PERSON-3039,ordinary,False,,Entirely fictional test record
BEN-003041,PERSON-3040,ordinary,False,,Entirely fictional test record
BEN-003042,PERSON-3041,ordinary,False,,Entirely fictional test record
BEN-003043,PERSON-3042,ordinary,False,,Entirely fictional test record
BEN-003044,PERSON-3043,ordinary,False,,Entirely fictional test record
BEN-003045,PERSON-3044,ordinary,False,,Entirely fictional test record
BEN-003046,PERSON-3045,ordinary,False,,Entirely fictional test record
BEN-003047,PERSON-3046,ordinary,False,,Entirely fictional test record
BEN-003048,PERSON-3047,ordinary,False,,Entirely fictional test record
BEN-003049,PERSON-3048,ordinary,False,,Entirely fictional test record
BEN-003050,PERSON-3049,ordinary,False,,Entirely fictional test record
BEN-003051,PERSON-3050,ordinary,False,,Entirely fictional test record
BEN-003052,PERSON-3051,ordinary,False,,Entirely fictional test record
BEN-003053,PERSON-3052,ordinary,False,,Entirely fictional test record
BEN-003054,PERSON-3053,ordinary,False,,Entirely fictional test record
BEN-003055,PERSON-3054,ordinary,False,,Entirely fictional test record
BEN-003056,PERSON-3055,ordinary,False,,Entirely fictional test record
BEN-003057,PERSON-3056,ordinary,False,,Entirely fictional test record
BEN-003058,PERSON-3057,ordinary,False,,Entirely fictional test record
BEN-003059,PERSON-3058,ordinary,False,,Entirely fictional test record
BEN-003060,PERSON-3059,ordinary,False,,Entirely fictional test record
BEN-003061,PERSON-3060,ordinary,False,,Entirely fictional test record
BEN-003062,PERSON-3061,ordinary,False,,Entirely fictional test record
BEN-003063,PERSON-3062,ordinary,False,,Entirely fictional test record
BEN-003064,PERSON-3063,ordinary,False,,Entirely fictional test record
BEN-003065,PERSON-3064,ordinary,False,,Entirely fictional test record
BEN-003066,PERSON-3065,ordinary,False,,Entirely fictional test record
BEN-003067,PERSON-3066,ordinary,False,,Entirely fictional test record
BEN-003068,PERSON-3067,ordinary,False,,Entirely fictional test record
BEN-003069,PERSON-3068,ordinary,False,,Entirely fictional test record
BEN-003070,PERSON-3069,ordinary,False,,Entirely fictional test record
BEN-003071,PERSON-3070,ordinary,False,,Entirely fictional test record
BEN-003072,PERSON-3071,ordinary,False,,Entirely fictional test record
BEN-003073,PERSON-3072,ordinary,False,,Entirely fictional test record
BEN-003074,PERSON-3073,ordinary,False,,Entirely fictional test record
BEN-003075,PERSON-3074,ordinary,False,,Entirely fictional test record
BEN-003076,PERSON-3075,ordinary,False,,Entirely fictional test record
BEN-003077,PERSON-3076,ordinary,False,,Entirely fictional test record
BEN-003078,PERSON-3077,ordinary,False,,Entirely fictional test record
BEN-003079,PERSON-3078,ordinary,False,,Entirely fictional test record
BEN-003080,PERSON-3079,ordinary,False,,Entirely fictional test record
BEN-003081,PERSON-3080,ordinary,False,,Entirely fictional test record
BEN-003082,PERSON-3081,ordinary,False,,Entirely fictional test record
BEN-003083,PERSON-3082,ordinary,False,,Entirely fictional test record
BEN-003084,PERSON-3083,ordinary,False,,Entirely fictional test record
BEN-003085,PERSON-3084,ordinary,False,,Entirely fictional test record
BEN-003086,PERSON-3085,ordinary,False,,Entirely fictional test record
BEN-003087,PERSON-3086,ordinary,False,,Entirely fictional test record
BEN-003088,PERSON-3087,ordinary,False,,Entirely fictional test record
BEN-003089,PERSON-3088,ordinary,False,,Entirely fictional test record
BEN-003090,PERSON-3089,ordinary,False,,Entirely fictional test record
BEN-003091,PERSON-3090,ordinary,False,,Entirely fictional test record
BEN-003092,PERSON-3091,ordinary,False,,Entirely fictional test record
BEN-003093,PERSON-3092,ordinary,False,,Entirely fictional test record
BEN-003094,PERSON-3093,ordinary,False,,Entirely fictional test record
BEN-003095,PERSON-3094,ordinary,False,,Entirely fictional test record
BEN-003096,PERSON-3095,ordinary,False,,Entirely fictional test record
BEN-003097,PERSON-3096,ordinary,False,,Entirely fictional test record
BEN-003098,PERSON-3097,ordinary,False,,Entirely fictional test record
BEN-003099,PERSON-3098,ordinary,False,,Entirely fictional test record
BEN-003100,PERSON-3099,ordinary,False,,Entirely fictional test record
BEN-003101,PERSON-3100,ordinary,False,,Entirely fictional test record
BEN-003102,PERSON-3101,ordinary,False,,Entirely fictional test record
BEN-003103,PERSON-3102,ordinary,False,,Entirely fictional test record
BEN-003104,PERSON-3103,ordinary,False,,Entirely fictional test record
BEN-003105,PERSON-3104,ordinary,False,,Entirely fictional test record
BEN-003106,PERSON-3105,ordinary,False,,Entirely fictional test record
BEN-003107,PERSON-3106,ordinary,False,,Entirely fictional test record
BEN-003108,PERSON-3107,ordinary,False,,Entirely fictional test record
BEN-003109,PERSON-3108,ordinary,False,,Entirely fictional test record
BEN-003110,PERSON-3109,ordinary,False,,Entirely fictional test record
BEN-003111,PERSON-3110,ordinary,False,,Entirely fictional test record
BEN-003112,PERSON-3111,ordinary,False,,Entirely fictional test record
BEN-003113,PERSON-3112,ordinary,False,,Entirely fictional test record
BEN-003114,PERSON-3113,ordinary,False,,Entirely fictional test record
BEN-003115,PERSON-3114,ordinary,False,,Entirely fictional test record
BEN-003116,PERSON-3115,ordinary,False,,Entirely fictional test record
BEN-003117,PERSON-3116,ordinary,False,,Entirely fictional test record
BEN-003118,PERSON-3117,ordinary,False,,Entirely fictional test record
BEN-003119,PERSON-3118,ordinary,False,,Entirely fictional test record
BEN-003120,PERSON-3119,ordinary,False,,Entirely fictional test record
BEN-003121,PERSON-3120,ordinary,False,,Entirely fictional test record
BEN-003122,PERSON-3121,ordinary,False,,Entirely fictional test record
BEN-003123,PERSON-3122,ordinary,False,,Entirely fictional test record
BEN-003124,PERSON-3123,ordinary,False,,Entirely fictional test record
BEN-003125,PERSON-3124,ordinary,False,,Entirely fictional test record
BEN-003126,PERSON-3125,ordinary,False,,Entirely fictional test record
BEN-003127,PERSON-3126,ordinary,False,,Entirely fictional test record
BEN-003128,PERSON-3127,ordinary,False,,Entirely fictional test record
BEN-003129,PERSON-3128,ordinary,False,,Entirely fictional test record
BEN-003130,PERSON-3129,ordinary,False,,Entirely fictional test record
BEN-003131,PERSON-3130,ordinary,False,,Entirely fictional test record
BEN-003132,PERSON-3131,ordinary,False,,Entirely fictional test record
BEN-003133,PERSON-3132,ordinary,False,,Entirely fictional test record
BEN-003134,PERSON-3133,ordinary,False,,Entirely fictional test record
BEN-003135,PERSON-3134,ordinary,False,,Entirely fictional test record
BEN-003136,PERSON-3135,ordinary,False,,Entirely fictional test record
BEN-003137,PERSON-3136,ordinary,False,,Entirely fictional test record
BEN-003138,PERSON-3137,ordinary,False,,Entirely fictional test record
BEN-003139,PERSON-3138,ordinary,False,,Entirely fictional test record
BEN-003140,PERSON-3139,ordinary,False,,Entirely fictional test record
BEN-003141,PERSON-3140,ordinary,False,,Entirely fictional test record
BEN-003142,PERSON-3141,ordinary,False,,Entirely fictional test record
BEN-003143,PERSON-3142,ordinary,False,,Entirely fictional test record
BEN-003144,PERSON-3143,ordinary,False,,Entirely fictional test record
BEN-003145,PERSON-3144,ordinary,False,,Entirely fictional test record
BEN-003146,PERSON-3145,ordinary,False,,Entirely fictional test record
BEN-003147,PERSON-3146,ordinary,False,,Entirely fictional test record
BEN-003148,PERSON-3147,ordinary,False,,Entirely fictional test record
BEN-003149,PERSON-3148,ordinary,False,,Entirely fictional test record
BEN-003150,PERSON-3149,ordinary,False,,Entirely fictional test record
BEN-003151,PERSON-3150,ordinary,False,,Entirely fictional test record
BEN-003152,PERSON-3151,ordinary,False,,Entirely fictional test record
BEN-003153,PERSON-3152,ordinary,False,,Entirely fictional test record
BEN-003154,PERSON-3153,ordinary,False,,Entirely fictional test record
BEN-003155,PERSON-3154,ordinary,False,,Entirely fictional test record
BEN-003156,PERSON-3155,ordinary,False,,Entirely fictional test record
BEN-003157,PERSON-3156,ordinary,False,,Entirely fictional test record
BEN-003158,PERSON-3157,ordinary,False,,Entirely fictional test record
BEN-003159,PERSON-3158,ordinary,False,,Entirely fictional test record
BEN-003160,PERSON-3159,ordinary,False,,Entirely fictional test record
BEN-003161,PERSON-3160,ordinary,False,,Entirely fictional test record
BEN-003162,PERSON-3161,ordinary,False,,Entirely fictional test record
BEN-003163,PERSON-3162,ordinary,False,,Entirely fictional test record
BEN-003164,PERSON-3163,ordinary,False,,Entirely fictional test record
BEN-003165,PERSON-3164,ordinary,False,,Entirely fictional test record
BEN-003166,PERSON-3165,ordinary,False,,Entirely fictional test record
BEN-003167,PERSON-3166,ordinary,False,,Entirely fictional test record
BEN-003168,PERSON-3167,ordinary,False,,Entirely fictional test record
BEN-003169,PERSON-3168,ordinary,False,,Entirely fictional test record
BEN-003170,PERSON-3169,ordinary,False,,Entirely fictional test record
BEN-003171,PERSON-3170,ordinary,False,,Entirely fictional test record
BEN-003172,PERSON-3171,ordinary,False,,Entirely fictional test record
BEN-003173,PERSON-3172,ordinary,False,,Entirely fictional test record
BEN-003174,PERSON-3173,ordinary,False,,Entirely fictional test record
BEN-003175,PERSON-3174,ordinary,False,,Entirely fictional test record
BEN-003176,PERSON-3175,ordinary,False,,Entirely fictional test record
BEN-003177,PERSON-3176,ordinary,False,,Entirely fictional test record
BEN-003178,PERSON-3177,ordinary,False,,Entirely fictional test record
BEN-003179,PERSON-3178,ordinary,False,,Entirely fictional test record
BEN-003180,PERSON-3179,ordinary,False,,Entirely fictional test record
BEN-003181,PERSON-3180,ordinary,False,,Entirely fictional test record
BEN-003182,PERSON-3181,ordinary,False,,Entirely fictional test record
BEN-003183,PERSON-3182,ordinary,False,,Entirely fictional test record
BEN-003184,PERSON-3183,ordinary,False,,Entirely fictional test record
BEN-003185,PERSON-3184,ordinary,False,,Entirely fictional test record
BEN-003186,PERSON-3185,ordinary,False,,Entirely fictional test record
BEN-003187,PERSON-3186,ordinary,False,,Entirely fictional test record
BEN-003188,PERSON-3187,ordinary,False,,Entirely fictional test record
BEN-003189,PERSON-3188,ordinary,False,,Entirely fictional test record
BEN-003190,PERSON-3189,ordinary,False,,Entirely fictional test record
BEN-003191,PERSON-3190,ordinary,False,,Entirely fictional test record
BEN-003192,PERSON-3191,ordinary,False,,Entirely fictional test record
BEN-003193,PERSON-3192,ordinary,False,,Entirely fictional test record
BEN-003194,PERSON-3193,ordinary,False,,Entirely fictional test record
BEN-003195,PERSON-3194,ordinary,False,,Entirely fictional test record
BEN-003196,PERSON-3195,ordinary,False,,Entirely fictional test record
BEN-003197,PERSON-3196,ordinary,False,,Entirely fictional test record
BEN-003198,PERSON-3197,ordinary,False,,Entirely fictional test record
BEN-003199,PERSON-3198,ordinary,False,,Entirely fictional test record
BEN-003200,PERSON-3199,ordinary,False,,Entirely fictional test record
BEN-003201,PERSON-3200,ordinary,False,,Entirely fictional test record
BEN-003202,PERSON-3201,ordinary,False,,Entirely fictional test record
BEN-003203,PERSON-3202,ordinary,False,,Entirely fictional test record
BEN-003204,PERSON-3203,ordinary,False,,Entirely fictional test record
BEN-003205,PERSON-3204,ordinary,False,,Entirely fictional test record
BEN-003206,PERSON-3205,ordinary,False,,Entirely fictional test record
BEN-003207,PERSON-3206,ordinary,False,,Entirely fictional test record
BEN-003208,PERSON-3207,ordinary,False,,Entirely fictional test record
BEN-003209,PERSON-3208,ordinary,False,,Entirely fictional test record
BEN-003210,PERSON-3209,ordinary,False,,Entirely fictional test record
BEN-003211,PERSON-3210,ordinary,False,,Entirely fictional test record
BEN-003212,PERSON-3211,ordinary,False,,Entirely fictional test record
BEN-003213,PERSON-3212,ordinary,False,,Entirely fictional test record
BEN-003214,PERSON-3213,ordinary,False,,Entirely fictional test record
BEN-003215,PERSON-3214,ordinary,False,,Entirely fictional test record
BEN-003216,PERSON-3215,ordinary,False,,Entirely fictional test record
BEN-003217,PERSON-3216,ordinary,False,,Entirely fictional test record
BEN-003218,PERSON-3217,ordinary,False,,Entirely fictional test record
BEN-003219,PERSON-3218,ordinary,False,,Entirely fictional test record
BEN-003220,PERSON-3219,ordinary,False,,Entirely fictional test record
BEN-003221,PERSON-3220,ordinary,False,,Entirely fictional test record
BEN-003222,PERSON-3221,ordinary,False,,Entirely fictional test record
BEN-003223,PERSON-3222,ordinary,False,,Entirely fictional test record
BEN-003224,PERSON-3223,ordinary,False,,Entirely fictional test record
BEN-003225,PERSON-3224,ordinary,False,,Entirely fictional test record
BEN-003226,PERSON-3225,ordinary,False,,Entirely fictional test record
BEN-003227,PERSON-3226,ordinary,False,,Entirely fictional test record
BEN-003228,PERSON-3227,ordinary,False,,Entirely fictional test record
BEN-003229,PERSON-3228,ordinary,False,,Entirely fictional test record
BEN-003230,PERSON-3229,ordinary,False,,Entirely fictional test record
BEN-003231,PERSON-3230,ordinary,False,,Entirely fictional test record
BEN-003232,PERSON-3231,ordinary,False,,Entirely fictional test record
BEN-003233,PERSON-3232,ordinary,False,,Entirely fictional test record
BEN-003234,PERSON-3233,ordinary,False,,Entirely fictional test record
BEN-003235,PERSON-3234,ordinary,False,,Entirely fictional test record
BEN-003236,PERSON-3235,ordinary,False,,Entirely fictional test record
BEN-003237,PERSON-3236,ordinary,False,,Entirely fictional test record
BEN-003238,PERSON-3237,ordinary,False,,Entirely fictional test record
BEN-003239,PERSON-3238,ordinary,False,,Entirely fictional test record
BEN-003240,PERSON-3239,ordinary,False,,Entirely fictional test record
BEN-003241,PERSON-3240,ordinary,False,,Entirely fictional test record
BEN-003242,PERSON-3241,ordinary,False,,Entirely fictional test record
BEN-003243,PERSON-3242,ordinary,False,,Entirely fictional test record
BEN-003244,PERSON-3243,ordinary,False,,Entirely fictional test record
BEN-003245,PERSON-3244,ordinary,False,,Entirely fictional test record
BEN-003246,PERSON-3245,ordinary,False,,Entirely fictional test record
BEN-003247,PERSON-3246,ordinary,False,,Entirely fictional test record
BEN-003248,PERSON-3247,ordinary,False,,Entirely fictional test record
BEN-003249,PERSON-3248,ordinary,False,,Entirely fictional test record
BEN-003250,PERSON-3249,ordinary,False,,Entirely fictional test record
BEN-003251,PERSON-3250,ordinary,False,,Entirely fictional test record
BEN-003252,PERSON-3251,ordinary,False,,Entirely fictional test record
BEN-003253,PERSON-3252,ordinary,False,,Entirely fictional test record
BEN-003254,PERSON-3253,ordinary,False,,Entirely fictional test record
BEN-003255,PERSON-3254,ordinary,False,,Entirely fictional test record
BEN-003256,PERSON-3255,ordinary,False,,Entirely fictional test record
BEN-003257,PERSON-3256,ordinary,False,,Entirely fictional test record
BEN-003258,PERSON-3257,ordinary,False,,Entirely fictional test record
BEN-003259,PERSON-3258,ordinary,False,,Entirely fictional test record
BEN-003260,PERSON-3259,ordinary,False,,Entirely fictional test record
BEN-003261,PERSON-3260,ordinary,False,,Entirely fictional test record
BEN-003262,PERSON-3261,ordinary,False,,Entirely fictional test record
BEN-003263,PERSON-3262,ordinary,False,,Entirely fictional test record
BEN-003264,PERSON-3263,ordinary,False,,Entirely fictional test record
BEN-003265,PERSON-3264,ordinary,False,,Entirely fictional test record
BEN-003266,PERSON-3265,ordinary,False,,Entirely fictional test record
BEN-003267,PERSON-3266,ordinary,False,,Entirely fictional test record
BEN-003268,PERSON-3267,ordinary,False,,Entirely fictional test record
BEN-003269,PERSON-3268,ordinary,False,,Entirely fictional test record
BEN-003270,PERSON-3269,ordinary,False,,Entirely fictional test record
BEN-003271,PERSON-3270,ordinary,False,,Entirely fictional test record
BEN-003272,PERSON-3271,ordinary,False,,Entirely fictional test record
BEN-003273,PERSON-3272,ordinary,False,,Entirely fictional test record
BEN-003274,PERSON-3273,ordinary,False,,Entirely fictional test record
BEN-003275,PERSON-3274,ordinary,False,,Entirely fictional test record
BEN-003276,PERSON-3275,ordinary,False,,Entirely fictional test record
BEN-003277,PERSON-3276,ordinary,False,,Entirely fictional test record
BEN-003278,PERSON-3277,ordinary,False,,Entirely fictional test record
BEN-003279,PERSON-3278,ordinary,False,,Entirely fictional test record
BEN-003280,PERSON-3279,ordinary,False,,Entirely fictional test record
BEN-003281,PERSON-3280,ordinary,False,,Entirely fictional test record
BEN-003282,PERSON-3281,ordinary,False,,Entirely fictional test record
BEN-003283,PERSON-3282,ordinary,False,,Entirely fictional test record
BEN-003284,PERSON-3283,ordinary,False,,Entirely fictional test record
BEN-003285,PERSON-3284,ordinary,False,,Entirely fictional test record
BEN-003286,PERSON-3285,ordinary,False,,Entirely fictional test record
BEN-003287,PERSON-3286,ordinary,False,,Entirely fictional test record
BEN-003288,PERSON-3287,ordinary,False,,Entirely fictional test record
BEN-003289,PERSON-3288,ordinary,False,,Entirely fictional test record
BEN-003290,PERSON-3289,ordinary,False,,Entirely fictional test record
BEN-003291,PERSON-3290,ordinary,False,,Entirely fictional test record
BEN-003292,PERSON-3291,ordinary,False,,Entirely fictional test record
BEN-003293,PERSON-3292,ordinary,False,,Entirely fictional test record
BEN-003294,PERSON-3293,ordinary,False,,Entirely fictional test record
BEN-003295,PERSON-3294,ordinary,False,,Entirely fictional test record
BEN-003296,PERSON-3295,ordinary,False,,Entirely fictional test record
BEN-003297,PERSON-3296,ordinary,False,,Entirely fictional test record
BEN-003298,PERSON-3297,ordinary,False,,Entirely fictional test record
BEN-003299,PERSON-3298,ordinary,False,,Entirely fictional test record
BEN-003300,PERSON-3299,ordinary,False,,Entirely fictional test record
BEN-003301,PERSON-3300,ordinary,False,,Entirely fictional test record
BEN-003302,PERSON-3301,ordinary,False,,Entirely fictional test record
BEN-003303,PERSON-3302,ordinary,False,,Entirely fictional test record
BEN-003304,PERSON-3303,ordinary,False,,Entirely fictional test record
BEN-003305,PERSON-3304,ordinary,False,,Entirely fictional test record
BEN-003306,PERSON-3305,ordinary,False,,Entirely fictional test record
BEN-003307,PERSON-3306,ordinary,False,,Entirely fictional test record
BEN-003308,PERSON-3307,ordinary,False,,Entirely fictional test record
BEN-003309,PERSON-3308,ordinary,False,,Entirely fictional test record
BEN-003310,PERSON-3309,ordinary,False,,Entirely fictional test record
BEN-003311,PERSON-3310,ordinary,False,,Entirely fictional test record
BEN-003312,PERSON-3311,ordinary,False,,Entirely fictional test record
BEN-003313,PERSON-3312,ordinary,False,,Entirely fictional test record
BEN-003314,PERSON-3313,ordinary,False,,Entirely fictional test record
BEN-003315,PERSON-3314,ordinary,False,,Entirely fictional test record
BEN-003316,PERSON-3315,ordinary,False,,Entirely fictional test record
BEN-003317,PERSON-3316,ordinary,False,,Entirely fictional test record
BEN-003318,PERSON-3317,ordinary,False,,Entirely fictional test record
BEN-003319,PERSON-3318,ordinary,False,,Entirely fictional test record
BEN-003320,PERSON-3319,ordinary,False,,Entirely fictional test record
BEN-003321,PERSON-3320,ordinary,False,,Entirely fictional test record
BEN-003322,PERSON-3321,ordinary,False,,Entirely fictional test record
BEN-003323,PERSON-3322,ordinary,False,,Entirely fictional test record
BEN-003324,PERSON-3323,ordinary,False,,Entirely fictional test record
BEN-003325,PERSON-3324,ordinary,False,,Entirely fictional test record
BEN-003326,PERSON-3325,ordinary,False,,Entirely fictional test record
BEN-003327,PERSON-3326,ordinary,False,,Entirely fictional test record
BEN-003328,PERSON-3327,ordinary,False,,Entirely fictional test record
BEN-003329,PERSON-3328,ordinary,False,,Entirely fictional test record
BEN-003330,PERSON-3329,ordinary,False,,Entirely fictional test record
BEN-003331,PERSON-3330,ordinary,False,,Entirely fictional test record
BEN-003332,PERSON-3331,ordinary,False,,Entirely fictional test record
BEN-003333,PERSON-3332,ordinary,False,,Entirely fictional test record
BEN-003334,PERSON-3333,ordinary,False,,Entirely fictional test record
BEN-003335,PERSON-3334,ordinary,False,,Entirely fictional test record
BEN-003336,PERSON-3335,ordinary,False,,Entirely fictional test record
BEN-003337,PERSON-3336,ordinary,False,,Entirely fictional test record
BEN-003338,PERSON-3337,ordinary,False,,Entirely fictional test record
BEN-003339,PERSON-3338,ordinary,False,,Entirely fictional test record
BEN-003340,PERSON-3339,ordinary,False,,Entirely fictional test record
BEN-003341,PERSON-3340,ordinary,False,,Entirely fictional test record
BEN-003342,PERSON-3341,ordinary,False,,Entirely fictional test record
BEN-003343,PERSON-3342,ordinary,False,,Entirely fictional test record
BEN-003344,PERSON-3343,ordinary,False,,Entirely fictional test record
BEN-003345,PERSON-3344,ordinary,False,,Entirely fictional test record
BEN-003346,PERSON-3345,ordinary,False,,Entirely fictional test record
BEN-003347,PERSON-3346,ordinary,False,,Entirely fictional test record
BEN-003348,PERSON-3347,ordinary,False,,Entirely fictional test record
BEN-003349,PERSON-3348,ordinary,False,,Entirely fictional test record
BEN-003350,PERSON-3349,ordinary,False,,Entirely fictional test record
BEN-003351,PERSON-3350,ordinary,False,,Entirely fictional test record
BEN-003352,PERSON-3351,ordinary,False,,Entirely fictional test record
BEN-003353,PERSON-3352,ordinary,False,,Entirely fictional test record
BEN-003354,PERSON-3353,ordinary,False,,Entirely fictional test record
BEN-003355,PERSON-3354,ordinary,False,,Entirely fictional test record
BEN-003356,PERSON-3355,ordinary,False,,Entirely fictional test record
BEN-003357,PERSON-3356,ordinary,False,,Entirely fictional test record
BEN-003358,PERSON-3357,ordinary,False,,Entirely fictional test record
BEN-003359,PERSON-3358,ordinary,False,,Entirely fictional test record
BEN-003360,PERSON-3359,ordinary,False,,Entirely fictional test record
BEN-003361,PERSON-3360,ordinary,False,,Entirely fictional test record
BEN-003362,PERSON-3361,ordinary,False,,Entirely fictional test record
BEN-003363,PERSON-3362,ordinary,False,,Entirely fictional test record
BEN-003364,PERSON-3363,ordinary,False,,Entirely fictional test record
BEN-003365,PERSON-3364,ordinary,False,,Entirely fictional test record
BEN-003366,PERSON-3365,ordinary,False,,Entirely fictional test record
BEN-003367,PERSON-3366,ordinary,False,,Entirely fictional test record
BEN-003368,PERSON-3367,ordinary,False,,Entirely fictional test record
BEN-003369,PERSON-3368,ordinary,False,,Entirely fictional test record
BEN-003370,PERSON-3369,ordinary,False,,Entirely fictional test record
BEN-003371,PERSON-3370,ordinary,False,,Entirely fictional test record
BEN-003372,PERSON-3371,ordinary,False,,Entirely fictional test record
BEN-003373,PERSON-3372,ordinary,False,,Entirely fictional test record
BEN-003374,PERSON-3373,ordinary,False,,Entirely fictional test record
BEN-003375,PERSON-3374,ordinary,False,,Entirely fictional test record
BEN-003376,PERSON-3375,ordinary,False,,Entirely fictional test record
BEN-003377,PERSON-3376,ordinary,False,,Entirely fictional test record
BEN-003378,PERSON-3377,ordinary,False,,Entirely fictional test record
BEN-003379,PERSON-3378,ordinary,False,,Entirely fictional test record
BEN-003380,PERSON-3379,ordinary,False,,Entirely fictional test record
BEN-003381,PERSON-3380,ordinary,False,,Entirely fictional test record
BEN-003382,PERSON-3381,ordinary,False,,Entirely fictional test record
BEN-003383,PERSON-3382,ordinary,False,,Entirely fictional test record
BEN-003384,PERSON-3383,ordinary,False,,Entirely fictional test record
BEN-003385,PERSON-3384,ordinary,False,,Entirely fictional test record
BEN-003386,PERSON-3385,ordinary,False,,Entirely fictional test record
BEN-003387,PERSON-3386,ordinary,False,,Entirely fictional test record
BEN-003388,PERSON-3387,ordinary,False,,Entirely fictional test record
BEN-003389,PERSON-3388,ordinary,False,,Entirely fictional test record
BEN-003390,PERSON-3389,ordinary,False,,Entirely fictional test record
BEN-003391,PERSON-3390,ordinary,False,,Entirely fictional test record
BEN-003392,PERSON-3391,ordinary,False,,Entirely fictional test record
BEN-003393,PERSON-3392,ordinary,False,,Entirely fictional test record
BEN-003394,PERSON-3393,ordinary,False,,Entirely fictional test record
BEN-003395,PERSON-3394,ordinary,False,,Entirely fictional test record
BEN-003396,PERSON-3395,ordinary,False,,Entirely fictional test record
BEN-003397,PERSON-3396,ordinary,False,,Entirely fictional test record
BEN-003398,PERSON-3397,ordinary,False,,Entirely fictional test record
BEN-003399,PERSON-3398,ordinary,False,,Entirely fictional test record
BEN-003400,PERSON-3399,ordinary,False,,Entirely fictional test record
BEN-003401,PERSON-3400,ordinary,False,,Entirely fictional test record
BEN-003402,PERSON-3401,ordinary,False,,Entirely fictional test record
BEN-003403,PERSON-3402,ordinary,False,,Entirely fictional test record
BEN-003404,PERSON-3403,ordinary,False,,Entirely fictional test record
BEN-003405,PERSON-3404,ordinary,False,,Entirely fictional test record
BEN-003406,PERSON-3405,ordinary,False,,Entirely fictional test record
BEN-003407,PERSON-3406,ordinary,False,,Entirely fictional test record
BEN-003408,PERSON-3407,ordinary,False,,Entirely fictional test record
BEN-003409,PERSON-3408,ordinary,False,,Entirely fictional test record
BEN-003410,PERSON-3409,ordinary,False,,Entirely fictional test record
BEN-003411,PERSON-3410,ordinary,False,,Entirely fictional test record
BEN-003412,PERSON-3411,ordinary,False,,Entirely fictional test record
BEN-003413,PERSON-3412,ordinary,False,,Entirely fictional test record
BEN-003414,PERSON-3413,ordinary,False,,Entirely fictional test record
BEN-003415,PERSON-3414,ordinary,False,,Entirely fictional test record
BEN-003416,PERSON-3415,ordinary,False,,Entirely fictional test record
BEN-003417,PERSON-3416,ordinary,False,,Entirely fictional test record
BEN-003418,PERSON-3417,ordinary,False,,Entirely fictional test record
BEN-003419,PERSON-3418,ordinary,False,,Entirely fictional test record
BEN-003420,PERSON-3419,ordinary,False,,Entirely fictional test record
BEN-003421,PERSON-3420,ordinary,False,,Entirely fictional test record
BEN-003422,PERSON-3421,ordinary,False,,Entirely fictional test record
BEN-003423,PERSON-3422,ordinary,False,,Entirely fictional test record
BEN-003424,PERSON-3423,ordinary,False,,Entirely fictional test record
BEN-003425,PERSON-3424,ordinary,False,,Entirely fictional test record
BEN-003426,PERSON-3425,ordinary,False,,Entirely fictional test record
BEN-003427,PERSON-3426,ordinary,False,,Entirely fictional test record
BEN-003428,PERSON-3427,ordinary,False,,Entirely fictional test record
BEN-003429,PERSON-3428,ordinary,False,,Entirely fictional test record
BEN-003430,PERSON-3429,ordinary,False,,Entirely fictional test record
BEN-003431,PERSON-3430,ordinary,False,,Entirely fictional test record
BEN-003432,PERSON-3431,ordinary,False,,Entirely fictional test record
BEN-003433,PERSON-3432,ordinary,False,,Entirely fictional test record
BEN-003434,PERSON-3433,ordinary,False,,Entirely fictional test record
BEN-003435,PERSON-3434,ordinary,False,,Entirely fictional test record
BEN-003436,PERSON-3435,ordinary,False,,Entirely fictional test record
BEN-003437,PERSON-3436,ordinary,False,,Entirely fictional test record
BEN-003438,PERSON-3437,ordinary,False,,Entirely fictional test record
BEN-003439,PERSON-3438,ordinary,False,,Entirely fictional test record
BEN-003440,PERSON-3439,ordinary,False,,Entirely fictional test record
BEN-003441,PERSON-3440,ordinary,False,,Entirely fictional test record
BEN-003442,PERSON-3441,ordinary,False,,Entirely fictional test record
BEN-003443,PERSON-3442,ordinary,False,,Entirely fictional test record
BEN-003444,PERSON-3443,ordinary,False,,Entirely fictional test record
BEN-003445,PERSON-3444,ordinary,False,,Entirely fictional test record
BEN-003446,PERSON-3445,ordinary,False,,Entirely fictional test record
BEN-003447,PERSON-3446,ordinary,False,,Entirely fictional test record
BEN-003448,PERSON-3447,ordinary,False,,Entirely fictional test record
BEN-003449,PERSON-3448,ordinary,False,,Entirely fictional test record
BEN-003450,PERSON-3449,ordinary,False,,Entirely fictional test record
BEN-003451,PERSON-3450,ordinary,False,,Entirely fictional test record
BEN-003452,PERSON-3451,ordinary,False,,Entirely fictional test record
BEN-003453,PERSON-3452,ordinary,False,,Entirely fictional test record
BEN-003454,PERSON-3453,ordinary,False,,Entirely fictional test record
BEN-003455,PERSON-3454,ordinary,False,,Entirely fictional test record
BEN-003456,PERSON-3455,ordinary,False,,Entirely fictional test record
BEN-003457,PERSON-3456,ordinary,False,,Entirely fictional test record
BEN-003458,PERSON-3457,ordinary,False,,Entirely fictional test record
BEN-003459,PERSON-3458,ordinary,False,,Entirely fictional test record
BEN-003460,PERSON-3459,ordinary,False,,Entirely fictional test record
BEN-003461,PERSON-3460,ordinary,False,,Entirely fictional test record
BEN-003462,PERSON-3461,ordinary,False,,Entirely fictional test record
BEN-003463,PERSON-3462,ordinary,False,,Entirely fictional test record
BEN-003464,PERSON-3463,ordinary,False,,Entirely fictional test record
BEN-003465,PERSON-3464,ordinary,False,,Entirely fictional test record
BEN-003466,PERSON-3465,ordinary,False,,Entirely fictional test record
BEN-003467,PERSON-3466,ordinary,False,,Entirely fictional test record
BEN-003468,PERSON-3467,ordinary,False,,Entirely fictional test record
BEN-003469,PERSON-3468,ordinary,False,,Entirely fictional test record
BEN-003470,PERSON-3469,ordinary,False,,Entirely fictional test record
BEN-003471,PERSON-3470,ordinary,False,,Entirely fictional test record
BEN-003472,PERSON-3471,ordinary,False,,Entirely fictional test record
BEN-003473,PERSON-3472,ordinary,False,,Entirely fictional test record
BEN-003474,PERSON-3473,ordinary,False,,Entirely fictional test record
BEN-003475,PERSON-3474,ordinary,False,,Entirely fictional test record
BEN-003476,PERSON-3475,ordinary,False,,Entirely fictional test record
BEN-003477,PERSON-3476,ordinary,False,,Entirely fictional test record
BEN-003478,PERSON-3477,ordinary,False,,Entirely fictional test record
BEN-003479,PERSON-3478,ordinary,False,,Entirely fictional test record
BEN-003480,PERSON-3479,ordinary,False,,Entirely fictional test record
BEN-003481,PERSON-3480,ordinary,False,,Entirely fictional test record
BEN-003482,PERSON-3481,ordinary,False,,Entirely fictional test record
BEN-003483,PERSON-3482,ordinary,False,,Entirely fictional test record
BEN-003484,PERSON-3483,ordinary,False,,Entirely fictional test record
BEN-003485,PERSON-3484,ordinary,False,,Entirely fictional test record
BEN-003486,PERSON-3485,ordinary,False,,Entirely fictional test record
BEN-003487,PERSON-3486,ordinary,False,,Entirely fictional test record
BEN-003488,PERSON-3487,ordinary,False,,Entirely fictional test record
BEN-003489,PERSON-3488,ordinary,False,,Entirely fictional test record
BEN-003490,PERSON-3489,ordinary,False,,Entirely fictional test record
BEN-003491,PERSON-3490,ordinary,False,,Entirely fictional test record
BEN-003492,PERSON-3491,ordinary,False,,Entirely fictional test record
BEN-003493,PERSON-3492,ordinary,False,,Entirely fictional test record
BEN-003494,PERSON-3493,ordinary,False,,Entirely fictional test record
BEN-003495,PERSON-3494,ordinary,False,,Entirely fictional test record
BEN-003496,PERSON-3495,ordinary,False,,Entirely fictional test record
BEN-003497,PERSON-3496,ordinary,False,,Entirely fictional test record
BEN-003498,PERSON-3497,ordinary,False,,Entirely fictional test record
BEN-003499,PERSON-3498,ordinary,False,,Entirely fictional test record
BEN-003500,PERSON-3499,ordinary,False,,Entirely fictional test record
BEN-003501,PERSON-3500,ordinary,False,,Entirely fictional test record
BEN-003502,PERSON-3501,ordinary,False,,Entirely fictional test record
BEN-003503,PERSON-3502,ordinary,False,,Entirely fictional test record
BEN-003504,PERSON-3503,ordinary,False,,Entirely fictional test record
BEN-003505,PERSON-3504,ordinary,False,,Entirely fictional test record
BEN-003506,PERSON-3505,ordinary,False,,Entirely fictional test record
BEN-003507,PERSON-3506,ordinary,False,,Entirely fictional test record
BEN-003508,PERSON-3507,ordinary,False,,Entirely fictional test record
BEN-003509,PERSON-3508,ordinary,False,,Entirely fictional test record
BEN-003510,PERSON-3509,ordinary,False,,Entirely fictional test record
BEN-003511,PERSON-3510,ordinary,False,,Entirely fictional test record
BEN-003512,PERSON-3511,ordinary,False,,Entirely fictional test record
BEN-003513,PERSON-3512,ordinary,False,,Entirely fictional test record
BEN-003514,PERSON-3513,ordinary,False,,Entirely fictional test record
BEN-003515,PERSON-3514,ordinary,False,,Entirely fictional test record
BEN-003516,PERSON-3515,ordinary,False,,Entirely fictional test record
BEN-003517,PERSON-3516,ordinary,False,,Entirely fictional test record
BEN-003518,PERSON-3517,ordinary,False,,Entirely fictional test record
BEN-003519,PERSON-3518,ordinary,False,,Entirely fictional test record
BEN-003520,PERSON-3519,ordinary,False,,Entirely fictional test record
BEN-003521,PERSON-3520,ordinary,False,,Entirely fictional test record
BEN-003522,PERSON-3521,ordinary,False,,Entirely fictional test record
BEN-003523,PERSON-3522,ordinary,False,,Entirely fictional test record
BEN-003524,PERSON-3523,ordinary,False,,Entirely fictional test record
BEN-003525,PERSON-3524,ordinary,False,,Entirely fictional test record
BEN-003526,PERSON-3525,ordinary,False,,Entirely fictional test record
BEN-003527,PERSON-3526,ordinary,False,,Entirely fictional test record
BEN-003528,PERSON-3527,ordinary,False,,Entirely fictional test record
BEN-003529,PERSON-3528,ordinary,False,,Entirely fictional test record
BEN-003530,PERSON-3529,ordinary,False,,Entirely fictional test record
BEN-003531,PERSON-3530,ordinary,False,,Entirely fictional test record
BEN-003532,PERSON-3531,ordinary,False,,Entirely fictional test record
BEN-003533,PERSON-3532,ordinary,False,,Entirely fictional test record
BEN-003534,PERSON-3533,ordinary,False,,Entirely fictional test record
BEN-003535,PERSON-3534,ordinary,False,,Entirely fictional test record
BEN-003536,PERSON-3535,ordinary,False,,Entirely fictional test record
BEN-003537,PERSON-3536,ordinary,False,,Entirely fictional test record
BEN-003538,PERSON-3537,ordinary,False,,Entirely fictional test record
BEN-003539,PERSON-3538,ordinary,False,,Entirely fictional test record
BEN-003540,PERSON-3539,ordinary,False,,Entirely fictional test record
BEN-003541,PERSON-3540,ordinary,False,,Entirely fictional test record
BEN-003542,PERSON-3541,ordinary,False,,Entirely fictional test record
BEN-003543,PERSON-3542,ordinary,False,,Entirely fictional test record
BEN-003544,PERSON-3543,ordinary,False,,Entirely fictional test record
BEN-003545,PERSON-3544,ordinary,False,,Entirely fictional test record
BEN-003546,PERSON-3545,ordinary,False,,Entirely fictional test record
BEN-003547,PERSON-3546,ordinary,False,,Entirely fictional test record
BEN-003548,PERSON-3547,ordinary,False,,Entirely fictional test record
BEN-003549,PERSON-3548,ordinary,False,,Entirely fictional test record
BEN-003550,PERSON-3549,ordinary,False,,Entirely fictional test record
BEN-003551,PERSON-3550,ordinary,False,,Entirely fictional test record
BEN-003552,PERSON-3551,ordinary,False,,Entirely fictional test record
BEN-003553,PERSON-3552,ordinary,False,,Entirely fictional test record
BEN-003554,PERSON-3553,ordinary,False,,Entirely fictional test record
BEN-003555,PERSON-3554,ordinary,False,,Entirely fictional test record
BEN-003556,PERSON-3555,ordinary,False,,Entirely fictional test record
BEN-003557,PERSON-3556,ordinary,False,,Entirely fictional test record
BEN-003558,PERSON-3557,ordinary,False,,Entirely fictional test record
BEN-003559,PERSON-3558,ordinary,False,,Entirely fictional test record
BEN-003560,PERSON-3559,ordinary,False,,Entirely fictional test record
BEN-003561,PERSON-3560,ordinary,False,,Entirely fictional test record
BEN-003562,PERSON-3561,ordinary,False,,Entirely fictional test record
BEN-003563,PERSON-3562,ordinary,False,,Entirely fictional test record
BEN-003564,PERSON-3563,ordinary,False,,Entirely fictional test record
BEN-003565,PERSON-3564,ordinary,False,,Entirely fictional test record
BEN-003566,PERSON-3565,ordinary,False,,Entirely fictional test record
BEN-003567,PERSON-3566,ordinary,False,,Entirely fictional test record
BEN-003568,PERSON-3567,ordinary,False,,Entirely fictional test record
BEN-003569,PERSON-3568,ordinary,False,,Entirely fictional test record
BEN-003570,PERSON-3569,ordinary,False,,Entirely fictional test record
BEN-003571,PERSON-3570,ordinary,False,,Entirely fictional test record
BEN-003572,PERSON-3571,ordinary,False,,Entirely fictional test record
BEN-003573,PERSON-3572,ordinary,False,,Entirely fictional test record
BEN-003574,PERSON-3573,ordinary,False,,Entirely fictional test record
BEN-003575,PERSON-3574,ordinary,False,,Entirely fictional test record
BEN-003576,PERSON-3575,ordinary,False,,Entirely fictional test record
BEN-003577,PERSON-3576,ordinary,False,,Entirely fictional test record
BEN-003578,PERSON-3577,ordinary,False,,Entirely fictional test record
BEN-003579,PERSON-3578,ordinary,False,,Entirely fictional test record
BEN-003580,PERSON-3579,ordinary,False,,Entirely fictional test record
BEN-003581,PERSON-3580,ordinary,False,,Entirely fictional test record
BEN-003582,PERSON-3581,ordinary,False,,Entirely fictional test record
BEN-003583,PERSON-3582,ordinary,False,,Entirely fictional test record
BEN-003584,PERSON-3583,ordinary,False,,Entirely fictional test record
BEN-003585,PERSON-3584,ordinary,False,,Entirely fictional test record
BEN-003586,PERSON-3585,ordinary,False,,Entirely fictional test record
BEN-003587,PERSON-3586,ordinary,False,,Entirely fictional test record
BEN-003588,PERSON-3587,ordinary,False,,Entirely fictional test record
BEN-003589,PERSON-3588,ordinary,False,,Entirely fictional test record
BEN-003590,PERSON-3589,ordinary,False,,Entirely fictional test record
BEN-003591,PERSON-3590,ordinary,False,,Entirely fictional test record
BEN-003592,PERSON-3591,ordinary,False,,Entirely fictional test record
BEN-003593,PERSON-3592,ordinary,False,,Entirely fictional test record
BEN-003594,PERSON-3593,ordinary,False,,Entirely fictional test record
BEN-003595,PERSON-3594,ordinary,False,,Entirely fictional test record
BEN-003596,PERSON-3595,ordinary,False,,Entirely fictional test record
BEN-003597,PERSON-3596,ordinary,False,,Entirely fictional test record
BEN-003598,PERSON-3597,ordinary,False,,Entirely fictional test record
BEN-003599,PERSON-3598,ordinary,False,,Entirely fictional test record
BEN-003600,PERSON-3599,ordinary,False,,Entirely fictional test record
BEN-003601,PERSON-3600,ordinary,False,,Entirely fictional test record
BEN-003602,PERSON-3601,ordinary,False,,Entirely fictional test record
BEN-003603,PERSON-3602,ordinary,False,,Entirely fictional test record
BEN-003604,PERSON-3603,ordinary,False,,Entirely fictional test record
BEN-003605,PERSON-3604,ordinary,False,,Entirely fictional test record
BEN-003606,PERSON-3605,ordinary,False,,Entirely fictional test record
BEN-003607,PERSON-3606,ordinary,False,,Entirely fictional test record
BEN-003608,PERSON-3607,ordinary,False,,Entirely fictional test record
BEN-003609,PERSON-3608,ordinary,False,,Entirely fictional test record
BEN-003610,PERSON-3609,ordinary,False,,Entirely fictional test record
BEN-003611,PERSON-3610,ordinary,False,,Entirely fictional test record
BEN-003612,PERSON-3611,ordinary,False,,Entirely fictional test record
BEN-003613,PERSON-3612,ordinary,False,,Entirely fictional test record
BEN-003614,PERSON-3613,ordinary,False,,Entirely fictional test record
BEN-003615,PERSON-3614,ordinary,False,,Entirely fictional test record
BEN-003616,PERSON-3615,ordinary,False,,Entirely fictional test record
BEN-003617,PERSON-3616,ordinary,False,,Entirely fictional test record
BEN-003618,PERSON-3617,ordinary,False,,Entirely fictional test record
BEN-003619,PERSON-3618,ordinary,False,,Entirely fictional test record
BEN-003620,PERSON-3619,ordinary,False,,Entirely fictional test record
BEN-003621,PERSON-3620,ordinary,False,,Entirely fictional test record
BEN-003622,PERSON-3621,ordinary,False,,Entirely fictional test record
BEN-003623,PERSON-3622,ordinary,False,,Entirely fictional test record
BEN-003624,PERSON-3623,ordinary,False,,Entirely fictional test record
BEN-003625,PERSON-3624,ordinary,False,,Entirely fictional test record
BEN-003626,PERSON-3625,ordinary,False,,Entirely fictional test record
BEN-003627,PERSON-3626,ordinary,False,,Entirely fictional test record
BEN-003628,PERSON-3627,ordinary,False,,Entirely fictional test record
BEN-003629,PERSON-3628,ordinary,False,,Entirely fictional test record
BEN-003630,PERSON-3629,ordinary,False,,Entirely fictional test record
BEN-003631,PERSON-3630,ordinary,False,,Entirely fictional test record
BEN-003632,PERSON-3631,ordinary,False,,Entirely fictional test record
BEN-003633,PERSON-3632,ordinary,False,,Entirely fictional test record
BEN-003634,PERSON-3633,ordinary,False,,Entirely fictional test record
BEN-003635,PERSON-3634,ordinary,False,,Entirely fictional test record
BEN-003636,PERSON-3635,ordinary,False,,Entirely fictional test record
BEN-003637,PERSON-3636,ordinary,False,,Entirely fictional test record
BEN-003638,PERSON-3637,ordinary,False,,Entirely fictional test record
BEN-003639,PERSON-3638,ordinary,False,,Entirely fictional test record
BEN-003640,PERSON-3639,ordinary,False,,Entirely fictional test record
BEN-003641,PERSON-3640,ordinary,False,,Entirely fictional test record
BEN-003642,PERSON-3641,ordinary,False,,Entirely fictional test record
BEN-003643,PERSON-3642,ordinary,False,,Entirely fictional test record
BEN-003644,PERSON-3643,ordinary,False,,Entirely fictional test record
BEN-003645,PERSON-3644,ordinary,False,,Entirely fictional test record
BEN-003646,PERSON-3645,ordinary,False,,Entirely fictional test record
BEN-003647,PERSON-3646,ordinary,False,,Entirely fictional test record
BEN-003648,PERSON-3647,ordinary,False,,Entirely fictional test record
BEN-003649,PERSON-3648,ordinary,False,,Entirely fictional test record
BEN-003650,PERSON-3649,ordinary,False,,Entirely fictional test record
BEN-003651,PERSON-3650,ordinary,False,,Entirely fictional test record
BEN-003652,PERSON-3651,ordinary,False,,Entirely fictional test record
BEN-003653,PERSON-3652,ordinary,False,,Entirely fictional test record
BEN-003654,PERSON-3653,ordinary,False,,Entirely fictional test record
BEN-003655,PERSON-3654,ordinary,False,,Entirely fictional test record
BEN-003656,PERSON-3655,ordinary,False,,Entirely fictional test record
BEN-003657,PERSON-3656,ordinary,False,,Entirely fictional test record
BEN-003658,PERSON-3657,ordinary,False,,Entirely fictional test record
BEN-003659,PERSON-3658,ordinary,False,,Entirely fictional test record
BEN-003660,PERSON-3659,ordinary,False,,Entirely fictional test record
BEN-003661,PERSON-3660,ordinary,False,,Entirely fictional test record
BEN-003662,PERSON-3661,ordinary,False,,Entirely fictional test record
BEN-003663,PERSON-3662,ordinary,False,,Entirely fictional test record
BEN-003664,PERSON-3663,ordinary,False,,Entirely fictional test record
BEN-003665,PERSON-3664,ordinary,False,,Entirely fictional test record
BEN-003666,PERSON-3665,ordinary,False,,Entirely fictional test record
BEN-003667,PERSON-3666,ordinary,False,,Entirely fictional test record
BEN-003668,PERSON-3667,ordinary,False,,Entirely fictional test record
BEN-003669,PERSON-3668,ordinary,False,,Entirely fictional test record
BEN-003670,PERSON-3669,ordinary,False,,Entirely fictional test record
BEN-003671,PERSON-3670,ordinary,False,,Entirely fictional test record
BEN-003672,PERSON-3671,ordinary,False,,Entirely fictional test record
BEN-003673,PERSON-3672,ordinary,False,,Entirely fictional test record
BEN-003674,PERSON-3673,ordinary,False,,Entirely fictional test record
BEN-003675,PERSON-3674,ordinary,False,,Entirely fictional test record
BEN-003676,PERSON-3675,ordinary,False,,Entirely fictional test record
BEN-003677,PERSON-3676,ordinary,False,,Entirely fictional test record
BEN-003678,PERSON-3677,ordinary,False,,Entirely fictional test record
BEN-003679,PERSON-3678,ordinary,False,,Entirely fictional test record
BEN-003680,PERSON-3679,ordinary,False,,Entirely fictional test record
BEN-003681,PERSON-3680,ordinary,False,,Entirely fictional test record
BEN-003682,PERSON-3681,ordinary,False,,Entirely fictional test record
BEN-003683,PERSON-3682,ordinary,False,,Entirely fictional test record
BEN-003684,PERSON-3683,ordinary,False,,Entirely fictional test record
BEN-003685,PERSON-3684,ordinary,False,,Entirely fictional test record
BEN-003686,PERSON-3685,ordinary,False,,Entirely fictional test record
BEN-003687,PERSON-3686,ordinary,False,,Entirely fictional test record
BEN-003688,PERSON-3687,ordinary,False,,Entirely fictional test record
BEN-003689,PERSON-3688,ordinary,False,,Entirely fictional test record
BEN-003690,PERSON-3689,ordinary,False,,Entirely fictional test record
BEN-003691,PERSON-3690,ordinary,False,,Entirely fictional test record
BEN-003692,PERSON-3691,ordinary,False,,Entirely fictional test record
BEN-003693,PERSON-3692,ordinary,False,,Entirely fictional test record
BEN-003694,PERSON-3693,ordinary,False,,Entirely fictional test record
BEN-003695,PERSON-3694,ordinary,False,,Entirely fictional test record
BEN-003696,PERSON-3695,ordinary,False,,Entirely fictional test record
BEN-003697,PERSON-3696,ordinary,False,,Entirely fictional test record
BEN-003698,PERSON-3697,ordinary,False,,Entirely fictional test record
BEN-003699,PERSON-3698,ordinary,False,,Entirely fictional test record
BEN-003700,PERSON-3699,ordinary,False,,Entirely fictional test record
BEN-003701,PERSON-3700,ordinary,False,,Entirely fictional test record
BEN-003702,PERSON-3701,ordinary,False,,Entirely fictional test record
BEN-003703,PERSON-3702,ordinary,False,,Entirely fictional test record
BEN-003704,PERSON-3703,ordinary,False,,Entirely fictional test record
BEN-003705,PERSON-3704,ordinary,False,,Entirely fictional test record
BEN-003706,PERSON-3705,ordinary,False,,Entirely fictional test record
BEN-003707,PERSON-3706,ordinary,False,,Entirely fictional test record
BEN-003708,PERSON-3707,ordinary,False,,Entirely fictional test record
BEN-003709,PERSON-3708,ordinary,False,,Entirely fictional test record
BEN-003710,PERSON-3709,ordinary,False,,Entirely fictional test record
BEN-003711,PERSON-3710,ordinary,False,,Entirely fictional test record
BEN-003712,PERSON-3711,ordinary,False,,Entirely fictional test record
BEN-003713,PERSON-3712,ordinary,False,,Entirely fictional test record
BEN-003714,PERSON-3713,ordinary,False,,Entirely fictional test record
BEN-003715,PERSON-3714,ordinary,False,,Entirely fictional test record
BEN-003716,PERSON-3715,ordinary,False,,Entirely fictional test record
BEN-003717,PERSON-3716,ordinary,False,,Entirely fictional test record
BEN-003718,PERSON-3717,ordinary,False,,Entirely fictional test record
BEN-003719,PERSON-3718,ordinary,False,,Entirely fictional test record
BEN-003720,PERSON-3719,ordinary,False,,Entirely fictional test record
BEN-003721,PERSON-3720,ordinary,False,,Entirely fictional test record
BEN-003722,PERSON-3721,ordinary,False,,Entirely fictional test record
BEN-003723,PERSON-3722,ordinary,False,,Entirely fictional test record
BEN-003724,PERSON-3723,ordinary,False,,Entirely fictional test record
BEN-003725,PERSON-3724,ordinary,False,,Entirely fictional test record
BEN-003726,PERSON-3725,ordinary,False,,Entirely fictional test record
BEN-003727,PERSON-3726,ordinary,False,,Entirely fictional test record
BEN-003728,PERSON-3727,ordinary,False,,Entirely fictional test record
BEN-003729,PERSON-3728,ordinary,False,,Entirely fictional test record
BEN-003730,PERSON-3729,ordinary,False,,Entirely fictional test record
BEN-003731,PERSON-3730,ordinary,False,,Entirely fictional test record
BEN-003732,PERSON-3731,ordinary,False,,Entirely fictional test record
BEN-003733,PERSON-3732,ordinary,False,,Entirely fictional test record
BEN-003734,PERSON-3733,ordinary,False,,Entirely fictional test record
BEN-003735,PERSON-3734,ordinary,False,,Entirely fictional test record
BEN-003736,PERSON-3735,ordinary,False,,Entirely fictional test record
BEN-003737,PERSON-3736,ordinary,False,,Entirely fictional test record
BEN-003738,PERSON-3737,ordinary,False,,Entirely fictional test record
BEN-003739,PERSON-3738,ordinary,False,,Entirely fictional test record
BEN-003740,PERSON-3739,ordinary,False,,Entirely fictional test record
BEN-003741,PERSON-3740,ordinary,False,,Entirely fictional test record
BEN-003742,PERSON-3741,ordinary,False,,Entirely fictional test record
BEN-003743,PERSON-3742,ordinary,False,,Entirely fictional test record
BEN-003744,PERSON-3743,ordinary,False,,Entirely fictional test record
BEN-003745,PERSON-3744,ordinary,False,,Entirely fictional test record
BEN-003746,PERSON-3745,ordinary,False,,Entirely fictional test record
BEN-003747,PERSON-3746,ordinary,False,,Entirely fictional test record
BEN-003748,PERSON-3747,ordinary,False,,Entirely fictional test record
BEN-003749,PERSON-3748,ordinary,False,,Entirely fictional test record
BEN-003750,PERSON-3749,ordinary,False,,Entirely fictional test record
BEN-003751,PERSON-3750,ordinary,False,,Entirely fictional test record
BEN-003752,PERSON-3751,ordinary,False,,Entirely fictional test record
BEN-003753,PERSON-3752,ordinary,False,,Entirely fictional test record
BEN-003754,PERSON-3753,ordinary,False,,Entirely fictional test record
BEN-003755,PERSON-3754,ordinary,False,,Entirely fictional test record
BEN-003756,PERSON-3755,ordinary,False,,Entirely fictional test record
BEN-003757,PERSON-3756,ordinary,False,,Entirely fictional test record
BEN-003758,PERSON-3757,ordinary,False,,Entirely fictional test record
BEN-003759,PERSON-3758,ordinary,False,,Entirely fictional test record
BEN-003760,PERSON-3759,ordinary,False,,Entirely fictional test record
BEN-003761,PERSON-3760,ordinary,False,,Entirely fictional test record
BEN-003762,PERSON-3761,ordinary,False,,Entirely fictional test record
BEN-003763,PERSON-3762,ordinary,False,,Entirely fictional test record
BEN-003764,PERSON-3763,ordinary,False,,Entirely fictional test record
BEN-003765,PERSON-3764,ordinary,False,,Entirely fictional test record
BEN-003766,PERSON-3765,ordinary,False,,Entirely fictional test record
BEN-003767,PERSON-3766,ordinary,False,,Entirely fictional test record
BEN-003768,PERSON-3767,ordinary,False,,Entirely fictional test record
BEN-003769,PERSON-3768,ordinary,False,,Entirely fictional test record
BEN-003770,PERSON-3769,ordinary,False,,Entirely fictional test record
BEN-003771,PERSON-3770,ordinary,False,,Entirely fictional test record
BEN-003772,PERSON-3771,ordinary,False,,Entirely fictional test record
BEN-003773,PERSON-3772,ordinary,False,,Entirely fictional test record
BEN-003774,PERSON-3773,ordinary,False,,Entirely fictional test record
BEN-003775,PERSON-3774,ordinary,False,,Entirely fictional test record
BEN-003776,PERSON-3775,ordinary,False,,Entirely fictional test record
BEN-003777,PERSON-3776,ordinary,False,,Entirely fictional test record
BEN-003778,PERSON-3777,ordinary,False,,Entirely fictional test record
BEN-003779,PERSON-3778,ordinary,False,,Entirely fictional test record
BEN-003780,PERSON-3779,ordinary,False,,Entirely fictional test record
BEN-003781,PERSON-3780,ordinary,False,,Entirely fictional test record
BEN-003782,PERSON-3781,ordinary,False,,Entirely fictional test record
BEN-003783,PERSON-3782,ordinary,False,,Entirely fictional test record
BEN-003784,PERSON-3783,ordinary,False,,Entirely fictional test record
BEN-003785,PERSON-3784,ordinary,False,,Entirely fictional test record
BEN-003786,PERSON-3785,ordinary,False,,Entirely fictional test record
BEN-003787,PERSON-3786,ordinary,False,,Entirely fictional test record
BEN-003788,PERSON-3787,ordinary,False,,Entirely fictional test record
BEN-003789,PERSON-3788,ordinary,False,,Entirely fictional test record
BEN-003790,PERSON-3789,ordinary,False,,Entirely fictional test record
BEN-003791,PERSON-3790,ordinary,False,,Entirely fictional test record
BEN-003792,PERSON-3791,ordinary,False,,Entirely fictional test record
BEN-003793,PERSON-3792,ordinary,False,,Entirely fictional test record
BEN-003794,PERSON-3793,ordinary,False,,Entirely fictional test record
BEN-003795,PERSON-3794,ordinary,False,,Entirely fictional test record
BEN-003796,PERSON-3795,ordinary,False,,Entirely fictional test record
BEN-003797,PERSON-3796,ordinary,False,,Entirely fictional test record
BEN-003798,PERSON-3797,ordinary,False,,Entirely fictional test record
BEN-003799,PERSON-3798,ordinary,False,,Entirely fictional test record
BEN-003800,PERSON-3799,ordinary,False,,Entirely fictional test record
BEN-003801,PERSON-3800,ordinary,False,,Entirely fictional test record
BEN-003802,PERSON-3801,ordinary,False,,Entirely fictional test record
BEN-003803,PERSON-3802,ordinary,False,,Entirely fictional test record
BEN-003804,PERSON-3803,ordinary,False,,Entirely fictional test record
BEN-003805,PERSON-3804,ordinary,False,,Entirely fictional test record
BEN-003806,PERSON-3805,ordinary,False,,Entirely fictional test record
BEN-003807,PERSON-3806,ordinary,False,,Entirely fictional test record
BEN-003808,PERSON-3807,ordinary,False,,Entirely fictional test record
BEN-003809,PERSON-3808,ordinary,False,,Entirely fictional test record
BEN-003810,PERSON-3809,ordinary,False,,Entirely fictional test record
BEN-003811,PERSON-3810,ordinary,False,,Entirely fictional test record
BEN-003812,PERSON-3811,ordinary,False,,Entirely fictional test record
BEN-003813,PERSON-3812,ordinary,False,,Entirely fictional test record
BEN-003814,PERSON-3813,ordinary,False,,Entirely fictional test record
BEN-003815,PERSON-3814,ordinary,False,,Entirely fictional test record
BEN-003816,PERSON-3815,ordinary,False,,Entirely fictional test record
BEN-003817,PERSON-3816,ordinary,False,,Entirely fictional test record
BEN-003818,PERSON-3817,ordinary,False,,Entirely fictional test record
BEN-003819,PERSON-3818,ordinary,False,,Entirely fictional test record
BEN-003820,PERSON-3819,ordinary,False,,Entirely fictional test record
BEN-003821,PERSON-3820,ordinary,False,,Entirely fictional test record
BEN-003822,PERSON-3821,ordinary,False,,Entirely fictional test record
BEN-003823,PERSON-3822,ordinary,False,,Entirely fictional test record
BEN-003824,PERSON-3823,ordinary,False,,Entirely fictional test record
BEN-003825,PERSON-3824,ordinary,False,,Entirely fictional test record
BEN-003826,PERSON-3825,ordinary,False,,Entirely fictional test record
BEN-003827,PERSON-3826,ordinary,False,,Entirely fictional test record
BEN-003828,PERSON-3827,ordinary,False,,Entirely fictional test record
BEN-003829,PERSON-3828,ordinary,False,,Entirely fictional test record
BEN-003830,PERSON-3829,ordinary,False,,Entirely fictional test record
BEN-003831,PERSON-3830,ordinary,False,,Entirely fictional test record
BEN-003832,PERSON-3831,ordinary,False,,Entirely fictional test record
BEN-003833,PERSON-3832,ordinary,False,,Entirely fictional test record
BEN-003834,PERSON-3833,ordinary,False,,Entirely fictional test record
BEN-003835,PERSON-3834,ordinary,False,,Entirely fictional test record
BEN-003836,PERSON-3835,ordinary,False,,Entirely fictional test record
BEN-003837,PERSON-3836,ordinary,False,,Entirely fictional test record
BEN-003838,PERSON-3837,ordinary,False,,Entirely fictional test record
BEN-003839,PERSON-3838,ordinary,False,,Entirely fictional test record
BEN-003840,PERSON-3839,ordinary,False,,Entirely fictional test record
BEN-003841,PERSON-3840,ordinary,False,,Entirely fictional test record
BEN-003842,PERSON-3841,ordinary,False,,Entirely fictional test record
BEN-003843,PERSON-3842,ordinary,False,,Entirely fictional test record
BEN-003844,PERSON-3843,ordinary,False,,Entirely fictional test record
BEN-003845,PERSON-3844,ordinary,False,,Entirely fictional test record
BEN-003846,PERSON-3845,ordinary,False,,Entirely fictional test record
BEN-003847,PERSON-3846,ordinary,False,,Entirely fictional test record
BEN-003848,PERSON-3847,ordinary,False,,Entirely fictional test record
BEN-003849,PERSON-3848,ordinary,False,,Entirely fictional test record
BEN-003850,PERSON-3849,ordinary,False,,Entirely fictional test record
BEN-003851,PERSON-3850,ordinary,False,,Entirely fictional test record
BEN-003852,PERSON-3851,ordinary,False,,Entirely fictional test record
BEN-003853,PERSON-3852,ordinary,False,,Entirely fictional test record
BEN-003854,PERSON-3853,ordinary,False,,Entirely fictional test record
BEN-003855,PERSON-3854,ordinary,False,,Entirely fictional test record
BEN-003856,PERSON-3855,ordinary,False,,Entirely fictional test record
BEN-003857,PERSON-3856,ordinary,False,,Entirely fictional test record
BEN-003858,PERSON-3857,ordinary,False,,Entirely fictional test record
BEN-003859,PERSON-3858,ordinary,False,,Entirely fictional test record
BEN-003860,PERSON-3859,ordinary,False,,Entirely fictional test record
BEN-003861,PERSON-3860,ordinary,False,,Entirely fictional test record
BEN-003862,PERSON-3861,ordinary,False,,Entirely fictional test record
BEN-003863,PERSON-3862,ordinary,False,,Entirely fictional test record
BEN-003864,PERSON-3863,ordinary,False,,Entirely fictional test record
BEN-003865,PERSON-3864,ordinary,False,,Entirely fictional test record
BEN-003866,PERSON-3865,ordinary,False,,Entirely fictional test record
BEN-003867,PERSON-3866,ordinary,False,,Entirely fictional test record
BEN-003868,PERSON-3867,ordinary,False,,Entirely fictional test record
BEN-003869,PERSON-3868,ordinary,False,,Entirely fictional test record
BEN-003870,PERSON-3869,ordinary,False,,Entirely fictional test record
BEN-003871,PERSON-3870,ordinary,False,,Entirely fictional test record
BEN-003872,PERSON-3871,ordinary,False,,Entirely fictional test record
BEN-003873,PERSON-3872,ordinary,False,,Entirely fictional test record
BEN-003874,PERSON-3873,ordinary,False,,Entirely fictional test record
BEN-003875,PERSON-3874,ordinary,False,,Entirely fictional test record
BEN-003876,PERSON-3875,ordinary,False,,Entirely fictional test record
BEN-003877,PERSON-3876,ordinary,False,,Entirely fictional test record
BEN-003878,PERSON-3877,ordinary,False,,Entirely fictional test record
BEN-003879,PERSON-3878,ordinary,False,,Entirely fictional test record
BEN-003880,PERSON-3879,ordinary,False,,Entirely fictional test record
BEN-003881,PERSON-3880,ordinary,False,,Entirely fictional test record
BEN-003882,PERSON-3881,ordinary,False,,Entirely fictional test record
BEN-003883,PERSON-3882,ordinary,False,,Entirely fictional test record
BEN-003884,PERSON-3883,ordinary,False,,Entirely fictional test record
BEN-003885,PERSON-3884,ordinary,False,,Entirely fictional test record
BEN-003886,PERSON-3885,ordinary,False,,Entirely fictional test record
BEN-003887,PERSON-3886,ordinary,False,,Entirely fictional test record
BEN-003888,PERSON-3887,ordinary,False,,Entirely fictional test record
BEN-003889,PERSON-3888,ordinary,False,,Entirely fictional test record
BEN-003890,PERSON-3889,ordinary,False,,Entirely fictional test record
BEN-003891,PERSON-3890,ordinary,False,,Entirely fictional test record
BEN-003892,PERSON-3891,ordinary,False,,Entirely fictional test record
BEN-003893,PERSON-3892,ordinary,False,,Entirely fictional test record
BEN-003894,PERSON-3893,ordinary,False,,Entirely fictional test record
BEN-003895,PERSON-3894,ordinary,False,,Entirely fictional test record
BEN-003896,PERSON-3895,ordinary,False,,Entirely fictional test record
BEN-003897,PERSON-3896,ordinary,False,,Entirely fictional test record
BEN-003898,PERSON-3897,ordinary,False,,Entirely fictional test record
BEN-003899,PERSON-3898,ordinary,False,,Entirely fictional test record
BEN-003900,PERSON-3899,ordinary,False,,Entirely fictional test record
BEN-003901,PERSON-3900,ordinary,False,,Entirely fictional test record
BEN-003902,PERSON-3901,ordinary,False,,Entirely fictional test record
BEN-003903,PERSON-3902,ordinary,False,,Entirely fictional test record
BEN-003904,PERSON-3903,ordinary,False,,Entirely fictional test record
BEN-003905,PERSON-3904,ordinary,False,,Entirely fictional test record
BEN-003906,PERSON-3905,ordinary,False,,Entirely fictional test record
BEN-003907,PERSON-3906,ordinary,False,,Entirely fictional test record
BEN-003908,PERSON-3907,ordinary,False,,Entirely fictional test record
BEN-003909,PERSON-3908,ordinary,False,,Entirely fictional test record
BEN-003910,PERSON-3909,ordinary,False,,Entirely fictional test record
BEN-003911,PERSON-3910,ordinary,False,,Entirely fictional test record
BEN-003912,PERSON-3911,ordinary,False,,Entirely fictional test record
BEN-003913,PERSON-3912,ordinary,False,,Entirely fictional test record
BEN-003914,PERSON-3913,ordinary,False,,Entirely fictional test record
BEN-003915,PERSON-3914,ordinary,False,,Entirely fictional test record
BEN-003916,PERSON-3915,ordinary,False,,Entirely fictional test record
BEN-003917,PERSON-3916,ordinary,False,,Entirely fictional test record
BEN-003918,PERSON-3917,ordinary,False,,Entirely fictional test record
BEN-003919,PERSON-3918,ordinary,False,,Entirely fictional test record
BEN-003920,PERSON-3919,ordinary,False,,Entirely fictional test record
BEN-003921,PERSON-3920,ordinary,False,,Entirely fictional test record
BEN-003922,PERSON-3921,ordinary,False,,Entirely fictional test record
BEN-003923,PERSON-3922,ordinary,False,,Entirely fictional test record
BEN-003924,PERSON-3923,ordinary,False,,Entirely fictional test record
BEN-003925,PERSON-3924,ordinary,False,,Entirely fictional test record
BEN-003926,PERSON-3925,ordinary,False,,Entirely fictional test record
BEN-003927,PERSON-3926,ordinary,False,,Entirely fictional test record
BEN-003928,PERSON-3927,ordinary,False,,Entirely fictional test record
BEN-003929,PERSON-3928,ordinary,False,,Entirely fictional test record
BEN-003930,PERSON-3929,ordinary,False,,Entirely fictional test record
BEN-003931,PERSON-3930,ordinary,False,,Entirely fictional test record
BEN-003932,PERSON-3931,ordinary,False,,Entirely fictional test record
BEN-003933,PERSON-3932,ordinary,False,,Entirely fictional test record
BEN-003934,PERSON-3933,ordinary,False,,Entirely fictional test record
BEN-003935,PERSON-3934,ordinary,False,,Entirely fictional test record
BEN-003936,PERSON-3935,ordinary,False,,Entirely fictional test record
BEN-003937,PERSON-3936,ordinary,False,,Entirely fictional test record
BEN-003938,PERSON-3937,ordinary,False,,Entirely fictional test record
BEN-003939,PERSON-3938,ordinary,False,,Entirely fictional test record
BEN-003940,PERSON-3939,ordinary,False,,Entirely fictional test record
BEN-003941,PERSON-3940,ordinary,False,,Entirely fictional test record
BEN-003942,PERSON-3941,ordinary,False,,Entirely fictional test record
BEN-003943,PERSON-3942,ordinary,False,,Entirely fictional test record
BEN-003944,PERSON-3943,ordinary,False,,Entirely fictional test record
BEN-003945,PERSON-3944,ordinary,False,,Entirely fictional test record
BEN-003946,PERSON-3945,ordinary,False,,Entirely fictional test record
BEN-003947,PERSON-3946,ordinary,False,,Entirely fictional test record
BEN-003948,PERSON-3947,ordinary,False,,Entirely fictional test record
BEN-003949,PERSON-3948,ordinary,False,,Entirely fictional test record
BEN-003950,PERSON-3949,ordinary,False,,Entirely fictional test record
BEN-003951,PERSON-3950,ordinary,False,,Entirely fictional test record
BEN-003952,PERSON-3951,ordinary,False,,Entirely fictional test record
BEN-003953,PERSON-3952,ordinary,False,,Entirely fictional test record
BEN-003954,PERSON-3953,ordinary,False,,Entirely fictional test record
BEN-003955,PERSON-3954,ordinary,False,,Entirely fictional test record
BEN-003956,PERSON-3955,ordinary,False,,Entirely fictional test record
BEN-003957,PERSON-3956,ordinary,False,,Entirely fictional test record
BEN-003958,PERSON-3957,ordinary,False,,Entirely fictional test record
BEN-003959,PERSON-3958,ordinary,False,,Entirely fictional test record
BEN-003960,PERSON-3959,ordinary,False,,Entirely fictional test record
BEN-003961,PERSON-3960,ordinary,False,,Entirely fictional test record
BEN-003962,PERSON-3961,ordinary,False,,Entirely fictional test record
BEN-003963,PERSON-3962,ordinary,False,,Entirely fictional test record
BEN-003964,PERSON-3963,ordinary,False,,Entirely fictional test record
BEN-003965,PERSON-3964,ordinary,False,,Entirely fictional test record
BEN-003966,PERSON-3965,ordinary,False,,Entirely fictional test record
BEN-003967,PERSON-3966,ordinary,False,,Entirely fictional test record
BEN-003968,PERSON-3967,ordinary,False,,Entirely fictional test record
BEN-003969,PERSON-3968,ordinary,False,,Entirely fictional test record
BEN-003970,PERSON-3969,ordinary,False,,Entirely fictional test record
BEN-003971,PERSON-3970,ordinary,False,,Entirely fictional test record
BEN-003972,PERSON-3971,ordinary,False,,Entirely fictional test record
BEN-003973,PERSON-3972,ordinary,False,,Entirely fictional test record
BEN-003974,PERSON-3973,ordinary,False,,Entirely fictional test record
BEN-003975,PERSON-3974,ordinary,False,,Entirely fictional test record
BEN-003976,PERSON-3975,ordinary,False,,Entirely fictional test record
BEN-003977,PERSON-3976,ordinary,False,,Entirely fictional test record
BEN-003978,PERSON-3977,ordinary,False,,Entirely fictional test record
BEN-003979,PERSON-3978,ordinary,False,,Entirely fictional test record
BEN-003980,PERSON-3979,ordinary,False,,Entirely fictional test record
BEN-003981,PERSON-3980,ordinary,False,,Entirely fictional test record
BEN-003982,PERSON-3981,ordinary,False,,Entirely fictional test record
BEN-003983,PERSON-3982,ordinary,False,,Entirely fictional test record
BEN-003984,PERSON-3983,ordinary,False,,Entirely fictional test record
BEN-003985,PERSON-3984,ordinary,False,,Entirely fictional test record
BEN-003986,PERSON-3985,ordinary,False,,Entirely fictional test record
BEN-003987,PERSON-3986,ordinary,False,,Entirely fictional test record
BEN-003988,PERSON-3987,ordinary,False,,Entirely fictional test record
BEN-003989,PERSON-3988,ordinary,False,,Entirely fictional test record
BEN-003990,PERSON-3989,ordinary,False,,Entirely fictional test record
BEN-003991,PERSON-3990,ordinary,False,,Entirely fictional test record
BEN-003992,PERSON-3991,ordinary,False,,Entirely fictional test record
BEN-003993,PERSON-3992,ordinary,False,,Entirely fictional test record
BEN-003994,PERSON-3993,ordinary,False,,Entirely fictional test record
BEN-003995,PERSON-3994,ordinary,False,,Entirely fictional test record
BEN-003996,PERSON-3995,ordinary,False,,Entirely fictional test record
BEN-003997,PERSON-3996,ordinary,False,,Entirely fictional test record
BEN-003998,PERSON-3997,ordinary,False,,Entirely fictional test record
BEN-003999,PERSON-3998,ordinary,False,,Entirely fictional test record
BEN-004000,PERSON-3999,ordinary,False,,Entirely fictional test record
BEN-004001,PERSON-4000,ordinary,False,,Entirely fictional test record
BEN-004002,PERSON-4001,ordinary,False,,Entirely fictional test record
BEN-004003,PERSON-4002,ordinary,False,,Entirely fictional test record
BEN-004004,PERSON-4003,ordinary,False,,Entirely fictional test record
BEN-004005,PERSON-4004,ordinary,False,,Entirely fictional test record
BEN-004006,PERSON-4005,ordinary,False,,Entirely fictional test record
BEN-004007,PERSON-4006,ordinary,False,,Entirely fictional test record
BEN-004008,PERSON-4007,ordinary,False,,Entirely fictional test record
BEN-004009,PERSON-4008,ordinary,False,,Entirely fictional test record
BEN-004010,PERSON-4009,ordinary,False,,Entirely fictional test record
BEN-004011,PERSON-4010,ordinary,False,,Entirely fictional test record
BEN-004012,PERSON-4011,ordinary,False,,Entirely fictional test record
BEN-004013,PERSON-4012,ordinary,False,,Entirely fictional test record
BEN-004014,PERSON-4013,ordinary,False,,Entirely fictional test record
BEN-004015,PERSON-4014,ordinary,False,,Entirely fictional test record
BEN-004016,PERSON-4015,ordinary,False,,Entirely fictional test record
BEN-004017,PERSON-4016,ordinary,False,,Entirely fictional test record
BEN-004018,PERSON-4017,ordinary,False,,Entirely fictional test record
BEN-004019,PERSON-4018,ordinary,False,,Entirely fictional test record
BEN-004020,PERSON-4019,ordinary,False,,Entirely fictional test record
BEN-004021,PERSON-4020,ordinary,False,,Entirely fictional test record
BEN-004022,PERSON-4021,ordinary,False,,Entirely fictional test record
BEN-004023,PERSON-4022,ordinary,False,,Entirely fictional test record
BEN-004024,PERSON-4023,ordinary,False,,Entirely fictional test record
BEN-004025,PERSON-4024,ordinary,False,,Entirely fictional test record
BEN-004026,PERSON-4025,ordinary,False,,Entirely fictional test record
BEN-004027,PERSON-4026,ordinary,False,,Entirely fictional test record
BEN-004028,PERSON-4027,ordinary,False,,Entirely fictional test record
BEN-004029,PERSON-4028,ordinary,False,,Entirely fictional test record
BEN-004030,PERSON-4029,ordinary,False,,Entirely fictional test record
BEN-004031,PERSON-4030,ordinary,False,,Entirely fictional test record
BEN-004032,PERSON-4031,ordinary,False,,Entirely fictional test record
BEN-004033,PERSON-4032,ordinary,False,,Entirely fictional test record
BEN-004034,PERSON-4033,ordinary,False,,Entirely fictional test record
BEN-004035,PERSON-4034,ordinary,False,,Entirely fictional test record
BEN-004036,PERSON-4035,ordinary,False,,Entirely fictional test record
BEN-004037,PERSON-4036,ordinary,False,,Entirely fictional test record
BEN-004038,PERSON-4037,ordinary,False,,Entirely fictional test record
BEN-004039,PERSON-4038,ordinary,False,,Entirely fictional test record
BEN-004040,PERSON-4039,ordinary,False,,Entirely fictional test record
BEN-004041,PERSON-4040,ordinary,False,,Entirely fictional test record
BEN-004042,PERSON-4041,ordinary,False,,Entirely fictional test record
BEN-004043,PERSON-4042,ordinary,False,,Entirely fictional test record
BEN-004044,PERSON-4043,ordinary,False,,Entirely fictional test record
BEN-004045,PERSON-4044,ordinary,False,,Entirely fictional test record
BEN-004046,PERSON-4045,ordinary,False,,Entirely fictional test record
BEN-004047,PERSON-4046,ordinary,False,,Entirely fictional test record
BEN-004048,PERSON-4047,ordinary,False,,Entirely fictional test record
BEN-004049,PERSON-4048,ordinary,False,,Entirely fictional test record
BEN-004050,PERSON-4049,ordinary,False,,Entirely fictional test record
BEN-004051,PERSON-4050,ordinary,False,,Entirely fictional test record
BEN-004052,PERSON-4051,ordinary,False,,Entirely fictional test record
BEN-004053,PERSON-4052,ordinary,False,,Entirely fictional test record
BEN-004054,PERSON-4053,ordinary,False,,Entirely fictional test record
BEN-004055,PERSON-4054,ordinary,False,,Entirely fictional test record
BEN-004056,PERSON-4055,ordinary,False,,Entirely fictional test record
BEN-004057,PERSON-4056,ordinary,False,,Entirely fictional test record
BEN-004058,PERSON-4057,ordinary,False,,Entirely fictional test record
BEN-004059,PERSON-4058,ordinary,False,,Entirely fictional test record
BEN-004060,PERSON-4059,ordinary,False,,Entirely fictional test record
BEN-004061,PERSON-4060,ordinary,False,,Entirely fictional test record
BEN-004062,PERSON-4061,ordinary,False,,Entirely fictional test record
BEN-004063,PERSON-4062,ordinary,False,,Entirely fictional test record
BEN-004064,PERSON-4063,ordinary,False,,Entirely fictional test record
BEN-004065,PERSON-4064,ordinary,False,,Entirely fictional test record
BEN-004066,PERSON-4065,ordinary,False,,Entirely fictional test record
BEN-004067,PERSON-4066,ordinary,False,,Entirely fictional test record
BEN-004068,PERSON-4067,ordinary,False,,Entirely fictional test record
BEN-004069,PERSON-4068,ordinary,False,,Entirely fictional test record
BEN-004070,PERSON-4069,ordinary,False,,Entirely fictional test record
BEN-004071,PERSON-4070,ordinary,False,,Entirely fictional test record
BEN-004072,PERSON-4071,ordinary,False,,Entirely fictional test record
BEN-004073,PERSON-4072,ordinary,False,,Entirely fictional test record
BEN-004074,PERSON-4073,ordinary,False,,Entirely fictional test record
BEN-004075,PERSON-4074,ordinary,False,,Entirely fictional test record
BEN-004076,PERSON-4075,ordinary,False,,Entirely fictional test record
BEN-004077,PERSON-4076,ordinary,False,,Entirely fictional test record
BEN-004078,PERSON-4077,ordinary,False,,Entirely fictional test record
BEN-004079,PERSON-4078,ordinary,False,,Entirely fictional test record
BEN-004080,PERSON-4079,ordinary,False,,Entirely fictional test record
BEN-004081,PERSON-4080,ordinary,False,,Entirely fictional test record
BEN-004082,PERSON-4081,ordinary,False,,Entirely fictional test record
BEN-004083,PERSON-4082,ordinary,False,,Entirely fictional test record
BEN-004084,PERSON-4083,ordinary,False,,Entirely fictional test record
BEN-004085,PERSON-4084,ordinary,False,,Entirely fictional test record
BEN-004086,PERSON-4085,ordinary,False,,Entirely fictional test record
BEN-004087,PERSON-4086,ordinary,False,,Entirely fictional test record
BEN-004088,PERSON-4087,ordinary,False,,Entirely fictional test record
BEN-004089,PERSON-4088,ordinary,False,,Entirely fictional test record
BEN-004090,PERSON-4089,ordinary,False,,Entirely fictional test record
BEN-004091,PERSON-4090,ordinary,False,,Entirely fictional test record
BEN-004092,PERSON-4091,ordinary,False,,Entirely fictional test record
BEN-004093,PERSON-4092,ordinary,False,,Entirely fictional test record
BEN-004094,PERSON-4093,ordinary,False,,Entirely fictional test record
BEN-004095,PERSON-4094,ordinary,False,,Entirely fictional test record
BEN-004096,PERSON-4095,ordinary,False,,Entirely fictional test record
BEN-004097,PERSON-4096,ordinary,False,,Entirely fictional test record
BEN-004098,PERSON-4097,ordinary,False,,Entirely fictional test record
BEN-004099,PERSON-4098,ordinary,False,,Entirely fictional test record
BEN-004100,PERSON-4099,ordinary,False,,Entirely fictional test record
BEN-004101,PERSON-4100,ordinary,False,,Entirely fictional test record
BEN-004102,PERSON-4101,ordinary,False,,Entirely fictional test record
BEN-004103,PERSON-4102,ordinary,False,,Entirely fictional test record
BEN-004104,PERSON-4103,ordinary,False,,Entirely fictional test record
BEN-004105,PERSON-4104,ordinary,False,,Entirely fictional test record
BEN-004106,PERSON-4105,ordinary,False,,Entirely fictional test record
BEN-004107,PERSON-4106,ordinary,False,,Entirely fictional test record
BEN-004108,PERSON-4107,ordinary,False,,Entirely fictional test record
BEN-004109,PERSON-4108,ordinary,False,,Entirely fictional test record
BEN-004110,PERSON-4109,ordinary,False,,Entirely fictional test record
BEN-004111,PERSON-4110,ordinary,False,,Entirely fictional test record
BEN-004112,PERSON-4111,ordinary,False,,Entirely fictional test record
BEN-004113,PERSON-4112,ordinary,False,,Entirely fictional test record
BEN-004114,PERSON-4113,ordinary,False,,Entirely fictional test record
BEN-004115,PERSON-4114,ordinary,False,,Entirely fictional test record
BEN-004116,PERSON-4115,ordinary,False,,Entirely fictional test record
BEN-004117,PERSON-4116,ordinary,False,,Entirely fictional test record
BEN-004118,PERSON-4117,ordinary,False,,Entirely fictional test record
BEN-004119,PERSON-4118,ordinary,False,,Entirely fictional test record
BEN-004120,PERSON-4119,ordinary,False,,Entirely fictional test record
BEN-004121,PERSON-4120,ordinary,False,,Entirely fictional test record
BEN-004122,PERSON-4121,ordinary,False,,Entirely fictional test record
BEN-004123,PERSON-4122,ordinary,False,,Entirely fictional test record
BEN-004124,PERSON-4123,ordinary,False,,Entirely fictional test record
BEN-004125,PERSON-4124,ordinary,False,,Entirely fictional test record
BEN-004126,PERSON-4125,ordinary,False,,Entirely fictional test record
BEN-004127,PERSON-4126,ordinary,False,,Entirely fictional test record
BEN-004128,PERSON-4127,ordinary,False,,Entirely fictional test record
BEN-004129,PERSON-4128,ordinary,False,,Entirely fictional test record
BEN-004130,PERSON-4129,ordinary,False,,Entirely fictional test record
BEN-004131,PERSON-4130,ordinary,False,,Entirely fictional test record
BEN-004132,PERSON-4131,ordinary,False,,Entirely fictional test record
BEN-004133,PERSON-4132,ordinary,False,,Entirely fictional test record
BEN-004134,PERSON-4133,ordinary,False,,Entirely fictional test record
BEN-004135,PERSON-4134,ordinary,False,,Entirely fictional test record
BEN-004136,PERSON-4135,ordinary,False,,Entirely fictional test record
BEN-004137,PERSON-4136,ordinary,False,,Entirely fictional test record
BEN-004138,PERSON-4137,ordinary,False,,Entirely fictional test record
BEN-004139,PERSON-4138,ordinary,False,,Entirely fictional test record
BEN-004140,PERSON-4139,ordinary,False,,Entirely fictional test record
BEN-004141,PERSON-4140,ordinary,False,,Entirely fictional test record
BEN-004142,PERSON-4141,ordinary,False,,Entirely fictional test record
BEN-004143,PERSON-4142,ordinary,False,,Entirely fictional test record
BEN-004144,PERSON-4143,ordinary,False,,Entirely fictional test record
BEN-004145,PERSON-4144,ordinary,False,,Entirely fictional test record
BEN-004146,PERSON-4145,ordinary,False,,Entirely fictional test record
BEN-004147,PERSON-4146,ordinary,False,,Entirely fictional test record
BEN-004148,PERSON-4147,ordinary,False,,Entirely fictional test record
BEN-004149,PERSON-4148,ordinary,False,,Entirely fictional test record
BEN-004150,PERSON-4149,ordinary,False,,Entirely fictional test record
BEN-004151,PERSON-4150,ordinary,False,,Entirely fictional test record
BEN-004152,PERSON-4151,ordinary,False,,Entirely fictional test record
BEN-004153,PERSON-4152,ordinary,False,,Entirely fictional test record
BEN-004154,PERSON-4153,ordinary,False,,Entirely fictional test record
BEN-004155,PERSON-4154,ordinary,False,,Entirely fictional test record
BEN-004156,PERSON-4155,ordinary,False,,Entirely fictional test record
BEN-004157,PERSON-4156,ordinary,False,,Entirely fictional test record
BEN-004158,PERSON-4157,ordinary,False,,Entirely fictional test record
BEN-004159,PERSON-4158,ordinary,False,,Entirely fictional test record
BEN-004160,PERSON-4159,ordinary,False,,Entirely fictional test record
BEN-004161,PERSON-4160,ordinary,False,,Entirely fictional test record
BEN-004162,PERSON-4161,ordinary,False,,Entirely fictional test record
BEN-004163,PERSON-4162,ordinary,False,,Entirely fictional test record
BEN-004164,PERSON-4163,ordinary,False,,Entirely fictional test record
BEN-004165,PERSON-4164,ordinary,False,,Entirely fictional test record
BEN-004166,PERSON-4165,ordinary,False,,Entirely fictional test record
BEN-004167,PERSON-4166,ordinary,False,,Entirely fictional test record
BEN-004168,PERSON-4167,ordinary,False,,Entirely fictional test record
BEN-004169,PERSON-4168,ordinary,False,,Entirely fictional test record
BEN-004170,PERSON-4169,ordinary,False,,Entirely fictional test record
BEN-004171,PERSON-4170,ordinary,False,,Entirely fictional test record
BEN-004172,PERSON-4171,ordinary,False,,Entirely fictional test record
BEN-004173,PERSON-4172,ordinary,False,,Entirely fictional test record
BEN-004174,PERSON-4173,ordinary,False,,Entirely fictional test record
BEN-004175,PERSON-4174,ordinary,False,,Entirely fictional test record
BEN-004176,PERSON-4175,ordinary,False,,Entirely fictional test record
BEN-004177,PERSON-4176,ordinary,False,,Entirely fictional test record
BEN-004178,PERSON-4177,ordinary,False,,Entirely fictional test record
BEN-004179,PERSON-4178,ordinary,False,,Entirely fictional test record
BEN-004180,PERSON-4179,ordinary,False,,Entirely fictional test record
BEN-004181,PERSON-4180,ordinary,False,,Entirely fictional test record
BEN-004182,PERSON-4181,ordinary,False,,Entirely fictional test record
BEN-004183,PERSON-4182,ordinary,False,,Entirely fictional test record
BEN-004184,PERSON-4183,ordinary,False,,Entirely fictional test record
BEN-004185,PERSON-4184,ordinary,False,,Entirely fictional test record
BEN-004186,PERSON-4185,ordinary,False,,Entirely fictional test record
BEN-004187,PERSON-4186,ordinary,False,,Entirely fictional test record
BEN-004188,PERSON-4187,ordinary,False,,Entirely fictional test record
BEN-004189,PERSON-4188,ordinary,False,,Entirely fictional test record
BEN-004190,PERSON-4189,ordinary,False,,Entirely fictional test record
BEN-004191,PERSON-4190,ordinary,False,,Entirely fictional test record
BEN-004192,PERSON-4191,ordinary,False,,Entirely fictional test record
BEN-004193,PERSON-4192,ordinary,False,,Entirely fictional test record
BEN-004194,PERSON-4193,ordinary,False,,Entirely fictional test record
BEN-004195,PERSON-4194,ordinary,False,,Entirely fictional test record
BEN-004196,PERSON-4195,ordinary,False,,Entirely fictional test record
BEN-004197,PERSON-4196,ordinary,False,,Entirely fictional test record
BEN-004198,PERSON-4197,ordinary,False,,Entirely fictional test record
BEN-004199,PERSON-4198,ordinary,False,,Entirely fictional test record
BEN-004200,PERSON-4199,ordinary,False,,Entirely fictional test record
BEN-004201,PERSON-4200,ordinary,False,,Entirely fictional test record
BEN-004202,PERSON-4201,ordinary,False,,Entirely fictional test record
BEN-004203,PERSON-4202,ordinary,False,,Entirely fictional test record
BEN-004204,PERSON-4203,ordinary,False,,Entirely fictional test record
BEN-004205,PERSON-4204,ordinary,False,,Entirely fictional test record
BEN-004206,PERSON-4205,ordinary,False,,Entirely fictional test record
BEN-004207,PERSON-4206,ordinary,False,,Entirely fictional test record
BEN-004208,PERSON-4207,ordinary,False,,Entirely fictional test record
BEN-004209,PERSON-4208,ordinary,False,,Entirely fictional test record
BEN-004210,PERSON-4209,ordinary,False,,Entirely fictional test record
BEN-004211,PERSON-4210,ordinary,False,,Entirely fictional test record
BEN-004212,PERSON-4211,ordinary,False,,Entirely fictional test record
BEN-004213,PERSON-4212,ordinary,False,,Entirely fictional test record
BEN-004214,PERSON-4213,ordinary,False,,Entirely fictional test record
BEN-004215,PERSON-4214,ordinary,False,,Entirely fictional test record
BEN-004216,PERSON-4215,ordinary,False,,Entirely fictional test record
BEN-004217,PERSON-4216,ordinary,False,,Entirely fictional test record
BEN-004218,PERSON-4217,ordinary,False,,Entirely fictional test record
BEN-004219,PERSON-4218,ordinary,False,,Entirely fictional test record
BEN-004220,PERSON-4219,ordinary,False,,Entirely fictional test record
BEN-004221,PERSON-4220,ordinary,False,,Entirely fictional test record
BEN-004222,PERSON-4221,ordinary,False,,Entirely fictional test record
BEN-004223,PERSON-4222,ordinary,False,,Entirely fictional test record
BEN-004224,PERSON-4223,ordinary,False,,Entirely fictional test record
BEN-004225,PERSON-4224,ordinary,False,,Entirely fictional test record
BEN-004226,PERSON-4225,ordinary,False,,Entirely fictional test record
BEN-004227,PERSON-4226,ordinary,False,,Entirely fictional test record
BEN-004228,PERSON-4227,ordinary,False,,Entirely fictional test record
BEN-004229,PERSON-4228,ordinary,False,,Entirely fictional test record
BEN-004230,PERSON-4229,ordinary,False,,Entirely fictional test record
BEN-004231,PERSON-4230,ordinary,False,,Entirely fictional test record
BEN-004232,PERSON-4231,ordinary,False,,Entirely fictional test record
BEN-004233,PERSON-4232,ordinary,False,,Entirely fictional test record
BEN-004234,PERSON-4233,ordinary,False,,Entirely fictional test record
BEN-004235,PERSON-4234,ordinary,False,,Entirely fictional test record
BEN-004236,PERSON-4235,ordinary,False,,Entirely fictional test record
BEN-004237,PERSON-4236,ordinary,False,,Entirely fictional test record
BEN-004238,PERSON-4237,ordinary,False,,Entirely fictional test record
BEN-004239,PERSON-4238,ordinary,False,,Entirely fictional test record
BEN-004240,PERSON-4239,ordinary,False,,Entirely fictional test record
BEN-004241,PERSON-4240,ordinary,False,,Entirely fictional test record
BEN-004242,PERSON-4241,ordinary,False,,Entirely fictional test record
BEN-004243,PERSON-4242,ordinary,False,,Entirely fictional test record
BEN-004244,PERSON-4243,ordinary,False,,Entirely fictional test record
BEN-004245,PERSON-4244,ordinary,False,,Entirely fictional test record
BEN-004246,PERSON-4245,ordinary,False,,Entirely fictional test record
BEN-004247,PERSON-4246,ordinary,False,,Entirely fictional test record
BEN-004248,PERSON-4247,ordinary,False,,Entirely fictional test record
BEN-004249,PERSON-4248,ordinary,False,,Entirely fictional test record
BEN-004250,PERSON-4249,ordinary,False,,Entirely fictional test record
BEN-004251,PERSON-4250,ordinary,False,,Entirely fictional test record
BEN-004252,PERSON-4251,ordinary,False,,Entirely fictional test record
BEN-004253,PERSON-4252,ordinary,False,,Entirely fictional test record
BEN-004254,PERSON-4253,ordinary,False,,Entirely fictional test record
BEN-004255,PERSON-4254,ordinary,False,,Entirely fictional test record
BEN-004256,PERSON-4255,ordinary,False,,Entirely fictional test record
BEN-004257,PERSON-4256,ordinary,False,,Entirely fictional test record
BEN-004258,PERSON-4257,ordinary,False,,Entirely fictional test record
BEN-004259,PERSON-4258,ordinary,False,,Entirely fictional test record
BEN-004260,PERSON-4259,ordinary,False,,Entirely fictional test record
BEN-004261,PERSON-4260,ordinary,False,,Entirely fictional test record
BEN-004262,PERSON-4261,ordinary,False,,Entirely fictional test record
BEN-004263,PERSON-4262,ordinary,False,,Entirely fictional test record
BEN-004264,PERSON-4263,ordinary,False,,Entirely fictional test record
BEN-004265,PERSON-4264,ordinary,False,,Entirely fictional test record
BEN-004266,PERSON-4265,ordinary,False,,Entirely fictional test record
BEN-004267,PERSON-4266,ordinary,False,,Entirely fictional test record
BEN-004268,PERSON-4267,ordinary,False,,Entirely fictional test record
BEN-004269,PERSON-4268,ordinary,False,,Entirely fictional test record
BEN-004270,PERSON-4269,ordinary,False,,Entirely fictional test record
BEN-004271,PERSON-4270,ordinary,False,,Entirely fictional test record
BEN-004272,PERSON-4271,ordinary,False,,Entirely fictional test record
BEN-004273,PERSON-4272,ordinary,False,,Entirely fictional test record
BEN-004274,PERSON-4273,ordinary,False,,Entirely fictional test record
BEN-004275,PERSON-4274,ordinary,False,,Entirely fictional test record
BEN-004276,PERSON-4275,ordinary,False,,Entirely fictional test record
BEN-004277,PERSON-4276,ordinary,False,,Entirely fictional test record
BEN-004278,PERSON-4277,ordinary,False,,Entirely fictional test record
BEN-004279,PERSON-4278,ordinary,False,,Entirely fictional test record
BEN-004280,PERSON-4279,ordinary,False,,Entirely fictional test record
BEN-004281,PERSON-4280,ordinary,False,,Entirely fictional test record
BEN-004282,PERSON-4281,ordinary,False,,Entirely fictional test record
BEN-004283,PERSON-4282,ordinary,False,,Entirely fictional test record
BEN-004284,PERSON-4283,ordinary,False,,Entirely fictional test record
BEN-004285,PERSON-4284,ordinary,False,,Entirely fictional test record
BEN-004286,PERSON-4285,ordinary,False,,Entirely fictional test record
BEN-004287,PERSON-4286,ordinary,False,,Entirely fictional test record
BEN-004288,PERSON-4287,ordinary,False,,Entirely fictional test record
BEN-004289,PERSON-4288,ordinary,False,,Entirely fictional test record
BEN-004290,PERSON-4289,ordinary,False,,Entirely fictional test record
BEN-004291,PERSON-4290,ordinary,False,,Entirely fictional test record
BEN-004292,PERSON-4291,ordinary,False,,Entirely fictional test record
BEN-004293,PERSON-4292,ordinary,False,,Entirely fictional test record
BEN-004294,PERSON-4293,ordinary,False,,Entirely fictional test record
BEN-004295,PERSON-4294,ordinary,False,,Entirely fictional test record
BEN-004296,PERSON-4295,ordinary,False,,Entirely fictional test record
BEN-004297,PERSON-4296,ordinary,False,,Entirely fictional test record
BEN-004298,PERSON-4297,ordinary,False,,Entirely fictional test record
BEN-004299,PERSON-4298,ordinary,False,,Entirely fictional test record
BEN-004300,PERSON-4299,ordinary,False,,Entirely fictional test record
BEN-004301,PERSON-4300,ordinary,False,,Entirely fictional test record
BEN-004302,PERSON-4301,ordinary,False,,Entirely fictional test record
BEN-004303,PERSON-4302,ordinary,False,,Entirely fictional test record
BEN-004304,PERSON-4303,ordinary,False,,Entirely fictional test record
BEN-004305,PERSON-4304,ordinary,False,,Entirely fictional test record
BEN-004306,PERSON-4305,ordinary,False,,Entirely fictional test record
BEN-004307,PERSON-4306,ordinary,False,,Entirely fictional test record
BEN-004308,PERSON-4307,ordinary,False,,Entirely fictional test record
BEN-004309,PERSON-4308,ordinary,False,,Entirely fictional test record
BEN-004310,PERSON-4309,ordinary,False,,Entirely fictional test record
BEN-004311,PERSON-4310,ordinary,False,,Entirely fictional test record
BEN-004312,PERSON-4311,ordinary,False,,Entirely fictional test record
BEN-004313,PERSON-4312,ordinary,False,,Entirely fictional test record
BEN-004314,PERSON-4313,ordinary,False,,Entirely fictional test record
BEN-004315,PERSON-4314,ordinary,False,,Entirely fictional test record
BEN-004316,PERSON-4315,ordinary,False,,Entirely fictional test record
BEN-004317,PERSON-4316,ordinary,False,,Entirely fictional test record
BEN-004318,PERSON-4317,ordinary,False,,Entirely fictional test record
BEN-004319,PERSON-4318,ordinary,False,,Entirely fictional test record
BEN-004320,PERSON-4319,ordinary,False,,Entirely fictional test record
BEN-004321,PERSON-4320,ordinary,False,,Entirely fictional test record
BEN-004322,PERSON-4321,ordinary,False,,Entirely fictional test record
BEN-004323,PERSON-4322,ordinary,False,,Entirely fictional test record
BEN-004324,PERSON-4323,ordinary,False,,Entirely fictional test record
BEN-004325,PERSON-4324,ordinary,False,,Entirely fictional test record
BEN-004326,PERSON-4325,ordinary,False,,Entirely fictional test record
BEN-004327,PERSON-4326,ordinary,False,,Entirely fictional test record
BEN-004328,PERSON-4327,ordinary,False,,Entirely fictional test record
BEN-004329,PERSON-4328,ordinary,False,,Entirely fictional test record
BEN-004330,PERSON-4329,ordinary,False,,Entirely fictional test record
BEN-004331,PERSON-4330,ordinary,False,,Entirely fictional test record
BEN-004332,PERSON-4331,ordinary,False,,Entirely fictional test record
BEN-004333,PERSON-4332,ordinary,False,,Entirely fictional test record
BEN-004334,PERSON-4333,ordinary,False,,Entirely fictional test record
BEN-004335,PERSON-4334,ordinary,False,,Entirely fictional test record
BEN-004336,PERSON-4335,ordinary,False,,Entirely fictional test record
BEN-004337,PERSON-4336,ordinary,False,,Entirely fictional test record
BEN-004338,PERSON-4337,ordinary,False,,Entirely fictional test record
BEN-004339,PERSON-4338,ordinary,False,,Entirely fictional test record
BEN-004340,PERSON-4339,ordinary,False,,Entirely fictional test record
BEN-004341,PERSON-4340,ordinary,False,,Entirely fictional test record
BEN-004342,PERSON-4341,ordinary,False,,Entirely fictional test record
BEN-004343,PERSON-4342,ordinary,False,,Entirely fictional test record
BEN-004344,PERSON-4343,ordinary,False,,Entirely fictional test record
BEN-004345,PERSON-4344,ordinary,False,,Entirely fictional test record
BEN-004346,PERSON-4345,ordinary,False,,Entirely fictional test record
BEN-004347,PERSON-4346,ordinary,False,,Entirely fictional test record
BEN-004348,PERSON-4347,ordinary,False,,Entirely fictional test record
BEN-004349,PERSON-4348,ordinary,False,,Entirely fictional test record
BEN-004350,PERSON-4349,ordinary,False,,Entirely fictional test record
BEN-004351,PERSON-4350,ordinary,False,,Entirely fictional test record
BEN-004352,PERSON-4351,ordinary,False,,Entirely fictional test record
BEN-004353,PERSON-4352,ordinary,False,,Entirely fictional test record
BEN-004354,PERSON-4353,ordinary,False,,Entirely fictional test record
BEN-004355,PERSON-4354,ordinary,False,,Entirely fictional test record
BEN-004356,PERSON-4355,ordinary,False,,Entirely fictional test record
BEN-004357,PERSON-4356,ordinary,False,,Entirely fictional test record
BEN-004358,PERSON-4357,ordinary,False,,Entirely fictional test record
BEN-004359,PERSON-4358,ordinary,False,,Entirely fictional test record
BEN-004360,PERSON-4359,ordinary,False,,Entirely fictional test record
BEN-004361,PERSON-4360,ordinary,False,,Entirely fictional test record
BEN-004362,PERSON-4361,ordinary,False,,Entirely fictional test record
BEN-004363,PERSON-4362,ordinary,False,,Entirely fictional test record
BEN-004364,PERSON-4363,ordinary,False,,Entirely fictional test record
BEN-004365,PERSON-4364,ordinary,False,,Entirely fictional test record
BEN-004366,PERSON-4365,ordinary,False,,Entirely fictional test record
BEN-004367,PERSON-4366,ordinary,False,,Entirely fictional test record
BEN-004368,PERSON-4367,ordinary,False,,Entirely fictional test record
BEN-004369,PERSON-4368,ordinary,False,,Entirely fictional test record
BEN-004370,PERSON-4369,ordinary,False,,Entirely fictional test record
BEN-004371,PERSON-4370,ordinary,False,,Entirely fictional test record
BEN-004372,PERSON-4371,ordinary,False,,Entirely fictional test record
BEN-004373,PERSON-4372,ordinary,False,,Entirely fictional test record
BEN-004374,PERSON-4373,ordinary,False,,Entirely fictional test record
BEN-004375,PERSON-4374,ordinary,False,,Entirely fictional test record
BEN-004376,PERSON-4375,ordinary,False,,Entirely fictional test record
BEN-004377,PERSON-4376,ordinary,False,,Entirely fictional test record
BEN-004378,PERSON-4377,ordinary,False,,Entirely fictional test record
BEN-004379,PERSON-4378,ordinary,False,,Entirely fictional test record
BEN-004380,PERSON-4379,ordinary,False,,Entirely fictional test record
BEN-004381,PERSON-4380,ordinary,False,,Entirely fictional test record
BEN-004382,PERSON-4381,ordinary,False,,Entirely fictional test record
BEN-004383,PERSON-4382,ordinary,False,,Entirely fictional test record
BEN-004384,PERSON-4383,ordinary,False,,Entirely fictional test record
BEN-004385,PERSON-4384,ordinary,False,,Entirely fictional test record
BEN-004386,PERSON-4385,ordinary,False,,Entirely fictional test record
BEN-004387,PERSON-4386,ordinary,False,,Entirely fictional test record
BEN-004388,PERSON-4387,ordinary,False,,Entirely fictional test record
BEN-004389,PERSON-4388,ordinary,False,,Entirely fictional test record
BEN-004390,PERSON-4389,ordinary,False,,Entirely fictional test record
BEN-004391,PERSON-4390,ordinary,False,,Entirely fictional test record
BEN-004392,PERSON-4391,ordinary,False,,Entirely fictional test record
BEN-004393,PERSON-4392,ordinary,False,,Entirely fictional test record
BEN-004394,PERSON-4393,ordinary,False,,Entirely fictional test record
BEN-004395,PERSON-4394,ordinary,False,,Entirely fictional test record
BEN-004396,PERSON-4395,ordinary,False,,Entirely fictional test record
BEN-004397,PERSON-4396,ordinary,False,,Entirely fictional test record
BEN-004398,PERSON-4397,ordinary,False,,Entirely fictional test record
BEN-004399,PERSON-4398,ordinary,False,,Entirely fictional test record
BEN-004400,PERSON-4399,ordinary,False,,Entirely fictional test record
BEN-004401,PERSON-4400,ordinary,False,,Entirely fictional test record
BEN-004402,PERSON-4401,ordinary,False,,Entirely fictional test record
BEN-004403,PERSON-4402,ordinary,False,,Entirely fictional test record
BEN-004404,PERSON-4403,ordinary,False,,Entirely fictional test record
BEN-004405,PERSON-4404,ordinary,False,,Entirely fictional test record
BEN-004406,PERSON-4405,ordinary,False,,Entirely fictional test record
BEN-004407,PERSON-4406,ordinary,False,,Entirely fictional test record
BEN-004408,PERSON-4407,ordinary,False,,Entirely fictional test record
BEN-004409,PERSON-4408,ordinary,False,,Entirely fictional test record
BEN-004410,PERSON-4409,ordinary,False,,Entirely fictional test record
BEN-004411,PERSON-4410,ordinary,False,,Entirely fictional test record
BEN-004412,PERSON-4411,ordinary,False,,Entirely fictional test record
BEN-004413,PERSON-4412,ordinary,False,,Entirely fictional test record
BEN-004414,PERSON-4413,ordinary,False,,Entirely fictional test record
BEN-004415,PERSON-4414,ordinary,False,,Entirely fictional test record
BEN-004416,PERSON-4415,ordinary,False,,Entirely fictional test record
BEN-004417,PERSON-4416,ordinary,False,,Entirely fictional test record
BEN-004418,PERSON-4417,ordinary,False,,Entirely fictional test record
BEN-004419,PERSON-4418,ordinary,False,,Entirely fictional test record
BEN-004420,PERSON-4419,ordinary,False,,Entirely fictional test record
BEN-004421,PERSON-4420,ordinary,False,,Entirely fictional test record
BEN-004422,PERSON-4421,ordinary,False,,Entirely fictional test record
BEN-004423,PERSON-4422,ordinary,False,,Entirely fictional test record
BEN-004424,PERSON-4423,ordinary,False,,Entirely fictional test record
BEN-004425,PERSON-4424,ordinary,False,,Entirely fictional test record
BEN-004426,PERSON-4425,ordinary,False,,Entirely fictional test record
BEN-004427,PERSON-4426,ordinary,False,,Entirely fictional test record
BEN-004428,PERSON-4427,ordinary,False,,Entirely fictional test record
BEN-004429,PERSON-4428,ordinary,False,,Entirely fictional test record
BEN-004430,PERSON-4429,ordinary,False,,Entirely fictional test record
BEN-004431,PERSON-4430,ordinary,False,,Entirely fictional test record
BEN-004432,PERSON-4431,ordinary,False,,Entirely fictional test record
BEN-004433,PERSON-4432,ordinary,False,,Entirely fictional test record
BEN-004434,PERSON-4433,ordinary,False,,Entirely fictional test record
BEN-004435,PERSON-4434,ordinary,False,,Entirely fictional test record
BEN-004436,PERSON-4435,ordinary,False,,Entirely fictional test record
BEN-004437,PERSON-4436,ordinary,False,,Entirely fictional test record
BEN-004438,PERSON-4437,ordinary,False,,Entirely fictional test record
BEN-004439,PERSON-4438,ordinary,False,,Entirely fictional test record
BEN-004440,PERSON-4439,ordinary,False,,Entirely fictional test record
BEN-004441,PERSON-4440,ordinary,False,,Entirely fictional test record
BEN-004442,PERSON-4441,ordinary,False,,Entirely fictional test record
BEN-004443,PERSON-4442,ordinary,False,,Entirely fictional test record
BEN-004444,PERSON-4443,ordinary,False,,Entirely fictional test record
BEN-004445,PERSON-4444,ordinary,False,,Entirely fictional test record
BEN-004446,PERSON-4445,ordinary,False,,Entirely fictional test record
BEN-004447,PERSON-4446,ordinary,False,,Entirely fictional test record
BEN-004448,PERSON-4447,ordinary,False,,Entirely fictional test record
BEN-004449,PERSON-4448,ordinary,False,,Entirely fictional test record
BEN-004450,PERSON-4449,ordinary,False,,Entirely fictional test record
BEN-004451,PERSON-4450,ordinary,False,,Entirely fictional test record
BEN-004452,PERSON-4451,ordinary,False,,Entirely fictional test record
BEN-004453,PERSON-4452,ordinary,False,,Entirely fictional test record
BEN-004454,PERSON-4453,ordinary,False,,Entirely fictional test record
BEN-004455,PERSON-4454,ordinary,False,,Entirely fictional test record
BEN-004456,PERSON-4455,ordinary,False,,Entirely fictional test record
BEN-004457,PERSON-4456,ordinary,False,,Entirely fictional test record
BEN-004458,PERSON-4457,ordinary,False,,Entirely fictional test record
BEN-004459,PERSON-4458,ordinary,False,,Entirely fictional test record
BEN-004460,PERSON-4459,ordinary,False,,Entirely fictional test record
BEN-004461,PERSON-4460,ordinary,False,,Entirely fictional test record
BEN-004462,PERSON-4461,ordinary,False,,Entirely fictional test record
BEN-004463,PERSON-4462,ordinary,False,,Entirely fictional test record
BEN-004464,PERSON-4463,ordinary,False,,Entirely fictional test record
BEN-004465,PERSON-4464,ordinary,False,,Entirely fictional test record
BEN-004466,PERSON-4465,ordinary,False,,Entirely fictional test record
BEN-004467,PERSON-4466,ordinary,False,,Entirely fictional test record
BEN-004468,PERSON-4467,ordinary,False,,Entirely fictional test record
BEN-004469,PERSON-4468,ordinary,False,,Entirely fictional test record
BEN-004470,PERSON-4469,ordinary,False,,Entirely fictional test record
BEN-004471,PERSON-4470,ordinary,False,,Entirely fictional test record
BEN-004472,PERSON-4471,ordinary,False,,Entirely fictional test record
BEN-004473,PERSON-4472,ordinary,False,,Entirely fictional test record
BEN-004474,PERSON-4473,ordinary,False,,Entirely fictional test record
BEN-004475,PERSON-4474,ordinary,False,,Entirely fictional test record
BEN-004476,PERSON-4475,ordinary,False,,Entirely fictional test record
BEN-004477,PERSON-4476,ordinary,False,,Entirely fictional test record
BEN-004478,PERSON-4477,ordinary,False,,Entirely fictional test record
BEN-004479,PERSON-4478,ordinary,False,,Entirely fictional test record
BEN-004480,PERSON-4479,ordinary,False,,Entirely fictional test record
BEN-004481,PERSON-4480,ordinary,False,,Entirely fictional test record
BEN-004482,PERSON-4481,ordinary,False,,Entirely fictional test record
BEN-004483,PERSON-4482,ordinary,False,,Entirely fictional test record
BEN-004484,PERSON-4483,ordinary,False,,Entirely fictional test record
BEN-004485,PERSON-4484,ordinary,False,,Entirely fictional test record
BEN-004486,PERSON-4485,ordinary,False,,Entirely fictional test record
BEN-004487,PERSON-4486,ordinary,False,,Entirely fictional test record
BEN-004488,PERSON-4487,ordinary,False,,Entirely fictional test record
BEN-004489,PERSON-4488,ordinary,False,,Entirely fictional test record
BEN-004490,PERSON-4489,ordinary,False,,Entirely fictional test record
BEN-004491,PERSON-4490,ordinary,False,,Entirely fictional test record
BEN-004492,PERSON-4491,ordinary,False,,Entirely fictional test record
BEN-004493,PERSON-4492,ordinary,False,,Entirely fictional test record
BEN-004494,PERSON-4493,ordinary,False,,Entirely fictional test record
BEN-004495,PERSON-4494,ordinary,False,,Entirely fictional test record
BEN-004496,PERSON-4495,ordinary,False,,Entirely fictional test record
BEN-004497,PERSON-4496,ordinary,False,,Entirely fictional test record
BEN-004498,PERSON-4497,ordinary,False,,Entirely fictional test record
BEN-004499,PERSON-4498,ordinary,False,,Entirely fictional test record
BEN-004500,PERSON-4499,ordinary,False,,Entirely fictional test record
BEN-004501,PERSON-4500,ordinary,False,,Entirely fictional test record
BEN-004502,PERSON-4501,ordinary,False,,Entirely fictional test record
BEN-004503,PERSON-4502,ordinary,False,,Entirely fictional test record
BEN-004504,PERSON-4503,ordinary,False,,Entirely fictional test record
BEN-004505,PERSON-4504,ordinary,False,,Entirely fictional test record
BEN-004506,PERSON-4505,ordinary,False,,Entirely fictional test record
BEN-004507,PERSON-4506,ordinary,False,,Entirely fictional test record
BEN-004508,PERSON-4507,ordinary,False,,Entirely fictional test record
BEN-004509,PERSON-4508,ordinary,False,,Entirely fictional test record
BEN-004510,PERSON-4509,ordinary,False,,Entirely fictional test record
BEN-004511,PERSON-4510,ordinary,False,,Entirely fictional test record
BEN-004512,PERSON-4511,ordinary,False,,Entirely fictional test record
BEN-004513,PERSON-4512,ordinary,False,,Entirely fictional test record
BEN-004514,PERSON-4513,ordinary,False,,Entirely fictional test record
BEN-004515,PERSON-4514,ordinary,False,,Entirely fictional test record
BEN-004516,PERSON-4515,ordinary,False,,Entirely fictional test record
BEN-004517,PERSON-4516,ordinary,False,,Entirely fictional test record
BEN-004518,PERSON-4517,ordinary,False,,Entirely fictional test record
BEN-004519,PERSON-4518,ordinary,False,,Entirely fictional test record
BEN-004520,PERSON-4519,ordinary,False,,Entirely fictional test record
BEN-004521,PERSON-4520,ordinary,False,,Entirely fictional test record
BEN-004522,PERSON-4521,ordinary,False,,Entirely fictional test record
BEN-004523,PERSON-4522,ordinary,False,,Entirely fictional test record
BEN-004524,PERSON-4523,ordinary,False,,Entirely fictional test record
BEN-004525,PERSON-4524,ordinary,False,,Entirely fictional test record
BEN-004526,PERSON-4525,ordinary,False,,Entirely fictional test record
BEN-004527,PERSON-4526,ordinary,False,,Entirely fictional test record
BEN-004528,PERSON-4527,ordinary,False,,Entirely fictional test record
BEN-004529,PERSON-4528,ordinary,False,,Entirely fictional test record
BEN-004530,PERSON-4529,ordinary,False,,Entirely fictional test record
BEN-004531,PERSON-4530,ordinary,False,,Entirely fictional test record
BEN-004532,PERSON-4531,ordinary,False,,Entirely fictional test record
BEN-004533,PERSON-4532,ordinary,False,,Entirely fictional test record
BEN-004534,PERSON-4533,ordinary,False,,Entirely fictional test record
BEN-004535,PERSON-4534,ordinary,False,,Entirely fictional test record
BEN-004536,PERSON-4535,ordinary,False,,Entirely fictional test record
BEN-004537,PERSON-4536,ordinary,False,,Entirely fictional test record
BEN-004538,PERSON-4537,ordinary,False,,Entirely fictional test record
BEN-004539,PERSON-4538,ordinary,False,,Entirely fictional test record
BEN-004540,PERSON-4539,ordinary,False,,Entirely fictional test record
BEN-004541,PERSON-4540,ordinary,False,,Entirely fictional test record
BEN-004542,PERSON-4541,ordinary,False,,Entirely fictional test record
BEN-004543,PERSON-4542,ordinary,False,,Entirely fictional test record
BEN-004544,PERSON-4543,ordinary,False,,Entirely fictional test record
BEN-004545,PERSON-4544,ordinary,False,,Entirely fictional test record
BEN-004546,PERSON-4545,ordinary,False,,Entirely fictional test record
BEN-004547,PERSON-4546,ordinary,False,,Entirely fictional test record
BEN-004548,PERSON-4547,ordinary,False,,Entirely fictional test record
BEN-004549,PERSON-4548,ordinary,False,,Entirely fictional test record
BEN-004550,PERSON-4549,ordinary,False,,Entirely fictional test record
BEN-004551,PERSON-4550,ordinary,False,,Entirely fictional test record
BEN-004552,PERSON-4551,ordinary,False,,Entirely fictional test record
BEN-004553,PERSON-4552,ordinary,False,,Entirely fictional test record
BEN-004554,PERSON-4553,ordinary,False,,Entirely fictional test record
BEN-004555,PERSON-4554,ordinary,False,,Entirely fictional test record
BEN-004556,PERSON-4555,ordinary,False,,Entirely fictional test record
BEN-004557,PERSON-4556,ordinary,False,,Entirely fictional test record
BEN-004558,PERSON-4557,ordinary,False,,Entirely fictional test record
BEN-004559,PERSON-4558,ordinary,False,,Entirely fictional test record
BEN-004560,PERSON-4559,ordinary,False,,Entirely fictional test record
BEN-004561,PERSON-4560,ordinary,False,,Entirely fictional test record
BEN-004562,PERSON-4561,ordinary,False,,Entirely fictional test record
BEN-004563,PERSON-4562,ordinary,False,,Entirely fictional test record
BEN-004564,PERSON-4563,ordinary,False,,Entirely fictional test record
BEN-004565,PERSON-4564,ordinary,False,,Entirely fictional test record
BEN-004566,PERSON-4565,ordinary,False,,Entirely fictional test record
BEN-004567,PERSON-4566,ordinary,False,,Entirely fictional test record
BEN-004568,PERSON-4567,ordinary,False,,Entirely fictional test record
BEN-004569,PERSON-4568,ordinary,False,,Entirely fictional test record
BEN-004570,PERSON-4569,ordinary,False,,Entirely fictional test record
BEN-004571,PERSON-4570,ordinary,False,,Entirely fictional test record
BEN-004572,PERSON-4571,ordinary,False,,Entirely fictional test record
BEN-004573,PERSON-4572,ordinary,False,,Entirely fictional test record
BEN-004574,PERSON-4573,ordinary,False,,Entirely fictional test record
BEN-004575,PERSON-4574,ordinary,False,,Entirely fictional test record
BEN-004576,PERSON-4575,ordinary,False,,Entirely fictional test record
BEN-004577,PERSON-4576,ordinary,False,,Entirely fictional test record
BEN-004578,PERSON-4577,ordinary,False,,Entirely fictional test record
BEN-004579,PERSON-4578,ordinary,False,,Entirely fictional test record
BEN-004580,PERSON-4579,ordinary,False,,Entirely fictional test record
BEN-004581,PERSON-4580,ordinary,False,,Entirely fictional test record
BEN-004582,PERSON-4581,ordinary,False,,Entirely fictional test record
BEN-004583,PERSON-4582,ordinary,False,,Entirely fictional test record
BEN-004584,PERSON-4583,ordinary,False,,Entirely fictional test record
BEN-004585,PERSON-4584,ordinary,False,,Entirely fictional test record
BEN-004586,PERSON-4585,ordinary,False,,Entirely fictional test record
BEN-004587,PERSON-4586,ordinary,False,,Entirely fictional test record
BEN-004588,PERSON-4587,ordinary,False,,Entirely fictional test record
BEN-004589,PERSON-4588,ordinary,False,,Entirely fictional test record
BEN-004590,PERSON-4589,ordinary,False,,Entirely fictional test record
BEN-004591,PERSON-4590,ordinary,False,,Entirely fictional test record
BEN-004592,PERSON-4591,ordinary,False,,Entirely fictional test record
BEN-004593,PERSON-4592,ordinary,False,,Entirely fictional test record
BEN-004594,PERSON-4593,ordinary,False,,Entirely fictional test record
BEN-004595,PERSON-4594,ordinary,False,,Entirely fictional test record
BEN-004596,PERSON-4595,ordinary,False,,Entirely fictional test record
BEN-004597,PERSON-4596,ordinary,False,,Entirely fictional test record
BEN-004598,PERSON-4597,ordinary,False,,Entirely fictional test record
BEN-004599,PERSON-4598,ordinary,False,,Entirely fictional test record
BEN-004600,PERSON-4599,ordinary,False,,Entirely fictional test record
BEN-004601,PERSON-4600,ordinary,False,,Entirely fictional test record
BEN-004602,PERSON-4601,ordinary,False,,Entirely fictional test record
BEN-004603,PERSON-4602,ordinary,False,,Entirely fictional test record
BEN-004604,PERSON-4603,ordinary,False,,Entirely fictional test record
BEN-004605,PERSON-4604,ordinary,False,,Entirely fictional test record
BEN-004606,PERSON-4605,ordinary,False,,Entirely fictional test record
BEN-004607,PERSON-4606,ordinary,False,,Entirely fictional test record
BEN-004608,PERSON-4607,ordinary,False,,Entirely fictional test record
BEN-004609,PERSON-4608,ordinary,False,,Entirely fictional test record
BEN-004610,PERSON-4609,ordinary,False,,Entirely fictional test record
BEN-004611,PERSON-4610,ordinary,False,,Entirely fictional test record
BEN-004612,PERSON-4611,ordinary,False,,Entirely fictional test record
BEN-004613,PERSON-4612,ordinary,False,,Entirely fictional test record
BEN-004614,PERSON-4613,ordinary,False,,Entirely fictional test record
BEN-004615,PERSON-4614,ordinary,False,,Entirely fictional test record
BEN-004616,PERSON-4615,ordinary,False,,Entirely fictional test record
BEN-004617,PERSON-4616,ordinary,False,,Entirely fictional test record
BEN-004618,PERSON-4617,ordinary,False,,Entirely fictional test record
BEN-004619,PERSON-4618,ordinary,False,,Entirely fictional test record
BEN-004620,PERSON-4619,ordinary,False,,Entirely fictional test record
BEN-004621,PERSON-4620,ordinary,False,,Entirely fictional test record
BEN-004622,PERSON-4621,ordinary,False,,Entirely fictional test record
BEN-004623,PERSON-4622,ordinary,False,,Entirely fictional test record
BEN-004624,PERSON-4623,ordinary,False,,Entirely fictional test record
BEN-004625,PERSON-4624,ordinary,False,,Entirely fictional test record
BEN-004626,PERSON-4625,ordinary,False,,Entirely fictional test record
BEN-004627,PERSON-4626,ordinary,False,,Entirely fictional test record
BEN-004628,PERSON-4627,ordinary,False,,Entirely fictional test record
BEN-004629,PERSON-4628,ordinary,False,,Entirely fictional test record
BEN-004630,PERSON-4629,ordinary,False,,Entirely fictional test record
BEN-004631,PERSON-4630,ordinary,False,,Entirely fictional test record
BEN-004632,PERSON-4631,ordinary,False,,Entirely fictional test record
BEN-004633,PERSON-4632,ordinary,False,,Entirely fictional test record
BEN-004634,PERSON-4633,ordinary,False,,Entirely fictional test record
BEN-004635,PERSON-4634,ordinary,False,,Entirely fictional test record
BEN-004636,PERSON-4635,ordinary,False,,Entirely fictional test record
BEN-004637,PERSON-4636,ordinary,False,,Entirely fictional test record
BEN-004638,PERSON-4637,ordinary,False,,Entirely fictional test record
BEN-004639,PERSON-4638,ordinary,False,,Entirely fictional test record
BEN-004640,PERSON-4639,ordinary,False,,Entirely fictional test record
BEN-004641,PERSON-4640,ordinary,False,,Entirely fictional test record
BEN-004642,PERSON-4641,ordinary,False,,Entirely fictional test record
BEN-004643,PERSON-4642,ordinary,False,,Entirely fictional test record
BEN-004644,PERSON-4643,ordinary,False,,Entirely fictional test record
BEN-004645,PERSON-4644,ordinary,False,,Entirely fictional test record
BEN-004646,PERSON-4645,ordinary,False,,Entirely fictional test record
BEN-004647,PERSON-4646,ordinary,False,,Entirely fictional test record
BEN-004648,PERSON-4647,ordinary,False,,Entirely fictional test record
BEN-004649,PERSON-4648,ordinary,False,,Entirely fictional test record
BEN-004650,PERSON-4649,ordinary,False,,Entirely fictional test record
BEN-004651,PERSON-4650,ordinary,False,,Entirely fictional test record
BEN-004652,PERSON-4651,ordinary,False,,Entirely fictional test record
BEN-004653,PERSON-4652,ordinary,False,,Entirely fictional test record
BEN-004654,PERSON-4653,ordinary,False,,Entirely fictional test record
BEN-004655,PERSON-4654,ordinary,False,,Entirely fictional test record
BEN-004656,PERSON-4655,ordinary,False,,Entirely fictional test record
BEN-004657,PERSON-4656,ordinary,False,,Entirely fictional test record
BEN-004658,PERSON-4657,ordinary,False,,Entirely fictional test record
BEN-004659,PERSON-4658,ordinary,False,,Entirely fictional test record
BEN-004660,PERSON-4659,ordinary,False,,Entirely fictional test record
BEN-004661,PERSON-4660,ordinary,False,,Entirely fictional test record
BEN-004662,PERSON-4661,ordinary,False,,Entirely fictional test record
BEN-004663,PERSON-4662,ordinary,False,,Entirely fictional test record
BEN-004664,PERSON-4663,ordinary,False,,Entirely fictional test record
BEN-004665,PERSON-4664,ordinary,False,,Entirely fictional test record
BEN-004666,PERSON-4665,ordinary,False,,Entirely fictional test record
BEN-004667,PERSON-4666,ordinary,False,,Entirely fictional test record
BEN-004668,PERSON-4667,ordinary,False,,Entirely fictional test record
BEN-004669,PERSON-4668,ordinary,False,,Entirely fictional test record
BEN-004670,PERSON-4669,ordinary,False,,Entirely fictional test record
BEN-004671,PERSON-4670,ordinary,False,,Entirely fictional test record
BEN-004672,PERSON-4671,ordinary,False,,Entirely fictional test record
BEN-004673,PERSON-4672,ordinary,False,,Entirely fictional test record
BEN-004674,PERSON-4673,ordinary,False,,Entirely fictional test record
BEN-004675,PERSON-4674,ordinary,False,,Entirely fictional test record
BEN-004676,PERSON-4675,ordinary,False,,Entirely fictional test record
BEN-004677,PERSON-4676,ordinary,False,,Entirely fictional test record
BEN-004678,PERSON-4677,ordinary,False,,Entirely fictional test record
BEN-004679,PERSON-4678,ordinary,False,,Entirely fictional test record
BEN-004680,PERSON-4679,ordinary,False,,Entirely fictional test record
BEN-004681,PERSON-4680,ordinary,False,,Entirely fictional test record
BEN-004682,PERSON-4681,ordinary,False,,Entirely fictional test record
BEN-004683,PERSON-4682,ordinary,False,,Entirely fictional test record
BEN-004684,PERSON-4683,ordinary,False,,Entirely fictional test record
BEN-004685,PERSON-4684,ordinary,False,,Entirely fictional test record
BEN-004686,PERSON-4685,ordinary,False,,Entirely fictional test record
BEN-004687,PERSON-4686,ordinary,False,,Entirely fictional test record
BEN-004688,PERSON-4687,ordinary,False,,Entirely fictional test record
BEN-004689,PERSON-4688,ordinary,False,,Entirely fictional test record
BEN-004690,PERSON-4689,ordinary,False,,Entirely fictional test record
BEN-004691,PERSON-4690,ordinary,False,,Entirely fictional test record
BEN-004692,PERSON-4691,ordinary,False,,Entirely fictional test record
BEN-004693,PERSON-4692,ordinary,False,,Entirely fictional test record
BEN-004694,PERSON-4693,ordinary,False,,Entirely fictional test record
BEN-004695,PERSON-4694,ordinary,False,,Entirely fictional test record
BEN-004696,PERSON-4695,ordinary,False,,Entirely fictional test record
BEN-004697,PERSON-4696,ordinary,False,,Entirely fictional test record
BEN-004698,PERSON-4697,ordinary,False,,Entirely fictional test record
BEN-004699,PERSON-4698,ordinary,False,,Entirely fictional test record
BEN-004700,PERSON-4699,ordinary,False,,Entirely fictional test record
BEN-004701,PERSON-4700,ordinary,False,,Entirely fictional test record
BEN-004702,PERSON-4701,ordinary,False,,Entirely fictional test record
BEN-004703,PERSON-4702,ordinary,False,,Entirely fictional test record
BEN-004704,PERSON-4703,ordinary,False,,Entirely fictional test record
BEN-004705,PERSON-4704,ordinary,False,,Entirely fictional test record
BEN-004706,PERSON-4705,ordinary,False,,Entirely fictional test record
BEN-004707,PERSON-4706,ordinary,False,,Entirely fictional test record
BEN-004708,PERSON-4707,ordinary,False,,Entirely fictional test record
BEN-004709,PERSON-4708,ordinary,False,,Entirely fictional test record
BEN-004710,PERSON-4709,ordinary,False,,Entirely fictional test record
BEN-004711,PERSON-4710,ordinary,False,,Entirely fictional test record
BEN-004712,PERSON-4711,ordinary,False,,Entirely fictional test record
BEN-004713,PERSON-4712,ordinary,False,,Entirely fictional test record
BEN-004714,PERSON-4713,ordinary,False,,Entirely fictional test record
BEN-004715,PERSON-4714,ordinary,False,,Entirely fictional test record
BEN-004716,PERSON-4715,ordinary,False,,Entirely fictional test record
BEN-004717,PERSON-4716,ordinary,False,,Entirely fictional test record
BEN-004718,PERSON-4717,ordinary,False,,Entirely fictional test record
BEN-004719,PERSON-4718,ordinary,False,,Entirely fictional test record
BEN-004720,PERSON-4719,ordinary,False,,Entirely fictional test record
BEN-004721,PERSON-4720,ordinary,False,,Entirely fictional test record
BEN-004722,PERSON-4721,ordinary,False,,Entirely fictional test record
BEN-004723,PERSON-4722,ordinary,False,,Entirely fictional test record
BEN-004724,PERSON-4723,ordinary,False,,Entirely fictional test record
BEN-004725,PERSON-4724,ordinary,False,,Entirely fictional test record
BEN-004726,PERSON-4725,ordinary,False,,Entirely fictional test record
BEN-004727,PERSON-4726,ordinary,False,,Entirely fictional test record
BEN-004728,PERSON-4727,ordinary,False,,Entirely fictional test record
BEN-004729,PERSON-4728,ordinary,False,,Entirely fictional test record
BEN-004730,PERSON-4729,ordinary,False,,Entirely fictional test record
BEN-004731,PERSON-4730,ordinary,False,,Entirely fictional test record
BEN-004732,PERSON-4731,ordinary,False,,Entirely fictional test record
BEN-004733,PERSON-4732,ordinary,False,,Entirely fictional test record
BEN-004734,PERSON-4733,ordinary,False,,Entirely fictional test record
BEN-004735,PERSON-4734,ordinary,False,,Entirely fictional test record
BEN-004736,PERSON-4735,ordinary,False,,Entirely fictional test record
BEN-004737,PERSON-4736,ordinary,False,,Entirely fictional test record
BEN-004738,PERSON-4737,ordinary,False,,Entirely fictional test record
BEN-004739,PERSON-4738,ordinary,False,,Entirely fictional test record
BEN-004740,PERSON-4739,ordinary,False,,Entirely fictional test record
BEN-004741,PERSON-4740,ordinary,False,,Entirely fictional test record
BEN-004742,PERSON-4741,ordinary,False,,Entirely fictional test record
BEN-004743,PERSON-4742,ordinary,False,,Entirely fictional test record
BEN-004744,PERSON-4743,ordinary,False,,Entirely fictional test record
BEN-004745,PERSON-4744,ordinary,False,,Entirely fictional test record
BEN-004746,PERSON-4745,ordinary,False,,Entirely fictional test record
BEN-004747,PERSON-4746,ordinary,False,,Entirely fictional test record
BEN-004748,PERSON-4747,ordinary,False,,Entirely fictional test record
BEN-004749,PERSON-4748,ordinary,False,,Entirely fictional test record
BEN-004750,PERSON-4749,ordinary,False,,Entirely fictional test record
BEN-004751,PERSON-4750,ordinary,False,,Entirely fictional test record
BEN-004752,PERSON-4751,ordinary,False,,Entirely fictional test record
BEN-004753,PERSON-4752,ordinary,False,,Entirely fictional test record
BEN-004754,PERSON-4753,ordinary,False,,Entirely fictional test record
BEN-004755,PERSON-4754,ordinary,False,,Entirely fictional test record
BEN-004756,PERSON-4755,ordinary,False,,Entirely fictional test record
BEN-004757,PERSON-4756,ordinary,False,,Entirely fictional test record
BEN-004758,PERSON-4757,ordinary,False,,Entirely fictional test record
BEN-004759,PERSON-4758,ordinary,False,,Entirely fictional test record
BEN-004760,PERSON-4759,ordinary,False,,Entirely fictional test record
BEN-004761,PERSON-4760,ordinary,False,,Entirely fictional test record
BEN-004762,PERSON-4761,ordinary,False,,Entirely fictional test record
BEN-004763,PERSON-4762,ordinary,False,,Entirely fictional test record
BEN-004764,PERSON-4763,ordinary,False,,Entirely fictional test record
BEN-004765,PERSON-4764,ordinary,False,,Entirely fictional test record
BEN-004766,PERSON-4765,ordinary,False,,Entirely fictional test record
BEN-004767,PERSON-4766,ordinary,False,,Entirely fictional test record
BEN-004768,PERSON-4767,ordinary,False,,Entirely fictional test record
BEN-004769,PERSON-4768,ordinary,False,,Entirely fictional test record
BEN-004770,PERSON-4769,ordinary,False,,Entirely fictional test record
BEN-004771,PERSON-4770,ordinary,False,,Entirely fictional test record
BEN-004772,PERSON-4771,ordinary,False,,Entirely fictional test record
BEN-004773,PERSON-4772,ordinary,False,,Entirely fictional test record
BEN-004774,PERSON-4773,ordinary,False,,Entirely fictional test record
BEN-004775,PERSON-4774,ordinary,False,,Entirely fictional test record
BEN-004776,PERSON-4775,ordinary,False,,Entirely fictional test record
BEN-004777,PERSON-4776,ordinary,False,,Entirely fictional test record
BEN-004778,PERSON-4777,ordinary,False,,Entirely fictional test record
BEN-004779,PERSON-4778,ordinary,False,,Entirely fictional test record
BEN-004780,PERSON-4779,ordinary,False,,Entirely fictional test record
BEN-004781,PERSON-4780,ordinary,False,,Entirely fictional test record
BEN-004782,PERSON-4781,ordinary,False,,Entirely fictional test record
BEN-004783,PERSON-4782,ordinary,False,,Entirely fictional test record
BEN-004784,PERSON-4783,ordinary,False,,Entirely fictional test record
BEN-004785,PERSON-4784,ordinary,False,,Entirely fictional test record
BEN-004786,PERSON-4785,ordinary,False,,Entirely fictional test record
BEN-004787,PERSON-4786,ordinary,False,,Entirely fictional test record
BEN-004788,PERSON-4787,ordinary,False,,Entirely fictional test record
BEN-004789,PERSON-4788,ordinary,False,,Entirely fictional test record
BEN-004790,PERSON-4789,ordinary,False,,Entirely fictional test record
BEN-004791,PERSON-4790,ordinary,False,,Entirely fictional test record
BEN-004792,PERSON-4791,ordinary,False,,Entirely fictional test record
BEN-004793,PERSON-4792,ordinary,False,,Entirely fictional test record
BEN-004794,PERSON-4793,ordinary,False,,Entirely fictional test record
BEN-004795,PERSON-4794,ordinary,False,,Entirely fictional test record
BEN-004796,PERSON-4795,ordinary,False,,Entirely fictional test record
BEN-004797,PERSON-4796,ordinary,False,,Entirely fictional test record
BEN-004798,PERSON-4797,ordinary,False,,Entirely fictional test record
BEN-004799,PERSON-4798,ordinary,False,,Entirely fictional test record
BEN-004800,PERSON-4799,ordinary,False,,Entirely fictional test record
BEN-004801,PERSON-4800,ordinary,False,,Entirely fictional test record
BEN-004802,PERSON-4801,ordinary,False,,Entirely fictional test record
BEN-004803,PERSON-4802,ordinary,False,,Entirely fictional test record
BEN-004804,PERSON-4803,ordinary,False,,Entirely fictional test record
BEN-004805,PERSON-4804,ordinary,False,,Entirely fictional test record
BEN-004806,PERSON-4805,ordinary,False,,Entirely fictional test record
BEN-004807,PERSON-4806,ordinary,False,,Entirely fictional test record
BEN-004808,PERSON-4807,ordinary,False,,Entirely fictional test record
BEN-004809,PERSON-4808,ordinary,False,,Entirely fictional test record
BEN-004810,PERSON-4809,ordinary,False,,Entirely fictional test record
BEN-004811,PERSON-4810,ordinary,False,,Entirely fictional test record
BEN-004812,PERSON-4811,ordinary,False,,Entirely fictional test record
BEN-004813,PERSON-4812,ordinary,False,,Entirely fictional test record
BEN-004814,PERSON-4813,ordinary,False,,Entirely fictional test record
BEN-004815,PERSON-4814,ordinary,False,,Entirely fictional test record
BEN-004816,PERSON-4815,ordinary,False,,Entirely fictional test record
BEN-004817,PERSON-4816,ordinary,False,,Entirely fictional test record
BEN-004818,PERSON-4817,ordinary,False,,Entirely fictional test record
BEN-004819,PERSON-4818,ordinary,False,,Entirely fictional test record
BEN-004820,PERSON-4819,ordinary,False,,Entirely fictional test record
BEN-004821,PERSON-4820,ordinary,False,,Entirely fictional test record
BEN-004822,PERSON-4821,ordinary,False,,Entirely fictional test record
BEN-004823,PERSON-4822,ordinary,False,,Entirely fictional test record
BEN-004824,PERSON-4823,ordinary,False,,Entirely fictional test record
BEN-004825,PERSON-4824,ordinary,False,,Entirely fictional test record
BEN-004826,PERSON-4825,ordinary,False,,Entirely fictional test record
BEN-004827,PERSON-4826,ordinary,False,,Entirely fictional test record
BEN-004828,PERSON-4827,ordinary,False,,Entirely fictional test record
BEN-004829,PERSON-4828,ordinary,False,,Entirely fictional test record
BEN-004830,PERSON-4829,ordinary,False,,Entirely fictional test record
BEN-004831,PERSON-4830,ordinary,False,,Entirely fictional test record
BEN-004832,PERSON-4831,ordinary,False,,Entirely fictional test record
BEN-004833,PERSON-4832,ordinary,False,,Entirely fictional test record
BEN-004834,PERSON-4833,ordinary,False,,Entirely fictional test record
BEN-004835,PERSON-4834,ordinary,False,,Entirely fictional test record
BEN-004836,PERSON-4835,ordinary,False,,Entirely fictional test record
BEN-004837,PERSON-4836,ordinary,False,,Entirely fictional test record
BEN-004838,PERSON-4837,ordinary,False,,Entirely fictional test record
BEN-004839,PERSON-4838,ordinary,False,,Entirely fictional test record
BEN-004840,PERSON-4839,ordinary,False,,Entirely fictional test record
BEN-004841,PERSON-4840,ordinary,False,,Entirely fictional test record
BEN-004842,PERSON-4841,ordinary,False,,Entirely fictional test record
BEN-004843,PERSON-4842,ordinary,False,,Entirely fictional test record
BEN-004844,PERSON-4843,ordinary,False,,Entirely fictional test record
BEN-004845,PERSON-4844,ordinary,False,,Entirely fictional test record
BEN-004846,PERSON-4845,ordinary,False,,Entirely fictional test record
BEN-004847,PERSON-4846,ordinary,False,,Entirely fictional test record
BEN-004848,PERSON-4847,ordinary,False,,Entirely fictional test record
BEN-004849,PERSON-4848,ordinary,False,,Entirely fictional test record
BEN-004850,PERSON-4849,ordinary,False,,Entirely fictional test record
BEN-004851,PERSON-4850,ordinary,False,,Entirely fictional test record
BEN-004852,PERSON-4851,ordinary,False,,Entirely fictional test record
BEN-004853,PERSON-4852,ordinary,False,,Entirely fictional test record
BEN-004854,PERSON-4853,ordinary,False,,Entirely fictional test record
BEN-004855,PERSON-4854,ordinary,False,,Entirely fictional test record
BEN-004856,PERSON-4855,ordinary,False,,Entirely fictional test record
BEN-004857,PERSON-4856,ordinary,False,,Entirely fictional test record
BEN-004858,PERSON-4857,ordinary,False,,Entirely fictional test record
BEN-004859,PERSON-4858,ordinary,False,,Entirely fictional test record
BEN-004860,PERSON-4859,ordinary,False,,Entirely fictional test record
BEN-004861,PERSON-4860,ordinary,False,,Entirely fictional test record
BEN-004862,PERSON-4861,ordinary,False,,Entirely fictional test record
BEN-004863,PERSON-4862,ordinary,False,,Entirely fictional test record
BEN-004864,PERSON-4863,ordinary,False,,Entirely fictional test record
BEN-004865,PERSON-4864,ordinary,False,,Entirely fictional test record
BEN-004866,PERSON-4865,ordinary,False,,Entirely fictional test record
BEN-004867,PERSON-4866,ordinary,False,,Entirely fictional test record
BEN-004868,PERSON-4867,ordinary,False,,Entirely fictional test record
BEN-004869,PERSON-4868,ordinary,False,,Entirely fictional test record
BEN-004870,PERSON-4869,ordinary,False,,Entirely fictional test record
BEN-004871,PERSON-4870,ordinary,False,,Entirely fictional test record
BEN-004872,PERSON-4871,ordinary,False,,Entirely fictional test record
BEN-004873,PERSON-4872,ordinary,False,,Entirely fictional test record
BEN-004874,PERSON-4873,ordinary,False,,Entirely fictional test record
BEN-004875,PERSON-4874,ordinary,False,,Entirely fictional test record
BEN-004876,PERSON-4875,ordinary,False,,Entirely fictional test record
BEN-004877,PERSON-4876,ordinary,False,,Entirely fictional test record
BEN-004878,PERSON-4877,ordinary,False,,Entirely fictional test record
BEN-004879,PERSON-4878,ordinary,False,,Entirely fictional test record
BEN-004880,PERSON-4879,ordinary,False,,Entirely fictional test record
BEN-004881,PERSON-4880,ordinary,False,,Entirely fictional test record
BEN-004882,PERSON-4881,ordinary,False,,Entirely fictional test record
BEN-004883,PERSON-4882,ordinary,False,,Entirely fictional test record
BEN-004884,PERSON-4883,ordinary,False,,Entirely fictional test record
BEN-004885,PERSON-4884,ordinary,False,,Entirely fictional test record
BEN-004886,PERSON-4885,ordinary,False,,Entirely fictional test record
BEN-004887,PERSON-4886,ordinary,False,,Entirely fictional test record
BEN-004888,PERSON-4887,ordinary,False,,Entirely fictional test record
BEN-004889,PERSON-4888,ordinary,False,,Entirely fictional test record
BEN-004890,PERSON-4889,ordinary,False,,Entirely fictional test record
BEN-004891,PERSON-4890,ordinary,False,,Entirely fictional test record
BEN-004892,PERSON-4891,ordinary,False,,Entirely fictional test record
BEN-004893,PERSON-4892,ordinary,False,,Entirely fictional test record
BEN-004894,PERSON-4893,ordinary,False,,Entirely fictional test record
BEN-004895,PERSON-4894,ordinary,False,,Entirely fictional test record
BEN-004896,PERSON-4895,ordinary,False,,Entirely fictional test record
BEN-004897,PERSON-4896,ordinary,False,,Entirely fictional test record
BEN-004898,PERSON-4897,ordinary,False,,Entirely fictional test record
BEN-004899,PERSON-4898,ordinary,False,,Entirely fictional test record
BEN-004900,PERSON-4899,ordinary,False,,Entirely fictional test record
BEN-004901,PERSON-4900,ordinary,False,,Entirely fictional test record
BEN-004902,PERSON-4901,ordinary,False,,Entirely fictional test record
BEN-004903,PERSON-4902,ordinary,False,,Entirely fictional test record
BEN-004904,PERSON-4903,ordinary,False,,Entirely fictional test record
BEN-004905,PERSON-4904,ordinary,False,,Entirely fictional test record
BEN-004906,PERSON-4905,ordinary,False,,Entirely fictional test record
BEN-004907,PERSON-4906,ordinary,False,,Entirely fictional test record
BEN-004908,PERSON-4907,ordinary,False,,Entirely fictional test record
BEN-004909,PERSON-4908,ordinary,False,,Entirely fictional test record
BEN-004910,PERSON-4909,ordinary,False,,Entirely fictional test record
BEN-004911,PERSON-4910,ordinary,False,,Entirely fictional test record
BEN-004912,PERSON-4911,ordinary,False,,Entirely fictional test record
BEN-004913,PERSON-4912,ordinary,False,,Entirely fictional test record
BEN-004914,PERSON-4913,ordinary,False,,Entirely fictional test record
BEN-004915,PERSON-4914,ordinary,False,,Entirely fictional test record
BEN-004916,PERSON-4915,ordinary,False,,Entirely fictional test record
BEN-004917,PERSON-4916,ordinary,False,,Entirely fictional test record
BEN-004918,PERSON-4917,ordinary,False,,Entirely fictional test record
BEN-004919,PERSON-4918,ordinary,False,,Entirely fictional test record
BEN-004920,PERSON-4919,ordinary,False,,Entirely fictional test record
BEN-004921,PERSON-4920,ordinary,False,,Entirely fictional test record
BEN-004922,PERSON-4921,ordinary,False,,Entirely fictional test record
BEN-004923,PERSON-4922,ordinary,False,,Entirely fictional test record
BEN-004924,PERSON-4923,ordinary,False,,Entirely fictional test record
BEN-004925,PERSON-4924,ordinary,False,,Entirely fictional test record
BEN-004926,PERSON-4925,ordinary,False,,Entirely fictional test record
BEN-004927,PERSON-4926,ordinary,False,,Entirely fictional test record
BEN-004928,PERSON-4927,ordinary,False,,Entirely fictional test record
BEN-004929,PERSON-4928,ordinary,False,,Entirely fictional test record
BEN-004930,PERSON-4929,ordinary,False,,Entirely fictional test record
BEN-004931,PERSON-4930,ordinary,False,,Entirely fictional test record
BEN-004932,PERSON-4931,ordinary,False,,Entirely fictional test record
BEN-004933,PERSON-4932,ordinary,False,,Entirely fictional test record
BEN-004934,PERSON-4933,ordinary,False,,Entirely fictional test record
BEN-004935,PERSON-4934,ordinary,False,,Entirely fictional test record
BEN-004936,PERSON-4935,ordinary,False,,Entirely fictional test record
BEN-004937,PERSON-4936,ordinary,False,,Entirely fictional test record
BEN-004938,PERSON-4937,ordinary,False,,Entirely fictional test record
BEN-004939,PERSON-4938,ordinary,False,,Entirely fictional test record
BEN-004940,PERSON-4939,ordinary,False,,Entirely fictional test record
BEN-004941,PERSON-4940,ordinary,False,,Entirely fictional test record
BEN-004942,PERSON-4941,ordinary,False,,Entirely fictional test record
BEN-004943,PERSON-4942,ordinary,False,,Entirely fictional test record
BEN-004944,PERSON-4943,ordinary,False,,Entirely fictional test record
BEN-004945,PERSON-4944,ordinary,False,,Entirely fictional test record
BEN-004946,PERSON-4945,ordinary,False,,Entirely fictional test record
BEN-004947,PERSON-4946,ordinary,False,,Entirely fictional test record
BEN-004948,PERSON-4947,ordinary,False,,Entirely fictional test record
BEN-004949,PERSON-4948,ordinary,False,,Entirely fictional test record
BEN-004950,PERSON-4949,ordinary,False,,Entirely fictional test record
BEN-004951,PERSON-4950,ordinary,False,,Entirely fictional test record
BEN-004952,PERSON-4951,ordinary,False,,Entirely fictional test record
BEN-004953,PERSON-4952,ordinary,False,,Entirely fictional test record
BEN-004954,PERSON-4953,ordinary,False,,Entirely fictional test record
BEN-004955,PERSON-4954,ordinary,False,,Entirely fictional test record
BEN-004956,PERSON-4955,ordinary,False,,Entirely fictional test record
BEN-004957,PERSON-4956,ordinary,False,,Entirely fictional test record
BEN-004958,PERSON-4957,ordinary,False,,Entirely fictional test record
BEN-004959,PERSON-4958,ordinary,False,,Entirely fictional test record
BEN-004960,PERSON-4959,ordinary,False,,Entirely fictional test record
BEN-004961,PERSON-4960,ordinary,False,,Entirely fictional test record
BEN-004962,PERSON-4961,ordinary,False,,Entirely fictional test record
BEN-004963,PERSON-4962,ordinary,False,,Entirely fictional test record
BEN-004964,PERSON-4963,ordinary,False,,Entirely fictional test record
BEN-004965,PERSON-4964,ordinary,False,,Entirely fictional test record
BEN-004966,PERSON-4965,ordinary,False,,Entirely fictional test record
BEN-004967,PERSON-4966,ordinary,False,,Entirely fictional test record
BEN-004968,PERSON-4967,ordinary,False,,Entirely fictional test record
BEN-004969,PERSON-4968,ordinary,False,,Entirely fictional test record
BEN-004970,PERSON-4969,ordinary,False,,Entirely fictional test record
BEN-004971,PERSON-4970,ordinary,False,,Entirely fictional test record
BEN-004972,PERSON-4971,ordinary,False,,Entirely fictional test record
BEN-004973,PERSON-4972,ordinary,False,,Entirely fictional test record
BEN-004974,PERSON-4973,ordinary,False,,Entirely fictional test record
BEN-004975,PERSON-4974,ordinary,False,,Entirely fictional test record
BEN-004976,PERSON-4975,ordinary,False,,Entirely fictional test record
BEN-004977,PERSON-4976,ordinary,False,,Entirely fictional test record
BEN-004978,PERSON-4977,ordinary,False,,Entirely fictional test record
BEN-004979,PERSON-4978,ordinary,False,,Entirely fictional test record
BEN-004980,PERSON-4979,ordinary,False,,Entirely fictional test record
BEN-004981,PERSON-4980,ordinary,False,,Entirely fictional test record
BEN-004982,PERSON-4981,ordinary,False,,Entirely fictional test record
BEN-004983,PERSON-4982,ordinary,False,,Entirely fictional test record
BEN-004984,PERSON-4983,ordinary,False,,Entirely fictional test record
BEN-004985,PERSON-4984,ordinary,False,,Entirely fictional test record
BEN-004986,PERSON-4985,ordinary,False,,Entirely fictional test record
BEN-004987,PERSON-4986,ordinary,False,,Entirely fictional test record
BEN-004988,PERSON-4987,ordinary,False,,Entirely fictional test record
BEN-004989,PERSON-4988,ordinary,False,,Entirely fictional test record
BEN-004990,PERSON-4989,ordinary,False,,Entirely fictional test record
BEN-004991,PERSON-4990,ordinary,False,,Entirely fictional test record
BEN-004992,PERSON-4991,ordinary,False,,Entirely fictional test record
BEN-004993,PERSON-4992,ordinary,False,,Entirely fictional test record
BEN-004994,PERSON-4993,ordinary,False,,Entirely fictional test record
BEN-004995,PERSON-4994,ordinary,False,,Entirely fictional test record
BEN-004996,PERSON-4995,ordinary,False,,Entirely fictional test record
BEN-004997,PERSON-4996,ordinary,False,,Entirely fictional test record
BEN-004998,PERSON-4997,ordinary,False,,Entirely fictional test record
BEN-004999,PERSON-4998,ordinary,False,,Entirely fictional test record
BEN-005000,PERSON-4999,ordinary,False,,Entirely fictional test record
BEN-005001,PERSON-5000,ordinary,False,,Entirely fictional test record
BEN-005002,PERSON-5001,ordinary,False,,Entirely fictional test record
BEN-005003,PERSON-5002,ordinary,False,,Entirely fictional test record
BEN-005004,PERSON-5003,ordinary,False,,Entirely fictional test record
BEN-005005,PERSON-5004,ordinary,False,,Entirely fictional test record
BEN-005006,PERSON-5005,ordinary,False,,Entirely fictional test record
BEN-005007,PERSON-5006,ordinary,False,,Entirely fictional test record
BEN-005008,PERSON-5007,ordinary,False,,Entirely fictional test record
BEN-005009,PERSON-5008,ordinary,False,,Entirely fictional test record
BEN-005010,PERSON-5009,ordinary,False,,Entirely fictional test record
BEN-005011,PERSON-5010,ordinary,False,,Entirely fictional test record
BEN-005012,PERSON-5011,ordinary,False,,Entirely fictional test record
BEN-005013,PERSON-5012,ordinary,False,,Entirely fictional test record
BEN-005014,PERSON-5013,ordinary,False,,Entirely fictional test record
BEN-005015,PERSON-5014,ordinary,False,,Entirely fictional test record
BEN-005016,PERSON-5015,ordinary,False,,Entirely fictional test record
BEN-005017,PERSON-5016,ordinary,False,,Entirely fictional test record
BEN-005018,PERSON-5017,ordinary,False,,Entirely fictional test record
BEN-005019,PERSON-5018,ordinary,False,,Entirely fictional test record
BEN-005020,PERSON-5019,ordinary,False,,Entirely fictional test record
BEN-005021,PERSON-5020,ordinary,False,,Entirely fictional test record
BEN-005022,PERSON-5021,ordinary,False,,Entirely fictional test record
BEN-005023,PERSON-5022,ordinary,False,,Entirely fictional test record
BEN-005024,PERSON-5023,ordinary,False,,Entirely fictional test record
BEN-005025,PERSON-5024,ordinary,False,,Entirely fictional test record
BEN-005026,PERSON-5025,ordinary,False,,Entirely fictional test record
BEN-005027,PERSON-5026,ordinary,False,,Entirely fictional test record
BEN-005028,PERSON-5027,ordinary,False,,Entirely fictional test record
BEN-005029,PERSON-5028,ordinary,False,,Entirely fictional test record
BEN-005030,PERSON-5029,ordinary,False,,Entirely fictional test record
BEN-005031,PERSON-5030,ordinary,False,,Entirely fictional test record
BEN-005032,PERSON-5031,ordinary,False,,Entirely fictional test record
BEN-005033,PERSON-5032,ordinary,False,,Entirely fictional test record
BEN-005034,PERSON-5033,ordinary,False,,Entirely fictional test record
BEN-005035,PERSON-5034,ordinary,False,,Entirely fictional test record
BEN-005036,PERSON-5035,ordinary,False,,Entirely fictional test record
BEN-005037,PERSON-5036,ordinary,False,,Entirely fictional test record
BEN-005038,PERSON-5037,ordinary,False,,Entirely fictional test record
BEN-005039,PERSON-5038,ordinary,False,,Entirely fictional test record
BEN-005040,PERSON-5039,ordinary,False,,Entirely fictional test record
BEN-005041,PERSON-5040,ordinary,False,,Entirely fictional test record
BEN-005042,PERSON-5041,ordinary,False,,Entirely fictional test record
BEN-005043,PERSON-5042,ordinary,False,,Entirely fictional test record
BEN-005044,PERSON-5043,ordinary,False,,Entirely fictional test record
BEN-005045,PERSON-5044,ordinary,False,,Entirely fictional test record
BEN-005046,PERSON-5045,ordinary,False,,Entirely fictional test record
BEN-005047,PERSON-5046,ordinary,False,,Entirely fictional test record
BEN-005048,PERSON-5047,ordinary,False,,Entirely fictional test record
BEN-005049,PERSON-5048,ordinary,False,,Entirely fictional test record
BEN-005050,PERSON-5049,ordinary,False,,Entirely fictional test record
BEN-005051,PERSON-5050,ordinary,False,,Entirely fictional test record
BEN-005052,PERSON-5051,ordinary,False,,Entirely fictional test record
BEN-005053,PERSON-5052,ordinary,False,,Entirely fictional test record
BEN-005054,PERSON-5053,ordinary,False,,Entirely fictional test record
BEN-005055,PERSON-5054,ordinary,False,,Entirely fictional test record
BEN-005056,PERSON-5055,ordinary,False,,Entirely fictional test record
BEN-005057,PERSON-5056,ordinary,False,,Entirely fictional test record
BEN-005058,PERSON-5057,ordinary,False,,Entirely fictional test record
BEN-005059,PERSON-5058,ordinary,False,,Entirely fictional test record
BEN-005060,PERSON-5059,ordinary,False,,Entirely fictional test record
BEN-005061,PERSON-5060,ordinary,False,,Entirely fictional test record
BEN-005062,PERSON-5061,ordinary,False,,Entirely fictional test record
BEN-005063,PERSON-5062,ordinary,False,,Entirely fictional test record
BEN-005064,PERSON-5063,ordinary,False,,Entirely fictional test record
BEN-005065,PERSON-5064,ordinary,False,,Entirely fictional test record
BEN-005066,PERSON-5065,ordinary,False,,Entirely fictional test record
BEN-005067,PERSON-5066,ordinary,False,,Entirely fictional test record
BEN-005068,PERSON-5067,ordinary,False,,Entirely fictional test record
BEN-005069,PERSON-5068,ordinary,False,,Entirely fictional test record
BEN-005070,PERSON-5069,ordinary,False,,Entirely fictional test record
BEN-005071,PERSON-5070,ordinary,False,,Entirely fictional test record
BEN-005072,PERSON-5071,ordinary,False,,Entirely fictional test record
BEN-005073,PERSON-5072,ordinary,False,,Entirely fictional test record
BEN-005074,PERSON-5073,ordinary,False,,Entirely fictional test record
BEN-005075,PERSON-5074,ordinary,False,,Entirely fictional test record
BEN-005076,PERSON-5075,ordinary,False,,Entirely fictional test record
BEN-005077,PERSON-5076,ordinary,False,,Entirely fictional test record
BEN-005078,PERSON-5077,ordinary,False,,Entirely fictional test record
BEN-005079,PERSON-5078,ordinary,False,,Entirely fictional test record
BEN-005080,PERSON-5079,ordinary,False,,Entirely fictional test record
BEN-005081,PERSON-5080,ordinary,False,,Entirely fictional test record
BEN-005082,PERSON-5081,ordinary,False,,Entirely fictional test record
BEN-005083,PERSON-5082,ordinary,False,,Entirely fictional test record
BEN-005084,PERSON-5083,ordinary,False,,Entirely fictional test record
BEN-005085,PERSON-5084,ordinary,False,,Entirely fictional test record
BEN-005086,PERSON-5085,ordinary,False,,Entirely fictional test record
BEN-005087,PERSON-5086,ordinary,False,,Entirely fictional test record
BEN-005088,PERSON-5087,ordinary,False,,Entirely fictional test record
BEN-005089,PERSON-5088,ordinary,False,,Entirely fictional test record
BEN-005090,PERSON-5089,ordinary,False,,Entirely fictional test record
BEN-005091,PERSON-5090,ordinary,False,,Entirely fictional test record
BEN-005092,PERSON-5091,ordinary,False,,Entirely fictional test record
BEN-005093,PERSON-5092,ordinary,False,,Entirely fictional test record
BEN-005094,PERSON-5093,ordinary,False,,Entirely fictional test record
BEN-005095,PERSON-5094,ordinary,False,,Entirely fictional test record
BEN-005096,PERSON-5095,ordinary,False,,Entirely fictional test record
BEN-005097,PERSON-5096,ordinary,False,,Entirely fictional test record
BEN-005098,PERSON-5097,ordinary,False,,Entirely fictional test record
BEN-005099,PERSON-5098,ordinary,False,,Entirely fictional test record
BEN-005100,PERSON-5099,ordinary,False,,Entirely fictional test record
BEN-005101,PERSON-5100,ordinary,False,,Entirely fictional test record
BEN-005102,PERSON-5101,ordinary,False,,Entirely fictional test record
BEN-005103,PERSON-5102,ordinary,False,,Entirely fictional test record
BEN-005104,PERSON-5103,ordinary,False,,Entirely fictional test record
BEN-005105,PERSON-5104,ordinary,False,,Entirely fictional test record
BEN-005106,PERSON-5105,ordinary,False,,Entirely fictional test record
BEN-005107,PERSON-5106,ordinary,False,,Entirely fictional test record
BEN-005108,PERSON-5107,ordinary,False,,Entirely fictional test record
BEN-005109,PERSON-5108,ordinary,False,,Entirely fictional test record
BEN-005110,PERSON-5109,ordinary,False,,Entirely fictional test record
BEN-005111,PERSON-5110,ordinary,False,,Entirely fictional test record
BEN-005112,PERSON-5111,ordinary,False,,Entirely fictional test record
BEN-005113,PERSON-5112,ordinary,False,,Entirely fictional test record
BEN-005114,PERSON-5113,ordinary,False,,Entirely fictional test record
BEN-005115,PERSON-5114,ordinary,False,,Entirely fictional test record
BEN-005116,PERSON-5115,ordinary,False,,Entirely fictional test record
BEN-005117,PERSON-5116,ordinary,False,,Entirely fictional test record
BEN-005118,PERSON-5117,ordinary,False,,Entirely fictional test record
BEN-005119,PERSON-5118,ordinary,False,,Entirely fictional test record
BEN-005120,PERSON-5119,ordinary,False,,Entirely fictional test record
BEN-005121,PERSON-5120,ordinary,False,,Entirely fictional test record
BEN-005122,PERSON-5121,ordinary,False,,Entirely fictional test record
BEN-005123,PERSON-5122,ordinary,False,,Entirely fictional test record
BEN-005124,PERSON-5123,ordinary,False,,Entirely fictional test record
BEN-005125,PERSON-5124,ordinary,False,,Entirely fictional test record
BEN-005126,PERSON-5125,ordinary,False,,Entirely fictional test record
BEN-005127,PERSON-5126,ordinary,False,,Entirely fictional test record
BEN-005128,PERSON-5127,ordinary,False,,Entirely fictional test record
BEN-005129,PERSON-5128,ordinary,False,,Entirely fictional test record
BEN-005130,PERSON-5129,ordinary,False,,Entirely fictional test record
BEN-005131,PERSON-5130,ordinary,False,,Entirely fictional test record
BEN-005132,PERSON-5131,ordinary,False,,Entirely fictional test record
BEN-005133,PERSON-5132,ordinary,False,,Entirely fictional test record
BEN-005134,PERSON-5133,ordinary,False,,Entirely fictional test record
BEN-005135,PERSON-5134,ordinary,False,,Entirely fictional test record
BEN-005136,PERSON-5135,ordinary,False,,Entirely fictional test record
BEN-005137,PERSON-5136,ordinary,False,,Entirely fictional test record
BEN-005138,PERSON-5137,ordinary,False,,Entirely fictional test record
BEN-005139,PERSON-5138,ordinary,False,,Entirely fictional test record
BEN-005140,PERSON-5139,ordinary,False,,Entirely fictional test record
BEN-005141,PERSON-5140,ordinary,False,,Entirely fictional test record
BEN-005142,PERSON-5141,ordinary,False,,Entirely fictional test record
BEN-005143,PERSON-5142,ordinary,False,,Entirely fictional test record
BEN-005144,PERSON-5143,ordinary,False,,Entirely fictional test record
BEN-005145,PERSON-5144,ordinary,False,,Entirely fictional test record
BEN-005146,PERSON-5145,ordinary,False,,Entirely fictional test record
BEN-005147,PERSON-5146,ordinary,False,,Entirely fictional test record
BEN-005148,PERSON-5147,ordinary,False,,Entirely fictional test record
BEN-005149,PERSON-5148,ordinary,False,,Entirely fictional test record
BEN-005150,PERSON-5149,ordinary,False,,Entirely fictional test record
BEN-005151,PERSON-5150,ordinary,False,,Entirely fictional test record
BEN-005152,PERSON-5151,ordinary,False,,Entirely fictional test record
BEN-005153,PERSON-5152,ordinary,False,,Entirely fictional test record
BEN-005154,PERSON-5153,ordinary,False,,Entirely fictional test record
BEN-005155,PERSON-5154,ordinary,False,,Entirely fictional test record
BEN-005156,PERSON-5155,ordinary,False,,Entirely fictional test record
BEN-005157,PERSON-5156,ordinary,False,,Entirely fictional test record
BEN-005158,PERSON-5157,ordinary,False,,Entirely fictional test record
BEN-005159,PERSON-5158,ordinary,False,,Entirely fictional test record
BEN-005160,PERSON-5159,ordinary,False,,Entirely fictional test record
BEN-005161,PERSON-5160,ordinary,False,,Entirely fictional test record
BEN-005162,PERSON-5161,ordinary,False,,Entirely fictional test record
BEN-005163,PERSON-5162,ordinary,False,,Entirely fictional test record
BEN-005164,PERSON-5163,ordinary,False,,Entirely fictional test record
BEN-005165,PERSON-5164,ordinary,False,,Entirely fictional test record
BEN-005166,PERSON-5165,ordinary,False,,Entirely fictional test record
BEN-005167,PERSON-5166,ordinary,False,,Entirely fictional test record
BEN-005168,PERSON-5167,ordinary,False,,Entirely fictional test record
BEN-005169,PERSON-5168,ordinary,False,,Entirely fictional test record
BEN-005170,PERSON-5169,ordinary,False,,Entirely fictional test record
BEN-005171,PERSON-5170,ordinary,False,,Entirely fictional test record
BEN-005172,PERSON-5171,ordinary,False,,Entirely fictional test record
BEN-005173,PERSON-5172,ordinary,False,,Entirely fictional test record
BEN-005174,PERSON-5173,ordinary,False,,Entirely fictional test record
BEN-005175,PERSON-5174,ordinary,False,,Entirely fictional test record
BEN-005176,PERSON-5175,ordinary,False,,Entirely fictional test record
BEN-005177,PERSON-5176,ordinary,False,,Entirely fictional test record
BEN-005178,PERSON-5177,ordinary,False,,Entirely fictional test record
BEN-005179,PERSON-5178,ordinary,False,,Entirely fictional test record
BEN-005180,PERSON-5179,ordinary,False,,Entirely fictional test record
BEN-005181,PERSON-5180,ordinary,False,,Entirely fictional test record
BEN-005182,PERSON-5181,ordinary,False,,Entirely fictional test record
BEN-005183,PERSON-5182,ordinary,False,,Entirely fictional test record
BEN-005184,PERSON-5183,ordinary,False,,Entirely fictional test record
BEN-005185,PERSON-5184,ordinary,False,,Entirely fictional test record
BEN-005186,PERSON-5185,ordinary,False,,Entirely fictional test record
BEN-005187,PERSON-5186,ordinary,False,,Entirely fictional test record
BEN-005188,PERSON-5187,ordinary,False,,Entirely fictional test record
BEN-005189,PERSON-5188,ordinary,False,,Entirely fictional test record
BEN-005190,PERSON-5189,ordinary,False,,Entirely fictional test record
BEN-005191,PERSON-5190,ordinary,False,,Entirely fictional test record
BEN-005192,PERSON-5191,ordinary,False,,Entirely fictional test record
BEN-005193,PERSON-5192,ordinary,False,,Entirely fictional test record
BEN-005194,PERSON-5193,ordinary,False,,Entirely fictional test record
BEN-005195,PERSON-5194,ordinary,False,,Entirely fictional test record
BEN-005196,PERSON-5195,ordinary,False,,Entirely fictional test record
BEN-005197,PERSON-5196,ordinary,False,,Entirely fictional test record
BEN-005198,PERSON-5197,ordinary,False,,Entirely fictional test record
BEN-005199,PERSON-5198,ordinary,False,,Entirely fictional test record
BEN-005200,PERSON-5199,ordinary,False,,Entirely fictional test record
BEN-005201,PERSON-5200,ordinary,False,,Entirely fictional test record
BEN-005202,PERSON-5201,ordinary,False,,Entirely fictional test record
BEN-005203,PERSON-5202,ordinary,False,,Entirely fictional test record
BEN-005204,PERSON-5203,ordinary,False,,Entirely fictional test record
BEN-005205,PERSON-5204,ordinary,False,,Entirely fictional test record
BEN-005206,PERSON-5205,ordinary,False,,Entirely fictional test record
BEN-005207,PERSON-5206,ordinary,False,,Entirely fictional test record
BEN-005208,PERSON-5207,ordinary,False,,Entirely fictional test record
BEN-005209,PERSON-5208,ordinary,False,,Entirely fictional test record
BEN-005210,PERSON-5209,ordinary,False,,Entirely fictional test record
BEN-005211,PERSON-5210,ordinary,False,,Entirely fictional test record
BEN-005212,PERSON-5211,ordinary,False,,Entirely fictional test record
BEN-005213,PERSON-5212,ordinary,False,,Entirely fictional test record
BEN-005214,PERSON-5213,ordinary,False,,Entirely fictional test record
BEN-005215,PERSON-5214,ordinary,False,,Entirely fictional test record
BEN-005216,PERSON-5215,ordinary,False,,Entirely fictional test record
BEN-005217,PERSON-5216,ordinary,False,,Entirely fictional test record
BEN-005218,PERSON-5217,ordinary,False,,Entirely fictional test record
BEN-005219,PERSON-5218,ordinary,False,,Entirely fictional test record
BEN-005220,PERSON-5219,ordinary,False,,Entirely fictional test record
BEN-005221,PERSON-5220,ordinary,False,,Entirely fictional test record
BEN-005222,PERSON-5221,ordinary,False,,Entirely fictional test record
BEN-005223,PERSON-5222,ordinary,False,,Entirely fictional test record
BEN-005224,PERSON-5223,ordinary,False,,Entirely fictional test record
BEN-005225,PERSON-5224,ordinary,False,,Entirely fictional test record
BEN-005226,PERSON-5225,ordinary,False,,Entirely fictional test record
BEN-005227,PERSON-5226,ordinary,False,,Entirely fictional test record
BEN-005228,PERSON-5227,ordinary,False,,Entirely fictional test record
BEN-005229,PERSON-5228,ordinary,False,,Entirely fictional test record
BEN-005230,PERSON-5229,ordinary,False,,Entirely fictional test record
BEN-005231,PERSON-5230,ordinary,False,,Entirely fictional test record
BEN-005232,PERSON-5231,ordinary,False,,Entirely fictional test record
BEN-005233,PERSON-5232,ordinary,False,,Entirely fictional test record
BEN-005234,PERSON-5233,ordinary,False,,Entirely fictional test record
BEN-005235,PERSON-5234,ordinary,False,,Entirely fictional test record
BEN-005236,PERSON-5235,ordinary,False,,Entirely fictional test record
BEN-005237,PERSON-5236,ordinary,False,,Entirely fictional test record
BEN-005238,PERSON-5237,ordinary,False,,Entirely fictional test record
BEN-005239,PERSON-5238,ordinary,False,,Entirely fictional test record
BEN-005240,PERSON-5239,ordinary,False,,Entirely fictional test record
BEN-005241,PERSON-5240,ordinary,False,,Entirely fictional test record
BEN-005242,PERSON-5241,ordinary,False,,Entirely fictional test record
BEN-005243,PERSON-5242,ordinary,False,,Entirely fictional test record
BEN-005244,PERSON-5243,ordinary,False,,Entirely fictional test record
BEN-005245,PERSON-5244,ordinary,False,,Entirely fictional test record
BEN-005246,PERSON-5245,ordinary,False,,Entirely fictional test record
BEN-005247,PERSON-5246,ordinary,False,,Entirely fictional test record
BEN-005248,PERSON-5247,ordinary,False,,Entirely fictional test record
BEN-005249,PERSON-5248,ordinary,False,,Entirely fictional test record
BEN-005250,PERSON-5249,ordinary,False,,Entirely fictional test record
BEN-005251,PERSON-5250,ordinary,False,,Entirely fictional test record
BEN-005252,PERSON-5251,ordinary,False,,Entirely fictional test record
BEN-005253,PERSON-5252,ordinary,False,,Entirely fictional test record
BEN-005254,PERSON-5253,ordinary,False,,Entirely fictional test record
BEN-005255,PERSON-5254,ordinary,False,,Entirely fictional test record
BEN-005256,PERSON-5255,ordinary,False,,Entirely fictional test record
BEN-005257,PERSON-5256,ordinary,False,,Entirely fictional test record
BEN-005258,PERSON-5257,ordinary,False,,Entirely fictional test record
BEN-005259,PERSON-5258,ordinary,False,,Entirely fictional test record
BEN-005260,PERSON-5259,ordinary,False,,Entirely fictional test record
BEN-005261,PERSON-5260,ordinary,False,,Entirely fictional test record
BEN-005262,PERSON-5261,ordinary,False,,Entirely fictional test record
BEN-005263,PERSON-5262,ordinary,False,,Entirely fictional test record
BEN-005264,PERSON-5263,ordinary,False,,Entirely fictional test record
BEN-005265,PERSON-5264,ordinary,False,,Entirely fictional test record
BEN-005266,PERSON-5265,ordinary,False,,Entirely fictional test record
BEN-005267,PERSON-5266,ordinary,False,,Entirely fictional test record
BEN-005268,PERSON-5267,ordinary,False,,Entirely fictional test record
BEN-005269,PERSON-5268,ordinary,False,,Entirely fictional test record
BEN-005270,PERSON-5269,ordinary,False,,Entirely fictional test record
BEN-005271,PERSON-5270,ordinary,False,,Entirely fictional test record
BEN-005272,PERSON-5271,ordinary,False,,Entirely fictional test record
BEN-005273,PERSON-5272,ordinary,False,,Entirely fictional test record
BEN-005274,PERSON-5273,ordinary,False,,Entirely fictional test record
BEN-005275,PERSON-5274,ordinary,False,,Entirely fictional test record
BEN-005276,PERSON-5275,ordinary,False,,Entirely fictional test record
BEN-005277,PERSON-5276,ordinary,False,,Entirely fictional test record
BEN-005278,PERSON-5277,ordinary,False,,Entirely fictional test record
BEN-005279,PERSON-5278,ordinary,False,,Entirely fictional test record
BEN-005280,PERSON-5279,ordinary,False,,Entirely fictional test record
BEN-005281,PERSON-5280,ordinary,False,,Entirely fictional test record
BEN-005282,PERSON-5281,ordinary,False,,Entirely fictional test record
BEN-005283,PERSON-5282,ordinary,False,,Entirely fictional test record
BEN-005284,PERSON-5283,ordinary,False,,Entirely fictional test record
BEN-005285,PERSON-5284,ordinary,False,,Entirely fictional test record
BEN-005286,PERSON-5285,ordinary,False,,Entirely fictional test record
BEN-005287,PERSON-5286,ordinary,False,,Entirely fictional test record
BEN-005288,PERSON-5287,ordinary,False,,Entirely fictional test record
BEN-005289,PERSON-5288,ordinary,False,,Entirely fictional test record
BEN-005290,PERSON-5289,ordinary,False,,Entirely fictional test record
BEN-005291,PERSON-5290,ordinary,False,,Entirely fictional test record
BEN-005292,PERSON-5291,ordinary,False,,Entirely fictional test record
BEN-005293,PERSON-5292,ordinary,False,,Entirely fictional test record
BEN-005294,PERSON-5293,ordinary,False,,Entirely fictional test record
BEN-005295,PERSON-5294,ordinary,False,,Entirely fictional test record
BEN-005296,PERSON-5295,ordinary,False,,Entirely fictional test record
BEN-005297,PERSON-5296,ordinary,False,,Entirely fictional test record
BEN-005298,PERSON-5297,ordinary,False,,Entirely fictional test record
BEN-005299,PERSON-5298,ordinary,False,,Entirely fictional test record
BEN-005300,PERSON-5299,ordinary,False,,Entirely fictional test record
BEN-005301,PERSON-5300,ordinary,False,,Entirely fictional test record
BEN-005302,PERSON-5301,ordinary,False,,Entirely fictional test record
BEN-005303,PERSON-5302,ordinary,False,,Entirely fictional test record
BEN-005304,PERSON-5303,ordinary,False,,Entirely fictional test record
BEN-005305,PERSON-5304,ordinary,False,,Entirely fictional test record
BEN-005306,PERSON-5305,ordinary,False,,Entirely fictional test record
BEN-005307,PERSON-5306,ordinary,False,,Entirely fictional test record
BEN-005308,PERSON-5307,ordinary,False,,Entirely fictional test record
BEN-005309,PERSON-5308,ordinary,False,,Entirely fictional test record
BEN-005310,PERSON-5309,ordinary,False,,Entirely fictional test record
BEN-005311,PERSON-5310,ordinary,False,,Entirely fictional test record
BEN-005312,PERSON-5311,ordinary,False,,Entirely fictional test record
BEN-005313,PERSON-5312,ordinary,False,,Entirely fictional test record
BEN-005314,PERSON-5313,ordinary,False,,Entirely fictional test record
BEN-005315,PERSON-5314,ordinary,False,,Entirely fictional test record
BEN-005316,PERSON-5315,ordinary,False,,Entirely fictional test record
BEN-005317,PERSON-5316,ordinary,False,,Entirely fictional test record
BEN-005318,PERSON-5317,ordinary,False,,Entirely fictional test record
BEN-005319,PERSON-5318,ordinary,False,,Entirely fictional test record
BEN-005320,PERSON-5319,ordinary,False,,Entirely fictional test record
BEN-005321,PERSON-5320,ordinary,False,,Entirely fictional test record
BEN-005322,PERSON-5321,ordinary,False,,Entirely fictional test record
BEN-005323,PERSON-5322,ordinary,False,,Entirely fictional test record
BEN-005324,PERSON-5323,ordinary,False,,Entirely fictional test record
BEN-005325,PERSON-5324,ordinary,False,,Entirely fictional test record
BEN-005326,PERSON-5325,ordinary,False,,Entirely fictional test record
BEN-005327,PERSON-5326,ordinary,False,,Entirely fictional test record
BEN-005328,PERSON-5327,ordinary,False,,Entirely fictional test record
BEN-005329,PERSON-5328,ordinary,False,,Entirely fictional test record
BEN-005330,PERSON-5329,ordinary,False,,Entirely fictional test record
BEN-005331,PERSON-5330,ordinary,False,,Entirely fictional test record
BEN-005332,PERSON-5331,ordinary,False,,Entirely fictional test record
BEN-005333,PERSON-5332,ordinary,False,,Entirely fictional test record
BEN-005334,PERSON-5333,ordinary,False,,Entirely fictional test record
BEN-005335,PERSON-5334,ordinary,False,,Entirely fictional test record
BEN-005336,PERSON-5335,ordinary,False,,Entirely fictional test record
BEN-005337,PERSON-5336,ordinary,False,,Entirely fictional test record
BEN-005338,PERSON-5337,ordinary,False,,Entirely fictional test record
BEN-005339,PERSON-5338,ordinary,False,,Entirely fictional test record
BEN-005340,PERSON-5339,ordinary,False,,Entirely fictional test record
BEN-005341,PERSON-5340,ordinary,False,,Entirely fictional test record
BEN-005342,PERSON-5341,ordinary,False,,Entirely fictional test record
BEN-005343,PERSON-5342,ordinary,False,,Entirely fictional test record
BEN-005344,PERSON-5343,ordinary,False,,Entirely fictional test record
BEN-005345,PERSON-5344,ordinary,False,,Entirely fictional test record
BEN-005346,PERSON-5345,ordinary,False,,Entirely fictional test record
BEN-005347,PERSON-5346,ordinary,False,,Entirely fictional test record
BEN-005348,PERSON-5347,ordinary,False,,Entirely fictional test record
BEN-005349,PERSON-5348,ordinary,False,,Entirely fictional test record
BEN-005350,PERSON-5349,ordinary,False,,Entirely fictional test record
BEN-005351,PERSON-5350,ordinary,False,,Entirely fictional test record
BEN-005352,PERSON-5351,ordinary,False,,Entirely fictional test record
BEN-005353,PERSON-5352,ordinary,False,,Entirely fictional test record
BEN-005354,PERSON-5353,ordinary,False,,Entirely fictional test record
BEN-005355,PERSON-5354,ordinary,False,,Entirely fictional test record
BEN-005356,PERSON-5355,ordinary,False,,Entirely fictional test record
BEN-005357,PERSON-5356,ordinary,False,,Entirely fictional test record
BEN-005358,PERSON-5357,ordinary,False,,Entirely fictional test record
BEN-005359,PERSON-5358,ordinary,False,,Entirely fictional test record
BEN-005360,PERSON-5359,ordinary,False,,Entirely fictional test record
BEN-005361,PERSON-5360,ordinary,False,,Entirely fictional test record
BEN-005362,PERSON-5361,ordinary,False,,Entirely fictional test record
BEN-005363,PERSON-5362,ordinary,False,,Entirely fictional test record
BEN-005364,PERSON-5363,ordinary,False,,Entirely fictional test record
BEN-005365,PERSON-5364,ordinary,False,,Entirely fictional test record
BEN-005366,PERSON-5365,ordinary,False,,Entirely fictional test record
BEN-005367,PERSON-5366,ordinary,False,,Entirely fictional test record
BEN-005368,PERSON-5367,ordinary,False,,Entirely fictional test record
BEN-005369,PERSON-5368,ordinary,False,,Entirely fictional test record
BEN-005370,PERSON-5369,ordinary,False,,Entirely fictional test record
BEN-005371,PERSON-5370,ordinary,False,,Entirely fictional test record
BEN-005372,PERSON-5371,ordinary,False,,Entirely fictional test record
BEN-005373,PERSON-5372,ordinary,False,,Entirely fictional test record
BEN-005374,PERSON-5373,ordinary,False,,Entirely fictional test record
BEN-005375,PERSON-5374,ordinary,False,,Entirely fictional test record
BEN-005376,PERSON-5375,ordinary,False,,Entirely fictional test record
BEN-005377,PERSON-5376,ordinary,False,,Entirely fictional test record
BEN-005378,PERSON-5377,ordinary,False,,Entirely fictional test record
BEN-005379,PERSON-5378,ordinary,False,,Entirely fictional test record
BEN-005380,PERSON-5379,ordinary,False,,Entirely fictional test record
BEN-005381,PERSON-5380,ordinary,False,,Entirely fictional test record
BEN-005382,PERSON-5381,ordinary,False,,Entirely fictional test record
BEN-005383,PERSON-5382,ordinary,False,,Entirely fictional test record
BEN-005384,PERSON-5383,ordinary,False,,Entirely fictional test record
BEN-005385,PERSON-5384,ordinary,False,,Entirely fictional test record
BEN-005386,PERSON-5385,ordinary,False,,Entirely fictional test record
BEN-005387,PERSON-5386,ordinary,False,,Entirely fictional test record
BEN-005388,PERSON-5387,ordinary,False,,Entirely fictional test record
BEN-005389,PERSON-5388,ordinary,False,,Entirely fictional test record
BEN-005390,PERSON-5389,ordinary,False,,Entirely fictional test record
BEN-005391,PERSON-5390,ordinary,False,,Entirely fictional test record
BEN-005392,PERSON-5391,ordinary,False,,Entirely fictional test record
BEN-005393,PERSON-5392,ordinary,False,,Entirely fictional test record
BEN-005394,PERSON-5393,ordinary,False,,Entirely fictional test record
BEN-005395,PERSON-5394,ordinary,False,,Entirely fictional test record
BEN-005396,PERSON-5395,ordinary,False,,Entirely fictional test record
BEN-005397,PERSON-5396,ordinary,False,,Entirely fictional test record
BEN-005398,PERSON-5397,ordinary,False,,Entirely fictional test record
BEN-005399,PERSON-5398,ordinary,False,,Entirely fictional test record
BEN-005400,PERSON-5399,ordinary,False,,Entirely fictional test record
BEN-005401,PERSON-5400,ordinary,False,,Entirely fictional test record
BEN-005402,PERSON-5401,ordinary,False,,Entirely fictional test record
BEN-005403,PERSON-5402,ordinary,False,,Entirely fictional test record
BEN-005404,PERSON-5403,ordinary,False,,Entirely fictional test record
BEN-005405,PERSON-5404,ordinary,False,,Entirely fictional test record
BEN-005406,PERSON-5405,ordinary,False,,Entirely fictional test record
BEN-005407,PERSON-5406,ordinary,False,,Entirely fictional test record
BEN-005408,PERSON-5407,ordinary,False,,Entirely fictional test record
BEN-005409,PERSON-5408,ordinary,False,,Entirely fictional test record
BEN-005410,PERSON-5409,ordinary,False,,Entirely fictional test record
BEN-005411,PERSON-5410,ordinary,False,,Entirely fictional test record
BEN-005412,PERSON-5411,ordinary,False,,Entirely fictional test record
BEN-005413,PERSON-5412,ordinary,False,,Entirely fictional test record
BEN-005414,PERSON-5413,ordinary,False,,Entirely fictional test record
BEN-005415,PERSON-5414,ordinary,False,,Entirely fictional test record
BEN-005416,PERSON-5415,ordinary,False,,Entirely fictional test record
BEN-005417,PERSON-5416,ordinary,False,,Entirely fictional test record
BEN-005418,PERSON-5417,ordinary,False,,Entirely fictional test record
BEN-005419,PERSON-5418,ordinary,False,,Entirely fictional test record
BEN-005420,PERSON-5419,ordinary,False,,Entirely fictional test record
BEN-005421,PERSON-5420,ordinary,False,,Entirely fictional test record
BEN-005422,PERSON-5421,ordinary,False,,Entirely fictional test record
BEN-005423,PERSON-5422,ordinary,False,,Entirely fictional test record
BEN-005424,PERSON-5423,ordinary,False,,Entirely fictional test record
BEN-005425,PERSON-5424,ordinary,False,,Entirely fictional test record
BEN-005426,PERSON-5425,ordinary,False,,Entirely fictional test record
BEN-005427,PERSON-5426,ordinary,False,,Entirely fictional test record
BEN-005428,PERSON-5427,ordinary,False,,Entirely fictional test record
BEN-005429,PERSON-5428,ordinary,False,,Entirely fictional test record
BEN-005430,PERSON-5429,ordinary,False,,Entirely fictional test record
BEN-005431,PERSON-5430,ordinary,False,,Entirely fictional test record
BEN-005432,PERSON-5431,ordinary,False,,Entirely fictional test record
BEN-005433,PERSON-5432,ordinary,False,,Entirely fictional test record
BEN-005434,PERSON-5433,ordinary,False,,Entirely fictional test record
BEN-005435,PERSON-5434,ordinary,False,,Entirely fictional test record
BEN-005436,PERSON-5435,ordinary,False,,Entirely fictional test record
BEN-005437,PERSON-5436,ordinary,False,,Entirely fictional test record
BEN-005438,PERSON-5437,ordinary,False,,Entirely fictional test record
BEN-005439,PERSON-5438,ordinary,False,,Entirely fictional test record
BEN-005440,PERSON-5439,ordinary,False,,Entirely fictional test record
BEN-005441,PERSON-5440,ordinary,False,,Entirely fictional test record
BEN-005442,PERSON-5441,ordinary,False,,Entirely fictional test record
BEN-005443,PERSON-5442,ordinary,False,,Entirely fictional test record
BEN-005444,PERSON-5443,ordinary,False,,Entirely fictional test record
BEN-005445,PERSON-5444,ordinary,False,,Entirely fictional test record
BEN-005446,PERSON-5445,ordinary,False,,Entirely fictional test record
BEN-005447,PERSON-5446,ordinary,False,,Entirely fictional test record
BEN-005448,PERSON-5447,ordinary,False,,Entirely fictional test record
BEN-005449,PERSON-5448,ordinary,False,,Entirely fictional test record
BEN-005450,PERSON-5449,ordinary,False,,Entirely fictional test record
BEN-005451,PERSON-5450,ordinary,False,,Entirely fictional test record
BEN-005452,PERSON-5451,ordinary,False,,Entirely fictional test record
BEN-005453,PERSON-5452,ordinary,False,,Entirely fictional test record
BEN-005454,PERSON-5453,ordinary,False,,Entirely fictional test record
BEN-005455,PERSON-5454,ordinary,False,,Entirely fictional test record
BEN-005456,PERSON-5455,ordinary,False,,Entirely fictional test record
BEN-005457,PERSON-5456,ordinary,False,,Entirely fictional test record
BEN-005458,PERSON-5457,ordinary,False,,Entirely fictional test record
BEN-005459,PERSON-5458,ordinary,False,,Entirely fictional test record
BEN-005460,PERSON-5459,ordinary,False,,Entirely fictional test record
BEN-005461,PERSON-5460,ordinary,False,,Entirely fictional test record
BEN-005462,PERSON-5461,ordinary,False,,Entirely fictional test record
BEN-005463,PERSON-5462,ordinary,False,,Entirely fictional test record
BEN-005464,PERSON-5463,ordinary,False,,Entirely fictional test record
BEN-005465,PERSON-5464,ordinary,False,,Entirely fictional test record
BEN-005466,PERSON-5465,ordinary,False,,Entirely fictional test record
BEN-005467,PERSON-5466,ordinary,False,,Entirely fictional test record
BEN-005468,PERSON-5467,ordinary,False,,Entirely fictional test record
BEN-005469,PERSON-5468,ordinary,False,,Entirely fictional test record
BEN-005470,PERSON-5469,ordinary,False,,Entirely fictional test record
BEN-005471,PERSON-5470,ordinary,False,,Entirely fictional test record
BEN-005472,PERSON-5471,ordinary,False,,Entirely fictional test record
BEN-005473,PERSON-5472,ordinary,False,,Entirely fictional test record
BEN-005474,PERSON-5473,ordinary,False,,Entirely fictional test record
BEN-005475,PERSON-5474,ordinary,False,,Entirely fictional test record
BEN-005476,PERSON-5475,ordinary,False,,Entirely fictional test record
BEN-005477,PERSON-5476,ordinary,False,,Entirely fictional test record
BEN-005478,PERSON-5477,ordinary,False,,Entirely fictional test record
BEN-005479,PERSON-5478,ordinary,False,,Entirely fictional test record
BEN-005480,PERSON-5479,ordinary,False,,Entirely fictional test record
BEN-005481,PERSON-5480,ordinary,False,,Entirely fictional test record
BEN-005482,PERSON-5481,ordinary,False,,Entirely fictional test record
BEN-005483,PERSON-5482,ordinary,False,,Entirely fictional test record
BEN-005484,PERSON-5483,ordinary,False,,Entirely fictional test record
BEN-005485,PERSON-5484,ordinary,False,,Entirely fictional test record
BEN-005486,PERSON-5485,ordinary,False,,Entirely fictional test record
BEN-005487,PERSON-5486,ordinary,False,,Entirely fictional test record
BEN-005488,PERSON-5487,ordinary,False,,Entirely fictional test record
BEN-005489,PERSON-5488,ordinary,False,,Entirely fictional test record
BEN-005490,PERSON-5489,ordinary,False,,Entirely fictional test record
BEN-005491,PERSON-5490,ordinary,False,,Entirely fictional test record
BEN-005492,PERSON-5491,ordinary,False,,Entirely fictional test record
BEN-005493,PERSON-5492,ordinary,False,,Entirely fictional test record
BEN-005494,PERSON-5493,ordinary,False,,Entirely fictional test record
BEN-005495,PERSON-5494,ordinary,False,,Entirely fictional test record
BEN-005496,PERSON-5495,ordinary,False,,Entirely fictional test record
BEN-005497,PERSON-5496,ordinary,False,,Entirely fictional test record
BEN-005498,PERSON-5497,ordinary,False,,Entirely fictional test record
BEN-005499,PERSON-5498,ordinary,False,,Entirely fictional test record
BEN-005500,PERSON-5499,ordinary,False,,Entirely fictional test record
BEN-005501,PERSON-5500,ordinary,False,,Entirely fictional test record
BEN-005502,PERSON-5501,ordinary,False,,Entirely fictional test record
BEN-005503,PERSON-5502,ordinary,False,,Entirely fictional test record
BEN-005504,PERSON-5503,ordinary,False,,Entirely fictional test record
BEN-005505,PERSON-5504,ordinary,False,,Entirely fictional test record
BEN-005506,PERSON-5505,ordinary,False,,Entirely fictional test record
BEN-005507,PERSON-5506,ordinary,False,,Entirely fictional test record
BEN-005508,PERSON-5507,ordinary,False,,Entirely fictional test record
BEN-005509,PERSON-5508,ordinary,False,,Entirely fictional test record
BEN-005510,PERSON-5509,ordinary,False,,Entirely fictional test record
BEN-005511,PERSON-5510,ordinary,False,,Entirely fictional test record
BEN-005512,PERSON-5511,ordinary,False,,Entirely fictional test record
BEN-005513,PERSON-5512,ordinary,False,,Entirely fictional test record
BEN-005514,PERSON-5513,ordinary,False,,Entirely fictional test record
BEN-005515,PERSON-5514,ordinary,False,,Entirely fictional test record
BEN-005516,PERSON-5515,ordinary,False,,Entirely fictional test record
BEN-005517,PERSON-5516,ordinary,False,,Entirely fictional test record
BEN-005518,PERSON-5517,ordinary,False,,Entirely fictional test record
BEN-005519,PERSON-5518,ordinary,False,,Entirely fictional test record
BEN-005520,PERSON-5519,ordinary,False,,Entirely fictional test record
BEN-005521,PERSON-5520,ordinary,False,,Entirely fictional test record
BEN-005522,PERSON-5521,ordinary,False,,Entirely fictional test record
BEN-005523,PERSON-5522,ordinary,False,,Entirely fictional test record
BEN-005524,PERSON-5523,ordinary,False,,Entirely fictional test record
BEN-005525,PERSON-5524,ordinary,False,,Entirely fictional test record
BEN-005526,PERSON-5525,ordinary,False,,Entirely fictional test record
BEN-005527,PERSON-5526,ordinary,False,,Entirely fictional test record
BEN-005528,PERSON-5527,ordinary,False,,Entirely fictional test record
BEN-005529,PERSON-5528,ordinary,False,,Entirely fictional test record
BEN-005530,PERSON-5529,ordinary,False,,Entirely fictional test record
BEN-005531,PERSON-5530,ordinary,False,,Entirely fictional test record
BEN-005532,PERSON-5531,ordinary,False,,Entirely fictional test record
BEN-005533,PERSON-5532,ordinary,False,,Entirely fictional test record
BEN-005534,PERSON-5533,ordinary,False,,Entirely fictional test record
BEN-005535,PERSON-5534,ordinary,False,,Entirely fictional test record
BEN-005536,PERSON-5535,ordinary,False,,Entirely fictional test record
BEN-005537,PERSON-5536,ordinary,False,,Entirely fictional test record
BEN-005538,PERSON-5537,ordinary,False,,Entirely fictional test record
BEN-005539,PERSON-5538,ordinary,False,,Entirely fictional test record
BEN-005540,PERSON-5539,ordinary,False,,Entirely fictional test record
BEN-005541,PERSON-5540,ordinary,False,,Entirely fictional test record
BEN-005542,PERSON-5541,ordinary,False,,Entirely fictional test record
BEN-005543,PERSON-5542,ordinary,False,,Entirely fictional test record
BEN-005544,PERSON-5543,ordinary,False,,Entirely fictional test record
BEN-005545,PERSON-5544,ordinary,False,,Entirely fictional test record
BEN-005546,PERSON-5545,ordinary,False,,Entirely fictional test record
BEN-005547,PERSON-5546,ordinary,False,,Entirely fictional test record
BEN-005548,PERSON-5547,ordinary,False,,Entirely fictional test record
BEN-005549,PERSON-5548,ordinary,False,,Entirely fictional test record
BEN-005550,PERSON-5549,ordinary,False,,Entirely fictional test record
BEN-005551,PERSON-5550,ordinary,False,,Entirely fictional test record
BEN-005552,PERSON-5551,ordinary,False,,Entirely fictional test record
BEN-005553,PERSON-5552,ordinary,False,,Entirely fictional test record
BEN-005554,PERSON-5553,ordinary,False,,Entirely fictional test record
BEN-005555,PERSON-5554,ordinary,False,,Entirely fictional test record
BEN-005556,PERSON-5555,ordinary,False,,Entirely fictional test record
BEN-005557,PERSON-5556,ordinary,False,,Entirely fictional test record
BEN-005558,PERSON-5557,ordinary,False,,Entirely fictional test record
BEN-005559,PERSON-5558,ordinary,False,,Entirely fictional test record
BEN-005560,PERSON-5559,ordinary,False,,Entirely fictional test record
BEN-005561,PERSON-5560,ordinary,False,,Entirely fictional test record
BEN-005562,PERSON-5561,ordinary,False,,Entirely fictional test record
BEN-005563,PERSON-5562,ordinary,False,,Entirely fictional test record
BEN-005564,PERSON-5563,ordinary,False,,Entirely fictional test record
BEN-005565,PERSON-5564,ordinary,False,,Entirely fictional test record
BEN-005566,PERSON-5565,ordinary,False,,Entirely fictional test record
BEN-005567,PERSON-5566,ordinary,False,,Entirely fictional test record
BEN-005568,PERSON-5567,ordinary,False,,Entirely fictional test record
BEN-005569,PERSON-5568,ordinary,False,,Entirely fictional test record
BEN-005570,PERSON-5569,ordinary,False,,Entirely fictional test record
BEN-005571,PERSON-5570,ordinary,False,,Entirely fictional test record
BEN-005572,PERSON-5571,ordinary,False,,Entirely fictional test record
BEN-005573,PERSON-5572,ordinary,False,,Entirely fictional test record
BEN-005574,PERSON-5573,ordinary,False,,Entirely fictional test record
BEN-005575,PERSON-5574,ordinary,False,,Entirely fictional test record
BEN-005576,PERSON-5575,ordinary,False,,Entirely fictional test record
BEN-005577,PERSON-5576,ordinary,False,,Entirely fictional test record
BEN-005578,PERSON-5577,ordinary,False,,Entirely fictional test record
BEN-005579,PERSON-5578,ordinary,False,,Entirely fictional test record
BEN-005580,PERSON-5579,ordinary,False,,Entirely fictional test record
BEN-005581,PERSON-5580,ordinary,False,,Entirely fictional test record
BEN-005582,PERSON-5581,ordinary,False,,Entirely fictional test record
BEN-005583,PERSON-5582,ordinary,False,,Entirely fictional test record
BEN-005584,PERSON-5583,ordinary,False,,Entirely fictional test record
BEN-005585,PERSON-5584,ordinary,False,,Entirely fictional test record
BEN-005586,PERSON-5585,ordinary,False,,Entirely fictional test record
BEN-005587,PERSON-5586,ordinary,False,,Entirely fictional test record
BEN-005588,PERSON-5587,ordinary,False,,Entirely fictional test record
BEN-005589,PERSON-5588,ordinary,False,,Entirely fictional test record
BEN-005590,PERSON-5589,ordinary,False,,Entirely fictional test record
BEN-005591,PERSON-5590,ordinary,False,,Entirely fictional test record
BEN-005592,PERSON-5591,ordinary,False,,Entirely fictional test record
BEN-005593,PERSON-5592,ordinary,False,,Entirely fictional test record
BEN-005594,PERSON-5593,ordinary,False,,Entirely fictional test record
BEN-005595,PERSON-5594,ordinary,False,,Entirely fictional test record
BEN-005596,PERSON-5595,ordinary,False,,Entirely fictional test record
BEN-005597,PERSON-5596,ordinary,False,,Entirely fictional test record
BEN-005598,PERSON-5597,ordinary,False,,Entirely fictional test record
BEN-005599,PERSON-5598,ordinary,False,,Entirely fictional test record
BEN-005600,PERSON-5599,ordinary,False,,Entirely fictional test record
BEN-005601,PERSON-5600,ordinary,False,,Entirely fictional test record
BEN-005602,PERSON-5601,ordinary,False,,Entirely fictional test record
BEN-005603,PERSON-5602,ordinary,False,,Entirely fictional test record
BEN-005604,PERSON-5603,ordinary,False,,Entirely fictional test record
BEN-005605,PERSON-5604,ordinary,False,,Entirely fictional test record
BEN-005606,PERSON-5605,ordinary,False,,Entirely fictional test record
BEN-005607,PERSON-5606,ordinary,False,,Entirely fictional test record
BEN-005608,PERSON-5607,ordinary,False,,Entirely fictional test record
BEN-005609,PERSON-5608,ordinary,False,,Entirely fictional test record
BEN-005610,PERSON-5609,ordinary,False,,Entirely fictional test record
BEN-005611,PERSON-5610,ordinary,False,,Entirely fictional test record
BEN-005612,PERSON-5611,ordinary,False,,Entirely fictional test record
BEN-005613,PERSON-5612,ordinary,False,,Entirely fictional test record
BEN-005614,PERSON-5613,ordinary,False,,Entirely fictional test record
BEN-005615,PERSON-5614,ordinary,False,,Entirely fictional test record
BEN-005616,PERSON-5615,ordinary,False,,Entirely fictional test record
BEN-005617,PERSON-5616,ordinary,False,,Entirely fictional test record
BEN-005618,PERSON-5617,ordinary,False,,Entirely fictional test record
BEN-005619,PERSON-5618,ordinary,False,,Entirely fictional test record
BEN-005620,PERSON-5619,ordinary,False,,Entirely fictional test record
BEN-005621,PERSON-5620,ordinary,False,,Entirely fictional test record
BEN-005622,PERSON-5621,ordinary,False,,Entirely fictional test record
BEN-005623,PERSON-5622,ordinary,False,,Entirely fictional test record
BEN-005624,PERSON-5623,ordinary,False,,Entirely fictional test record
BEN-005625,PERSON-5624,ordinary,False,,Entirely fictional test record
BEN-005626,PERSON-5625,ordinary,False,,Entirely fictional test record
BEN-005627,PERSON-5626,ordinary,False,,Entirely fictional test record
BEN-005628,PERSON-5627,ordinary,False,,Entirely fictional test record
BEN-005629,PERSON-5628,ordinary,False,,Entirely fictional test record
BEN-005630,PERSON-5629,ordinary,False,,Entirely fictional test record
BEN-005631,PERSON-5630,ordinary,False,,Entirely fictional test record
BEN-005632,PERSON-5631,ordinary,False,,Entirely fictional test record
BEN-005633,PERSON-5632,ordinary,False,,Entirely fictional test record
BEN-005634,PERSON-5633,ordinary,False,,Entirely fictional test record
BEN-005635,PERSON-5634,ordinary,False,,Entirely fictional test record
BEN-005636,PERSON-5635,ordinary,False,,Entirely fictional test record
BEN-005637,PERSON-5636,ordinary,False,,Entirely fictional test record
BEN-005638,PERSON-5637,ordinary,False,,Entirely fictional test record
BEN-005639,PERSON-5638,ordinary,False,,Entirely fictional test record
BEN-005640,PERSON-5639,ordinary,False,,Entirely fictional test record
BEN-005641,PERSON-5640,ordinary,False,,Entirely fictional test record
BEN-005642,PERSON-5641,ordinary,False,,Entirely fictional test record
BEN-005643,PERSON-5642,ordinary,False,,Entirely fictional test record
BEN-005644,PERSON-5643,ordinary,False,,Entirely fictional test record
BEN-005645,PERSON-5644,ordinary,False,,Entirely fictional test record
BEN-005646,PERSON-5645,ordinary,False,,Entirely fictional test record
BEN-005647,PERSON-5646,ordinary,False,,Entirely fictional test record
BEN-005648,PERSON-5647,ordinary,False,,Entirely fictional test record
BEN-005649,PERSON-5648,ordinary,False,,Entirely fictional test record
BEN-005650,PERSON-5649,ordinary,False,,Entirely fictional test record
BEN-005651,PERSON-5650,ordinary,False,,Entirely fictional test record
BEN-005652,PERSON-5651,ordinary,False,,Entirely fictional test record
BEN-005653,PERSON-5652,ordinary,False,,Entirely fictional test record
BEN-005654,PERSON-5653,ordinary,False,,Entirely fictional test record
BEN-005655,PERSON-5654,ordinary,False,,Entirely fictional test record
BEN-005656,PERSON-5655,ordinary,False,,Entirely fictional test record
BEN-005657,PERSON-5656,ordinary,False,,Entirely fictional test record
BEN-005658,PERSON-5657,ordinary,False,,Entirely fictional test record
BEN-005659,PERSON-5658,ordinary,False,,Entirely fictional test record
BEN-005660,PERSON-5659,ordinary,False,,Entirely fictional test record
BEN-005661,PERSON-5660,ordinary,False,,Entirely fictional test record
BEN-005662,PERSON-5661,ordinary,False,,Entirely fictional test record
BEN-005663,PERSON-5662,ordinary,False,,Entirely fictional test record
BEN-005664,PERSON-5663,ordinary,False,,Entirely fictional test record
BEN-005665,PERSON-5664,ordinary,False,,Entirely fictional test record
BEN-005666,PERSON-5665,ordinary,False,,Entirely fictional test record
BEN-005667,PERSON-5666,ordinary,False,,Entirely fictional test record
BEN-005668,PERSON-5667,ordinary,False,,Entirely fictional test record
BEN-005669,PERSON-5668,ordinary,False,,Entirely fictional test record
BEN-005670,PERSON-5669,ordinary,False,,Entirely fictional test record
BEN-005671,PERSON-5670,ordinary,False,,Entirely fictional test record
BEN-005672,PERSON-5671,ordinary,False,,Entirely fictional test record
BEN-005673,PERSON-5672,ordinary,False,,Entirely fictional test record
BEN-005674,PERSON-5673,ordinary,False,,Entirely fictional test record
BEN-005675,PERSON-5674,ordinary,False,,Entirely fictional test record
BEN-005676,PERSON-5675,ordinary,False,,Entirely fictional test record
BEN-005677,PERSON-5676,ordinary,False,,Entirely fictional test record
BEN-005678,PERSON-5677,ordinary,False,,Entirely fictional test record
BEN-005679,PERSON-5678,ordinary,False,,Entirely fictional test record
BEN-005680,PERSON-5679,ordinary,False,,Entirely fictional test record
BEN-005681,PERSON-5680,ordinary,False,,Entirely fictional test record
BEN-005682,PERSON-5681,ordinary,False,,Entirely fictional test record
BEN-005683,PERSON-5682,ordinary,False,,Entirely fictional test record
BEN-005684,PERSON-5683,ordinary,False,,Entirely fictional test record
BEN-005685,PERSON-5684,ordinary,False,,Entirely fictional test record
BEN-005686,PERSON-5685,ordinary,False,,Entirely fictional test record
BEN-005687,PERSON-5686,ordinary,False,,Entirely fictional test record
BEN-005688,PERSON-5687,ordinary,False,,Entirely fictional test record
BEN-005689,PERSON-5688,ordinary,False,,Entirely fictional test record
BEN-005690,PERSON-5689,ordinary,False,,Entirely fictional test record
BEN-005691,PERSON-5690,ordinary,False,,Entirely fictional test record
BEN-005692,PERSON-5691,ordinary,False,,Entirely fictional test record
BEN-005693,PERSON-5692,ordinary,False,,Entirely fictional test record
BEN-005694,PERSON-5693,ordinary,False,,Entirely fictional test record
BEN-005695,PERSON-5694,ordinary,False,,Entirely fictional test record
BEN-005696,PERSON-5695,ordinary,False,,Entirely fictional test record
BEN-005697,PERSON-5696,ordinary,False,,Entirely fictional test record
BEN-005698,PERSON-5697,ordinary,False,,Entirely fictional test record
BEN-005699,PERSON-5698,ordinary,False,,Entirely fictional test record
BEN-005700,PERSON-5699,ordinary,False,,Entirely fictional test record
BEN-005701,PERSON-5700,ordinary,False,,Entirely fictional test record
BEN-005702,PERSON-5701,ordinary,False,,Entirely fictional test record
BEN-005703,PERSON-5702,ordinary,False,,Entirely fictional test record
BEN-005704,PERSON-5703,ordinary,False,,Entirely fictional test record
BEN-005705,PERSON-5704,ordinary,False,,Entirely fictional test record
BEN-005706,PERSON-5705,ordinary,False,,Entirely fictional test record
BEN-005707,PERSON-5706,ordinary,False,,Entirely fictional test record
BEN-005708,PERSON-5707,ordinary,False,,Entirely fictional test record
BEN-005709,PERSON-5708,ordinary,False,,Entirely fictional test record
BEN-005710,PERSON-5709,ordinary,False,,Entirely fictional test record
BEN-005711,PERSON-5710,ordinary,False,,Entirely fictional test record
BEN-005712,PERSON-5711,ordinary,False,,Entirely fictional test record
BEN-005713,PERSON-5712,ordinary,False,,Entirely fictional test record
BEN-005714,PERSON-5713,ordinary,False,,Entirely fictional test record
BEN-005715,PERSON-5714,ordinary,False,,Entirely fictional test record
BEN-005716,PERSON-5715,ordinary,False,,Entirely fictional test record
BEN-005717,PERSON-5716,ordinary,False,,Entirely fictional test record
BEN-005718,PERSON-5717,ordinary,False,,Entirely fictional test record
BEN-005719,PERSON-5718,ordinary,False,,Entirely fictional test record
BEN-005720,PERSON-5719,ordinary,False,,Entirely fictional test record
BEN-005721,PERSON-5720,ordinary,False,,Entirely fictional test record
BEN-005722,PERSON-5721,ordinary,False,,Entirely fictional test record
BEN-005723,PERSON-5722,ordinary,False,,Entirely fictional test record
BEN-005724,PERSON-5723,ordinary,False,,Entirely fictional test record
BEN-005725,PERSON-5724,ordinary,False,,Entirely fictional test record
BEN-005726,PERSON-5725,ordinary,False,,Entirely fictional test record
BEN-005727,PERSON-5726,ordinary,False,,Entirely fictional test record
BEN-005728,PERSON-5727,ordinary,False,,Entirely fictional test record
BEN-005729,PERSON-5728,ordinary,False,,Entirely fictional test record
BEN-005730,PERSON-5729,ordinary,False,,Entirely fictional test record
BEN-005731,PERSON-5730,ordinary,False,,Entirely fictional test record
BEN-005732,PERSON-5731,ordinary,False,,Entirely fictional test record
BEN-005733,PERSON-5732,ordinary,False,,Entirely fictional test record
BEN-005734,PERSON-5733,ordinary,False,,Entirely fictional test record
BEN-005735,PERSON-5734,ordinary,False,,Entirely fictional test record
BEN-005736,PERSON-5735,ordinary,False,,Entirely fictional test record
BEN-005737,PERSON-5736,ordinary,False,,Entirely fictional test record
BEN-005738,PERSON-5737,ordinary,False,,Entirely fictional test record
BEN-005739,PERSON-5738,ordinary,False,,Entirely fictional test record
BEN-005740,PERSON-5739,ordinary,False,,Entirely fictional test record
BEN-005741,PERSON-5740,ordinary,False,,Entirely fictional test record
BEN-005742,PERSON-5741,ordinary,False,,Entirely fictional test record
BEN-005743,PERSON-5742,ordinary,False,,Entirely fictional test record
BEN-005744,PERSON-5743,ordinary,False,,Entirely fictional test record
BEN-005745,PERSON-5744,ordinary,False,,Entirely fictional test record
BEN-005746,PERSON-5745,ordinary,False,,Entirely fictional test record
BEN-005747,PERSON-5746,ordinary,False,,Entirely fictional test record
BEN-005748,PERSON-5747,ordinary,False,,Entirely fictional test record
BEN-005749,PERSON-5748,ordinary,False,,Entirely fictional test record
BEN-005750,PERSON-5749,ordinary,False,,Entirely fictional test record
BEN-005751,PERSON-5750,ordinary,False,,Entirely fictional test record
BEN-005752,PERSON-5751,ordinary,False,,Entirely fictional test record
BEN-005753,PERSON-5752,ordinary,False,,Entirely fictional test record
BEN-005754,PERSON-5753,ordinary,False,,Entirely fictional test record
BEN-005755,PERSON-5754,ordinary,False,,Entirely fictional test record
BEN-005756,PERSON-5755,ordinary,False,,Entirely fictional test record
BEN-005757,PERSON-5756,ordinary,False,,Entirely fictional test record
BEN-005758,PERSON-5757,ordinary,False,,Entirely fictional test record
BEN-005759,PERSON-5758,ordinary,False,,Entirely fictional test record
BEN-005760,PERSON-5759,ordinary,False,,Entirely fictional test record
BEN-005761,PERSON-5760,ordinary,False,,Entirely fictional test record
BEN-005762,PERSON-5761,ordinary,False,,Entirely fictional test record
BEN-005763,PERSON-5762,ordinary,False,,Entirely fictional test record
BEN-005764,PERSON-5763,ordinary,False,,Entirely fictional test record
BEN-005765,PERSON-5764,ordinary,False,,Entirely fictional test record
BEN-005766,PERSON-5765,ordinary,False,,Entirely fictional test record
BEN-005767,PERSON-5766,ordinary,False,,Entirely fictional test record
BEN-005768,PERSON-5767,ordinary,False,,Entirely fictional test record
BEN-005769,PERSON-5768,ordinary,False,,Entirely fictional test record
BEN-005770,PERSON-5769,ordinary,False,,Entirely fictional test record
BEN-005771,PERSON-5770,ordinary,False,,Entirely fictional test record
BEN-005772,PERSON-5771,ordinary,False,,Entirely fictional test record
BEN-005773,PERSON-5772,ordinary,False,,Entirely fictional test record
BEN-005774,PERSON-5773,ordinary,False,,Entirely fictional test record
BEN-005775,PERSON-5774,ordinary,False,,Entirely fictional test record
BEN-005776,PERSON-5775,ordinary,False,,Entirely fictional test record
BEN-005777,PERSON-5776,ordinary,False,,Entirely fictional test record
BEN-005778,PERSON-5777,ordinary,False,,Entirely fictional test record
BEN-005779,PERSON-5778,ordinary,False,,Entirely fictional test record
BEN-005780,PERSON-5779,ordinary,False,,Entirely fictional test record
BEN-005781,PERSON-5780,ordinary,False,,Entirely fictional test record
BEN-005782,PERSON-5781,ordinary,False,,Entirely fictional test record
BEN-005783,PERSON-5782,ordinary,False,,Entirely fictional test record
BEN-005784,PERSON-5783,ordinary,False,,Entirely fictional test record
BEN-005785,PERSON-5784,ordinary,False,,Entirely fictional test record
BEN-005786,PERSON-5785,ordinary,False,,Entirely fictional test record
BEN-005787,PERSON-5786,ordinary,False,,Entirely fictional test record
BEN-005788,PERSON-5787,ordinary,False,,Entirely fictional test record
BEN-005789,PERSON-5788,ordinary,False,,Entirely fictional test record
BEN-005790,PERSON-5789,ordinary,False,,Entirely fictional test record
BEN-005791,PERSON-5790,ordinary,False,,Entirely fictional test record
BEN-005792,PERSON-5791,ordinary,False,,Entirely fictional test record
BEN-005793,PERSON-5792,ordinary,False,,Entirely fictional test record
BEN-005794,PERSON-5793,ordinary,False,,Entirely fictional test record
BEN-005795,PERSON-5794,ordinary,False,,Entirely fictional test record
BEN-005796,PERSON-5795,ordinary,False,,Entirely fictional test record
BEN-005797,PERSON-5796,ordinary,False,,Entirely fictional test record
BEN-005798,PERSON-5797,ordinary,False,,Entirely fictional test record
BEN-005799,PERSON-5798,ordinary,False,,Entirely fictional test record
BEN-005800,PERSON-5799,ordinary,False,,Entirely fictional test record
BEN-005801,PERSON-5800,ordinary,False,,Entirely fictional test record
BEN-005802,PERSON-5801,ordinary,False,,Entirely fictional test record
BEN-005803,PERSON-5802,ordinary,False,,Entirely fictional test record
BEN-005804,PERSON-5803,ordinary,False,,Entirely fictional test record
BEN-005805,PERSON-5804,ordinary,False,,Entirely fictional test record
BEN-005806,PERSON-5805,ordinary,False,,Entirely fictional test record
BEN-005807,PERSON-5806,ordinary,False,,Entirely fictional test record
BEN-005808,PERSON-5807,ordinary,False,,Entirely fictional test record
BEN-005809,PERSON-5808,ordinary,False,,Entirely fictional test record
BEN-005810,PERSON-5809,ordinary,False,,Entirely fictional test record
BEN-005811,PERSON-5810,ordinary,False,,Entirely fictional test record
BEN-005812,PERSON-5811,ordinary,False,,Entirely fictional test record
BEN-005813,PERSON-5812,ordinary,False,,Entirely fictional test record
BEN-005814,PERSON-5813,ordinary,False,,Entirely fictional test record
BEN-005815,PERSON-5814,ordinary,False,,Entirely fictional test record
BEN-005816,PERSON-5815,ordinary,False,,Entirely fictional test record
BEN-005817,PERSON-5816,ordinary,False,,Entirely fictional test record
BEN-005818,PERSON-5817,ordinary,False,,Entirely fictional test record
BEN-005819,PERSON-5818,ordinary,False,,Entirely fictional test record
BEN-005820,PERSON-5819,ordinary,False,,Entirely fictional test record
BEN-005821,PERSON-5820,ordinary,False,,Entirely fictional test record
BEN-005822,PERSON-5821,ordinary,False,,Entirely fictional test record
BEN-005823,PERSON-5822,ordinary,False,,Entirely fictional test record
BEN-005824,PERSON-5823,ordinary,False,,Entirely fictional test record
BEN-005825,PERSON-5824,ordinary,False,,Entirely fictional test record
BEN-005826,PERSON-5825,ordinary,False,,Entirely fictional test record
BEN-005827,PERSON-5826,ordinary,False,,Entirely fictional test record
BEN-005828,PERSON-5827,ordinary,False,,Entirely fictional test record
BEN-005829,PERSON-5828,ordinary,False,,Entirely fictional test record
BEN-005830,PERSON-5829,ordinary,False,,Entirely fictional test record
BEN-005831,PERSON-5830,ordinary,False,,Entirely fictional test record
BEN-005832,PERSON-5831,ordinary,False,,Entirely fictional test record
BEN-005833,PERSON-5832,ordinary,False,,Entirely fictional test record
BEN-005834,PERSON-5833,ordinary,False,,Entirely fictional test record
BEN-005835,PERSON-5834,ordinary,False,,Entirely fictional test record
BEN-005836,PERSON-5835,ordinary,False,,Entirely fictional test record
BEN-005837,PERSON-5836,ordinary,False,,Entirely fictional test record
BEN-005838,PERSON-5837,ordinary,False,,Entirely fictional test record
BEN-005839,PERSON-5838,ordinary,False,,Entirely fictional test record
BEN-005840,PERSON-5839,ordinary,False,,Entirely fictional test record
BEN-005841,PERSON-5840,ordinary,False,,Entirely fictional test record
BEN-005842,PERSON-5841,ordinary,False,,Entirely fictional test record
BEN-005843,PERSON-5842,ordinary,False,,Entirely fictional test record
BEN-005844,PERSON-5843,ordinary,False,,Entirely fictional test record
BEN-005845,PERSON-5844,ordinary,False,,Entirely fictional test record
BEN-005846,PERSON-5845,ordinary,False,,Entirely fictional test record
BEN-005847,PERSON-5846,ordinary,False,,Entirely fictional test record
BEN-005848,PERSON-5847,ordinary,False,,Entirely fictional test record
BEN-005849,PERSON-5848,ordinary,False,,Entirely fictional test record
BEN-005850,PERSON-5849,ordinary,False,,Entirely fictional test record
BEN-005851,PERSON-5850,ordinary,False,,Entirely fictional test record
BEN-005852,PERSON-5851,ordinary,False,,Entirely fictional test record
BEN-005853,PERSON-5852,ordinary,False,,Entirely fictional test record
BEN-005854,PERSON-5853,ordinary,False,,Entirely fictional test record
BEN-005855,PERSON-5854,ordinary,False,,Entirely fictional test record
BEN-005856,PERSON-5855,ordinary,False,,Entirely fictional test record
BEN-005857,PERSON-5856,ordinary,False,,Entirely fictional test record
BEN-005858,PERSON-5857,ordinary,False,,Entirely fictional test record
BEN-005859,PERSON-5858,ordinary,False,,Entirely fictional test record
BEN-005860,PERSON-5859,ordinary,False,,Entirely fictional test record
BEN-005861,PERSON-5860,ordinary,False,,Entirely fictional test record
BEN-005862,PERSON-5861,ordinary,False,,Entirely fictional test record
BEN-005863,PERSON-5862,ordinary,False,,Entirely fictional test record
BEN-005864,PERSON-5863,ordinary,False,,Entirely fictional test record
BEN-005865,PERSON-5864,ordinary,False,,Entirely fictional test record
BEN-005866,PERSON-5865,ordinary,False,,Entirely fictional test record
BEN-005867,PERSON-5866,ordinary,False,,Entirely fictional test record
BEN-005868,PERSON-5867,ordinary,False,,Entirely fictional test record
BEN-005869,PERSON-5868,ordinary,False,,Entirely fictional test record
BEN-005870,PERSON-5869,ordinary,False,,Entirely fictional test record
BEN-005871,PERSON-5870,ordinary,False,,Entirely fictional test record
BEN-005872,PERSON-5871,ordinary,False,,Entirely fictional test record
BEN-005873,PERSON-5872,ordinary,False,,Entirely fictional test record
BEN-005874,PERSON-5873,ordinary,False,,Entirely fictional test record
BEN-005875,PERSON-5874,ordinary,False,,Entirely fictional test record
BEN-005876,PERSON-5875,ordinary,False,,Entirely fictional test record
BEN-005877,PERSON-5876,ordinary,False,,Entirely fictional test record
BEN-005878,PERSON-5877,ordinary,False,,Entirely fictional test record
BEN-005879,PERSON-5878,ordinary,False,,Entirely fictional test record
BEN-005880,PERSON-5879,ordinary,False,,Entirely fictional test record
BEN-005881,PERSON-5880,ordinary,False,,Entirely fictional test record
BEN-005882,PERSON-5881,ordinary,False,,Entirely fictional test record
BEN-005883,PERSON-5882,ordinary,False,,Entirely fictional test record
BEN-005884,PERSON-5883,ordinary,False,,Entirely fictional test record
BEN-005885,PERSON-5884,ordinary,False,,Entirely fictional test record
BEN-005886,PERSON-5885,ordinary,False,,Entirely fictional test record
BEN-005887,PERSON-5886,ordinary,False,,Entirely fictional test record
BEN-005888,PERSON-5887,ordinary,False,,Entirely fictional test record
BEN-005889,PERSON-5888,ordinary,False,,Entirely fictional test record
BEN-005890,PERSON-5889,ordinary,False,,Entirely fictional test record
BEN-005891,PERSON-5890,ordinary,False,,Entirely fictional test record
BEN-005892,PERSON-5891,ordinary,False,,Entirely fictional test record
BEN-005893,PERSON-5892,ordinary,False,,Entirely fictional test record
BEN-005894,PERSON-5893,ordinary,False,,Entirely fictional test record
BEN-005895,PERSON-5894,ordinary,False,,Entirely fictional test record
BEN-005896,PERSON-5895,ordinary,False,,Entirely fictional test record
BEN-005897,PERSON-5896,ordinary,False,,Entirely fictional test record
BEN-005898,PERSON-5897,ordinary,False,,Entirely fictional test record
BEN-005899,PERSON-5898,ordinary,False,,Entirely fictional test record
BEN-005900,PERSON-5899,ordinary,False,,Entirely fictional test record
BEN-005901,PERSON-5900,ordinary,False,,Entirely fictional test record
BEN-005902,PERSON-5901,ordinary,False,,Entirely fictional test record
BEN-005903,PERSON-5902,ordinary,False,,Entirely fictional test record
BEN-005904,PERSON-5903,ordinary,False,,Entirely fictional test record
BEN-005905,PERSON-5904,ordinary,False,,Entirely fictional test record
BEN-005906,PERSON-5905,ordinary,False,,Entirely fictional test record
BEN-005907,PERSON-5906,ordinary,False,,Entirely fictional test record
BEN-005908,PERSON-5907,ordinary,False,,Entirely fictional test record
BEN-005909,PERSON-5908,ordinary,False,,Entirely fictional test record
BEN-005910,PERSON-5909,ordinary,False,,Entirely fictional test record
BEN-005911,PERSON-5910,ordinary,False,,Entirely fictional test record
BEN-005912,PERSON-5911,ordinary,False,,Entirely fictional test record
BEN-005913,PERSON-5912,ordinary,False,,Entirely fictional test record
BEN-005914,PERSON-5913,ordinary,False,,Entirely fictional test record
BEN-005915,PERSON-5914,ordinary,False,,Entirely fictional test record
BEN-005916,PERSON-5915,ordinary,False,,Entirely fictional test record
BEN-005917,PERSON-5916,ordinary,False,,Entirely fictional test record
BEN-005918,PERSON-5917,ordinary,False,,Entirely fictional test record
BEN-005919,PERSON-5918,ordinary,False,,Entirely fictional test record
BEN-005920,PERSON-5919,ordinary,False,,Entirely fictional test record
BEN-005921,PERSON-5920,ordinary,False,,Entirely fictional test record
BEN-005922,PERSON-5921,ordinary,False,,Entirely fictional test record
BEN-005923,PERSON-5922,ordinary,False,,Entirely fictional test record
BEN-005924,PERSON-5923,ordinary,False,,Entirely fictional test record
BEN-005925,PERSON-5924,ordinary,False,,Entirely fictional test record
BEN-005926,PERSON-5925,ordinary,False,,Entirely fictional test record
BEN-005927,PERSON-5926,ordinary,False,,Entirely fictional test record
BEN-005928,PERSON-5927,ordinary,False,,Entirely fictional test record
BEN-005929,PERSON-5928,ordinary,False,,Entirely fictional test record
BEN-005930,PERSON-5929,ordinary,False,,Entirely fictional test record
BEN-005931,PERSON-5930,ordinary,False,,Entirely fictional test record
BEN-005932,PERSON-5931,ordinary,False,,Entirely fictional test record
BEN-005933,PERSON-5932,ordinary,False,,Entirely fictional test record
BEN-005934,PERSON-5933,ordinary,False,,Entirely fictional test record
BEN-005935,PERSON-5934,ordinary,False,,Entirely fictional test record
BEN-005936,PERSON-5935,ordinary,False,,Entirely fictional test record
BEN-005937,PERSON-5936,ordinary,False,,Entirely fictional test record
BEN-005938,PERSON-5937,ordinary,False,,Entirely fictional test record
BEN-005939,PERSON-5938,ordinary,False,,Entirely fictional test record
BEN-005940,PERSON-5939,ordinary,False,,Entirely fictional test record
BEN-005941,PERSON-5940,ordinary,False,,Entirely fictional test record
BEN-005942,PERSON-5941,ordinary,False,,Entirely fictional test record
BEN-005943,PERSON-5942,ordinary,False,,Entirely fictional test record
BEN-005944,PERSON-5943,ordinary,False,,Entirely fictional test record
BEN-005945,PERSON-5944,ordinary,False,,Entirely fictional test record
BEN-005946,PERSON-5945,ordinary,False,,Entirely fictional test record
BEN-005947,PERSON-5946,ordinary,False,,Entirely fictional test record
BEN-005948,PERSON-5947,ordinary,False,,Entirely fictional test record
BEN-005949,PERSON-5948,ordinary,False,,Entirely fictional test record
BEN-005950,PERSON-5949,ordinary,False,,Entirely fictional test record
BEN-005951,PERSON-5950,ordinary,False,,Entirely fictional test record
BEN-005952,PERSON-5951,ordinary,False,,Entirely fictional test record
BEN-005953,PERSON-5952,ordinary,False,,Entirely fictional test record
BEN-005954,PERSON-5953,ordinary,False,,Entirely fictional test record
BEN-005955,PERSON-5954,ordinary,False,,Entirely fictional test record
BEN-005956,PERSON-5955,ordinary,False,,Entirely fictional test record
BEN-005957,PERSON-5956,ordinary,False,,Entirely fictional test record
BEN-005958,PERSON-5957,ordinary,False,,Entirely fictional test record
BEN-005959,PERSON-5958,ordinary,False,,Entirely fictional test record
BEN-005960,PERSON-5959,ordinary,False,,Entirely fictional test record
BEN-005961,PERSON-5960,ordinary,False,,Entirely fictional test record
BEN-005962,PERSON-5961,ordinary,False,,Entirely fictional test record
BEN-005963,PERSON-5962,ordinary,False,,Entirely fictional test record
BEN-005964,PERSON-5963,ordinary,False,,Entirely fictional test record
BEN-005965,PERSON-5964,ordinary,False,,Entirely fictional test record
BEN-005966,PERSON-5965,ordinary,False,,Entirely fictional test record
BEN-005967,PERSON-5966,ordinary,False,,Entirely fictional test record
BEN-005968,PERSON-5967,ordinary,False,,Entirely fictional test record
BEN-005969,PERSON-5968,ordinary,False,,Entirely fictional test record
BEN-005970,PERSON-5969,ordinary,False,,Entirely fictional test record
BEN-005971,PERSON-5970,ordinary,False,,Entirely fictional test record
BEN-005972,PERSON-5971,ordinary,False,,Entirely fictional test record
BEN-005973,PERSON-5972,ordinary,False,,Entirely fictional test record
BEN-005974,PERSON-5973,ordinary,False,,Entirely fictional test record
BEN-005975,PERSON-5974,ordinary,False,,Entirely fictional test record
BEN-005976,PERSON-5975,ordinary,False,,Entirely fictional test record
BEN-005977,PERSON-5976,ordinary,False,,Entirely fictional test record
BEN-005978,PERSON-5977,ordinary,False,,Entirely fictional test record
BEN-005979,PERSON-5978,ordinary,False,,Entirely fictional test record
BEN-005980,PERSON-5979,ordinary,False,,Entirely fictional test record
BEN-005981,PERSON-5980,ordinary,False,,Entirely fictional test record
BEN-005982,PERSON-5981,ordinary,False,,Entirely fictional test record
BEN-005983,PERSON-5982,ordinary,False,,Entirely fictional test record
BEN-005984,PERSON-5983,ordinary,False,,Entirely fictional test record
BEN-005985,PERSON-5984,ordinary,False,,Entirely fictional test record
BEN-005986,PERSON-5985,ordinary,False,,Entirely fictional test record
BEN-005987,PERSON-5986,ordinary,False,,Entirely fictional test record
BEN-005988,PERSON-5987,ordinary,False,,Entirely fictional test record
BEN-005989,PERSON-5988,ordinary,False,,Entirely fictional test record
BEN-005990,PERSON-5989,ordinary,False,,Entirely fictional test record
BEN-005991,PERSON-5990,ordinary,False,,Entirely fictional test record
BEN-005992,PERSON-5991,ordinary,False,,Entirely fictional test record
BEN-005993,PERSON-5992,ordinary,False,,Entirely fictional test record
BEN-005994,PERSON-5993,ordinary,False,,Entirely fictional test record
BEN-005995,PERSON-5994,ordinary,False,,Entirely fictional test record
BEN-005996,PERSON-5995,ordinary,False,,Entirely fictional test record
BEN-005997,PERSON-5996,ordinary,False,,Entirely fictional test record
BEN-005998,PERSON-5997,ordinary,False,,Entirely fictional test record
BEN-005999,PERSON-5998,ordinary,False,,Entirely fictional test record
BEN-006000,PERSON-5999,ordinary,False,,Entirely fictional test record
BEN-006001,PERSON-6000,ordinary,False,,Entirely fictional test record
BEN-006002,PERSON-6001,ordinary,False,,Entirely fictional test record
BEN-006003,PERSON-6002,ordinary,False,,Entirely fictional test record
BEN-006004,PERSON-6003,ordinary,False,,Entirely fictional test record
BEN-006005,PERSON-6004,ordinary,False,,Entirely fictional test record
BEN-006006,PERSON-6005,ordinary,False,,Entirely fictional test record
BEN-006007,PERSON-6006,ordinary,False,,Entirely fictional test record
BEN-006008,PERSON-6007,ordinary,False,,Entirely fictional test record
BEN-006009,PERSON-6008,ordinary,False,,Entirely fictional test record
BEN-006010,PERSON-6009,ordinary,False,,Entirely fictional test record
BEN-006011,PERSON-6010,ordinary,False,,Entirely fictional test record
BEN-006012,PERSON-6011,ordinary,False,,Entirely fictional test record
BEN-006013,PERSON-6012,ordinary,False,,Entirely fictional test record
BEN-006014,PERSON-6013,ordinary,False,,Entirely fictional test record
BEN-006015,PERSON-6014,ordinary,False,,Entirely fictional test record
BEN-006016,PERSON-6015,ordinary,False,,Entirely fictional test record
BEN-006017,PERSON-6016,ordinary,False,,Entirely fictional test record
BEN-006018,PERSON-6017,ordinary,False,,Entirely fictional test record
BEN-006019,PERSON-6018,ordinary,False,,Entirely fictional test record
BEN-006020,PERSON-6019,ordinary,False,,Entirely fictional test record
BEN-006021,PERSON-6020,ordinary,False,,Entirely fictional test record
BEN-006022,PERSON-6021,ordinary,False,,Entirely fictional test record
BEN-006023,PERSON-6022,ordinary,False,,Entirely fictional test record
BEN-006024,PERSON-6023,ordinary,False,,Entirely fictional test record
BEN-006025,PERSON-6024,ordinary,False,,Entirely fictional test record
BEN-006026,PERSON-6025,ordinary,False,,Entirely fictional test record
BEN-006027,PERSON-6026,ordinary,False,,Entirely fictional test record
BEN-006028,PERSON-6027,ordinary,False,,Entirely fictional test record
BEN-006029,PERSON-6028,ordinary,False,,Entirely fictional test record
BEN-006030,PERSON-6029,ordinary,False,,Entirely fictional test record
BEN-006031,PERSON-6030,ordinary,False,,Entirely fictional test record
BEN-006032,PERSON-6031,ordinary,False,,Entirely fictional test record
BEN-006033,PERSON-6032,ordinary,False,,Entirely fictional test record
BEN-006034,PERSON-6033,ordinary,False,,Entirely fictional test record
BEN-006035,PERSON-6034,ordinary,False,,Entirely fictional test record
BEN-006036,PERSON-6035,ordinary,False,,Entirely fictional test record
BEN-006037,PERSON-6036,ordinary,False,,Entirely fictional test record
BEN-006038,PERSON-6037,ordinary,False,,Entirely fictional test record
BEN-006039,PERSON-6038,ordinary,False,,Entirely fictional test record
BEN-006040,PERSON-6039,ordinary,False,,Entirely fictional test record
BEN-006041,PERSON-6040,ordinary,False,,Entirely fictional test record
BEN-006042,PERSON-6041,ordinary,False,,Entirely fictional test record
BEN-006043,PERSON-6042,ordinary,False,,Entirely fictional test record
BEN-006044,PERSON-6043,ordinary,False,,Entirely fictional test record
BEN-006045,PERSON-6044,ordinary,False,,Entirely fictional test record
BEN-006046,PERSON-6045,ordinary,False,,Entirely fictional test record
BEN-006047,PERSON-6046,ordinary,False,,Entirely fictional test record
BEN-006048,PERSON-6047,ordinary,False,,Entirely fictional test record
BEN-006049,PERSON-6048,ordinary,False,,Entirely fictional test record
BEN-006050,PERSON-6049,ordinary,False,,Entirely fictional test record
BEN-006051,PERSON-6050,ordinary,False,,Entirely fictional test record
BEN-006052,PERSON-6051,ordinary,False,,Entirely fictional test record
BEN-006053,PERSON-6052,ordinary,False,,Entirely fictional test record
BEN-006054,PERSON-6053,ordinary,False,,Entirely fictional test record
BEN-006055,PERSON-6054,ordinary,False,,Entirely fictional test record
BEN-006056,PERSON-6055,ordinary,False,,Entirely fictional test record
BEN-006057,PERSON-6056,ordinary,False,,Entirely fictional test record
BEN-006058,PERSON-6057,ordinary,False,,Entirely fictional test record
BEN-006059,PERSON-6058,ordinary,False,,Entirely fictional test record
BEN-006060,PERSON-6059,ordinary,False,,Entirely fictional test record
BEN-006061,PERSON-6060,ordinary,False,,Entirely fictional test record
BEN-006062,PERSON-6061,ordinary,False,,Entirely fictional test record
BEN-006063,PERSON-6062,ordinary,False,,Entirely fictional test record
BEN-006064,PERSON-6063,ordinary,False,,Entirely fictional test record
BEN-006065,PERSON-6064,ordinary,False,,Entirely fictional test record
BEN-006066,PERSON-6065,ordinary,False,,Entirely fictional test record
BEN-006067,PERSON-6066,ordinary,False,,Entirely fictional test record
BEN-006068,PERSON-6067,ordinary,False,,Entirely fictional test record
BEN-006069,PERSON-6068,ordinary,False,,Entirely fictional test record
BEN-006070,PERSON-6069,ordinary,False,,Entirely fictional test record
BEN-006071,PERSON-6070,ordinary,False,,Entirely fictional test record
BEN-006072,PERSON-6071,ordinary,False,,Entirely fictional test record
BEN-006073,PERSON-6072,ordinary,False,,Entirely fictional test record
BEN-006074,PERSON-6073,ordinary,False,,Entirely fictional test record
BEN-006075,PERSON-6074,ordinary,False,,Entirely fictional test record
BEN-006076,PERSON-6075,ordinary,False,,Entirely fictional test record
BEN-006077,PERSON-6076,ordinary,False,,Entirely fictional test record
BEN-006078,PERSON-6077,ordinary,False,,Entirely fictional test record
BEN-006079,PERSON-6078,ordinary,False,,Entirely fictional test record
BEN-006080,PERSON-6079,ordinary,False,,Entirely fictional test record
BEN-006081,PERSON-6080,ordinary,False,,Entirely fictional test record
BEN-006082,PERSON-6081,ordinary,False,,Entirely fictional test record
BEN-006083,PERSON-6082,ordinary,False,,Entirely fictional test record
BEN-006084,PERSON-6083,ordinary,False,,Entirely fictional test record
BEN-006085,PERSON-6084,ordinary,False,,Entirely fictional test record
BEN-006086,PERSON-6085,ordinary,False,,Entirely fictional test record
BEN-006087,PERSON-6086,ordinary,False,,Entirely fictional test record
BEN-006088,PERSON-6087,ordinary,False,,Entirely fictional test record
BEN-006089,PERSON-6088,ordinary,False,,Entirely fictional test record
BEN-006090,PERSON-6089,ordinary,False,,Entirely fictional test record
BEN-006091,PERSON-6090,ordinary,False,,Entirely fictional test record
BEN-006092,PERSON-6091,ordinary,False,,Entirely fictional test record
BEN-006093,PERSON-6092,ordinary,False,,Entirely fictional test record
BEN-006094,PERSON-6093,ordinary,False,,Entirely fictional test record
BEN-006095,PERSON-6094,ordinary,False,,Entirely fictional test record
BEN-006096,PERSON-6095,ordinary,False,,Entirely fictional test record
BEN-006097,PERSON-6096,ordinary,False,,Entirely fictional test record
BEN-006098,PERSON-6097,ordinary,False,,Entirely fictional test record
BEN-006099,PERSON-6098,ordinary,False,,Entirely fictional test record
BEN-006100,PERSON-6099,ordinary,False,,Entirely fictional test record
BEN-006101,PERSON-6100,ordinary,False,,Entirely fictional test record
BEN-006102,PERSON-6101,ordinary,False,,Entirely fictional test record
BEN-006103,PERSON-6102,ordinary,False,,Entirely fictional test record
BEN-006104,PERSON-6103,ordinary,False,,Entirely fictional test record
BEN-006105,PERSON-6104,ordinary,False,,Entirely fictional test record
BEN-006106,PERSON-6105,ordinary,False,,Entirely fictional test record
BEN-006107,PERSON-6106,ordinary,False,,Entirely fictional test record
BEN-006108,PERSON-6107,ordinary,False,,Entirely fictional test record
BEN-006109,PERSON-6108,ordinary,False,,Entirely fictional test record
BEN-006110,PERSON-6109,ordinary,False,,Entirely fictional test record
BEN-006111,PERSON-6110,ordinary,False,,Entirely fictional test record
BEN-006112,PERSON-6111,ordinary,False,,Entirely fictional test record
BEN-006113,PERSON-6112,ordinary,False,,Entirely fictional test record
BEN-006114,PERSON-6113,ordinary,False,,Entirely fictional test record
BEN-006115,PERSON-6114,ordinary,False,,Entirely fictional test record
BEN-006116,PERSON-6115,ordinary,False,,Entirely fictional test record
BEN-006117,PERSON-6116,ordinary,False,,Entirely fictional test record
BEN-006118,PERSON-6117,ordinary,False,,Entirely fictional test record
BEN-006119,PERSON-6118,ordinary,False,,Entirely fictional test record
BEN-006120,PERSON-6119,ordinary,False,,Entirely fictional test record
BEN-006121,PERSON-6120,ordinary,False,,Entirely fictional test record
BEN-006122,PERSON-6121,ordinary,False,,Entirely fictional test record
BEN-006123,PERSON-6122,ordinary,False,,Entirely fictional test record
BEN-006124,PERSON-6123,ordinary,False,,Entirely fictional test record
BEN-006125,PERSON-6124,ordinary,False,,Entirely fictional test record
BEN-006126,PERSON-6125,ordinary,False,,Entirely fictional test record
BEN-006127,PERSON-6126,ordinary,False,,Entirely fictional test record
BEN-006128,PERSON-6127,ordinary,False,,Entirely fictional test record
BEN-006129,PERSON-6128,ordinary,False,,Entirely fictional test record
BEN-006130,PERSON-6129,ordinary,False,,Entirely fictional test record
BEN-006131,PERSON-6130,ordinary,False,,Entirely fictional test record
BEN-006132,PERSON-6131,ordinary,False,,Entirely fictional test record
BEN-006133,PERSON-6132,ordinary,False,,Entirely fictional test record
BEN-006134,PERSON-6133,ordinary,False,,Entirely fictional test record
BEN-006135,PERSON-6134,ordinary,False,,Entirely fictional test record
BEN-006136,PERSON-6135,ordinary,False,,Entirely fictional test record
BEN-006137,PERSON-6136,ordinary,False,,Entirely fictional test record
BEN-006138,PERSON-6137,ordinary,False,,Entirely fictional test record
BEN-006139,PERSON-6138,ordinary,False,,Entirely fictional test record
BEN-006140,PERSON-6139,ordinary,False,,Entirely fictional test record
BEN-006141,PERSON-6140,ordinary,False,,Entirely fictional test record
BEN-006142,PERSON-6141,ordinary,False,,Entirely fictional test record
BEN-006143,PERSON-6142,ordinary,False,,Entirely fictional test record
BEN-006144,PERSON-6143,ordinary,False,,Entirely fictional test record
BEN-006145,PERSON-6144,ordinary,False,,Entirely fictional test record
BEN-006146,PERSON-6145,ordinary,False,,Entirely fictional test record
BEN-006147,PERSON-6146,ordinary,False,,Entirely fictional test record
BEN-006148,PERSON-6147,ordinary,False,,Entirely fictional test record
BEN-006149,PERSON-6148,ordinary,False,,Entirely fictional test record
BEN-006150,PERSON-6149,ordinary,False,,Entirely fictional test record
BEN-006151,PERSON-6150,ordinary,False,,Entirely fictional test record
BEN-006152,PERSON-6151,ordinary,False,,Entirely fictional test record
BEN-006153,PERSON-6152,ordinary,False,,Entirely fictional test record
BEN-006154,PERSON-6153,ordinary,False,,Entirely fictional test record
BEN-006155,PERSON-6154,ordinary,False,,Entirely fictional test record
BEN-006156,PERSON-6155,ordinary,False,,Entirely fictional test record
BEN-006157,PERSON-6156,ordinary,False,,Entirely fictional test record
BEN-006158,PERSON-6157,ordinary,False,,Entirely fictional test record
BEN-006159,PERSON-6158,ordinary,False,,Entirely fictional test record
BEN-006160,PERSON-6159,ordinary,False,,Entirely fictional test record
BEN-006161,PERSON-6160,ordinary,False,,Entirely fictional test record
BEN-006162,PERSON-6161,ordinary,False,,Entirely fictional test record
BEN-006163,PERSON-6162,ordinary,False,,Entirely fictional test record
BEN-006164,PERSON-6163,ordinary,False,,Entirely fictional test record
BEN-006165,PERSON-6164,ordinary,False,,Entirely fictional test record
BEN-006166,PERSON-6165,ordinary,False,,Entirely fictional test record
BEN-006167,PERSON-6166,ordinary,False,,Entirely fictional test record
BEN-006168,PERSON-6167,ordinary,False,,Entirely fictional test record
BEN-006169,PERSON-6168,ordinary,False,,Entirely fictional test record
BEN-006170,PERSON-6169,ordinary,False,,Entirely fictional test record
BEN-006171,PERSON-6170,ordinary,False,,Entirely fictional test record
BEN-006172,PERSON-6171,ordinary,False,,Entirely fictional test record
BEN-006173,PERSON-6172,ordinary,False,,Entirely fictional test record
BEN-006174,PERSON-6173,ordinary,False,,Entirely fictional test record
BEN-006175,PERSON-6174,ordinary,False,,Entirely fictional test record
BEN-006176,PERSON-6175,ordinary,False,,Entirely fictional test record
BEN-006177,PERSON-6176,ordinary,False,,Entirely fictional test record
BEN-006178,PERSON-6177,ordinary,False,,Entirely fictional test record
BEN-006179,PERSON-6178,ordinary,False,,Entirely fictional test record
BEN-006180,PERSON-6179,ordinary,False,,Entirely fictional test record
BEN-006181,PERSON-6180,ordinary,False,,Entirely fictional test record
BEN-006182,PERSON-6181,ordinary,False,,Entirely fictional test record
BEN-006183,PERSON-6182,ordinary,False,,Entirely fictional test record
BEN-006184,PERSON-6183,ordinary,False,,Entirely fictional test record
BEN-006185,PERSON-6184,ordinary,False,,Entirely fictional test record
BEN-006186,PERSON-6185,ordinary,False,,Entirely fictional test record
BEN-006187,PERSON-6186,ordinary,False,,Entirely fictional test record
BEN-006188,PERSON-6187,ordinary,False,,Entirely fictional test record
BEN-006189,PERSON-6188,ordinary,False,,Entirely fictional test record
BEN-006190,PERSON-6189,ordinary,False,,Entirely fictional test record
BEN-006191,PERSON-6190,ordinary,False,,Entirely fictional test record
BEN-006192,PERSON-6191,ordinary,False,,Entirely fictional test record
BEN-006193,PERSON-6192,ordinary,False,,Entirely fictional test record
BEN-006194,PERSON-6193,ordinary,False,,Entirely fictional test record
BEN-006195,PERSON-6194,ordinary,False,,Entirely fictional test record
BEN-006196,PERSON-6195,ordinary,False,,Entirely fictional test record
BEN-006197,PERSON-6196,ordinary,False,,Entirely fictional test record
BEN-006198,PERSON-6197,ordinary,False,,Entirely fictional test record
BEN-006199,PERSON-6198,ordinary,False,,Entirely fictional test record
BEN-006200,PERSON-6199,ordinary,False,,Entirely fictional test record
BEN-006201,PERSON-6200,ordinary,False,,Entirely fictional test record
BEN-006202,PERSON-6201,ordinary,False,,Entirely fictional test record
BEN-006203,PERSON-6202,ordinary,False,,Entirely fictional test record
BEN-006204,PERSON-6203,ordinary,False,,Entirely fictional test record
BEN-006205,PERSON-6204,ordinary,False,,Entirely fictional test record
BEN-006206,PERSON-6205,ordinary,False,,Entirely fictional test record
BEN-006207,PERSON-6206,ordinary,False,,Entirely fictional test record
BEN-006208,PERSON-6207,ordinary,False,,Entirely fictional test record
BEN-006209,PERSON-6208,ordinary,False,,Entirely fictional test record
BEN-006210,PERSON-6209,ordinary,False,,Entirely fictional test record
BEN-006211,PERSON-6210,ordinary,False,,Entirely fictional test record
BEN-006212,PERSON-6211,ordinary,False,,Entirely fictional test record
BEN-006213,PERSON-6212,ordinary,False,,Entirely fictional test record
BEN-006214,PERSON-6213,ordinary,False,,Entirely fictional test record
BEN-006215,PERSON-6214,ordinary,False,,Entirely fictional test record
BEN-006216,PERSON-6215,ordinary,False,,Entirely fictional test record
BEN-006217,PERSON-6216,ordinary,False,,Entirely fictional test record
BEN-006218,PERSON-6217,ordinary,False,,Entirely fictional test record
BEN-006219,PERSON-6218,ordinary,False,,Entirely fictional test record
BEN-006220,PERSON-6219,ordinary,False,,Entirely fictional test record
BEN-006221,PERSON-6220,ordinary,False,,Entirely fictional test record
BEN-006222,PERSON-6221,ordinary,False,,Entirely fictional test record
BEN-006223,PERSON-6222,ordinary,False,,Entirely fictional test record
BEN-006224,PERSON-6223,ordinary,False,,Entirely fictional test record
BEN-006225,PERSON-6224,ordinary,False,,Entirely fictional test record
BEN-006226,PERSON-6225,ordinary,False,,Entirely fictional test record
BEN-006227,PERSON-6226,ordinary,False,,Entirely fictional test record
BEN-006228,PERSON-6227,ordinary,False,,Entirely fictional test record
BEN-006229,PERSON-6228,ordinary,False,,Entirely fictional test record
BEN-006230,PERSON-6229,ordinary,False,,Entirely fictional test record
BEN-006231,PERSON-6230,ordinary,False,,Entirely fictional test record
BEN-006232,PERSON-6231,ordinary,False,,Entirely fictional test record
BEN-006233,PERSON-6232,ordinary,False,,Entirely fictional test record
BEN-006234,PERSON-6233,ordinary,False,,Entirely fictional test record
BEN-006235,PERSON-6234,ordinary,False,,Entirely fictional test record
BEN-006236,PERSON-6235,ordinary,False,,Entirely fictional test record
BEN-006237,PERSON-6236,ordinary,False,,Entirely fictional test record
BEN-006238,PERSON-6237,ordinary,False,,Entirely fictional test record
BEN-006239,PERSON-6238,ordinary,False,,Entirely fictional test record
BEN-006240,PERSON-6239,ordinary,False,,Entirely fictional test record
BEN-006241,PERSON-6240,ordinary,False,,Entirely fictional test record
BEN-006242,PERSON-6241,ordinary,False,,Entirely fictional test record
BEN-006243,PERSON-6242,ordinary,False,,Entirely fictional test record
BEN-006244,PERSON-6243,ordinary,False,,Entirely fictional test record
BEN-006245,PERSON-6244,ordinary,False,,Entirely fictional test record
BEN-006246,PERSON-6245,ordinary,False,,Entirely fictional test record
BEN-006247,PERSON-6246,ordinary,False,,Entirely fictional test record
BEN-006248,PERSON-6247,ordinary,False,,Entirely fictional test record
BEN-006249,PERSON-6248,ordinary,False,,Entirely fictional test record
BEN-006250,PERSON-6249,ordinary,False,,Entirely fictional test record
BEN-006251,PERSON-6250,ordinary,False,,Entirely fictional test record
BEN-006252,PERSON-6251,ordinary,False,,Entirely fictional test record
BEN-006253,PERSON-6252,ordinary,False,,Entirely fictional test record
BEN-006254,PERSON-6253,ordinary,False,,Entirely fictional test record
BEN-006255,PERSON-6254,ordinary,False,,Entirely fictional test record
BEN-006256,PERSON-6255,ordinary,False,,Entirely fictional test record
BEN-006257,PERSON-6256,ordinary,False,,Entirely fictional test record
BEN-006258,PERSON-6257,ordinary,False,,Entirely fictional test record
BEN-006259,PERSON-6258,ordinary,False,,Entirely fictional test record
BEN-006260,PERSON-6259,ordinary,False,,Entirely fictional test record
BEN-006261,PERSON-6260,ordinary,False,,Entirely fictional test record
BEN-006262,PERSON-6261,ordinary,False,,Entirely fictional test record
BEN-006263,PERSON-6262,ordinary,False,,Entirely fictional test record
BEN-006264,PERSON-6263,ordinary,False,,Entirely fictional test record
BEN-006265,PERSON-6264,ordinary,False,,Entirely fictional test record
BEN-006266,PERSON-6265,ordinary,False,,Entirely fictional test record
BEN-006267,PERSON-6266,ordinary,False,,Entirely fictional test record
BEN-006268,PERSON-6267,ordinary,False,,Entirely fictional test record
BEN-006269,PERSON-6268,ordinary,False,,Entirely fictional test record
BEN-006270,PERSON-6269,ordinary,False,,Entirely fictional test record
BEN-006271,PERSON-6270,ordinary,False,,Entirely fictional test record
BEN-006272,PERSON-6271,ordinary,False,,Entirely fictional test record
BEN-006273,PERSON-6272,ordinary,False,,Entirely fictional test record
BEN-006274,PERSON-6273,ordinary,False,,Entirely fictional test record
BEN-006275,PERSON-6274,ordinary,False,,Entirely fictional test record
BEN-006276,PERSON-6275,ordinary,False,,Entirely fictional test record
BEN-006277,PERSON-6276,ordinary,False,,Entirely fictional test record
BEN-006278,PERSON-6277,ordinary,False,,Entirely fictional test record
BEN-006279,PERSON-6278,ordinary,False,,Entirely fictional test record
BEN-006280,PERSON-6279,ordinary,False,,Entirely fictional test record
BEN-006281,PERSON-6280,ordinary,False,,Entirely fictional test record
BEN-006282,PERSON-6281,ordinary,False,,Entirely fictional test record
BEN-006283,PERSON-6282,ordinary,False,,Entirely fictional test record
BEN-006284,PERSON-6283,ordinary,False,,Entirely fictional test record
BEN-006285,PERSON-6284,ordinary,False,,Entirely fictional test record
BEN-006286,PERSON-6285,ordinary,False,,Entirely fictional test record
BEN-006287,PERSON-6286,ordinary,False,,Entirely fictional test record
BEN-006288,PERSON-6287,ordinary,False,,Entirely fictional test record
BEN-006289,PERSON-6288,ordinary,False,,Entirely fictional test record
BEN-006290,PERSON-6289,ordinary,False,,Entirely fictional test record
BEN-006291,PERSON-6290,ordinary,False,,Entirely fictional test record
BEN-006292,PERSON-6291,ordinary,False,,Entirely fictional test record
BEN-006293,PERSON-6292,ordinary,False,,Entirely fictional test record
BEN-006294,PERSON-6293,ordinary,False,,Entirely fictional test record
BEN-006295,PERSON-6294,ordinary,False,,Entirely fictional test record
BEN-006296,PERSON-6295,ordinary,False,,Entirely fictional test record
BEN-006297,PERSON-6296,ordinary,False,,Entirely fictional test record
BEN-006298,PERSON-6297,ordinary,False,,Entirely fictional test record
BEN-006299,PERSON-6298,ordinary,False,,Entirely fictional test record
BEN-006300,PERSON-6299,ordinary,False,,Entirely fictional test record
BEN-006301,PERSON-6300,ordinary,False,,Entirely fictional test record
BEN-006302,PERSON-6301,ordinary,False,,Entirely fictional test record
BEN-006303,PERSON-6302,ordinary,False,,Entirely fictional test record
BEN-006304,PERSON-6303,ordinary,False,,Entirely fictional test record
BEN-006305,PERSON-6304,ordinary,False,,Entirely fictional test record
BEN-006306,PERSON-6305,ordinary,False,,Entirely fictional test record
BEN-006307,PERSON-6306,ordinary,False,,Entirely fictional test record
BEN-006308,PERSON-6307,ordinary,False,,Entirely fictional test record
BEN-006309,PERSON-6308,ordinary,False,,Entirely fictional test record
BEN-006310,PERSON-6309,ordinary,False,,Entirely fictional test record
BEN-006311,PERSON-6310,ordinary,False,,Entirely fictional test record
BEN-006312,PERSON-6311,ordinary,False,,Entirely fictional test record
BEN-006313,PERSON-6312,ordinary,False,,Entirely fictional test record
BEN-006314,PERSON-6313,ordinary,False,,Entirely fictional test record
BEN-006315,PERSON-6314,ordinary,False,,Entirely fictional test record
BEN-006316,PERSON-6315,ordinary,False,,Entirely fictional test record
BEN-006317,PERSON-6316,ordinary,False,,Entirely fictional test record
BEN-006318,PERSON-6317,ordinary,False,,Entirely fictional test record
BEN-006319,PERSON-6318,ordinary,False,,Entirely fictional test record
BEN-006320,PERSON-6319,ordinary,False,,Entirely fictional test record
BEN-006321,PERSON-6320,ordinary,False,,Entirely fictional test record
BEN-006322,PERSON-6321,ordinary,False,,Entirely fictional test record
BEN-006323,PERSON-6322,ordinary,False,,Entirely fictional test record
BEN-006324,PERSON-6323,ordinary,False,,Entirely fictional test record
BEN-006325,PERSON-6324,ordinary,False,,Entirely fictional test record
BEN-006326,PERSON-6325,ordinary,False,,Entirely fictional test record
BEN-006327,PERSON-6326,ordinary,False,,Entirely fictional test record
BEN-006328,PERSON-6327,ordinary,False,,Entirely fictional test record
BEN-006329,PERSON-6328,ordinary,False,,Entirely fictional test record
BEN-006330,PERSON-6329,ordinary,False,,Entirely fictional test record
BEN-006331,PERSON-6330,ordinary,False,,Entirely fictional test record
BEN-006332,PERSON-6331,ordinary,False,,Entirely fictional test record
BEN-006333,PERSON-6332,ordinary,False,,Entirely fictional test record
BEN-006334,PERSON-6333,ordinary,False,,Entirely fictional test record
BEN-006335,PERSON-6334,ordinary,False,,Entirely fictional test record
BEN-006336,PERSON-6335,ordinary,False,,Entirely fictional test record
BEN-006337,PERSON-6336,ordinary,False,,Entirely fictional test record
BEN-006338,PERSON-6337,ordinary,False,,Entirely fictional test record
BEN-006339,PERSON-6338,ordinary,False,,Entirely fictional test record
BEN-006340,PERSON-6339,ordinary,False,,Entirely fictional test record
BEN-006341,PERSON-6340,ordinary,False,,Entirely fictional test record
BEN-006342,PERSON-6341,ordinary,False,,Entirely fictional test record
BEN-006343,PERSON-6342,ordinary,False,,Entirely fictional test record
BEN-006344,PERSON-6343,ordinary,False,,Entirely fictional test record
BEN-006345,PERSON-6344,ordinary,False,,Entirely fictional test record
BEN-006346,PERSON-6345,ordinary,False,,Entirely fictional test record
BEN-006347,PERSON-6346,ordinary,False,,Entirely fictional test record
BEN-006348,PERSON-6347,ordinary,False,,Entirely fictional test record
BEN-006349,PERSON-6348,ordinary,False,,Entirely fictional test record
BEN-006350,PERSON-6349,ordinary,False,,Entirely fictional test record
BEN-006351,PERSON-6350,ordinary,False,,Entirely fictional test record
BEN-006352,PERSON-6351,ordinary,False,,Entirely fictional test record
BEN-006353,PERSON-6352,ordinary,False,,Entirely fictional test record
BEN-006354,PERSON-6353,ordinary,False,,Entirely fictional test record
BEN-006355,PERSON-6354,ordinary,False,,Entirely fictional test record
BEN-006356,PERSON-6355,ordinary,False,,Entirely fictional test record
BEN-006357,PERSON-6356,ordinary,False,,Entirely fictional test record
BEN-006358,PERSON-6357,ordinary,False,,Entirely fictional test record
BEN-006359,PERSON-6358,ordinary,False,,Entirely fictional test record
BEN-006360,PERSON-6359,ordinary,False,,Entirely fictional test record
BEN-006361,PERSON-6360,ordinary,False,,Entirely fictional test record
BEN-006362,PERSON-6361,ordinary,False,,Entirely fictional test record
BEN-006363,PERSON-6362,ordinary,False,,Entirely fictional test record
BEN-006364,PERSON-6363,ordinary,False,,Entirely fictional test record
BEN-006365,PERSON-6364,ordinary,False,,Entirely fictional test record
BEN-006366,PERSON-6365,ordinary,False,,Entirely fictional test record
BEN-006367,PERSON-6366,ordinary,False,,Entirely fictional test record
BEN-006368,PERSON-6367,ordinary,False,,Entirely fictional test record
BEN-006369,PERSON-6368,ordinary,False,,Entirely fictional test record
BEN-006370,PERSON-6369,ordinary,False,,Entirely fictional test record
BEN-006371,PERSON-6370,ordinary,False,,Entirely fictional test record
BEN-006372,PERSON-6371,ordinary,False,,Entirely fictional test record
BEN-006373,PERSON-6372,ordinary,False,,Entirely fictional test record
BEN-006374,PERSON-6373,ordinary,False,,Entirely fictional test record
BEN-006375,PERSON-6374,ordinary,False,,Entirely fictional test record
BEN-006376,PERSON-6375,ordinary,False,,Entirely fictional test record
BEN-006377,PERSON-6376,ordinary,False,,Entirely fictional test record
BEN-006378,PERSON-6377,ordinary,False,,Entirely fictional test record
BEN-006379,PERSON-6378,ordinary,False,,Entirely fictional test record
BEN-006380,PERSON-6379,ordinary,False,,Entirely fictional test record
BEN-006381,PERSON-6380,ordinary,False,,Entirely fictional test record
BEN-006382,PERSON-6381,ordinary,False,,Entirely fictional test record
BEN-006383,PERSON-6382,ordinary,False,,Entirely fictional test record
BEN-006384,PERSON-6383,ordinary,False,,Entirely fictional test record
BEN-006385,PERSON-6384,ordinary,False,,Entirely fictional test record
BEN-006386,PERSON-6385,ordinary,False,,Entirely fictional test record
BEN-006387,PERSON-6386,ordinary,False,,Entirely fictional test record
BEN-006388,PERSON-6387,ordinary,False,,Entirely fictional test record
BEN-006389,PERSON-6388,ordinary,False,,Entirely fictional test record
BEN-006390,PERSON-6389,ordinary,False,,Entirely fictional test record
BEN-006391,PERSON-6390,ordinary,False,,Entirely fictional test record
BEN-006392,PERSON-6391,ordinary,False,,Entirely fictional test record
BEN-006393,PERSON-6392,ordinary,False,,Entirely fictional test record
BEN-006394,PERSON-6393,ordinary,False,,Entirely fictional test record
BEN-006395,PERSON-6394,ordinary,False,,Entirely fictional test record
BEN-006396,PERSON-6395,ordinary,False,,Entirely fictional test record
BEN-006397,PERSON-6396,ordinary,False,,Entirely fictional test record
BEN-006398,PERSON-6397,ordinary,False,,Entirely fictional test record
BEN-006399,PERSON-6398,ordinary,False,,Entirely fictional test record
BEN-006400,PERSON-6399,ordinary,False,,Entirely fictional test record
BEN-006401,PERSON-6400,ordinary,False,,Entirely fictional test record
BEN-006402,PERSON-6401,ordinary,False,,Entirely fictional test record
BEN-006403,PERSON-6402,ordinary,False,,Entirely fictional test record
BEN-006404,PERSON-6403,ordinary,False,,Entirely fictional test record
BEN-006405,PERSON-6404,ordinary,False,,Entirely fictional test record
BEN-006406,PERSON-6405,ordinary,False,,Entirely fictional test record
BEN-006407,PERSON-6406,ordinary,False,,Entirely fictional test record
BEN-006408,PERSON-6407,ordinary,False,,Entirely fictional test record
BEN-006409,PERSON-6408,ordinary,False,,Entirely fictional test record
BEN-006410,PERSON-6409,ordinary,False,,Entirely fictional test record
BEN-006411,PERSON-6410,ordinary,False,,Entirely fictional test record
BEN-006412,PERSON-6411,ordinary,False,,Entirely fictional test record
BEN-006413,PERSON-6412,ordinary,False,,Entirely fictional test record
BEN-006414,PERSON-6413,ordinary,False,,Entirely fictional test record
BEN-006415,PERSON-6414,ordinary,False,,Entirely fictional test record
BEN-006416,PERSON-6415,ordinary,False,,Entirely fictional test record
BEN-006417,PERSON-6416,ordinary,False,,Entirely fictional test record
BEN-006418,PERSON-6417,ordinary,False,,Entirely fictional test record
BEN-006419,PERSON-6418,ordinary,False,,Entirely fictional test record
BEN-006420,PERSON-6419,ordinary,False,,Entirely fictional test record
BEN-006421,PERSON-6420,ordinary,False,,Entirely fictional test record
BEN-006422,PERSON-6421,ordinary,False,,Entirely fictional test record
BEN-006423,PERSON-6422,ordinary,False,,Entirely fictional test record
BEN-006424,PERSON-6423,ordinary,False,,Entirely fictional test record
BEN-006425,PERSON-6424,ordinary,False,,Entirely fictional test record
BEN-006426,PERSON-6425,ordinary,False,,Entirely fictional test record
BEN-006427,PERSON-6426,ordinary,False,,Entirely fictional test record
BEN-006428,PERSON-6427,ordinary,False,,Entirely fictional test record
BEN-006429,PERSON-6428,ordinary,False,,Entirely fictional test record
BEN-006430,PERSON-6429,ordinary,False,,Entirely fictional test record
BEN-006431,PERSON-6430,ordinary,False,,Entirely fictional test record
BEN-006432,PERSON-6431,ordinary,False,,Entirely fictional test record
BEN-006433,PERSON-6432,ordinary,False,,Entirely fictional test record
BEN-006434,PERSON-6433,ordinary,False,,Entirely fictional test record
BEN-006435,PERSON-6434,ordinary,False,,Entirely fictional test record
BEN-006436,PERSON-6435,ordinary,False,,Entirely fictional test record
BEN-006437,PERSON-6436,ordinary,False,,Entirely fictional test record
BEN-006438,PERSON-6437,ordinary,False,,Entirely fictional test record
BEN-006439,PERSON-6438,ordinary,False,,Entirely fictional test record
BEN-006440,PERSON-6439,ordinary,False,,Entirely fictional test record
BEN-006441,PERSON-6440,ordinary,False,,Entirely fictional test record
BEN-006442,PERSON-6441,ordinary,False,,Entirely fictional test record
BEN-006443,PERSON-6442,ordinary,False,,Entirely fictional test record
BEN-006444,PERSON-6443,ordinary,False,,Entirely fictional test record
BEN-006445,PERSON-6444,ordinary,False,,Entirely fictional test record
BEN-006446,PERSON-6445,ordinary,False,,Entirely fictional test record
BEN-006447,PERSON-6446,ordinary,False,,Entirely fictional test record
BEN-006448,PERSON-6447,ordinary,False,,Entirely fictional test record
BEN-006449,PERSON-6448,ordinary,False,,Entirely fictional test record
BEN-006450,PERSON-6449,ordinary,False,,Entirely fictional test record
BEN-006451,PERSON-6450,ordinary,False,,Entirely fictional test record
BEN-006452,PERSON-6451,ordinary,False,,Entirely fictional test record
BEN-006453,PERSON-6452,ordinary,False,,Entirely fictional test record
BEN-006454,PERSON-6453,ordinary,False,,Entirely fictional test record
BEN-006455,PERSON-6454,ordinary,False,,Entirely fictional test record
BEN-006456,PERSON-6455,ordinary,False,,Entirely fictional test record
BEN-006457,PERSON-6456,ordinary,False,,Entirely fictional test record
BEN-006458,PERSON-6457,ordinary,False,,Entirely fictional test record
BEN-006459,PERSON-6458,ordinary,False,,Entirely fictional test record
BEN-006460,PERSON-6459,ordinary,False,,Entirely fictional test record
BEN-006461,PERSON-6460,ordinary,False,,Entirely fictional test record
BEN-006462,PERSON-6461,ordinary,False,,Entirely fictional test record
BEN-006463,PERSON-6462,ordinary,False,,Entirely fictional test record
BEN-006464,PERSON-6463,ordinary,False,,Entirely fictional test record
BEN-006465,PERSON-6464,ordinary,False,,Entirely fictional test record
BEN-006466,PERSON-6465,ordinary,False,,Entirely fictional test record
BEN-006467,PERSON-6466,ordinary,False,,Entirely fictional test record
BEN-006468,PERSON-6467,ordinary,False,,Entirely fictional test record
BEN-006469,PERSON-6468,ordinary,False,,Entirely fictional test record
BEN-006470,PERSON-6469,ordinary,False,,Entirely fictional test record
BEN-006471,PERSON-6470,ordinary,False,,Entirely fictional test record
BEN-006472,PERSON-6471,ordinary,False,,Entirely fictional test record
BEN-006473,PERSON-6472,ordinary,False,,Entirely fictional test record
BEN-006474,PERSON-6473,ordinary,False,,Entirely fictional test record
BEN-006475,PERSON-6474,ordinary,False,,Entirely fictional test record
BEN-006476,PERSON-6475,ordinary,False,,Entirely fictional test record
BEN-006477,PERSON-6476,ordinary,False,,Entirely fictional test record
BEN-006478,PERSON-6477,ordinary,False,,Entirely fictional test record
BEN-006479,PERSON-6478,ordinary,False,,Entirely fictional test record
BEN-006480,PERSON-6479,ordinary,False,,Entirely fictional test record
BEN-006481,PERSON-6480,ordinary,False,,Entirely fictional test record
BEN-006482,PERSON-6481,ordinary,False,,Entirely fictional test record
BEN-006483,PERSON-6482,ordinary,False,,Entirely fictional test record
BEN-006484,PERSON-6483,ordinary,False,,Entirely fictional test record
BEN-006485,PERSON-6484,ordinary,False,,Entirely fictional test record
BEN-006486,PERSON-6485,ordinary,False,,Entirely fictional test record
BEN-006487,PERSON-6486,ordinary,False,,Entirely fictional test record
BEN-006488,PERSON-6487,ordinary,False,,Entirely fictional test record
BEN-006489,PERSON-6488,ordinary,False,,Entirely fictional test record
BEN-006490,PERSON-6489,ordinary,False,,Entirely fictional test record
BEN-006491,PERSON-6490,ordinary,False,,Entirely fictional test record
BEN-006492,PERSON-6491,ordinary,False,,Entirely fictional test record
BEN-006493,PERSON-6492,ordinary,False,,Entirely fictional test record
BEN-006494,PERSON-6493,ordinary,False,,Entirely fictional test record
BEN-006495,PERSON-6494,ordinary,False,,Entirely fictional test record
BEN-006496,PERSON-6495,ordinary,False,,Entirely fictional test record
BEN-006497,PERSON-6496,ordinary,False,,Entirely fictional test record
BEN-006498,PERSON-6497,ordinary,False,,Entirely fictional test record
BEN-006499,PERSON-6498,ordinary,False,,Entirely fictional test record
BEN-006500,PERSON-6499,ordinary,False,,Entirely fictional test record
BEN-006501,PERSON-6500,ordinary,False,,Entirely fictional test record
BEN-006502,PERSON-6501,ordinary,False,,Entirely fictional test record
BEN-006503,PERSON-6502,ordinary,False,,Entirely fictional test record
BEN-006504,PERSON-6503,ordinary,False,,Entirely fictional test record
BEN-006505,PERSON-6504,ordinary,False,,Entirely fictional test record
BEN-006506,PERSON-6505,ordinary,False,,Entirely fictional test record
BEN-006507,PERSON-6506,ordinary,False,,Entirely fictional test record
BEN-006508,PERSON-6507,ordinary,False,,Entirely fictional test record
BEN-006509,PERSON-6508,ordinary,False,,Entirely fictional test record
BEN-006510,PERSON-6509,ordinary,False,,Entirely fictional test record
BEN-006511,PERSON-6510,ordinary,False,,Entirely fictional test record
BEN-006512,PERSON-6511,ordinary,False,,Entirely fictional test record
BEN-006513,PERSON-6512,ordinary,False,,Entirely fictional test record
BEN-006514,PERSON-6513,ordinary,False,,Entirely fictional test record
BEN-006515,PERSON-6514,ordinary,False,,Entirely fictional test record
BEN-006516,PERSON-6515,ordinary,False,,Entirely fictional test record
BEN-006517,PERSON-6516,ordinary,False,,Entirely fictional test record
BEN-006518,PERSON-6517,ordinary,False,,Entirely fictional test record
BEN-006519,PERSON-6518,ordinary,False,,Entirely fictional test record
BEN-006520,PERSON-6519,ordinary,False,,Entirely fictional test record
BEN-006521,PERSON-6520,ordinary,False,,Entirely fictional test record
BEN-006522,PERSON-6521,ordinary,False,,Entirely fictional test record
BEN-006523,PERSON-6522,ordinary,False,,Entirely fictional test record
BEN-006524,PERSON-6523,ordinary,False,,Entirely fictional test record
BEN-006525,PERSON-6524,ordinary,False,,Entirely fictional test record
BEN-006526,PERSON-6525,ordinary,False,,Entirely fictional test record
BEN-006527,PERSON-6526,ordinary,False,,Entirely fictional test record
BEN-006528,PERSON-6527,ordinary,False,,Entirely fictional test record
BEN-006529,PERSON-6528,ordinary,False,,Entirely fictional test record
BEN-006530,PERSON-6529,ordinary,False,,Entirely fictional test record
BEN-006531,PERSON-6530,ordinary,False,,Entirely fictional test record
BEN-006532,PERSON-6531,ordinary,False,,Entirely fictional test record
BEN-006533,PERSON-6532,ordinary,False,,Entirely fictional test record
BEN-006534,PERSON-6533,ordinary,False,,Entirely fictional test record
BEN-006535,PERSON-6534,ordinary,False,,Entirely fictional test record
BEN-006536,PERSON-6535,ordinary,False,,Entirely fictional test record
BEN-006537,PERSON-6536,ordinary,False,,Entirely fictional test record
BEN-006538,PERSON-6537,ordinary,False,,Entirely fictional test record
BEN-006539,PERSON-6538,ordinary,False,,Entirely fictional test record
BEN-006540,PERSON-6539,ordinary,False,,Entirely fictional test record
BEN-006541,PERSON-6540,ordinary,False,,Entirely fictional test record
BEN-006542,PERSON-6541,ordinary,False,,Entirely fictional test record
BEN-006543,PERSON-6542,ordinary,False,,Entirely fictional test record
BEN-006544,PERSON-6543,ordinary,False,,Entirely fictional test record
BEN-006545,PERSON-6544,ordinary,False,,Entirely fictional test record
BEN-006546,PERSON-6545,ordinary,False,,Entirely fictional test record
BEN-006547,PERSON-6546,ordinary,False,,Entirely fictional test record
BEN-006548,PERSON-6547,ordinary,False,,Entirely fictional test record
BEN-006549,PERSON-6548,ordinary,False,,Entirely fictional test record
BEN-006550,PERSON-6549,ordinary,False,,Entirely fictional test record
BEN-006551,PERSON-6550,ordinary,False,,Entirely fictional test record
BEN-006552,PERSON-6551,ordinary,False,,Entirely fictional test record
BEN-006553,PERSON-6552,ordinary,False,,Entirely fictional test record
BEN-006554,PERSON-6553,ordinary,False,,Entirely fictional test record
BEN-006555,PERSON-6554,ordinary,False,,Entirely fictional test record
BEN-006556,PERSON-6555,ordinary,False,,Entirely fictional test record
BEN-006557,PERSON-6556,ordinary,False,,Entirely fictional test record
BEN-006558,PERSON-6557,ordinary,False,,Entirely fictional test record
BEN-006559,PERSON-6558,ordinary,False,,Entirely fictional test record
BEN-006560,PERSON-6559,ordinary,False,,Entirely fictional test record
BEN-006561,PERSON-6560,ordinary,False,,Entirely fictional test record
BEN-006562,PERSON-6561,ordinary,False,,Entirely fictional test record
BEN-006563,PERSON-6562,ordinary,False,,Entirely fictional test record
BEN-006564,PERSON-6563,ordinary,False,,Entirely fictional test record
BEN-006565,PERSON-6564,ordinary,False,,Entirely fictional test record
BEN-006566,PERSON-6565,ordinary,False,,Entirely fictional test record
BEN-006567,PERSON-6566,ordinary,False,,Entirely fictional test record
BEN-006568,PERSON-6567,ordinary,False,,Entirely fictional test record
BEN-006569,PERSON-6568,ordinary,False,,Entirely fictional test record
BEN-006570,PERSON-6569,ordinary,False,,Entirely fictional test record
BEN-006571,PERSON-6570,ordinary,False,,Entirely fictional test record
BEN-006572,PERSON-6571,ordinary,False,,Entirely fictional test record
BEN-006573,PERSON-6572,ordinary,False,,Entirely fictional test record
BEN-006574,PERSON-6573,ordinary,False,,Entirely fictional test record
BEN-006575,PERSON-6574,ordinary,False,,Entirely fictional test record
BEN-006576,PERSON-6575,ordinary,False,,Entirely fictional test record
BEN-006577,PERSON-6576,ordinary,False,,Entirely fictional test record
BEN-006578,PERSON-6577,ordinary,False,,Entirely fictional test record
BEN-006579,PERSON-6578,ordinary,False,,Entirely fictional test record
BEN-006580,PERSON-6579,ordinary,False,,Entirely fictional test record
BEN-006581,PERSON-6580,ordinary,False,,Entirely fictional test record
BEN-006582,PERSON-6581,ordinary,False,,Entirely fictional test record
BEN-006583,PERSON-6582,ordinary,False,,Entirely fictional test record
BEN-006584,PERSON-6583,ordinary,False,,Entirely fictional test record
BEN-006585,PERSON-6584,ordinary,False,,Entirely fictional test record
BEN-006586,PERSON-6585,ordinary,False,,Entirely fictional test record
BEN-006587,PERSON-6586,ordinary,False,,Entirely fictional test record
BEN-006588,PERSON-6587,ordinary,False,,Entirely fictional test record
BEN-006589,PERSON-6588,ordinary,False,,Entirely fictional test record
BEN-006590,PERSON-6589,ordinary,False,,Entirely fictional test record
BEN-006591,PERSON-6590,ordinary,False,,Entirely fictional test record
BEN-006592,PERSON-6591,ordinary,False,,Entirely fictional test record
BEN-006593,PERSON-6592,ordinary,False,,Entirely fictional test record
BEN-006594,PERSON-6593,ordinary,False,,Entirely fictional test record
BEN-006595,PERSON-6594,ordinary,False,,Entirely fictional test record
BEN-006596,PERSON-6595,ordinary,False,,Entirely fictional test record
BEN-006597,PERSON-6596,ordinary,False,,Entirely fictional test record
BEN-006598,PERSON-6597,ordinary,False,,Entirely fictional test record
BEN-006599,PERSON-6598,ordinary,False,,Entirely fictional test record
BEN-006600,PERSON-6599,ordinary,False,,Entirely fictional test record
BEN-006601,PERSON-6600,ordinary,False,,Entirely fictional test record
BEN-006602,PERSON-6601,ordinary,False,,Entirely fictional test record
BEN-006603,PERSON-6602,ordinary,False,,Entirely fictional test record
BEN-006604,PERSON-6603,ordinary,False,,Entirely fictional test record
BEN-006605,PERSON-6604,ordinary,False,,Entirely fictional test record
BEN-006606,PERSON-6605,ordinary,False,,Entirely fictional test record
BEN-006607,PERSON-6606,ordinary,False,,Entirely fictional test record
BEN-006608,PERSON-6607,ordinary,False,,Entirely fictional test record
BEN-006609,PERSON-6608,ordinary,False,,Entirely fictional test record
BEN-006610,PERSON-6609,ordinary,False,,Entirely fictional test record
BEN-006611,PERSON-6610,ordinary,False,,Entirely fictional test record
BEN-006612,PERSON-6611,ordinary,False,,Entirely fictional test record
BEN-006613,PERSON-6612,ordinary,False,,Entirely fictional test record
BEN-006614,PERSON-6613,ordinary,False,,Entirely fictional test record
BEN-006615,PERSON-6614,ordinary,False,,Entirely fictional test record
BEN-006616,PERSON-6615,ordinary,False,,Entirely fictional test record
BEN-006617,PERSON-6616,ordinary,False,,Entirely fictional test record
BEN-006618,PERSON-6617,ordinary,False,,Entirely fictional test record
BEN-006619,PERSON-6618,ordinary,False,,Entirely fictional test record
BEN-006620,PERSON-6619,ordinary,False,,Entirely fictional test record
BEN-006621,PERSON-6620,ordinary,False,,Entirely fictional test record
BEN-006622,PERSON-6621,ordinary,False,,Entirely fictional test record
BEN-006623,PERSON-6622,ordinary,False,,Entirely fictional test record
BEN-006624,PERSON-6623,ordinary,False,,Entirely fictional test record
BEN-006625,PERSON-6624,ordinary,False,,Entirely fictional test record
BEN-006626,PERSON-6625,ordinary,False,,Entirely fictional test record
BEN-006627,PERSON-6626,ordinary,False,,Entirely fictional test record
BEN-006628,PERSON-6627,ordinary,False,,Entirely fictional test record
BEN-006629,PERSON-6628,ordinary,False,,Entirely fictional test record
BEN-006630,PERSON-6629,ordinary,False,,Entirely fictional test record
BEN-006631,PERSON-6630,ordinary,False,,Entirely fictional test record
BEN-006632,PERSON-6631,ordinary,False,,Entirely fictional test record
BEN-006633,PERSON-6632,ordinary,False,,Entirely fictional test record
BEN-006634,PERSON-6633,ordinary,False,,Entirely fictional test record
BEN-006635,PERSON-6634,ordinary,False,,Entirely fictional test record
BEN-006636,PERSON-6635,ordinary,False,,Entirely fictional test record
BEN-006637,PERSON-6636,ordinary,False,,Entirely fictional test record
BEN-006638,PERSON-6637,ordinary,False,,Entirely fictional test record
BEN-006639,PERSON-6638,ordinary,False,,Entirely fictional test record
BEN-006640,PERSON-6639,ordinary,False,,Entirely fictional test record
BEN-006641,PERSON-6640,ordinary,False,,Entirely fictional test record
BEN-006642,PERSON-6641,ordinary,False,,Entirely fictional test record
BEN-006643,PERSON-6642,ordinary,False,,Entirely fictional test record
BEN-006644,PERSON-6643,ordinary,False,,Entirely fictional test record
BEN-006645,PERSON-6644,ordinary,False,,Entirely fictional test record
BEN-006646,PERSON-6645,ordinary,False,,Entirely fictional test record
BEN-006647,PERSON-6646,ordinary,False,,Entirely fictional test record
BEN-006648,PERSON-6647,ordinary,False,,Entirely fictional test record
BEN-006649,PERSON-6648,ordinary,False,,Entirely fictional test record
BEN-006650,PERSON-6649,ordinary,False,,Entirely fictional test record
BEN-006651,PERSON-6650,ordinary,False,,Entirely fictional test record
BEN-006652,PERSON-6651,ordinary,False,,Entirely fictional test record
BEN-006653,PERSON-6652,ordinary,False,,Entirely fictional test record
BEN-006654,PERSON-6653,ordinary,False,,Entirely fictional test record
BEN-006655,PERSON-6654,ordinary,False,,Entirely fictional test record
BEN-006656,PERSON-6655,ordinary,False,,Entirely fictional test record
BEN-006657,PERSON-6656,ordinary,False,,Entirely fictional test record
BEN-006658,PERSON-6657,ordinary,False,,Entirely fictional test record
BEN-006659,PERSON-6658,ordinary,False,,Entirely fictional test record
BEN-006660,PERSON-6659,ordinary,False,,Entirely fictional test record
BEN-006661,PERSON-6660,ordinary,False,,Entirely fictional test record
BEN-006662,PERSON-6661,ordinary,False,,Entirely fictional test record
BEN-006663,PERSON-6662,ordinary,False,,Entirely fictional test record
BEN-006664,PERSON-6663,ordinary,False,,Entirely fictional test record
BEN-006665,PERSON-6664,ordinary,False,,Entirely fictional test record
BEN-006666,PERSON-6665,ordinary,False,,Entirely fictional test record
BEN-006667,PERSON-6666,ordinary,False,,Entirely fictional test record
BEN-006668,PERSON-6667,ordinary,False,,Entirely fictional test record
BEN-006669,PERSON-6668,ordinary,False,,Entirely fictional test record
BEN-006670,PERSON-6669,ordinary,False,,Entirely fictional test record
BEN-006671,PERSON-6670,ordinary,False,,Entirely fictional test record
BEN-006672,PERSON-6671,ordinary,False,,Entirely fictional test record
BEN-006673,PERSON-6672,ordinary,False,,Entirely fictional test record
BEN-006674,PERSON-6673,ordinary,False,,Entirely fictional test record
BEN-006675,PERSON-6674,ordinary,False,,Entirely fictional test record
BEN-006676,PERSON-6675,ordinary,False,,Entirely fictional test record
BEN-006677,PERSON-6676,ordinary,False,,Entirely fictional test record
BEN-006678,PERSON-6677,ordinary,False,,Entirely fictional test record
BEN-006679,PERSON-6678,ordinary,False,,Entirely fictional test record
BEN-006680,PERSON-6679,ordinary,False,,Entirely fictional test record
BEN-006681,PERSON-6680,ordinary,False,,Entirely fictional test record
BEN-006682,PERSON-6681,ordinary,False,,Entirely fictional test record
BEN-006683,PERSON-6682,ordinary,False,,Entirely fictional test record
BEN-006684,PERSON-6683,ordinary,False,,Entirely fictional test record
BEN-006685,PERSON-6684,ordinary,False,,Entirely fictional test record
BEN-006686,PERSON-6685,ordinary,False,,Entirely fictional test record
BEN-006687,PERSON-6686,ordinary,False,,Entirely fictional test record
BEN-006688,PERSON-6687,ordinary,False,,Entirely fictional test record
BEN-006689,PERSON-6688,ordinary,False,,Entirely fictional test record
BEN-006690,PERSON-6689,ordinary,False,,Entirely fictional test record
BEN-006691,PERSON-6690,ordinary,False,,Entirely fictional test record
BEN-006692,PERSON-6691,ordinary,False,,Entirely fictional test record
BEN-006693,PERSON-6692,ordinary,False,,Entirely fictional test record
BEN-006694,PERSON-6693,ordinary,False,,Entirely fictional test record
BEN-006695,PERSON-6694,ordinary,False,,Entirely fictional test record
BEN-006696,PERSON-6695,ordinary,False,,Entirely fictional test record
BEN-006697,PERSON-6696,ordinary,False,,Entirely fictional test record
BEN-006698,PERSON-6697,ordinary,False,,Entirely fictional test record
BEN-006699,PERSON-6698,ordinary,False,,Entirely fictional test record
BEN-006700,PERSON-6699,ordinary,False,,Entirely fictional test record
BEN-006701,PERSON-6700,ordinary,False,,Entirely fictional test record
BEN-006702,PERSON-6701,ordinary,False,,Entirely fictional test record
BEN-006703,PERSON-6702,ordinary,False,,Entirely fictional test record
BEN-006704,PERSON-6703,ordinary,False,,Entirely fictional test record
BEN-006705,PERSON-6704,ordinary,False,,Entirely fictional test record
BEN-006706,PERSON-6705,ordinary,False,,Entirely fictional test record
BEN-006707,PERSON-6706,ordinary,False,,Entirely fictional test record
BEN-006708,PERSON-6707,ordinary,False,,Entirely fictional test record
BEN-006709,PERSON-6708,ordinary,False,,Entirely fictional test record
BEN-006710,PERSON-6709,ordinary,False,,Entirely fictional test record
BEN-006711,PERSON-6710,ordinary,False,,Entirely fictional test record
BEN-006712,PERSON-6711,ordinary,False,,Entirely fictional test record
BEN-006713,PERSON-6712,ordinary,False,,Entirely fictional test record
BEN-006714,PERSON-6713,ordinary,False,,Entirely fictional test record
BEN-006715,PERSON-6714,ordinary,False,,Entirely fictional test record
BEN-006716,PERSON-6715,ordinary,False,,Entirely fictional test record
BEN-006717,PERSON-6716,ordinary,False,,Entirely fictional test record
BEN-006718,PERSON-6717,ordinary,False,,Entirely fictional test record
BEN-006719,PERSON-6718,ordinary,False,,Entirely fictional test record
BEN-006720,PERSON-6719,ordinary,False,,Entirely fictional test record
BEN-006721,PERSON-6720,ordinary,False,,Entirely fictional test record
BEN-006722,PERSON-6721,ordinary,False,,Entirely fictional test record
BEN-006723,PERSON-6722,ordinary,False,,Entirely fictional test record
BEN-006724,PERSON-6723,ordinary,False,,Entirely fictional test record
BEN-006725,PERSON-6724,ordinary,False,,Entirely fictional test record
BEN-006726,PERSON-6725,ordinary,False,,Entirely fictional test record
BEN-006727,PERSON-6726,ordinary,False,,Entirely fictional test record
BEN-006728,PERSON-6727,ordinary,False,,Entirely fictional test record
BEN-006729,PERSON-6728,ordinary,False,,Entirely fictional test record
BEN-006730,PERSON-6729,ordinary,False,,Entirely fictional test record
BEN-006731,PERSON-6730,ordinary,False,,Entirely fictional test record
BEN-006732,PERSON-6731,ordinary,False,,Entirely fictional test record
BEN-006733,PERSON-6732,ordinary,False,,Entirely fictional test record
BEN-006734,PERSON-6733,ordinary,False,,Entirely fictional test record
BEN-006735,PERSON-6734,ordinary,False,,Entirely fictional test record
BEN-006736,PERSON-6735,ordinary,False,,Entirely fictional test record
BEN-006737,PERSON-6736,ordinary,False,,Entirely fictional test record
BEN-006738,PERSON-6737,ordinary,False,,Entirely fictional test record
BEN-006739,PERSON-6738,ordinary,False,,Entirely fictional test record
BEN-006740,PERSON-6739,ordinary,False,,Entirely fictional test record
BEN-006741,PERSON-6740,ordinary,False,,Entirely fictional test record
BEN-006742,PERSON-6741,ordinary,False,,Entirely fictional test record
BEN-006743,PERSON-6742,ordinary,False,,Entirely fictional test record
BEN-006744,PERSON-6743,ordinary,False,,Entirely fictional test record
BEN-006745,PERSON-6744,ordinary,False,,Entirely fictional test record
BEN-006746,PERSON-6745,ordinary,False,,Entirely fictional test record
BEN-006747,PERSON-6746,ordinary,False,,Entirely fictional test record
BEN-006748,PERSON-6747,ordinary,False,,Entirely fictional test record
BEN-006749,PERSON-6748,ordinary,False,,Entirely fictional test record
BEN-006750,PERSON-6749,ordinary,False,,Entirely fictional test record
BEN-006751,PERSON-6750,ordinary,False,,Entirely fictional test record
BEN-006752,PERSON-6751,ordinary,False,,Entirely fictional test record
BEN-006753,PERSON-6752,ordinary,False,,Entirely fictional test record
BEN-006754,PERSON-6753,ordinary,False,,Entirely fictional test record
BEN-006755,PERSON-6754,ordinary,False,,Entirely fictional test record
BEN-006756,PERSON-6755,ordinary,False,,Entirely fictional test record
BEN-006757,PERSON-6756,ordinary,False,,Entirely fictional test record
BEN-006758,PERSON-6757,ordinary,False,,Entirely fictional test record
BEN-006759,PERSON-6758,ordinary,False,,Entirely fictional test record
BEN-006760,PERSON-6759,ordinary,False,,Entirely fictional test record
BEN-006761,PERSON-6760,ordinary,False,,Entirely fictional test record
BEN-006762,PERSON-6761,ordinary,False,,Entirely fictional test record
BEN-006763,PERSON-6762,ordinary,False,,Entirely fictional test record
BEN-006764,PERSON-6763,ordinary,False,,Entirely fictional test record
BEN-006765,PERSON-6764,ordinary,False,,Entirely fictional test record
BEN-006766,PERSON-6765,ordinary,False,,Entirely fictional test record
BEN-006767,PERSON-6766,ordinary,False,,Entirely fictional test record
BEN-006768,PERSON-6767,ordinary,False,,Entirely fictional test record
BEN-006769,PERSON-6768,ordinary,False,,Entirely fictional test record
BEN-006770,PERSON-6769,ordinary,False,,Entirely fictional test record
BEN-006771,PERSON-6770,ordinary,False,,Entirely fictional test record
BEN-006772,PERSON-6771,ordinary,False,,Entirely fictional test record
BEN-006773,PERSON-6772,ordinary,False,,Entirely fictional test record
BEN-006774,PERSON-6773,ordinary,False,,Entirely fictional test record
BEN-006775,PERSON-6774,ordinary,False,,Entirely fictional test record
BEN-006776,PERSON-6775,ordinary,False,,Entirely fictional test record
BEN-006777,PERSON-6776,ordinary,False,,Entirely fictional test record
BEN-006778,PERSON-6777,ordinary,False,,Entirely fictional test record
BEN-006779,PERSON-6778,ordinary,False,,Entirely fictional test record
BEN-006780,PERSON-6779,ordinary,False,,Entirely fictional test record
BEN-006781,PERSON-6780,ordinary,False,,Entirely fictional test record
BEN-006782,PERSON-6781,ordinary,False,,Entirely fictional test record
BEN-006783,PERSON-6782,ordinary,False,,Entirely fictional test record
BEN-006784,PERSON-6783,ordinary,False,,Entirely fictional test record
BEN-006785,PERSON-6784,ordinary,False,,Entirely fictional test record
BEN-006786,PERSON-6785,ordinary,False,,Entirely fictional test record
BEN-006787,PERSON-6786,ordinary,False,,Entirely fictional test record
BEN-006788,PERSON-6787,ordinary,False,,Entirely fictional test record
BEN-006789,PERSON-6788,ordinary,False,,Entirely fictional test record
BEN-006790,PERSON-6789,ordinary,False,,Entirely fictional test record
BEN-006791,PERSON-6790,ordinary,False,,Entirely fictional test record
BEN-006792,PERSON-6791,ordinary,False,,Entirely fictional test record
BEN-006793,PERSON-6792,ordinary,False,,Entirely fictional test record
BEN-006794,PERSON-6793,ordinary,False,,Entirely fictional test record
BEN-006795,PERSON-6794,ordinary,False,,Entirely fictional test record
BEN-006796,PERSON-6795,ordinary,False,,Entirely fictional test record
BEN-006797,PERSON-6796,ordinary,False,,Entirely fictional test record
BEN-006798,PERSON-6797,ordinary,False,,Entirely fictional test record
BEN-006799,PERSON-6798,ordinary,False,,Entirely fictional test record
BEN-006800,PERSON-6799,ordinary,False,,Entirely fictional test record
BEN-006801,PERSON-6800,ordinary,False,,Entirely fictional test record
BEN-006802,PERSON-6801,ordinary,False,,Entirely fictional test record
BEN-006803,PERSON-6802,ordinary,False,,Entirely fictional test record
BEN-006804,PERSON-6803,ordinary,False,,Entirely fictional test record
BEN-006805,PERSON-6804,ordinary,False,,Entirely fictional test record
BEN-006806,PERSON-6805,ordinary,False,,Entirely fictional test record
BEN-006807,PERSON-6806,ordinary,False,,Entirely fictional test record
BEN-006808,PERSON-6807,ordinary,False,,Entirely fictional test record
BEN-006809,PERSON-6808,ordinary,False,,Entirely fictional test record
BEN-006810,PERSON-6809,ordinary,False,,Entirely fictional test record
BEN-006811,PERSON-6810,ordinary,False,,Entirely fictional test record
BEN-006812,PERSON-6811,ordinary,False,,Entirely fictional test record
BEN-006813,PERSON-6812,ordinary,False,,Entirely fictional test record
BEN-006814,PERSON-6813,ordinary,False,,Entirely fictional test record
BEN-006815,PERSON-6814,ordinary,False,,Entirely fictional test record
BEN-006816,PERSON-6815,ordinary,False,,Entirely fictional test record
BEN-006817,PERSON-6816,ordinary,False,,Entirely fictional test record
BEN-006818,PERSON-6817,ordinary,False,,Entirely fictional test record
BEN-006819,PERSON-6818,ordinary,False,,Entirely fictional test record
BEN-006820,PERSON-6819,ordinary,False,,Entirely fictional test record
BEN-006821,PERSON-6820,ordinary,False,,Entirely fictional test record
BEN-006822,PERSON-6821,ordinary,False,,Entirely fictional test record
BEN-006823,PERSON-6822,ordinary,False,,Entirely fictional test record
BEN-006824,PERSON-6823,ordinary,False,,Entirely fictional test record
BEN-006825,PERSON-6824,ordinary,False,,Entirely fictional test record
BEN-006826,PERSON-6825,ordinary,False,,Entirely fictional test record
BEN-006827,PERSON-6826,ordinary,False,,Entirely fictional test record
BEN-006828,PERSON-6827,ordinary,False,,Entirely fictional test record
BEN-006829,PERSON-6828,ordinary,False,,Entirely fictional test record
BEN-006830,PERSON-6829,ordinary,False,,Entirely fictional test record
BEN-006831,PERSON-6830,ordinary,False,,Entirely fictional test record
BEN-006832,PERSON-6831,ordinary,False,,Entirely fictional test record
BEN-006833,PERSON-6832,ordinary,False,,Entirely fictional test record
BEN-006834,PERSON-6833,ordinary,False,,Entirely fictional test record
BEN-006835,PERSON-6834,ordinary,False,,Entirely fictional test record
BEN-006836,PERSON-6835,ordinary,False,,Entirely fictional test record
BEN-006837,PERSON-6836,ordinary,False,,Entirely fictional test record
BEN-006838,PERSON-6837,ordinary,False,,Entirely fictional test record
BEN-006839,PERSON-6838,ordinary,False,,Entirely fictional test record
BEN-006840,PERSON-6839,ordinary,False,,Entirely fictional test record
BEN-006841,PERSON-6840,ordinary,False,,Entirely fictional test record
BEN-006842,PERSON-6841,ordinary,False,,Entirely fictional test record
BEN-006843,PERSON-6842,ordinary,False,,Entirely fictional test record
BEN-006844,PERSON-6843,ordinary,False,,Entirely fictional test record
BEN-006845,PERSON-6844,ordinary,False,,Entirely fictional test record
BEN-006846,PERSON-6845,ordinary,False,,Entirely fictional test record
BEN-006847,PERSON-6846,ordinary,False,,Entirely fictional test record
BEN-006848,PERSON-6847,ordinary,False,,Entirely fictional test record
BEN-006849,PERSON-6848,ordinary,False,,Entirely fictional test record
BEN-006850,PERSON-6849,ordinary,False,,Entirely fictional test record
BEN-006851,PERSON-6850,ordinary,False,,Entirely fictional test record
BEN-006852,PERSON-6851,ordinary,False,,Entirely fictional test record
BEN-006853,PERSON-6852,ordinary,False,,Entirely fictional test record
BEN-006854,PERSON-6853,ordinary,False,,Entirely fictional test record
BEN-006855,PERSON-6854,ordinary,False,,Entirely fictional test record
BEN-006856,PERSON-6855,ordinary,False,,Entirely fictional test record
BEN-006857,PERSON-6856,ordinary,False,,Entirely fictional test record
BEN-006858,PERSON-6857,ordinary,False,,Entirely fictional test record
BEN-006859,PERSON-6858,ordinary,False,,Entirely fictional test record
BEN-006860,PERSON-6859,ordinary,False,,Entirely fictional test record
BEN-006861,PERSON-6860,ordinary,False,,Entirely fictional test record
BEN-006862,PERSON-6861,ordinary,False,,Entirely fictional test record
BEN-006863,PERSON-6862,ordinary,False,,Entirely fictional test record
BEN-006864,PERSON-6863,ordinary,False,,Entirely fictional test record
BEN-006865,PERSON-6864,ordinary,False,,Entirely fictional test record
BEN-006866,PERSON-6865,ordinary,False,,Entirely fictional test record
BEN-006867,PERSON-6866,ordinary,False,,Entirely fictional test record
BEN-006868,PERSON-6867,ordinary,False,,Entirely fictional test record
BEN-006869,PERSON-6868,ordinary,False,,Entirely fictional test record
BEN-006870,PERSON-6869,ordinary,False,,Entirely fictional test record
BEN-006871,PERSON-6870,ordinary,False,,Entirely fictional test record
BEN-006872,PERSON-6871,ordinary,False,,Entirely fictional test record
BEN-006873,PERSON-6872,ordinary,False,,Entirely fictional test record
BEN-006874,PERSON-6873,ordinary,False,,Entirely fictional test record
BEN-006875,PERSON-6874,ordinary,False,,Entirely fictional test record
BEN-006876,PERSON-6875,ordinary,False,,Entirely fictional test record
BEN-006877,PERSON-6876,ordinary,False,,Entirely fictional test record
BEN-006878,PERSON-6877,ordinary,False,,Entirely fictional test record
BEN-006879,PERSON-6878,ordinary,False,,Entirely fictional test record
BEN-006880,PERSON-6879,ordinary,False,,Entirely fictional test record
BEN-006881,PERSON-6880,ordinary,False,,Entirely fictional test record
BEN-006882,PERSON-6881,ordinary,False,,Entirely fictional test record
BEN-006883,PERSON-6882,ordinary,False,,Entirely fictional test record
BEN-006884,PERSON-6883,ordinary,False,,Entirely fictional test record
BEN-006885,PERSON-6884,ordinary,False,,Entirely fictional test record
BEN-006886,PERSON-6885,ordinary,False,,Entirely fictional test record
BEN-006887,PERSON-6886,ordinary,False,,Entirely fictional test record
BEN-006888,PERSON-6887,ordinary,False,,Entirely fictional test record
BEN-006889,PERSON-6888,ordinary,False,,Entirely fictional test record
BEN-006890,PERSON-6889,ordinary,False,,Entirely fictional test record
BEN-006891,PERSON-6890,ordinary,False,,Entirely fictional test record
BEN-006892,PERSON-6891,ordinary,False,,Entirely fictional test record
BEN-006893,PERSON-6892,ordinary,False,,Entirely fictional test record
BEN-006894,PERSON-6893,ordinary,False,,Entirely fictional test record
BEN-006895,PERSON-6894,ordinary,False,,Entirely fictional test record
BEN-006896,PERSON-6895,ordinary,False,,Entirely fictional test record
BEN-006897,PERSON-6896,ordinary,False,,Entirely fictional test record
BEN-006898,PERSON-6897,ordinary,False,,Entirely fictional test record
BEN-006899,PERSON-6898,ordinary,False,,Entirely fictional test record
BEN-006900,PERSON-6899,ordinary,False,,Entirely fictional test record
BEN-006901,PERSON-6900,ordinary,False,,Entirely fictional test record
BEN-006902,PERSON-6901,ordinary,False,,Entirely fictional test record
BEN-006903,PERSON-6902,ordinary,False,,Entirely fictional test record
BEN-006904,PERSON-6903,ordinary,False,,Entirely fictional test record
BEN-006905,PERSON-6904,ordinary,False,,Entirely fictional test record
BEN-006906,PERSON-6905,ordinary,False,,Entirely fictional test record
BEN-006907,PERSON-6906,ordinary,False,,Entirely fictional test record
BEN-006908,PERSON-6907,ordinary,False,,Entirely fictional test record
BEN-006909,PERSON-6908,ordinary,False,,Entirely fictional test record
BEN-006910,PERSON-6909,ordinary,False,,Entirely fictional test record
BEN-006911,PERSON-6910,ordinary,False,,Entirely fictional test record
BEN-006912,PERSON-6911,ordinary,False,,Entirely fictional test record
BEN-006913,PERSON-6912,ordinary,False,,Entirely fictional test record
BEN-006914,PERSON-6913,ordinary,False,,Entirely fictional test record
BEN-006915,PERSON-6914,ordinary,False,,Entirely fictional test record
BEN-006916,PERSON-6915,ordinary,False,,Entirely fictional test record
BEN-006917,PERSON-6916,ordinary,False,,Entirely fictional test record
BEN-006918,PERSON-6917,ordinary,False,,Entirely fictional test record
BEN-006919,PERSON-6918,ordinary,False,,Entirely fictional test record
BEN-006920,PERSON-6919,ordinary,False,,Entirely fictional test record
BEN-006921,PERSON-6920,ordinary,False,,Entirely fictional test record
BEN-006922,PERSON-6921,ordinary,False,,Entirely fictional test record
BEN-006923,PERSON-6922,ordinary,False,,Entirely fictional test record
BEN-006924,PERSON-6923,ordinary,False,,Entirely fictional test record
BEN-006925,PERSON-6924,ordinary,False,,Entirely fictional test record
BEN-006926,PERSON-6925,ordinary,False,,Entirely fictional test record
BEN-006927,PERSON-6926,ordinary,False,,Entirely fictional test record
BEN-006928,PERSON-6927,ordinary,False,,Entirely fictional test record
BEN-006929,PERSON-6928,ordinary,False,,Entirely fictional test record
BEN-006930,PERSON-6929,ordinary,False,,Entirely fictional test record
BEN-006931,PERSON-6930,ordinary,False,,Entirely fictional test record
BEN-006932,PERSON-6931,ordinary,False,,Entirely fictional test record
BEN-006933,PERSON-6932,ordinary,False,,Entirely fictional test record
BEN-006934,PERSON-6933,ordinary,False,,Entirely fictional test record
BEN-006935,PERSON-6934,ordinary,False,,Entirely fictional test record
BEN-006936,PERSON-6935,ordinary,False,,Entirely fictional test record
BEN-006937,PERSON-6936,ordinary,False,,Entirely fictional test record
BEN-006938,PERSON-6937,ordinary,False,,Entirely fictional test record
BEN-006939,PERSON-6938,ordinary,False,,Entirely fictional test record
BEN-006940,PERSON-6939,ordinary,False,,Entirely fictional test record
BEN-006941,PERSON-6940,ordinary,False,,Entirely fictional test record
BEN-006942,PERSON-6941,ordinary,False,,Entirely fictional test record
BEN-006943,PERSON-6942,ordinary,False,,Entirely fictional test record
BEN-006944,PERSON-6943,ordinary,False,,Entirely fictional test record
BEN-006945,PERSON-6944,ordinary,False,,Entirely fictional test record
BEN-006946,PERSON-6945,ordinary,False,,Entirely fictional test record
BEN-006947,PERSON-6946,ordinary,False,,Entirely fictional test record
BEN-006948,PERSON-6947,ordinary,False,,Entirely fictional test record
BEN-006949,PERSON-6948,ordinary,False,,Entirely fictional test record
BEN-006950,PERSON-6949,ordinary,False,,Entirely fictional test record
BEN-006951,PERSON-6950,ordinary,False,,Entirely fictional test record
BEN-006952,PERSON-6951,ordinary,False,,Entirely fictional test record
BEN-006953,PERSON-6952,ordinary,False,,Entirely fictional test record
BEN-006954,PERSON-6953,ordinary,False,,Entirely fictional test record
BEN-006955,PERSON-6954,ordinary,False,,Entirely fictional test record
BEN-006956,PERSON-6955,ordinary,False,,Entirely fictional test record
BEN-006957,PERSON-6956,ordinary,False,,Entirely fictional test record
BEN-006958,PERSON-6957,ordinary,False,,Entirely fictional test record
BEN-006959,PERSON-6958,ordinary,False,,Entirely fictional test record
BEN-006960,PERSON-6959,ordinary,False,,Entirely fictional test record
BEN-006961,PERSON-6960,ordinary,False,,Entirely fictional test record
BEN-006962,PERSON-6961,ordinary,False,,Entirely fictional test record
BEN-006963,PERSON-6962,ordinary,False,,Entirely fictional test record
BEN-006964,PERSON-6963,ordinary,False,,Entirely fictional test record
BEN-006965,PERSON-6964,ordinary,False,,Entirely fictional test record
BEN-006966,PERSON-6965,ordinary,False,,Entirely fictional test record
BEN-006967,PERSON-6966,ordinary,False,,Entirely fictional test record
BEN-006968,PERSON-6967,ordinary,False,,Entirely fictional test record
BEN-006969,PERSON-6968,ordinary,False,,Entirely fictional test record
BEN-006970,PERSON-6969,ordinary,False,,Entirely fictional test record
BEN-006971,PERSON-6970,ordinary,False,,Entirely fictional test record
BEN-006972,PERSON-6971,ordinary,False,,Entirely fictional test record
BEN-006973,PERSON-6972,ordinary,False,,Entirely fictional test record
BEN-006974,PERSON-6973,ordinary,False,,Entirely fictional test record
BEN-006975,PERSON-6974,ordinary,False,,Entirely fictional test record
BEN-006976,PERSON-6975,ordinary,False,,Entirely fictional test record
BEN-006977,PERSON-6976,ordinary,False,,Entirely fictional test record
BEN-006978,PERSON-6977,ordinary,False,,Entirely fictional test record
BEN-006979,PERSON-6978,ordinary,False,,Entirely fictional test record
BEN-006980,PERSON-6979,ordinary,False,,Entirely fictional test record
BEN-006981,PERSON-6980,ordinary,False,,Entirely fictional test record
BEN-006982,PERSON-6981,ordinary,False,,Entirely fictional test record
BEN-006983,PERSON-6982,ordinary,False,,Entirely fictional test record
BEN-006984,PERSON-6983,ordinary,False,,Entirely fictional test record
BEN-006985,PERSON-6984,ordinary,False,,Entirely fictional test record
BEN-006986,PERSON-6985,ordinary,False,,Entirely fictional test record
BEN-006987,PERSON-6986,ordinary,False,,Entirely fictional test record
BEN-006988,PERSON-6987,ordinary,False,,Entirely fictional test record
BEN-006989,PERSON-6988,ordinary,False,,Entirely fictional test record
BEN-006990,PERSON-6989,ordinary,False,,Entirely fictional test record
BEN-006991,PERSON-6990,ordinary,False,,Entirely fictional test record
BEN-006992,PERSON-6991,ordinary,False,,Entirely fictional test record
BEN-006993,PERSON-6992,ordinary,False,,Entirely fictional test record
BEN-006994,PERSON-6993,ordinary,False,,Entirely fictional test record
BEN-006995,PERSON-6994,ordinary,False,,Entirely fictional test record
BEN-006996,PERSON-6995,ordinary,False,,Entirely fictional test record
BEN-006997,PERSON-6996,ordinary,False,,Entirely fictional test record
BEN-006998,PERSON-6997,ordinary,False,,Entirely fictional test record
BEN-006999,PERSON-6998,ordinary,False,,Entirely fictional test record
BEN-007000,PERSON-6999,ordinary,False,,Entirely fictional test record
BEN-007001,PERSON-7000,ordinary,False,,Entirely fictional test record
BEN-007002,PERSON-7001,ordinary,False,,Entirely fictional test record
BEN-007003,PERSON-7002,ordinary,False,,Entirely fictional test record
BEN-007004,PERSON-7003,ordinary,False,,Entirely fictional test record
BEN-007005,PERSON-7004,ordinary,False,,Entirely fictional test record
BEN-007006,PERSON-7005,ordinary,False,,Entirely fictional test record
BEN-007007,PERSON-7006,ordinary,False,,Entirely fictional test record
BEN-007008,PERSON-7007,ordinary,False,,Entirely fictional test record
BEN-007009,PERSON-7008,ordinary,False,,Entirely fictional test record
BEN-007010,PERSON-7009,ordinary,False,,Entirely fictional test record
BEN-007011,PERSON-7010,ordinary,False,,Entirely fictional test record
BEN-007012,PERSON-7011,ordinary,False,,Entirely fictional test record
BEN-007013,PERSON-7012,ordinary,False,,Entirely fictional test record
BEN-007014,PERSON-7013,ordinary,False,,Entirely fictional test record
BEN-007015,PERSON-7014,ordinary,False,,Entirely fictional test record
BEN-007016,PERSON-7015,ordinary,False,,Entirely fictional test record
BEN-007017,PERSON-7016,ordinary,False,,Entirely fictional test record
BEN-007018,PERSON-7017,ordinary,False,,Entirely fictional test record
BEN-007019,PERSON-7018,ordinary,False,,Entirely fictional test record
BEN-007020,PERSON-7019,ordinary,False,,Entirely fictional test record
BEN-007021,PERSON-7020,ordinary,False,,Entirely fictional test record
BEN-007022,PERSON-7021,ordinary,False,,Entirely fictional test record
BEN-007023,PERSON-7022,ordinary,False,,Entirely fictional test record
BEN-007024,PERSON-7023,ordinary,False,,Entirely fictional test record
BEN-007025,PERSON-7024,ordinary,False,,Entirely fictional test record
BEN-007026,PERSON-7025,ordinary,False,,Entirely fictional test record
BEN-007027,PERSON-7026,ordinary,False,,Entirely fictional test record
BEN-007028,PERSON-7027,ordinary,False,,Entirely fictional test record
BEN-007029,PERSON-7028,ordinary,False,,Entirely fictional test record
BEN-007030,PERSON-7029,ordinary,False,,Entirely fictional test record
BEN-007031,PERSON-7030,ordinary,False,,Entirely fictional test record
BEN-007032,PERSON-7031,ordinary,False,,Entirely fictional test record
BEN-007033,PERSON-7032,ordinary,False,,Entirely fictional test record
BEN-007034,PERSON-7033,ordinary,False,,Entirely fictional test record
BEN-007035,PERSON-7034,ordinary,False,,Entirely fictional test record
BEN-007036,PERSON-7035,ordinary,False,,Entirely fictional test record
BEN-007037,PERSON-7036,ordinary,False,,Entirely fictional test record
BEN-007038,PERSON-7037,ordinary,False,,Entirely fictional test record
BEN-007039,PERSON-7038,ordinary,False,,Entirely fictional test record
BEN-007040,PERSON-7039,ordinary,False,,Entirely fictional test record
BEN-007041,PERSON-7040,ordinary,False,,Entirely fictional test record
BEN-007042,PERSON-7041,ordinary,False,,Entirely fictional test record
BEN-007043,PERSON-7042,ordinary,False,,Entirely fictional test record
BEN-007044,PERSON-7043,ordinary,False,,Entirely fictional test record
BEN-007045,PERSON-7044,ordinary,False,,Entirely fictional test record
BEN-007046,PERSON-7045,ordinary,False,,Entirely fictional test record
BEN-007047,PERSON-7046,ordinary,False,,Entirely fictional test record
BEN-007048,PERSON-7047,ordinary,False,,Entirely fictional test record
BEN-007049,PERSON-7048,ordinary,False,,Entirely fictional test record
BEN-007050,PERSON-7049,ordinary,False,,Entirely fictional test record
BEN-007051,PERSON-7050,ordinary,False,,Entirely fictional test record
BEN-007052,PERSON-7051,ordinary,False,,Entirely fictional test record
BEN-007053,PERSON-7052,ordinary,False,,Entirely fictional test record
BEN-007054,PERSON-7053,ordinary,False,,Entirely fictional test record
BEN-007055,PERSON-7054,ordinary,False,,Entirely fictional test record
BEN-007056,PERSON-7055,ordinary,False,,Entirely fictional test record
BEN-007057,PERSON-7056,ordinary,False,,Entirely fictional test record
BEN-007058,PERSON-7057,ordinary,False,,Entirely fictional test record
BEN-007059,PERSON-7058,ordinary,False,,Entirely fictional test record
BEN-007060,PERSON-7059,ordinary,False,,Entirely fictional test record
BEN-007061,PERSON-7060,ordinary,False,,Entirely fictional test record
BEN-007062,PERSON-7061,ordinary,False,,Entirely fictional test record
BEN-007063,PERSON-7062,ordinary,False,,Entirely fictional test record
BEN-007064,PERSON-7063,ordinary,False,,Entirely fictional test record
BEN-007065,PERSON-7064,ordinary,False,,Entirely fictional test record
BEN-007066,PERSON-7065,ordinary,False,,Entirely fictional test record
BEN-007067,PERSON-7066,ordinary,False,,Entirely fictional test record
BEN-007068,PERSON-7067,ordinary,False,,Entirely fictional test record
BEN-007069,PERSON-7068,ordinary,False,,Entirely fictional test record
BEN-007070,PERSON-7069,ordinary,False,,Entirely fictional test record
BEN-007071,PERSON-7070,ordinary,False,,Entirely fictional test record
BEN-007072,PERSON-7071,ordinary,False,,Entirely fictional test record
BEN-007073,PERSON-7072,ordinary,False,,Entirely fictional test record
BEN-007074,PERSON-7073,ordinary,False,,Entirely fictional test record
BEN-007075,PERSON-7074,ordinary,False,,Entirely fictional test record
BEN-007076,PERSON-7075,ordinary,False,,Entirely fictional test record
BEN-007077,PERSON-7076,ordinary,False,,Entirely fictional test record
BEN-007078,PERSON-7077,ordinary,False,,Entirely fictional test record
BEN-007079,PERSON-7078,ordinary,False,,Entirely fictional test record
BEN-007080,PERSON-7079,ordinary,False,,Entirely fictional test record
BEN-007081,PERSON-7080,ordinary,False,,Entirely fictional test record
BEN-007082,PERSON-7081,ordinary,False,,Entirely fictional test record
BEN-007083,PERSON-7082,ordinary,False,,Entirely fictional test record
BEN-007084,PERSON-7083,ordinary,False,,Entirely fictional test record
BEN-007085,PERSON-7084,ordinary,False,,Entirely fictional test record
BEN-007086,PERSON-7085,ordinary,False,,Entirely fictional test record
BEN-007087,PERSON-7086,ordinary,False,,Entirely fictional test record
BEN-007088,PERSON-7087,ordinary,False,,Entirely fictional test record
BEN-007089,PERSON-7088,ordinary,False,,Entirely fictional test record
BEN-007090,PERSON-7089,ordinary,False,,Entirely fictional test record
BEN-007091,PERSON-7090,ordinary,False,,Entirely fictional test record
BEN-007092,PERSON-7091,ordinary,False,,Entirely fictional test record
BEN-007093,PERSON-7092,ordinary,False,,Entirely fictional test record
BEN-007094,PERSON-7093,ordinary,False,,Entirely fictional test record
BEN-007095,PERSON-7094,ordinary,False,,Entirely fictional test record
BEN-007096,PERSON-7095,ordinary,False,,Entirely fictional test record
BEN-007097,PERSON-7096,ordinary,False,,Entirely fictional test record
BEN-007098,PERSON-7097,ordinary,False,,Entirely fictional test record
BEN-007099,PERSON-7098,ordinary,False,,Entirely fictional test record
BEN-007100,PERSON-7099,ordinary,False,,Entirely fictional test record
BEN-007101,PERSON-7100,ordinary,False,,Entirely fictional test record
BEN-007102,PERSON-7101,ordinary,False,,Entirely fictional test record
BEN-007103,PERSON-7102,ordinary,False,,Entirely fictional test record
BEN-007104,PERSON-7103,ordinary,False,,Entirely fictional test record
BEN-007105,PERSON-7104,ordinary,False,,Entirely fictional test record
BEN-007106,PERSON-7105,ordinary,False,,Entirely fictional test record
BEN-007107,PERSON-7106,ordinary,False,,Entirely fictional test record
BEN-007108,PERSON-7107,ordinary,False,,Entirely fictional test record
BEN-007109,PERSON-7108,ordinary,False,,Entirely fictional test record
BEN-007110,PERSON-7109,ordinary,False,,Entirely fictional test record
BEN-007111,PERSON-7110,ordinary,False,,Entirely fictional test record
BEN-007112,PERSON-7111,ordinary,False,,Entirely fictional test record
BEN-007113,PERSON-7112,ordinary,False,,Entirely fictional test record
BEN-007114,PERSON-7113,ordinary,False,,Entirely fictional test record
BEN-007115,PERSON-7114,ordinary,False,,Entirely fictional test record
BEN-007116,PERSON-7115,ordinary,False,,Entirely fictional test record
BEN-007117,PERSON-7116,ordinary,False,,Entirely fictional test record
BEN-007118,PERSON-7117,ordinary,False,,Entirely fictional test record
BEN-007119,PERSON-7118,ordinary,False,,Entirely fictional test record
BEN-007120,PERSON-7119,ordinary,False,,Entirely fictional test record
BEN-007121,PERSON-7120,ordinary,False,,Entirely fictional test record
BEN-007122,PERSON-7121,ordinary,False,,Entirely fictional test record
BEN-007123,PERSON-7122,ordinary,False,,Entirely fictional test record
BEN-007124,PERSON-7123,ordinary,False,,Entirely fictional test record
BEN-007125,PERSON-7124,ordinary,False,,Entirely fictional test record
BEN-007126,PERSON-7125,ordinary,False,,Entirely fictional test record
BEN-007127,PERSON-7126,ordinary,False,,Entirely fictional test record
BEN-007128,PERSON-7127,ordinary,False,,Entirely fictional test record
BEN-007129,PERSON-7128,ordinary,False,,Entirely fictional test record
BEN-007130,PERSON-7129,ordinary,False,,Entirely fictional test record
BEN-007131,PERSON-7130,ordinary,False,,Entirely fictional test record
BEN-007132,PERSON-7131,ordinary,False,,Entirely fictional test record
BEN-007133,PERSON-7132,ordinary,False,,Entirely fictional test record
BEN-007134,PERSON-7133,ordinary,False,,Entirely fictional test record
BEN-007135,PERSON-7134,ordinary,False,,Entirely fictional test record
BEN-007136,PERSON-7135,ordinary,False,,Entirely fictional test record
BEN-007137,PERSON-7136,ordinary,False,,Entirely fictional test record
BEN-007138,PERSON-7137,ordinary,False,,Entirely fictional test record
BEN-007139,PERSON-7138,ordinary,False,,Entirely fictional test record
BEN-007140,PERSON-7139,ordinary,False,,Entirely fictional test record
BEN-007141,PERSON-7140,ordinary,False,,Entirely fictional test record
BEN-007142,PERSON-7141,ordinary,False,,Entirely fictional test record
BEN-007143,PERSON-7142,ordinary,False,,Entirely fictional test record
BEN-007144,PERSON-7143,ordinary,False,,Entirely fictional test record
BEN-007145,PERSON-7144,ordinary,False,,Entirely fictional test record
BEN-007146,PERSON-7145,ordinary,False,,Entirely fictional test record
BEN-007147,PERSON-7146,ordinary,False,,Entirely fictional test record
BEN-007148,PERSON-7147,ordinary,False,,Entirely fictional test record
BEN-007149,PERSON-7148,ordinary,False,,Entirely fictional test record
BEN-007150,PERSON-7149,ordinary,False,,Entirely fictional test record
BEN-007151,PERSON-7150,ordinary,False,,Entirely fictional test record
BEN-007152,PERSON-7151,ordinary,False,,Entirely fictional test record
BEN-007153,PERSON-7152,ordinary,False,,Entirely fictional test record
BEN-007154,PERSON-7153,ordinary,False,,Entirely fictional test record
BEN-007155,PERSON-7154,ordinary,False,,Entirely fictional test record
BEN-007156,PERSON-7155,ordinary,False,,Entirely fictional test record
BEN-007157,PERSON-7156,ordinary,False,,Entirely fictional test record
BEN-007158,PERSON-7157,ordinary,False,,Entirely fictional test record
BEN-007159,PERSON-7158,ordinary,False,,Entirely fictional test record
BEN-007160,PERSON-7159,ordinary,False,,Entirely fictional test record
BEN-007161,PERSON-7160,ordinary,False,,Entirely fictional test record
BEN-007162,PERSON-7161,ordinary,False,,Entirely fictional test record
BEN-007163,PERSON-7162,ordinary,False,,Entirely fictional test record
BEN-007164,PERSON-7163,ordinary,False,,Entirely fictional test record
BEN-007165,PERSON-7164,ordinary,False,,Entirely fictional test record
BEN-007166,PERSON-7165,ordinary,False,,Entirely fictional test record
BEN-007167,PERSON-7166,ordinary,False,,Entirely fictional test record
BEN-007168,PERSON-7167,ordinary,False,,Entirely fictional test record
BEN-007169,PERSON-7168,ordinary,False,,Entirely fictional test record
BEN-007170,PERSON-7169,ordinary,False,,Entirely fictional test record
BEN-007171,PERSON-7170,ordinary,False,,Entirely fictional test record
BEN-007172,PERSON-7171,ordinary,False,,Entirely fictional test record
BEN-007173,PERSON-7172,ordinary,False,,Entirely fictional test record
BEN-007174,PERSON-7173,ordinary,False,,Entirely fictional test record
BEN-007175,PERSON-7174,ordinary,False,,Entirely fictional test record
BEN-007176,PERSON-7175,ordinary,False,,Entirely fictional test record
BEN-007177,PERSON-7176,ordinary,False,,Entirely fictional test record
BEN-007178,PERSON-7177,ordinary,False,,Entirely fictional test record
BEN-007179,PERSON-7178,ordinary,False,,Entirely fictional test record
BEN-007180,PERSON-7179,ordinary,False,,Entirely fictional test record
BEN-007181,PERSON-7180,ordinary,False,,Entirely fictional test record
BEN-007182,PERSON-7181,ordinary,False,,Entirely fictional test record
BEN-007183,PERSON-7182,ordinary,False,,Entirely fictional test record
BEN-007184,PERSON-7183,ordinary,False,,Entirely fictional test record
BEN-007185,PERSON-7184,ordinary,False,,Entirely fictional test record
BEN-007186,PERSON-7185,ordinary,False,,Entirely fictional test record
BEN-007187,PERSON-7186,ordinary,False,,Entirely fictional test record
BEN-007188,PERSON-7187,ordinary,False,,Entirely fictional test record
BEN-007189,PERSON-7188,ordinary,False,,Entirely fictional test record
BEN-007190,PERSON-7189,ordinary,False,,Entirely fictional test record
BEN-007191,PERSON-7190,ordinary,False,,Entirely fictional test record
BEN-007192,PERSON-7191,ordinary,False,,Entirely fictional test record
BEN-007193,PERSON-7192,ordinary,False,,Entirely fictional test record
BEN-007194,PERSON-7193,ordinary,False,,Entirely fictional test record
BEN-007195,PERSON-7194,ordinary,False,,Entirely fictional test record
BEN-007196,PERSON-7195,ordinary,False,,Entirely fictional test record
BEN-007197,PERSON-7196,ordinary,False,,Entirely fictional test record
BEN-007198,PERSON-7197,ordinary,False,,Entirely fictional test record
BEN-007199,PERSON-7198,ordinary,False,,Entirely fictional test record
BEN-007200,PERSON-7199,ordinary,False,,Entirely fictional test record
BEN-007201,PERSON-7200,ordinary,False,,Entirely fictional test record
BEN-007202,PERSON-7201,ordinary,False,,Entirely fictional test record
BEN-007203,PERSON-7202,ordinary,False,,Entirely fictional test record
BEN-007204,PERSON-7203,ordinary,False,,Entirely fictional test record
BEN-007205,PERSON-7204,ordinary,False,,Entirely fictional test record
BEN-007206,PERSON-7205,ordinary,False,,Entirely fictional test record
BEN-007207,PERSON-7206,ordinary,False,,Entirely fictional test record
BEN-007208,PERSON-7207,ordinary,False,,Entirely fictional test record
BEN-007209,PERSON-7208,ordinary,False,,Entirely fictional test record
BEN-007210,PERSON-7209,ordinary,False,,Entirely fictional test record
BEN-007211,PERSON-7210,ordinary,False,,Entirely fictional test record
BEN-007212,PERSON-7211,ordinary,False,,Entirely fictional test record
BEN-007213,PERSON-7212,ordinary,False,,Entirely fictional test record
BEN-007214,PERSON-7213,ordinary,False,,Entirely fictional test record
BEN-007215,PERSON-7214,ordinary,False,,Entirely fictional test record
BEN-007216,PERSON-7215,ordinary,False,,Entirely fictional test record
BEN-007217,PERSON-7216,ordinary,False,,Entirely fictional test record
BEN-007218,PERSON-7217,ordinary,False,,Entirely fictional test record
BEN-007219,PERSON-7218,ordinary,False,,Entirely fictional test record
BEN-007220,PERSON-7219,ordinary,False,,Entirely fictional test record
BEN-007221,PERSON-7220,ordinary,False,,Entirely fictional test record
BEN-007222,PERSON-7221,ordinary,False,,Entirely fictional test record
BEN-007223,PERSON-7222,ordinary,False,,Entirely fictional test record
BEN-007224,PERSON-7223,ordinary,False,,Entirely fictional test record
BEN-007225,PERSON-7224,ordinary,False,,Entirely fictional test record
BEN-007226,PERSON-7225,ordinary,False,,Entirely fictional test record
BEN-007227,PERSON-7226,ordinary,False,,Entirely fictional test record
BEN-007228,PERSON-7227,ordinary,False,,Entirely fictional test record
BEN-007229,PERSON-7228,ordinary,False,,Entirely fictional test record
BEN-007230,PERSON-7229,ordinary,False,,Entirely fictional test record
BEN-007231,PERSON-7230,ordinary,False,,Entirely fictional test record
BEN-007232,PERSON-7231,ordinary,False,,Entirely fictional test record
BEN-007233,PERSON-7232,ordinary,False,,Entirely fictional test record
BEN-007234,PERSON-7233,ordinary,False,,Entirely fictional test record
BEN-007235,PERSON-7234,ordinary,False,,Entirely fictional test record
BEN-007236,PERSON-7235,ordinary,False,,Entirely fictional test record
BEN-007237,PERSON-7236,ordinary,False,,Entirely fictional test record
BEN-007238,PERSON-7237,ordinary,False,,Entirely fictional test record
BEN-007239,PERSON-7238,ordinary,False,,Entirely fictional test record
BEN-007240,PERSON-7239,ordinary,False,,Entirely fictional test record
BEN-007241,PERSON-7240,ordinary,False,,Entirely fictional test record
BEN-007242,PERSON-7241,ordinary,False,,Entirely fictional test record
BEN-007243,PERSON-7242,ordinary,False,,Entirely fictional test record
BEN-007244,PERSON-7243,ordinary,False,,Entirely fictional test record
BEN-007245,PERSON-7244,ordinary,False,,Entirely fictional test record
BEN-007246,PERSON-7245,ordinary,False,,Entirely fictional test record
BEN-007247,PERSON-7246,ordinary,False,,Entirely fictional test record
BEN-007248,PERSON-7247,ordinary,False,,Entirely fictional test record
BEN-007249,PERSON-7248,ordinary,False,,Entirely fictional test record
BEN-007250,PERSON-7249,ordinary,False,,Entirely fictional test record
BEN-007251,PERSON-7250,ordinary,False,,Entirely fictional test record
BEN-007252,PERSON-7251,ordinary,False,,Entirely fictional test record
BEN-007253,PERSON-7252,ordinary,False,,Entirely fictional test record
BEN-007254,PERSON-7253,ordinary,False,,Entirely fictional test record
BEN-007255,PERSON-7254,ordinary,False,,Entirely fictional test record
BEN-007256,PERSON-7255,ordinary,False,,Entirely fictional test record
BEN-007257,PERSON-7256,ordinary,False,,Entirely fictional test record
BEN-007258,PERSON-7257,ordinary,False,,Entirely fictional test record
BEN-007259,PERSON-7258,ordinary,False,,Entirely fictional test record
BEN-007260,PERSON-7259,ordinary,False,,Entirely fictional test record
BEN-007261,PERSON-7260,ordinary,False,,Entirely fictional test record
BEN-007262,PERSON-7261,ordinary,False,,Entirely fictional test record
BEN-007263,PERSON-7262,ordinary,False,,Entirely fictional test record
BEN-007264,PERSON-7263,ordinary,False,,Entirely fictional test record
BEN-007265,PERSON-7264,ordinary,False,,Entirely fictional test record
BEN-007266,PERSON-7265,ordinary,False,,Entirely fictional test record
BEN-007267,PERSON-7266,ordinary,False,,Entirely fictional test record
BEN-007268,PERSON-7267,ordinary,False,,Entirely fictional test record
BEN-007269,PERSON-7268,ordinary,False,,Entirely fictional test record
BEN-007270,PERSON-7269,ordinary,False,,Entirely fictional test record
BEN-007271,PERSON-7270,ordinary,False,,Entirely fictional test record
BEN-007272,PERSON-7271,ordinary,False,,Entirely fictional test record
BEN-007273,PERSON-7272,ordinary,False,,Entirely fictional test record
BEN-007274,PERSON-7273,ordinary,False,,Entirely fictional test record
BEN-007275,PERSON-7274,ordinary,False,,Entirely fictional test record
BEN-007276,PERSON-7275,ordinary,False,,Entirely fictional test record
BEN-007277,PERSON-7276,ordinary,False,,Entirely fictional test record
BEN-007278,PERSON-7277,ordinary,False,,Entirely fictional test record
BEN-007279,PERSON-7278,ordinary,False,,Entirely fictional test record
BEN-007280,PERSON-7279,ordinary,False,,Entirely fictional test record
BEN-007281,PERSON-7280,ordinary,False,,Entirely fictional test record
BEN-007282,PERSON-7281,ordinary,False,,Entirely fictional test record
BEN-007283,PERSON-7282,ordinary,False,,Entirely fictional test record
BEN-007284,PERSON-7283,ordinary,False,,Entirely fictional test record
BEN-007285,PERSON-7284,ordinary,False,,Entirely fictional test record
BEN-007286,PERSON-7285,ordinary,False,,Entirely fictional test record
BEN-007287,PERSON-7286,ordinary,False,,Entirely fictional test record
BEN-007288,PERSON-7287,ordinary,False,,Entirely fictional test record
BEN-007289,PERSON-7288,ordinary,False,,Entirely fictional test record
BEN-007290,PERSON-7289,ordinary,False,,Entirely fictional test record
BEN-007291,PERSON-7290,ordinary,False,,Entirely fictional test record
BEN-007292,PERSON-7291,ordinary,False,,Entirely fictional test record
BEN-007293,PERSON-7292,ordinary,False,,Entirely fictional test record
BEN-007294,PERSON-7293,ordinary,False,,Entirely fictional test record
BEN-007295,PERSON-7294,ordinary,False,,Entirely fictional test record
BEN-007296,PERSON-7295,ordinary,False,,Entirely fictional test record
BEN-007297,PERSON-7296,ordinary,False,,Entirely fictional test record
BEN-007298,PERSON-7297,ordinary,False,,Entirely fictional test record
BEN-007299,PERSON-7298,ordinary,False,,Entirely fictional test record
BEN-007300,PERSON-7299,ordinary,False,,Entirely fictional test record
BEN-007301,PERSON-7300,ordinary,False,,Entirely fictional test record
BEN-007302,PERSON-7301,ordinary,False,,Entirely fictional test record
BEN-007303,PERSON-7302,ordinary,False,,Entirely fictional test record
BEN-007304,PERSON-7303,ordinary,False,,Entirely fictional test record
BEN-007305,PERSON-7304,ordinary,False,,Entirely fictional test record
BEN-007306,PERSON-7305,ordinary,False,,Entirely fictional test record
BEN-007307,PERSON-7306,ordinary,False,,Entirely fictional test record
BEN-007308,PERSON-7307,ordinary,False,,Entirely fictional test record
BEN-007309,PERSON-7308,ordinary,False,,Entirely fictional test record
BEN-007310,PERSON-7309,ordinary,False,,Entirely fictional test record
BEN-007311,PERSON-7310,ordinary,False,,Entirely fictional test record
BEN-007312,PERSON-7311,ordinary,False,,Entirely fictional test record
BEN-007313,PERSON-7312,ordinary,False,,Entirely fictional test record
BEN-007314,PERSON-7313,ordinary,False,,Entirely fictional test record
BEN-007315,PERSON-7314,ordinary,False,,Entirely fictional test record
BEN-007316,PERSON-7315,ordinary,False,,Entirely fictional test record
BEN-007317,PERSON-7316,ordinary,False,,Entirely fictional test record
BEN-007318,PERSON-7317,ordinary,False,,Entirely fictional test record
BEN-007319,PERSON-7318,ordinary,False,,Entirely fictional test record
BEN-007320,PERSON-7319,ordinary,False,,Entirely fictional test record
BEN-007321,PERSON-7320,ordinary,False,,Entirely fictional test record
BEN-007322,PERSON-7321,ordinary,False,,Entirely fictional test record
BEN-007323,PERSON-7322,ordinary,False,,Entirely fictional test record
BEN-007324,PERSON-7323,ordinary,False,,Entirely fictional test record
BEN-007325,PERSON-7324,ordinary,False,,Entirely fictional test record
BEN-007326,PERSON-7325,ordinary,False,,Entirely fictional test record
BEN-007327,PERSON-7326,ordinary,False,,Entirely fictional test record
BEN-007328,PERSON-7327,ordinary,False,,Entirely fictional test record
BEN-007329,PERSON-7328,ordinary,False,,Entirely fictional test record
BEN-007330,PERSON-7329,ordinary,False,,Entirely fictional test record
BEN-007331,PERSON-7330,ordinary,False,,Entirely fictional test record
BEN-007332,PERSON-7331,ordinary,False,,Entirely fictional test record
BEN-007333,PERSON-7332,ordinary,False,,Entirely fictional test record
BEN-007334,PERSON-7333,ordinary,False,,Entirely fictional test record
BEN-007335,PERSON-7334,ordinary,False,,Entirely fictional test record
BEN-007336,PERSON-7335,ordinary,False,,Entirely fictional test record
BEN-007337,PERSON-7336,ordinary,False,,Entirely fictional test record
BEN-007338,PERSON-7337,ordinary,False,,Entirely fictional test record
BEN-007339,PERSON-7338,ordinary,False,,Entirely fictional test record
BEN-007340,PERSON-7339,ordinary,False,,Entirely fictional test record
BEN-007341,PERSON-7340,ordinary,False,,Entirely fictional test record
BEN-007342,PERSON-7341,ordinary,False,,Entirely fictional test record
BEN-007343,PERSON-7342,ordinary,False,,Entirely fictional test record
BEN-007344,PERSON-7343,ordinary,False,,Entirely fictional test record
BEN-007345,PERSON-7344,ordinary,False,,Entirely fictional test record
BEN-007346,PERSON-7345,ordinary,False,,Entirely fictional test record
BEN-007347,PERSON-7346,ordinary,False,,Entirely fictional test record
BEN-007348,PERSON-7347,ordinary,False,,Entirely fictional test record
BEN-007349,PERSON-7348,ordinary,False,,Entirely fictional test record
BEN-007350,PERSON-7349,ordinary,False,,Entirely fictional test record
BEN-007351,PERSON-7350,ordinary,False,,Entirely fictional test record
BEN-007352,PERSON-7351,ordinary,False,,Entirely fictional test record
BEN-007353,PERSON-7352,ordinary,False,,Entirely fictional test record
BEN-007354,PERSON-7353,ordinary,False,,Entirely fictional test record
BEN-007355,PERSON-7354,ordinary,False,,Entirely fictional test record
BEN-007356,PERSON-7355,ordinary,False,,Entirely fictional test record
BEN-007357,PERSON-7356,ordinary,False,,Entirely fictional test record
BEN-007358,PERSON-7357,ordinary,False,,Entirely fictional test record
BEN-007359,PERSON-7358,ordinary,False,,Entirely fictional test record
BEN-007360,PERSON-7359,ordinary,False,,Entirely fictional test record
BEN-007361,PERSON-7360,ordinary,False,,Entirely fictional test record
BEN-007362,PERSON-7361,ordinary,False,,Entirely fictional test record
BEN-007363,PERSON-7362,ordinary,False,,Entirely fictional test record
BEN-007364,PERSON-7363,ordinary,False,,Entirely fictional test record
BEN-007365,PERSON-7364,ordinary,False,,Entirely fictional test record
BEN-007366,PERSON-7365,ordinary,False,,Entirely fictional test record
BEN-007367,PERSON-7366,ordinary,False,,Entirely fictional test record
BEN-007368,PERSON-7367,ordinary,False,,Entirely fictional test record
BEN-007369,PERSON-7368,ordinary,False,,Entirely fictional test record
BEN-007370,PERSON-7369,ordinary,False,,Entirely fictional test record
BEN-007371,PERSON-7370,ordinary,False,,Entirely fictional test record
BEN-007372,PERSON-7371,ordinary,False,,Entirely fictional test record
BEN-007373,PERSON-7372,ordinary,False,,Entirely fictional test record
BEN-007374,PERSON-7373,ordinary,False,,Entirely fictional test record
BEN-007375,PERSON-7374,ordinary,False,,Entirely fictional test record
BEN-007376,PERSON-7375,ordinary,False,,Entirely fictional test record
BEN-007377,PERSON-7376,ordinary,False,,Entirely fictional test record
BEN-007378,PERSON-7377,ordinary,False,,Entirely fictional test record
BEN-007379,PERSON-7378,ordinary,False,,Entirely fictional test record
BEN-007380,PERSON-7379,ordinary,False,,Entirely fictional test record
BEN-007381,PERSON-7380,ordinary,False,,Entirely fictional test record
BEN-007382,PERSON-7381,ordinary,False,,Entirely fictional test record
BEN-007383,PERSON-7382,ordinary,False,,Entirely fictional test record
BEN-007384,PERSON-7383,ordinary,False,,Entirely fictional test record
BEN-007385,PERSON-7384,ordinary,False,,Entirely fictional test record
BEN-007386,PERSON-7385,ordinary,False,,Entirely fictional test record
BEN-007387,PERSON-7386,ordinary,False,,Entirely fictional test record
BEN-007388,PERSON-7387,ordinary,False,,Entirely fictional test record
BEN-007389,PERSON-7388,ordinary,False,,Entirely fictional test record
BEN-007390,PERSON-7389,ordinary,False,,Entirely fictional test record
BEN-007391,PERSON-7390,ordinary,False,,Entirely fictional test record
BEN-007392,PERSON-7391,ordinary,False,,Entirely fictional test record
BEN-007393,PERSON-7392,ordinary,False,,Entirely fictional test record
BEN-007394,PERSON-7393,ordinary,False,,Entirely fictional test record
BEN-007395,PERSON-7394,ordinary,False,,Entirely fictional test record
BEN-007396,PERSON-7395,ordinary,False,,Entirely fictional test record
BEN-007397,PERSON-7396,ordinary,False,,Entirely fictional test record
BEN-007398,PERSON-7397,ordinary,False,,Entirely fictional test record
BEN-007399,PERSON-7398,ordinary,False,,Entirely fictional test record
BEN-007400,PERSON-7399,ordinary,False,,Entirely fictional test record
BEN-007401,PERSON-7400,ordinary,False,,Entirely fictional test record
BEN-007402,PERSON-7401,ordinary,False,,Entirely fictional test record
BEN-007403,PERSON-7402,ordinary,False,,Entirely fictional test record
BEN-007404,PERSON-7403,ordinary,False,,Entirely fictional test record
BEN-007405,PERSON-7404,ordinary,False,,Entirely fictional test record
BEN-007406,PERSON-7405,ordinary,False,,Entirely fictional test record
BEN-007407,PERSON-7406,ordinary,False,,Entirely fictional test record
BEN-007408,PERSON-7407,ordinary,False,,Entirely fictional test record
BEN-007409,PERSON-7408,ordinary,False,,Entirely fictional test record
BEN-007410,PERSON-7409,ordinary,False,,Entirely fictional test record
BEN-007411,PERSON-7410,ordinary,False,,Entirely fictional test record
BEN-007412,PERSON-7411,ordinary,False,,Entirely fictional test record
BEN-007413,PERSON-7412,ordinary,False,,Entirely fictional test record
BEN-007414,PERSON-7413,ordinary,False,,Entirely fictional test record
BEN-007415,PERSON-7414,ordinary,False,,Entirely fictional test record
BEN-007416,PERSON-7415,ordinary,False,,Entirely fictional test record
BEN-007417,PERSON-7416,ordinary,False,,Entirely fictional test record
BEN-007418,PERSON-7417,ordinary,False,,Entirely fictional test record
BEN-007419,PERSON-7418,ordinary,False,,Entirely fictional test record
BEN-007420,PERSON-7419,ordinary,False,,Entirely fictional test record
BEN-007421,PERSON-7420,ordinary,False,,Entirely fictional test record
BEN-007422,PERSON-7421,ordinary,False,,Entirely fictional test record
BEN-007423,PERSON-7422,ordinary,False,,Entirely fictional test record
BEN-007424,PERSON-7423,ordinary,False,,Entirely fictional test record
BEN-007425,PERSON-7424,ordinary,False,,Entirely fictional test record
BEN-007426,PERSON-7425,ordinary,False,,Entirely fictional test record
BEN-007427,PERSON-7426,ordinary,False,,Entirely fictional test record
BEN-007428,PERSON-7427,ordinary,False,,Entirely fictional test record
BEN-007429,PERSON-7428,ordinary,False,,Entirely fictional test record
BEN-007430,PERSON-7429,ordinary,False,,Entirely fictional test record
BEN-007431,PERSON-7430,ordinary,False,,Entirely fictional test record
BEN-007432,PERSON-7431,ordinary,False,,Entirely fictional test record
BEN-007433,PERSON-7432,ordinary,False,,Entirely fictional test record
BEN-007434,PERSON-7433,ordinary,False,,Entirely fictional test record
BEN-007435,PERSON-7434,ordinary,False,,Entirely fictional test record
BEN-007436,PERSON-7435,ordinary,False,,Entirely fictional test record
BEN-007437,PERSON-7436,ordinary,False,,Entirely fictional test record
BEN-007438,PERSON-7437,ordinary,False,,Entirely fictional test record
BEN-007439,PERSON-7438,ordinary,False,,Entirely fictional test record
BEN-007440,PERSON-7439,ordinary,False,,Entirely fictional test record
BEN-007441,PERSON-7440,ordinary,False,,Entirely fictional test record
BEN-007442,PERSON-7441,ordinary,False,,Entirely fictional test record
BEN-007443,PERSON-7442,ordinary,False,,Entirely fictional test record
BEN-007444,PERSON-7443,ordinary,False,,Entirely fictional test record
BEN-007445,PERSON-7444,ordinary,False,,Entirely fictional test record
BEN-007446,PERSON-7445,ordinary,False,,Entirely fictional test record
BEN-007447,PERSON-7446,ordinary,False,,Entirely fictional test record
BEN-007448,PERSON-7447,ordinary,False,,Entirely fictional test record
BEN-007449,PERSON-7448,ordinary,False,,Entirely fictional test record
BEN-007450,PERSON-7449,ordinary,False,,Entirely fictional test record
BEN-007451,PERSON-7450,ordinary,False,,Entirely fictional test record
BEN-007452,PERSON-7451,ordinary,False,,Entirely fictional test record
BEN-007453,PERSON-7452,ordinary,False,,Entirely fictional test record
BEN-007454,PERSON-7453,ordinary,False,,Entirely fictional test record
BEN-007455,PERSON-7454,ordinary,False,,Entirely fictional test record
BEN-007456,PERSON-7455,ordinary,False,,Entirely fictional test record
BEN-007457,PERSON-7456,ordinary,False,,Entirely fictional test record
BEN-007458,PERSON-7457,ordinary,False,,Entirely fictional test record
BEN-007459,PERSON-7458,ordinary,False,,Entirely fictional test record
BEN-007460,PERSON-7459,ordinary,False,,Entirely fictional test record
BEN-007461,PERSON-7460,ordinary,False,,Entirely fictional test record
BEN-007462,PERSON-7461,ordinary,False,,Entirely fictional test record
BEN-007463,PERSON-7462,ordinary,False,,Entirely fictional test record
BEN-007464,PERSON-7463,ordinary,False,,Entirely fictional test record
BEN-007465,PERSON-7464,ordinary,False,,Entirely fictional test record
BEN-007466,PERSON-7465,ordinary,False,,Entirely fictional test record
BEN-007467,PERSON-7466,ordinary,False,,Entirely fictional test record
BEN-007468,PERSON-7467,ordinary,False,,Entirely fictional test record
BEN-007469,PERSON-7468,ordinary,False,,Entirely fictional test record
BEN-007470,PERSON-7469,ordinary,False,,Entirely fictional test record
BEN-007471,PERSON-7470,ordinary,False,,Entirely fictional test record
BEN-007472,PERSON-7471,ordinary,False,,Entirely fictional test record
BEN-007473,PERSON-7472,ordinary,False,,Entirely fictional test record
BEN-007474,PERSON-7473,ordinary,False,,Entirely fictional test record
BEN-007475,PERSON-7474,ordinary,False,,Entirely fictional test record
BEN-007476,PERSON-7475,ordinary,False,,Entirely fictional test record
BEN-007477,PERSON-7476,ordinary,False,,Entirely fictional test record
BEN-007478,PERSON-7477,ordinary,False,,Entirely fictional test record
BEN-007479,PERSON-7478,ordinary,False,,Entirely fictional test record
BEN-007480,PERSON-7479,ordinary,False,,Entirely fictional test record
BEN-007481,PERSON-7480,ordinary,False,,Entirely fictional test record
BEN-007482,PERSON-7481,ordinary,False,,Entirely fictional test record
BEN-007483,PERSON-7482,ordinary,False,,Entirely fictional test record
BEN-007484,PERSON-7483,ordinary,False,,Entirely fictional test record
BEN-007485,PERSON-7484,ordinary,False,,Entirely fictional test record
BEN-007486,PERSON-7485,ordinary,False,,Entirely fictional test record
BEN-007487,PERSON-7486,ordinary,False,,Entirely fictional test record
BEN-007488,PERSON-7487,ordinary,False,,Entirely fictional test record
BEN-007489,PERSON-7488,ordinary,False,,Entirely fictional test record
BEN-007490,PERSON-7489,ordinary,False,,Entirely fictional test record
BEN-007491,PERSON-7490,ordinary,False,,Entirely fictional test record
BEN-007492,PERSON-7491,ordinary,False,,Entirely fictional test record
BEN-007493,PERSON-7492,ordinary,False,,Entirely fictional test record
BEN-007494,PERSON-7493,ordinary,False,,Entirely fictional test record
BEN-007495,PERSON-7494,ordinary,False,,Entirely fictional test record
BEN-007496,PERSON-7495,ordinary,False,,Entirely fictional test record
BEN-007497,PERSON-7496,ordinary,False,,Entirely fictional test record
BEN-007498,PERSON-7497,ordinary,False,,Entirely fictional test record
BEN-007499,PERSON-7498,ordinary,False,,Entirely fictional test record
BEN-007500,PERSON-7499,ordinary,False,,Entirely fictional test record
BEN-007501,PERSON-7500,ordinary,False,,Entirely fictional test record
BEN-007502,PERSON-7501,ordinary,False,,Entirely fictional test record
BEN-007503,PERSON-7502,ordinary,False,,Entirely fictional test record
BEN-007504,PERSON-7503,ordinary,False,,Entirely fictional test record
BEN-007505,PERSON-7504,ordinary,False,,Entirely fictional test record
BEN-007506,PERSON-7505,ordinary,False,,Entirely fictional test record
BEN-007507,PERSON-7506,ordinary,False,,Entirely fictional test record
BEN-007508,PERSON-7507,ordinary,False,,Entirely fictional test record
BEN-007509,PERSON-7508,ordinary,False,,Entirely fictional test record
BEN-007510,PERSON-7509,ordinary,False,,Entirely fictional test record
BEN-007511,PERSON-7510,ordinary,False,,Entirely fictional test record
BEN-007512,PERSON-7511,ordinary,False,,Entirely fictional test record
BEN-007513,PERSON-7512,ordinary,False,,Entirely fictional test record
BEN-007514,PERSON-7513,ordinary,False,,Entirely fictional test record
BEN-007515,PERSON-7514,ordinary,False,,Entirely fictional test record
BEN-007516,PERSON-7515,ordinary,False,,Entirely fictional test record
BEN-007517,PERSON-7516,ordinary,False,,Entirely fictional test record
BEN-007518,PERSON-7517,ordinary,False,,Entirely fictional test record
BEN-007519,PERSON-7518,ordinary,False,,Entirely fictional test record
BEN-007520,PERSON-7519,ordinary,False,,Entirely fictional test record
BEN-007521,PERSON-7520,ordinary,False,,Entirely fictional test record
BEN-007522,PERSON-7521,ordinary,False,,Entirely fictional test record
BEN-007523,PERSON-7522,ordinary,False,,Entirely fictional test record
BEN-007524,PERSON-7523,ordinary,False,,Entirely fictional test record
BEN-007525,PERSON-7524,ordinary,False,,Entirely fictional test record
BEN-007526,PERSON-7525,ordinary,False,,Entirely fictional test record
BEN-007527,PERSON-7526,ordinary,False,,Entirely fictional test record
BEN-007528,PERSON-7527,ordinary,False,,Entirely fictional test record
BEN-007529,PERSON-7528,ordinary,False,,Entirely fictional test record
BEN-007530,PERSON-7529,ordinary,False,,Entirely fictional test record
BEN-007531,PERSON-7530,ordinary,False,,Entirely fictional test record
BEN-007532,PERSON-7531,ordinary,False,,Entirely fictional test record
BEN-007533,PERSON-7532,ordinary,False,,Entirely fictional test record
BEN-007534,PERSON-7533,ordinary,False,,Entirely fictional test record
BEN-007535,PERSON-7534,ordinary,False,,Entirely fictional test record
BEN-007536,PERSON-7535,ordinary,False,,Entirely fictional test record
BEN-007537,PERSON-7536,ordinary,False,,Entirely fictional test record
BEN-007538,PERSON-7537,ordinary,False,,Entirely fictional test record
BEN-007539,PERSON-7538,ordinary,False,,Entirely fictional test record
BEN-007540,PERSON-7539,ordinary,False,,Entirely fictional test record
BEN-007541,PERSON-7540,ordinary,False,,Entirely fictional test record
BEN-007542,PERSON-7541,ordinary,False,,Entirely fictional test record
BEN-007543,PERSON-7542,ordinary,False,,Entirely fictional test record
BEN-007544,PERSON-7543,ordinary,False,,Entirely fictional test record
BEN-007545,PERSON-7544,ordinary,False,,Entirely fictional test record
BEN-007546,PERSON-7545,ordinary,False,,Entirely fictional test record
BEN-007547,PERSON-7546,ordinary,False,,Entirely fictional test record
BEN-007548,PERSON-7547,ordinary,False,,Entirely fictional test record
BEN-007549,PERSON-7548,ordinary,False,,Entirely fictional test record
BEN-007550,PERSON-7549,ordinary,False,,Entirely fictional test record
BEN-007551,PERSON-7550,ordinary,False,,Entirely fictional test record
BEN-007552,PERSON-7551,ordinary,False,,Entirely fictional test record
BEN-007553,PERSON-7552,ordinary,False,,Entirely fictional test record
BEN-007554,PERSON-7553,ordinary,False,,Entirely fictional test record
BEN-007555,PERSON-7554,ordinary,False,,Entirely fictional test record
BEN-007556,PERSON-7555,ordinary,False,,Entirely fictional test record
BEN-007557,PERSON-7556,ordinary,False,,Entirely fictional test record
BEN-007558,PERSON-7557,ordinary,False,,Entirely fictional test record
BEN-007559,PERSON-7558,ordinary,False,,Entirely fictional test record
BEN-007560,PERSON-7559,ordinary,False,,Entirely fictional test record
BEN-007561,PERSON-7560,ordinary,False,,Entirely fictional test record
BEN-007562,PERSON-7561,ordinary,False,,Entirely fictional test record
BEN-007563,PERSON-7562,ordinary,False,,Entirely fictional test record
BEN-007564,PERSON-7563,ordinary,False,,Entirely fictional test record
BEN-007565,PERSON-7564,ordinary,False,,Entirely fictional test record
BEN-007566,PERSON-7565,ordinary,False,,Entirely fictional test record
BEN-007567,PERSON-7566,ordinary,False,,Entirely fictional test record
BEN-007568,PERSON-7567,ordinary,False,,Entirely fictional test record
BEN-007569,PERSON-7568,ordinary,False,,Entirely fictional test record
BEN-007570,PERSON-7569,ordinary,False,,Entirely fictional test record
BEN-007571,PERSON-7570,ordinary,False,,Entirely fictional test record
BEN-007572,PERSON-7571,ordinary,False,,Entirely fictional test record
BEN-007573,PERSON-7572,ordinary,False,,Entirely fictional test record
BEN-007574,PERSON-7573,ordinary,False,,Entirely fictional test record
BEN-007575,PERSON-7574,ordinary,False,,Entirely fictional test record
BEN-007576,PERSON-7575,ordinary,False,,Entirely fictional test record
BEN-007577,PERSON-7576,ordinary,False,,Entirely fictional test record
BEN-007578,PERSON-7577,ordinary,False,,Entirely fictional test record
BEN-007579,PERSON-7578,ordinary,False,,Entirely fictional test record
BEN-007580,PERSON-7579,ordinary,False,,Entirely fictional test record
BEN-007581,PERSON-7580,ordinary,False,,Entirely fictional test record
BEN-007582,PERSON-7581,ordinary,False,,Entirely fictional test record
BEN-007583,PERSON-7582,ordinary,False,,Entirely fictional test record
BEN-007584,PERSON-7583,ordinary,False,,Entirely fictional test record
BEN-007585,PERSON-7584,ordinary,False,,Entirely fictional test record
BEN-007586,PERSON-7585,ordinary,False,,Entirely fictional test record
BEN-007587,PERSON-7586,ordinary,False,,Entirely fictional test record
BEN-007588,PERSON-7587,ordinary,False,,Entirely fictional test record
BEN-007589,PERSON-7588,ordinary,False,,Entirely fictional test record
BEN-007590,PERSON-7589,ordinary,False,,Entirely fictional test record
BEN-007591,PERSON-7590,ordinary,False,,Entirely fictional test record
BEN-007592,PERSON-7591,ordinary,False,,Entirely fictional test record
BEN-007593,PERSON-7592,ordinary,False,,Entirely fictional test record
BEN-007594,PERSON-7593,ordinary,False,,Entirely fictional test record
BEN-007595,PERSON-7594,ordinary,False,,Entirely fictional test record
BEN-007596,PERSON-7595,ordinary,False,,Entirely fictional test record
BEN-007597,PERSON-7596,ordinary,False,,Entirely fictional test record
BEN-007598,PERSON-7597,ordinary,False,,Entirely fictional test record
BEN-007599,PERSON-7598,ordinary,False,,Entirely fictional test record
BEN-007600,PERSON-7599,ordinary,False,,Entirely fictional test record
BEN-007601,PERSON-7600,ordinary,False,,Entirely fictional test record
BEN-007602,PERSON-7601,ordinary,False,,Entirely fictional test record
BEN-007603,PERSON-7602,ordinary,False,,Entirely fictional test record
BEN-007604,PERSON-7603,ordinary,False,,Entirely fictional test record
BEN-007605,PERSON-7604,ordinary,False,,Entirely fictional test record
BEN-007606,PERSON-7605,ordinary,False,,Entirely fictional test record
BEN-007607,PERSON-7606,ordinary,False,,Entirely fictional test record
BEN-007608,PERSON-7607,ordinary,False,,Entirely fictional test record
BEN-007609,PERSON-7608,ordinary,False,,Entirely fictional test record
BEN-007610,PERSON-7609,ordinary,False,,Entirely fictional test record
BEN-007611,PERSON-7610,ordinary,False,,Entirely fictional test record
BEN-007612,PERSON-7611,ordinary,False,,Entirely fictional test record
BEN-007613,PERSON-7612,ordinary,False,,Entirely fictional test record
BEN-007614,PERSON-7613,ordinary,False,,Entirely fictional test record
BEN-007615,PERSON-7614,ordinary,False,,Entirely fictional test record
BEN-007616,PERSON-7615,ordinary,False,,Entirely fictional test record
BEN-007617,PERSON-7616,ordinary,False,,Entirely fictional test record
BEN-007618,PERSON-7617,ordinary,False,,Entirely fictional test record
BEN-007619,PERSON-7618,ordinary,False,,Entirely fictional test record
BEN-007620,PERSON-7619,ordinary,False,,Entirely fictional test record
BEN-007621,PERSON-7620,ordinary,False,,Entirely fictional test record
BEN-007622,PERSON-7621,ordinary,False,,Entirely fictional test record
BEN-007623,PERSON-7622,ordinary,False,,Entirely fictional test record
BEN-007624,PERSON-7623,ordinary,False,,Entirely fictional test record
BEN-007625,PERSON-7624,ordinary,False,,Entirely fictional test record
BEN-007626,PERSON-7625,ordinary,False,,Entirely fictional test record
BEN-007627,PERSON-7626,ordinary,False,,Entirely fictional test record
BEN-007628,PERSON-7627,ordinary,False,,Entirely fictional test record
BEN-007629,PERSON-7628,ordinary,False,,Entirely fictional test record
BEN-007630,PERSON-7629,ordinary,False,,Entirely fictional test record
BEN-007631,PERSON-7630,ordinary,False,,Entirely fictional test record
BEN-007632,PERSON-7631,ordinary,False,,Entirely fictional test record
BEN-007633,PERSON-7632,ordinary,False,,Entirely fictional test record
BEN-007634,PERSON-7633,ordinary,False,,Entirely fictional test record
BEN-007635,PERSON-7634,ordinary,False,,Entirely fictional test record
BEN-007636,PERSON-7635,ordinary,False,,Entirely fictional test record
BEN-007637,PERSON-7636,ordinary,False,,Entirely fictional test record
BEN-007638,PERSON-7637,ordinary,False,,Entirely fictional test record
BEN-007639,PERSON-7638,ordinary,False,,Entirely fictional test record
BEN-007640,PERSON-7639,ordinary,False,,Entirely fictional test record
BEN-007641,PERSON-7640,ordinary,False,,Entirely fictional test record
BEN-007642,PERSON-7641,ordinary,False,,Entirely fictional test record
BEN-007643,PERSON-7642,ordinary,False,,Entirely fictional test record
BEN-007644,PERSON-7643,ordinary,False,,Entirely fictional test record
BEN-007645,PERSON-7644,ordinary,False,,Entirely fictional test record
BEN-007646,PERSON-7645,ordinary,False,,Entirely fictional test record
BEN-007647,PERSON-7646,ordinary,False,,Entirely fictional test record
BEN-007648,PERSON-7647,ordinary,False,,Entirely fictional test record
BEN-007649,PERSON-7648,ordinary,False,,Entirely fictional test record
BEN-007650,PERSON-7649,ordinary,False,,Entirely fictional test record
BEN-007651,PERSON-7650,ordinary,False,,Entirely fictional test record
BEN-007652,PERSON-7651,ordinary,False,,Entirely fictional test record
BEN-007653,PERSON-7652,ordinary,False,,Entirely fictional test record
BEN-007654,PERSON-7653,ordinary,False,,Entirely fictional test record
BEN-007655,PERSON-7654,ordinary,False,,Entirely fictional test record
BEN-007656,PERSON-7655,ordinary,False,,Entirely fictional test record
BEN-007657,PERSON-7656,ordinary,False,,Entirely fictional test record
BEN-007658,PERSON-7657,ordinary,False,,Entirely fictional test record
BEN-007659,PERSON-7658,ordinary,False,,Entirely fictional test record
BEN-007660,PERSON-7659,ordinary,False,,Entirely fictional test record
BEN-007661,PERSON-7660,ordinary,False,,Entirely fictional test record
BEN-007662,PERSON-7661,ordinary,False,,Entirely fictional test record
BEN-007663,PERSON-7662,ordinary,False,,Entirely fictional test record
BEN-007664,PERSON-7663,ordinary,False,,Entirely fictional test record
BEN-007665,PERSON-7664,ordinary,False,,Entirely fictional test record
BEN-007666,PERSON-7665,ordinary,False,,Entirely fictional test record
BEN-007667,PERSON-7666,ordinary,False,,Entirely fictional test record
BEN-007668,PERSON-7667,ordinary,False,,Entirely fictional test record
BEN-007669,PERSON-7668,ordinary,False,,Entirely fictional test record
BEN-007670,PERSON-7669,ordinary,False,,Entirely fictional test record
BEN-007671,PERSON-7670,ordinary,False,,Entirely fictional test record
BEN-007672,PERSON-7671,ordinary,False,,Entirely fictional test record
BEN-007673,PERSON-7672,ordinary,False,,Entirely fictional test record
BEN-007674,PERSON-7673,ordinary,False,,Entirely fictional test record
BEN-007675,PERSON-7674,ordinary,False,,Entirely fictional test record
BEN-007676,PERSON-7675,ordinary,False,,Entirely fictional test record
BEN-007677,PERSON-7676,ordinary,False,,Entirely fictional test record
BEN-007678,PERSON-7677,ordinary,False,,Entirely fictional test record
BEN-007679,PERSON-7678,ordinary,False,,Entirely fictional test record
BEN-007680,PERSON-7679,ordinary,False,,Entirely fictional test record
BEN-007681,PERSON-7680,ordinary,False,,Entirely fictional test record
BEN-007682,PERSON-7681,ordinary,False,,Entirely fictional test record
BEN-007683,PERSON-7682,ordinary,False,,Entirely fictional test record
BEN-007684,PERSON-7683,ordinary,False,,Entirely fictional test record
BEN-007685,PERSON-7684,ordinary,False,,Entirely fictional test record
BEN-007686,PERSON-7685,ordinary,False,,Entirely fictional test record
BEN-007687,PERSON-7686,ordinary,False,,Entirely fictional test record
BEN-007688,PERSON-7687,ordinary,False,,Entirely fictional test record
BEN-007689,PERSON-7688,ordinary,False,,Entirely fictional test record
BEN-007690,PERSON-7689,ordinary,False,,Entirely fictional test record
BEN-007691,PERSON-7690,ordinary,False,,Entirely fictional test record
BEN-007692,PERSON-7691,ordinary,False,,Entirely fictional test record
BEN-007693,PERSON-7692,ordinary,False,,Entirely fictional test record
BEN-007694,PERSON-7693,ordinary,False,,Entirely fictional test record
BEN-007695,PERSON-7694,ordinary,False,,Entirely fictional test record
BEN-007696,PERSON-7695,ordinary,False,,Entirely fictional test record
BEN-007697,PERSON-7696,ordinary,False,,Entirely fictional test record
BEN-007698,PERSON-7697,ordinary,False,,Entirely fictional test record
BEN-007699,PERSON-7698,ordinary,False,,Entirely fictional test record
BEN-007700,PERSON-7699,ordinary,False,,Entirely fictional test record
BEN-007701,PERSON-7700,ordinary,False,,Entirely fictional test record
BEN-007702,PERSON-7701,ordinary,False,,Entirely fictional test record
BEN-007703,PERSON-7702,ordinary,False,,Entirely fictional test record
BEN-007704,PERSON-7703,ordinary,False,,Entirely fictional test record
BEN-007705,PERSON-7704,ordinary,False,,Entirely fictional test record
BEN-007706,PERSON-7705,ordinary,False,,Entirely fictional test record
BEN-007707,PERSON-7706,ordinary,False,,Entirely fictional test record
BEN-007708,PERSON-7707,ordinary,False,,Entirely fictional test record
BEN-007709,PERSON-7708,ordinary,False,,Entirely fictional test record
BEN-007710,PERSON-7709,ordinary,False,,Entirely fictional test record
BEN-007711,PERSON-7710,ordinary,False,,Entirely fictional test record
BEN-007712,PERSON-7711,ordinary,False,,Entirely fictional test record
BEN-007713,PERSON-7712,ordinary,False,,Entirely fictional test record
BEN-007714,PERSON-7713,ordinary,False,,Entirely fictional test record
BEN-007715,PERSON-7714,ordinary,False,,Entirely fictional test record
BEN-007716,PERSON-7715,ordinary,False,,Entirely fictional test record
BEN-007717,PERSON-7716,ordinary,False,,Entirely fictional test record
BEN-007718,PERSON-7717,ordinary,False,,Entirely fictional test record
BEN-007719,PERSON-7718,ordinary,False,,Entirely fictional test record
BEN-007720,PERSON-7719,ordinary,False,,Entirely fictional test record
BEN-007721,PERSON-7720,ordinary,False,,Entirely fictional test record
BEN-007722,PERSON-7721,ordinary,False,,Entirely fictional test record
BEN-007723,PERSON-7722,ordinary,False,,Entirely fictional test record
BEN-007724,PERSON-7723,ordinary,False,,Entirely fictional test record
BEN-007725,PERSON-7724,ordinary,False,,Entirely fictional test record
BEN-007726,PERSON-7725,ordinary,False,,Entirely fictional test record
BEN-007727,PERSON-7726,ordinary,False,,Entirely fictional test record
BEN-007728,PERSON-7727,ordinary,False,,Entirely fictional test record
BEN-007729,PERSON-7728,ordinary,False,,Entirely fictional test record
BEN-007730,PERSON-7729,ordinary,False,,Entirely fictional test record
BEN-007731,PERSON-7730,ordinary,False,,Entirely fictional test record
BEN-007732,PERSON-7731,ordinary,False,,Entirely fictional test record
BEN-007733,PERSON-7732,ordinary,False,,Entirely fictional test record
BEN-007734,PERSON-7733,ordinary,False,,Entirely fictional test record
BEN-007735,PERSON-7734,ordinary,False,,Entirely fictional test record
BEN-007736,PERSON-7735,ordinary,False,,Entirely fictional test record
BEN-007737,PERSON-7736,ordinary,False,,Entirely fictional test record
BEN-007738,PERSON-7737,ordinary,False,,Entirely fictional test record
BEN-007739,PERSON-7738,ordinary,False,,Entirely fictional test record
BEN-007740,PERSON-7739,ordinary,False,,Entirely fictional test record
BEN-007741,PERSON-7740,ordinary,False,,Entirely fictional test record
BEN-007742,PERSON-7741,ordinary,False,,Entirely fictional test record
BEN-007743,PERSON-7742,ordinary,False,,Entirely fictional test record
BEN-007744,PERSON-7743,ordinary,False,,Entirely fictional test record
BEN-007745,PERSON-7744,ordinary,False,,Entirely fictional test record
BEN-007746,PERSON-7745,ordinary,False,,Entirely fictional test record
BEN-007747,PERSON-7746,ordinary,False,,Entirely fictional test record
BEN-007748,PERSON-7747,ordinary,False,,Entirely fictional test record
BEN-007749,PERSON-7748,ordinary,False,,Entirely fictional test record
BEN-007750,PERSON-7749,ordinary,False,,Entirely fictional test record
BEN-007751,PERSON-7750,ordinary,False,,Entirely fictional test record
BEN-007752,PERSON-7751,ordinary,False,,Entirely fictional test record
BEN-007753,PERSON-7752,ordinary,False,,Entirely fictional test record
BEN-007754,PERSON-7753,ordinary,False,,Entirely fictional test record
BEN-007755,PERSON-7754,ordinary,False,,Entirely fictional test record
BEN-007756,PERSON-7755,ordinary,False,,Entirely fictional test record
BEN-007757,PERSON-7756,ordinary,False,,Entirely fictional test record
BEN-007758,PERSON-7757,ordinary,False,,Entirely fictional test record
BEN-007759,PERSON-7758,ordinary,False,,Entirely fictional test record
BEN-007760,PERSON-7759,ordinary,False,,Entirely fictional test record
BEN-007761,PERSON-7760,ordinary,False,,Entirely fictional test record
BEN-007762,PERSON-7761,ordinary,False,,Entirely fictional test record
BEN-007763,PERSON-7762,ordinary,False,,Entirely fictional test record
BEN-007764,PERSON-7763,ordinary,False,,Entirely fictional test record
BEN-007765,PERSON-7764,ordinary,False,,Entirely fictional test record
BEN-007766,PERSON-7765,ordinary,False,,Entirely fictional test record
BEN-007767,PERSON-7766,ordinary,False,,Entirely fictional test record
BEN-007768,PERSON-7767,ordinary,False,,Entirely fictional test record
BEN-007769,PERSON-7768,ordinary,False,,Entirely fictional test record
BEN-007770,PERSON-7769,ordinary,False,,Entirely fictional test record
BEN-007771,PERSON-7770,ordinary,False,,Entirely fictional test record
BEN-007772,PERSON-7771,ordinary,False,,Entirely fictional test record
BEN-007773,PERSON-7772,ordinary,False,,Entirely fictional test record
BEN-007774,PERSON-7773,ordinary,False,,Entirely fictional test record
BEN-007775,PERSON-7774,ordinary,False,,Entirely fictional test record
BEN-007776,PERSON-7775,ordinary,False,,Entirely fictional test record
BEN-007777,PERSON-7776,ordinary,False,,Entirely fictional test record
BEN-007778,PERSON-7777,ordinary,False,,Entirely fictional test record
BEN-007779,PERSON-7778,ordinary,False,,Entirely fictional test record
BEN-007780,PERSON-7779,ordinary,False,,Entirely fictional test record
BEN-007781,PERSON-7780,ordinary,False,,Entirely fictional test record
BEN-007782,PERSON-7781,ordinary,False,,Entirely fictional test record
BEN-007783,PERSON-7782,ordinary,False,,Entirely fictional test record
BEN-007784,PERSON-7783,ordinary,False,,Entirely fictional test record
BEN-007785,PERSON-7784,ordinary,False,,Entirely fictional test record
BEN-007786,PERSON-7785,ordinary,False,,Entirely fictional test record
BEN-007787,PERSON-7786,ordinary,False,,Entirely fictional test record
BEN-007788,PERSON-7787,ordinary,False,,Entirely fictional test record
BEN-007789,PERSON-7788,ordinary,False,,Entirely fictional test record
BEN-007790,PERSON-7789,ordinary,False,,Entirely fictional test record
BEN-007791,PERSON-7790,ordinary,False,,Entirely fictional test record
BEN-007792,PERSON-7791,ordinary,False,,Entirely fictional test record
BEN-007793,PERSON-7792,ordinary,False,,Entirely fictional test record
BEN-007794,PERSON-7793,ordinary,False,,Entirely fictional test record
BEN-007795,PERSON-7794,ordinary,False,,Entirely fictional test record
BEN-007796,PERSON-7795,ordinary,False,,Entirely fictional test record
BEN-007797,PERSON-7796,ordinary,False,,Entirely fictional test record
BEN-007798,PERSON-7797,ordinary,False,,Entirely fictional test record
BEN-007799,PERSON-7798,ordinary,False,,Entirely fictional test record
BEN-007800,PERSON-7799,ordinary,False,,Entirely fictional test record
BEN-007801,PERSON-7800,ordinary,False,,Entirely fictional test record
BEN-007802,PERSON-7801,ordinary,False,,Entirely fictional test record
BEN-007803,PERSON-7802,ordinary,False,,Entirely fictional test record
BEN-007804,PERSON-7803,ordinary,False,,Entirely fictional test record
BEN-007805,PERSON-7804,ordinary,False,,Entirely fictional test record
BEN-007806,PERSON-7805,ordinary,False,,Entirely fictional test record
BEN-007807,PERSON-7806,ordinary,False,,Entirely fictional test record
BEN-007808,PERSON-7807,ordinary,False,,Entirely fictional test record
BEN-007809,PERSON-7808,ordinary,False,,Entirely fictional test record
BEN-007810,PERSON-7809,ordinary,False,,Entirely fictional test record
BEN-007811,PERSON-7810,ordinary,False,,Entirely fictional test record
BEN-007812,PERSON-7811,ordinary,False,,Entirely fictional test record
BEN-007813,PERSON-7812,ordinary,False,,Entirely fictional test record
BEN-007814,PERSON-7813,ordinary,False,,Entirely fictional test record
BEN-007815,PERSON-7814,ordinary,False,,Entirely fictional test record
BEN-007816,PERSON-7815,ordinary,False,,Entirely fictional test record
BEN-007817,PERSON-7816,ordinary,False,,Entirely fictional test record
BEN-007818,PERSON-7817,ordinary,False,,Entirely fictional test record
BEN-007819,PERSON-7818,ordinary,False,,Entirely fictional test record
BEN-007820,PERSON-7819,ordinary,False,,Entirely fictional test record
BEN-007821,PERSON-7820,ordinary,False,,Entirely fictional test record
BEN-007822,PERSON-7821,ordinary,False,,Entirely fictional test record
BEN-007823,PERSON-7822,ordinary,False,,Entirely fictional test record
BEN-007824,PERSON-7823,ordinary,False,,Entirely fictional test record
BEN-007825,PERSON-7824,ordinary,False,,Entirely fictional test record
BEN-007826,PERSON-7825,ordinary,False,,Entirely fictional test record
BEN-007827,PERSON-7826,ordinary,False,,Entirely fictional test record
BEN-007828,PERSON-7827,ordinary,False,,Entirely fictional test record
BEN-007829,PERSON-7828,ordinary,False,,Entirely fictional test record
BEN-007830,PERSON-7829,ordinary,False,,Entirely fictional test record
BEN-007831,PERSON-7830,ordinary,False,,Entirely fictional test record
BEN-007832,PERSON-7831,ordinary,False,,Entirely fictional test record
BEN-007833,PERSON-7832,ordinary,False,,Entirely fictional test record
BEN-007834,PERSON-7833,ordinary,False,,Entirely fictional test record
BEN-007835,PERSON-7834,ordinary,False,,Entirely fictional test record
BEN-007836,PERSON-7835,ordinary,False,,Entirely fictional test record
BEN-007837,PERSON-7836,ordinary,False,,Entirely fictional test record
BEN-007838,PERSON-7837,ordinary,False,,Entirely fictional test record
BEN-007839,PERSON-7838,ordinary,False,,Entirely fictional test record
BEN-007840,PERSON-7839,ordinary,False,,Entirely fictional test record
BEN-007841,PERSON-7840,ordinary,False,,Entirely fictional test record
BEN-007842,PERSON-7841,ordinary,False,,Entirely fictional test record
BEN-007843,PERSON-7842,ordinary,False,,Entirely fictional test record
BEN-007844,PERSON-7843,ordinary,False,,Entirely fictional test record
BEN-007845,PERSON-7844,ordinary,False,,Entirely fictional test record
BEN-007846,PERSON-7845,ordinary,False,,Entirely fictional test record
BEN-007847,PERSON-7846,ordinary,False,,Entirely fictional test record
BEN-007848,PERSON-7847,ordinary,False,,Entirely fictional test record
BEN-007849,PERSON-7848,ordinary,False,,Entirely fictional test record
BEN-007850,PERSON-7849,ordinary,False,,Entirely fictional test record
BEN-007851,PERSON-7850,ordinary,False,,Entirely fictional test record
BEN-007852,PERSON-7851,ordinary,False,,Entirely fictional test record
BEN-007853,PERSON-7852,ordinary,False,,Entirely fictional test record
BEN-007854,PERSON-7853,ordinary,False,,Entirely fictional test record
BEN-007855,PERSON-7854,ordinary,False,,Entirely fictional test record
BEN-007856,PERSON-7855,ordinary,False,,Entirely fictional test record
BEN-007857,PERSON-7856,ordinary,False,,Entirely fictional test record
BEN-007858,PERSON-7857,ordinary,False,,Entirely fictional test record
BEN-007859,PERSON-7858,ordinary,False,,Entirely fictional test record
BEN-007860,PERSON-7859,ordinary,False,,Entirely fictional test record
BEN-007861,PERSON-7860,ordinary,False,,Entirely fictional test record
BEN-007862,PERSON-7861,ordinary,False,,Entirely fictional test record
BEN-007863,PERSON-7862,ordinary,False,,Entirely fictional test record
BEN-007864,PERSON-7863,ordinary,False,,Entirely fictional test record
BEN-007865,PERSON-7864,ordinary,False,,Entirely fictional test record
BEN-007866,PERSON-7865,ordinary,False,,Entirely fictional test record
BEN-007867,PERSON-7866,ordinary,False,,Entirely fictional test record
BEN-007868,PERSON-7867,ordinary,False,,Entirely fictional test record
BEN-007869,PERSON-7868,ordinary,False,,Entirely fictional test record
BEN-007870,PERSON-7869,ordinary,False,,Entirely fictional test record
BEN-007871,PERSON-7870,ordinary,False,,Entirely fictional test record
BEN-007872,PERSON-7871,ordinary,False,,Entirely fictional test record
BEN-007873,PERSON-7872,ordinary,False,,Entirely fictional test record
BEN-007874,PERSON-7873,ordinary,False,,Entirely fictional test record
BEN-007875,PERSON-7874,ordinary,False,,Entirely fictional test record
BEN-007876,PERSON-7875,ordinary,False,,Entirely fictional test record
BEN-007877,PERSON-7876,ordinary,False,,Entirely fictional test record
BEN-007878,PERSON-7877,ordinary,False,,Entirely fictional test record
BEN-007879,PERSON-7878,ordinary,False,,Entirely fictional test record
BEN-007880,PERSON-7879,ordinary,False,,Entirely fictional test record
BEN-007881,PERSON-7880,ordinary,False,,Entirely fictional test record
BEN-007882,PERSON-7881,ordinary,False,,Entirely fictional test record
BEN-007883,PERSON-7882,ordinary,False,,Entirely fictional test record
BEN-007884,PERSON-7883,ordinary,False,,Entirely fictional test record
BEN-007885,PERSON-7884,ordinary,False,,Entirely fictional test record
BEN-007886,PERSON-7885,ordinary,False,,Entirely fictional test record
BEN-007887,PERSON-7886,ordinary,False,,Entirely fictional test record
BEN-007888,PERSON-7887,ordinary,False,,Entirely fictional test record
BEN-007889,PERSON-7888,ordinary,False,,Entirely fictional test record
BEN-007890,PERSON-7889,ordinary,False,,Entirely fictional test record
BEN-007891,PERSON-7890,ordinary,False,,Entirely fictional test record
BEN-007892,PERSON-7891,ordinary,False,,Entirely fictional test record
BEN-007893,PERSON-7892,ordinary,False,,Entirely fictional test record
BEN-007894,PERSON-7893,ordinary,False,,Entirely fictional test record
BEN-007895,PERSON-7894,ordinary,False,,Entirely fictional test record
BEN-007896,PERSON-7895,ordinary,False,,Entirely fictional test record
BEN-007897,PERSON-7896,ordinary,False,,Entirely fictional test record
BEN-007898,PERSON-7897,ordinary,False,,Entirely fictional test record
BEN-007899,PERSON-7898,ordinary,False,,Entirely fictional test record
BEN-007900,PERSON-7899,ordinary,False,,Entirely fictional test record
BEN-007901,PERSON-7900,ordinary,False,,Entirely fictional test record
BEN-007902,PERSON-7901,ordinary,False,,Entirely fictional test record
BEN-007903,PERSON-7902,ordinary,False,,Entirely fictional test record
BEN-007904,PERSON-7903,ordinary,False,,Entirely fictional test record
BEN-007905,PERSON-7904,ordinary,False,,Entirely fictional test record
BEN-007906,PERSON-7905,ordinary,False,,Entirely fictional test record
BEN-007907,PERSON-7906,ordinary,False,,Entirely fictional test record
BEN-007908,PERSON-7907,ordinary,False,,Entirely fictional test record
BEN-007909,PERSON-7908,ordinary,False,,Entirely fictional test record
BEN-007910,PERSON-7909,ordinary,False,,Entirely fictional test record
BEN-007911,PERSON-7910,ordinary,False,,Entirely fictional test record
BEN-007912,PERSON-7911,ordinary,False,,Entirely fictional test record
BEN-007913,PERSON-7912,ordinary,False,,Entirely fictional test record
BEN-007914,PERSON-7913,ordinary,False,,Entirely fictional test record
BEN-007915,PERSON-7914,ordinary,False,,Entirely fictional test record
BEN-007916,PERSON-7915,ordinary,False,,Entirely fictional test record
BEN-007917,PERSON-7916,ordinary,False,,Entirely fictional test record
BEN-007918,PERSON-7917,ordinary,False,,Entirely fictional test record
BEN-007919,PERSON-7918,ordinary,False,,Entirely fictional test record
BEN-007920,PERSON-7919,ordinary,False,,Entirely fictional test record
BEN-007921,PERSON-7920,ordinary,False,,Entirely fictional test record
BEN-007922,PERSON-7921,ordinary,False,,Entirely fictional test record
BEN-007923,PERSON-7922,ordinary,False,,Entirely fictional test record
BEN-007924,PERSON-7923,ordinary,False,,Entirely fictional test record
BEN-007925,PERSON-7924,ordinary,False,,Entirely fictional test record
BEN-007926,PERSON-7925,ordinary,False,,Entirely fictional test record
BEN-007927,PERSON-7926,ordinary,False,,Entirely fictional test record
BEN-007928,PERSON-7927,ordinary,False,,Entirely fictional test record
BEN-007929,PERSON-7928,ordinary,False,,Entirely fictional test record
BEN-007930,PERSON-7929,ordinary,False,,Entirely fictional test record
BEN-007931,PERSON-7930,ordinary,False,,Entirely fictional test record
BEN-007932,PERSON-7931,ordinary,False,,Entirely fictional test record
BEN-007933,PERSON-7932,ordinary,False,,Entirely fictional test record
BEN-007934,PERSON-7933,ordinary,False,,Entirely fictional test record
BEN-007935,PERSON-7934,ordinary,False,,Entirely fictional test record
BEN-007936,PERSON-7935,ordinary,False,,Entirely fictional test record
BEN-007937,PERSON-7936,ordinary,False,,Entirely fictional test record
BEN-007938,PERSON-7937,ordinary,False,,Entirely fictional test record
BEN-007939,PERSON-7938,ordinary,False,,Entirely fictional test record
BEN-007940,PERSON-7939,ordinary,False,,Entirely fictional test record
BEN-007941,PERSON-7940,ordinary,False,,Entirely fictional test record
BEN-007942,PERSON-7941,ordinary,False,,Entirely fictional test record
BEN-007943,PERSON-7942,ordinary,False,,Entirely fictional test record
BEN-007944,PERSON-7943,ordinary,False,,Entirely fictional test record
BEN-007945,PERSON-7944,ordinary,False,,Entirely fictional test record
BEN-007946,PERSON-7945,ordinary,False,,Entirely fictional test record
BEN-007947,PERSON-7946,ordinary,False,,Entirely fictional test record
BEN-007948,PERSON-7947,ordinary,False,,Entirely fictional test record
BEN-007949,PERSON-7948,ordinary,False,,Entirely fictional test record
BEN-007950,PERSON-7949,ordinary,False,,Entirely fictional test record
BEN-007951,PERSON-7950,ordinary,False,,Entirely fictional test record
BEN-007952,PERSON-7951,ordinary,False,,Entirely fictional test record
BEN-007953,PERSON-7952,ordinary,False,,Entirely fictional test record
BEN-007954,PERSON-7953,ordinary,False,,Entirely fictional test record
BEN-007955,PERSON-7954,ordinary,False,,Entirely fictional test record
BEN-007956,PERSON-7955,ordinary,False,,Entirely fictional test record
BEN-007957,PERSON-7956,ordinary,False,,Entirely fictional test record
BEN-007958,PERSON-7957,ordinary,False,,Entirely fictional test record
BEN-007959,PERSON-7958,ordinary,False,,Entirely fictional test record
BEN-007960,PERSON-7959,ordinary,False,,Entirely fictional test record
BEN-007961,PERSON-7960,ordinary,False,,Entirely fictional test record
BEN-007962,PERSON-7961,ordinary,False,,Entirely fictional test record
BEN-007963,PERSON-7962,ordinary,False,,Entirely fictional test record
BEN-007964,PERSON-7963,ordinary,False,,Entirely fictional test record
BEN-007965,PERSON-7964,ordinary,False,,Entirely fictional test record
BEN-007966,PERSON-7965,ordinary,False,,Entirely fictional test record
BEN-007967,PERSON-7966,ordinary,False,,Entirely fictional test record
BEN-007968,PERSON-7967,ordinary,False,,Entirely fictional test record
BEN-007969,PERSON-7968,ordinary,False,,Entirely fictional test record
BEN-007970,PERSON-7969,ordinary,False,,Entirely fictional test record
BEN-007971,PERSON-7970,ordinary,False,,Entirely fictional test record
BEN-007972,PERSON-7971,ordinary,False,,Entirely fictional test record
BEN-007973,PERSON-7972,ordinary,False,,Entirely fictional test record
BEN-007974,PERSON-7973,ordinary,False,,Entirely fictional test record
BEN-007975,PERSON-7974,ordinary,False,,Entirely fictional test record
BEN-007976,PERSON-7975,ordinary,False,,Entirely fictional test record
BEN-007977,PERSON-7976,ordinary,False,,Entirely fictional test record
BEN-007978,PERSON-7977,ordinary,False,,Entirely fictional test record
BEN-007979,PERSON-7978,ordinary,False,,Entirely fictional test record
BEN-007980,PERSON-7979,ordinary,False,,Entirely fictional test record
BEN-007981,PERSON-7980,ordinary,False,,Entirely fictional test record
BEN-007982,PERSON-7981,ordinary,False,,Entirely fictional test record
BEN-007983,PERSON-7982,ordinary,False,,Entirely fictional test record
BEN-007984,PERSON-7983,ordinary,False,,Entirely fictional test record
BEN-007985,PERSON-7984,ordinary,False,,Entirely fictional test record
BEN-007986,PERSON-7985,ordinary,False,,Entirely fictional test record
BEN-007987,PERSON-7986,ordinary,False,,Entirely fictional test record
BEN-007988,PERSON-7987,ordinary,False,,Entirely fictional test record
BEN-007989,PERSON-7988,ordinary,False,,Entirely fictional test record
BEN-007990,PERSON-7989,ordinary,False,,Entirely fictional test record
BEN-007991,PERSON-7990,ordinary,False,,Entirely fictional test record
BEN-007992,PERSON-7991,ordinary,False,,Entirely fictional test record
BEN-007993,PERSON-7992,ordinary,False,,Entirely fictional test record
BEN-007994,PERSON-7993,ordinary,False,,Entirely fictional test record
BEN-007995,PERSON-7994,ordinary,False,,Entirely fictional test record
BEN-007996,PERSON-7995,ordinary,False,,Entirely fictional test record
BEN-007997,PERSON-7996,ordinary,False,,Entirely fictional test record
BEN-007998,PERSON-7997,ordinary,False,,Entirely fictional test record
BEN-007999,PERSON-7998,ordinary,False,,Entirely fictional test record
BEN-008000,PERSON-7999,ordinary,False,,Entirely fictional test record
BEN-008001,PERSON-8000,ordinary,False,,Entirely fictional test record
BEN-008002,PERSON-8001,ordinary,False,,Entirely fictional test record
BEN-008003,PERSON-8002,ordinary,False,,Entirely fictional test record
BEN-008004,PERSON-8003,ordinary,False,,Entirely fictional test record
BEN-008005,PERSON-8004,ordinary,False,,Entirely fictional test record
BEN-008006,PERSON-8005,ordinary,False,,Entirely fictional test record
BEN-008007,PERSON-8006,ordinary,False,,Entirely fictional test record
BEN-008008,PERSON-8007,ordinary,False,,Entirely fictional test record
BEN-008009,PERSON-8008,ordinary,False,,Entirely fictional test record
BEN-008010,PERSON-8009,ordinary,False,,Entirely fictional test record
BEN-008011,PERSON-8010,ordinary,False,,Entirely fictional test record
BEN-008012,PERSON-8011,ordinary,False,,Entirely fictional test record
BEN-008013,PERSON-8012,ordinary,False,,Entirely fictional test record
BEN-008014,PERSON-8013,ordinary,False,,Entirely fictional test record
BEN-008015,PERSON-8014,ordinary,False,,Entirely fictional test record
BEN-008016,PERSON-8015,ordinary,False,,Entirely fictional test record
BEN-008017,PERSON-8016,ordinary,False,,Entirely fictional test record
BEN-008018,PERSON-8017,ordinary,False,,Entirely fictional test record
BEN-008019,PERSON-8018,ordinary,False,,Entirely fictional test record
BEN-008020,PERSON-8019,ordinary,False,,Entirely fictional test record
BEN-008021,PERSON-8020,ordinary,False,,Entirely fictional test record
BEN-008022,PERSON-8021,ordinary,False,,Entirely fictional test record
BEN-008023,PERSON-8022,ordinary,False,,Entirely fictional test record
BEN-008024,PERSON-8023,ordinary,False,,Entirely fictional test record
BEN-008025,PERSON-8024,ordinary,False,,Entirely fictional test record
BEN-008026,PERSON-8025,ordinary,False,,Entirely fictional test record
BEN-008027,PERSON-8026,ordinary,False,,Entirely fictional test record
BEN-008028,PERSON-8027,ordinary,False,,Entirely fictional test record
BEN-008029,PERSON-8028,ordinary,False,,Entirely fictional test record
BEN-008030,PERSON-8029,ordinary,False,,Entirely fictional test record
BEN-008031,PERSON-8030,ordinary,False,,Entirely fictional test record
BEN-008032,PERSON-8031,ordinary,False,,Entirely fictional test record
BEN-008033,PERSON-8032,ordinary,False,,Entirely fictional test record
BEN-008034,PERSON-8033,ordinary,False,,Entirely fictional test record
BEN-008035,PERSON-8034,ordinary,False,,Entirely fictional test record
BEN-008036,PERSON-8035,ordinary,False,,Entirely fictional test record
BEN-008037,PERSON-8036,ordinary,False,,Entirely fictional test record
BEN-008038,PERSON-8037,ordinary,False,,Entirely fictional test record
BEN-008039,PERSON-8038,ordinary,False,,Entirely fictional test record
BEN-008040,PERSON-8039,ordinary,False,,Entirely fictional test record
BEN-008041,PERSON-8040,ordinary,False,,Entirely fictional test record
BEN-008042,PERSON-8041,ordinary,False,,Entirely fictional test record
BEN-008043,PERSON-8042,ordinary,False,,Entirely fictional test record
BEN-008044,PERSON-8043,ordinary,False,,Entirely fictional test record
BEN-008045,PERSON-8044,ordinary,False,,Entirely fictional test record
BEN-008046,PERSON-8045,ordinary,False,,Entirely fictional test record
BEN-008047,PERSON-8046,ordinary,False,,Entirely fictional test record
BEN-008048,PERSON-8047,ordinary,False,,Entirely fictional test record
BEN-008049,PERSON-8048,ordinary,False,,Entirely fictional test record
BEN-008050,PERSON-8049,ordinary,False,,Entirely fictional test record
BEN-008051,PERSON-8050,ordinary,False,,Entirely fictional test record
BEN-008052,PERSON-8051,ordinary,False,,Entirely fictional test record
BEN-008053,PERSON-8052,ordinary,False,,Entirely fictional test record
BEN-008054,PERSON-8053,ordinary,False,,Entirely fictional test record
BEN-008055,PERSON-8054,ordinary,False,,Entirely fictional test record
BEN-008056,PERSON-8055,ordinary,False,,Entirely fictional test record
BEN-008057,PERSON-8056,ordinary,False,,Entirely fictional test record
BEN-008058,PERSON-8057,ordinary,False,,Entirely fictional test record
BEN-008059,PERSON-8058,ordinary,False,,Entirely fictional test record
BEN-008060,PERSON-8059,ordinary,False,,Entirely fictional test record
BEN-008061,PERSON-8060,ordinary,False,,Entirely fictional test record
BEN-008062,PERSON-8061,ordinary,False,,Entirely fictional test record
BEN-008063,PERSON-8062,ordinary,False,,Entirely fictional test record
BEN-008064,PERSON-8063,ordinary,False,,Entirely fictional test record
BEN-008065,PERSON-8064,ordinary,False,,Entirely fictional test record
BEN-008066,PERSON-8065,ordinary,False,,Entirely fictional test record
BEN-008067,PERSON-8066,ordinary,False,,Entirely fictional test record
BEN-008068,PERSON-8067,ordinary,False,,Entirely fictional test record
BEN-008069,PERSON-8068,ordinary,False,,Entirely fictional test record
BEN-008070,PERSON-8069,ordinary,False,,Entirely fictional test record
BEN-008071,PERSON-8070,ordinary,False,,Entirely fictional test record
BEN-008072,PERSON-8071,ordinary,False,,Entirely fictional test record
BEN-008073,PERSON-8072,ordinary,False,,Entirely fictional test record
BEN-008074,PERSON-8073,ordinary,False,,Entirely fictional test record
BEN-008075,PERSON-8074,ordinary,False,,Entirely fictional test record
BEN-008076,PERSON-8075,ordinary,False,,Entirely fictional test record
BEN-008077,PERSON-8076,ordinary,False,,Entirely fictional test record
BEN-008078,PERSON-8077,ordinary,False,,Entirely fictional test record
BEN-008079,PERSON-8078,ordinary,False,,Entirely fictional test record
BEN-008080,PERSON-8079,ordinary,False,,Entirely fictional test record
BEN-008081,PERSON-8080,ordinary,False,,Entirely fictional test record
BEN-008082,PERSON-8081,ordinary,False,,Entirely fictional test record
BEN-008083,PERSON-8082,ordinary,False,,Entirely fictional test record
BEN-008084,PERSON-8083,ordinary,False,,Entirely fictional test record
BEN-008085,PERSON-8084,ordinary,False,,Entirely fictional test record
BEN-008086,PERSON-8085,ordinary,False,,Entirely fictional test record
BEN-008087,PERSON-8086,ordinary,False,,Entirely fictional test record
BEN-008088,PERSON-8087,ordinary,False,,Entirely fictional test record
BEN-008089,PERSON-8088,ordinary,False,,Entirely fictional test record
BEN-008090,PERSON-8089,ordinary,False,,Entirely fictional test record
BEN-008091,PERSON-8090,ordinary,False,,Entirely fictional test record
BEN-008092,PERSON-8091,ordinary,False,,Entirely fictional test record
BEN-008093,PERSON-8092,ordinary,False,,Entirely fictional test record
BEN-008094,PERSON-8093,ordinary,False,,Entirely fictional test record
BEN-008095,PERSON-8094,ordinary,False,,Entirely fictional test record
BEN-008096,PERSON-8095,ordinary,False,,Entirely fictional test record
BEN-008097,PERSON-8096,ordinary,False,,Entirely fictional test record
BEN-008098,PERSON-8097,ordinary,False,,Entirely fictional test record
BEN-008099,PERSON-8098,ordinary,False,,Entirely fictional test record
BEN-008100,PERSON-8099,ordinary,False,,Entirely fictional test record
BEN-008101,PERSON-8100,ordinary,False,,Entirely fictional test record
BEN-008102,PERSON-8101,ordinary,False,,Entirely fictional test record
BEN-008103,PERSON-8102,ordinary,False,,Entirely fictional test record
BEN-008104,PERSON-8103,ordinary,False,,Entirely fictional test record
BEN-008105,PERSON-8104,ordinary,False,,Entirely fictional test record
BEN-008106,PERSON-8105,ordinary,False,,Entirely fictional test record
BEN-008107,PERSON-8106,ordinary,False,,Entirely fictional test record
BEN-008108,PERSON-8107,ordinary,False,,Entirely fictional test record
BEN-008109,PERSON-8108,ordinary,False,,Entirely fictional test record
BEN-008110,PERSON-8109,ordinary,False,,Entirely fictional test record
BEN-008111,PERSON-8110,ordinary,False,,Entirely fictional test record
BEN-008112,PERSON-8111,ordinary,False,,Entirely fictional test record
BEN-008113,PERSON-8112,ordinary,False,,Entirely fictional test record
BEN-008114,PERSON-8113,ordinary,False,,Entirely fictional test record
BEN-008115,PERSON-8114,ordinary,False,,Entirely fictional test record
BEN-008116,PERSON-8115,ordinary,False,,Entirely fictional test record
BEN-008117,PERSON-8116,ordinary,False,,Entirely fictional test record
BEN-008118,PERSON-8117,ordinary,False,,Entirely fictional test record
BEN-008119,PERSON-8118,ordinary,False,,Entirely fictional test record
BEN-008120,PERSON-8119,ordinary,False,,Entirely fictional test record
BEN-008121,PERSON-8120,ordinary,False,,Entirely fictional test record
BEN-008122,PERSON-8121,ordinary,False,,Entirely fictional test record
BEN-008123,PERSON-8122,ordinary,False,,Entirely fictional test record
BEN-008124,PERSON-8123,ordinary,False,,Entirely fictional test record
BEN-008125,PERSON-8124,ordinary,False,,Entirely fictional test record
BEN-008126,PERSON-8125,ordinary,False,,Entirely fictional test record
BEN-008127,PERSON-8126,ordinary,False,,Entirely fictional test record
BEN-008128,PERSON-8127,ordinary,False,,Entirely fictional test record
BEN-008129,PERSON-8128,ordinary,False,,Entirely fictional test record
BEN-008130,PERSON-8129,ordinary,False,,Entirely fictional test record
BEN-008131,PERSON-8130,ordinary,False,,Entirely fictional test record
BEN-008132,PERSON-8131,ordinary,False,,Entirely fictional test record
BEN-008133,PERSON-8132,ordinary,False,,Entirely fictional test record
BEN-008134,PERSON-8133,ordinary,False,,Entirely fictional test record
BEN-008135,PERSON-8134,ordinary,False,,Entirely fictional test record
BEN-008136,PERSON-8135,ordinary,False,,Entirely fictional test record
BEN-008137,PERSON-8136,ordinary,False,,Entirely fictional test record
BEN-008138,PERSON-8137,ordinary,False,,Entirely fictional test record
BEN-008139,PERSON-8138,ordinary,False,,Entirely fictional test record
BEN-008140,PERSON-8139,ordinary,False,,Entirely fictional test record
BEN-008141,PERSON-8140,ordinary,False,,Entirely fictional test record
BEN-008142,PERSON-8141,ordinary,False,,Entirely fictional test record
BEN-008143,PERSON-8142,ordinary,False,,Entirely fictional test record
BEN-008144,PERSON-8143,ordinary,False,,Entirely fictional test record
BEN-008145,PERSON-8144,ordinary,False,,Entirely fictional test record
BEN-008146,PERSON-8145,ordinary,False,,Entirely fictional test record
BEN-008147,PERSON-8146,ordinary,False,,Entirely fictional test record
BEN-008148,PERSON-8147,ordinary,False,,Entirely fictional test record
BEN-008149,PERSON-8148,ordinary,False,,Entirely fictional test record
BEN-008150,PERSON-8149,ordinary,False,,Entirely fictional test record
BEN-008151,PERSON-8150,ordinary,False,,Entirely fictional test record
BEN-008152,PERSON-8151,ordinary,False,,Entirely fictional test record
BEN-008153,PERSON-8152,ordinary,False,,Entirely fictional test record
BEN-008154,PERSON-8153,ordinary,False,,Entirely fictional test record
BEN-008155,PERSON-8154,ordinary,False,,Entirely fictional test record
BEN-008156,PERSON-8155,ordinary,False,,Entirely fictional test record
BEN-008157,PERSON-8156,ordinary,False,,Entirely fictional test record
BEN-008158,PERSON-8157,ordinary,False,,Entirely fictional test record
BEN-008159,PERSON-8158,ordinary,False,,Entirely fictional test record
BEN-008160,PERSON-8159,ordinary,False,,Entirely fictional test record
BEN-008161,PERSON-8160,ordinary,False,,Entirely fictional test record
BEN-008162,PERSON-8161,ordinary,False,,Entirely fictional test record
BEN-008163,PERSON-8162,ordinary,False,,Entirely fictional test record
BEN-008164,PERSON-8163,ordinary,False,,Entirely fictional test record
BEN-008165,PERSON-8164,ordinary,False,,Entirely fictional test record
BEN-008166,PERSON-8165,ordinary,False,,Entirely fictional test record
BEN-008167,PERSON-8166,ordinary,False,,Entirely fictional test record
BEN-008168,PERSON-8167,ordinary,False,,Entirely fictional test record
BEN-008169,PERSON-8168,ordinary,False,,Entirely fictional test record
BEN-008170,PERSON-8169,ordinary,False,,Entirely fictional test record
BEN-008171,PERSON-8170,ordinary,False,,Entirely fictional test record
BEN-008172,PERSON-8171,ordinary,False,,Entirely fictional test record
BEN-008173,PERSON-8172,ordinary,False,,Entirely fictional test record
BEN-008174,PERSON-8173,ordinary,False,,Entirely fictional test record
BEN-008175,PERSON-8174,ordinary,False,,Entirely fictional test record
BEN-008176,PERSON-8175,ordinary,False,,Entirely fictional test record
BEN-008177,PERSON-8176,ordinary,False,,Entirely fictional test record
BEN-008178,PERSON-8177,ordinary,False,,Entirely fictional test record
BEN-008179,PERSON-8178,ordinary,False,,Entirely fictional test record
BEN-008180,PERSON-8179,ordinary,False,,Entirely fictional test record
BEN-008181,PERSON-8180,ordinary,False,,Entirely fictional test record
BEN-008182,PERSON-8181,ordinary,False,,Entirely fictional test record
BEN-008183,PERSON-8182,ordinary,False,,Entirely fictional test record
BEN-008184,PERSON-8183,ordinary,False,,Entirely fictional test record
BEN-008185,PERSON-8184,ordinary,False,,Entirely fictional test record
BEN-008186,PERSON-8185,ordinary,False,,Entirely fictional test record
BEN-008187,PERSON-8186,ordinary,False,,Entirely fictional test record
BEN-008188,PERSON-8187,ordinary,False,,Entirely fictional test record
BEN-008189,PERSON-8188,ordinary,False,,Entirely fictional test record
BEN-008190,PERSON-8189,ordinary,False,,Entirely fictional test record
BEN-008191,PERSON-8190,ordinary,False,,Entirely fictional test record
BEN-008192,PERSON-8191,ordinary,False,,Entirely fictional test record
BEN-008193,PERSON-8192,ordinary,False,,Entirely fictional test record
BEN-008194,PERSON-8193,ordinary,False,,Entirely fictional test record
BEN-008195,PERSON-8194,ordinary,False,,Entirely fictional test record
BEN-008196,PERSON-8195,ordinary,False,,Entirely fictional test record
BEN-008197,PERSON-8196,ordinary,False,,Entirely fictional test record
BEN-008198,PERSON-8197,ordinary,False,,Entirely fictional test record
BEN-008199,PERSON-8198,ordinary,False,,Entirely fictional test record
BEN-008200,PERSON-8199,ordinary,False,,Entirely fictional test record
BEN-008201,PERSON-8200,ordinary,False,,Entirely fictional test record
BEN-008202,PERSON-8201,ordinary,False,,Entirely fictional test record
BEN-008203,PERSON-8202,ordinary,False,,Entirely fictional test record
BEN-008204,PERSON-8203,ordinary,False,,Entirely fictional test record
BEN-008205,PERSON-8204,ordinary,False,,Entirely fictional test record
BEN-008206,PERSON-8205,ordinary,False,,Entirely fictional test record
BEN-008207,PERSON-8206,ordinary,False,,Entirely fictional test record
BEN-008208,PERSON-8207,ordinary,False,,Entirely fictional test record
BEN-008209,PERSON-8208,ordinary,False,,Entirely fictional test record
BEN-008210,PERSON-8209,ordinary,False,,Entirely fictional test record
BEN-008211,PERSON-8210,ordinary,False,,Entirely fictional test record
BEN-008212,PERSON-8211,ordinary,False,,Entirely fictional test record
BEN-008213,PERSON-8212,ordinary,False,,Entirely fictional test record
BEN-008214,PERSON-8213,ordinary,False,,Entirely fictional test record
BEN-008215,PERSON-8214,ordinary,False,,Entirely fictional test record
BEN-008216,PERSON-8215,ordinary,False,,Entirely fictional test record
BEN-008217,PERSON-8216,ordinary,False,,Entirely fictional test record
BEN-008218,PERSON-8217,ordinary,False,,Entirely fictional test record
BEN-008219,PERSON-8218,ordinary,False,,Entirely fictional test record
BEN-008220,PERSON-8219,ordinary,False,,Entirely fictional test record
BEN-008221,PERSON-8220,ordinary,False,,Entirely fictional test record
BEN-008222,PERSON-8221,ordinary,False,,Entirely fictional test record
BEN-008223,PERSON-8222,ordinary,False,,Entirely fictional test record
BEN-008224,PERSON-8223,ordinary,False,,Entirely fictional test record
BEN-008225,PERSON-8224,ordinary,False,,Entirely fictional test record
BEN-008226,PERSON-8225,ordinary,False,,Entirely fictional test record
BEN-008227,PERSON-8226,ordinary,False,,Entirely fictional test record
BEN-008228,PERSON-8227,ordinary,False,,Entirely fictional test record
BEN-008229,PERSON-8228,ordinary,False,,Entirely fictional test record
BEN-008230,PERSON-8229,ordinary,False,,Entirely fictional test record
BEN-008231,PERSON-8230,ordinary,False,,Entirely fictional test record
BEN-008232,PERSON-8231,ordinary,False,,Entirely fictional test record
BEN-008233,PERSON-8232,ordinary,False,,Entirely fictional test record
BEN-008234,PERSON-8233,ordinary,False,,Entirely fictional test record
BEN-008235,PERSON-8234,ordinary,False,,Entirely fictional test record
BEN-008236,PERSON-8235,ordinary,False,,Entirely fictional test record
BEN-008237,PERSON-8236,ordinary,False,,Entirely fictional test record
BEN-008238,PERSON-8237,ordinary,False,,Entirely fictional test record
BEN-008239,PERSON-8238,ordinary,False,,Entirely fictional test record
BEN-008240,PERSON-8239,ordinary,False,,Entirely fictional test record
BEN-008241,PERSON-8240,ordinary,False,,Entirely fictional test record
BEN-008242,PERSON-8241,ordinary,False,,Entirely fictional test record
BEN-008243,PERSON-8242,ordinary,False,,Entirely fictional test record
BEN-008244,PERSON-8243,ordinary,False,,Entirely fictional test record
BEN-008245,PERSON-8244,ordinary,False,,Entirely fictional test record
BEN-008246,PERSON-8245,ordinary,False,,Entirely fictional test record
BEN-008247,PERSON-8246,ordinary,False,,Entirely fictional test record
BEN-008248,PERSON-8247,ordinary,False,,Entirely fictional test record
BEN-008249,PERSON-8248,ordinary,False,,Entirely fictional test record
BEN-008250,PERSON-8249,ordinary,False,,Entirely fictional test record
BEN-008251,PERSON-8250,ordinary,False,,Entirely fictional test record
BEN-008252,PERSON-8251,ordinary,False,,Entirely fictional test record
BEN-008253,PERSON-8252,ordinary,False,,Entirely fictional test record
BEN-008254,PERSON-8253,ordinary,False,,Entirely fictional test record
BEN-008255,PERSON-8254,ordinary,False,,Entirely fictional test record
BEN-008256,PERSON-8255,ordinary,False,,Entirely fictional test record
BEN-008257,PERSON-8256,ordinary,False,,Entirely fictional test record
BEN-008258,PERSON-8257,ordinary,False,,Entirely fictional test record
BEN-008259,PERSON-8258,ordinary,False,,Entirely fictional test record
BEN-008260,PERSON-8259,ordinary,False,,Entirely fictional test record
BEN-008261,PERSON-8260,ordinary,False,,Entirely fictional test record
BEN-008262,PERSON-8261,ordinary,False,,Entirely fictional test record
BEN-008263,PERSON-8262,ordinary,False,,Entirely fictional test record
BEN-008264,PERSON-8263,ordinary,False,,Entirely fictional test record
BEN-008265,PERSON-8264,ordinary,False,,Entirely fictional test record
BEN-008266,PERSON-8265,ordinary,False,,Entirely fictional test record
BEN-008267,PERSON-8266,ordinary,False,,Entirely fictional test record
BEN-008268,PERSON-8267,ordinary,False,,Entirely fictional test record
BEN-008269,PERSON-8268,ordinary,False,,Entirely fictional test record
BEN-008270,PERSON-8269,ordinary,False,,Entirely fictional test record
BEN-008271,PERSON-8270,ordinary,False,,Entirely fictional test record
BEN-008272,PERSON-8271,ordinary,False,,Entirely fictional test record
BEN-008273,PERSON-8272,ordinary,False,,Entirely fictional test record
BEN-008274,PERSON-8273,ordinary,False,,Entirely fictional test record
BEN-008275,PERSON-8274,ordinary,False,,Entirely fictional test record
BEN-008276,PERSON-8275,ordinary,False,,Entirely fictional test record
BEN-008277,PERSON-8276,ordinary,False,,Entirely fictional test record
BEN-008278,PERSON-8277,ordinary,False,,Entirely fictional test record
BEN-008279,PERSON-8278,ordinary,False,,Entirely fictional test record
BEN-008280,PERSON-8279,ordinary,False,,Entirely fictional test record
BEN-008281,PERSON-8280,ordinary,False,,Entirely fictional test record
BEN-008282,PERSON-8281,ordinary,False,,Entirely fictional test record
BEN-008283,PERSON-8282,ordinary,False,,Entirely fictional test record
BEN-008284,PERSON-8283,ordinary,False,,Entirely fictional test record
BEN-008285,PERSON-8284,ordinary,False,,Entirely fictional test record
BEN-008286,PERSON-8285,ordinary,False,,Entirely fictional test record
BEN-008287,PERSON-8286,ordinary,False,,Entirely fictional test record
BEN-008288,PERSON-8287,ordinary,False,,Entirely fictional test record
BEN-008289,PERSON-8288,ordinary,False,,Entirely fictional test record
BEN-008290,PERSON-8289,ordinary,False,,Entirely fictional test record
BEN-008291,PERSON-8290,ordinary,False,,Entirely fictional test record
BEN-008292,PERSON-8291,ordinary,False,,Entirely fictional test record
BEN-008293,PERSON-8292,ordinary,False,,Entirely fictional test record
BEN-008294,PERSON-8293,ordinary,False,,Entirely fictional test record
BEN-008295,PERSON-8294,ordinary,False,,Entirely fictional test record
BEN-008296,PERSON-8295,ordinary,False,,Entirely fictional test record
BEN-008297,PERSON-8296,ordinary,False,,Entirely fictional test record
BEN-008298,PERSON-8297,ordinary,False,,Entirely fictional test record
BEN-008299,PERSON-8298,ordinary,False,,Entirely fictional test record
BEN-008300,PERSON-8299,ordinary,False,,Entirely fictional test record
BEN-008301,PERSON-8300,ordinary,False,,Entirely fictional test record
BEN-008302,PERSON-8301,ordinary,False,,Entirely fictional test record
BEN-008303,PERSON-8302,ordinary,False,,Entirely fictional test record
BEN-008304,PERSON-8303,ordinary,False,,Entirely fictional test record
BEN-008305,PERSON-8304,ordinary,False,,Entirely fictional test record
BEN-008306,PERSON-8305,ordinary,False,,Entirely fictional test record
BEN-008307,PERSON-8306,ordinary,False,,Entirely fictional test record
BEN-008308,PERSON-8307,ordinary,False,,Entirely fictional test record
BEN-008309,PERSON-8308,ordinary,False,,Entirely fictional test record
BEN-008310,PERSON-8309,ordinary,False,,Entirely fictional test record
BEN-008311,PERSON-8310,ordinary,False,,Entirely fictional test record
BEN-008312,PERSON-8311,ordinary,False,,Entirely fictional test record
BEN-008313,PERSON-8312,ordinary,False,,Entirely fictional test record
BEN-008314,PERSON-8313,ordinary,False,,Entirely fictional test record
BEN-008315,PERSON-8314,ordinary,False,,Entirely fictional test record
BEN-008316,PERSON-8315,ordinary,False,,Entirely fictional test record
BEN-008317,PERSON-8316,ordinary,False,,Entirely fictional test record
BEN-008318,PERSON-8317,ordinary,False,,Entirely fictional test record
BEN-008319,PERSON-8318,ordinary,False,,Entirely fictional test record
BEN-008320,PERSON-8319,ordinary,False,,Entirely fictional test record
BEN-008321,PERSON-8320,ordinary,False,,Entirely fictional test record
BEN-008322,PERSON-8321,ordinary,False,,Entirely fictional test record
BEN-008323,PERSON-8322,ordinary,False,,Entirely fictional test record
BEN-008324,PERSON-8323,ordinary,False,,Entirely fictional test record
BEN-008325,PERSON-8324,ordinary,False,,Entirely fictional test record
BEN-008326,PERSON-8325,ordinary,False,,Entirely fictional test record
BEN-008327,PERSON-8326,ordinary,False,,Entirely fictional test record
BEN-008328,PERSON-8327,ordinary,False,,Entirely fictional test record
BEN-008329,PERSON-8328,ordinary,False,,Entirely fictional test record
BEN-008330,PERSON-8329,ordinary,False,,Entirely fictional test record
BEN-008331,PERSON-8330,ordinary,False,,Entirely fictional test record
BEN-008332,PERSON-8331,ordinary,False,,Entirely fictional test record
BEN-008333,PERSON-8332,ordinary,False,,Entirely fictional test record
BEN-008334,PERSON-8333,ordinary,False,,Entirely fictional test record
BEN-008335,PERSON-8334,ordinary,False,,Entirely fictional test record
BEN-008336,PERSON-8335,ordinary,False,,Entirely fictional test record
BEN-008337,PERSON-8336,ordinary,False,,Entirely fictional test record
BEN-008338,PERSON-8337,ordinary,False,,Entirely fictional test record
BEN-008339,PERSON-8338,ordinary,False,,Entirely fictional test record
BEN-008340,PERSON-8339,ordinary,False,,Entirely fictional test record
BEN-008341,PERSON-8340,ordinary,False,,Entirely fictional test record
BEN-008342,PERSON-8341,ordinary,False,,Entirely fictional test record
BEN-008343,PERSON-8342,ordinary,False,,Entirely fictional test record
BEN-008344,PERSON-8343,ordinary,False,,Entirely fictional test record
BEN-008345,PERSON-8344,ordinary,False,,Entirely fictional test record
BEN-008346,PERSON-8345,ordinary,False,,Entirely fictional test record
BEN-008347,PERSON-8346,ordinary,False,,Entirely fictional test record
BEN-008348,PERSON-8347,ordinary,False,,Entirely fictional test record
BEN-008349,PERSON-8348,ordinary,False,,Entirely fictional test record
BEN-008350,PERSON-8349,ordinary,False,,Entirely fictional test record
BEN-008351,PERSON-8350,ordinary,False,,Entirely fictional test record
BEN-008352,PERSON-8351,ordinary,False,,Entirely fictional test record
BEN-008353,PERSON-8352,ordinary,False,,Entirely fictional test record
BEN-008354,PERSON-8353,ordinary,False,,Entirely fictional test record
BEN-008355,PERSON-8354,ordinary,False,,Entirely fictional test record
BEN-008356,PERSON-8355,ordinary,False,,Entirely fictional test record
BEN-008357,PERSON-8356,ordinary,False,,Entirely fictional test record
BEN-008358,PERSON-8357,ordinary,False,,Entirely fictional test record
BEN-008359,PERSON-8358,ordinary,False,,Entirely fictional test record
BEN-008360,PERSON-8359,ordinary,False,,Entirely fictional test record
BEN-008361,PERSON-8360,ordinary,False,,Entirely fictional test record
BEN-008362,PERSON-8361,ordinary,False,,Entirely fictional test record
BEN-008363,PERSON-8362,ordinary,False,,Entirely fictional test record
BEN-008364,PERSON-8363,ordinary,False,,Entirely fictional test record
BEN-008365,PERSON-8364,ordinary,False,,Entirely fictional test record
BEN-008366,PERSON-8365,ordinary,False,,Entirely fictional test record
BEN-008367,PERSON-8366,ordinary,False,,Entirely fictional test record
BEN-008368,PERSON-8367,ordinary,False,,Entirely fictional test record
BEN-008369,PERSON-8368,ordinary,False,,Entirely fictional test record
BEN-008370,PERSON-8369,ordinary,False,,Entirely fictional test record
BEN-008371,PERSON-8370,ordinary,False,,Entirely fictional test record
BEN-008372,PERSON-8371,ordinary,False,,Entirely fictional test record
BEN-008373,PERSON-8372,ordinary,False,,Entirely fictional test record
BEN-008374,PERSON-8373,ordinary,False,,Entirely fictional test record
BEN-008375,PERSON-8374,ordinary,False,,Entirely fictional test record
BEN-008376,PERSON-8375,ordinary,False,,Entirely fictional test record
BEN-008377,PERSON-8376,ordinary,False,,Entirely fictional test record
BEN-008378,PERSON-8377,ordinary,False,,Entirely fictional test record
BEN-008379,PERSON-8378,ordinary,False,,Entirely fictional test record
BEN-008380,PERSON-8379,ordinary,False,,Entirely fictional test record
BEN-008381,PERSON-8380,ordinary,False,,Entirely fictional test record
BEN-008382,PERSON-8381,ordinary,False,,Entirely fictional test record
BEN-008383,PERSON-8382,ordinary,False,,Entirely fictional test record
BEN-008384,PERSON-8383,ordinary,False,,Entirely fictional test record
BEN-008385,PERSON-8384,ordinary,False,,Entirely fictional test record
BEN-008386,PERSON-8385,ordinary,False,,Entirely fictional test record
BEN-008387,PERSON-8386,ordinary,False,,Entirely fictional test record
BEN-008388,PERSON-8387,ordinary,False,,Entirely fictional test record
BEN-008389,PERSON-8388,ordinary,False,,Entirely fictional test record
BEN-008390,PERSON-8389,ordinary,False,,Entirely fictional test record
BEN-008391,PERSON-8390,ordinary,False,,Entirely fictional test record
BEN-008392,PERSON-8391,ordinary,False,,Entirely fictional test record
BEN-008393,PERSON-8392,ordinary,False,,Entirely fictional test record
BEN-008394,PERSON-8393,ordinary,False,,Entirely fictional test record
BEN-008395,PERSON-8394,ordinary,False,,Entirely fictional test record
BEN-008396,PERSON-8395,ordinary,False,,Entirely fictional test record
BEN-008397,PERSON-8396,ordinary,False,,Entirely fictional test record
BEN-008398,PERSON-8397,ordinary,False,,Entirely fictional test record
BEN-008399,PERSON-8398,ordinary,False,,Entirely fictional test record
BEN-008400,PERSON-8399,ordinary,False,,Entirely fictional test record
BEN-008401,PERSON-8400,ordinary,False,,Entirely fictional test record
BEN-008402,PERSON-8401,ordinary,False,,Entirely fictional test record
BEN-008403,PERSON-8402,ordinary,False,,Entirely fictional test record
BEN-008404,PERSON-8403,ordinary,False,,Entirely fictional test record
BEN-008405,PERSON-8404,ordinary,False,,Entirely fictional test record
BEN-008406,PERSON-8405,ordinary,False,,Entirely fictional test record
BEN-008407,PERSON-8406,ordinary,False,,Entirely fictional test record
BEN-008408,PERSON-8407,ordinary,False,,Entirely fictional test record
BEN-008409,PERSON-8408,ordinary,False,,Entirely fictional test record
BEN-008410,PERSON-8409,ordinary,False,,Entirely fictional test record
BEN-008411,PERSON-8410,ordinary,False,,Entirely fictional test record
BEN-008412,PERSON-8411,ordinary,False,,Entirely fictional test record
BEN-008413,PERSON-8412,ordinary,False,,Entirely fictional test record
BEN-008414,PERSON-8413,ordinary,False,,Entirely fictional test record
BEN-008415,PERSON-8414,ordinary,False,,Entirely fictional test record
BEN-008416,PERSON-8415,ordinary,False,,Entirely fictional test record
BEN-008417,PERSON-8416,ordinary,False,,Entirely fictional test record
BEN-008418,PERSON-8417,ordinary,False,,Entirely fictional test record
BEN-008419,PERSON-8418,ordinary,False,,Entirely fictional test record
BEN-008420,PERSON-8419,ordinary,False,,Entirely fictional test record
BEN-008421,PERSON-8420,ordinary,False,,Entirely fictional test record
BEN-008422,PERSON-8421,ordinary,False,,Entirely fictional test record
BEN-008423,PERSON-8422,ordinary,False,,Entirely fictional test record
BEN-008424,PERSON-8423,ordinary,False,,Entirely fictional test record
BEN-008425,PERSON-8424,ordinary,False,,Entirely fictional test record
BEN-008426,PERSON-8425,ordinary,False,,Entirely fictional test record
BEN-008427,PERSON-8426,ordinary,False,,Entirely fictional test record
BEN-008428,PERSON-8427,ordinary,False,,Entirely fictional test record
BEN-008429,PERSON-8428,ordinary,False,,Entirely fictional test record
BEN-008430,PERSON-8429,ordinary,False,,Entirely fictional test record
BEN-008431,PERSON-8430,ordinary,False,,Entirely fictional test record
BEN-008432,PERSON-8431,ordinary,False,,Entirely fictional test record
BEN-008433,PERSON-8432,ordinary,False,,Entirely fictional test record
BEN-008434,PERSON-8433,ordinary,False,,Entirely fictional test record
BEN-008435,PERSON-8434,ordinary,False,,Entirely fictional test record
BEN-008436,PERSON-8435,ordinary,False,,Entirely fictional test record
BEN-008437,PERSON-8436,ordinary,False,,Entirely fictional test record
BEN-008438,PERSON-8437,ordinary,False,,Entirely fictional test record
BEN-008439,PERSON-8438,ordinary,False,,Entirely fictional test record
BEN-008440,PERSON-8439,ordinary,False,,Entirely fictional test record
BEN-008441,PERSON-8440,ordinary,False,,Entirely fictional test record
BEN-008442,PERSON-8441,ordinary,False,,Entirely fictional test record
BEN-008443,PERSON-8442,ordinary,False,,Entirely fictional test record
BEN-008444,PERSON-8443,ordinary,False,,Entirely fictional test record
BEN-008445,PERSON-8444,ordinary,False,,Entirely fictional test record
BEN-008446,PERSON-8445,ordinary,False,,Entirely fictional test record
BEN-008447,PERSON-8446,ordinary,False,,Entirely fictional test record
BEN-008448,PERSON-8447,ordinary,False,,Entirely fictional test record
BEN-008449,PERSON-8448,ordinary,False,,Entirely fictional test record
BEN-008450,PERSON-8449,ordinary,False,,Entirely fictional test record
BEN-008451,PERSON-8450,ordinary,False,,Entirely fictional test record
BEN-008452,PERSON-8451,ordinary,False,,Entirely fictional test record
BEN-008453,PERSON-8452,ordinary,False,,Entirely fictional test record
BEN-008454,PERSON-8453,ordinary,False,,Entirely fictional test record
BEN-008455,PERSON-8454,ordinary,False,,Entirely fictional test record
BEN-008456,PERSON-8455,ordinary,False,,Entirely fictional test record
BEN-008457,PERSON-8456,ordinary,False,,Entirely fictional test record
BEN-008458,PERSON-8457,ordinary,False,,Entirely fictional test record
BEN-008459,PERSON-8458,ordinary,False,,Entirely fictional test record
BEN-008460,PERSON-8459,ordinary,False,,Entirely fictional test record
BEN-008461,PERSON-8460,ordinary,False,,Entirely fictional test record
BEN-008462,PERSON-8461,ordinary,False,,Entirely fictional test record
BEN-008463,PERSON-8462,ordinary,False,,Entirely fictional test record
BEN-008464,PERSON-8463,ordinary,False,,Entirely fictional test record
BEN-008465,PERSON-8464,ordinary,False,,Entirely fictional test record
BEN-008466,PERSON-8465,ordinary,False,,Entirely fictional test record
BEN-008467,PERSON-8466,ordinary,False,,Entirely fictional test record
BEN-008468,PERSON-8467,ordinary,False,,Entirely fictional test record
BEN-008469,PERSON-8468,ordinary,False,,Entirely fictional test record
BEN-008470,PERSON-8469,ordinary,False,,Entirely fictional test record
BEN-008471,PERSON-8470,ordinary,False,,Entirely fictional test record
BEN-008472,PERSON-8471,ordinary,False,,Entirely fictional test record
BEN-008473,PERSON-8472,ordinary,False,,Entirely fictional test record
BEN-008474,PERSON-8473,ordinary,False,,Entirely fictional test record
BEN-008475,PERSON-8474,ordinary,False,,Entirely fictional test record
BEN-008476,PERSON-8475,ordinary,False,,Entirely fictional test record
BEN-008477,PERSON-8476,ordinary,False,,Entirely fictional test record
BEN-008478,PERSON-8477,ordinary,False,,Entirely fictional test record
BEN-008479,PERSON-8478,ordinary,False,,Entirely fictional test record
BEN-008480,PERSON-8479,ordinary,False,,Entirely fictional test record
BEN-008481,PERSON-8480,ordinary,False,,Entirely fictional test record
BEN-008482,PERSON-8481,ordinary,False,,Entirely fictional test record
BEN-008483,PERSON-8482,ordinary,False,,Entirely fictional test record
BEN-008484,PERSON-8483,ordinary,False,,Entirely fictional test record
BEN-008485,PERSON-8484,ordinary,False,,Entirely fictional test record
BEN-008486,PERSON-8485,ordinary,False,,Entirely fictional test record
BEN-008487,PERSON-8486,ordinary,False,,Entirely fictional test record
BEN-008488,PERSON-8487,ordinary,False,,Entirely fictional test record
BEN-008489,PERSON-8488,ordinary,False,,Entirely fictional test record
BEN-008490,PERSON-8489,ordinary,False,,Entirely fictional test record
BEN-008491,PERSON-8490,ordinary,False,,Entirely fictional test record
BEN-008492,PERSON-8491,ordinary,False,,Entirely fictional test record
BEN-008493,PERSON-8492,ordinary,False,,Entirely fictional test record
BEN-008494,PERSON-8493,ordinary,False,,Entirely fictional test record
BEN-008495,PERSON-8494,ordinary,False,,Entirely fictional test record
BEN-008496,PERSON-8495,ordinary,False,,Entirely fictional test record
BEN-008497,PERSON-8496,ordinary,False,,Entirely fictional test record
BEN-008498,PERSON-8497,ordinary,False,,Entirely fictional test record
BEN-008499,PERSON-8498,ordinary,False,,Entirely fictional test record
BEN-008500,PERSON-8499,ordinary,False,,Entirely fictional test record
BEN-008501,PERSON-8500,ordinary,False,,Entirely fictional test record
BEN-008502,PERSON-8501,ordinary,False,,Entirely fictional test record
BEN-008503,PERSON-8502,ordinary,False,,Entirely fictional test record
BEN-008504,PERSON-8503,ordinary,False,,Entirely fictional test record
BEN-008505,PERSON-8504,ordinary,False,,Entirely fictional test record
BEN-008506,PERSON-8505,ordinary,False,,Entirely fictional test record
BEN-008507,PERSON-8506,ordinary,False,,Entirely fictional test record
BEN-008508,PERSON-8507,ordinary,False,,Entirely fictional test record
BEN-008509,PERSON-8508,ordinary,False,,Entirely fictional test record
BEN-008510,PERSON-8509,ordinary,False,,Entirely fictional test record
BEN-008511,PERSON-8510,ordinary,False,,Entirely fictional test record
BEN-008512,PERSON-8511,ordinary,False,,Entirely fictional test record
BEN-008513,PERSON-8512,ordinary,False,,Entirely fictional test record
BEN-008514,PERSON-8513,ordinary,False,,Entirely fictional test record
BEN-008515,PERSON-8514,ordinary,False,,Entirely fictional test record
BEN-008516,PERSON-8515,ordinary,False,,Entirely fictional test record
BEN-008517,PERSON-8516,ordinary,False,,Entirely fictional test record
BEN-008518,PERSON-8517,ordinary,False,,Entirely fictional test record
BEN-008519,PERSON-8518,ordinary,False,,Entirely fictional test record
BEN-008520,PERSON-8519,ordinary,False,,Entirely fictional test record
BEN-008521,PERSON-8520,ordinary,False,,Entirely fictional test record
BEN-008522,PERSON-8521,ordinary,False,,Entirely fictional test record
BEN-008523,PERSON-8522,ordinary,False,,Entirely fictional test record
BEN-008524,PERSON-8523,ordinary,False,,Entirely fictional test record
BEN-008525,PERSON-8524,ordinary,False,,Entirely fictional test record
BEN-008526,PERSON-8525,ordinary,False,,Entirely fictional test record
BEN-008527,PERSON-8526,ordinary,False,,Entirely fictional test record
BEN-008528,PERSON-8527,ordinary,False,,Entirely fictional test record
BEN-008529,PERSON-8528,ordinary,False,,Entirely fictional test record
BEN-008530,PERSON-8529,ordinary,False,,Entirely fictional test record
BEN-008531,PERSON-8530,ordinary,False,,Entirely fictional test record
BEN-008532,PERSON-8531,ordinary,False,,Entirely fictional test record
BEN-008533,PERSON-8532,ordinary,False,,Entirely fictional test record
BEN-008534,PERSON-8533,ordinary,False,,Entirely fictional test record
BEN-008535,PERSON-8534,ordinary,False,,Entirely fictional test record
BEN-008536,PERSON-8535,ordinary,False,,Entirely fictional test record
BEN-008537,PERSON-8536,ordinary,False,,Entirely fictional test record
BEN-008538,PERSON-8537,ordinary,False,,Entirely fictional test record
BEN-008539,PERSON-8538,ordinary,False,,Entirely fictional test record
BEN-008540,PERSON-8539,ordinary,False,,Entirely fictional test record
BEN-008541,PERSON-8540,ordinary,False,,Entirely fictional test record
BEN-008542,PERSON-8541,ordinary,False,,Entirely fictional test record
BEN-008543,PERSON-8542,ordinary,False,,Entirely fictional test record
BEN-008544,PERSON-8543,ordinary,False,,Entirely fictional test record
BEN-008545,PERSON-8544,ordinary,False,,Entirely fictional test record
BEN-008546,PERSON-8545,ordinary,False,,Entirely fictional test record
BEN-008547,PERSON-8546,ordinary,False,,Entirely fictional test record
BEN-008548,PERSON-8547,ordinary,False,,Entirely fictional test record
BEN-008549,PERSON-8548,ordinary,False,,Entirely fictional test record
BEN-008550,PERSON-8549,ordinary,False,,Entirely fictional test record
BEN-008551,PERSON-8550,ordinary,False,,Entirely fictional test record
BEN-008552,PERSON-8551,ordinary,False,,Entirely fictional test record
BEN-008553,PERSON-8552,ordinary,False,,Entirely fictional test record
BEN-008554,PERSON-8553,ordinary,False,,Entirely fictional test record
BEN-008555,PERSON-8554,ordinary,False,,Entirely fictional test record
BEN-008556,PERSON-8555,ordinary,False,,Entirely fictional test record
BEN-008557,PERSON-8556,ordinary,False,,Entirely fictional test record
BEN-008558,PERSON-8557,ordinary,False,,Entirely fictional test record
BEN-008559,PERSON-8558,ordinary,False,,Entirely fictional test record
BEN-008560,PERSON-8559,ordinary,False,,Entirely fictional test record
BEN-008561,PERSON-8560,ordinary,False,,Entirely fictional test record
BEN-008562,PERSON-8561,ordinary,False,,Entirely fictional test record
BEN-008563,PERSON-8562,ordinary,False,,Entirely fictional test record
BEN-008564,PERSON-8563,ordinary,False,,Entirely fictional test record
BEN-008565,PERSON-8564,ordinary,False,,Entirely fictional test record
BEN-008566,PERSON-8565,ordinary,False,,Entirely fictional test record
BEN-008567,PERSON-8566,ordinary,False,,Entirely fictional test record
BEN-008568,PERSON-8567,ordinary,False,,Entirely fictional test record
BEN-008569,PERSON-8568,ordinary,False,,Entirely fictional test record
BEN-008570,PERSON-8569,ordinary,False,,Entirely fictional test record
BEN-008571,PERSON-8570,ordinary,False,,Entirely fictional test record
BEN-008572,PERSON-8571,ordinary,False,,Entirely fictional test record
BEN-008573,PERSON-8572,ordinary,False,,Entirely fictional test record
BEN-008574,PERSON-8573,ordinary,False,,Entirely fictional test record
BEN-008575,PERSON-8574,ordinary,False,,Entirely fictional test record
BEN-008576,PERSON-8575,ordinary,False,,Entirely fictional test record
BEN-008577,PERSON-8576,ordinary,False,,Entirely fictional test record
BEN-008578,PERSON-8577,ordinary,False,,Entirely fictional test record
BEN-008579,PERSON-8578,ordinary,False,,Entirely fictional test record
BEN-008580,PERSON-8579,ordinary,False,,Entirely fictional test record
BEN-008581,PERSON-8580,ordinary,False,,Entirely fictional test record
BEN-008582,PERSON-8581,ordinary,False,,Entirely fictional test record
BEN-008583,PERSON-8582,ordinary,False,,Entirely fictional test record
BEN-008584,PERSON-8583,ordinary,False,,Entirely fictional test record
BEN-008585,PERSON-8584,ordinary,False,,Entirely fictional test record
BEN-008586,PERSON-8585,ordinary,False,,Entirely fictional test record
BEN-008587,PERSON-8586,ordinary,False,,Entirely fictional test record
BEN-008588,PERSON-8587,ordinary,False,,Entirely fictional test record
BEN-008589,PERSON-8588,ordinary,False,,Entirely fictional test record
BEN-008590,PERSON-8589,ordinary,False,,Entirely fictional test record
BEN-008591,PERSON-8590,ordinary,False,,Entirely fictional test record
BEN-008592,PERSON-8591,ordinary,False,,Entirely fictional test record
BEN-008593,PERSON-8592,ordinary,False,,Entirely fictional test record
BEN-008594,PERSON-8593,ordinary,False,,Entirely fictional test record
BEN-008595,PERSON-8594,ordinary,False,,Entirely fictional test record
BEN-008596,PERSON-8595,ordinary,False,,Entirely fictional test record
BEN-008597,PERSON-8596,ordinary,False,,Entirely fictional test record
BEN-008598,PERSON-8597,ordinary,False,,Entirely fictional test record
BEN-008599,PERSON-8598,ordinary,False,,Entirely fictional test record
BEN-008600,PERSON-8599,ordinary,False,,Entirely fictional test record
BEN-008601,PERSON-8600,ordinary,False,,Entirely fictional test record
BEN-008602,PERSON-8601,ordinary,False,,Entirely fictional test record
BEN-008603,PERSON-8602,ordinary,False,,Entirely fictional test record
BEN-008604,PERSON-8603,ordinary,False,,Entirely fictional test record
BEN-008605,PERSON-8604,ordinary,False,,Entirely fictional test record
BEN-008606,PERSON-8605,ordinary,False,,Entirely fictional test record
BEN-008607,PERSON-8606,ordinary,False,,Entirely fictional test record
BEN-008608,PERSON-8607,ordinary,False,,Entirely fictional test record
BEN-008609,PERSON-8608,ordinary,False,,Entirely fictional test record
BEN-008610,PERSON-8609,ordinary,False,,Entirely fictional test record
BEN-008611,PERSON-8610,ordinary,False,,Entirely fictional test record
BEN-008612,PERSON-8611,ordinary,False,,Entirely fictional test record
BEN-008613,PERSON-8612,ordinary,False,,Entirely fictional test record
BEN-008614,PERSON-8613,ordinary,False,,Entirely fictional test record
BEN-008615,PERSON-8614,ordinary,False,,Entirely fictional test record
BEN-008616,PERSON-8615,ordinary,False,,Entirely fictional test record
BEN-008617,PERSON-8616,ordinary,False,,Entirely fictional test record
BEN-008618,PERSON-8617,ordinary,False,,Entirely fictional test record
BEN-008619,PERSON-8618,ordinary,False,,Entirely fictional test record
BEN-008620,PERSON-8619,ordinary,False,,Entirely fictional test record
BEN-008621,PERSON-8620,ordinary,False,,Entirely fictional test record
BEN-008622,PERSON-8621,ordinary,False,,Entirely fictional test record
BEN-008623,PERSON-8622,ordinary,False,,Entirely fictional test record
BEN-008624,PERSON-8623,ordinary,False,,Entirely fictional test record
BEN-008625,PERSON-8624,ordinary,False,,Entirely fictional test record
BEN-008626,PERSON-8625,ordinary,False,,Entirely fictional test record
BEN-008627,PERSON-8626,ordinary,False,,Entirely fictional test record
BEN-008628,PERSON-8627,ordinary,False,,Entirely fictional test record
BEN-008629,PERSON-8628,ordinary,False,,Entirely fictional test record
BEN-008630,PERSON-8629,ordinary,False,,Entirely fictional test record
BEN-008631,PERSON-8630,ordinary,False,,Entirely fictional test record
BEN-008632,PERSON-8631,ordinary,False,,Entirely fictional test record
BEN-008633,PERSON-8632,ordinary,False,,Entirely fictional test record
BEN-008634,PERSON-8633,ordinary,False,,Entirely fictional test record
BEN-008635,PERSON-8634,ordinary,False,,Entirely fictional test record
BEN-008636,PERSON-8635,ordinary,False,,Entirely fictional test record
BEN-008637,PERSON-8636,ordinary,False,,Entirely fictional test record
BEN-008638,PERSON-8637,ordinary,False,,Entirely fictional test record
BEN-008639,PERSON-8638,ordinary,False,,Entirely fictional test record
BEN-008640,PERSON-8639,ordinary,False,,Entirely fictional test record
BEN-008641,PERSON-8640,ordinary,False,,Entirely fictional test record
BEN-008642,PERSON-8641,ordinary,False,,Entirely fictional test record
BEN-008643,PERSON-8642,ordinary,False,,Entirely fictional test record
BEN-008644,PERSON-8643,ordinary,False,,Entirely fictional test record
BEN-008645,PERSON-8644,ordinary,False,,Entirely fictional test record
BEN-008646,PERSON-8645,ordinary,False,,Entirely fictional test record
BEN-008647,PERSON-8646,ordinary,False,,Entirely fictional test record
BEN-008648,PERSON-8647,ordinary,False,,Entirely fictional test record
BEN-008649,PERSON-8648,ordinary,False,,Entirely fictional test record
BEN-008650,PERSON-8649,ordinary,False,,Entirely fictional test record
BEN-008651,PERSON-8650,ordinary,False,,Entirely fictional test record
BEN-008652,PERSON-8651,ordinary,False,,Entirely fictional test record
BEN-008653,PERSON-8652,ordinary,False,,Entirely fictional test record
BEN-008654,PERSON-8653,ordinary,False,,Entirely fictional test record
BEN-008655,PERSON-8654,ordinary,False,,Entirely fictional test record
BEN-008656,PERSON-8655,ordinary,False,,Entirely fictional test record
BEN-008657,PERSON-8656,ordinary,False,,Entirely fictional test record
BEN-008658,PERSON-8657,ordinary,False,,Entirely fictional test record
BEN-008659,PERSON-8658,ordinary,False,,Entirely fictional test record
BEN-008660,PERSON-8659,ordinary,False,,Entirely fictional test record
BEN-008661,PERSON-8660,ordinary,False,,Entirely fictional test record
BEN-008662,PERSON-8661,ordinary,False,,Entirely fictional test record
BEN-008663,PERSON-8662,ordinary,False,,Entirely fictional test record
BEN-008664,PERSON-8663,ordinary,False,,Entirely fictional test record
BEN-008665,PERSON-8664,ordinary,False,,Entirely fictional test record
BEN-008666,PERSON-8665,ordinary,False,,Entirely fictional test record
BEN-008667,PERSON-8666,ordinary,False,,Entirely fictional test record
BEN-008668,PERSON-8667,ordinary,False,,Entirely fictional test record
BEN-008669,PERSON-8668,ordinary,False,,Entirely fictional test record
BEN-008670,PERSON-8669,ordinary,False,,Entirely fictional test record
BEN-008671,PERSON-8670,ordinary,False,,Entirely fictional test record
BEN-008672,PERSON-8671,ordinary,False,,Entirely fictional test record
BEN-008673,PERSON-8672,ordinary,False,,Entirely fictional test record
BEN-008674,PERSON-8673,ordinary,False,,Entirely fictional test record
BEN-008675,PERSON-8674,ordinary,False,,Entirely fictional test record
BEN-008676,PERSON-8675,ordinary,False,,Entirely fictional test record
BEN-008677,PERSON-8676,ordinary,False,,Entirely fictional test record
BEN-008678,PERSON-8677,ordinary,False,,Entirely fictional test record
BEN-008679,PERSON-8678,ordinary,False,,Entirely fictional test record
BEN-008680,PERSON-8679,ordinary,False,,Entirely fictional test record
BEN-008681,PERSON-8680,ordinary,False,,Entirely fictional test record
BEN-008682,PERSON-8681,ordinary,False,,Entirely fictional test record
BEN-008683,PERSON-8682,ordinary,False,,Entirely fictional test record
BEN-008684,PERSON-8683,ordinary,False,,Entirely fictional test record
BEN-008685,PERSON-8684,ordinary,False,,Entirely fictional test record
BEN-008686,PERSON-8685,ordinary,False,,Entirely fictional test record
BEN-008687,PERSON-8686,ordinary,False,,Entirely fictional test record
BEN-008688,PERSON-8687,ordinary,False,,Entirely fictional test record
BEN-008689,PERSON-8688,ordinary,False,,Entirely fictional test record
BEN-008690,PERSON-8689,ordinary,False,,Entirely fictional test record
BEN-008691,PERSON-8690,ordinary,False,,Entirely fictional test record
BEN-008692,PERSON-8691,ordinary,False,,Entirely fictional test record
BEN-008693,PERSON-8692,ordinary,False,,Entirely fictional test record
BEN-008694,PERSON-8693,ordinary,False,,Entirely fictional test record
BEN-008695,PERSON-8694,ordinary,False,,Entirely fictional test record
BEN-008696,PERSON-8695,ordinary,False,,Entirely fictional test record
BEN-008697,PERSON-8696,ordinary,False,,Entirely fictional test record
BEN-008698,PERSON-8697,ordinary,False,,Entirely fictional test record
BEN-008699,PERSON-8698,ordinary,False,,Entirely fictional test record
BEN-008700,PERSON-8699,ordinary,False,,Entirely fictional test record
BEN-008701,PERSON-8700,ordinary,False,,Entirely fictional test record
BEN-008702,PERSON-8701,ordinary,False,,Entirely fictional test record
BEN-008703,PERSON-8702,ordinary,False,,Entirely fictional test record
BEN-008704,PERSON-8703,ordinary,False,,Entirely fictional test record
BEN-008705,PERSON-8704,ordinary,False,,Entirely fictional test record
BEN-008706,PERSON-8705,ordinary,False,,Entirely fictional test record
BEN-008707,PERSON-8706,ordinary,False,,Entirely fictional test record
BEN-008708,PERSON-8707,ordinary,False,,Entirely fictional test record
BEN-008709,PERSON-8708,ordinary,False,,Entirely fictional test record
BEN-008710,PERSON-8709,ordinary,False,,Entirely fictional test record
BEN-008711,PERSON-8710,ordinary,False,,Entirely fictional test record
BEN-008712,PERSON-8711,ordinary,False,,Entirely fictional test record
BEN-008713,PERSON-8712,ordinary,False,,Entirely fictional test record
BEN-008714,PERSON-8713,ordinary,False,,Entirely fictional test record
BEN-008715,PERSON-8714,ordinary,False,,Entirely fictional test record
BEN-008716,PERSON-8715,ordinary,False,,Entirely fictional test record
BEN-008717,PERSON-8716,ordinary,False,,Entirely fictional test record
BEN-008718,PERSON-8717,ordinary,False,,Entirely fictional test record
BEN-008719,PERSON-8718,ordinary,False,,Entirely fictional test record
BEN-008720,PERSON-8719,ordinary,False,,Entirely fictional test record
BEN-008721,PERSON-8720,ordinary,False,,Entirely fictional test record
BEN-008722,PERSON-8721,ordinary,False,,Entirely fictional test record
BEN-008723,PERSON-8722,ordinary,False,,Entirely fictional test record
BEN-008724,PERSON-8723,ordinary,False,,Entirely fictional test record
BEN-008725,PERSON-8724,ordinary,False,,Entirely fictional test record
BEN-008726,PERSON-8725,ordinary,False,,Entirely fictional test record
BEN-008727,PERSON-8726,ordinary,False,,Entirely fictional test record
BEN-008728,PERSON-8727,ordinary,False,,Entirely fictional test record
BEN-008729,PERSON-8728,ordinary,False,,Entirely fictional test record
BEN-008730,PERSON-8729,ordinary,False,,Entirely fictional test record
BEN-008731,PERSON-8730,ordinary,False,,Entirely fictional test record
BEN-008732,PERSON-8731,ordinary,False,,Entirely fictional test record
BEN-008733,PERSON-8732,ordinary,False,,Entirely fictional test record
BEN-008734,PERSON-8733,ordinary,False,,Entirely fictional test record
BEN-008735,PERSON-8734,ordinary,False,,Entirely fictional test record
BEN-008736,PERSON-8735,ordinary,False,,Entirely fictional test record
BEN-008737,PERSON-8736,ordinary,False,,Entirely fictional test record
BEN-008738,PERSON-8737,ordinary,False,,Entirely fictional test record
BEN-008739,PERSON-8738,ordinary,False,,Entirely fictional test record
BEN-008740,PERSON-8739,ordinary,False,,Entirely fictional test record
BEN-008741,PERSON-8740,ordinary,False,,Entirely fictional test record
BEN-008742,PERSON-8741,ordinary,False,,Entirely fictional test record
BEN-008743,PERSON-8742,ordinary,False,,Entirely fictional test record
BEN-008744,PERSON-8743,ordinary,False,,Entirely fictional test record
BEN-008745,PERSON-8744,ordinary,False,,Entirely fictional test record
BEN-008746,PERSON-8745,ordinary,False,,Entirely fictional test record
BEN-008747,PERSON-8746,ordinary,False,,Entirely fictional test record
BEN-008748,PERSON-8747,ordinary,False,,Entirely fictional test record
BEN-008749,PERSON-8748,ordinary,False,,Entirely fictional test record
BEN-008750,PERSON-8749,ordinary,False,,Entirely fictional test record
BEN-008751,PERSON-8750,ordinary,False,,Entirely fictional test record
BEN-008752,PERSON-8751,ordinary,False,,Entirely fictional test record
BEN-008753,PERSON-8752,ordinary,False,,Entirely fictional test record
BEN-008754,PERSON-8753,ordinary,False,,Entirely fictional test record
BEN-008755,PERSON-8754,ordinary,False,,Entirely fictional test record
BEN-008756,PERSON-8755,ordinary,False,,Entirely fictional test record
BEN-008757,PERSON-8756,ordinary,False,,Entirely fictional test record
BEN-008758,PERSON-8757,ordinary,False,,Entirely fictional test record
BEN-008759,PERSON-8758,ordinary,False,,Entirely fictional test record
BEN-008760,PERSON-8759,ordinary,False,,Entirely fictional test record
BEN-008761,PERSON-8760,ordinary,False,,Entirely fictional test record
BEN-008762,PERSON-8761,ordinary,False,,Entirely fictional test record
BEN-008763,PERSON-8762,ordinary,False,,Entirely fictional test record
BEN-008764,PERSON-8763,ordinary,False,,Entirely fictional test record
BEN-008765,PERSON-8764,ordinary,False,,Entirely fictional test record
BEN-008766,PERSON-8765,ordinary,False,,Entirely fictional test record
BEN-008767,PERSON-8766,ordinary,False,,Entirely fictional test record
BEN-008768,PERSON-8767,ordinary,False,,Entirely fictional test record
BEN-008769,PERSON-8768,ordinary,False,,Entirely fictional test record
BEN-008770,PERSON-8769,ordinary,False,,Entirely fictional test record
BEN-008771,PERSON-8770,ordinary,False,,Entirely fictional test record
BEN-008772,PERSON-8771,ordinary,False,,Entirely fictional test record
BEN-008773,PERSON-8772,ordinary,False,,Entirely fictional test record
BEN-008774,PERSON-8773,ordinary,False,,Entirely fictional test record
BEN-008775,PERSON-8774,ordinary,False,,Entirely fictional test record
BEN-008776,PERSON-8775,ordinary,False,,Entirely fictional test record
BEN-008777,PERSON-8776,ordinary,False,,Entirely fictional test record
BEN-008778,PERSON-8777,ordinary,False,,Entirely fictional test record
BEN-008779,PERSON-8778,ordinary,False,,Entirely fictional test record
BEN-008780,PERSON-8779,ordinary,False,,Entirely fictional test record
BEN-008781,PERSON-8780,ordinary,False,,Entirely fictional test record
BEN-008782,PERSON-8781,ordinary,False,,Entirely fictional test record
BEN-008783,PERSON-8782,ordinary,False,,Entirely fictional test record
BEN-008784,PERSON-8783,ordinary,False,,Entirely fictional test record
BEN-008785,PERSON-8784,ordinary,False,,Entirely fictional test record
BEN-008786,PERSON-8785,ordinary,False,,Entirely fictional test record
BEN-008787,PERSON-8786,ordinary,False,,Entirely fictional test record
BEN-008788,PERSON-8787,ordinary,False,,Entirely fictional test record
BEN-008789,PERSON-8788,ordinary,False,,Entirely fictional test record
BEN-008790,PERSON-8789,ordinary,False,,Entirely fictional test record
BEN-008791,PERSON-8790,ordinary,False,,Entirely fictional test record
BEN-008792,PERSON-8791,ordinary,False,,Entirely fictional test record
BEN-008793,PERSON-8792,ordinary,False,,Entirely fictional test record
BEN-008794,PERSON-8793,ordinary,False,,Entirely fictional test record
BEN-008795,PERSON-8794,ordinary,False,,Entirely fictional test record
BEN-008796,PERSON-8795,ordinary,False,,Entirely fictional test record
BEN-008797,PERSON-8796,ordinary,False,,Entirely fictional test record
BEN-008798,PERSON-8797,ordinary,False,,Entirely fictional test record
BEN-008799,PERSON-8798,ordinary,False,,Entirely fictional test record
BEN-008800,PERSON-8799,ordinary,False,,Entirely fictional test record
BEN-008801,PERSON-8800,ordinary,False,,Entirely fictional test record
BEN-008802,PERSON-8801,ordinary,False,,Entirely fictional test record
BEN-008803,PERSON-8802,ordinary,False,,Entirely fictional test record
BEN-008804,PERSON-8803,ordinary,False,,Entirely fictional test record
BEN-008805,PERSON-8804,ordinary,False,,Entirely fictional test record
BEN-008806,PERSON-8805,ordinary,False,,Entirely fictional test record
BEN-008807,PERSON-8806,ordinary,False,,Entirely fictional test record
BEN-008808,PERSON-8807,ordinary,False,,Entirely fictional test record
BEN-008809,PERSON-8808,ordinary,False,,Entirely fictional test record
BEN-008810,PERSON-8809,ordinary,False,,Entirely fictional test record
BEN-008811,PERSON-8810,ordinary,False,,Entirely fictional test record
BEN-008812,PERSON-8811,ordinary,False,,Entirely fictional test record
BEN-008813,PERSON-8812,ordinary,False,,Entirely fictional test record
BEN-008814,PERSON-8813,ordinary,False,,Entirely fictional test record
BEN-008815,PERSON-8814,ordinary,False,,Entirely fictional test record
BEN-008816,PERSON-8815,ordinary,False,,Entirely fictional test record
BEN-008817,PERSON-8816,ordinary,False,,Entirely fictional test record
BEN-008818,PERSON-8817,ordinary,False,,Entirely fictional test record
BEN-008819,PERSON-8818,ordinary,False,,Entirely fictional test record
BEN-008820,PERSON-8819,ordinary,False,,Entirely fictional test record
BEN-008821,PERSON-8820,ordinary,False,,Entirely fictional test record
BEN-008822,PERSON-8821,ordinary,False,,Entirely fictional test record
BEN-008823,PERSON-8822,ordinary,False,,Entirely fictional test record
BEN-008824,PERSON-8823,ordinary,False,,Entirely fictional test record
BEN-008825,PERSON-8824,ordinary,False,,Entirely fictional test record
BEN-008826,PERSON-8825,ordinary,False,,Entirely fictional test record
BEN-008827,PERSON-8826,ordinary,False,,Entirely fictional test record
BEN-008828,PERSON-8827,ordinary,False,,Entirely fictional test record
BEN-008829,PERSON-8828,ordinary,False,,Entirely fictional test record
BEN-008830,PERSON-8829,ordinary,False,,Entirely fictional test record
BEN-008831,PERSON-8830,ordinary,False,,Entirely fictional test record
BEN-008832,PERSON-8831,ordinary,False,,Entirely fictional test record
BEN-008833,PERSON-8832,ordinary,False,,Entirely fictional test record
BEN-008834,PERSON-8833,ordinary,False,,Entirely fictional test record
BEN-008835,PERSON-8834,ordinary,False,,Entirely fictional test record
BEN-008836,PERSON-8835,ordinary,False,,Entirely fictional test record
BEN-008837,PERSON-8836,ordinary,False,,Entirely fictional test record
BEN-008838,PERSON-8837,ordinary,False,,Entirely fictional test record
BEN-008839,PERSON-8838,ordinary,False,,Entirely fictional test record
BEN-008840,PERSON-8839,ordinary,False,,Entirely fictional test record
BEN-008841,PERSON-8840,ordinary,False,,Entirely fictional test record
BEN-008842,PERSON-8841,ordinary,False,,Entirely fictional test record
BEN-008843,PERSON-8842,ordinary,False,,Entirely fictional test record
BEN-008844,PERSON-8843,ordinary,False,,Entirely fictional test record
BEN-008845,PERSON-8844,ordinary,False,,Entirely fictional test record
BEN-008846,PERSON-8845,ordinary,False,,Entirely fictional test record
BEN-008847,PERSON-8846,ordinary,False,,Entirely fictional test record
BEN-008848,PERSON-8847,ordinary,False,,Entirely fictional test record
BEN-008849,PERSON-8848,ordinary,False,,Entirely fictional test record
BEN-008850,PERSON-8849,ordinary,False,,Entirely fictional test record
BEN-008851,PERSON-8850,ordinary,False,,Entirely fictional test record
BEN-008852,PERSON-8851,ordinary,False,,Entirely fictional test record
BEN-008853,PERSON-8852,ordinary,False,,Entirely fictional test record
BEN-008854,PERSON-8853,ordinary,False,,Entirely fictional test record
BEN-008855,PERSON-8854,ordinary,False,,Entirely fictional test record
BEN-008856,PERSON-8855,ordinary,False,,Entirely fictional test record
BEN-008857,PERSON-8856,ordinary,False,,Entirely fictional test record
BEN-008858,PERSON-8857,ordinary,False,,Entirely fictional test record
BEN-008859,PERSON-8858,ordinary,False,,Entirely fictional test record
BEN-008860,PERSON-8859,ordinary,False,,Entirely fictional test record
BEN-008861,PERSON-8860,ordinary,False,,Entirely fictional test record
BEN-008862,PERSON-8861,ordinary,False,,Entirely fictional test record
BEN-008863,PERSON-8862,ordinary,False,,Entirely fictional test record
BEN-008864,PERSON-8863,ordinary,False,,Entirely fictional test record
BEN-008865,PERSON-8864,ordinary,False,,Entirely fictional test record
BEN-008866,PERSON-8865,ordinary,False,,Entirely fictional test record
BEN-008867,PERSON-8866,ordinary,False,,Entirely fictional test record
BEN-008868,PERSON-8867,ordinary,False,,Entirely fictional test record
BEN-008869,PERSON-8868,ordinary,False,,Entirely fictional test record
BEN-008870,PERSON-8869,ordinary,False,,Entirely fictional test record
BEN-008871,PERSON-8870,ordinary,False,,Entirely fictional test record
BEN-008872,PERSON-8871,ordinary,False,,Entirely fictional test record
BEN-008873,PERSON-8872,ordinary,False,,Entirely fictional test record
BEN-008874,PERSON-8873,ordinary,False,,Entirely fictional test record
BEN-008875,PERSON-8874,ordinary,False,,Entirely fictional test record
BEN-008876,PERSON-8875,ordinary,False,,Entirely fictional test record
BEN-008877,PERSON-8876,ordinary,False,,Entirely fictional test record
BEN-008878,PERSON-8877,ordinary,False,,Entirely fictional test record
BEN-008879,PERSON-8878,ordinary,False,,Entirely fictional test record
BEN-008880,PERSON-8879,ordinary,False,,Entirely fictional test record
BEN-008881,PERSON-8880,ordinary,False,,Entirely fictional test record
BEN-008882,PERSON-8881,ordinary,False,,Entirely fictional test record
BEN-008883,PERSON-8882,ordinary,False,,Entirely fictional test record
BEN-008884,PERSON-8883,ordinary,False,,Entirely fictional test record
BEN-008885,PERSON-8884,ordinary,False,,Entirely fictional test record
BEN-008886,PERSON-8885,ordinary,False,,Entirely fictional test record
BEN-008887,PERSON-8886,ordinary,False,,Entirely fictional test record
BEN-008888,PERSON-8887,ordinary,False,,Entirely fictional test record
BEN-008889,PERSON-8888,ordinary,False,,Entirely fictional test record
BEN-008890,PERSON-8889,ordinary,False,,Entirely fictional test record
BEN-008891,PERSON-8890,ordinary,False,,Entirely fictional test record
BEN-008892,PERSON-8891,ordinary,False,,Entirely fictional test record
BEN-008893,PERSON-8892,ordinary,False,,Entirely fictional test record
BEN-008894,PERSON-8893,ordinary,False,,Entirely fictional test record
BEN-008895,PERSON-8894,ordinary,False,,Entirely fictional test record
BEN-008896,PERSON-8895,ordinary,False,,Entirely fictional test record
BEN-008897,PERSON-8896,ordinary,False,,Entirely fictional test record
BEN-008898,PERSON-8897,ordinary,False,,Entirely fictional test record
BEN-008899,PERSON-8898,ordinary,False,,Entirely fictional test record
BEN-008900,PERSON-8899,ordinary,False,,Entirely fictional test record
BEN-008901,PERSON-8900,ordinary,False,,Entirely fictional test record
BEN-008902,PERSON-8901,ordinary,False,,Entirely fictional test record
BEN-008903,PERSON-8902,ordinary,False,,Entirely fictional test record
BEN-008904,PERSON-8903,ordinary,False,,Entirely fictional test record
BEN-008905,PERSON-8904,ordinary,False,,Entirely fictional test record
BEN-008906,PERSON-8905,ordinary,False,,Entirely fictional test record
BEN-008907,PERSON-8906,ordinary,False,,Entirely fictional test record
BEN-008908,PERSON-8907,ordinary,False,,Entirely fictional test record
BEN-008909,PERSON-8908,ordinary,False,,Entirely fictional test record
BEN-008910,PERSON-8909,ordinary,False,,Entirely fictional test record
BEN-008911,PERSON-8910,ordinary,False,,Entirely fictional test record
BEN-008912,PERSON-8911,ordinary,False,,Entirely fictional test record
BEN-008913,PERSON-8912,ordinary,False,,Entirely fictional test record
BEN-008914,PERSON-8913,ordinary,False,,Entirely fictional test record
BEN-008915,PERSON-8914,ordinary,False,,Entirely fictional test record
BEN-008916,PERSON-8915,ordinary,False,,Entirely fictional test record
BEN-008917,PERSON-8916,ordinary,False,,Entirely fictional test record
BEN-008918,PERSON-8917,ordinary,False,,Entirely fictional test record
BEN-008919,PERSON-8918,ordinary,False,,Entirely fictional test record
BEN-008920,PERSON-8919,ordinary,False,,Entirely fictional test record
BEN-008921,PERSON-8920,ordinary,False,,Entirely fictional test record
BEN-008922,PERSON-8921,ordinary,False,,Entirely fictional test record
BEN-008923,PERSON-8922,ordinary,False,,Entirely fictional test record
BEN-008924,PERSON-8923,ordinary,False,,Entirely fictional test record
BEN-008925,PERSON-8924,ordinary,False,,Entirely fictional test record
BEN-008926,PERSON-8925,ordinary,False,,Entirely fictional test record
BEN-008927,PERSON-8926,ordinary,False,,Entirely fictional test record
BEN-008928,PERSON-8927,ordinary,False,,Entirely fictional test record
BEN-008929,PERSON-8928,ordinary,False,,Entirely fictional test record
BEN-008930,PERSON-8929,ordinary,False,,Entirely fictional test record
BEN-008931,PERSON-8930,ordinary,False,,Entirely fictional test record
BEN-008932,PERSON-8931,ordinary,False,,Entirely fictional test record
BEN-008933,PERSON-8932,ordinary,False,,Entirely fictional test record
BEN-008934,PERSON-8933,ordinary,False,,Entirely fictional test record
BEN-008935,PERSON-8934,ordinary,False,,Entirely fictional test record
BEN-008936,PERSON-8935,ordinary,False,,Entirely fictional test record
BEN-008937,PERSON-8936,ordinary,False,,Entirely fictional test record
BEN-008938,PERSON-8937,ordinary,False,,Entirely fictional test record
BEN-008939,PERSON-8938,ordinary,False,,Entirely fictional test record
BEN-008940,PERSON-8939,ordinary,False,,Entirely fictional test record
BEN-008941,PERSON-8940,ordinary,False,,Entirely fictional test record
BEN-008942,PERSON-8941,ordinary,False,,Entirely fictional test record
BEN-008943,PERSON-8942,ordinary,False,,Entirely fictional test record
BEN-008944,PERSON-8943,ordinary,False,,Entirely fictional test record
BEN-008945,PERSON-8944,ordinary,False,,Entirely fictional test record
BEN-008946,PERSON-8945,ordinary,False,,Entirely fictional test record
BEN-008947,PERSON-8946,ordinary,False,,Entirely fictional test record
BEN-008948,PERSON-8947,ordinary,False,,Entirely fictional test record
BEN-008949,PERSON-8948,ordinary,False,,Entirely fictional test record
BEN-008950,PERSON-8949,ordinary,False,,Entirely fictional test record
BEN-008951,PERSON-8950,ordinary,False,,Entirely fictional test record
BEN-008952,PERSON-8951,ordinary,False,,Entirely fictional test record
BEN-008953,PERSON-8952,ordinary,False,,Entirely fictional test record
BEN-008954,PERSON-8953,ordinary,False,,Entirely fictional test record
BEN-008955,PERSON-8954,ordinary,False,,Entirely fictional test record
BEN-008956,PERSON-8955,ordinary,False,,Entirely fictional test record
BEN-008957,PERSON-8956,ordinary,False,,Entirely fictional test record
BEN-008958,PERSON-8957,ordinary,False,,Entirely fictional test record
BEN-008959,PERSON-8958,ordinary,False,,Entirely fictional test record
BEN-008960,PERSON-8959,ordinary,False,,Entirely fictional test record
BEN-008961,PERSON-8960,ordinary,False,,Entirely fictional test record
BEN-008962,PERSON-8961,ordinary,False,,Entirely fictional test record
BEN-008963,PERSON-8962,ordinary,False,,Entirely fictional test record
BEN-008964,PERSON-8963,ordinary,False,,Entirely fictional test record
BEN-008965,PERSON-8964,ordinary,False,,Entirely fictional test record
BEN-008966,PERSON-8965,ordinary,False,,Entirely fictional test record
BEN-008967,PERSON-8966,ordinary,False,,Entirely fictional test record
BEN-008968,PERSON-8967,ordinary,False,,Entirely fictional test record
BEN-008969,PERSON-8968,ordinary,False,,Entirely fictional test record
BEN-008970,PERSON-8969,ordinary,False,,Entirely fictional test record
BEN-008971,PERSON-8970,ordinary,False,,Entirely fictional test record
BEN-008972,PERSON-8971,ordinary,False,,Entirely fictional test record
BEN-008973,PERSON-8972,ordinary,False,,Entirely fictional test record
BEN-008974,PERSON-8973,ordinary,False,,Entirely fictional test record
BEN-008975,PERSON-8974,ordinary,False,,Entirely fictional test record
BEN-008976,PERSON-8975,ordinary,False,,Entirely fictional test record
BEN-008977,PERSON-8976,ordinary,False,,Entirely fictional test record
BEN-008978,PERSON-8977,ordinary,False,,Entirely fictional test record
BEN-008979,PERSON-8978,ordinary,False,,Entirely fictional test record
BEN-008980,PERSON-8979,ordinary,False,,Entirely fictional test record
BEN-008981,PERSON-8980,ordinary,False,,Entirely fictional test record
BEN-008982,PERSON-8981,ordinary,False,,Entirely fictional test record
BEN-008983,PERSON-8982,ordinary,False,,Entirely fictional test record
BEN-008984,PERSON-8983,ordinary,False,,Entirely fictional test record
BEN-008985,PERSON-8984,ordinary,False,,Entirely fictional test record
BEN-008986,PERSON-8985,ordinary,False,,Entirely fictional test record
BEN-008987,PERSON-8986,ordinary,False,,Entirely fictional test record
BEN-008988,PERSON-8987,ordinary,False,,Entirely fictional test record
BEN-008989,PERSON-8988,ordinary,False,,Entirely fictional test record
BEN-008990,PERSON-8989,ordinary,False,,Entirely fictional test record
BEN-008991,PERSON-8990,ordinary,False,,Entirely fictional test record
BEN-008992,PERSON-8991,ordinary,False,,Entirely fictional test record
BEN-008993,PERSON-8992,ordinary,False,,Entirely fictional test record
BEN-008994,PERSON-8993,ordinary,False,,Entirely fictional test record
BEN-008995,PERSON-8994,ordinary,False,,Entirely fictional test record
BEN-008996,PERSON-8995,ordinary,False,,Entirely fictional test record
BEN-008997,PERSON-8996,ordinary,False,,Entirely fictional test record
BEN-008998,PERSON-8997,ordinary,False,,Entirely fictional test record
BEN-008999,PERSON-8998,ordinary,False,,Entirely fictional test record
BEN-009000,PERSON-8999,ordinary,False,,Entirely fictional test record
BEN-009001,PERSON-9000,ordinary,False,,Entirely fictional test record
BEN-009002,PERSON-9001,ordinary,False,,Entirely fictional test record
BEN-009003,PERSON-9002,ordinary,False,,Entirely fictional test record
BEN-009004,PERSON-9003,ordinary,False,,Entirely fictional test record
BEN-009005,PERSON-9004,ordinary,False,,Entirely fictional test record
BEN-009006,PERSON-9005,ordinary,False,,Entirely fictional test record
BEN-009007,PERSON-9006,ordinary,False,,Entirely fictional test record
BEN-009008,PERSON-9007,ordinary,False,,Entirely fictional test record
BEN-009009,PERSON-9008,ordinary,False,,Entirely fictional test record
BEN-009010,PERSON-9009,ordinary,False,,Entirely fictional test record
BEN-009011,PERSON-9010,ordinary,False,,Entirely fictional test record
BEN-009012,PERSON-9011,ordinary,False,,Entirely fictional test record
BEN-009013,PERSON-9012,ordinary,False,,Entirely fictional test record
BEN-009014,PERSON-9013,ordinary,False,,Entirely fictional test record
BEN-009015,PERSON-9014,ordinary,False,,Entirely fictional test record
BEN-009016,PERSON-9015,ordinary,False,,Entirely fictional test record
BEN-009017,PERSON-9016,ordinary,False,,Entirely fictional test record
BEN-009018,PERSON-9017,ordinary,False,,Entirely fictional test record
BEN-009019,PERSON-9018,ordinary,False,,Entirely fictional test record
BEN-009020,PERSON-9019,ordinary,False,,Entirely fictional test record
BEN-009021,PERSON-9020,ordinary,False,,Entirely fictional test record
BEN-009022,PERSON-9021,ordinary,False,,Entirely fictional test record
BEN-009023,PERSON-9022,ordinary,False,,Entirely fictional test record
BEN-009024,PERSON-9023,ordinary,False,,Entirely fictional test record
BEN-009025,PERSON-9024,ordinary,False,,Entirely fictional test record
BEN-009026,PERSON-9025,ordinary,False,,Entirely fictional test record
BEN-009027,PERSON-9026,ordinary,False,,Entirely fictional test record
BEN-009028,PERSON-9027,ordinary,False,,Entirely fictional test record
BEN-009029,PERSON-9028,ordinary,False,,Entirely fictional test record
BEN-009030,PERSON-9029,ordinary,False,,Entirely fictional test record
BEN-009031,PERSON-9030,ordinary,False,,Entirely fictional test record
BEN-009032,PERSON-9031,ordinary,False,,Entirely fictional test record
BEN-009033,PERSON-9032,ordinary,False,,Entirely fictional test record
BEN-009034,PERSON-9033,ordinary,False,,Entirely fictional test record
BEN-009035,PERSON-9034,ordinary,False,,Entirely fictional test record
BEN-009036,PERSON-9035,ordinary,False,,Entirely fictional test record
BEN-009037,PERSON-9036,ordinary,False,,Entirely fictional test record
BEN-009038,PERSON-9037,ordinary,False,,Entirely fictional test record
BEN-009039,PERSON-9038,ordinary,False,,Entirely fictional test record
BEN-009040,PERSON-9039,ordinary,False,,Entirely fictional test record
BEN-009041,PERSON-9040,ordinary,False,,Entirely fictional test record
BEN-009042,PERSON-9041,ordinary,False,,Entirely fictional test record
BEN-009043,PERSON-9042,ordinary,False,,Entirely fictional test record
BEN-009044,PERSON-9043,ordinary,False,,Entirely fictional test record
BEN-009045,PERSON-9044,ordinary,False,,Entirely fictional test record
BEN-009046,PERSON-9045,ordinary,False,,Entirely fictional test record
BEN-009047,PERSON-9046,ordinary,False,,Entirely fictional test record
BEN-009048,PERSON-9047,ordinary,False,,Entirely fictional test record
BEN-009049,PERSON-9048,ordinary,False,,Entirely fictional test record
BEN-009050,PERSON-9049,ordinary,False,,Entirely fictional test record
BEN-009051,PERSON-9050,ordinary,False,,Entirely fictional test record
BEN-009052,PERSON-9051,ordinary,False,,Entirely fictional test record
BEN-009053,PERSON-9052,ordinary,False,,Entirely fictional test record
BEN-009054,PERSON-9053,ordinary,False,,Entirely fictional test record
BEN-009055,PERSON-9054,ordinary,False,,Entirely fictional test record
BEN-009056,PERSON-9055,ordinary,False,,Entirely fictional test record
BEN-009057,PERSON-9056,ordinary,False,,Entirely fictional test record
BEN-009058,PERSON-9057,ordinary,False,,Entirely fictional test record
BEN-009059,PERSON-9058,ordinary,False,,Entirely fictional test record
BEN-009060,PERSON-9059,ordinary,False,,Entirely fictional test record
BEN-009061,PERSON-9060,ordinary,False,,Entirely fictional test record
BEN-009062,PERSON-9061,ordinary,False,,Entirely fictional test record
BEN-009063,PERSON-9062,ordinary,False,,Entirely fictional test record
BEN-009064,PERSON-9063,ordinary,False,,Entirely fictional test record
BEN-009065,PERSON-9064,ordinary,False,,Entirely fictional test record
BEN-009066,PERSON-9065,ordinary,False,,Entirely fictional test record
BEN-009067,PERSON-9066,ordinary,False,,Entirely fictional test record
BEN-009068,PERSON-9067,ordinary,False,,Entirely fictional test record
BEN-009069,PERSON-9068,ordinary,False,,Entirely fictional test record
BEN-009070,PERSON-9069,ordinary,False,,Entirely fictional test record
BEN-009071,PERSON-9070,ordinary,False,,Entirely fictional test record
BEN-009072,PERSON-9071,ordinary,False,,Entirely fictional test record
BEN-009073,PERSON-9072,ordinary,False,,Entirely fictional test record
BEN-009074,PERSON-9073,ordinary,False,,Entirely fictional test record
BEN-009075,PERSON-9074,ordinary,False,,Entirely fictional test record
BEN-009076,PERSON-9075,ordinary,False,,Entirely fictional test record
BEN-009077,PERSON-9076,ordinary,False,,Entirely fictional test record
BEN-009078,PERSON-9077,ordinary,False,,Entirely fictional test record
BEN-009079,PERSON-9078,ordinary,False,,Entirely fictional test record
BEN-009080,PERSON-9079,ordinary,False,,Entirely fictional test record
BEN-009081,PERSON-9080,ordinary,False,,Entirely fictional test record
BEN-009082,PERSON-9081,ordinary,False,,Entirely fictional test record
BEN-009083,PERSON-9082,ordinary,False,,Entirely fictional test record
BEN-009084,PERSON-9083,ordinary,False,,Entirely fictional test record
BEN-009085,PERSON-9084,ordinary,False,,Entirely fictional test record
BEN-009086,PERSON-9085,ordinary,False,,Entirely fictional test record
BEN-009087,PERSON-9086,ordinary,False,,Entirely fictional test record
BEN-009088,PERSON-9087,ordinary,False,,Entirely fictional test record
BEN-009089,PERSON-9088,ordinary,False,,Entirely fictional test record
BEN-009090,PERSON-9089,ordinary,False,,Entirely fictional test record
BEN-009091,PERSON-9090,ordinary,False,,Entirely fictional test record
BEN-009092,PERSON-9091,ordinary,False,,Entirely fictional test record
BEN-009093,PERSON-9092,ordinary,False,,Entirely fictional test record
BEN-009094,PERSON-9093,ordinary,False,,Entirely fictional test record
BEN-009095,PERSON-9094,ordinary,False,,Entirely fictional test record
BEN-009096,PERSON-9095,ordinary,False,,Entirely fictional test record
BEN-009097,PERSON-9096,ordinary,False,,Entirely fictional test record
BEN-009098,PERSON-9097,ordinary,False,,Entirely fictional test record
BEN-009099,PERSON-9098,ordinary,False,,Entirely fictional test record
BEN-009100,PERSON-9099,ordinary,False,,Entirely fictional test record
BEN-009101,PERSON-9100,ordinary,False,,Entirely fictional test record
BEN-009102,PERSON-9101,ordinary,False,,Entirely fictional test record
BEN-009103,PERSON-9102,ordinary,False,,Entirely fictional test record
BEN-009104,PERSON-9103,ordinary,False,,Entirely fictional test record
BEN-009105,PERSON-9104,ordinary,False,,Entirely fictional test record
BEN-009106,PERSON-9105,ordinary,False,,Entirely fictional test record
BEN-009107,PERSON-9106,ordinary,False,,Entirely fictional test record
BEN-009108,PERSON-9107,ordinary,False,,Entirely fictional test record
BEN-009109,PERSON-9108,ordinary,False,,Entirely fictional test record
BEN-009110,PERSON-9109,ordinary,False,,Entirely fictional test record
BEN-009111,PERSON-9110,ordinary,False,,Entirely fictional test record
BEN-009112,PERSON-9111,ordinary,False,,Entirely fictional test record
BEN-009113,PERSON-9112,ordinary,False,,Entirely fictional test record
BEN-009114,PERSON-9113,ordinary,False,,Entirely fictional test record
BEN-009115,PERSON-9114,ordinary,False,,Entirely fictional test record
BEN-009116,PERSON-9115,ordinary,False,,Entirely fictional test record
BEN-009117,PERSON-9116,ordinary,False,,Entirely fictional test record
BEN-009118,PERSON-9117,ordinary,False,,Entirely fictional test record
BEN-009119,PERSON-9118,ordinary,False,,Entirely fictional test record
BEN-009120,PERSON-9119,ordinary,False,,Entirely fictional test record
BEN-009121,PERSON-9120,ordinary,False,,Entirely fictional test record
BEN-009122,PERSON-9121,ordinary,False,,Entirely fictional test record
BEN-009123,PERSON-9122,ordinary,False,,Entirely fictional test record
BEN-009124,PERSON-9123,ordinary,False,,Entirely fictional test record
BEN-009125,PERSON-9124,ordinary,False,,Entirely fictional test record
BEN-009126,PERSON-9125,ordinary,False,,Entirely fictional test record
BEN-009127,PERSON-9126,ordinary,False,,Entirely fictional test record
BEN-009128,PERSON-9127,ordinary,False,,Entirely fictional test record
BEN-009129,PERSON-9128,ordinary,False,,Entirely fictional test record
BEN-009130,PERSON-9129,ordinary,False,,Entirely fictional test record
BEN-009131,PERSON-9130,ordinary,False,,Entirely fictional test record
BEN-009132,PERSON-9131,ordinary,False,,Entirely fictional test record
BEN-009133,PERSON-9132,ordinary,False,,Entirely fictional test record
BEN-009134,PERSON-9133,ordinary,False,,Entirely fictional test record
BEN-009135,PERSON-9134,ordinary,False,,Entirely fictional test record
BEN-009136,PERSON-9135,ordinary,False,,Entirely fictional test record
BEN-009137,PERSON-9136,ordinary,False,,Entirely fictional test record
BEN-009138,PERSON-9137,ordinary,False,,Entirely fictional test record
BEN-009139,PERSON-9138,ordinary,False,,Entirely fictional test record
BEN-009140,PERSON-9139,ordinary,False,,Entirely fictional test record
BEN-009141,PERSON-9140,ordinary,False,,Entirely fictional test record
BEN-009142,PERSON-9141,ordinary,False,,Entirely fictional test record
BEN-009143,PERSON-9142,ordinary,False,,Entirely fictional test record
BEN-009144,PERSON-9143,ordinary,False,,Entirely fictional test record
BEN-009145,PERSON-9144,ordinary,False,,Entirely fictional test record
BEN-009146,PERSON-9145,ordinary,False,,Entirely fictional test record
BEN-009147,PERSON-9146,ordinary,False,,Entirely fictional test record
BEN-009148,PERSON-9147,ordinary,False,,Entirely fictional test record
BEN-009149,PERSON-9148,ordinary,False,,Entirely fictional test record
BEN-009150,PERSON-9149,ordinary,False,,Entirely fictional test record
BEN-009151,PERSON-9150,ordinary,False,,Entirely fictional test record
BEN-009152,PERSON-9151,ordinary,False,,Entirely fictional test record
BEN-009153,PERSON-9152,ordinary,False,,Entirely fictional test record
BEN-009154,PERSON-9153,ordinary,False,,Entirely fictional test record
BEN-009155,PERSON-9154,ordinary,False,,Entirely fictional test record
BEN-009156,PERSON-9155,ordinary,False,,Entirely fictional test record
BEN-009157,PERSON-9156,ordinary,False,,Entirely fictional test record
BEN-009158,PERSON-9157,ordinary,False,,Entirely fictional test record
BEN-009159,PERSON-9158,ordinary,False,,Entirely fictional test record
BEN-009160,PERSON-9159,ordinary,False,,Entirely fictional test record
BEN-009161,PERSON-9160,ordinary,False,,Entirely fictional test record
BEN-009162,PERSON-9161,ordinary,False,,Entirely fictional test record
BEN-009163,PERSON-9162,ordinary,False,,Entirely fictional test record
BEN-009164,PERSON-9163,ordinary,False,,Entirely fictional test record
BEN-009165,PERSON-9164,ordinary,False,,Entirely fictional test record
BEN-009166,PERSON-9165,ordinary,False,,Entirely fictional test record
BEN-009167,PERSON-9166,ordinary,False,,Entirely fictional test record
BEN-009168,PERSON-9167,ordinary,False,,Entirely fictional test record
BEN-009169,PERSON-9168,ordinary,False,,Entirely fictional test record
BEN-009170,PERSON-9169,ordinary,False,,Entirely fictional test record
BEN-009171,PERSON-9170,ordinary,False,,Entirely fictional test record
BEN-009172,PERSON-9171,ordinary,False,,Entirely fictional test record
BEN-009173,PERSON-9172,ordinary,False,,Entirely fictional test record
BEN-009174,PERSON-9173,ordinary,False,,Entirely fictional test record
BEN-009175,PERSON-9174,ordinary,False,,Entirely fictional test record
BEN-009176,PERSON-9175,ordinary,False,,Entirely fictional test record
BEN-009177,PERSON-9176,ordinary,False,,Entirely fictional test record
BEN-009178,PERSON-9177,ordinary,False,,Entirely fictional test record
BEN-009179,PERSON-9178,ordinary,False,,Entirely fictional test record
BEN-009180,PERSON-9179,ordinary,False,,Entirely fictional test record
BEN-009181,PERSON-9180,ordinary,False,,Entirely fictional test record
BEN-009182,PERSON-9181,ordinary,False,,Entirely fictional test record
BEN-009183,PERSON-9182,ordinary,False,,Entirely fictional test record
BEN-009184,PERSON-9183,ordinary,False,,Entirely fictional test record
BEN-009185,PERSON-9184,ordinary,False,,Entirely fictional test record
BEN-009186,PERSON-9185,ordinary,False,,Entirely fictional test record
BEN-009187,PERSON-9186,ordinary,False,,Entirely fictional test record
BEN-009188,PERSON-9187,ordinary,False,,Entirely fictional test record
BEN-009189,PERSON-9188,ordinary,False,,Entirely fictional test record
BEN-009190,PERSON-9189,ordinary,False,,Entirely fictional test record
BEN-009191,PERSON-9190,ordinary,False,,Entirely fictional test record
BEN-009192,PERSON-9191,ordinary,False,,Entirely fictional test record
BEN-009193,PERSON-9192,ordinary,False,,Entirely fictional test record
BEN-009194,PERSON-9193,ordinary,False,,Entirely fictional test record
BEN-009195,PERSON-9194,ordinary,False,,Entirely fictional test record
BEN-009196,PERSON-9195,ordinary,False,,Entirely fictional test record
BEN-009197,PERSON-9196,ordinary,False,,Entirely fictional test record
BEN-009198,PERSON-9197,ordinary,False,,Entirely fictional test record
BEN-009199,PERSON-9198,ordinary,False,,Entirely fictional test record
BEN-009200,PERSON-9199,ordinary,False,,Entirely fictional test record
BEN-009201,PERSON-9200,ordinary,False,,Entirely fictional test record
BEN-009202,PERSON-9201,ordinary,False,,Entirely fictional test record
BEN-009203,PERSON-9202,ordinary,False,,Entirely fictional test record
BEN-009204,PERSON-9203,ordinary,False,,Entirely fictional test record
BEN-009205,PERSON-9204,ordinary,False,,Entirely fictional test record
BEN-009206,PERSON-9205,ordinary,False,,Entirely fictional test record
BEN-009207,PERSON-9206,ordinary,False,,Entirely fictional test record
BEN-009208,PERSON-9207,ordinary,False,,Entirely fictional test record
BEN-009209,PERSON-9208,ordinary,False,,Entirely fictional test record
BEN-009210,PERSON-9209,ordinary,False,,Entirely fictional test record
BEN-009211,PERSON-9210,ordinary,False,,Entirely fictional test record
BEN-009212,PERSON-9211,ordinary,False,,Entirely fictional test record
BEN-009213,PERSON-9212,ordinary,False,,Entirely fictional test record
BEN-009214,PERSON-9213,ordinary,False,,Entirely fictional test record
BEN-009215,PERSON-9214,ordinary,False,,Entirely fictional test record
BEN-009216,PERSON-9215,ordinary,False,,Entirely fictional test record
BEN-009217,PERSON-9216,ordinary,False,,Entirely fictional test record
BEN-009218,PERSON-9217,ordinary,False,,Entirely fictional test record
BEN-009219,PERSON-9218,ordinary,False,,Entirely fictional test record
BEN-009220,PERSON-9219,ordinary,False,,Entirely fictional test record
BEN-009221,PERSON-9220,ordinary,False,,Entirely fictional test record
BEN-009222,PERSON-9221,ordinary,False,,Entirely fictional test record
BEN-009223,PERSON-9222,ordinary,False,,Entirely fictional test record
BEN-009224,PERSON-9223,ordinary,False,,Entirely fictional test record
BEN-009225,PERSON-9224,ordinary,False,,Entirely fictional test record
BEN-009226,PERSON-9225,ordinary,False,,Entirely fictional test record
BEN-009227,PERSON-9226,ordinary,False,,Entirely fictional test record
BEN-009228,PERSON-9227,ordinary,False,,Entirely fictional test record
BEN-009229,PERSON-9228,ordinary,False,,Entirely fictional test record
BEN-009230,PERSON-9229,ordinary,False,,Entirely fictional test record
BEN-009231,PERSON-9230,ordinary,False,,Entirely fictional test record
BEN-009232,PERSON-9231,ordinary,False,,Entirely fictional test record
BEN-009233,PERSON-9232,ordinary,False,,Entirely fictional test record
BEN-009234,PERSON-9233,ordinary,False,,Entirely fictional test record
BEN-009235,PERSON-9234,ordinary,False,,Entirely fictional test record
BEN-009236,PERSON-9235,ordinary,False,,Entirely fictional test record
BEN-009237,PERSON-9236,ordinary,False,,Entirely fictional test record
BEN-009238,PERSON-9237,ordinary,False,,Entirely fictional test record
BEN-009239,PERSON-9238,ordinary,False,,Entirely fictional test record
BEN-009240,PERSON-9239,ordinary,False,,Entirely fictional test record
BEN-009241,PERSON-9240,ordinary,False,,Entirely fictional test record
BEN-009242,PERSON-9241,ordinary,False,,Entirely fictional test record
BEN-009243,PERSON-9242,ordinary,False,,Entirely fictional test record
BEN-009244,PERSON-9243,ordinary,False,,Entirely fictional test record
BEN-009245,PERSON-9244,ordinary,False,,Entirely fictional test record
BEN-009246,PERSON-9245,ordinary,False,,Entirely fictional test record
BEN-009247,PERSON-9246,ordinary,False,,Entirely fictional test record
BEN-009248,PERSON-9247,ordinary,False,,Entirely fictional test record
BEN-009249,PERSON-9248,ordinary,False,,Entirely fictional test record
BEN-009250,PERSON-9249,ordinary,False,,Entirely fictional test record
BEN-009251,PERSON-9250,ordinary,False,,Entirely fictional test record
BEN-009252,PERSON-9251,ordinary,False,,Entirely fictional test record
BEN-009253,PERSON-9252,ordinary,False,,Entirely fictional test record
BEN-009254,PERSON-9253,ordinary,False,,Entirely fictional test record
BEN-009255,PERSON-9254,ordinary,False,,Entirely fictional test record
BEN-009256,PERSON-9255,ordinary,False,,Entirely fictional test record
BEN-009257,PERSON-9256,ordinary,False,,Entirely fictional test record
BEN-009258,PERSON-9257,ordinary,False,,Entirely fictional test record
BEN-009259,PERSON-9258,ordinary,False,,Entirely fictional test record
BEN-009260,PERSON-9259,ordinary,False,,Entirely fictional test record
BEN-009261,PERSON-9260,ordinary,False,,Entirely fictional test record
BEN-009262,PERSON-9261,ordinary,False,,Entirely fictional test record
BEN-009263,PERSON-9262,ordinary,False,,Entirely fictional test record
BEN-009264,PERSON-9263,ordinary,False,,Entirely fictional test record
BEN-009265,PERSON-9264,ordinary,False,,Entirely fictional test record
BEN-009266,PERSON-9265,ordinary,False,,Entirely fictional test record
BEN-009267,PERSON-9266,ordinary,False,,Entirely fictional test record
BEN-009268,PERSON-9267,ordinary,False,,Entirely fictional test record
BEN-009269,PERSON-9268,ordinary,False,,Entirely fictional test record
BEN-009270,PERSON-9269,ordinary,False,,Entirely fictional test record
BEN-009271,PERSON-9270,ordinary,False,,Entirely fictional test record
BEN-009272,PERSON-9271,ordinary,False,,Entirely fictional test record
BEN-009273,PERSON-9272,ordinary,False,,Entirely fictional test record
BEN-009274,PERSON-9273,ordinary,False,,Entirely fictional test record
BEN-009275,PERSON-9274,ordinary,False,,Entirely fictional test record
BEN-009276,PERSON-9275,ordinary,False,,Entirely fictional test record
BEN-009277,PERSON-9276,ordinary,False,,Entirely fictional test record
BEN-009278,PERSON-9277,ordinary,False,,Entirely fictional test record
BEN-009279,PERSON-9278,ordinary,False,,Entirely fictional test record
BEN-009280,PERSON-9279,ordinary,False,,Entirely fictional test record
BEN-009281,PERSON-9280,ordinary,False,,Entirely fictional test record
BEN-009282,PERSON-9281,ordinary,False,,Entirely fictional test record
BEN-009283,PERSON-9282,ordinary,False,,Entirely fictional test record
BEN-009284,PERSON-9283,ordinary,False,,Entirely fictional test record
BEN-009285,PERSON-9284,ordinary,False,,Entirely fictional test record
BEN-009286,PERSON-9285,ordinary,False,,Entirely fictional test record
BEN-009287,PERSON-9286,ordinary,False,,Entirely fictional test record
BEN-009288,PERSON-9287,ordinary,False,,Entirely fictional test record
BEN-009289,PERSON-9288,ordinary,False,,Entirely fictional test record
BEN-009290,PERSON-9289,ordinary,False,,Entirely fictional test record
BEN-009291,PERSON-9290,ordinary,False,,Entirely fictional test record
BEN-009292,PERSON-9291,ordinary,False,,Entirely fictional test record
BEN-009293,PERSON-9292,ordinary,False,,Entirely fictional test record
BEN-009294,PERSON-9293,ordinary,False,,Entirely fictional test record
BEN-009295,PERSON-9294,ordinary,False,,Entirely fictional test record
BEN-009296,PERSON-9295,ordinary,False,,Entirely fictional test record
BEN-009297,PERSON-9296,ordinary,False,,Entirely fictional test record
BEN-009298,PERSON-9297,ordinary,False,,Entirely fictional test record
BEN-009299,PERSON-9298,ordinary,False,,Entirely fictional test record
BEN-009300,PERSON-9299,ordinary,False,,Entirely fictional test record
BEN-009301,PERSON-9300,ordinary,False,,Entirely fictional test record
BEN-009302,PERSON-9301,ordinary,False,,Entirely fictional test record
BEN-009303,PERSON-9302,ordinary,False,,Entirely fictional test record
BEN-009304,PERSON-9303,ordinary,False,,Entirely fictional test record
BEN-009305,PERSON-9304,ordinary,False,,Entirely fictional test record
BEN-009306,PERSON-9305,ordinary,False,,Entirely fictional test record
BEN-009307,PERSON-9306,ordinary,False,,Entirely fictional test record
BEN-009308,PERSON-9307,ordinary,False,,Entirely fictional test record
BEN-009309,PERSON-9308,ordinary,False,,Entirely fictional test record
BEN-009310,PERSON-9309,ordinary,False,,Entirely fictional test record
BEN-009311,PERSON-9310,ordinary,False,,Entirely fictional test record
BEN-009312,PERSON-9311,ordinary,False,,Entirely fictional test record
BEN-009313,PERSON-9312,ordinary,False,,Entirely fictional test record
BEN-009314,PERSON-9313,ordinary,False,,Entirely fictional test record
BEN-009315,PERSON-9314,ordinary,False,,Entirely fictional test record
BEN-009316,PERSON-9315,ordinary,False,,Entirely fictional test record
BEN-009317,PERSON-9316,ordinary,False,,Entirely fictional test record
BEN-009318,PERSON-9317,ordinary,False,,Entirely fictional test record
BEN-009319,PERSON-9318,ordinary,False,,Entirely fictional test record
BEN-009320,PERSON-9319,ordinary,False,,Entirely fictional test record
BEN-009321,PERSON-9320,ordinary,False,,Entirely fictional test record
BEN-009322,PERSON-9321,ordinary,False,,Entirely fictional test record
BEN-009323,PERSON-9322,ordinary,False,,Entirely fictional test record
BEN-009324,PERSON-9323,ordinary,False,,Entirely fictional test record
BEN-009325,PERSON-9324,ordinary,False,,Entirely fictional test record
BEN-009326,PERSON-9325,ordinary,False,,Entirely fictional test record
BEN-009327,PERSON-9326,ordinary,False,,Entirely fictional test record
BEN-009328,PERSON-9327,ordinary,False,,Entirely fictional test record
BEN-009329,PERSON-9328,ordinary,False,,Entirely fictional test record
BEN-009330,PERSON-9329,ordinary,False,,Entirely fictional test record
BEN-009331,PERSON-9330,ordinary,False,,Entirely fictional test record
BEN-009332,PERSON-9331,ordinary,False,,Entirely fictional test record
BEN-009333,PERSON-9332,ordinary,False,,Entirely fictional test record
BEN-009334,PERSON-9333,ordinary,False,,Entirely fictional test record
BEN-009335,PERSON-9334,ordinary,False,,Entirely fictional test record
BEN-009336,PERSON-9335,ordinary,False,,Entirely fictional test record
BEN-009337,PERSON-9336,ordinary,False,,Entirely fictional test record
BEN-009338,PERSON-9337,ordinary,False,,Entirely fictional test record
BEN-009339,PERSON-9338,ordinary,False,,Entirely fictional test record
BEN-009340,PERSON-9339,ordinary,False,,Entirely fictional test record
BEN-009341,PERSON-9340,ordinary,False,,Entirely fictional test record
BEN-009342,PERSON-9341,ordinary,False,,Entirely fictional test record
BEN-009343,PERSON-9342,ordinary,False,,Entirely fictional test record
BEN-009344,PERSON-9343,ordinary,False,,Entirely fictional test record
BEN-009345,PERSON-9344,ordinary,False,,Entirely fictional test record
BEN-009346,PERSON-9345,ordinary,False,,Entirely fictional test record
BEN-009347,PERSON-9346,ordinary,False,,Entirely fictional test record
BEN-009348,PERSON-9347,ordinary,False,,Entirely fictional test record
BEN-009349,PERSON-9348,ordinary,False,,Entirely fictional test record
BEN-009350,PERSON-9349,ordinary,False,,Entirely fictional test record
BEN-009351,PERSON-9350,ordinary,False,,Entirely fictional test record
BEN-009352,PERSON-9351,ordinary,False,,Entirely fictional test record
BEN-009353,PERSON-9352,ordinary,False,,Entirely fictional test record
BEN-009354,PERSON-9353,ordinary,False,,Entirely fictional test record
BEN-009355,PERSON-9354,ordinary,False,,Entirely fictional test record
BEN-009356,PERSON-9355,ordinary,False,,Entirely fictional test record
BEN-009357,PERSON-9356,ordinary,False,,Entirely fictional test record
BEN-009358,PERSON-9357,ordinary,False,,Entirely fictional test record
BEN-009359,PERSON-9358,ordinary,False,,Entirely fictional test record
BEN-009360,PERSON-9359,ordinary,False,,Entirely fictional test record
BEN-009361,PERSON-9360,ordinary,False,,Entirely fictional test record
BEN-009362,PERSON-9361,ordinary,False,,Entirely fictional test record
BEN-009363,PERSON-9362,ordinary,False,,Entirely fictional test record
BEN-009364,PERSON-9363,ordinary,False,,Entirely fictional test record
BEN-009365,PERSON-9364,ordinary,False,,Entirely fictional test record
BEN-009366,PERSON-9365,ordinary,False,,Entirely fictional test record
BEN-009367,PERSON-9366,ordinary,False,,Entirely fictional test record
BEN-009368,PERSON-9367,ordinary,False,,Entirely fictional test record
BEN-009369,PERSON-9368,ordinary,False,,Entirely fictional test record
BEN-009370,PERSON-9369,ordinary,False,,Entirely fictional test record
BEN-009371,PERSON-9370,ordinary,False,,Entirely fictional test record
BEN-009372,PERSON-9371,ordinary,False,,Entirely fictional test record
BEN-009373,PERSON-9372,ordinary,False,,Entirely fictional test record
BEN-009374,PERSON-9373,ordinary,False,,Entirely fictional test record
BEN-009375,PERSON-9374,ordinary,False,,Entirely fictional test record
BEN-009376,PERSON-9375,ordinary,False,,Entirely fictional test record
BEN-009377,PERSON-9376,ordinary,False,,Entirely fictional test record
BEN-009378,PERSON-9377,ordinary,False,,Entirely fictional test record
BEN-009379,PERSON-9378,ordinary,False,,Entirely fictional test record
BEN-009380,PERSON-9379,ordinary,False,,Entirely fictional test record
BEN-009381,PERSON-9380,ordinary,False,,Entirely fictional test record
BEN-009382,PERSON-9381,ordinary,False,,Entirely fictional test record
BEN-009383,PERSON-9382,ordinary,False,,Entirely fictional test record
BEN-009384,PERSON-9383,ordinary,False,,Entirely fictional test record
BEN-009385,PERSON-9384,ordinary,False,,Entirely fictional test record
BEN-009386,PERSON-9385,ordinary,False,,Entirely fictional test record
BEN-009387,PERSON-9386,ordinary,False,,Entirely fictional test record
BEN-009388,PERSON-9387,ordinary,False,,Entirely fictional test record
BEN-009389,PERSON-9388,ordinary,False,,Entirely fictional test record
BEN-009390,PERSON-9389,ordinary,False,,Entirely fictional test record
BEN-009391,PERSON-9390,ordinary,False,,Entirely fictional test record
BEN-009392,PERSON-9391,ordinary,False,,Entirely fictional test record
BEN-009393,PERSON-9392,ordinary,False,,Entirely fictional test record
BEN-009394,PERSON-9393,ordinary,False,,Entirely fictional test record
BEN-009395,PERSON-9394,ordinary,False,,Entirely fictional test record
BEN-009396,PERSON-9395,ordinary,False,,Entirely fictional test record
BEN-009397,PERSON-9396,ordinary,False,,Entirely fictional test record
BEN-009398,PERSON-9397,ordinary,False,,Entirely fictional test record
BEN-009399,PERSON-9398,ordinary,False,,Entirely fictional test record
BEN-009400,PERSON-9399,ordinary,False,,Entirely fictional test record
BEN-009401,PERSON-9400,ordinary,False,,Entirely fictional test record
BEN-009402,PERSON-9401,ordinary,False,,Entirely fictional test record
BEN-009403,PERSON-9402,ordinary,False,,Entirely fictional test record
BEN-009404,PERSON-9403,ordinary,False,,Entirely fictional test record
BEN-009405,PERSON-9404,ordinary,False,,Entirely fictional test record
BEN-009406,PERSON-9405,ordinary,False,,Entirely fictional test record
BEN-009407,PERSON-9406,ordinary,False,,Entirely fictional test record
BEN-009408,PERSON-9407,ordinary,False,,Entirely fictional test record
BEN-009409,PERSON-9408,ordinary,False,,Entirely fictional test record
BEN-009410,PERSON-9409,ordinary,False,,Entirely fictional test record
BEN-009411,PERSON-9410,ordinary,False,,Entirely fictional test record
BEN-009412,PERSON-9411,ordinary,False,,Entirely fictional test record
BEN-009413,PERSON-9412,ordinary,False,,Entirely fictional test record
BEN-009414,PERSON-9413,ordinary,False,,Entirely fictional test record
BEN-009415,PERSON-9414,ordinary,False,,Entirely fictional test record
BEN-009416,PERSON-9415,ordinary,False,,Entirely fictional test record
BEN-009417,PERSON-9416,ordinary,False,,Entirely fictional test record
BEN-009418,PERSON-9417,ordinary,False,,Entirely fictional test record
BEN-009419,PERSON-9418,ordinary,False,,Entirely fictional test record
BEN-009420,PERSON-9419,ordinary,False,,Entirely fictional test record
BEN-009421,PERSON-9420,ordinary,False,,Entirely fictional test record
BEN-009422,PERSON-9421,ordinary,False,,Entirely fictional test record
BEN-009423,PERSON-9422,ordinary,False,,Entirely fictional test record
BEN-009424,PERSON-9423,ordinary,False,,Entirely fictional test record
BEN-009425,PERSON-9424,ordinary,False,,Entirely fictional test record
BEN-009426,PERSON-9425,ordinary,False,,Entirely fictional test record
BEN-009427,PERSON-9426,ordinary,False,,Entirely fictional test record
BEN-009428,PERSON-9427,ordinary,False,,Entirely fictional test record
BEN-009429,PERSON-9428,ordinary,False,,Entirely fictional test record
BEN-009430,PERSON-9429,ordinary,False,,Entirely fictional test record
BEN-009431,PERSON-9430,ordinary,False,,Entirely fictional test record
BEN-009432,PERSON-9431,ordinary,False,,Entirely fictional test record
BEN-009433,PERSON-9432,ordinary,False,,Entirely fictional test record
BEN-009434,PERSON-9433,ordinary,False,,Entirely fictional test record
BEN-009435,PERSON-9434,ordinary,False,,Entirely fictional test record
BEN-009436,PERSON-9435,ordinary,False,,Entirely fictional test record
BEN-009437,PERSON-9436,ordinary,False,,Entirely fictional test record
BEN-009438,PERSON-9437,ordinary,False,,Entirely fictional test record
BEN-009439,PERSON-9438,ordinary,False,,Entirely fictional test record
BEN-009440,PERSON-9439,ordinary,False,,Entirely fictional test record
BEN-009441,PERSON-9440,ordinary,False,,Entirely fictional test record
BEN-009442,PERSON-9441,ordinary,False,,Entirely fictional test record
BEN-009443,PERSON-9442,ordinary,False,,Entirely fictional test record
BEN-009444,PERSON-9443,ordinary,False,,Entirely fictional test record
BEN-009445,PERSON-9444,ordinary,False,,Entirely fictional test record
BEN-009446,PERSON-9445,ordinary,False,,Entirely fictional test record
BEN-009447,PERSON-9446,ordinary,False,,Entirely fictional test record
BEN-009448,PERSON-9447,ordinary,False,,Entirely fictional test record
BEN-009449,PERSON-9448,ordinary,False,,Entirely fictional test record
BEN-009450,PERSON-9449,ordinary,False,,Entirely fictional test record
BEN-009451,PERSON-9450,ordinary,False,,Entirely fictional test record
BEN-009452,PERSON-9451,ordinary,False,,Entirely fictional test record
BEN-009453,PERSON-9452,ordinary,False,,Entirely fictional test record
BEN-009454,PERSON-9453,ordinary,False,,Entirely fictional test record
BEN-009455,PERSON-9454,ordinary,False,,Entirely fictional test record
BEN-009456,PERSON-9455,ordinary,False,,Entirely fictional test record
BEN-009457,PERSON-9456,ordinary,False,,Entirely fictional test record
BEN-009458,PERSON-9457,ordinary,False,,Entirely fictional test record
BEN-009459,PERSON-9458,ordinary,False,,Entirely fictional test record
BEN-009460,PERSON-9459,ordinary,False,,Entirely fictional test record
BEN-009461,PERSON-9460,ordinary,False,,Entirely fictional test record
BEN-009462,PERSON-9461,ordinary,False,,Entirely fictional test record
BEN-009463,PERSON-9462,ordinary,False,,Entirely fictional test record
BEN-009464,PERSON-9463,ordinary,False,,Entirely fictional test record
BEN-009465,PERSON-9464,ordinary,False,,Entirely fictional test record
BEN-009466,PERSON-9465,ordinary,False,,Entirely fictional test record
BEN-009467,PERSON-9466,ordinary,False,,Entirely fictional test record
BEN-009468,PERSON-9467,ordinary,False,,Entirely fictional test record
BEN-009469,PERSON-9468,ordinary,False,,Entirely fictional test record
BEN-009470,PERSON-9469,ordinary,False,,Entirely fictional test record
BEN-009471,PERSON-9470,ordinary,False,,Entirely fictional test record
BEN-009472,PERSON-9471,ordinary,False,,Entirely fictional test record
BEN-009473,PERSON-9472,ordinary,False,,Entirely fictional test record
BEN-009474,PERSON-9473,ordinary,False,,Entirely fictional test record
BEN-009475,PERSON-9474,ordinary,False,,Entirely fictional test record
BEN-009476,PERSON-9475,ordinary,False,,Entirely fictional test record
BEN-009477,PERSON-9476,ordinary,False,,Entirely fictional test record
BEN-009478,PERSON-9477,ordinary,False,,Entirely fictional test record
BEN-009479,PERSON-9478,ordinary,False,,Entirely fictional test record
BEN-009480,PERSON-9479,ordinary,False,,Entirely fictional test record
BEN-009481,PERSON-9480,ordinary,False,,Entirely fictional test record
BEN-009482,PERSON-9481,ordinary,False,,Entirely fictional test record
BEN-009483,PERSON-9482,ordinary,False,,Entirely fictional test record
BEN-009484,PERSON-9483,ordinary,False,,Entirely fictional test record
BEN-009485,PERSON-9484,ordinary,False,,Entirely fictional test record
BEN-009486,PERSON-9485,ordinary,False,,Entirely fictional test record
BEN-009487,PERSON-9486,ordinary,False,,Entirely fictional test record
BEN-009488,PERSON-9487,ordinary,False,,Entirely fictional test record
BEN-009489,PERSON-9488,ordinary,False,,Entirely fictional test record
BEN-009490,PERSON-9489,ordinary,False,,Entirely fictional test record
BEN-009491,PERSON-9490,ordinary,False,,Entirely fictional test record
BEN-009492,PERSON-9491,ordinary,False,,Entirely fictional test record
BEN-009493,PERSON-9492,ordinary,False,,Entirely fictional test record
BEN-009494,PERSON-9493,ordinary,False,,Entirely fictional test record
BEN-009495,PERSON-9494,ordinary,False,,Entirely fictional test record
BEN-009496,PERSON-9495,ordinary,False,,Entirely fictional test record
BEN-009497,PERSON-9496,ordinary,False,,Entirely fictional test record
BEN-009498,PERSON-9497,ordinary,False,,Entirely fictional test record
BEN-009499,PERSON-9498,ordinary,False,,Entirely fictional test record
BEN-009500,PERSON-9499,ordinary,False,,Entirely fictional test record
BEN-009501,PERSON-9500,ordinary,False,,Entirely fictional test record
BEN-009502,PERSON-9501,ordinary,False,,Entirely fictional test record
BEN-009503,PERSON-9502,ordinary,False,,Entirely fictional test record
BEN-009504,PERSON-9503,ordinary,False,,Entirely fictional test record
BEN-009505,PERSON-9504,ordinary,False,,Entirely fictional test record
BEN-009506,PERSON-9505,ordinary,False,,Entirely fictional test record
BEN-009507,PERSON-9506,ordinary,False,,Entirely fictional test record
BEN-009508,PERSON-9507,ordinary,False,,Entirely fictional test record
BEN-009509,PERSON-9508,ordinary,False,,Entirely fictional test record
BEN-009510,PERSON-9509,ordinary,False,,Entirely fictional test record
BEN-009511,PERSON-9510,ordinary,False,,Entirely fictional test record
BEN-009512,PERSON-9511,ordinary,False,,Entirely fictional test record
BEN-009513,PERSON-9512,ordinary,False,,Entirely fictional test record
BEN-009514,PERSON-9513,ordinary,False,,Entirely fictional test record
BEN-009515,PERSON-9514,ordinary,False,,Entirely fictional test record
BEN-009516,PERSON-9515,ordinary,False,,Entirely fictional test record
BEN-009517,PERSON-9516,ordinary,False,,Entirely fictional test record
BEN-009518,PERSON-9517,ordinary,False,,Entirely fictional test record
BEN-009519,PERSON-9518,ordinary,False,,Entirely fictional test record
BEN-009520,PERSON-9519,ordinary,False,,Entirely fictional test record
BEN-009521,PERSON-9520,ordinary,False,,Entirely fictional test record
BEN-009522,PERSON-9521,ordinary,False,,Entirely fictional test record
BEN-009523,PERSON-9522,ordinary,False,,Entirely fictional test record
BEN-009524,PERSON-9523,ordinary,False,,Entirely fictional test record
BEN-009525,PERSON-9524,ordinary,False,,Entirely fictional test record
BEN-009526,PERSON-9525,ordinary,False,,Entirely fictional test record
BEN-009527,PERSON-9526,ordinary,False,,Entirely fictional test record
BEN-009528,PERSON-9527,ordinary,False,,Entirely fictional test record
BEN-009529,PERSON-9528,ordinary,False,,Entirely fictional test record
BEN-009530,PERSON-9529,ordinary,False,,Entirely fictional test record
BEN-009531,PERSON-9530,ordinary,False,,Entirely fictional test record
BEN-009532,PERSON-9531,ordinary,False,,Entirely fictional test record
BEN-009533,PERSON-9532,ordinary,False,,Entirely fictional test record
BEN-009534,PERSON-9533,ordinary,False,,Entirely fictional test record
BEN-009535,PERSON-9534,ordinary,False,,Entirely fictional test record
BEN-009536,PERSON-9535,ordinary,False,,Entirely fictional test record
BEN-009537,PERSON-9536,ordinary,False,,Entirely fictional test record
BEN-009538,PERSON-9537,ordinary,False,,Entirely fictional test record
BEN-009539,PERSON-9538,ordinary,False,,Entirely fictional test record
BEN-009540,PERSON-9539,ordinary,False,,Entirely fictional test record
BEN-009541,PERSON-9540,ordinary,False,,Entirely fictional test record
BEN-009542,PERSON-9541,ordinary,False,,Entirely fictional test record
BEN-009543,PERSON-9542,ordinary,False,,Entirely fictional test record
BEN-009544,PERSON-9543,ordinary,False,,Entirely fictional test record
BEN-009545,PERSON-9544,ordinary,False,,Entirely fictional test record
BEN-009546,PERSON-9545,ordinary,False,,Entirely fictional test record
BEN-009547,PERSON-9546,ordinary,False,,Entirely fictional test record
BEN-009548,PERSON-9547,ordinary,False,,Entirely fictional test record
BEN-009549,PERSON-9548,ordinary,False,,Entirely fictional test record
BEN-009550,PERSON-9549,ordinary,False,,Entirely fictional test record
BEN-009551,PERSON-9550,ordinary,False,,Entirely fictional test record
BEN-009552,PERSON-9551,ordinary,False,,Entirely fictional test record
BEN-009553,PERSON-9552,ordinary,False,,Entirely fictional test record
BEN-009554,PERSON-9553,ordinary,False,,Entirely fictional test record
BEN-009555,PERSON-9554,ordinary,False,,Entirely fictional test record
BEN-009556,PERSON-9555,ordinary,False,,Entirely fictional test record
BEN-009557,PERSON-9556,ordinary,False,,Entirely fictional test record
BEN-009558,PERSON-9557,ordinary,False,,Entirely fictional test record
BEN-009559,PERSON-9558,ordinary,False,,Entirely fictional test record
BEN-009560,PERSON-9559,ordinary,False,,Entirely fictional test record
BEN-009561,PERSON-9560,ordinary,False,,Entirely fictional test record
BEN-009562,PERSON-9561,ordinary,False,,Entirely fictional test record
BEN-009563,PERSON-9562,ordinary,False,,Entirely fictional test record
BEN-009564,PERSON-9563,ordinary,False,,Entirely fictional test record
BEN-009565,PERSON-9564,ordinary,False,,Entirely fictional test record
BEN-009566,PERSON-9565,ordinary,False,,Entirely fictional test record
BEN-009567,PERSON-9566,ordinary,False,,Entirely fictional test record
BEN-009568,PERSON-9567,ordinary,False,,Entirely fictional test record
BEN-009569,PERSON-9568,ordinary,False,,Entirely fictional test record
BEN-009570,PERSON-9569,ordinary,False,,Entirely fictional test record
BEN-009571,PERSON-9570,ordinary,False,,Entirely fictional test record
BEN-009572,PERSON-9571,ordinary,False,,Entirely fictional test record
BEN-009573,PERSON-9572,ordinary,False,,Entirely fictional test record
BEN-009574,PERSON-9573,ordinary,False,,Entirely fictional test record
BEN-009575,PERSON-9574,ordinary,False,,Entirely fictional test record
BEN-009576,PERSON-9575,ordinary,False,,Entirely fictional test record
BEN-009577,PERSON-9576,ordinary,False,,Entirely fictional test record
BEN-009578,PERSON-9577,ordinary,False,,Entirely fictional test record
BEN-009579,PERSON-9578,ordinary,False,,Entirely fictional test record
BEN-009580,PERSON-9579,ordinary,False,,Entirely fictional test record
BEN-009581,PERSON-9580,ordinary,False,,Entirely fictional test record
BEN-009582,PERSON-9581,ordinary,False,,Entirely fictional test record
BEN-009583,PERSON-9582,ordinary,False,,Entirely fictional test record
BEN-009584,PERSON-9583,ordinary,False,,Entirely fictional test record
BEN-009585,PERSON-9584,ordinary,False,,Entirely fictional test record
BEN-009586,PERSON-9585,ordinary,False,,Entirely fictional test record
BEN-009587,PERSON-9586,ordinary,False,,Entirely fictional test record
BEN-009588,PERSON-9587,ordinary,False,,Entirely fictional test record
BEN-009589,PERSON-9588,ordinary,False,,Entirely fictional test record
BEN-009590,PERSON-9589,ordinary,False,,Entirely fictional test record
BEN-009591,PERSON-9590,ordinary,False,,Entirely fictional test record
BEN-009592,PERSON-9591,ordinary,False,,Entirely fictional test record
BEN-009593,PERSON-9592,ordinary,False,,Entirely fictional test record
BEN-009594,PERSON-9593,ordinary,False,,Entirely fictional test record
BEN-009595,PERSON-9594,ordinary,False,,Entirely fictional test record
BEN-009596,PERSON-9595,ordinary,False,,Entirely fictional test record
BEN-009597,PERSON-9596,ordinary,False,,Entirely fictional test record
BEN-009598,PERSON-9597,ordinary,False,,Entirely fictional test record
BEN-009599,PERSON-9598,ordinary,False,,Entirely fictional test record
BEN-009600,PERSON-9599,ordinary,False,,Entirely fictional test record
BEN-009601,PERSON-9600,ordinary,False,,Entirely fictional test record
BEN-009602,PERSON-9601,ordinary,False,,Entirely fictional test record
BEN-009603,PERSON-9602,ordinary,False,,Entirely fictional test record
BEN-009604,PERSON-9603,ordinary,False,,Entirely fictional test record
BEN-009605,PERSON-9604,ordinary,False,,Entirely fictional test record
BEN-009606,PERSON-9605,ordinary,False,,Entirely fictional test record
BEN-009607,PERSON-9606,ordinary,False,,Entirely fictional test record
BEN-009608,PERSON-9607,ordinary,False,,Entirely fictional test record
BEN-009609,PERSON-9608,ordinary,False,,Entirely fictional test record
BEN-009610,PERSON-9609,ordinary,False,,Entirely fictional test record
BEN-009611,PERSON-9610,ordinary,False,,Entirely fictional test record
BEN-009612,PERSON-9611,ordinary,False,,Entirely fictional test record
BEN-009613,PERSON-9612,ordinary,False,,Entirely fictional test record
BEN-009614,PERSON-9613,ordinary,False,,Entirely fictional test record
BEN-009615,PERSON-9614,ordinary,False,,Entirely fictional test record
BEN-009616,PERSON-9615,ordinary,False,,Entirely fictional test record
BEN-009617,PERSON-9616,ordinary,False,,Entirely fictional test record
BEN-009618,PERSON-9617,ordinary,False,,Entirely fictional test record
BEN-009619,PERSON-9618,ordinary,False,,Entirely fictional test record
BEN-009620,PERSON-9619,ordinary,False,,Entirely fictional test record
BEN-009621,PERSON-9620,ordinary,False,,Entirely fictional test record
BEN-009622,PERSON-9621,ordinary,False,,Entirely fictional test record
BEN-009623,PERSON-9622,ordinary,False,,Entirely fictional test record
BEN-009624,PERSON-9623,ordinary,False,,Entirely fictional test record
BEN-009625,PERSON-9624,ordinary,False,,Entirely fictional test record
BEN-009626,PERSON-9625,ordinary,False,,Entirely fictional test record
BEN-009627,PERSON-9626,ordinary,False,,Entirely fictional test record
BEN-009628,PERSON-9627,ordinary,False,,Entirely fictional test record
BEN-009629,PERSON-9628,ordinary,False,,Entirely fictional test record
BEN-009630,PERSON-9629,ordinary,False,,Entirely fictional test record
BEN-009631,PERSON-9630,ordinary,False,,Entirely fictional test record
BEN-009632,PERSON-9631,ordinary,False,,Entirely fictional test record
BEN-009633,PERSON-9632,ordinary,False,,Entirely fictional test record
BEN-009634,PERSON-9633,ordinary,False,,Entirely fictional test record
BEN-009635,PERSON-9634,ordinary,False,,Entirely fictional test record
BEN-009636,PERSON-9635,ordinary,False,,Entirely fictional test record
BEN-009637,PERSON-9636,ordinary,False,,Entirely fictional test record
BEN-009638,PERSON-9637,ordinary,False,,Entirely fictional test record
BEN-009639,PERSON-9638,ordinary,False,,Entirely fictional test record
BEN-009640,PERSON-9639,ordinary,False,,Entirely fictional test record
BEN-009641,PERSON-9640,ordinary,False,,Entirely fictional test record
BEN-009642,PERSON-9641,ordinary,False,,Entirely fictional test record
BEN-009643,PERSON-9642,ordinary,False,,Entirely fictional test record
BEN-009644,PERSON-9643,ordinary,False,,Entirely fictional test record
BEN-009645,PERSON-9644,ordinary,False,,Entirely fictional test record
BEN-009646,PERSON-9645,ordinary,False,,Entirely fictional test record
BEN-009647,PERSON-9646,ordinary,False,,Entirely fictional test record
BEN-009648,PERSON-9647,ordinary,False,,Entirely fictional test record
BEN-009649,PERSON-9648,ordinary,False,,Entirely fictional test record
BEN-009650,PERSON-9649,ordinary,False,,Entirely fictional test record
BEN-009651,PERSON-9650,ordinary,False,,Entirely fictional test record
BEN-009652,PERSON-9651,ordinary,False,,Entirely fictional test record
BEN-009653,PERSON-9652,ordinary,False,,Entirely fictional test record
BEN-009654,PERSON-9653,ordinary,False,,Entirely fictional test record
BEN-009655,PERSON-9654,ordinary,False,,Entirely fictional test record
BEN-009656,PERSON-9655,ordinary,False,,Entirely fictional test record
BEN-009657,PERSON-9656,ordinary,False,,Entirely fictional test record
BEN-009658,PERSON-9657,ordinary,False,,Entirely fictional test record
BEN-009659,PERSON-9658,ordinary,False,,Entirely fictional test record
BEN-009660,PERSON-9659,ordinary,False,,Entirely fictional test record
BEN-009661,PERSON-9660,ordinary,False,,Entirely fictional test record
BEN-009662,PERSON-9661,ordinary,False,,Entirely fictional test record
BEN-009663,PERSON-9662,ordinary,False,,Entirely fictional test record
BEN-009664,PERSON-9663,ordinary,False,,Entirely fictional test record
BEN-009665,PERSON-9664,ordinary,False,,Entirely fictional test record
BEN-009666,PERSON-9665,ordinary,False,,Entirely fictional test record
BEN-009667,PERSON-9666,ordinary,False,,Entirely fictional test record
BEN-009668,PERSON-9667,ordinary,False,,Entirely fictional test record
BEN-009669,PERSON-9668,ordinary,False,,Entirely fictional test record
BEN-009670,PERSON-9669,ordinary,False,,Entirely fictional test record
BEN-009671,PERSON-9670,ordinary,False,,Entirely fictional test record
BEN-009672,PERSON-9671,ordinary,False,,Entirely fictional test record
BEN-009673,PERSON-9672,ordinary,False,,Entirely fictional test record
BEN-009674,PERSON-9673,ordinary,False,,Entirely fictional test record
BEN-009675,PERSON-9674,ordinary,False,,Entirely fictional test record
BEN-009676,PERSON-9675,ordinary,False,,Entirely fictional test record
BEN-009677,PERSON-9676,ordinary,False,,Entirely fictional test record
BEN-009678,PERSON-9677,ordinary,False,,Entirely fictional test record
BEN-009679,PERSON-9678,ordinary,False,,Entirely fictional test record
BEN-009680,PERSON-9679,ordinary,False,,Entirely fictional test record
BEN-009681,PERSON-9680,ordinary,False,,Entirely fictional test record
BEN-009682,PERSON-9681,ordinary,False,,Entirely fictional test record
BEN-009683,PERSON-9682,ordinary,False,,Entirely fictional test record
BEN-009684,PERSON-9683,ordinary,False,,Entirely fictional test record
BEN-009685,PERSON-9684,ordinary,False,,Entirely fictional test record
BEN-009686,PERSON-9685,ordinary,False,,Entirely fictional test record
BEN-009687,PERSON-9686,ordinary,False,,Entirely fictional test record
BEN-009688,PERSON-9687,ordinary,False,,Entirely fictional test record
BEN-009689,PERSON-9688,ordinary,False,,Entirely fictional test record
BEN-009690,PERSON-9689,ordinary,False,,Entirely fictional test record
BEN-009691,PERSON-9690,ordinary,False,,Entirely fictional test record
BEN-009692,PERSON-9691,ordinary,False,,Entirely fictional test record
BEN-009693,PERSON-9692,ordinary,False,,Entirely fictional test record
BEN-009694,PERSON-9693,ordinary,False,,Entirely fictional test record
BEN-009695,PERSON-9694,ordinary,False,,Entirely fictional test record
BEN-009696,PERSON-9695,ordinary,False,,Entirely fictional test record
BEN-009697,PERSON-9696,ordinary,False,,Entirely fictional test record
BEN-009698,PERSON-9697,ordinary,False,,Entirely fictional test record
BEN-009699,PERSON-9698,ordinary,False,,Entirely fictional test record
BEN-009700,PERSON-9699,ordinary,False,,Entirely fictional test record
BEN-009701,PERSON-9700,ordinary,False,,Entirely fictional test record
BEN-009702,PERSON-9701,ordinary,False,,Entirely fictional test record
BEN-009703,PERSON-9702,ordinary,False,,Entirely fictional test record
BEN-009704,PERSON-9703,ordinary,False,,Entirely fictional test record
BEN-009705,PERSON-9704,ordinary,False,,Entirely fictional test record
BEN-009706,PERSON-9705,ordinary,False,,Entirely fictional test record
BEN-009707,PERSON-9706,ordinary,False,,Entirely fictional test record
BEN-009708,PERSON-9707,ordinary,False,,Entirely fictional test record
BEN-009709,PERSON-9708,ordinary,False,,Entirely fictional test record
BEN-009710,PERSON-9709,ordinary,False,,Entirely fictional test record
BEN-009711,PERSON-9710,ordinary,False,,Entirely fictional test record
BEN-009712,PERSON-9711,ordinary,False,,Entirely fictional test record
BEN-009713,PERSON-9712,ordinary,False,,Entirely fictional test record
BEN-009714,PERSON-9713,ordinary,False,,Entirely fictional test record
BEN-009715,PERSON-9714,ordinary,False,,Entirely fictional test record
BEN-009716,PERSON-9715,ordinary,False,,Entirely fictional test record
BEN-009717,PERSON-9716,ordinary,False,,Entirely fictional test record
BEN-009718,PERSON-9717,ordinary,False,,Entirely fictional test record
BEN-009719,PERSON-9718,ordinary,False,,Entirely fictional test record
BEN-009720,PERSON-9719,ordinary,False,,Entirely fictional test record
BEN-009721,PERSON-9720,ordinary,False,,Entirely fictional test record
BEN-009722,PERSON-9721,ordinary,False,,Entirely fictional test record
BEN-009723,PERSON-9722,ordinary,False,,Entirely fictional test record
BEN-009724,PERSON-9723,ordinary,False,,Entirely fictional test record
BEN-009725,PERSON-9724,ordinary,False,,Entirely fictional test record
BEN-009726,PERSON-9725,ordinary,False,,Entirely fictional test record
BEN-009727,PERSON-9726,ordinary,False,,Entirely fictional test record
BEN-009728,PERSON-9727,ordinary,False,,Entirely fictional test record
BEN-009729,PERSON-9728,ordinary,False,,Entirely fictional test record
BEN-009730,PERSON-9729,ordinary,False,,Entirely fictional test record
BEN-009731,PERSON-9730,ordinary,False,,Entirely fictional test record
BEN-009732,PERSON-9731,ordinary,False,,Entirely fictional test record
BEN-009733,PERSON-9732,ordinary,False,,Entirely fictional test record
BEN-009734,PERSON-9733,ordinary,False,,Entirely fictional test record
BEN-009735,PERSON-9734,ordinary,False,,Entirely fictional test record
BEN-009736,PERSON-9735,ordinary,False,,Entirely fictional test record
BEN-009737,PERSON-9736,ordinary,False,,Entirely fictional test record
BEN-009738,PERSON-9737,ordinary,False,,Entirely fictional test record
BEN-009739,PERSON-9738,ordinary,False,,Entirely fictional test record
BEN-009740,PERSON-9739,ordinary,False,,Entirely fictional test record
BEN-009741,PERSON-9740,ordinary,False,,Entirely fictional test record
BEN-009742,PERSON-9741,ordinary,False,,Entirely fictional test record
BEN-009743,PERSON-9742,ordinary,False,,Entirely fictional test record
BEN-009744,PERSON-9743,ordinary,False,,Entirely fictional test record
BEN-009745,PERSON-9744,ordinary,False,,Entirely fictional test record
BEN-009746,PERSON-9745,ordinary,False,,Entirely fictional test record
BEN-009747,PERSON-9746,ordinary,False,,Entirely fictional test record
BEN-009748,PERSON-9747,ordinary,False,,Entirely fictional test record
BEN-009749,PERSON-9748,ordinary,False,,Entirely fictional test record
BEN-009750,PERSON-9749,ordinary,False,,Entirely fictional test record
BEN-009751,PERSON-9750,ordinary,False,,Entirely fictional test record
BEN-009752,PERSON-9751,ordinary,False,,Entirely fictional test record
BEN-009753,PERSON-9752,ordinary,False,,Entirely fictional test record
BEN-009754,PERSON-9753,ordinary,False,,Entirely fictional test record
BEN-009755,PERSON-9754,ordinary,False,,Entirely fictional test record
BEN-009756,PERSON-9755,ordinary,False,,Entirely fictional test record
BEN-009757,PERSON-9756,ordinary,False,,Entirely fictional test record
BEN-009758,PERSON-9757,ordinary,False,,Entirely fictional test record
BEN-009759,PERSON-9758,ordinary,False,,Entirely fictional test record
BEN-009760,PERSON-9759,ordinary,False,,Entirely fictional test record
BEN-009761,PERSON-9760,ordinary,False,,Entirely fictional test record
BEN-009762,PERSON-9761,ordinary,False,,Entirely fictional test record
BEN-009763,PERSON-9762,ordinary,False,,Entirely fictional test record
BEN-009764,PERSON-9763,ordinary,False,,Entirely fictional test record
BEN-009765,PERSON-9764,ordinary,False,,Entirely fictional test record
BEN-009766,PERSON-9765,ordinary,False,,Entirely fictional test record
BEN-009767,PERSON-9766,ordinary,False,,Entirely fictional test record
BEN-009768,PERSON-9767,ordinary,False,,Entirely fictional test record
BEN-009769,PERSON-9768,ordinary,False,,Entirely fictional test record
BEN-009770,PERSON-9769,ordinary,False,,Entirely fictional test record
BEN-009771,PERSON-9770,ordinary,False,,Entirely fictional test record
BEN-009772,PERSON-9771,ordinary,False,,Entirely fictional test record
BEN-009773,PERSON-9772,ordinary,False,,Entirely fictional test record
BEN-009774,PERSON-9773,ordinary,False,,Entirely fictional test record
BEN-009775,PERSON-9774,ordinary,False,,Entirely fictional test record
BEN-009776,PERSON-9775,ordinary,False,,Entirely fictional test record
BEN-009777,PERSON-9776,ordinary,False,,Entirely fictional test record
BEN-009778,PERSON-9777,ordinary,False,,Entirely fictional test record
BEN-009779,PERSON-9778,ordinary,False,,Entirely fictional test record
BEN-009780,PERSON-9779,ordinary,False,,Entirely fictional test record
BEN-009781,PERSON-9780,ordinary,False,,Entirely fictional test record
BEN-009782,PERSON-9781,ordinary,False,,Entirely fictional test record
BEN-009783,PERSON-9782,ordinary,False,,Entirely fictional test record
BEN-009784,PERSON-9783,ordinary,False,,Entirely fictional test record
BEN-009785,PERSON-9784,ordinary,False,,Entirely fictional test record
BEN-009786,PERSON-9785,ordinary,False,,Entirely fictional test record
BEN-009787,PERSON-9786,ordinary,False,,Entirely fictional test record
BEN-009788,PERSON-9787,ordinary,False,,Entirely fictional test record
BEN-009789,PERSON-9788,ordinary,False,,Entirely fictional test record
BEN-009790,PERSON-9789,ordinary,False,,Entirely fictional test record
BEN-009791,PERSON-9790,ordinary,False,,Entirely fictional test record
BEN-009792,PERSON-9791,ordinary,False,,Entirely fictional test record
BEN-009793,PERSON-9792,ordinary,False,,Entirely fictional test record
BEN-009794,PERSON-9793,ordinary,False,,Entirely fictional test record
BEN-009795,PERSON-9794,ordinary,False,,Entirely fictional test record
BEN-009796,PERSON-9795,ordinary,False,,Entirely fictional test record
BEN-009797,PERSON-9796,ordinary,False,,Entirely fictional test record
BEN-009798,PERSON-9797,ordinary,False,,Entirely fictional test record
BEN-009799,PERSON-9798,ordinary,False,,Entirely fictional test record
BEN-009800,PERSON-9799,ordinary,False,,Entirely fictional test record
BEN-009801,PERSON-9800,ordinary,False,,Entirely fictional test record
BEN-009802,PERSON-9801,ordinary,False,,Entirely fictional test record
BEN-009803,PERSON-9802,ordinary,False,,Entirely fictional test record
BEN-009804,PERSON-9803,ordinary,False,,Entirely fictional test record
BEN-009805,PERSON-9804,ordinary,False,,Entirely fictional test record
BEN-009806,PERSON-9805,ordinary,False,,Entirely fictional test record
BEN-009807,PERSON-9806,ordinary,False,,Entirely fictional test record
BEN-009808,PERSON-9807,ordinary,False,,Entirely fictional test record
BEN-009809,PERSON-9808,ordinary,False,,Entirely fictional test record
BEN-009810,PERSON-9809,ordinary,False,,Entirely fictional test record
BEN-009811,PERSON-9810,ordinary,False,,Entirely fictional test record
BEN-009812,PERSON-9811,ordinary,False,,Entirely fictional test record
BEN-009813,PERSON-9812,ordinary,False,,Entirely fictional test record
BEN-009814,PERSON-9813,ordinary,False,,Entirely fictional test record
BEN-009815,PERSON-9814,ordinary,False,,Entirely fictional test record
BEN-009816,PERSON-9815,ordinary,False,,Entirely fictional test record
BEN-009817,PERSON-9816,ordinary,False,,Entirely fictional test record
BEN-009818,PERSON-9817,ordinary,False,,Entirely fictional test record
BEN-009819,PERSON-9818,ordinary,False,,Entirely fictional test record
BEN-009820,PERSON-9819,ordinary,False,,Entirely fictional test record
BEN-009821,PERSON-9820,ordinary,False,,Entirely fictional test record
BEN-009822,PERSON-9821,ordinary,False,,Entirely fictional test record
BEN-009823,PERSON-9822,ordinary,False,,Entirely fictional test record
BEN-009824,PERSON-9823,ordinary,False,,Entirely fictional test record
BEN-009825,PERSON-9824,ordinary,False,,Entirely fictional test record
BEN-009826,PERSON-9825,ordinary,False,,Entirely fictional test record
BEN-009827,PERSON-9826,ordinary,False,,Entirely fictional test record
BEN-009828,PERSON-9827,ordinary,False,,Entirely fictional test record
BEN-009829,PERSON-9828,ordinary,False,,Entirely fictional test record
BEN-009830,PERSON-9829,ordinary,False,,Entirely fictional test record
BEN-009831,PERSON-9830,ordinary,False,,Entirely fictional test record
BEN-009832,PERSON-9831,ordinary,False,,Entirely fictional test record
BEN-009833,PERSON-9832,ordinary,False,,Entirely fictional test record
BEN-009834,PERSON-9833,ordinary,False,,Entirely fictional test record
BEN-009835,PERSON-9834,ordinary,False,,Entirely fictional test record
BEN-009836,PERSON-9835,ordinary,False,,Entirely fictional test record
BEN-009837,PERSON-9836,ordinary,False,,Entirely fictional test record
BEN-009838,PERSON-9837,ordinary,False,,Entirely fictional test record
BEN-009839,PERSON-9838,ordinary,False,,Entirely fictional test record
BEN-009840,PERSON-9839,ordinary,False,,Entirely fictional test record
BEN-009841,PERSON-9840,ordinary,False,,Entirely fictional test record
BEN-009842,PERSON-9841,ordinary,False,,Entirely fictional test record
BEN-009843,PERSON-9842,ordinary,False,,Entirely fictional test record
BEN-009844,PERSON-9843,ordinary,False,,Entirely fictional test record
BEN-009845,PERSON-9844,ordinary,False,,Entirely fictional test record
BEN-009846,PERSON-9845,ordinary,False,,Entirely fictional test record
BEN-009847,PERSON-9846,ordinary,False,,Entirely fictional test record
BEN-009848,PERSON-9847,ordinary,False,,Entirely fictional test record
BEN-009849,PERSON-9848,ordinary,False,,Entirely fictional test record
BEN-009850,PERSON-9849,ordinary,False,,Entirely fictional test record
BEN-009851,PERSON-9850,ordinary,False,,Entirely fictional test record
BEN-009852,PERSON-9851,ordinary,False,,Entirely fictional test record
BEN-009853,PERSON-9852,ordinary,False,,Entirely fictional test record
BEN-009854,PERSON-9853,ordinary,False,,Entirely fictional test record
BEN-009855,PERSON-9854,ordinary,False,,Entirely fictional test record
BEN-009856,PERSON-9855,ordinary,False,,Entirely fictional test record
BEN-009857,PERSON-9856,ordinary,False,,Entirely fictional test record
BEN-009858,PERSON-9857,ordinary,False,,Entirely fictional test record
BEN-009859,PERSON-9858,ordinary,False,,Entirely fictional test record
BEN-009860,PERSON-9859,ordinary,False,,Entirely fictional test record
BEN-009861,PERSON-9860,ordinary,False,,Entirely fictional test record
BEN-009862,PERSON-9861,ordinary,False,,Entirely fictional test record
BEN-009863,PERSON-9862,ordinary,False,,Entirely fictional test record
BEN-009864,PERSON-9863,ordinary,False,,Entirely fictional test record
BEN-009865,PERSON-9864,ordinary,False,,Entirely fictional test record
BEN-009866,PERSON-9865,ordinary,False,,Entirely fictional test record
BEN-009867,PERSON-9866,ordinary,False,,Entirely fictional test record
BEN-009868,PERSON-9867,ordinary,False,,Entirely fictional test record
BEN-009869,PERSON-9868,ordinary,False,,Entirely fictional test record
BEN-009870,PERSON-9869,ordinary,False,,Entirely fictional test record
BEN-009871,PERSON-9870,ordinary,False,,Entirely fictional test record
BEN-009872,PERSON-9871,ordinary,False,,Entirely fictional test record
BEN-009873,PERSON-9872,ordinary,False,,Entirely fictional test record
BEN-009874,PERSON-9873,ordinary,False,,Entirely fictional test record
BEN-009875,PERSON-9874,ordinary,False,,Entirely fictional test record
BEN-009876,PERSON-9875,ordinary,False,,Entirely fictional test record
BEN-009877,PERSON-9876,ordinary,False,,Entirely fictional test record
BEN-009878,PERSON-9877,ordinary,False,,Entirely fictional test record
BEN-009879,PERSON-9878,ordinary,False,,Entirely fictional test record
BEN-009880,PERSON-9879,ordinary,False,,Entirely fictional test record
BEN-009881,PERSON-9880,ordinary,False,,Entirely fictional test record
BEN-009882,PERSON-9881,ordinary,False,,Entirely fictional test record
BEN-009883,PERSON-9882,ordinary,False,,Entirely fictional test record
BEN-009884,PERSON-9883,ordinary,False,,Entirely fictional test record
BEN-009885,PERSON-9884,ordinary,False,,Entirely fictional test record
BEN-009886,PERSON-9885,ordinary,False,,Entirely fictional test record
BEN-009887,PERSON-9886,ordinary,False,,Entirely fictional test record
BEN-009888,PERSON-9887,ordinary,False,,Entirely fictional test record
BEN-009889,PERSON-9888,ordinary,False,,Entirely fictional test record
BEN-009890,PERSON-9889,ordinary,False,,Entirely fictional test record
BEN-009891,PERSON-9890,ordinary,False,,Entirely fictional test record
BEN-009892,PERSON-9891,ordinary,False,,Entirely fictional test record
BEN-009893,PERSON-9892,ordinary,False,,Entirely fictional test record
BEN-009894,PERSON-9893,ordinary,False,,Entirely fictional test record
BEN-009895,PERSON-9894,ordinary,False,,Entirely fictional test record
BEN-009896,PERSON-9895,ordinary,False,,Entirely fictional test record
BEN-009897,PERSON-9896,ordinary,False,,Entirely fictional test record
BEN-009898,PERSON-9897,ordinary,False,,Entirely fictional test record
BEN-009899,PERSON-9898,ordinary,False,,Entirely fictional test record
BEN-009900,PERSON-9899,ordinary,False,,Entirely fictional test record
BEN-009901,PERSON-9900,ordinary,False,,Entirely fictional test record
BEN-009902,PERSON-9901,ordinary,False,,Entirely fictional test record
BEN-009903,PERSON-9902,ordinary,False,,Entirely fictional test record
BEN-009904,PERSON-9903,ordinary,False,,Entirely fictional test record
BEN-009905,PERSON-9904,ordinary,False,,Entirely fictional test record
BEN-009906,PERSON-9905,ordinary,False,,Entirely fictional test record
BEN-009907,PERSON-9906,ordinary,False,,Entirely fictional test record
BEN-009908,PERSON-9907,ordinary,False,,Entirely fictional test record
BEN-009909,PERSON-9908,ordinary,False,,Entirely fictional test record
BEN-009910,PERSON-9909,ordinary,False,,Entirely fictional test record
BEN-009911,PERSON-9910,ordinary,False,,Entirely fictional test record
BEN-009912,PERSON-9911,ordinary,False,,Entirely fictional test record
BEN-009913,PERSON-9912,ordinary,False,,Entirely fictional test record
BEN-009914,PERSON-9913,ordinary,False,,Entirely fictional test record
BEN-009915,PERSON-9914,ordinary,False,,Entirely fictional test record
BEN-009916,PERSON-9915,ordinary,False,,Entirely fictional test record
BEN-009917,PERSON-9916,ordinary,False,,Entirely fictional test record
BEN-009918,PERSON-9917,ordinary,False,,Entirely fictional test record
BEN-009919,PERSON-9918,ordinary,False,,Entirely fictional test record
BEN-009920,PERSON-9919,ordinary,False,,Entirely fictional test record
BEN-009921,PERSON-9920,ordinary,False,,Entirely fictional test record
BEN-009922,PERSON-9921,ordinary,False,,Entirely fictional test record
BEN-009923,PERSON-9922,ordinary,False,,Entirely fictional test record
BEN-009924,PERSON-9923,ordinary,False,,Entirely fictional test record
BEN-009925,PERSON-9924,ordinary,False,,Entirely fictional test record
BEN-009926,PERSON-9925,ordinary,False,,Entirely fictional test record
BEN-009927,PERSON-9926,ordinary,False,,Entirely fictional test record
BEN-009928,PERSON-9927,ordinary,False,,Entirely fictional test record
BEN-009929,PERSON-9928,ordinary,False,,Entirely fictional test record
BEN-009930,PERSON-9929,ordinary,False,,Entirely fictional test record
BEN-009931,PERSON-9930,ordinary,False,,Entirely fictional test record
BEN-009932,PERSON-9931,ordinary,False,,Entirely fictional test record
BEN-009933,PERSON-9932,ordinary,False,,Entirely fictional test record
BEN-009934,PERSON-9933,ordinary,False,,Entirely fictional test record
BEN-009935,PERSON-9934,ordinary,False,,Entirely fictional test record
BEN-009936,PERSON-9935,ordinary,False,,Entirely fictional test record
BEN-009937,PERSON-9936,ordinary,False,,Entirely fictional test record
BEN-009938,PERSON-9937,ordinary,False,,Entirely fictional test record
BEN-009939,PERSON-9938,ordinary,False,,Entirely fictional test record
BEN-009940,PERSON-9939,ordinary,False,,Entirely fictional test record
BEN-009941,PERSON-9940,ordinary,False,,Entirely fictional test record
BEN-009942,PERSON-9941,ordinary,False,,Entirely fictional test record
BEN-009943,PERSON-9942,ordinary,False,,Entirely fictional test record
BEN-009944,PERSON-9943,ordinary,False,,Entirely fictional test record
BEN-009945,PERSON-9944,ordinary,False,,Entirely fictional test record
BEN-009946,PERSON-9945,ordinary,False,,Entirely fictional test record
BEN-009947,PERSON-9946,ordinary,False,,Entirely fictional test record
BEN-009948,PERSON-9947,ordinary,False,,Entirely fictional test record
BEN-009949,PERSON-9948,ordinary,False,,Entirely fictional test record
BEN-009950,PERSON-9949,ordinary,False,,Entirely fictional test record
BEN-009951,PERSON-9950,ordinary,False,,Entirely fictional test record
BEN-009952,PERSON-9951,ordinary,False,,Entirely fictional test record
BEN-009953,PERSON-9952,ordinary,False,,Entirely fictional test record
BEN-009954,PERSON-9953,ordinary,False,,Entirely fictional test record
BEN-009955,PERSON-9954,ordinary,False,,Entirely fictional test record
BEN-009956,PERSON-9955,ordinary,False,,Entirely fictional test record
BEN-009957,PERSON-9956,ordinary,False,,Entirely fictional test record
BEN-009958,PERSON-9957,ordinary,False,,Entirely fictional test record
BEN-009959,PERSON-9958,ordinary,False,,Entirely fictional test record
BEN-009960,PERSON-9959,ordinary,False,,Entirely fictional test record
BEN-009961,PERSON-9960,ordinary,False,,Entirely fictional test record
BEN-009962,PERSON-9961,ordinary,False,,Entirely fictional test record
BEN-009963,PERSON-9962,ordinary,False,,Entirely fictional test record
BEN-009964,PERSON-9963,ordinary,False,,Entirely fictional test record
BEN-009965,PERSON-9964,ordinary,False,,Entirely fictional test record
BEN-009966,PERSON-9965,ordinary,False,,Entirely fictional test record
BEN-009967,PERSON-9966,ordinary,False,,Entirely fictional test record
BEN-009968,PERSON-9967,ordinary,False,,Entirely fictional test record
BEN-009969,PERSON-9968,ordinary,False,,Entirely fictional test record
BEN-009970,PERSON-9969,ordinary,False,,Entirely fictional test record
BEN-009971,PERSON-9970,ordinary,False,,Entirely fictional test record
BEN-009972,PERSON-9971,ordinary,False,,Entirely fictional test record
BEN-009973,PERSON-9972,ordinary,False,,Entirely fictional test record
BEN-009974,PERSON-9973,ordinary,False,,Entirely fictional test record
BEN-009975,PERSON-9974,ordinary,False,,Entirely fictional test record
BEN-009976,PERSON-9975,ordinary,False,,Entirely fictional test record
BEN-009977,PERSON-9976,ordinary,False,,Entirely fictional test record
BEN-009978,PERSON-9977,ordinary,False,,Entirely fictional test record
BEN-009979,PERSON-9978,ordinary,False,,Entirely fictional test record
BEN-009980,PERSON-9979,ordinary,False,,Entirely fictional test record
BEN-009981,PERSON-9980,ordinary,False,,Entirely fictional test record
BEN-009982,PERSON-9981,ordinary,False,,Entirely fictional test record
BEN-009983,PERSON-9982,ordinary,False,,Entirely fictional test record
BEN-009984,PERSON-9983,ordinary,False,,Entirely fictional test record
BEN-009985,PERSON-9984,ordinary,False,,Entirely fictional test record
BEN-009986,PERSON-9985,ordinary,False,,Entirely fictional test record
BEN-009987,PERSON-9986,ordinary,False,,Entirely fictional test record
BEN-009988,PERSON-9987,ordinary,False,,Entirely fictional test record
BEN-009989,PERSON-9988,ordinary,False,,Entirely fictional test record
BEN-009990,PERSON-9989,ordinary,False,,Entirely fictional test record
BEN-009991,PERSON-9990,ordinary,False,,Entirely fictional test record
BEN-009992,PERSON-9991,ordinary,False,,Entirely fictional test record
BEN-009993,PERSON-9992,ordinary,False,,Entirely fictional test record
BEN-009994,PERSON-9993,ordinary,False,,Entirely fictional test record
BEN-009995,PERSON-9994,ordinary,False,,Entirely fictional test record
BEN-009996,PERSON-9995,ordinary,False,,Entirely fictional test record
BEN-009997,PERSON-9996,ordinary,False,,Entirely fictional test record
BEN-009998,PERSON-9997,ordinary,False,,Entirely fictional test record
BEN-009999,PERSON-9998,ordinary,False,,Entirely fictional test record
BEN-010000,PERSON-9999,ordinary,False,,Entirely fictional test record
