application_id,beneficiary_id,scheme_id,academic_year,institution_id,enrollment_status,income_band,application_status,approved_amount,application_date
APP-0000434,BEN-000064,SCH-01,2024-25,INST-0056,ENROLLED,UP_TO_100K,APPROVED,38750.00,2024-09-10
APP-0000861,BEN-000047,SCH-04,2025-26,INST-0027,ENROLLED,100K_TO_250K,APPROVED,20500.00,2025-09-19
APP-0000493,BEN-000938,SCH-01,2024-25,INST-0030,ENROLLED,UP_TO_100K,APPROVED,35500.00,2024-09-18
APP-0000504,BEN-000202,SCH-02,2023-24,INST-0006,ENROLLED,100K_TO_250K,APPROVED,27500.00,2023-09-21
APP-0000113,BEN-000662,SCH-04,2025-26,INST-0073,UNVERIFIED,100K_TO_250K,CANCELLED,0.00,2025-08-03
APP-0001084,BEN-000552,SCH-03,2023-24,INST-0033,ENROLLED,100K_TO_250K,APPROVED,6750.00,2023-09-06
APP-0000583,BEN-000693,SCH-02,2023-24,INST-0076,ENROLLED,UP_TO_100K,APPROVED,27500.00,2023-08-11
APP-0001270,BEN-000754,SCH-05,2023-24,INST-0005,NOT_FOUND,100K_TO_250K,REJECTED,0.00,2023-10-21
APP-0000482,BEN-000341,SCH-03,2024-25,INST-0086,ENROLLED,100K_TO_250K,APPROVED,8000.00,2024-10-18
APP-0000501,BEN-000188,SCH-02,2023-24,INST-0023,ENROLLED,100K_TO_250K,APPROVED,28500.00,2023-07-23
APP-0000438,BEN-000492,SCH-04,2023-24,INST-0016,ENROLLED,100K_TO_250K,APPROVED,8750.00,2023-09-09
APP-0000626,BEN-000642,SCH-01,2025-26,INST-0071,ENROLLED,100K_TO_250K,APPROVED,31500.00,2025-10-23
APP-0000291,BEN-000077,SCH-05,2025-26,INST-0047,ENROLLED,UP_TO_100K,APPROVED,18500.00,2025-07-19
APP-0000808,BEN-000125,SCH-03,2025-26,INST-0035,ENROLLED,UP_TO_100K,APPROVED,6750.00,2025-09-14
APP-0000849,BEN-000084,SCH-01,2023-24,INST-0080,ENROLLED,UP_TO_100K,APPROVED,45250.00,2023-10-04
APP-0000021,BEN-000865,SCH-04,2025-26,INST-0047,ENROLLED,UP_TO_100K,APPROVED,12500.00,2025-08-31
APP-0000842,BEN-000558,SCH-02,2023-24,INST-0019,ENROLLED,UP_TO_100K,APPROVED,25750.00,2023-08-18
APP-0000098,BEN-000579,SCH-04,2023-24,INST-0030,ENROLLED,UP_TO_100K,APPROVED,13500.00,2023-09-02
APP-0001282,BEN-000659,SCH-06,2023-24,INST-0015,ENROLLED,100K_TO_250K,APPROVED,7250.00,2023-08-10
APP-0000166,BEN-000336,SCH-01,2023-24,INST-0061,ENROLLED,100K_TO_250K,APPROVED,19000.00,2023-08-22
APP-0000723,BEN-000468,SCH-05,2025-26,INST-0004,ENROLLED,UP_TO_100K,APPROVED,24750.00,2025-11-01
APP-0001076,BEN-000042,SCH-02,2023-24,INST-0088,ENROLLED,100K_TO_250K,APPROVED,25000.00,2023-09-16
APP-0000898,BEN-000329,SCH-01,2023-24,INST-0049,ENROLLED,100K_TO_250K,APPROVED,54000.00,2023-10-04
APP-0000457,BEN-000792,SCH-02,2025-26,INST-0047,ENROLLED,UP_TO_100K,APPROVED,28250.00,2025-10-12
APP-0000933,BEN-000745,SCH-03,2024-25,INST-0060,ENROLLED,UP_TO_100K,APPROVED,8250.00,2024-09-20
APP-0001108,BEN-000236,SCH-03,2025-26,INST-0042,NOT_FOUND,100K_TO_250K,REJECTED,0.00,2025-09-03
APP-0001118,BEN-001000,SCH-02,2025-26,INST-0008,ENROLLED,UP_TO_100K,APPROVED,32750.00,2025-10-08
APP-0001234,BEN-000574,SCH-03,2023-24,INST-0076,ENROLLED,UP_TO_100K,APPROVED,4750.00,2023-09-07
APP-0000011,BEN-000054,SCH-04,2024-25,INST-0005,COMPLETED,100K_TO_250K,REJECTED,0.00,2024-08-16
APP-0000514,BEN-000993,SCH-01,2025-26,INST-0048,UNVERIFIED,100K_TO_250K,REJECTED,0.00,2025-10-18
APP-0001391,BEN-000577,SCH-01,2024-25,INST-0042,ENROLLED,UP_TO_100K,APPROVED,22750.00,2024-07-18
APP-0000119,BEN-000769,SCH-02,2025-26,INST-0007,ENROLLED,UP_TO_100K,APPROVED,44250.00,2025-10-14
APP-0000557,BEN-000858,SCH-04,2023-24,INST-0008,ENROLLED,UP_TO_100K,APPROVED,10750.00,2023-10-06
APP-0000915,BEN-000030,SCH-01,2023-24,INST-0008,ENROLLED,UP_TO_100K,APPROVED,30750.00,2023-07-15
APP-0001409,BEN-000717,SCH-01,2024-25,INST-0029,ENROLLED,UP_TO_100K,APPROVED,30250.00,2024-08-07
APP-0000773,BEN-000682,SCH-01,2024-25,INST-0008,ENROLLED,100K_TO_250K,APPROVED,30250.00,2024-09-04
APP-0000388,BEN-000503,SCH-04,2024-25,INST-0095,ENROLLED,100K_TO_250K,APPROVED,16750.00,2024-10-25
APP-0001262,BEN-000788,SCH-03,2024-25,INST-0043,ENROLLED,100K_TO_250K,APPROVED,7750.00,2024-10-20
APP-0000476,BEN-000396,SCH-03,2025-26,INST-0029,ENROLLED,100K_TO_250K,APPROVED,8750.00,2025-09-06
APP-0000343,BEN-000807,SCH-01,2024-25,INST-0071,ENROLLED,UP_TO_100K,APPROVED,20000.00,2024-10-13
APP-0000931,BEN-000003,SCH-01,2023-24,INST-0047,ENROLLED,100K_TO_250K,APPROVED,43500.00,2023-08-01
APP-0000705,BEN-000577,SCH-01,2025-26,INST-0042,NOT_FOUND,UP_TO_100K,REJECTED,0.00,2025-09-16
APP-0000826,BEN-000425,SCH-01,2024-25,INST-0061,ENROLLED,100K_TO_250K,APPROVED,20250.00,2024-10-28
APP-0000863,BEN-000517,SCH-04,2025-26,INST-0003,ENROLLED,UP_TO_100K,APPROVED,13500.00,2025-07-27
APP-0000360,BEN-000652,SCH-01,2025-26,INST-0021,ENROLLED,100K_TO_250K,APPROVED,31500.00,2025-09-19
APP-0000245,BEN-000343,SCH-02,2025-26,INST-0080,ENROLLED,250K_TO_500K,APPROVED,38250.00,2025-08-27
APP-0000972,BEN-000180,SCH-02,2024-25,INST-0008,ENROLLED,UP_TO_100K,APPROVED,25250.00,2024-10-26
APP-0001206,BEN-000272,SCH-01,2024-25,INST-0016,ENROLLED,100K_TO_250K,APPROVED,47500.00,2024-10-05
APP-0000715,BEN-000373,SCH-03,2025-26,INST-0038,ENROLLED,100K_TO_250K,APPROVED,4750.00,2025-07-26
APP-0000572,BEN-000695,SCH-02,2023-24,INST-0024,ENROLLED,100K_TO_250K,APPROVED,36250.00,2023-07-26
APP-0000289,BEN-000222,SCH-03,2023-24,INST-0045,ENROLLED,100K_TO_250K,APPROVED,9750.00,2023-08-16
APP-0000913,BEN-000137,SCH-02,2023-24,INST-0088,ENROLLED,100K_TO_250K,APPROVED,25000.00,2023-09-24
APP-0000830,BEN-000504,SCH-06,2025-26,INST-0059,ENROLLED,UP_TO_100K,APPROVED,8000.00,2025-08-06
APP-0000800,BEN-000100,SCH-05,2025-26,INST-0070,ENROLLED,100K_TO_250K,APPROVED,15250.00,2025-07-18
APP-0000124,BEN-000290,SCH-02,2025-26,INST-0059,ENROLLED,UP_TO_100K,APPROVED,27500.00,2025-07-24
APP-0000472,BEN-000722,SCH-02,2025-26,INST-0003,ENROLLED,100K_TO_250K,APPROVED,27250.00,2025-07-19
APP-0000608,BEN-000934,SCH-01,2025-26,INST-0011,ENROLLED,UP_TO_100K,APPROVED,18750.00,2025-07-17
APP-0001205,BEN-000054,SCH-01,2024-25,INST-0005,ENROLLED,100K_TO_250K,APPROVED,40250.00,2024-10-15
APP-0000739,BEN-000167,SCH-04,2024-25,INST-0029,ENROLLED,UP_TO_100K,APPROVED,8750.00,2024-09-18
APP-0000577,BEN-000494,SCH-02,2024-25,INST-0057,ENROLLED,100K_TO_250K,APPROVED,21750.00,2024-07-20
APP-0000016,BEN-000181,SCH-05,2024-25,INST-0035,ENROLLED,100K_TO_250K,APPROVED,26750.00,2024-10-21
APP-0000154,BEN-000023,SCH-03,2024-25,INST-0096,ENROLLED,100K_TO_250K,APPROVED,4000.00,2024-09-23
APP-0000796,BEN-000777,SCH-04,2023-24,INST-0005,ENROLLED,UP_TO_100K,APPROVED,9000.00,2023-10-12
APP-0000206,BEN-000818,SCH-03,2023-24,INST-0046,ENROLLED,UP_TO_100K,APPROVED,4500.00,2023-09-05
APP-0000904,BEN-000915,SCH-02,2023-24,INST-0045,ENROLLED,100K_TO_250K,APPROVED,60250.00,2023-08-14
APP-0001030,BEN-000061,SCH-06,2025-26,INST-0062,ENROLLED,100K_TO_250K,APPROVED,13500.00,2025-09-08
APP-0000048,BEN-000865,SCH-02,2025-26,INST-0047,ENROLLED,UP_TO_100K,APPROVED,55250.00,2025-09-23
APP-0001015,BEN-000049,SCH-02,2023-24,INST-0007,ENROLLED,100K_TO_250K,APPROVED,30250.00,2023-08-24
APP-0000924,BEN-000969,SCH-01,2025-26,INST-0029,UNVERIFIED,100K_TO_250K,PENDING,0.00,2025-07-20
APP-0000844,BEN-000624,SCH-02,2024-25,INST-0021,ENROLLED,UP_TO_100K,APPROVED,47250.00,2024-07-23
APP-0000566,BEN-000340,SCH-04,2025-26,INST-0006,ENROLLED,100K_TO_250K,APPROVED,11750.00,2025-07-28
APP-0001000,BEN-000128,SCH-04,2025-26,INST-0061,ENROLLED,100K_TO_250K,APPROVED,16000.00,2025-10-12
APP-0000809,BEN-000750,SCH-01,2025-26,INST-0028,ENROLLED,100K_TO_250K,APPROVED,24000.00,2025-07-26
APP-0000047,BEN-000862,SCH-02,2024-25,INST-0049,ENROLLED,250K_TO_500K,APPROVED,31500.00,2024-09-18
APP-0000757,BEN-000759,SCH-05,2024-25,INST-0096,ENROLLED,100K_TO_250K,APPROVED,17250.00,2024-09-18
APP-0001255,BEN-000483,SCH-02,2023-24,INST-0080,ENROLLED,250K_TO_500K,APPROVED,35500.00,2023-08-29
APP-0001059,BEN-000601,SCH-05,2024-25,INST-0013,ENROLLED,100K_TO_250K,APPROVED,16250.00,2024-09-04
APP-0000494,BEN-000127,SCH-01,2023-24,INST-0041,ENROLLED,UP_TO_100K,APPROVED,41500.00,2023-08-19
APP-0001275,BEN-000264,SCH-01,2025-26,INST-0067,ENROLLED,UP_TO_100K,APPROVED,15500.00,2025-07-22
APP-0000667,BEN-000925,SCH-05,2024-25,INST-0046,ENROLLED,100K_TO_250K,APPROVED,18000.00,2024-07-21
APP-0000768,BEN-000831,SCH-01,2023-24,INST-0031,ENROLLED,100K_TO_250K,APPROVED,34500.00,2023-09-25
APP-0000644,BEN-000129,SCH-05,2023-24,INST-0045,ENROLLED,UP_TO_100K,APPROVED,19250.00,2023-08-26
APP-0000134,BEN-000048,SCH-01,2025-26,INST-0002,UNVERIFIED,100K_TO_250K,REJECTED,0.00,2025-10-10
APP-0000443,BEN-000335,SCH-01,2025-26,INST-0077,COMPLETED,100K_TO_250K,REJECTED,0.00,2025-07-21
APP-0000024,BEN-000715,SCH-06,2025-26,INST-0004,ENROLLED,100K_TO_250K,CANCELLED,0.00,2025-07-23
APP-0000300,BEN-000301,SCH-06,2025-26,INST-0063,COMPLETED,100K_TO_250K,PENDING,0.00,2025-09-29
APP-0000052,BEN-000200,SCH-02,2025-26,INST-0017,ENROLLED,100K_TO_250K,APPROVED,36250.00,2025-10-13
APP-0000952,BEN-000549,SCH-06,2025-26,INST-0073,ENROLLED,UP_TO_100K,APPROVED,10500.00,2025-08-15
APP-0000517,BEN-000111,SCH-02,2024-25,INST-0070,ENROLLED,100K_TO_250K,APPROVED,24750.00,2024-08-15
APP-0001221,BEN-000984,SCH-05,2023-24,INST-0049,ENROLLED,100K_TO_250K,APPROVED,15500.00,2023-08-21
APP-0001029,BEN-000609,SCH-01,2023-24,INST-0084,ENROLLED,UP_TO_100K,APPROVED,31500.00,2023-08-10
APP-0000530,BEN-000092,SCH-01,2023-24,INST-0020,ENROLLED,100K_TO_250K,APPROVED,17500.00,2023-08-22
APP-0000508,BEN-000658,SCH-01,2023-24,INST-0005,ENROLLED,UP_TO_100K,APPROVED,34000.00,2023-10-27
APP-0000832,BEN-000935,SCH-04,2024-25,INST-0068,ENROLLED,UP_TO_100K,APPROVED,15000.00,2024-08-17
APP-0000060,BEN-000352,SCH-02,2025-26,INST-0070,UNVERIFIED,UP_TO_100K,REJECTED,0.00,2025-09-28
APP-0000423,BEN-000303,SCH-02,2023-24,INST-0005,ENROLLED,UP_TO_100K,APPROVED,35000.00,2023-08-21
APP-0000499,BEN-000810,SCH-02,2024-25,INST-0013,ENROLLED,UP_TO_100K,APPROVED,46500.00,2024-08-07
APP-0000174,BEN-000397,SCH-05,2024-25,INST-0023,ENROLLED,100K_TO_250K,APPROVED,21250.00,2024-08-17
APP-0000045,BEN-000135,SCH-01,2024-25,INST-0002,ENROLLED,100K_TO_250K,APPROVED,30750.00,2024-10-16
APP-0000772,BEN-000708,SCH-01,2023-24,INST-0081,ENROLLED,100K_TO_250K,APPROVED,19500.00,2023-08-22
APP-0001064,BEN-000308,SCH-02,2025-26,INST-0019,ENROLLED,100K_TO_250K,APPROVED,38000.00,2025-09-13
APP-0000397,BEN-000442,SCH-02,2024-25,INST-0004,ENROLLED,UP_TO_100K,APPROVED,42750.00,2024-10-16
APP-0001278,BEN-000963,SCH-02,2024-25,INST-0036,ENROLLED,100K_TO_250K,APPROVED,24500.00,2024-07-21
APP-0000139,BEN-000663,SCH-01,2025-26,INST-0062,COMPLETED,100K_TO_250K,REJECTED,0.00,2025-07-31
APP-0000947,BEN-000256,SCH-05,2023-24,INST-0006,ENROLLED,100K_TO_250K,APPROVED,19000.00,2023-07-24
APP-0000948,BEN-000423,SCH-01,2023-24,INST-0001,ENROLLED,UP_TO_100K,APPROVED,29750.00,2023-10-04
APP-0000370,BEN-000847,SCH-04,2023-24,INST-0019,ENROLLED,UP_TO_100K,APPROVED,8500.00,2023-09-01
APP-0000906,BEN-000733,SCH-04,2024-25,INST-0009,ENROLLED,UP_TO_100K,APPROVED,18250.00,2024-10-02
APP-0001286,BEN-000160,SCH-01,2024-25,INST-0052,ENROLLED,100K_TO_250K,APPROVED,31250.00,2024-10-14
APP-0000837,BEN-000923,SCH-02,2024-25,INST-0005,ENROLLED,100K_TO_250K,APPROVED,34500.00,2024-07-25
APP-0000012,BEN-000399,SCH-01,2024-25,INST-0070,ENROLLED,UP_TO_100K,APPROVED,49500.00,2024-10-13
APP-0000116,BEN-000189,SCH-04,2024-25,INST-0025,ENROLLED,UP_TO_100K,APPROVED,13750.00,2024-09-07
APP-0001317,BEN-000859,SCH-03,2024-25,INST-0005,ENROLLED,UP_TO_100K,APPROVED,5500.00,2024-08-22
APP-0001343,BEN-000611,SCH-03,2023-24,INST-0063,ENROLLED,UP_TO_100K,APPROVED,5250.00,2023-08-05
APP-0000785,BEN-000870,SCH-01,2024-25,INST-0064,ENROLLED,100K_TO_250K,APPROVED,23000.00,2024-07-24
APP-0000210,BEN-000603,SCH-04,2025-26,INST-0005,ENROLLED,100K_TO_250K,APPROVED,12250.00,2025-09-27
APP-0000395,BEN-000152,SCH-06,2023-24,INST-0045,ENROLLED,250K_TO_500K,APPROVED,8000.00,2023-07-27
APP-0000014,BEN-000219,SCH-03,2025-26,INST-0083,ENROLLED,100K_TO_250K,APPROVED,5750.00,2025-09-05
APP-0000943,BEN-000985,SCH-01,2023-24,INST-0044,ENROLLED,100K_TO_250K,APPROVED,22500.00,2023-10-30
APP-0000261,BEN-000832,SCH-04,2024-25,INST-0023,ENROLLED,UP_TO_100K,APPROVED,15750.00,2024-07-22
APP-0000400,BEN-000874,SCH-01,2024-25,INST-0058,ENROLLED,UP_TO_100K,APPROVED,27000.00,2024-08-23
APP-0001044,BEN-000117,SCH-02,2023-24,INST-0030,ENROLLED,UP_TO_100K,APPROVED,31000.00,2023-09-10
APP-0000994,BEN-000038,SCH-06,2025-26,INST-0015,ENROLLED,100K_TO_250K,APPROVED,9750.00,2025-10-08
APP-0001268,BEN-000473,SCH-06,2023-24,INST-0027,ENROLLED,100K_TO_250K,APPROVED,6750.00,2023-09-04
APP-0001173,BEN-000267,SCH-01,2023-24,INST-0081,ENROLLED,UP_TO_100K,APPROVED,29500.00,2023-08-28
APP-0000759,BEN-000813,SCH-05,2023-24,INST-0025,NOT_FOUND,UP_TO_100K,CANCELLED,0.00,2023-09-01
APP-0001416,BEN-000593,SCH-02,2023-24,INST-0024,ENROLLED,100K_TO_250K,APPROVED,30250.00,2023-10-15
APP-0000066,BEN-000087,SCH-01,2025-26,INST-0053,ENROLLED,100K_TO_250K,APPROVED,48500.00,2025-10-13
APP-0000752,BEN-000564,SCH-01,2023-24,INST-0033,ENROLLED,UP_TO_100K,APPROVED,28250.00,2023-10-20
APP-0000177,BEN-000178,SCH-03,2025-26,INST-0032,ENROLLED,250K_TO_500K,APPROVED,3250.00,2025-10-05
APP-0001194,BEN-000549,SCH-05,2025-26,INST-0073,NOT_FOUND,UP_TO_100K,CANCELLED,0.00,2025-10-03
APP-0000138,BEN-000966,SCH-01,2023-24,INST-0014,ENROLLED,UP_TO_100K,APPROVED,34750.00,2023-08-29
APP-0000249,BEN-000716,SCH-06,2024-25,INST-0049,ENROLLED,UP_TO_100K,APPROVED,7750.00,2024-08-01
APP-0000967,BEN-000687,SCH-04,2024-25,INST-0012,NOT_FOUND,UP_TO_100K,CANCELLED,0.00,2024-08-17
APP-0000263,BEN-000142,SCH-01,2025-26,INST-0008,ENROLLED,100K_TO_250K,APPROVED,21750.00,2025-10-13
APP-0001091,BEN-000508,SCH-02,2023-24,INST-0060,ENROLLED,250K_TO_500K,APPROVED,41250.00,2023-10-19
APP-0001146,BEN-000822,SCH-01,2024-25,INST-0014,ENROLLED,100K_TO_250K,APPROVED,50750.00,2024-07-22
APP-0000822,BEN-000700,SCH-06,2023-24,INST-0006,UNVERIFIED,UP_TO_100K,CANCELLED,0.00,2023-10-16
APP-0000671,BEN-000320,SCH-04,2023-24,INST-0032,ENROLLED,UP_TO_100K,APPROVED,14250.00,2023-09-04
APP-0000084,BEN-000813,SCH-01,2023-24,INST-0025,ENROLLED,UP_TO_100K,APPROVED,22000.00,2023-08-26
APP-0000159,BEN-000381,SCH-01,2023-24,INST-0014,ENROLLED,UP_TO_100K,APPROVED,20250.00,2023-08-15
APP-0001289,BEN-000792,SCH-06,2025-26,INST-0047,ENROLLED,UP_TO_100K,PENDING,0.00,2025-07-30
APP-0000652,BEN-000869,SCH-04,2023-24,INST-0070,ENROLLED,100K_TO_250K,APPROVED,12000.00,2023-07-30
APP-0000246,BEN-000175,SCH-04,2025-26,INST-0001,ENROLLED,100K_TO_250K,APPROVED,13250.00,2025-09-11
APP-0001209,BEN-000657,SCH-02,2024-25,INST-0012,ENROLLED,100K_TO_250K,APPROVED,38000.00,2024-08-02
APP-0000480,BEN-000311,SCH-02,2023-24,INST-0071,ENROLLED,UP_TO_100K,APPROVED,22750.00,2023-08-14
APP-0000312,BEN-000150,SCH-06,2024-25,INST-0025,ENROLLED,UP_TO_100K,APPROVED,10750.00,2024-09-11
APP-0000349,BEN-000161,SCH-04,2025-26,INST-0076,ENROLLED,100K_TO_250K,APPROVED,11500.00,2025-09-18
APP-0000171,BEN-000317,SCH-04,2024-25,INST-0005,ENROLLED,UP_TO_100K,APPROVED,8750.00,2024-08-29
APP-0000685,BEN-000095,SCH-04,2025-26,INST-0040,ENROLLED,100K_TO_250K,APPROVED,16250.00,2025-09-08
APP-0000775,BEN-000499,SCH-01,2024-25,INST-0036,NOT_FOUND,UP_TO_100K,CANCELLED,0.00,2024-07-15
APP-0000535,BEN-000568,SCH-06,2025-26,INST-0043,ENROLLED,100K_TO_250K,REJECTED,0.00,2025-07-21
APP-0000564,BEN-000039,SCH-04,2023-24,INST-0061,UNVERIFIED,100K_TO_250K,REJECTED,0.00,2023-09-12
APP-0000350,BEN-000429,SCH-06,2024-25,INST-0005,ENROLLED,UP_TO_100K,APPROVED,7750.00,2024-10-03
APP-0000150,BEN-000615,SCH-02,2025-26,INST-0057,ENROLLED,100K_TO_250K,APPROVED,25250.00,2025-08-28
APP-0000862,BEN-000715,SCH-01,2025-26,INST-0004,ENROLLED,100K_TO_250K,APPROVED,27250.00,2025-10-28
APP-0001248,BEN-000015,SCH-01,2024-25,INST-0018,ENROLLED,100K_TO_250K,APPROVED,31500.00,2024-08-06
APP-0001001,BEN-000630,SCH-01,2023-24,INST-0012,ENROLLED,UP_TO_100K,APPROVED,24000.00,2023-10-21
APP-0000781,BEN-000318,SCH-03,2025-26,INST-0034,UNVERIFIED,UP_TO_100K,REJECTED,0.00,2025-10-30
APP-0000198,BEN-000139,SCH-01,2024-25,INST-0031,ENROLLED,UP_TO_100K,APPROVED,31000.00,2024-10-05
APP-0001401,BEN-000597,SCH-04,2023-24,INST-0092,ENROLLED,UP_TO_100K,APPROVED,10500.00,2023-09-29
APP-0000081,BEN-000994,SCH-05,2025-26,INST-0003,ENROLLED,100K_TO_250K,APPROVED,18250.00,2025-08-15
APP-0001142,BEN-000224,SCH-02,2023-24,INST-0005,ENROLLED,100K_TO_250K,APPROVED,29750.00,2023-10-13
APP-0001067,BEN-000493,SCH-05,2024-25,INST-0036,UNVERIFIED,100K_TO_250K,REJECTED,0.00,2024-09-22
APP-0000839,BEN-000304,SCH-06,2024-25,INST-0016,ENROLLED,UP_TO_100K,APPROVED,13000.00,2024-07-29
APP-0000615,BEN-000454,SCH-03,2023-24,INST-0008,ENROLLED,UP_TO_100K,APPROVED,5500.00,2023-08-24
APP-0000600,BEN-000048,SCH-02,2024-25,INST-0002,ENROLLED,100K_TO_250K,APPROVED,43500.00,2024-09-18
APP-0000682,BEN-000208,SCH-06,2023-24,INST-0051,ENROLLED,UP_TO_100K,APPROVED,8000.00,2023-08-11
APP-0000376,BEN-000686,SCH-06,2025-26,INST-0029,ENROLLED,100K_TO_250K,REJECTED,0.00,2025-10-31
APP-0000510,BEN-000218,SCH-06,2023-24,INST-0010,ENROLLED,100K_TO_250K,APPROVED,6750.00,2023-09-07
APP-0000984,BEN-000177,SCH-06,2024-25,INST-0036,ENROLLED,UP_TO_100K,APPROVED,12500.00,2024-08-05
APP-0000402,BEN-000842,SCH-06,2023-24,INST-0008,ENROLLED,100K_TO_250K,CANCELLED,0.00,2023-08-04
APP-0000010,BEN-000186,SCH-03,2025-26,INST-0002,ENROLLED,UP_TO_100K,APPROVED,5250.00,2025-10-04
APP-0001075,BEN-000031,SCH-05,2023-24,INST-0029,ENROLLED,UP_TO_100K,APPROVED,20000.00,2023-08-01
APP-0000689,BEN-000344,SCH-02,2025-26,INST-0025,UNVERIFIED,100K_TO_250K,REJECTED,0.00,2025-07-15
APP-0000220,BEN-000307,SCH-03,2024-25,INST-0048,ENROLLED,100K_TO_250K,APPROVED,9250.00,2024-10-12
APP-0000104,BEN-000386,SCH-04,2025-26,INST-0060,ENROLLED,UP_TO_100K,APPROVED,15500.00,2025-08-16
APP-0000077,BEN-000530,SCH-02,2023-24,INST-0023,ENROLLED,100K_TO_250K,APPROVED,29500.00,2023-09-10
APP-0000989,BEN-000237,SCH-04,2024-25,INST-0012,ENROLLED,100K_TO_250K,APPROVED,11750.00,2024-10-29
APP-0000133,BEN-000595,SCH-03,2025-26,INST-0077,UNVERIFIED,UP_TO_100K,REJECTED,0.00,2025-07-21
APP-0000651,BEN-000432,SCH-02,2023-24,INST-0075,ENROLLED,100K_TO_250K,APPROVED,27250.00,2023-08-05
APP-0000338,BEN-000834,SCH-04,2024-25,INST-0009,ENROLLED,UP_TO_100K,APPROVED,18250.00,2024-09-17
APP-0001333,BEN-000718,SCH-02,2024-25,INST-0031,ENROLLED,UP_TO_100K,APPROVED,32750.00,2024-09-21
APP-0001040,BEN-000326,SCH-06,2023-24,INST-0025,ENROLLED,UP_TO_100K,APPROVED,8750.00,2023-10-18
APP-0000412,BEN-000741,SCH-03,2023-24,INST-0048,ENROLLED,100K_TO_250K,APPROVED,4750.00,2023-08-27
APP-0001243,BEN-000073,SCH-06,2025-26,INST-0021,ENROLLED,UP_TO_100K,APPROVED,7750.00,2025-08-19
APP-0000118,BEN-000567,SCH-01,2023-24,INST-0074,ENROLLED,100K_TO_250K,APPROVED,25000.00,2023-10-31
APP-0000997,BEN-000370,SCH-01,2023-24,INST-0003,ENROLLED,100K_TO_250K,APPROVED,20750.00,2023-09-12
APP-0000485,BEN-000365,SCH-02,2024-25,INST-0004,ENROLLED,UP_TO_100K,APPROVED,41500.00,2024-10-23
APP-0000354,BEN-000653,SCH-05,2025-26,INST-0039,COMPLETED,UP_TO_100K,CANCELLED,0.00,2025-09-19
APP-0001005,BEN-000833,SCH-01,2024-25,INST-0006,ENROLLED,100K_TO_250K,APPROVED,35000.00,2024-09-29
APP-0000818,BEN-000980,SCH-02,2024-25,INST-0029,ENROLLED,250K_TO_500K,APPROVED,38250.00,2024-07-20
APP-0000770,BEN-000500,SCH-03,2025-26,INST-0007,ENROLLED,100K_TO_250K,APPROVED,4250.00,2025-10-11
APP-0000581,BEN-000461,SCH-02,2023-24,INST-0015,NOT_FOUND,100K_TO_250K,REJECTED,0.00,2023-09-24
APP-0001259,BEN-000027,SCH-01,2023-24,INST-0057,ENROLLED,100K_TO_250K,APPROVED,36750.00,2023-10-02
APP-0001172,BEN-000389,SCH-01,2024-25,INST-0013,ENROLLED,100K_TO_250K,REJECTED,0.00,2024-08-19
APP-0001135,BEN-000301,SCH-04,2025-26,INST-0063,ENROLLED,100K_TO_250K,APPROVED,13500.00,2025-08-25
APP-0001092,BEN-000554,SCH-01,2023-24,INST-0048,ENROLLED,100K_TO_250K,APPROVED,18750.00,2023-10-15
APP-0001358,BEN-000640,SCH-01,2023-24,INST-0040,ENROLLED,UP_TO_100K,APPROVED,25250.00,2023-09-18
APP-0000242,BEN-000295,SCH-01,2023-24,INST-0032,ENROLLED,UP_TO_100K,APPROVED,17250.00,2023-07-31
APP-0000417,BEN-000472,SCH-06,2024-25,INST-0060,ENROLLED,UP_TO_100K,APPROVED,10750.00,2024-09-12
APP-0000227,BEN-000837,SCH-06,2024-25,INST-0085,ENROLLED,UP_TO_100K,APPROVED,6750.00,2024-07-26
APP-0001139,BEN-000772,SCH-03,2023-24,INST-0076,ENROLLED,100K_TO_250K,APPROVED,10000.00,2023-10-30
APP-0000742,BEN-000265,SCH-05,2024-25,INST-0030,ENROLLED,100K_TO_250K,APPROVED,16500.00,2024-08-16
APP-0000096,BEN-000207,SCH-03,2024-25,INST-0036,ENROLLED,100K_TO_250K,APPROVED,5250.00,2024-10-31
APP-0000709,BEN-000270,SCH-03,2025-26,INST-0083,ENROLLED,UP_TO_100K,APPROVED,9750.00,2025-07-17
APP-0001128,BEN-000909,SCH-02,2024-25,INST-0042,ENROLLED,100K_TO_250K,APPROVED,35500.00,2024-09-11
APP-0001112,BEN-000991,SCH-02,2023-24,INST-0004,COMPLETED,100K_TO_250K,PENDING,0.00,2023-08-11
APP-0000367,BEN-000339,SCH-04,2023-24,INST-0017,ENROLLED,UP_TO_100K,APPROVED,15750.00,2023-09-26
APP-0000327,BEN-000484,SCH-06,2024-25,INST-0009,ENROLLED,UP_TO_100K,APPROVED,11000.00,2024-10-25
APP-0000954,BEN-000366,SCH-02,2025-26,INST-0089,ENROLLED,UP_TO_100K,APPROVED,24750.00,2025-10-10
APP-0000526,BEN-000583,SCH-01,2025-26,INST-0011,ENROLLED,UP_TO_100K,APPROVED,32000.00,2025-10-26
APP-0000199,BEN-000380,SCH-01,2023-24,INST-0078,ENROLLED,100K_TO_250K,REJECTED,0.00,2023-08-04
APP-0000431,BEN-000247,SCH-02,2025-26,INST-0005,UNVERIFIED,UP_TO_100K,REJECTED,0.00,2025-10-31
APP-0000903,BEN-000667,SCH-02,2025-26,INST-0054,ENROLLED,UP_TO_100K,APPROVED,58000.00,2025-09-14
APP-0000734,BEN-000197,SCH-02,2024-25,INST-0005,COMPLETED,UP_TO_100K,REJECTED,0.00,2024-10-12
APP-0001215,BEN-000251,SCH-06,2023-24,INST-0049,ENROLLED,UP_TO_100K,APPROVED,6750.00,2023-07-30
APP-0001140,BEN-000328,SCH-03,2025-26,INST-0011,UNVERIFIED,100K_TO_250K,REJECTED,0.00,2025-09-26
APP-0001027,BEN-000989,SCH-01,2024-25,INST-0025,ENROLLED,100K_TO_250K,APPROVED,20000.00,2024-09-28
APP-0000595,BEN-000634,SCH-04,2025-26,INST-0005,ENROLLED,UP_TO_100K,APPROVED,21250.00,2025-08-14
APP-0000112,BEN-000227,SCH-01,2025-26,INST-0006,ENROLLED,100K_TO_250K,APPROVED,26250.00,2025-09-04
APP-0000200,BEN-001000,SCH-01,2024-25,INST-0008,ENROLLED,UP_TO_100K,APPROVED,23750.00,2024-10-28
APP-0001010,BEN-000201,SCH-01,2023-24,INST-0019,ENROLLED,100K_TO_250K,APPROVED,31500.00,2023-09-10
APP-0000293,BEN-000499,SCH-01,2024-25,INST-0036,ENROLLED,UP_TO_100K,APPROVED,22000.00,2024-08-19
APP-0000234,BEN-000460,SCH-03,2024-25,INST-0031,ENROLLED,UP_TO_100K,APPROVED,3750.00,2024-08-10
APP-0001171,BEN-000199,SCH-06,2023-24,INST-0012,ENROLLED,UP_TO_100K,APPROVED,13750.00,2023-10-16
APP-0001403,BEN-000476,SCH-02,2024-25,INST-0075,COMPLETED,UP_TO_100K,REJECTED,0.00,2024-09-26
APP-0000761,BEN-000380,SCH-02,2023-24,INST-0078,ENROLLED,100K_TO_250K,APPROVED,32750.00,2023-08-15
APP-0001426,BEN-000667,SCH-01,2023-24,INST-0054,NOT_FOUND,UP_TO_100K,PENDING,0.00,2023-10-14
APP-0001212,BEN-000498,SCH-04,2025-26,INST-0008,ENROLLED,UP_TO_100K,APPROVED,10750.00,2025-08-14
APP-0000347,BEN-000116,SCH-02,2025-26,INST-0055,ENROLLED,100K_TO_250K,APPROVED,45000.00,2025-08-23
APP-0000562,BEN-000764,SCH-06,2025-26,INST-0080,ENROLLED,UP_TO_100K,APPROVED,7500.00,2025-09-21
APP-0001379,BEN-000339,SCH-02,2023-24,INST-0017,ENROLLED,UP_TO_100K,APPROVED,43500.00,2023-10-02
APP-0000881,BEN-000800,SCH-05,2024-25,INST-0001,ENROLLED,UP_TO_100K,APPROVED,23250.00,2024-08-25
APP-0001394,BEN-000514,SCH-01,2023-24,INST-0043,ENROLLED,100K_TO_250K,APPROVED,40750.00,2023-09-30
APP-0001016,BEN-000737,SCH-01,2023-24,INST-0088,ENROLLED,100K_TO_250K,APPROVED,25000.00,2023-10-11
APP-0000450,BEN-000132,SCH-05,2025-26,INST-0070,ENROLLED,UP_TO_100K,APPROVED,14000.00,2025-07-15
APP-0001249,BEN-000191,SCH-02,2023-24,INST-0037,ENROLLED,100K_TO_250K,APPROVED,30750.00,2023-10-27
APP-0000306,BEN-000924,SCH-02,2023-24,INST-0028,ENROLLED,250K_TO_500K,APPROVED,33500.00,2023-08-15
APP-0000923,BEN-000854,SCH-02,2024-25,INST-0083,ENROLLED,100K_TO_250K,APPROVED,53250.00,2024-08-18
APP-0001344,BEN-000061,SCH-04,2024-25,INST-0062,ENROLLED,100K_TO_250K,APPROVED,11250.00,2024-08-12
APP-0001294,BEN-000650,SCH-06,2024-25,INST-0027,ENROLLED,250K_TO_500K,APPROVED,16000.00,2024-08-11
APP-0000531,BEN-000744,SCH-01,2024-25,INST-0017,ENROLLED,100K_TO_250K,APPROVED,29750.00,2024-09-30
APP-0001359,BEN-000247,SCH-03,2023-24,INST-0005,ENROLLED,UP_TO_100K,APPROVED,4250.00,2023-09-14
APP-0000786,BEN-000791,SCH-06,2025-26,INST-0037,ENROLLED,250K_TO_500K,APPROVED,14500.00,2025-08-01
APP-0000203,BEN-000569,SCH-03,2025-26,INST-0034,ENROLLED,100K_TO_250K,APPROVED,7000.00,2025-07-29
APP-0001434,BEN-000757,SCH-05,2025-26,INST-0065,ENROLLED,UP_TO_100K,REJECTED,0.00,2025-10-10
APP-0000939,BEN-000197,SCH-01,2024-25,INST-0005,ENROLLED,UP_TO_100K,APPROVED,24750.00,2024-09-06
APP-0000401,BEN-000107,SCH-03,2023-24,INST-0052,ENROLLED,100K_TO_250K,APPROVED,4000.00,2023-10-04
APP-0000684,BEN-000764,SCH-01,2025-26,INST-0080,ENROLLED,UP_TO_100K,APPROVED,37500.00,2025-08-26
APP-0000869,BEN-000387,SCH-01,2025-26,INST-0010,ENROLLED,UP_TO_100K,APPROVED,34250.00,2025-10-26
APP-0000311,BEN-000156,SCH-01,2023-24,INST-0055,ENROLLED,100K_TO_250K,APPROVED,24750.00,2023-07-25
APP-0000415,BEN-000835,SCH-06,2023-24,INST-0071,ENROLLED,UP_TO_100K,APPROVED,14750.00,2023-10-06
APP-0001107,BEN-000636,SCH-05,2023-24,INST-0016,ENROLLED,UP_TO_100K,APPROVED,17500.00,2023-09-16
APP-0001187,BEN-000443,SCH-01,2024-25,INST-0034,ENROLLED,100K_TO_250K,APPROVED,43750.00,2024-08-21
APP-0001152,BEN-000489,SCH-01,2023-24,INST-0007,ENROLLED,100K_TO_250K,APPROVED,28250.00,2023-10-19
APP-0000488,BEN-000287,SCH-01,2025-26,INST-0039,ENROLLED,100K_TO_250K,APPROVED,29000.00,2025-10-29
APP-0000183,BEN-000073,SCH-04,2025-26,INST-0021,ENROLLED,UP_TO_100K,APPROVED,16750.00,2025-10-14
APP-0001161,BEN-000529,SCH-02,2023-24,INST-0082,ENROLLED,250K_TO_500K,APPROVED,27250.00,2023-09-27
APP-0001170,BEN-000663,SCH-01,2024-25,INST-0062,ENROLLED,100K_TO_250K,APPROVED,33250.00,2024-09-21
APP-0000003,BEN-000969,SCH-03,2024-25,INST-0029,ENROLLED,100K_TO_250K,APPROVED,7500.00,2024-08-27
APP-0001399,BEN-000535,SCH-04,2025-26,INST-0025,ENROLLED,UP_TO_100K,APPROVED,8500.00,2025-09-09
APP-0000804,BEN-000893,SCH-04,2023-24,INST-0017,ENROLLED,100K_TO_250K,APPROVED,13250.00,2023-08-26
APP-0001431,BEN-000225,SCH-03,2023-24,INST-0031,NOT_FOUND,100K_TO_250K,APPROVED,3000.00,2023-09-08
APP-0000845,BEN-000424,SCH-02,2025-26,INST-0083,NOT_FOUND,100K_TO_250K,CANCELLED,0.00,2025-09-25
APP-0001252,BEN-000728,SCH-06,2024-25,INST-0035,ENROLLED,100K_TO_250K,APPROVED,8750.00,2024-07-23
APP-0001096,BEN-000764,SCH-03,2025-26,INST-0080,ENROLLED,UP_TO_100K,APPROVED,8750.00,2025-09-17
APP-0000727,BEN-000382,SCH-04,2023-24,INST-0003,ENROLLED,100K_TO_250K,APPROVED,13750.00,2023-09-01
APP-0000668,BEN-000751,SCH-02,2025-26,INST-0005,ENROLLED,UP_TO_100K,APPROVED,28750.00,2025-07-25
APP-0000179,BEN-000459,SCH-02,2025-26,INST-0078,ENROLLED,UP_TO_100K,APPROVED,27500.00,2025-07-27
APP-0001038,BEN-000335,SCH-06,2024-25,INST-0077,ENROLLED,100K_TO_250K,APPROVED,11250.00,2024-10-17
APP-0000695,BEN-000635,SCH-06,2024-25,INST-0011,ENROLLED,250K_TO_500K,APPROVED,11250.00,2024-10-16
APP-0000032,BEN-000191,SCH-06,2023-24,INST-0037,ENROLLED,100K_TO_250K,APPROVED,8750.00,2023-09-21
APP-0001026,BEN-000096,SCH-01,2025-26,INST-0095,ENROLLED,UP_TO_100K,APPROVED,17750.00,2025-10-28
APP-0001211,BEN-000345,SCH-02,2024-25,INST-0026,ENROLLED,100K_TO_250K,APPROVED,28000.00,2024-08-27
APP-0001312,BEN-000260,SCH-06,2023-24,INST-0001,ENROLLED,100K_TO_250K,APPROVED,11500.00,2023-09-06
APP-0001196,BEN-000016,SCH-04,2024-25,INST-0005,ENROLLED,UP_TO_100K,APPROVED,12500.00,2024-07-16
APP-0000091,BEN-000755,SCH-01,2023-24,INST-0008,ENROLLED,UP_TO_100K,APPROVED,27750.00,2023-10-20
APP-0000467,BEN-000161,SCH-03,2023-24,INST-0076,ENROLLED,100K_TO_250K,APPROVED,5000.00,2023-10-08
APP-0001332,BEN-000501,SCH-06,2023-24,INST-0030,ENROLLED,UP_TO_100K,APPROVED,12750.00,2023-10-25
APP-0000792,BEN-000536,SCH-03,2025-26,INST-0003,ENROLLED,UP_TO_100K,APPROVED,3750.00,2025-08-22
APP-0000106,BEN-000953,SCH-03,2023-24,INST-0089,ENROLLED,UP_TO_100K,APPROVED,7250.00,2023-08-23
APP-0000043,BEN-000954,SCH-02,2023-24,INST-0001,ENROLLED,UP_TO_100K,APPROVED,36250.00,2023-07-26
APP-0000950,BEN-000885,SCH-05,2023-24,INST-0003,NOT_FOUND,100K_TO_250K,REJECTED,0.00,2023-07-26
APP-0000384,BEN-000601,SCH-06,2024-25,INST-0013,ENROLLED,100K_TO_250K,APPROVED,7500.00,2024-09-29
APP-0000298,BEN-000939,SCH-01,2023-24,INST-0023,ENROLLED,100K_TO_250K,APPROVED,29250.00,2023-10-03
APP-0000962,BEN-000409,SCH-01,2023-24,INST-0075,ENROLLED,100K_TO_250K,APPROVED,42250.00,2023-10-09
APP-0000324,BEN-000032,SCH-02,2023-24,INST-0032,COMPLETED,100K_TO_250K,REJECTED,0.00,2023-10-20
APP-0000444,BEN-000090,SCH-05,2024-25,INST-0062,ENROLLED,100K_TO_250K,APPROVED,15500.00,2024-07-15
APP-0000290,BEN-000722,SCH-05,2025-26,INST-0003,ENROLLED,100K_TO_250K,APPROVED,15500.00,2025-07-17
APP-0000278,BEN-000432,SCH-06,2023-24,INST-0075,NOT_FOUND,100K_TO_250K,CANCELLED,0.00,2023-08-30
APP-0000973,BEN-000145,SCH-03,2025-26,INST-0074,ENROLLED,UP_TO_100K,APPROVED,4000.00,2025-09-13
APP-0000260,BEN-000960,SCH-05,2024-25,INST-0003,ENROLLED,UP_TO_100K,APPROVED,20250.00,2024-10-22
APP-0000054,BEN-000154,SCH-02,2023-24,INST-0031,ENROLLED,100K_TO_250K,APPROVED,32750.00,2023-09-09
APP-0000625,BEN-000451,SCH-03,2024-25,INST-0085,ENROLLED,100K_TO_250K,APPROVED,7000.00,2024-10-21
APP-0000628,BEN-000278,SCH-01,2025-26,INST-0012,ENROLLED,UP_TO_100K,APPROVED,37750.00,2025-10-05
APP-0000393,BEN-000224,SCH-04,2023-24,INST-0005,NOT_FOUND,100K_TO_250K,REJECTED,0.00,2023-07-23
APP-0000463,BEN-000060,SCH-01,2023-24,INST-0006,ENROLLED,100K_TO_250K,APPROVED,49250.00,2023-08-11
APP-0000655,BEN-000049,SCH-05,2023-24,INST-0007,ENROLLED,100K_TO_250K,APPROVED,15500.00,2023-10-18
APP-0000790,BEN-000732,SCH-06,2023-24,INST-0083,ENROLLED,UP_TO_100K,APPROVED,7750.00,2023-08-25
APP-0001094,BEN-000428,SCH-01,2023-24,INST-0012,ENROLLED,UP_TO_100K,PENDING,0.00,2023-08-02
APP-0001233,BEN-000498,SCH-01,2025-26,INST-0008,ENROLLED,UP_TO_100K,APPROVED,29250.00,2025-08-19
APP-0000387,BEN-000418,SCH-06,2025-26,INST-0030,ENROLLED,UP_TO_100K,APPROVED,7500.00,2025-10-12
APP-0000236,BEN-000754,SCH-05,2023-24,INST-0005,ENROLLED,100K_TO_250K,APPROVED,13750.00,2023-10-27
APP-0000555,BEN-000017,SCH-03,2024-25,INST-0060,ENROLLED,UP_TO_100K,APPROVED,4500.00,2024-08-30
APP-0000640,BEN-000521,SCH-02,2024-25,INST-0011,ENROLLED,250K_TO_500K,APPROVED,24750.00,2024-10-22
APP-0000573,BEN-000933,SCH-03,2025-26,INST-0038,ENROLLED,UP_TO_100K,APPROVED,7500.00,2025-08-13
APP-0000137,BEN-000218,SCH-05,2025-26,INST-0010,NOT_FOUND,100K_TO_250K,REJECTED,0.00,2025-08-12
APP-0000692,BEN-000795,SCH-03,2024-25,INST-0057,ENROLLED,UP_TO_100K,APPROVED,8500.00,2024-10-01
APP-0001086,BEN-000187,SCH-02,2023-24,INST-0005,ENROLLED,100K_TO_250K,APPROVED,45500.00,2023-09-16
APP-0000404,BEN-000677,SCH-05,2023-24,INST-0095,ENROLLED,UP_TO_100K,APPROVED,16500.00,2023-09-15
APP-0000552,BEN-000814,SCH-02,2025-26,INST-0096,NOT_FOUND,100K_TO_250K,PENDING,0.00,2025-10-03
APP-0000520,BEN-000067,SCH-05,2023-24,INST-0031,ENROLLED,100K_TO_250K,APPROVED,28000.00,2023-08-01
APP-0001227,BEN-000018,SCH-03,2024-25,INST-0027,ENROLLED,100K_TO_250K,APPROVED,4000.00,2024-08-20
APP-0001200,BEN-000456,SCH-03,2024-25,INST-0022,ENROLLED,UP_TO_100K,APPROVED,6000.00,2024-10-11
APP-0000624,BEN-000983,SCH-03,2023-24,INST-0044,ENROLLED,100K_TO_250K,APPROVED,5000.00,2023-09-11
APP-0001308,BEN-000566,SCH-06,2025-26,INST-0032,ENROLLED,UP_TO_100K,APPROVED,9250.00,2025-08-18
APP-0001051,BEN-000588,SCH-05,2024-25,INST-0006,ENROLLED,UP_TO_100K,APPROVED,15000.00,2024-07-16
APP-0001180,BEN-000932,SCH-03,2025-26,INST-0081,NOT_FOUND,100K_TO_250K,CANCELLED,0.00,2025-07-31
APP-0001046,BEN-000567,SCH-06,2025-26,INST-0074,NOT_FOUND,100K_TO_250K,CANCELLED,0.00,2025-10-07
APP-0000899,BEN-000470,SCH-06,2024-25,INST-0036,ENROLLED,UP_TO_100K,APPROVED,11750.00,2024-08-08
APP-0001072,BEN-000226,SCH-01,2024-25,INST-0088,ENROLLED,100K_TO_250K,APPROVED,26250.00,2024-09-15
APP-0001355,BEN-000964,SCH-03,2023-24,INST-0045,ENROLLED,100K_TO_250K,APPROVED,7000.00,2023-10-05
APP-0001283,BEN-000404,SCH-01,2023-24,INST-0065,ENROLLED,100K_TO_250K,APPROVED,55750.00,2023-11-01
APP-0000037,BEN-000234,SCH-06,2023-24,INST-0089,ENROLLED,100K_TO_250K,APPROVED,7250.00,2023-08-29
APP-0001392,BEN-000460,SCH-02,2025-26,INST-0031,UNVERIFIED,UP_TO_100K,CANCELLED,0.00,2025-07-17
APP-0000927,BEN-000731,SCH-06,2024-25,INST-0070,ENROLLED,100K_TO_250K,APPROVED,7250.00,2024-08-05
APP-0000711,BEN-000771,SCH-05,2024-25,INST-0017,ENROLLED,100K_TO_250K,REJECTED,0.00,2024-08-27
APP-0001195,BEN-000037,SCH-01,2024-25,INST-0032,ENROLLED,UP_TO_100K,APPROVED,31750.00,2024-09-14
APP-0000853,BEN-000363,SCH-01,2023-24,INST-0076,ENROLLED,100K_TO_250K,APPROVED,52250.00,2023-10-23
APP-0001310,BEN-000284,SCH-02,2024-25,INST-0086,ENROLLED,100K_TO_250K,APPROVED,42250.00,2024-10-06
APP-0001043,BEN-000783,SCH-03,2024-25,INST-0020,ENROLLED,UP_TO_100K,APPROVED,3500.00,2024-08-31
APP-0000160,BEN-000476,SCH-01,2024-25,INST-0075,ENROLLED,UP_TO_100K,APPROVED,36750.00,2024-09-03
APP-0000448,BEN-000719,SCH-01,2025-26,INST-0027,ENROLLED,100K_TO_250K,APPROVED,29750.00,2025-10-04
APP-0000570,BEN-000934,SCH-01,2024-25,INST-0011,ENROLLED,UP_TO_100K,APPROVED,49750.00,2024-09-27
APP-0000694,BEN-000950,SCH-03,2024-25,INST-0028,ENROLLED,UP_TO_100K,APPROVED,9500.00,2024-09-16
APP-0001085,BEN-000019,SCH-04,2025-26,INST-0080,ENROLLED,100K_TO_250K,APPROVED,16250.00,2025-09-24
APP-0000465,BEN-000410,SCH-01,2023-24,INST-0072,ENROLLED,100K_TO_250K,APPROVED,26500.00,2023-09-07
APP-0000273,BEN-000528,SCH-03,2023-24,INST-0043,ENROLLED,UP_TO_100K,APPROVED,4250.00,2023-10-11
APP-0000591,BEN-000398,SCH-02,2024-25,INST-0088,ENROLLED,100K_TO_250K,APPROVED,26250.00,2024-09-02
APP-0001129,BEN-000444,SCH-01,2024-25,INST-0025,ENROLLED,100K_TO_250K,APPROVED,29000.00,2024-07-23
APP-0000720,BEN-000275,SCH-01,2023-24,INST-0007,ENROLLED,UP_TO_100K,APPROVED,29750.00,2023-07-15
APP-0000767,BEN-000290,SCH-04,2023-24,INST-0059,ENROLLED,UP_TO_100K,APPROVED,19500.00,2023-07-26
APP-0001104,BEN-000302,SCH-03,2024-25,INST-0028,ENROLLED,100K_TO_250K,APPROVED,5500.00,2024-09-02
APP-0001258,BEN-000647,SCH-05,2023-24,INST-0082,ENROLLED,100K_TO_250K,APPROVED,14750.00,2023-07-31
APP-0001378,BEN-000165,SCH-02,2023-24,INST-0050,ENROLLED,100K_TO_250K,APPROVED,26750.00,2023-10-21
APP-0001147,BEN-000182,SCH-01,2024-25,INST-0007,ENROLLED,100K_TO_250K,APPROVED,40250.00,2024-09-23
APP-0000114,BEN-000894,SCH-01,2025-26,INST-0050,ENROLLED,100K_TO_250K,APPROVED,23500.00,2025-10-20
APP-0000864,BEN-000571,SCH-04,2025-26,INST-0079,ENROLLED,100K_TO_250K,REJECTED,0.00,2025-10-28
APP-0000157,BEN-000519,SCH-05,2025-26,INST-0016,ENROLLED,UP_TO_100K,APPROVED,25000.00,2025-09-23
APP-0001256,BEN-000919,SCH-01,2025-26,INST-0031,ENROLLED,UP_TO_100K,APPROVED,26250.00,2025-08-11
APP-0000893,BEN-000811,SCH-01,2025-26,INST-0002,ENROLLED,100K_TO_250K,APPROVED,51500.00,2025-07-26
APP-0000149,BEN-000165,SCH-06,2024-25,INST-0050,ENROLLED,100K_TO_250K,APPROVED,13500.00,2024-08-12
APP-0000521,BEN-000450,SCH-02,2025-26,INST-0004,ENROLLED,250K_TO_500K,APPROVED,36000.00,2025-08-03
APP-0000256,BEN-000598,SCH-06,2023-24,INST-0002,ENROLLED,UP_TO_100K,APPROVED,8000.00,2023-09-21
APP-0001397,BEN-000230,SCH-01,2024-25,INST-0088,ENROLLED,100K_TO_250K,APPROVED,26250.00,2024-09-09
APP-0001218,BEN-000881,SCH-03,2025-26,INST-0046,ENROLLED,UP_TO_100K,APPROVED,7250.00,2025-08-07
APP-0000109,BEN-000190,SCH-04,2025-26,INST-0008,UNVERIFIED,UP_TO_100K,CANCELLED,0.00,2025-09-28
APP-0001226,BEN-000651,SCH-01,2025-26,INST-0029,ENROLLED,UP_TO_100K,APPROVED,27000.00,2025-09-20
APP-0000083,BEN-000665,SCH-06,2023-24,INST-0008,ENROLLED,100K_TO_250K,APPROVED,11750.00,2023-09-20
APP-0000871,BEN-000842,SCH-02,2023-24,INST-0008,ENROLLED,100K_TO_250K,APPROVED,34500.00,2023-09-11
APP-0001419,BEN-000655,SCH-04,2025-26,INST-0003,ENROLLED,100K_TO_250K,APPROVED,17500.00,2025-08-26
APP-0000202,BEN-000239,SCH-01,2023-24,INST-0076,ENROLLED,UP_TO_100K,APPROVED,23500.00,2023-09-16
APP-0000874,BEN-000416,SCH-02,2024-25,INST-0051,ENROLLED,UP_TO_100K,APPROVED,28000.00,2024-08-28
APP-0000280,BEN-000407,SCH-01,2024-25,INST-0011,ENROLLED,100K_TO_250K,APPROVED,20000.00,2024-09-15
APP-0001288,BEN-000374,SCH-04,2023-24,INST-0027,ENROLLED,UP_TO_100K,APPROVED,11750.00,2023-10-30
APP-0000201,BEN-000091,SCH-01,2024-25,INST-0050,ENROLLED,100K_TO_250K,APPROVED,17250.00,2024-07-20
APP-0000836,BEN-000438,SCH-02,2023-24,INST-0004,ENROLLED,100K_TO_250K,APPROVED,56000.00,2023-07-30
APP-0000496,BEN-000142,SCH-01,2024-25,INST-0008,ENROLLED,100K_TO_250K,APPROVED,37000.00,2024-10-25
APP-0000955,BEN-000792,SCH-06,2025-26,INST-0047,ENROLLED,UP_TO_100K,APPROVED,9750.00,2025-08-16
APP-0001141,BEN-000100,SCH-01,2024-25,INST-0070,ENROLLED,100K_TO_250K,APPROVED,52750.00,2024-09-28
APP-0000148,BEN-000905,SCH-06,2024-25,INST-0008,ENROLLED,100K_TO_250K,APPROVED,13750.00,2024-09-15
APP-0000788,BEN-000694,SCH-05,2023-24,INST-0032,ENROLLED,UP_TO_100K,APPROVED,24250.00,2023-09-16
APP-0001022,BEN-000965,SCH-01,2025-26,INST-0022,ENROLLED,UP_TO_100K,APPROVED,24750.00,2025-08-30
APP-0000029,BEN-000139,SCH-01,2025-26,INST-0031,ENROLLED,UP_TO_100K,CANCELLED,0.00,2025-09-15
APP-0000413,BEN-000213,SCH-05,2025-26,INST-0011,NOT_FOUND,100K_TO_250K,PENDING,0.00,2025-10-05
APP-0000686,BEN-000341,SCH-04,2025-26,INST-0086,COMPLETED,100K_TO_250K,CANCELLED,0.00,2025-09-03
APP-0000346,BEN-000790,SCH-03,2024-25,INST-0048,ENROLLED,100K_TO_250K,APPROVED,9500.00,2024-07-15
APP-0001138,BEN-000206,SCH-05,2024-25,INST-0055,COMPLETED,100K_TO_250K,REJECTED,0.00,2024-10-29
APP-0000940,BEN-000245,SCH-06,2024-25,INST-0042,ENROLLED,UP_TO_100K,APPROVED,9500.00,2024-08-20
APP-0000834,BEN-000901,SCH-01,2023-24,INST-0002,ENROLLED,UP_TO_100K,APPROVED,18500.00,2023-08-15
APP-0000571,BEN-000445,SCH-06,2025-26,INST-0040,ENROLLED,100K_TO_250K,APPROVED,12500.00,2025-08-02
APP-0000536,BEN-000854,SCH-04,2024-25,INST-0083,ENROLLED,100K_TO_250K,APPROVED,13750.00,2024-08-02
APP-0001052,BEN-000033,SCH-03,2025-26,INST-0080,ENROLLED,250K_TO_500K,APPROVED,6750.00,2025-08-05
APP-0001432,BEN-000890,SCH-02,2025-26,INST-0022,COMPLETED,UP_TO_100K,PENDING,0.00,2025-10-05
APP-0000648,BEN-000174,SCH-03,2023-24,INST-0012,ENROLLED,UP_TO_100K,APPROVED,3500.00,2023-10-17
APP-0000699,BEN-000106,SCH-06,2025-26,INST-0070,ENROLLED,100K_TO_250K,APPROVED,9000.00,2025-10-30
APP-0001024,BEN-000516,SCH-02,2023-24,INST-0010,ENROLLED,100K_TO_250K,APPROVED,21500.00,2023-08-15
APP-0001423,BEN-000174,SCH-04,2023-24,INST-0012,ENROLLED,UP_TO_100K,APPROVED,16750.00,2023-09-04
APP-0001274,BEN-000281,SCH-01,2025-26,INST-0036,ENROLLED,UP_TO_100K,APPROVED,25250.00,2025-10-24
APP-0000317,BEN-000883,SCH-01,2023-24,INST-0051,ENROLLED,100K_TO_250K,APPROVED,41000.00,2023-09-03
APP-0000442,BEN-000996,SCH-05,2025-26,INST-0071,ENROLLED,100K_TO_250K,APPROVED,27000.00,2025-10-23
APP-0001077,BEN-000002,SCH-01,2023-24,INST-0069,ENROLLED,100K_TO_250K,APPROVED,34750.00,2023-09-02
APP-0001279,BEN-000845,SCH-03,2023-24,INST-0096,COMPLETED,UP_TO_100K,REJECTED,0.00,2023-08-24
APP-0000597,BEN-000020,SCH-01,2023-24,INST-0060,ENROLLED,100K_TO_250K,APPROVED,30000.00,2023-09-07
APP-0001053,BEN-000783,SCH-06,2023-24,INST-0020,ENROLLED,UP_TO_100K,APPROVED,6500.00,2023-08-12
APP-0000141,BEN-000864,SCH-05,2025-26,INST-0032,ENROLLED,100K_TO_250K,APPROVED,17000.00,2025-07-26
APP-0000277,BEN-000109,SCH-06,2025-26,INST-0019,ENROLLED,UP_TO_100K,APPROVED,7500.00,2025-08-29
APP-0000524,BEN-000941,SCH-02,2023-24,INST-0001,ENROLLED,100K_TO_250K,APPROVED,35000.00,2023-10-17
APP-0000657,BEN-000457,SCH-04,2025-26,INST-0066,ENROLLED,UP_TO_100K,APPROVED,12750.00,2025-10-01
APP-0000848,BEN-000791,SCH-03,2025-26,INST-0037,ENROLLED,250K_TO_500K,APPROVED,5250.00,2025-07-16
APP-0000275,BEN-000823,SCH-06,2025-26,INST-0010,ENROLLED,UP_TO_100K,APPROVED,8000.00,2025-07-16
APP-0000136,BEN-000173,SCH-06,2023-24,INST-0075,ENROLLED,UP_TO_100K,APPROVED,7000.00,2023-08-31
APP-0000779,BEN-000353,SCH-03,2023-24,INST-0031,NOT_FOUND,100K_TO_250K,APPROVED,5500.00,2023-10-14
APP-0000673,BEN-000337,SCH-04,2025-26,INST-0023,ENROLLED,UP_TO_100K,APPROVED,17750.00,2025-08-13
APP-0001134,BEN-000710,SCH-01,2024-25,INST-0002,ENROLLED,UP_TO_100K,APPROVED,29250.00,2024-08-07
APP-0000678,BEN-000358,SCH-06,2024-25,INST-0069,ENROLLED,100K_TO_250K,APPROVED,9250.00,2024-08-20
APP-0001151,BEN-000215,SCH-03,2024-25,INST-0003,ENROLLED,UP_TO_100K,APPROVED,8000.00,2024-07-16
APP-0001188,BEN-000086,SCH-01,2023-24,INST-0088,ENROLLED,UP_TO_100K,APPROVED,25000.00,2023-10-19
APP-0000601,BEN-000750,SCH-01,2025-26,INST-0028,UNVERIFIED,100K_TO_250K,CANCELLED,0.00,2025-09-26
APP-0000078,BEN-000229,SCH-04,2024-25,INST-0044,ENROLLED,UP_TO_100K,APPROVED,17000.00,2024-09-03
APP-0000635,BEN-000641,SCH-01,2024-25,INST-0055,ENROLLED,UP_TO_100K,APPROVED,33500.00,2024-09-14
APP-0000771,BEN-000919,SCH-03,2024-25,INST-0031,ENROLLED,UP_TO_100K,APPROVED,6500.00,2024-07-21
APP-0000749,BEN-000217,SCH-02,2024-25,INST-0003,ENROLLED,UP_TO_100K,APPROVED,35750.00,2024-10-05
APP-0000835,BEN-000604,SCH-06,2024-25,INST-0029,ENROLLED,100K_TO_250K,APPROVED,11750.00,2024-09-28
APP-0001429,BEN-000503,SCH-04,2024-25,INST-0095,NOT_FOUND,100K_TO_250K,REJECTED,0.00,2024-08-14
APP-0000728,BEN-000561,SCH-01,2024-25,INST-0006,ENROLLED,100K_TO_250K,APPROVED,30500.00,2024-09-22
APP-0000187,BEN-000366,SCH-06,2025-26,INST-0089,ENROLLED,UP_TO_100K,APPROVED,8250.00,2025-07-15
APP-0001245,BEN-000700,SCH-01,2023-24,INST-0006,ENROLLED,UP_TO_100K,APPROVED,39750.00,2023-09-30
APP-0000620,BEN-000065,SCH-03,2024-25,INST-0039,ENROLLED,100K_TO_250K,APPROVED,8500.00,2024-08-09
APP-0001351,BEN-000833,SCH-05,2024-25,INST-0006,COMPLETED,100K_TO_250K,PENDING,0.00,2024-10-28
APP-0000036,BEN-000306,SCH-03,2024-25,INST-0030,ENROLLED,UP_TO_100K,APPROVED,5750.00,2024-08-03
APP-0000325,BEN-000080,SCH-04,2023-24,INST-0088,ENROLLED,100K_TO_250K,APPROVED,17750.00,2023-10-31
APP-0001328,BEN-000752,SCH-06,2023-24,INST-0023,ENROLLED,UP_TO_100K,APPROVED,11500.00,2023-07-17
APP-0000147,BEN-000581,SCH-04,2025-26,INST-0006,ENROLLED,100K_TO_250K,APPROVED,14500.00,2025-08-30
APP-0000959,BEN-000347,SCH-01,2024-25,INST-0088,ENROLLED,100K_TO_250K,APPROVED,26250.00,2024-08-28
APP-0001339,BEN-000050,SCH-04,2024-25,INST-0031,ENROLLED,UP_TO_100K,APPROVED,9500.00,2024-08-08
APP-0001357,BEN-000515,SCH-04,2024-25,INST-0022,ENROLLED,UP_TO_100K,APPROVED,19250.00,2024-10-03
APP-0001145,BEN-000505,SCH-04,2025-26,INST-0012,ENROLLED,UP_TO_100K,APPROVED,10000.00,2025-07-21
APP-0000716,BEN-000975,SCH-01,2023-24,INST-0002,NOT_FOUND,UP_TO_100K,APPROVED,41750.00,2023-08-30
APP-0001335,BEN-000070,SCH-03,2024-25,INST-0064,ENROLLED,100K_TO_250K,APPROVED,4000.00,2024-09-16
APP-0000326,BEN-000249,SCH-06,2023-24,INST-0054,ENROLLED,100K_TO_250K,APPROVED,13500.00,2023-09-28
APP-0001163,BEN-000459,SCH-04,2025-26,INST-0078,ENROLLED,UP_TO_100K,APPROVED,8750.00,2025-11-01
APP-0000094,BEN-000349,SCH-01,2025-26,INST-0050,ENROLLED,100K_TO_250K,APPROVED,53250.00,2025-08-12
APP-0000807,BEN-000005,SCH-01,2023-24,INST-0031,NOT_FOUND,100K_TO_250K,APPROVED,25000.00,2023-07-18
APP-0000937,BEN-000239,SCH-02,2024-25,INST-0076,ENROLLED,UP_TO_100K,APPROVED,26250.00,2024-09-27
APP-0000103,BEN-000559,SCH-02,2023-24,INST-0004,ENROLLED,100K_TO_250K,APPROVED,22750.00,2023-09-14
APP-0000035,BEN-000709,SCH-03,2025-26,INST-0046,ENROLLED,100K_TO_250K,APPROVED,5250.00,2025-09-25
APP-0000212,BEN-000364,SCH-01,2024-25,INST-0002,ENROLLED,100K_TO_250K,APPROVED,24000.00,2024-10-02
APP-0000560,BEN-000416,SCH-04,2025-26,INST-0051,ENROLLED,UP_TO_100K,APPROVED,17500.00,2025-10-21
APP-0000664,BEN-000213,SCH-02,2024-25,INST-0011,ENROLLED,100K_TO_250K,APPROVED,26750.00,2024-08-28
APP-0000708,BEN-000918,SCH-01,2024-25,INST-0027,ENROLLED,UP_TO_100K,APPROVED,36250.00,2024-09-16
APP-0000059,BEN-000876,SCH-05,2024-25,INST-0016,ENROLLED,UP_TO_100K,APPROVED,18750.00,2024-10-26
APP-0001058,BEN-000875,SCH-03,2023-24,INST-0067,ENROLLED,100K_TO_250K,APPROVED,3750.00,2023-07-20
APP-0000120,BEN-000137,SCH-02,2024-25,INST-0088,ENROLLED,100K_TO_250K,APPROVED,26250.00,2024-09-26
APP-0000164,BEN-000843,SCH-06,2023-24,INST-0031,NOT_FOUND,UP_TO_100K,APPROVED,17000.00,2023-09-12
APP-0000942,BEN-000158,SCH-02,2024-25,INST-0064,ENROLLED,100K_TO_250K,APPROVED,31750.00,2024-10-18
APP-0000551,BEN-000415,SCH-02,2025-26,INST-0039,UNVERIFIED,100K_TO_250K,PENDING,0.00,2025-09-24
APP-0000270,BEN-000032,SCH-04,2023-24,INST-0032,ENROLLED,100K_TO_250K,APPROVED,13250.00,2023-09-03
APP-0001319,BEN-000807,SCH-06,2025-26,INST-0071,ENROLLED,UP_TO_100K,APPROVED,8500.00,2025-08-14
APP-0000548,BEN-000424,SCH-05,2024-25,INST-0083,ENROLLED,100K_TO_250K,APPROVED,23000.00,2024-07-18
APP-0000854,BEN-000589,SCH-04,2023-24,INST-0042,ENROLLED,UP_TO_100K,APPROVED,18000.00,2023-09-15
APP-0001293,BEN-000560,SCH-05,2023-24,INST-0021,ENROLLED,UP_TO_100K,APPROVED,18750.00,2023-07-16
APP-0001183,BEN-000771,SCH-03,2024-25,INST-0017,ENROLLED,100K_TO_250K,APPROVED,7000.00,2024-08-28
APP-0000798,BEN-000035,SCH-01,2025-26,INST-0008,ENROLLED,100K_TO_250K,APPROVED,35500.00,2025-09-11
APP-0000468,BEN-000879,SCH-02,2023-24,INST-0069,ENROLLED,250K_TO_500K,APPROVED,33000.00,2023-10-20
APP-0001331,BEN-000943,SCH-03,2025-26,INST-0026,ENROLLED,UP_TO_100K,APPROVED,6500.00,2025-07-21
APP-0001398,BEN-000998,SCH-04,2024-25,INST-0016,COMPLETED,UP_TO_100K,REJECTED,0.00,2024-10-30
APP-0001028,BEN-000618,SCH-02,2024-25,INST-0006,ENROLLED,100K_TO_250K,APPROVED,25000.00,2024-07-19
APP-0001158,BEN-000930,SCH-04,2024-25,INST-0055,ENROLLED,UP_TO_100K,APPROVED,11750.00,2024-10-22
APP-0001369,BEN-000739,SCH-03,2024-25,INST-0046,ENROLLED,100K_TO_250K,APPROVED,5250.00,2024-10-05
APP-0000178,BEN-000796,SCH-02,2023-24,INST-0026,ENROLLED,100K_TO_250K,APPROVED,33750.00,2023-08-20
APP-0001074,BEN-000827,SCH-06,2025-26,INST-0033,ENROLLED,UP_TO_100K,APPROVED,8000.00,2025-07-31
APP-0001105,BEN-000490,SCH-01,2024-25,INST-0005,ENROLLED,UP_TO_100K,APPROVED,17000.00,2024-08-03
APP-0000076,BEN-000525,SCH-03,2025-26,INST-0039,ENROLLED,UP_TO_100K,APPROVED,3000.00,2025-10-17
APP-0000449,BEN-000995,SCH-06,2025-26,INST-0018,ENROLLED,100K_TO_250K,APPROVED,11250.00,2025-08-11
APP-0000554,BEN-000240,SCH-02,2025-26,INST-0022,ENROLLED,250K_TO_500K,APPROVED,51500.00,2025-10-23
APP-0000866,BEN-000115,SCH-05,2025-26,INST-0040,ENROLLED,100K_TO_250K,APPROVED,23500.00,2025-08-26
APP-0000353,BEN-000798,SCH-05,2024-25,INST-0047,ENROLLED,100K_TO_250K,APPROVED,19250.00,2024-07-30
APP-0000216,BEN-000161,SCH-04,2025-26,INST-0076,NOT_FOUND,100K_TO_250K,REJECTED,0.00,2025-09-21
APP-0000538,BEN-000258,SCH-06,2025-26,INST-0055,ENROLLED,UP_TO_100K,APPROVED,11500.00,2025-10-23
APP-0000712,BEN-000172,SCH-04,2023-24,INST-0053,ENROLLED,100K_TO_250K,APPROVED,11250.00,2023-10-09
APP-0001383,BEN-000723,SCH-01,2023-24,INST-0011,ENROLLED,100K_TO_250K,APPROVED,34500.00,2023-08-13
APP-0001267,BEN-000798,SCH-01,2024-25,INST-0047,ENROLLED,100K_TO_250K,APPROVED,36250.00,2024-07-20
APP-0001181,BEN-000899,SCH-03,2023-24,INST-0052,ENROLLED,100K_TO_250K,APPROVED,5000.00,2023-10-19
APP-0000238,BEN-000241,SCH-01,2023-24,INST-0010,ENROLLED,UP_TO_100K,APPROVED,47500.00,2023-10-02
APP-0000821,BEN-000334,SCH-01,2023-24,INST-0004,ENROLLED,100K_TO_250K,APPROVED,19500.00,2023-07-26
APP-0001427,BEN-000867,SCH-04,2023-24,INST-0044,ENROLLED,UP_TO_100K,APPROVED,16500.00,2023-08-28
APP-0001126,BEN-000497,SCH-04,2024-25,INST-0039,ENROLLED,100K_TO_250K,APPROVED,8500.00,2024-10-01
APP-0000080,BEN-000231,SCH-06,2023-24,INST-0039,ENROLLED,250K_TO_500K,APPROVED,15000.00,2023-10-21
APP-0000896,BEN-000953,SCH-01,2023-24,INST-0089,ENROLLED,UP_TO_100K,APPROVED,18000.00,2023-10-07
APP-0001125,BEN-000101,SCH-04,2024-25,INST-0071,ENROLLED,100K_TO_250K,APPROVED,14250.00,2024-08-21
APP-0001154,BEN-000612,SCH-01,2023-24,INST-0028,ENROLLED,UP_TO_100K,APPROVED,21500.00,2023-08-19
APP-0000481,BEN-000913,SCH-03,2025-26,INST-0016,ENROLLED,100K_TO_250K,APPROVED,3250.00,2025-10-25
APP-0000946,BEN-000908,SCH-02,2023-24,INST-0063,ENROLLED,UP_TO_100K,APPROVED,49750.00,2023-09-15
APP-0001247,BEN-000840,SCH-03,2025-26,INST-0027,ENROLLED,UP_TO_100K,APPROVED,5500.00,2025-09-07
APP-0000582,BEN-000971,SCH-01,2024-25,INST-0005,ENROLLED,100K_TO_250K,APPROVED,38000.00,2024-10-01
APP-0000186,BEN-000761,SCH-04,2024-25,INST-0001,ENROLLED,100K_TO_250K,APPROVED,10000.00,2024-07-27
APP-0000991,BEN-000768,SCH-01,2025-26,INST-0040,ENROLLED,100K_TO_250K,APPROVED,18000.00,2025-10-26
APP-0000173,BEN-000235,SCH-03,2023-24,INST-0075,ENROLLED,100K_TO_250K,APPROVED,6250.00,2023-07-27
APP-0000416,BEN-000040,SCH-02,2025-26,INST-0073,ENROLLED,100K_TO_250K,APPROVED,26750.00,2025-08-25
APP-0001189,BEN-000332,SCH-03,2024-25,INST-0030,ENROLLED,100K_TO_250K,APPROVED,4500.00,2024-08-02
APP-0000309,BEN-000331,SCH-06,2023-24,INST-0012,ENROLLED,UP_TO_100K,APPROVED,12500.00,2023-09-29
APP-0000095,BEN-000259,SCH-05,2024-25,INST-0038,ENROLLED,100K_TO_250K,APPROVED,14000.00,2024-08-31
APP-0000996,BEN-000097,SCH-01,2025-26,INST-0039,ENROLLED,100K_TO_250K,APPROVED,52250.00,2025-11-01
APP-0000575,BEN-000261,SCH-02,2024-25,INST-0017,ENROLLED,UP_TO_100K,APPROVED,38250.00,2024-09-22
APP-0000111,BEN-000929,SCH-02,2024-25,INST-0083,ENROLLED,100K_TO_250K,APPROVED,33500.00,2024-10-21
APP-0000430,BEN-000147,SCH-02,2025-26,INST-0072,ENROLLED,100K_TO_250K,APPROVED,48250.00,2025-08-07
APP-0000075,BEN-000932,SCH-03,2024-25,INST-0081,ENROLLED,100K_TO_250K,APPROVED,5500.00,2024-10-31
APP-0000636,BEN-000891,SCH-05,2023-24,INST-0034,NOT_FOUND,UP_TO_100K,REJECTED,0.00,2023-10-12
APP-0000207,BEN-000235,SCH-01,2023-24,INST-0075,ENROLLED,100K_TO_250K,APPROVED,17750.00,2023-08-03
APP-0000703,BEN-000668,SCH-03,2024-25,INST-0047,ENROLLED,100K_TO_250K,APPROVED,4250.00,2024-10-12
APP-0000738,BEN-000186,SCH-06,2025-26,INST-0002,UNVERIFIED,UP_TO_100K,PENDING,0.00,2025-10-26
APP-0001121,BEN-000387,SCH-02,2025-26,INST-0010,ENROLLED,UP_TO_100K,APPROVED,30000.00,2025-08-19
APP-0000957,BEN-000607,SCH-03,2025-26,INST-0009,ENROLLED,UP_TO_100K,REJECTED,0.00,2025-10-23
APP-0000459,BEN-000384,SCH-02,2023-24,INST-0017,ENROLLED,UP_TO_100K,APPROVED,30250.00,2023-08-27
APP-0001368,BEN-000362,SCH-04,2025-26,INST-0005,COMPLETED,UP_TO_100K,PENDING,0.00,2025-10-31
APP-0000758,BEN-000861,SCH-04,2023-24,INST-0082,ENROLLED,100K_TO_250K,APPROVED,19500.00,2023-10-12
APP-0000259,BEN-000930,SCH-02,2023-24,INST-0055,ENROLLED,UP_TO_100K,APPROVED,38000.00,2023-09-30
APP-0000307,BEN-000669,SCH-04,2025-26,INST-0058,COMPLETED,100K_TO_250K,PENDING,0.00,2025-08-28
APP-0000372,BEN-000776,SCH-06,2025-26,INST-0016,ENROLLED,250K_TO_500K,APPROVED,9000.00,2025-07-21
APP-0001150,BEN-000787,SCH-03,2024-25,INST-0031,ENROLLED,UP_TO_100K,APPROVED,4000.00,2024-10-20
APP-0001144,BEN-000356,SCH-06,2024-25,INST-0028,ENROLLED,100K_TO_250K,APPROVED,10250.00,2024-07-18
APP-0000410,BEN-000506,SCH-06,2025-26,INST-0085,ENROLLED,UP_TO_100K,APPROVED,13000.00,2025-08-19
APP-0000797,BEN-000055,SCH-04,2023-24,INST-0001,ENROLLED,UP_TO_100K,APPROVED,13500.00,2023-10-05
APP-0001101,BEN-000690,SCH-06,2025-26,INST-0061,ENROLLED,UP_TO_100K,APPROVED,10000.00,2025-10-17
APP-0000389,BEN-000557,SCH-04,2025-26,INST-0005,ENROLLED,UP_TO_100K,APPROVED,15750.00,2025-09-17
APP-0000676,BEN-000582,SCH-01,2024-25,INST-0013,ENROLLED,100K_TO_250K,APPROVED,26250.00,2024-10-15
APP-0000176,BEN-000767,SCH-05,2024-25,INST-0030,NOT_FOUND,UP_TO_100K,CANCELLED,0.00,2024-07-15
APP-0000706,BEN-000620,SCH-02,2023-24,INST-0034,NOT_FOUND,UP_TO_100K,CANCELLED,0.00,2023-09-07
APP-0001280,BEN-000616,SCH-06,2024-25,INST-0051,ENROLLED,UP_TO_100K,APPROVED,9000.00,2024-09-11
APP-0000445,BEN-000452,SCH-02,2023-24,INST-0055,ENROLLED,100K_TO_250K,APPROVED,41250.00,2023-08-20
APP-0000068,BEN-000770,SCH-02,2024-25,INST-0029,ENROLLED,UP_TO_100K,APPROVED,24750.00,2024-09-25
APP-0000285,BEN-000532,SCH-01,2023-24,INST-0003,ENROLLED,100K_TO_250K,APPROVED,46250.00,2023-09-28
APP-0001111,BEN-000220,SCH-02,2024-25,INST-0012,ENROLLED,UP_TO_100K,APPROVED,26000.00,2024-08-23
APP-0001418,BEN-000295,SCH-02,2024-25,INST-0032,NOT_FOUND,UP_TO_100K,PENDING,0.00,2024-08-09
APP-0000876,BEN-000393,SCH-05,2024-25,INST-0069,ENROLLED,UP_TO_100K,APPROVED,28750.00,2024-08-27
APP-0001376,BEN-000485,SCH-06,2023-24,INST-0012,ENROLLED,UP_TO_100K,APPROVED,14250.00,2023-09-01
APP-0001346,BEN-000696,SCH-02,2024-25,INST-0025,ENROLLED,100K_TO_250K,APPROVED,26000.00,2024-09-21
APP-0001244,BEN-000035,SCH-06,2025-26,INST-0008,ENROLLED,100K_TO_250K,APPROVED,9250.00,2025-10-22
APP-0001012,BEN-000322,SCH-06,2024-25,INST-0012,ENROLLED,100K_TO_250K,APPROVED,8250.00,2024-07-28
APP-0000934,BEN-000821,SCH-01,2024-25,INST-0023,ENROLLED,100K_TO_250K,REJECTED,0.00,2024-07-25
APP-0000419,BEN-000074,SCH-04,2025-26,INST-0001,ENROLLED,UP_TO_100K,APPROVED,14250.00,2025-07-16
APP-0000730,BEN-000422,SCH-01,2023-24,INST-0088,ENROLLED,100K_TO_250K,CANCELLED,0.00,2023-10-03
APP-0001047,BEN-000743,SCH-03,2024-25,INST-0009,ENROLLED,100K_TO_250K,APPROVED,7750.00,2024-09-28
APP-0000034,BEN-000993,SCH-02,2024-25,INST-0048,ENROLLED,100K_TO_250K,APPROVED,36250.00,2024-10-26
APP-0000088,BEN-000661,SCH-03,2023-24,INST-0002,ENROLLED,UP_TO_100K,APPROVED,7500.00,2023-10-19
APP-0000737,BEN-000236,SCH-01,2025-26,INST-0042,ENROLLED,100K_TO_250K,APPROVED,28250.00,2025-09-01
APP-0001348,BEN-000781,SCH-05,2023-24,INST-0027,ENROLLED,UP_TO_100K,APPROVED,14500.00,2023-08-11
APP-0000377,BEN-000148,SCH-01,2024-25,INST-0052,ENROLLED,100K_TO_250K,REJECTED,0.00,2024-10-17
APP-0000961,BEN-000524,SCH-02,2024-25,INST-0058,ENROLLED,100K_TO_250K,APPROVED,36000.00,2024-08-12
APP-0000130,BEN-000594,SCH-02,2023-24,INST-0028,ENROLLED,100K_TO_250K,APPROVED,30000.00,2023-08-11
APP-0001387,BEN-000486,SCH-01,2023-24,INST-0043,ENROLLED,100K_TO_250K,APPROVED,33500.00,2023-08-17
APP-0000239,BEN-000155,SCH-01,2023-24,INST-0007,ENROLLED,100K_TO_250K,APPROVED,18500.00,2023-09-10
APP-0000090,BEN-000725,SCH-06,2023-24,INST-0045,ENROLLED,250K_TO_500K,APPROVED,7500.00,2023-07-19
APP-0000143,BEN-000527,SCH-02,2024-25,INST-0058,ENROLLED,100K_TO_250K,APPROVED,30000.00,2024-10-04
APP-0000498,BEN-000430,SCH-02,2024-25,INST-0057,ENROLLED,100K_TO_250K,APPROVED,29000.00,2024-09-10
APP-0000132,BEN-000551,SCH-01,2023-24,INST-0004,ENROLLED,100K_TO_250K,APPROVED,35500.00,2023-08-26
APP-0001199,BEN-000941,SCH-05,2024-25,INST-0001,NOT_FOUND,100K_TO_250K,REJECTED,0.00,2024-07-22
APP-0000945,BEN-000344,SCH-02,2024-25,INST-0025,ENROLLED,100K_TO_250K,APPROVED,21750.00,2024-09-26
APP-0000451,BEN-000553,SCH-02,2024-25,INST-0088,ENROLLED,250K_TO_500K,APPROVED,39250.00,2024-08-25
APP-0000642,BEN-000436,SCH-01,2024-25,INST-0002,ENROLLED,100K_TO_250K,APPROVED,25250.00,2024-10-22
APP-0000484,BEN-000890,SCH-04,2024-25,INST-0022,ENROLLED,UP_TO_100K,APPROVED,10500.00,2024-09-03
APP-0000561,BEN-000884,SCH-02,2025-26,INST-0089,ENROLLED,UP_TO_100K,APPROVED,38500.00,2025-07-20
APP-0001169,BEN-000087,SCH-01,2023-24,INST-0053,ENROLLED,100K_TO_250K,APPROVED,27250.00,2023-07-20
APP-0001011,BEN-000763,SCH-06,2025-26,INST-0020,ENROLLED,100K_TO_250K,APPROVED,7250.00,2025-08-28
APP-0000440,BEN-000895,SCH-03,2025-26,INST-0050,ENROLLED,100K_TO_250K,APPROVED,10500.00,2025-07-28
APP-0000469,BEN-000621,SCH-01,2024-25,INST-0050,ENROLLED,UP_TO_100K,APPROVED,26500.00,2024-08-01
APP-0000331,BEN-000546,SCH-02,2025-26,INST-0005,COMPLETED,100K_TO_250K,PENDING,0.00,2025-07-30
APP-0000838,BEN-000219,SCH-01,2025-26,INST-0083,ENROLLED,100K_TO_250K,APPROVED,17250.00,2025-08-03
APP-0001120,BEN-000633,SCH-04,2024-25,INST-0070,ENROLLED,100K_TO_250K,APPROVED,19250.00,2024-08-31
APP-0000748,BEN-000448,SCH-06,2023-24,INST-0083,ENROLLED,100K_TO_250K,APPROVED,11000.00,2023-08-01
APP-0000607,BEN-000210,SCH-06,2025-26,INST-0014,ENROLLED,100K_TO_250K,APPROVED,11000.00,2025-10-18
APP-0001073,BEN-000915,SCH-02,2024-25,INST-0045,ENROLLED,100K_TO_250K,REJECTED,0.00,2024-10-25
APP-0001406,BEN-000013,SCH-04,2024-25,INST-0019,ENROLLED,100K_TO_250K,APPROVED,15250.00,2024-10-11
APP-0000477,BEN-000523,SCH-05,2024-25,INST-0052,ENROLLED,100K_TO_250K,REJECTED,0.00,2024-08-04
APP-0000460,BEN-000124,SCH-04,2023-24,INST-0074,ENROLLED,100K_TO_250K,APPROVED,13750.00,2023-07-31
APP-0001079,BEN-000705,SCH-03,2023-24,INST-0021,ENROLLED,UP_TO_100K,APPROVED,3250.00,2023-10-09
APP-0001165,BEN-000840,SCH-01,2025-26,INST-0027,ENROLLED,UP_TO_100K,APPROVED,26250.00,2025-08-26
APP-0000754,BEN-000521,SCH-03,2024-25,INST-0011,ENROLLED,250K_TO_500K,APPROVED,5250.00,2024-07-17
APP-0000205,BEN-000622,SCH-02,2023-24,INST-0005,ENROLLED,UP_TO_100K,APPROVED,32000.00,2023-10-24
APP-0000894,BEN-000401,SCH-02,2024-25,INST-0078,ENROLLED,100K_TO_250K,APPROVED,23500.00,2024-10-06
APP-0000466,BEN-000557,SCH-01,2025-26,INST-0005,ENROLLED,UP_TO_100K,APPROVED,28500.00,2025-07-28
APP-0001235,BEN-000103,SCH-02,2024-25,INST-0014,ENROLLED,UP_TO_100K,APPROVED,34500.00,2024-08-10
APP-0001124,BEN-000664,SCH-01,2024-25,INST-0083,ENROLLED,100K_TO_250K,APPROVED,22000.00,2024-07-23
APP-0001021,BEN-000042,SCH-02,2024-25,INST-0088,ENROLLED,100K_TO_250K,APPROVED,26250.00,2024-09-12
APP-0000665,BEN-000839,SCH-03,2023-24,INST-0002,ENROLLED,UP_TO_100K,APPROVED,3750.00,2023-10-06
APP-0001136,BEN-000470,SCH-05,2025-26,INST-0036,ENROLLED,UP_TO_100K,APPROVED,16750.00,2025-09-30
APP-0001035,BEN-000760,SCH-01,2025-26,INST-0029,ENROLLED,100K_TO_250K,APPROVED,24750.00,2025-09-09
APP-0000638,BEN-000681,SCH-03,2025-26,INST-0086,ENROLLED,250K_TO_500K,APPROVED,8000.00,2025-10-06
APP-0001160,BEN-000071,SCH-02,2023-24,INST-0017,ENROLLED,100K_TO_250K,APPROVED,45000.00,2023-09-24
APP-0000323,BEN-000315,SCH-05,2023-24,INST-0091,ENROLLED,100K_TO_250K,APPROVED,21500.00,2023-09-07
APP-0000390,BEN-000491,SCH-01,2024-25,INST-0042,ENROLLED,UP_TO_100K,APPROVED,24750.00,2024-08-14
APP-0000287,BEN-000986,SCH-02,2023-24,INST-0014,ENROLLED,UP_TO_100K,APPROVED,53750.00,2023-09-27
APP-0001291,BEN-000106,SCH-01,2024-25,INST-0070,ENROLLED,100K_TO_250K,APPROVED,28500.00,2024-09-21
APP-0000492,BEN-000598,SCH-03,2023-24,INST-0002,ENROLLED,UP_TO_100K,APPROVED,9000.00,2023-08-03
APP-0001149,BEN-000019,SCH-03,2025-26,INST-0080,ENROLLED,100K_TO_250K,APPROVED,7250.00,2025-07-20
APP-0000215,BEN-000469,SCH-01,2025-26,INST-0048,ENROLLED,100K_TO_250K,APPROVED,38500.00,2025-09-30
APP-0000296,BEN-000269,SCH-06,2024-25,INST-0030,ENROLLED,100K_TO_250K,APPROVED,14750.00,2024-09-04
APP-0000594,BEN-000607,SCH-01,2024-25,INST-0009,ENROLLED,UP_TO_100K,APPROVED,32250.00,2024-08-21
APP-0000964,BEN-000516,SCH-01,2023-24,INST-0010,ENROLLED,100K_TO_250K,APPROVED,39750.00,2023-10-09
APP-0000610,BEN-000276,SCH-01,2024-25,INST-0024,ENROLLED,UP_TO_100K,APPROVED,28750.00,2024-08-13
APP-0000023,BEN-000711,SCH-06,2025-26,INST-0061,ENROLLED,100K_TO_250K,APPROVED,13000.00,2025-09-25
APP-0001330,BEN-000487,SCH-01,2024-25,INST-0063,ENROLLED,100K_TO_250K,CANCELLED,0.00,2024-07-15
APP-0001396,BEN-000411,SCH-06,2024-25,INST-0006,ENROLLED,100K_TO_250K,APPROVED,10250.00,2024-10-10
APP-0000051,BEN-000169,SCH-01,2023-24,INST-0033,ENROLLED,UP_TO_100K,APPROVED,27500.00,2023-09-04
APP-0001437,BEN-000754,SCH-06,2024-25,INST-0005,ENROLLED,100K_TO_250K,APPROVED,9000.00,2024-10-24
APP-0001100,BEN-000815,SCH-01,2025-26,INST-0013,ENROLLED,UP_TO_100K,APPROVED,30500.00,2025-10-12
APP-0000082,BEN-000122,SCH-04,2025-26,INST-0054,ENROLLED,UP_TO_100K,APPROVED,12750.00,2025-08-18
APP-0001349,BEN-000378,SCH-06,2023-24,INST-0015,ENROLLED,UP_TO_100K,APPROVED,13250.00,2023-08-14
APP-0000860,BEN-000802,SCH-06,2024-25,INST-0013,ENROLLED,100K_TO_250K,APPROVED,11000.00,2024-09-03
APP-0000322,BEN-000785,SCH-03,2023-24,INST-0040,ENROLLED,100K_TO_250K,APPROVED,4750.00,2023-09-22
APP-0000471,BEN-000192,SCH-06,2023-24,INST-0083,ENROLLED,250K_TO_500K,APPROVED,9250.00,2023-08-10
APP-0000870,BEN-000738,SCH-05,2024-25,INST-0027,ENROLLED,UP_TO_100K,CANCELLED,0.00,2024-08-18
APP-0000041,BEN-000494,SCH-06,2025-26,INST-0057,ENROLLED,100K_TO_250K,APPROVED,7500.00,2025-10-04
APP-0001260,BEN-000456,SCH-04,2025-26,INST-0022,ENROLLED,UP_TO_100K,APPROVED,15000.00,2025-09-14
APP-0001389,BEN-000283,SCH-02,2023-24,INST-0048,ENROLLED,UP_TO_100K,APPROVED,33250.00,2023-08-03
APP-0000884,BEN-000686,SCH-04,2025-26,INST-0029,ENROLLED,100K_TO_250K,APPROVED,9500.00,2025-08-28
APP-0001340,BEN-000198,SCH-03,2025-26,INST-0002,ENROLLED,100K_TO_250K,APPROVED,5000.00,2025-10-10
APP-0000008,BEN-000648,SCH-03,2023-24,INST-0083,ENROLLED,250K_TO_500K,APPROVED,9000.00,2023-08-03
APP-0001177,BEN-000586,SCH-04,2023-24,INST-0076,ENROLLED,100K_TO_250K,APPROVED,11000.00,2023-09-30
APP-0000935,BEN-000202,SCH-03,2023-24,INST-0006,ENROLLED,100K_TO_250K,APPROVED,6250.00,2023-09-18
APP-0001109,BEN-000098,SCH-04,2025-26,INST-0022,COMPLETED,UP_TO_100K,PENDING,0.00,2025-09-26
APP-0000435,BEN-000065,SCH-03,2023-24,INST-0039,ENROLLED,100K_TO_250K,APPROVED,8250.00,2023-09-13
APP-0000978,BEN-000338,SCH-01,2024-25,INST-0031,ENROLLED,UP_TO_100K,APPROVED,28250.00,2024-08-07
APP-0001208,BEN-000644,SCH-01,2025-26,INST-0054,UNVERIFIED,UP_TO_100K,REJECTED,0.00,2025-10-28
APP-0001441,BEN-000214,SCH-02,2023-24,INST-0092,ENROLLED,100K_TO_250K,APPROVED,37750.00,2023-08-29
APP-0000244,BEN-000330,SCH-04,2023-24,INST-0085,ENROLLED,UP_TO_100K,APPROVED,10000.00,2023-07-21
APP-0000932,BEN-000958,SCH-01,2025-26,INST-0001,ENROLLED,100K_TO_250K,APPROVED,18500.00,2025-08-14
APP-0000125,BEN-000549,SCH-05,2024-25,INST-0073,ENROLLED,UP_TO_100K,APPROVED,21500.00,2024-10-08
APP-0000502,BEN-000590,SCH-03,2025-26,INST-0022,ENROLLED,100K_TO_250K,APPROVED,7000.00,2025-09-21
APP-0000240,BEN-000920,SCH-04,2023-24,INST-0012,ENROLLED,UP_TO_100K,APPROVED,9750.00,2023-08-21
APP-0000813,BEN-000440,SCH-01,2024-25,INST-0048,ENROLLED,UP_TO_100K,APPROVED,15750.00,2024-08-10
APP-0000365,BEN-000437,SCH-02,2024-25,INST-0088,ENROLLED,UP_TO_100K,APPROVED,26250.00,2024-09-08
APP-0000348,BEN-000079,SCH-01,2023-24,INST-0037,ENROLLED,UP_TO_100K,APPROVED,44250.00,2023-07-29
APP-0000229,BEN-000851,SCH-03,2025-26,INST-0087,ENROLLED,UP_TO_100K,APPROVED,9250.00,2025-07-25
APP-0000225,BEN-000541,SCH-03,2025-26,INST-0033,NOT_FOUND,100K_TO_250K,REJECTED,0.00,2025-10-28
APP-0001224,BEN-000961,SCH-04,2024-25,INST-0029,ENROLLED,100K_TO_250K,APPROVED,11500.00,2024-08-26
APP-0001157,BEN-000002,SCH-05,2023-24,INST-0069,ENROLLED,100K_TO_250K,REJECTED,0.00,2023-10-28
APP-0001269,BEN-000408,SCH-06,2023-24,INST-0008,ENROLLED,UP_TO_100K,APPROVED,16250.00,2023-08-12
APP-0000427,BEN-000095,SCH-03,2025-26,INST-0040,ENROLLED,100K_TO_250K,APPROVED,6000.00,2025-09-07
APP-0001404,BEN-000805,SCH-01,2024-25,INST-0016,ENROLLED,UP_TO_100K,APPROVED,34250.00,2024-10-02
APP-0000882,BEN-000878,SCH-02,2024-25,INST-0005,ENROLLED,250K_TO_500K,APPROVED,28000.00,2024-10-14
APP-0001307,BEN-000701,SCH-03,2023-24,INST-0005,ENROLLED,100K_TO_250K,APPROVED,4000.00,2023-08-24
APP-0001372,BEN-000803,SCH-01,2025-26,INST-0032,ENROLLED,UP_TO_100K,APPROVED,33750.00,2025-09-14
APP-0001241,BEN-000150,SCH-02,2024-25,INST-0025,ENROLLED,UP_TO_100K,APPROVED,40500.00,2024-07-31
APP-0000279,BEN-000646,SCH-02,2023-24,INST-0076,ENROLLED,UP_TO_100K,APPROVED,29250.00,2023-09-21
APP-0000491,BEN-000645,SCH-03,2023-24,INST-0050,ENROLLED,100K_TO_250K,APPROVED,9000.00,2023-08-27
APP-0001272,BEN-000819,SCH-06,2023-24,INST-0083,ENROLLED,UP_TO_100K,APPROVED,11500.00,2023-08-28
APP-0000743,BEN-000156,SCH-01,2025-26,INST-0055,UNVERIFIED,100K_TO_250K,REJECTED,0.00,2025-10-06
APP-0001013,BEN-000383,SCH-06,2025-26,INST-0007,COMPLETED,UP_TO_100K,CANCELLED,0.00,2025-10-25
APP-0000209,BEN-000293,SCH-01,2024-25,INST-0040,ENROLLED,UP_TO_100K,APPROVED,19250.00,2024-07-18
APP-0001203,BEN-000639,SCH-06,2023-24,INST-0092,ENROLLED,100K_TO_250K,APPROVED,9000.00,2023-09-29
APP-0000361,BEN-000271,SCH-03,2024-25,INST-0007,ENROLLED,UP_TO_100K,APPROVED,6000.00,2024-09-17
APP-0000276,BEN-000763,SCH-03,2025-26,INST-0020,ENROLLED,100K_TO_250K,APPROVED,4750.00,2025-08-03
APP-0000606,BEN-000788,SCH-01,2024-25,INST-0043,ENROLLED,100K_TO_250K,APPROVED,20000.00,2024-09-28
APP-0000421,BEN-000698,SCH-01,2025-26,INST-0046,ENROLLED,100K_TO_250K,APPROVED,42750.00,2025-10-28
APP-0001377,BEN-000842,SCH-06,2025-26,INST-0008,ENROLLED,100K_TO_250K,APPROVED,16500.00,2025-09-01
APP-0000527,BEN-000572,SCH-02,2024-25,INST-0062,ENROLLED,UP_TO_100K,APPROVED,25000.00,2024-08-02
APP-0000605,BEN-000101,SCH-06,2025-26,INST-0071,ENROLLED,100K_TO_250K,APPROVED,12250.00,2025-09-20
APP-0000204,BEN-000094,SCH-06,2023-24,INST-0058,ENROLLED,100K_TO_250K,APPROVED,8750.00,2023-09-27
APP-0000926,BEN-000051,SCH-01,2025-26,INST-0057,ENROLLED,100K_TO_250K,APPROVED,37000.00,2025-10-01
APP-0001168,BEN-000562,SCH-05,2023-24,INST-0047,ENROLLED,100K_TO_250K,APPROVED,16250.00,2023-09-17
APP-0000941,BEN-000325,SCH-05,2024-25,INST-0002,ENROLLED,100K_TO_250K,APPROVED,17250.00,2024-08-20
APP-0001008,BEN-000866,SCH-02,2025-26,INST-0044,ENROLLED,100K_TO_250K,APPROVED,27500.00,2025-10-07
APP-0001296,BEN-000623,SCH-03,2025-26,INST-0005,ENROLLED,250K_TO_500K,APPROVED,11250.00,2025-08-22
APP-0000318,BEN-000206,SCH-01,2024-25,INST-0055,ENROLLED,100K_TO_250K,APPROVED,25000.00,2024-07-15
APP-0000108,BEN-000911,SCH-03,2024-25,INST-0053,ENROLLED,100K_TO_250K,APPROVED,5250.00,2024-09-11
APP-0001297,BEN-000369,SCH-01,2023-24,INST-0055,ENROLLED,UP_TO_100K,APPROVED,35000.00,2023-10-28
APP-0000980,BEN-000520,SCH-05,2025-26,INST-0064,ENROLLED,100K_TO_250K,APPROVED,17750.00,2025-08-24
APP-0000017,BEN-000808,SCH-03,2023-24,INST-0011,ENROLLED,UP_TO_100K,APPROVED,6000.00,2023-10-11
APP-0000363,BEN-000971,SCH-03,2025-26,INST-0005,ENROLLED,100K_TO_250K,APPROVED,9000.00,2025-10-15
APP-0001251,BEN-000440,SCH-02,2024-25,INST-0048,ENROLLED,UP_TO_100K,APPROVED,27500.00,2024-10-22
APP-0000172,BEN-000043,SCH-06,2024-25,INST-0061,ENROLLED,250K_TO_500K,APPROVED,10000.00,2024-10-24
APP-0000886,BEN-000580,SCH-06,2023-24,INST-0032,UNVERIFIED,UP_TO_100K,REJECTED,0.00,2023-09-11
APP-0000729,BEN-000179,SCH-02,2024-25,INST-0027,ENROLLED,UP_TO_100K,APPROVED,41750.00,2024-08-30
APP-0000553,BEN-000171,SCH-01,2023-24,INST-0029,ENROLLED,UP_TO_100K,APPROVED,34000.00,2023-10-13
APP-0000152,BEN-000127,SCH-03,2023-24,INST-0041,ENROLLED,UP_TO_100K,APPROVED,3500.00,2023-10-16
APP-0000810,BEN-000635,SCH-02,2023-24,INST-0011,ENROLLED,250K_TO_500K,APPROVED,29750.00,2023-10-12
APP-0000544,BEN-000872,SCH-02,2025-26,INST-0039,ENROLLED,UP_TO_100K,APPROVED,31750.00,2025-10-04
APP-0000545,BEN-000751,SCH-05,2025-26,INST-0005,ENROLLED,UP_TO_100K,APPROVED,18500.00,2025-10-01
APP-0000878,BEN-000765,SCH-06,2023-24,INST-0039,ENROLLED,UP_TO_100K,APPROVED,7500.00,2023-08-14
APP-0000914,BEN-000419,SCH-04,2025-26,INST-0083,ENROLLED,100K_TO_250K,APPROVED,11000.00,2025-10-08
APP-0001098,BEN-000891,SCH-06,2023-24,INST-0034,ENROLLED,UP_TO_100K,APPROVED,7250.00,2023-10-24
APP-0000702,BEN-000422,SCH-01,2023-24,INST-0088,ENROLLED,100K_TO_250K,APPROVED,25000.00,2023-07-30
APP-0000247,BEN-000632,SCH-02,2025-26,INST-0051,ENROLLED,250K_TO_500K,APPROVED,52250.00,2025-10-06
APP-0000558,BEN-000458,SCH-04,2025-26,INST-0069,NOT_FOUND,100K_TO_250K,REJECTED,0.00,2025-07-26
APP-0001031,BEN-000642,SCH-06,2024-25,INST-0071,ENROLLED,100K_TO_250K,APPROVED,8500.00,2024-08-25
APP-0000627,BEN-000683,SCH-01,2023-24,INST-0062,ENROLLED,100K_TO_250K,APPROVED,26750.00,2023-08-05
APP-0000925,BEN-000022,SCH-06,2023-24,INST-0003,ENROLLED,100K_TO_250K,APPROVED,6750.00,2023-10-18
APP-0000726,BEN-000825,SCH-02,2023-24,INST-0076,ENROLLED,250K_TO_500K,APPROVED,40250.00,2023-07-29
APP-0000194,BEN-000130,SCH-01,2023-24,INST-0006,ENROLLED,100K_TO_250K,APPROVED,46000.00,2023-09-15
APP-0001439,BEN-000649,SCH-01,2024-25,INST-0025,ENROLLED,UP_TO_100K,APPROVED,25250.00,2024-08-26
APP-0001370,BEN-000644,SCH-04,2024-25,INST-0054,ENROLLED,UP_TO_100K,APPROVED,10500.00,2024-09-02
APP-0000336,BEN-000713,SCH-01,2025-26,INST-0005,ENROLLED,UP_TO_100K,APPROVED,19750.00,2025-08-10
APP-0000944,BEN-000216,SCH-01,2024-25,INST-0075,ENROLLED,100K_TO_250K,APPROVED,22500.00,2024-08-12
APP-0000018,BEN-000441,SCH-03,2024-25,INST-0007,ENROLLED,UP_TO_100K,APPROVED,3750.00,2024-07-22
APP-0000750,BEN-000442,SCH-04,2025-26,INST-0004,ENROLLED,UP_TO_100K,PENDING,0.00,2025-09-12
APP-0000232,BEN-000447,SCH-01,2023-24,INST-0002,NOT_FOUND,100K_TO_250K,APPROVED,36500.00,2023-10-03
APP-0001292,BEN-000426,SCH-03,2024-25,INST-0061,ENROLLED,100K_TO_250K,APPROVED,3500.00,2024-08-03
APP-0000654,BEN-000270,SCH-03,2025-26,INST-0083,COMPLETED,UP_TO_100K,REJECTED,0.00,2025-08-19
APP-0001063,BEN-000008,SCH-01,2023-24,INST-0024,ENROLLED,UP_TO_100K,APPROVED,38500.00,2023-08-24
APP-0000523,BEN-000687,SCH-03,2023-24,INST-0012,ENROLLED,UP_TO_100K,APPROVED,3500.00,2023-09-05
APP-0001007,BEN-000058,SCH-01,2024-25,INST-0042,ENROLLED,UP_TO_100K,APPROVED,43000.00,2024-08-08
APP-0000251,BEN-000996,SCH-04,2023-24,INST-0071,ENROLLED,100K_TO_250K,APPROVED,10250.00,2023-08-19
APP-0001006,BEN-000357,SCH-01,2025-26,INST-0030,ENROLLED,UP_TO_100K,APPROVED,39500.00,2025-09-11
APP-0000764,BEN-000333,SCH-04,2023-24,INST-0050,ENROLLED,UP_TO_100K,APPROVED,18250.00,2023-10-26
APP-0001324,BEN-000557,SCH-06,2025-26,INST-0005,ENROLLED,UP_TO_100K,APPROVED,10000.00,2025-10-29
APP-0000140,BEN-000538,SCH-04,2023-24,INST-0003,ENROLLED,UP_TO_100K,APPROVED,18250.00,2023-09-12
APP-0000074,BEN-000198,SCH-02,2025-26,INST-0002,ENROLLED,100K_TO_250K,APPROVED,55000.00,2025-10-14
APP-0001069,BEN-000434,SCH-02,2023-24,INST-0088,ENROLLED,100K_TO_250K,APPROVED,32000.00,2023-08-16
APP-0000580,BEN-000678,SCH-02,2024-25,INST-0017,ENROLLED,100K_TO_250K,APPROVED,44250.00,2024-10-19
APP-0000345,BEN-000591,SCH-06,2024-25,INST-0012,ENROLLED,UP_TO_100K,APPROVED,14750.00,2024-10-17
APP-0000717,BEN-000610,SCH-04,2023-24,INST-0046,ENROLLED,100K_TO_250K,APPROVED,11500.00,2023-10-04
APP-0000208,BEN-000820,SCH-05,2025-26,INST-0063,ENROLLED,100K_TO_250K,REJECTED,0.00,2025-10-13
APP-0000490,BEN-000919,SCH-02,2024-25,INST-0031,ENROLLED,UP_TO_100K,APPROVED,42250.00,2024-09-06
APP-0000662,BEN-000690,SCH-02,2024-25,INST-0061,ENROLLED,UP_TO_100K,APPROVED,28500.00,2024-10-19
APP-0000584,BEN-000079,SCH-06,2024-25,INST-0037,ENROLLED,UP_TO_100K,APPROVED,9750.00,2024-10-19
APP-0001338,BEN-000988,SCH-01,2024-25,INST-0092,ENROLLED,100K_TO_250K,APPROVED,22750.00,2024-10-10
APP-0000814,BEN-000069,SCH-02,2023-24,INST-0030,ENROLLED,100K_TO_250K,APPROVED,42500.00,2023-09-21
APP-0000219,BEN-000618,SCH-06,2023-24,INST-0006,ENROLLED,100K_TO_250K,APPROVED,9250.00,2023-10-09
APP-0000329,BEN-000868,SCH-02,2023-24,INST-0008,ENROLLED,UP_TO_100K,APPROVED,51000.00,2023-10-28
APP-0000418,BEN-000667,SCH-02,2023-24,INST-0054,ENROLLED,UP_TO_100K,APPROVED,33250.00,2023-10-06
APP-0000998,BEN-000511,SCH-04,2023-24,INST-0004,ENROLLED,UP_TO_100K,APPROVED,12250.00,2023-09-22
APP-0001388,BEN-000948,SCH-01,2025-26,INST-0007,ENROLLED,UP_TO_100K,APPROVED,23250.00,2025-08-22
APP-0000386,BEN-000936,SCH-01,2024-25,INST-0036,ENROLLED,UP_TO_100K,APPROVED,25250.00,2024-09-08
APP-0000543,BEN-000857,SCH-02,2025-26,INST-0023,NOT_FOUND,250K_TO_500K,REJECTED,0.00,2025-10-05
APP-0001155,BEN-000446,SCH-02,2025-26,INST-0071,ENROLLED,250K_TO_500K,APPROVED,53000.00,2025-09-11
APP-0001159,BEN-000952,SCH-04,2024-25,INST-0084,ENROLLED,100K_TO_250K,APPROVED,15250.00,2024-10-23
APP-0001341,BEN-000904,SCH-04,2023-24,INST-0050,ENROLLED,UP_TO_100K,APPROVED,13000.00,2023-10-14
APP-0000698,BEN-000730,SCH-02,2024-25,INST-0032,ENROLLED,100K_TO_250K,APPROVED,38500.00,2024-09-15
APP-0000819,BEN-000871,SCH-06,2024-25,INST-0083,ENROLLED,UP_TO_100K,APPROVED,14750.00,2024-07-25
APP-0000687,BEN-000566,SCH-03,2025-26,INST-0032,ENROLLED,UP_TO_100K,REJECTED,0.00,2025-09-07
APP-0001083,BEN-000352,SCH-06,2025-26,INST-0070,ENROLLED,UP_TO_100K,APPROVED,9750.00,2025-08-11
APP-0000255,BEN-000466,SCH-04,2023-24,INST-0047,ENROLLED,100K_TO_250K,APPROVED,12250.00,2023-07-21
APP-0000299,BEN-000442,SCH-02,2025-26,INST-0004,ENROLLED,UP_TO_100K,APPROVED,33250.00,2025-10-24
APP-0001433,BEN-000735,SCH-01,2024-25,INST-0061,ENROLLED,UP_TO_100K,APPROVED,26250.00,2024-10-18
APP-0000880,BEN-000376,SCH-02,2023-24,INST-0012,ENROLLED,UP_TO_100K,APPROVED,33000.00,2023-08-15
APP-0001405,BEN-000009,SCH-03,2025-26,INST-0008,ENROLLED,100K_TO_250K,APPROVED,5250.00,2025-08-18
APP-0001400,BEN-000897,SCH-04,2024-25,INST-0029,ENROLLED,100K_TO_250K,APPROVED,15500.00,2024-07-17
APP-0001326,BEN-000153,SCH-01,2023-24,INST-0026,ENROLLED,100K_TO_250K,APPROVED,18750.00,2023-08-09
APP-0000858,BEN-000029,SCH-02,2023-24,INST-0005,ENROLLED,UP_TO_100K,APPROVED,26500.00,2023-09-28
APP-0000121,BEN-000981,SCH-06,2025-26,INST-0068,COMPLETED,100K_TO_250K,CANCELLED,0.00,2025-10-25
APP-0001127,BEN-000746,SCH-02,2024-25,INST-0056,ENROLLED,100K_TO_250K,APPROVED,24500.00,2024-10-12
APP-0000144,BEN-000006,SCH-02,2024-25,INST-0080,ENROLLED,100K_TO_250K,APPROVED,33250.00,2024-09-02
APP-0001056,BEN-000248,SCH-05,2024-25,INST-0025,ENROLLED,UP_TO_100K,APPROVED,19250.00,2024-10-04
APP-0000987,BEN-000828,SCH-04,2025-26,INST-0039,NOT_FOUND,UP_TO_100K,REJECTED,0.00,2025-10-19
APP-0000829,BEN-000620,SCH-05,2023-24,INST-0034,ENROLLED,UP_TO_100K,APPROVED,29000.00,2023-07-17
APP-0000281,BEN-000398,SCH-02,2023-24,INST-0088,ENROLLED,100K_TO_250K,APPROVED,25000.00,2023-10-19
APP-0000647,BEN-000728,SCH-06,2025-26,INST-0035,ENROLLED,100K_TO_250K,APPROVED,13000.00,2025-10-15
APP-0000320,BEN-000550,SCH-01,2025-26,INST-0044,ENROLLED,UP_TO_100K,APPROVED,18750.00,2025-10-12
APP-0000328,BEN-000112,SCH-02,2024-25,INST-0044,ENROLLED,UP_TO_100K,APPROVED,26000.00,2024-07-23
APP-0001250,BEN-000789,SCH-02,2023-24,INST-0029,ENROLLED,UP_TO_100K,APPROVED,37500.00,2023-10-20
APP-0001081,BEN-000826,SCH-02,2023-24,INST-0066,ENROLLED,100K_TO_250K,APPROVED,21750.00,2023-08-24
APP-0000170,BEN-000756,SCH-02,2023-24,INST-0088,ENROLLED,100K_TO_250K,APPROVED,25000.00,2023-10-22
APP-0000267,BEN-000462,SCH-06,2024-25,INST-0003,ENROLLED,100K_TO_250K,APPROVED,6500.00,2024-10-26
APP-0000235,BEN-000719,SCH-05,2025-26,INST-0027,ENROLLED,100K_TO_250K,APPROVED,24250.00,2025-09-04
APP-0000093,BEN-000556,SCH-03,2025-26,INST-0019,ENROLLED,UP_TO_100K,APPROVED,7750.00,2025-08-22
APP-0000722,BEN-000007,SCH-01,2023-24,INST-0057,ENROLLED,100K_TO_250K,APPROVED,29750.00,2023-10-13
APP-0000522,BEN-000497,SCH-06,2025-26,INST-0039,ENROLLED,100K_TO_250K,APPROVED,7500.00,2025-08-12
APP-0000672,BEN-000327,SCH-03,2025-26,INST-0027,ENROLLED,100K_TO_250K,APPROVED,8000.00,2025-07-27
APP-0000656,BEN-000631,SCH-01,2024-25,INST-0029,ENROLLED,100K_TO_250K,APPROVED,24500.00,2024-09-28
APP-0000791,BEN-000987,SCH-05,2023-24,INST-0052,ENROLLED,UP_TO_100K,APPROVED,21500.00,2023-09-05
APP-0000135,BEN-000089,SCH-03,2025-26,INST-0006,COMPLETED,UP_TO_100K,PENDING,0.00,2025-10-10
APP-0000912,BEN-000241,SCH-02,2023-24,INST-0010,ENROLLED,UP_TO_100K,APPROVED,29750.00,2023-09-06
APP-0000787,BEN-000017,SCH-03,2025-26,INST-0060,COMPLETED,UP_TO_100K,REJECTED,0.00,2025-11-01
APP-0001225,BEN-000009,SCH-05,2024-25,INST-0008,ENROLLED,100K_TO_250K,APPROVED,18500.00,2024-08-17
APP-0000653,BEN-000475,SCH-04,2025-26,INST-0017,ENROLLED,UP_TO_100K,APPROVED,17000.00,2025-08-09
APP-0001014,BEN-000793,SCH-03,2025-26,INST-0007,ENROLLED,100K_TO_250K,PENDING,0.00,2025-09-18
APP-0001039,BEN-000999,SCH-01,2024-25,INST-0030,ENROLLED,100K_TO_250K,APPROVED,46750.00,2024-08-19
APP-0000982,BEN-000471,SCH-05,2025-26,INST-0007,ENROLLED,100K_TO_250K,APPROVED,17250.00,2025-07-23
APP-0000977,BEN-000926,SCH-01,2024-25,INST-0050,ENROLLED,100K_TO_250K,APPROVED,41500.00,2024-10-13
APP-0001373,BEN-000467,SCH-02,2023-24,INST-0037,ENROLLED,100K_TO_250K,APPROVED,46000.00,2023-08-09
APP-0000163,BEN-000176,SCH-06,2023-24,INST-0008,ENROLLED,250K_TO_500K,APPROVED,14000.00,2023-09-26
APP-0000812,BEN-000740,SCH-03,2023-24,INST-0065,ENROLLED,UP_TO_100K,APPROVED,7000.00,2023-10-03
APP-0000033,BEN-000151,SCH-02,2024-25,INST-0010,ENROLLED,100K_TO_250K,APPROVED,22750.00,2024-08-03
APP-0001316,BEN-000221,SCH-04,2024-25,INST-0003,ENROLLED,UP_TO_100K,PENDING,0.00,2024-08-29
APP-0000846,BEN-000546,SCH-01,2024-25,INST-0005,ENROLLED,100K_TO_250K,APPROVED,20250.00,2024-07-19
APP-0000902,BEN-000149,SCH-03,2023-24,INST-0057,ENROLLED,100K_TO_250K,APPROVED,7250.00,2023-10-23
APP-0001025,BEN-000396,SCH-02,2025-26,INST-0029,ENROLLED,100K_TO_250K,APPROVED,28750.00,2025-07-23
APP-0001055,BEN-000571,SCH-02,2024-25,INST-0079,ENROLLED,100K_TO_250K,APPROVED,39250.00,2024-10-29
APP-0000079,BEN-000575,SCH-06,2025-26,INST-0030,ENROLLED,UP_TO_100K,APPROVED,14750.00,2025-10-30
APP-0000895,BEN-000749,SCH-01,2024-25,INST-0082,ENROLLED,UP_TO_100K,APPROVED,25750.00,2024-08-22
APP-0000732,BEN-000945,SCH-01,2023-24,INST-0040,ENROLLED,UP_TO_100K,APPROVED,31750.00,2023-08-24
APP-0000099,BEN-000149,SCH-05,2024-25,INST-0057,UNVERIFIED,100K_TO_250K,REJECTED,0.00,2024-08-27
APP-0000622,BEN-000323,SCH-01,2023-24,INST-0052,ENROLLED,UP_TO_100K,APPROVED,22250.00,2023-10-21
APP-0000342,BEN-000418,SCH-02,2024-25,INST-0030,ENROLLED,UP_TO_100K,APPROVED,33250.00,2024-09-15
APP-0000983,BEN-000018,SCH-05,2025-26,INST-0027,ENROLLED,100K_TO_250K,APPROVED,22250.00,2025-09-25
APP-0000352,BEN-000393,SCH-04,2023-24,INST-0069,ENROLLED,UP_TO_100K,APPROVED,10250.00,2023-10-07
APP-0000680,BEN-000857,SCH-03,2025-26,INST-0023,ENROLLED,250K_TO_500K,APPROVED,4000.00,2025-10-26
APP-0000843,BEN-000992,SCH-05,2023-24,INST-0005,ENROLLED,UP_TO_100K,APPROVED,15500.00,2023-11-01
APP-0000092,BEN-000786,SCH-06,2025-26,INST-0030,ENROLLED,UP_TO_100K,APPROVED,15750.00,2025-10-18
APP-0001411,BEN-000670,SCH-01,2024-25,INST-0031,NOT_FOUND,UP_TO_100K,REJECTED,0.00,2024-09-04
APP-0001382,BEN-000333,SCH-04,2025-26,INST-0050,ENROLLED,UP_TO_100K,REJECTED,0.00,2025-07-31
APP-0001231,BEN-000921,SCH-02,2024-25,INST-0031,COMPLETED,UP_TO_100K,PENDING,0.00,2024-07-29
APP-0001132,BEN-000816,SCH-03,2023-24,INST-0081,ENROLLED,250K_TO_500K,APPROVED,6250.00,2023-09-17
APP-0000458,BEN-000082,SCH-03,2023-24,INST-0047,ENROLLED,UP_TO_100K,APPROVED,6000.00,2023-08-27
APP-0000513,BEN-000483,SCH-06,2024-25,INST-0080,NOT_FOUND,250K_TO_500K,PENDING,0.00,2024-09-04
APP-0000355,BEN-000657,SCH-06,2025-26,INST-0012,UNVERIFIED,100K_TO_250K,CANCELLED,0.00,2025-09-09
APP-0000158,BEN-000078,SCH-01,2024-25,INST-0005,ENROLLED,100K_TO_250K,APPROVED,35500.00,2024-10-01
APP-0000392,BEN-000144,SCH-04,2025-26,INST-0036,ENROLLED,UP_TO_100K,APPROVED,21000.00,2025-08-19
APP-0000218,BEN-000088,SCH-02,2023-24,INST-0034,ENROLLED,100K_TO_250K,APPROVED,52750.00,2023-10-13
APP-0000865,BEN-000685,SCH-05,2024-25,INST-0055,NOT_FOUND,100K_TO_250K,REJECTED,0.00,2024-09-17
APP-0000250,BEN-000171,SCH-06,2023-24,INST-0029,ENROLLED,UP_TO_100K,APPROVED,15250.00,2023-10-11
APP-0000356,BEN-000441,SCH-01,2024-25,INST-0007,ENROLLED,UP_TO_100K,APPROVED,46000.00,2024-07-22
APP-0000123,BEN-000426,SCH-03,2023-24,INST-0061,ENROLLED,100K_TO_250K,REJECTED,0.00,2023-08-03
APP-0000872,BEN-000679,SCH-02,2023-24,INST-0010,ENROLLED,100K_TO_250K,APPROVED,25750.00,2023-08-10
APP-0000756,BEN-000968,SCH-02,2024-25,INST-0002,ENROLLED,UP_TO_100K,APPROVED,55750.00,2024-09-08
APP-0000563,BEN-000846,SCH-01,2024-25,INST-0003,ENROLLED,100K_TO_250K,APPROVED,45000.00,2024-08-09
APP-0001412,BEN-000046,SCH-04,2024-25,INST-0006,ENROLLED,UP_TO_100K,APPROVED,16750.00,2024-07-25
APP-0000252,BEN-000217,SCH-04,2025-26,INST-0003,NOT_FOUND,UP_TO_100K,CANCELLED,0.00,2025-10-26
APP-0001217,BEN-000617,SCH-04,2024-25,INST-0024,ENROLLED,100K_TO_250K,APPROVED,10500.00,2024-09-17
APP-0000630,BEN-000246,SCH-02,2023-24,INST-0076,ENROLLED,100K_TO_250K,APPROVED,46750.00,2023-08-22
APP-0000006,BEN-000455,SCH-06,2023-24,INST-0013,ENROLLED,UP_TO_100K,APPROVED,14000.00,2023-09-08
APP-0000192,BEN-000939,SCH-06,2024-25,INST-0023,ENROLLED,100K_TO_250K,APPROVED,13250.00,2024-09-17
APP-0001353,BEN-000674,SCH-05,2024-25,INST-0018,ENROLLED,100K_TO_250K,APPROVED,16750.00,2024-09-23
APP-0001198,BEN-000287,SCH-04,2023-24,INST-0039,ENROLLED,100K_TO_250K,APPROVED,8750.00,2023-10-28
APP-0000714,BEN-000847,SCH-05,2024-25,INST-0019,ENROLLED,UP_TO_100K,APPROVED,21750.00,2024-09-12
APP-0001354,BEN-000782,SCH-01,2024-25,INST-0077,ENROLLED,UP_TO_100K,APPROVED,25000.00,2024-07-28
APP-0001204,BEN-000397,SCH-05,2025-26,INST-0023,ENROLLED,100K_TO_250K,APPROVED,17750.00,2025-08-26
APP-0000217,BEN-000531,SCH-01,2023-24,INST-0023,ENROLLED,UP_TO_100K,APPROVED,24250.00,2023-07-20
APP-0000766,BEN-000342,SCH-06,2024-25,INST-0036,ENROLLED,100K_TO_250K,APPROVED,7750.00,2024-07-19
APP-0000211,BEN-000624,SCH-04,2024-25,INST-0021,NOT_FOUND,UP_TO_100K,REJECTED,0.00,2024-08-18
APP-0000690,BEN-000707,SCH-04,2025-26,INST-0036,ENROLLED,100K_TO_250K,APPROVED,10000.00,2025-10-01
APP-0000022,BEN-000099,SCH-04,2024-25,INST-0025,ENROLLED,UP_TO_100K,APPROVED,10250.00,2024-09-11
APP-0000097,BEN-000313,SCH-03,2023-24,INST-0041,ENROLLED,100K_TO_250K,APPROVED,5500.00,2023-08-29
APP-0001089,BEN-000062,SCH-04,2023-24,INST-0036,ENROLLED,UP_TO_100K,APPROVED,10500.00,2023-07-22
APP-0000897,BEN-000750,SCH-03,2024-25,INST-0028,ENROLLED,100K_TO_250K,APPROVED,7000.00,2024-10-13
APP-0000769,BEN-000620,SCH-03,2023-24,INST-0034,ENROLLED,UP_TO_100K,APPROVED,7250.00,2023-07-31
APP-0001311,BEN-000949,SCH-01,2024-25,INST-0003,ENROLLED,UP_TO_100K,APPROVED,47000.00,2024-08-16
APP-0001131,BEN-000077,SCH-02,2025-26,INST-0047,ENROLLED,UP_TO_100K,APPROVED,38750.00,2025-10-13
APP-0000970,BEN-000551,SCH-04,2023-24,INST-0004,ENROLLED,100K_TO_250K,APPROVED,8250.00,2023-10-21
APP-0000446,BEN-000585,SCH-01,2023-24,INST-0085,ENROLLED,100K_TO_250K,APPROVED,18500.00,2023-08-11
APP-0001004,BEN-000023,SCH-05,2023-24,INST-0096,ENROLLED,100K_TO_250K,APPROVED,21500.00,2023-08-20
APP-0000762,BEN-000477,SCH-03,2024-25,INST-0007,ENROLLED,UP_TO_100K,APPROVED,4750.00,2024-08-08
APP-0001424,BEN-000212,SCH-01,2024-25,INST-0002,ENROLLED,UP_TO_100K,APPROVED,39750.00,2024-08-20
APP-0001287,BEN-000966,SCH-04,2023-24,INST-0014,ENROLLED,UP_TO_100K,APPROVED,14000.00,2023-09-18
APP-0000512,BEN-000449,SCH-01,2025-26,INST-0021,ENROLLED,UP_TO_100K,APPROVED,21750.00,2025-09-24
APP-0000072,BEN-000092,SCH-03,2023-24,INST-0020,ENROLLED,100K_TO_250K,APPROVED,3750.00,2023-08-18
APP-0000050,BEN-000026,SCH-04,2024-25,INST-0037,ENROLLED,UP_TO_100K,APPROVED,19250.00,2024-07-31
APP-0000473,BEN-000523,SCH-02,2023-24,INST-0052,ENROLLED,100K_TO_250K,APPROVED,44500.00,2023-10-14
APP-0000850,BEN-000122,SCH-06,2025-26,INST-0054,ENROLLED,UP_TO_100K,APPROVED,14000.00,2025-08-07
APP-0000145,BEN-000830,SCH-01,2023-24,INST-0002,ENROLLED,100K_TO_250K,APPROVED,32250.00,2023-08-10
APP-0000110,BEN-000653,SCH-01,2024-25,INST-0039,ENROLLED,UP_TO_100K,APPROVED,16250.00,2024-09-04
APP-0000841,BEN-000034,SCH-06,2024-25,INST-0074,ENROLLED,100K_TO_250K,APPROVED,10750.00,2024-07-25
APP-0001222,BEN-000493,SCH-04,2023-24,INST-0036,ENROLLED,100K_TO_250K,APPROVED,11500.00,2023-07-27
APP-0000675,BEN-000287,SCH-06,2023-24,INST-0039,ENROLLED,100K_TO_250K,APPROVED,6750.00,2023-08-01
APP-0000071,BEN-000045,SCH-03,2023-24,INST-0019,ENROLLED,100K_TO_250K,APPROVED,6750.00,2023-09-22
APP-0001295,BEN-000371,SCH-01,2023-24,INST-0002,NOT_FOUND,UP_TO_100K,APPROVED,45000.00,2023-09-26
APP-0001407,BEN-000689,SCH-02,2025-26,INST-0029,ENROLLED,UP_TO_100K,APPROVED,29500.00,2025-07-31
APP-0001036,BEN-000585,SCH-04,2024-25,INST-0085,NOT_FOUND,100K_TO_250K,REJECTED,0.00,2024-09-12
APP-0001119,BEN-000481,SCH-01,2023-24,INST-0008,ENROLLED,100K_TO_250K,APPROVED,20250.00,2023-08-13
APP-0000889,BEN-000588,SCH-03,2025-26,INST-0006,ENROLLED,UP_TO_100K,APPROVED,4250.00,2025-08-26
APP-0000432,BEN-000722,SCH-06,2025-26,INST-0003,ENROLLED,100K_TO_250K,APPROVED,9750.00,2025-10-16
APP-0000428,BEN-000004,SCH-02,2023-24,INST-0032,ENROLLED,250K_TO_500K,APPROVED,45250.00,2023-09-19
APP-0000382,BEN-000469,SCH-05,2025-26,INST-0048,ENROLLED,100K_TO_250K,APPROVED,28750.00,2025-11-01
APP-0000746,BEN-000288,SCH-03,2023-24,INST-0002,ENROLLED,UP_TO_100K,APPROVED,10000.00,2023-07-25
APP-0001438,BEN-000876,SCH-03,2024-25,INST-0016,ENROLLED,UP_TO_100K,REJECTED,0.00,2024-09-06
APP-0000949,BEN-000916,SCH-05,2024-25,INST-0060,ENROLLED,UP_TO_100K,APPROVED,17250.00,2024-10-09
APP-0000470,BEN-000291,SCH-06,2023-24,INST-0003,ENROLLED,UP_TO_100K,APPROVED,8000.00,2023-10-04
APP-0001102,BEN-000518,SCH-04,2024-25,INST-0009,ENROLLED,100K_TO_250K,APPROVED,13250.00,2024-09-08
APP-0000968,BEN-000897,SCH-01,2024-25,INST-0029,ENROLLED,100K_TO_250K,APPROVED,20750.00,2024-08-07
APP-0000774,BEN-000306,SCH-04,2024-25,INST-0030,ENROLLED,UP_TO_100K,APPROVED,10750.00,2024-10-17
APP-0000827,BEN-000537,SCH-01,2025-26,INST-0083,COMPLETED,100K_TO_250K,PENDING,0.00,2025-08-31
APP-0000887,BEN-000148,SCH-02,2024-25,INST-0052,ENROLLED,100K_TO_250K,APPROVED,33250.00,2024-10-01
APP-0000373,BEN-000814,SCH-05,2023-24,INST-0096,ENROLLED,100K_TO_250K,APPROVED,18500.00,2023-10-14
APP-0000044,BEN-000114,SCH-02,2024-25,INST-0040,ENROLLED,UP_TO_100K,APPROVED,27750.00,2024-09-16
APP-0001176,BEN-000595,SCH-04,2025-26,INST-0077,ENROLLED,UP_TO_100K,APPROVED,21750.00,2025-10-12
APP-0000069,BEN-000947,SCH-06,2025-26,INST-0061,ENROLLED,250K_TO_500K,APPROVED,8750.00,2025-09-23
APP-0000604,BEN-000386,SCH-04,2025-26,INST-0060,UNVERIFIED,UP_TO_100K,PENDING,0.00,2025-08-17
APP-0000002,BEN-000146,SCH-03,2023-24,INST-0080,ENROLLED,UP_TO_100K,APPROVED,6500.00,2023-09-15
APP-0000182,BEN-000778,SCH-01,2023-24,INST-0008,ENROLLED,100K_TO_250K,APPROVED,33500.00,2023-10-17
APP-0000221,BEN-000957,SCH-03,2023-24,INST-0035,ENROLLED,UP_TO_100K,APPROVED,7750.00,2023-09-30
APP-0000852,BEN-000697,SCH-01,2024-25,INST-0044,ENROLLED,UP_TO_100K,APPROVED,24250.00,2024-09-27
APP-0000305,BEN-000605,SCH-02,2024-25,INST-0088,ENROLLED,UP_TO_100K,APPROVED,26250.00,2024-07-21
APP-0001236,BEN-000573,SCH-03,2025-26,INST-0004,ENROLLED,UP_TO_100K,APPROVED,4250.00,2025-10-05
APP-0000875,BEN-000299,SCH-06,2023-24,INST-0060,ENROLLED,100K_TO_250K,APPROVED,15750.00,2023-08-31
APP-0000619,BEN-000978,SCH-05,2025-26,INST-0007,ENROLLED,100K_TO_250K,APPROVED,13500.00,2025-08-20
APP-0001062,BEN-000157,SCH-01,2024-25,INST-0050,ENROLLED,100K_TO_250K,APPROVED,40750.00,2024-07-27
APP-0000330,BEN-000812,SCH-03,2023-24,INST-0051,ENROLLED,100K_TO_250K,APPROVED,5750.00,2023-08-25
APP-0000454,BEN-000283,SCH-01,2023-24,INST-0048,ENROLLED,UP_TO_100K,APPROVED,29000.00,2023-09-14
APP-0000009,BEN-000688,SCH-01,2024-25,INST-0079,ENROLLED,100K_TO_250K,APPROVED,39000.00,2024-10-23
APP-0001191,BEN-000268,SCH-05,2024-25,INST-0022,ENROLLED,100K_TO_250K,APPROVED,25750.00,2024-10-12
APP-0001190,BEN-000928,SCH-05,2024-25,INST-0081,ENROLLED,100K_TO_250K,APPROVED,13000.00,2024-09-13
APP-0000701,BEN-000900,SCH-06,2025-26,INST-0009,ENROLLED,UP_TO_100K,APPROVED,14000.00,2025-07-19
APP-0000226,BEN-000668,SCH-04,2023-24,INST-0047,ENROLLED,100K_TO_250K,APPROVED,19750.00,2023-08-15
APP-0000663,BEN-000689,SCH-05,2025-26,INST-0029,ENROLLED,UP_TO_100K,APPROVED,22750.00,2025-09-11
APP-0000314,BEN-000175,SCH-03,2025-26,INST-0001,ENROLLED,100K_TO_250K,APPROVED,5500.00,2025-07-16
APP-0000064,BEN-000154,SCH-02,2024-25,INST-0031,ENROLLED,100K_TO_250K,APPROVED,28250.00,2024-07-25
APP-0001103,BEN-000314,SCH-02,2024-25,INST-0088,UNVERIFIED,100K_TO_250K,REJECTED,0.00,2024-09-15
APP-0000936,BEN-000473,SCH-02,2023-24,INST-0027,ENROLLED,100K_TO_250K,APPROVED,39000.00,2023-10-11
APP-0000824,BEN-000581,SCH-02,2025-26,INST-0006,ENROLLED,100K_TO_250K,APPROVED,46500.00,2025-09-18
APP-0000916,BEN-000275,SCH-01,2025-26,INST-0007,ENROLLED,UP_TO_100K,APPROVED,39500.00,2025-10-25
APP-0000129,BEN-000076,SCH-02,2024-25,INST-0075,ENROLLED,UP_TO_100K,APPROVED,41500.00,2024-09-13
APP-0000055,BEN-000403,SCH-01,2023-24,INST-0034,ENROLLED,100K_TO_250K,APPROVED,24000.00,2023-09-08
APP-0001071,BEN-000628,SCH-02,2025-26,INST-0003,ENROLLED,UP_TO_100K,APPROVED,30750.00,2025-09-18
APP-0000447,BEN-000309,SCH-04,2024-25,INST-0063,ENROLLED,UP_TO_100K,APPROVED,11250.00,2024-10-08
APP-0000269,BEN-000626,SCH-04,2023-24,INST-0003,ENROLLED,UP_TO_100K,APPROVED,10750.00,2023-09-02
APP-0000778,BEN-000906,SCH-01,2024-25,INST-0023,ENROLLED,100K_TO_250K,APPROVED,24500.00,2024-10-10
APP-0000920,BEN-000168,SCH-05,2024-25,INST-0080,NOT_FOUND,100K_TO_250K,REJECTED,0.00,2024-08-01
APP-0001366,BEN-000976,SCH-04,2024-25,INST-0059,ENROLLED,100K_TO_250K,APPROVED,9750.00,2024-09-13
APP-0000550,BEN-000420,SCH-04,2025-26,INST-0002,UNVERIFIED,100K_TO_250K,REJECTED,0.00,2025-09-28
APP-0000985,BEN-000995,SCH-02,2025-26,INST-0018,ENROLLED,100K_TO_250K,APPROVED,29000.00,2025-10-01
APP-0000753,BEN-000573,SCH-04,2025-26,INST-0004,ENROLLED,UP_TO_100K,PENDING,0.00,2025-08-13
APP-0000253,BEN-000053,SCH-05,2023-24,INST-0014,ENROLLED,UP_TO_100K,APPROVED,19750.00,2023-09-16
APP-0000362,BEN-000139,SCH-05,2025-26,INST-0031,ENROLLED,UP_TO_100K,APPROVED,18250.00,2025-07-19
APP-0000254,BEN-000520,SCH-04,2025-26,INST-0064,ENROLLED,100K_TO_250K,CANCELLED,0.00,2025-09-08
APP-0000613,BEN-000694,SCH-03,2025-26,INST-0032,ENROLLED,UP_TO_100K,APPROVED,3750.00,2025-08-23
APP-0001193,BEN-000233,SCH-02,2023-24,INST-0007,ENROLLED,100K_TO_250K,APPROVED,33750.00,2023-10-27
APP-0000873,BEN-000408,SCH-02,2025-26,INST-0008,ENROLLED,UP_TO_100K,APPROVED,43000.00,2025-08-02
APP-0000576,BEN-000204,SCH-05,2023-24,INST-0053,ENROLLED,UP_TO_100K,APPROVED,23500.00,2023-07-16
APP-0001263,BEN-000327,SCH-03,2024-25,INST-0027,ENROLLED,100K_TO_250K,APPROVED,5000.00,2024-10-13
APP-0000303,BEN-000205,SCH-02,2023-24,INST-0007,ENROLLED,100K_TO_250K,APPROVED,46500.00,2023-10-15
APP-0000639,BEN-000584,SCH-04,2023-24,INST-0033,ENROLLED,100K_TO_250K,APPROVED,11500.00,2023-08-04
APP-0000877,BEN-000793,SCH-01,2025-26,INST-0007,ENROLLED,100K_TO_250K,APPROVED,25250.00,2025-08-03
APP-0001301,BEN-000799,SCH-06,2023-24,INST-0065,ENROLLED,100K_TO_250K,APPROVED,8750.00,2023-10-24
APP-0000518,BEN-000481,SCH-06,2025-26,INST-0008,COMPLETED,100K_TO_250K,REJECTED,0.00,2025-10-04
APP-0000479,BEN-000298,SCH-04,2023-24,INST-0006,ENROLLED,100K_TO_250K,APPROVED,11250.00,2023-09-23
APP-0001421,BEN-000113,SCH-03,2023-24,INST-0043,ENROLLED,100K_TO_250K,APPROVED,11000.00,2023-07-24
APP-0000369,BEN-000136,SCH-03,2023-24,INST-0053,ENROLLED,100K_TO_250K,APPROVED,5750.00,2023-08-15
APP-0000589,BEN-000777,SCH-04,2024-25,INST-0005,UNVERIFIED,UP_TO_100K,REJECTED,0.00,2024-07-25
APP-0000175,BEN-000726,SCH-04,2024-25,INST-0075,ENROLLED,UP_TO_100K,APPROVED,10250.00,2024-09-25
APP-0000453,BEN-000488,SCH-02,2023-24,INST-0067,ENROLLED,UP_TO_100K,APPROVED,37250.00,2023-09-08
APP-0000437,BEN-000316,SCH-01,2023-24,INST-0018,ENROLLED,100K_TO_250K,APPROVED,40000.00,2023-08-01
APP-0001009,BEN-000108,SCH-01,2024-25,INST-0024,ENROLLED,100K_TO_250K,PENDING,0.00,2024-08-28
APP-0001314,BEN-000215,SCH-06,2024-25,INST-0003,ENROLLED,UP_TO_100K,APPROVED,14750.00,2024-08-03
APP-0000540,BEN-000168,SCH-01,2024-25,INST-0080,ENROLLED,100K_TO_250K,APPROVED,47500.00,2024-08-24
APP-0000062,BEN-000614,SCH-01,2024-25,INST-0039,ENROLLED,UP_TO_100K,APPROVED,33500.00,2024-09-10
APP-0000102,BEN-000104,SCH-02,2024-25,INST-0074,ENROLLED,250K_TO_500K,APPROVED,26750.00,2024-08-03
APP-0000776,BEN-000774,SCH-01,2024-25,INST-0014,ENROLLED,100K_TO_250K,APPROVED,40250.00,2024-10-03
APP-0001422,BEN-000824,SCH-06,2023-24,INST-0029,ENROLLED,100K_TO_250K,APPROVED,10500.00,2023-07-27
APP-0000724,BEN-000164,SCH-02,2025-26,INST-0071,ENROLLED,UP_TO_100K,APPROVED,46250.00,2025-10-12
APP-0000286,BEN-000921,SCH-01,2023-24,INST-0031,ENROLLED,UP_TO_100K,APPROVED,22250.00,2023-10-13
APP-0000358,BEN-000720,SCH-03,2023-24,INST-0042,ENROLLED,100K_TO_250K,APPROVED,4000.00,2023-10-12
APP-0000067,BEN-000253,SCH-06,2025-26,INST-0053,ENROLLED,100K_TO_250K,APPROVED,7250.00,2025-10-20
APP-0000241,BEN-000597,SCH-03,2023-24,INST-0092,ENROLLED,UP_TO_100K,APPROVED,3750.00,2023-08-04
APP-0000038,BEN-000522,SCH-03,2024-25,INST-0016,ENROLLED,UP_TO_100K,APPROVED,3500.00,2024-09-10
APP-0000005,BEN-000414,SCH-01,2023-24,INST-0041,ENROLLED,UP_TO_100K,APPROVED,56250.00,2023-10-23
APP-0000403,BEN-000804,SCH-01,2023-24,INST-0027,ENROLLED,100K_TO_250K,APPROVED,34750.00,2023-08-23
APP-0000411,BEN-000200,SCH-01,2023-24,INST-0017,ENROLLED,100K_TO_250K,APPROVED,53750.00,2023-10-23
APP-0000049,BEN-000937,SCH-03,2025-26,INST-0016,ENROLLED,UP_TO_100K,APPROVED,3000.00,2025-09-15
APP-0000190,BEN-000400,SCH-01,2023-24,INST-0029,ENROLLED,UP_TO_100K,APPROVED,55750.00,2023-07-19
APP-0000855,BEN-000067,SCH-06,2025-26,INST-0031,ENROLLED,100K_TO_250K,APPROVED,9750.00,2025-08-22
APP-0000405,BEN-000428,SCH-04,2023-24,INST-0012,ENROLLED,UP_TO_100K,APPROVED,15000.00,2023-10-13
APP-0000441,BEN-000321,SCH-02,2023-24,INST-0019,ENROLLED,UP_TO_100K,APPROVED,49250.00,2023-08-26
APP-0000184,BEN-000672,SCH-01,2024-25,INST-0039,ENROLLED,UP_TO_100K,APPROVED,31250.00,2024-10-15
APP-0001239,BEN-000498,SCH-04,2024-25,INST-0008,ENROLLED,UP_TO_100K,APPROVED,10000.00,2024-08-13
APP-0000188,BEN-000979,SCH-03,2025-26,INST-0079,ENROLLED,100K_TO_250K,APPROVED,6000.00,2025-10-11
APP-0000396,BEN-000592,SCH-02,2023-24,INST-0029,ENROLLED,100K_TO_250K,APPROVED,32500.00,2023-09-02
APP-0001266,BEN-000576,SCH-01,2023-24,INST-0023,ENROLLED,100K_TO_250K,APPROVED,52750.00,2023-08-28
APP-0000763,BEN-000828,SCH-05,2024-25,INST-0039,ENROLLED,UP_TO_100K,APPROVED,26750.00,2024-09-07
APP-0001342,BEN-000480,SCH-02,2024-25,INST-0085,ENROLLED,100K_TO_250K,APPROVED,28250.00,2024-08-03
APP-0000578,BEN-000383,SCH-01,2023-24,INST-0007,ENROLLED,UP_TO_100K,APPROVED,49000.00,2023-08-03
APP-0000310,BEN-000426,SCH-01,2023-24,INST-0061,ENROLLED,100K_TO_250K,APPROVED,22250.00,2023-10-03
APP-0001347,BEN-000800,SCH-04,2023-24,INST-0001,ENROLLED,UP_TO_100K,APPROVED,10500.00,2023-09-03
APP-0000351,BEN-000917,SCH-02,2023-24,INST-0010,ENROLLED,UP_TO_100K,APPROVED,34750.00,2023-07-27
APP-0000704,BEN-000802,SCH-05,2025-26,INST-0013,ENROLLED,100K_TO_250K,APPROVED,18000.00,2025-10-13
APP-0001425,BEN-000752,SCH-06,2024-25,INST-0023,ENROLLED,UP_TO_100K,APPROVED,11000.00,2024-08-14
APP-0000922,BEN-000690,SCH-03,2024-25,INST-0061,COMPLETED,UP_TO_100K,CANCELLED,0.00,2024-08-22
APP-0001380,BEN-000129,SCH-01,2025-26,INST-0045,ENROLLED,UP_TO_100K,APPROVED,23000.00,2025-10-27
APP-0001220,BEN-000458,SCH-01,2025-26,INST-0069,ENROLLED,100K_TO_250K,APPROVED,51250.00,2025-07-15
APP-0000567,BEN-000163,SCH-01,2024-25,INST-0035,ENROLLED,UP_TO_100K,APPROVED,41000.00,2024-09-02
APP-0000900,BEN-000399,SCH-01,2025-26,INST-0070,ENROLLED,UP_TO_100K,APPROVED,28500.00,2025-07-30
APP-0000344,BEN-000965,SCH-02,2025-26,INST-0022,UNVERIFIED,UP_TO_100K,REJECTED,0.00,2025-10-13
APP-0000222,BEN-000643,SCH-01,2024-25,INST-0062,ENROLLED,100K_TO_250K,APPROVED,28250.00,2024-10-30
APP-0001045,BEN-000183,SCH-02,2023-24,INST-0002,NOT_FOUND,100K_TO_250K,APPROVED,23250.00,2023-10-03
APP-0000733,BEN-000252,SCH-04,2024-25,INST-0001,ENROLLED,100K_TO_250K,APPROVED,22000.00,2024-09-05
APP-0000677,BEN-000368,SCH-01,2024-25,INST-0061,NOT_FOUND,UP_TO_100K,PENDING,0.00,2024-09-21
APP-0000979,BEN-000427,SCH-04,2024-25,INST-0008,ENROLLED,UP_TO_100K,APPROVED,9000.00,2024-09-21
APP-0001304,BEN-000431,SCH-01,2023-24,INST-0015,ENROLLED,UP_TO_100K,APPROVED,33750.00,2023-10-15
APP-0000963,BEN-000435,SCH-01,2023-24,INST-0013,ENROLLED,100K_TO_250K,APPROVED,27250.00,2023-08-26
APP-0001334,BEN-000844,SCH-01,2024-25,INST-0008,ENROLLED,100K_TO_250K,APPROVED,45250.00,2024-08-01
APP-0000422,BEN-000115,SCH-02,2025-26,INST-0040,UNVERIFIED,100K_TO_250K,REJECTED,0.00,2025-09-26
APP-0001186,BEN-000729,SCH-01,2023-24,INST-0048,ENROLLED,100K_TO_250K,APPROVED,33250.00,2023-09-10
APP-0001364,BEN-000931,SCH-01,2024-25,INST-0074,ENROLLED,100K_TO_250K,APPROVED,28000.00,2024-09-15
APP-0000237,BEN-000319,SCH-03,2023-24,INST-0043,ENROLLED,UP_TO_100K,APPROVED,6250.00,2023-07-18
APP-0000302,BEN-000912,SCH-01,2023-24,INST-0060,ENROLLED,UP_TO_100K,APPROVED,30000.00,2023-10-05
APP-0000784,BEN-000098,SCH-03,2025-26,INST-0022,ENROLLED,UP_TO_100K,APPROVED,9500.00,2025-07-27
APP-0001082,BEN-000903,SCH-02,2025-26,INST-0003,ENROLLED,250K_TO_500K,APPROVED,24750.00,2025-09-07
APP-0000409,BEN-000840,SCH-04,2025-26,INST-0027,ENROLLED,UP_TO_100K,APPROVED,12250.00,2025-08-15
APP-0000505,BEN-000711,SCH-05,2025-26,INST-0061,COMPLETED,100K_TO_250K,CANCELLED,0.00,2025-09-27
APP-0000598,BEN-000997,SCH-02,2023-24,INST-0088,ENROLLED,100K_TO_250K,APPROVED,25000.00,2023-10-24
APP-0001381,BEN-000497,SCH-02,2024-25,INST-0039,ENROLLED,100K_TO_250K,APPROVED,38500.00,2024-10-20
APP-0000755,BEN-000010,SCH-04,2025-26,INST-0005,NOT_FOUND,100K_TO_250K,REJECTED,0.00,2025-09-10
APP-0000085,BEN-000743,SCH-04,2025-26,INST-0009,ENROLLED,100K_TO_250K,APPROVED,14750.00,2025-08-11
APP-0000556,BEN-000132,SCH-06,2024-25,INST-0070,ENROLLED,UP_TO_100K,APPROVED,8750.00,2024-10-07
APP-0000394,BEN-000951,SCH-05,2024-25,INST-0005,ENROLLED,UP_TO_100K,APPROVED,15750.00,2024-08-02
APP-0000718,BEN-000965,SCH-01,2024-25,INST-0022,ENROLLED,UP_TO_100K,APPROVED,19500.00,2024-09-01
APP-0000820,BEN-000390,SCH-06,2023-24,INST-0008,ENROLLED,250K_TO_500K,APPROVED,7500.00,2023-08-04
APP-0000828,BEN-000845,SCH-01,2023-24,INST-0096,NOT_FOUND,UP_TO_100K,CANCELLED,0.00,2023-07-15
APP-0000070,BEN-000362,SCH-06,2024-25,INST-0005,ENROLLED,UP_TO_100K,APPROVED,16750.00,2024-08-05
APP-0000015,BEN-000476,SCH-05,2025-26,INST-0075,ENROLLED,UP_TO_100K,APPROVED,14000.00,2025-09-26
APP-0000890,BEN-000935,SCH-03,2023-24,INST-0068,ENROLLED,UP_TO_100K,APPROVED,6500.00,2023-10-05
APP-0000592,BEN-000132,SCH-06,2024-25,INST-0070,ENROLLED,UP_TO_100K,CANCELLED,0.00,2024-10-29
APP-0001033,BEN-000794,SCH-05,2023-24,INST-0049,ENROLLED,100K_TO_250K,APPROVED,16500.00,2023-10-22
APP-0000100,BEN-000406,SCH-02,2024-25,INST-0039,ENROLLED,100K_TO_250K,APPROVED,34750.00,2024-10-30
APP-0000339,BEN-000871,SCH-02,2025-26,INST-0083,UNVERIFIED,UP_TO_100K,REJECTED,0.00,2025-08-23
APP-0000546,BEN-000434,SCH-01,2024-25,INST-0088,ENROLLED,100K_TO_250K,APPROVED,35500.00,2024-09-17
APP-0000617,BEN-000086,SCH-01,2024-25,INST-0088,ENROLLED,UP_TO_100K,APPROVED,26250.00,2024-09-08
APP-0001210,BEN-000134,SCH-03,2023-24,INST-0003,ENROLLED,250K_TO_500K,APPROVED,8500.00,2023-09-06
APP-0000888,BEN-000660,SCH-04,2025-26,INST-0004,NOT_FOUND,UP_TO_100K,REJECTED,0.00,2025-10-30
APP-0000793,BEN-000140,SCH-01,2024-25,INST-0083,ENROLLED,100K_TO_250K,APPROVED,18750.00,2024-08-01
APP-0000611,BEN-000629,SCH-05,2025-26,INST-0032,ENROLLED,UP_TO_100K,APPROVED,20750.00,2025-10-15
APP-0001322,BEN-000437,SCH-02,2023-24,INST-0088,ENROLLED,UP_TO_100K,APPROVED,25000.00,2023-09-07
APP-0000981,BEN-000619,SCH-03,2023-24,INST-0042,ENROLLED,100K_TO_250K,APPROVED,3500.00,2023-09-15
APP-0000953,BEN-000102,SCH-01,2024-25,INST-0041,ENROLLED,100K_TO_250K,APPROVED,34750.00,2024-09-02
APP-0001371,BEN-000131,SCH-04,2025-26,INST-0001,ENROLLED,UP_TO_100K,APPROVED,18250.00,2025-07-27
APP-0001321,BEN-000555,SCH-06,2023-24,INST-0013,ENROLLED,UP_TO_100K,APPROVED,9500.00,2023-07-23
APP-0000777,BEN-000656,SCH-02,2023-24,INST-0085,ENROLLED,UP_TO_100K,APPROVED,55750.00,2023-10-04
APP-0000616,BEN-000788,SCH-02,2025-26,INST-0043,ENROLLED,100K_TO_250K,APPROVED,28750.00,2025-09-06
APP-0000634,BEN-000821,SCH-01,2023-24,INST-0023,ENROLLED,100K_TO_250K,APPROVED,40000.00,2023-08-28
APP-0001240,BEN-000352,SCH-04,2025-26,INST-0070,ENROLLED,UP_TO_100K,APPROVED,13000.00,2025-08-17
APP-0000341,BEN-000228,SCH-01,2025-26,INST-0077,ENROLLED,100K_TO_250K,APPROVED,34000.00,2025-08-01
APP-0000304,BEN-000762,SCH-01,2025-26,INST-0028,ENROLLED,UP_TO_100K,APPROVED,28250.00,2025-10-31
APP-0001242,BEN-000244,SCH-05,2023-24,INST-0001,ENROLLED,UP_TO_100K,APPROVED,16250.00,2023-07-30
APP-0000674,BEN-000361,SCH-04,2023-24,INST-0001,UNVERIFIED,100K_TO_250K,REJECTED,0.00,2023-10-22
APP-0000917,BEN-000907,SCH-05,2025-26,INST-0083,ENROLLED,100K_TO_250K,APPROVED,25250.00,2025-11-01
APP-0001276,BEN-000849,SCH-02,2023-24,INST-0049,ENROLLED,250K_TO_500K,APPROVED,48000.00,2023-09-23
APP-0000213,BEN-000784,SCH-05,2024-25,INST-0009,ENROLLED,UP_TO_100K,APPROVED,20500.00,2024-08-19
APP-0001393,BEN-000389,SCH-02,2024-25,INST-0013,ENROLLED,100K_TO_250K,APPROVED,35000.00,2024-10-11
APP-0001318,BEN-000331,SCH-03,2023-24,INST-0012,ENROLLED,UP_TO_100K,APPROVED,4750.00,2023-08-13
APP-0000525,BEN-000927,SCH-01,2025-26,INST-0002,ENROLLED,100K_TO_250K,APPROVED,28500.00,2025-10-28
APP-0001281,BEN-000940,SCH-01,2024-25,INST-0039,ENROLLED,UP_TO_100K,APPROVED,25250.00,2024-08-25
APP-0001277,BEN-000496,SCH-01,2023-24,INST-0055,ENROLLED,100K_TO_250K,APPROVED,26250.00,2023-10-27
APP-0001303,BEN-000464,SCH-06,2023-24,INST-0010,ENROLLED,UP_TO_100K,APPROVED,10250.00,2023-08-06
APP-0000587,BEN-000122,SCH-02,2023-24,INST-0054,ENROLLED,UP_TO_100K,APPROVED,57500.00,2023-07-28
APP-0000122,BEN-000544,SCH-02,2023-24,INST-0085,ENROLLED,UP_TO_100K,APPROVED,36250.00,2023-10-22
APP-0000789,BEN-000351,SCH-01,2023-24,INST-0025,ENROLLED,100K_TO_250K,APPROVED,25250.00,2023-08-10
APP-0000340,BEN-000972,SCH-05,2025-26,INST-0031,ENROLLED,100K_TO_250K,APPROVED,18250.00,2025-10-08
APP-0000847,BEN-000676,SCH-01,2025-26,INST-0007,ENROLLED,UP_TO_100K,APPROVED,22250.00,2025-10-28
APP-0000013,BEN-000757,SCH-03,2024-25,INST-0065,ENROLLED,UP_TO_100K,APPROVED,4250.00,2024-07-29
APP-0001223,BEN-000670,SCH-01,2023-24,INST-0031,NOT_FOUND,UP_TO_100K,APPROVED,23500.00,2023-08-30
APP-0000153,BEN-000578,SCH-01,2023-24,INST-0080,ENROLLED,100K_TO_250K,APPROVED,32500.00,2023-07-26
APP-0000333,BEN-000552,SCH-06,2024-25,INST-0033,ENROLLED,100K_TO_250K,APPROVED,9750.00,2024-08-16
APP-0000541,BEN-000887,SCH-01,2023-24,INST-0073,ENROLLED,100K_TO_250K,APPROVED,38000.00,2023-10-31
APP-0001068,BEN-000875,SCH-05,2024-25,INST-0067,ENROLLED,100K_TO_250K,APPROVED,15750.00,2024-08-17
APP-0000375,BEN-000141,SCH-02,2023-24,INST-0009,ENROLLED,UP_TO_100K,APPROVED,44000.00,2023-07-31
APP-0001440,BEN-000263,SCH-05,2024-25,INST-0001,ENROLLED,UP_TO_100K,APPROVED,14500.00,2024-10-07
APP-0000990,BEN-000910,SCH-01,2023-24,INST-0023,ENROLLED,100K_TO_250K,APPROVED,33000.00,2023-10-14
APP-0000027,BEN-000340,SCH-06,2025-26,INST-0006,NOT_FOUND,100K_TO_250K,REJECTED,0.00,2025-07-27
APP-0000223,BEN-000772,SCH-04,2023-24,INST-0076,ENROLLED,100K_TO_250K,APPROVED,15250.00,2023-10-22
APP-0000856,BEN-000759,SCH-01,2024-25,INST-0096,ENROLLED,100K_TO_250K,APPROVED,30000.00,2024-10-15
APP-0001214,BEN-000016,SCH-02,2025-26,INST-0005,NOT_FOUND,UP_TO_100K,REJECTED,0.00,2025-07-31
APP-0000801,BEN-000734,SCH-01,2023-24,INST-0017,ENROLLED,UP_TO_100K,APPROVED,21500.00,2023-09-04
APP-0000506,BEN-000775,SCH-01,2024-25,INST-0016,ENROLLED,UP_TO_100K,APPROVED,47000.00,2024-09-09
APP-0001271,BEN-000946,SCH-02,2023-24,INST-0059,ENROLLED,100K_TO_250K,APPROVED,32500.00,2023-07-22
APP-0001350,BEN-000057,SCH-05,2023-24,INST-0078,COMPLETED,UP_TO_100K,CANCELLED,0.00,2023-07-15
APP-0000495,BEN-000669,SCH-06,2023-24,INST-0058,ENROLLED,100K_TO_250K,APPROVED,10000.00,2023-10-30
APP-0001201,BEN-000162,SCH-01,2024-25,INST-0055,ENROLLED,UP_TO_100K,APPROVED,17750.00,2024-08-24
APP-0000420,BEN-000486,SCH-03,2024-25,INST-0043,ENROLLED,100K_TO_250K,APPROVED,4750.00,2024-10-23
APP-0001041,BEN-000285,SCH-03,2023-24,INST-0035,ENROLLED,UP_TO_100K,APPROVED,7500.00,2023-09-15
APP-0001219,BEN-000711,SCH-03,2025-26,INST-0061,ENROLLED,100K_TO_250K,APPROVED,7000.00,2025-11-01
APP-0000537,BEN-000322,SCH-01,2024-25,INST-0012,ENROLLED,100K_TO_250K,APPROVED,32250.00,2024-08-17
APP-0000641,BEN-000372,SCH-01,2025-26,INST-0025,ENROLLED,100K_TO_250K,APPROVED,55500.00,2025-10-20
APP-0000230,BEN-000850,SCH-04,2024-25,INST-0051,ENROLLED,100K_TO_250K,APPROVED,11250.00,2024-10-02
APP-0001061,BEN-000877,SCH-03,2025-26,INST-0020,ENROLLED,100K_TO_250K,APPROVED,4500.00,2025-10-29
APP-0000503,BEN-000467,SCH-06,2023-24,INST-0037,ENROLLED,100K_TO_250K,APPROVED,8250.00,2023-08-21
APP-0000707,BEN-000257,SCH-02,2023-24,INST-0005,ENROLLED,UP_TO_100K,APPROVED,27500.00,2023-10-06
APP-0000736,BEN-000541,SCH-01,2024-25,INST-0033,ENROLLED,100K_TO_250K,APPROVED,47000.00,2024-09-12
APP-0000547,BEN-000111,SCH-06,2024-25,INST-0070,ENROLLED,100K_TO_250K,APPROVED,9250.00,2024-08-07
APP-0000161,BEN-000059,SCH-02,2023-24,INST-0060,ENROLLED,UP_TO_100K,APPROVED,29000.00,2023-08-08
APP-0001037,BEN-000605,SCH-06,2025-26,INST-0088,ENROLLED,UP_TO_100K,REJECTED,0.00,2025-08-17
APP-0001117,BEN-000773,SCH-05,2023-24,INST-0021,ENROLLED,100K_TO_250K,APPROVED,15750.00,2023-09-24
APP-0001246,BEN-000554,SCH-02,2023-24,INST-0048,ENROLLED,100K_TO_250K,APPROVED,27000.00,2023-08-17
APP-0000988,BEN-000882,SCH-04,2023-24,INST-0063,ENROLLED,100K_TO_250K,APPROVED,11750.00,2023-09-07
APP-0000334,BEN-000173,SCH-02,2023-24,INST-0075,UNVERIFIED,UP_TO_100K,REJECTED,0.00,2023-09-14
APP-0001402,BEN-000913,SCH-06,2025-26,INST-0016,ENROLLED,100K_TO_250K,APPROVED,6000.00,2025-09-03
APP-0000366,BEN-000537,SCH-03,2025-26,INST-0083,ENROLLED,100K_TO_250K,APPROVED,3500.00,2025-10-21
APP-0001337,BEN-000068,SCH-04,2025-26,INST-0044,ENROLLED,100K_TO_250K,APPROVED,18000.00,2025-07-31
APP-0000265,BEN-000110,SCH-01,2023-24,INST-0039,ENROLLED,100K_TO_250K,APPROVED,51000.00,2023-07-28
APP-0001420,BEN-000495,SCH-04,2023-24,INST-0001,ENROLLED,UP_TO_100K,APPROVED,20500.00,2023-08-05
APP-0000974,BEN-000621,SCH-05,2024-25,INST-0050,COMPLETED,UP_TO_100K,CANCELLED,0.00,2024-07-19
APP-0000740,BEN-000041,SCH-04,2024-25,INST-0026,ENROLLED,100K_TO_250K,APPROVED,19750.00,2024-10-12
APP-0000301,BEN-000993,SCH-01,2024-25,INST-0048,ENROLLED,100K_TO_250K,APPROVED,26000.00,2024-07-26
APP-0000461,BEN-000942,SCH-01,2023-24,INST-0071,ENROLLED,100K_TO_250K,APPROVED,45750.00,2023-10-10
APP-0000669,BEN-000756,SCH-02,2024-25,INST-0088,ENROLLED,100K_TO_250K,APPROVED,26250.00,2024-08-20
APP-0000918,BEN-000684,SCH-02,2024-25,INST-0008,ENROLLED,UP_TO_100K,APPROVED,29250.00,2024-09-06
APP-0001164,BEN-000740,SCH-05,2023-24,INST-0065,ENROLLED,UP_TO_100K,APPROVED,16750.00,2023-08-08
APP-0000407,BEN-000998,SCH-03,2023-24,INST-0016,ENROLLED,UP_TO_100K,APPROVED,7000.00,2023-07-29
APP-0000971,BEN-000479,SCH-02,2023-24,INST-0007,ENROLLED,UP_TO_100K,APPROVED,27000.00,2023-08-02
APP-0000197,BEN-000914,SCH-06,2023-24,INST-0003,ENROLLED,UP_TO_100K,APPROVED,9250.00,2023-09-03
APP-0000025,BEN-000748,SCH-01,2024-25,INST-0043,ENROLLED,100K_TO_250K,APPROVED,31250.00,2024-10-07
APP-0000433,BEN-000223,SCH-01,2024-25,INST-0041,ENROLLED,UP_TO_100K,APPROVED,32750.00,2024-10-16
APP-0001352,BEN-000085,SCH-06,2024-25,INST-0054,ENROLLED,100K_TO_250K,APPROVED,9250.00,2024-08-21
APP-0000359,BEN-000185,SCH-02,2023-24,INST-0054,ENROLLED,100K_TO_250K,APPROVED,23500.00,2023-10-11
APP-0000065,BEN-000956,SCH-01,2024-25,INST-0062,ENROLLED,100K_TO_250K,APPROVED,33000.00,2024-09-23
APP-0000879,BEN-000107,SCH-04,2023-24,INST-0052,ENROLLED,100K_TO_250K,APPROVED,13000.00,2023-09-25
APP-0000993,BEN-000627,SCH-06,2023-24,INST-0047,ENROLLED,250K_TO_500K,APPROVED,10000.00,2023-10-12
APP-0000679,BEN-000599,SCH-04,2023-24,INST-0015,ENROLLED,UP_TO_100K,APPROVED,15250.00,2023-08-12
APP-0000751,BEN-000964,SCH-04,2023-24,INST-0045,ENROLLED,100K_TO_250K,APPROVED,11250.00,2023-10-03
APP-0000046,BEN-000561,SCH-05,2024-25,INST-0006,ENROLLED,100K_TO_250K,CANCELLED,0.00,2024-08-08
APP-0000532,BEN-000255,SCH-04,2023-24,INST-0054,ENROLLED,100K_TO_250K,APPROVED,8500.00,2023-08-21
APP-0000284,BEN-000012,SCH-01,2024-25,INST-0014,ENROLLED,100K_TO_250K,APPROVED,31250.00,2024-10-26
APP-0000087,BEN-000282,SCH-03,2023-24,INST-0002,NOT_FOUND,100K_TO_250K,APPROVED,4250.00,2023-07-23
APP-0000042,BEN-000327,SCH-01,2024-25,INST-0027,ENROLLED,100K_TO_250K,APPROVED,25250.00,2024-07-16
APP-0000168,BEN-000332,SCH-02,2024-25,INST-0030,ENROLLED,100K_TO_250K,APPROVED,54500.00,2024-09-05
APP-0000374,BEN-000477,SCH-01,2024-25,INST-0007,ENROLLED,UP_TO_100K,APPROVED,36000.00,2024-07-31
APP-0000725,BEN-000075,SCH-02,2023-24,INST-0002,NOT_FOUND,250K_TO_500K,APPROVED,41000.00,2023-08-12
APP-0000378,BEN-000568,SCH-05,2025-26,INST-0043,ENROLLED,100K_TO_250K,APPROVED,19250.00,2025-07-29
APP-0001430,BEN-000513,SCH-02,2025-26,INST-0007,COMPLETED,UP_TO_100K,PENDING,0.00,2025-10-24
APP-0001232,BEN-000093,SCH-05,2024-25,INST-0034,ENROLLED,100K_TO_250K,APPROVED,17750.00,2024-09-05
APP-0000117,BEN-000507,SCH-05,2023-24,INST-0065,ENROLLED,UP_TO_100K,APPROVED,19750.00,2023-09-05
APP-0001261,BEN-000540,SCH-03,2023-24,INST-0055,ENROLLED,UP_TO_100K,APPROVED,9500.00,2023-07-31
APP-0000645,BEN-000724,SCH-01,2023-24,INST-0003,ENROLLED,100K_TO_250K,APPROVED,30000.00,2023-10-04
APP-0001265,BEN-000697,SCH-01,2025-26,INST-0044,ENROLLED,UP_TO_100K,REJECTED,0.00,2025-09-16
APP-0001017,BEN-000170,SCH-02,2025-26,INST-0067,ENROLLED,250K_TO_500K,APPROVED,28750.00,2025-10-17
APP-0001090,BEN-000763,SCH-03,2025-26,INST-0020,COMPLETED,100K_TO_250K,REJECTED,0.00,2025-09-09
APP-0000806,BEN-000359,SCH-03,2023-24,INST-0080,ENROLLED,UP_TO_100K,APPROVED,4500.00,2023-10-01
APP-0000486,BEN-000513,SCH-04,2024-25,INST-0007,ENROLLED,UP_TO_100K,APPROVED,10500.00,2024-10-21
APP-0000462,BEN-000367,SCH-02,2023-24,INST-0019,ENROLLED,100K_TO_250K,APPROVED,40750.00,2023-09-12
APP-0001065,BEN-000453,SCH-05,2024-25,INST-0032,ENROLLED,UP_TO_100K,APPROVED,13500.00,2024-09-30
APP-0000760,BEN-000327,SCH-05,2024-25,INST-0027,UNVERIFIED,100K_TO_250K,REJECTED,0.00,2024-09-02
APP-0000700,BEN-000121,SCH-04,2024-25,INST-0062,ENROLLED,UP_TO_100K,APPROVED,9750.00,2024-09-27
APP-0000719,BEN-000917,SCH-01,2023-24,INST-0010,ENROLLED,UP_TO_100K,APPROVED,28000.00,2023-07-26
APP-0000599,BEN-000480,SCH-05,2025-26,INST-0085,ENROLLED,100K_TO_250K,APPROVED,17250.00,2025-08-23
APP-0001360,BEN-000066,SCH-03,2025-26,INST-0022,ENROLLED,100K_TO_250K,APPROVED,4500.00,2025-09-17
APP-0001336,BEN-000671,SCH-03,2023-24,INST-0080,ENROLLED,UP_TO_100K,APPROVED,4750.00,2023-07-28
APP-0000519,BEN-000944,SCH-02,2025-26,INST-0020,ENROLLED,UP_TO_100K,APPROVED,24250.00,2025-08-03
APP-0001175,BEN-000666,SCH-06,2025-26,INST-0005,NOT_FOUND,UP_TO_100K,REJECTED,0.00,2025-07-19
APP-0000316,BEN-000520,SCH-03,2025-26,INST-0064,ENROLLED,100K_TO_250K,APPROVED,8250.00,2025-08-30
APP-0000986,BEN-000157,SCH-05,2024-25,INST-0050,ENROLLED,100K_TO_250K,APPROVED,19000.00,2024-09-22
APP-0001285,BEN-000902,SCH-03,2023-24,INST-0085,ENROLLED,UP_TO_100K,APPROVED,10000.00,2023-07-17
APP-0000660,BEN-000482,SCH-04,2023-24,INST-0005,ENROLLED,100K_TO_250K,APPROVED,11750.00,2023-10-17
APP-0000969,BEN-000829,SCH-05,2024-25,INST-0041,ENROLLED,UP_TO_100K,APPROVED,16250.00,2024-10-13
APP-0000534,BEN-000036,SCH-04,2025-26,INST-0089,ENROLLED,UP_TO_100K,APPROVED,10000.00,2025-08-19
APP-0000039,BEN-000685,SCH-04,2024-25,INST-0055,ENROLLED,100K_TO_250K,APPROVED,10750.00,2024-09-04
APP-0000456,BEN-000461,SCH-01,2023-24,INST-0015,ENROLLED,100K_TO_250K,APPROVED,33250.00,2023-07-24
APP-0000780,BEN-000243,SCH-06,2024-25,INST-0092,ENROLLED,UP_TO_100K,APPROVED,14000.00,2024-09-08
APP-0001361,BEN-000039,SCH-06,2023-24,INST-0061,ENROLLED,100K_TO_250K,APPROVED,8250.00,2023-10-26
APP-0000282,BEN-000277,SCH-02,2025-26,INST-0073,ENROLLED,100K_TO_250K,APPROVED,36250.00,2025-08-23
APP-0001116,BEN-000489,SCH-06,2025-26,INST-0007,ENROLLED,100K_TO_250K,APPROVED,16000.00,2025-10-24
APP-0001162,BEN-000753,SCH-03,2024-25,INST-0017,ENROLLED,UP_TO_100K,APPROVED,7000.00,2024-07-23
APP-0001184,BEN-000355,SCH-03,2023-24,INST-0029,ENROLLED,UP_TO_100K,APPROVED,5000.00,2023-10-09
APP-0001384,BEN-000981,SCH-01,2023-24,INST-0068,ENROLLED,100K_TO_250K,APPROVED,18250.00,2023-08-08
APP-0000383,BEN-000525,SCH-04,2025-26,INST-0039,NOT_FOUND,UP_TO_100K,PENDING,0.00,2025-10-31
APP-0001257,BEN-000931,SCH-04,2025-26,INST-0074,ENROLLED,100K_TO_250K,APPROVED,18500.00,2025-08-22
APP-0001299,BEN-000733,SCH-03,2025-26,INST-0009,COMPLETED,UP_TO_100K,REJECTED,0.00,2025-10-23
APP-0001167,BEN-000167,SCH-02,2024-25,INST-0029,ENROLLED,UP_TO_100K,APPROVED,43000.00,2024-07-20
APP-0000165,BEN-000573,SCH-05,2025-26,INST-0004,ENROLLED,UP_TO_100K,APPROVED,14750.00,2025-10-05
APP-0000840,BEN-000151,SCH-06,2025-26,INST-0010,ENROLLED,100K_TO_250K,APPROVED,7250.00,2025-10-14
APP-0000859,BEN-000037,SCH-05,2024-25,INST-0032,COMPLETED,UP_TO_100K,REJECTED,0.00,2024-08-28
APP-0000579,BEN-000108,SCH-02,2024-25,INST-0024,ENROLLED,100K_TO_250K,APPROVED,29250.00,2024-07-20
APP-0000823,BEN-000737,SCH-01,2024-25,INST-0088,ENROLLED,100K_TO_250K,APPROVED,26250.00,2024-09-10
APP-0001408,BEN-000644,SCH-01,2024-25,INST-0054,ENROLLED,UP_TO_100K,APPROVED,32750.00,2024-10-11
APP-0000568,BEN-000173,SCH-04,2023-24,INST-0075,ENROLLED,UP_TO_100K,APPROVED,18250.00,2023-09-04
APP-0000803,BEN-000797,SCH-01,2025-26,INST-0089,ENROLLED,100K_TO_250K,APPROVED,54000.00,2025-08-31
APP-0000542,BEN-000232,SCH-01,2023-24,INST-0088,ENROLLED,100K_TO_250K,APPROVED,25000.00,2023-10-22
APP-0001097,BEN-000638,SCH-02,2025-26,INST-0025,ENROLLED,100K_TO_250K,APPROVED,35250.00,2025-09-17
APP-0000976,BEN-000681,SCH-03,2023-24,INST-0086,ENROLLED,250K_TO_500K,APPROVED,6250.00,2023-07-23
APP-0000126,BEN-000449,SCH-02,2025-26,INST-0021,NOT_FOUND,UP_TO_100K,CANCELLED,0.00,2025-10-01
APP-0001130,BEN-000660,SCH-02,2025-26,INST-0004,ENROLLED,UP_TO_100K,APPROVED,28750.00,2025-07-18
APP-0000248,BEN-000184,SCH-02,2023-24,INST-0009,ENROLLED,UP_TO_100K,APPROVED,37750.00,2023-10-23
APP-0001230,BEN-000123,SCH-01,2023-24,INST-0065,ENROLLED,100K_TO_250K,APPROVED,43250.00,2023-09-04
APP-0000257,BEN-000898,SCH-04,2023-24,INST-0059,ENROLLED,UP_TO_100K,APPROVED,16500.00,2023-10-01
APP-0000747,BEN-000892,SCH-01,2024-25,INST-0002,ENROLLED,UP_TO_100K,APPROVED,52250.00,2024-10-19
APP-0001020,BEN-000262,SCH-06,2023-24,INST-0089,ENROLLED,100K_TO_250K,APPROVED,13500.00,2023-07-17
APP-0000794,BEN-000747,SCH-01,2023-24,INST-0076,ENROLLED,100K_TO_250K,APPROVED,19500.00,2023-08-18
APP-0000659,BEN-000880,SCH-06,2024-25,INST-0059,ENROLLED,UP_TO_100K,APPROVED,13000.00,2024-10-12
APP-0000528,BEN-000026,SCH-02,2024-25,INST-0037,COMPLETED,UP_TO_100K,REJECTED,0.00,2024-07-24
APP-0000509,BEN-000858,SCH-01,2023-24,INST-0008,ENROLLED,UP_TO_100K,REJECTED,0.00,2023-10-15
APP-0000195,BEN-000328,SCH-06,2024-25,INST-0011,ENROLLED,100K_TO_250K,APPROVED,6250.00,2024-09-06
APP-0000697,BEN-000852,SCH-01,2023-24,INST-0057,ENROLLED,100K_TO_250K,APPROVED,17500.00,2023-10-19
APP-0000618,BEN-000392,SCH-02,2023-24,INST-0015,ENROLLED,UP_TO_100K,APPROVED,46750.00,2023-08-16
APP-0000632,BEN-000721,SCH-02,2024-25,INST-0016,ENROLLED,250K_TO_500K,APPROVED,31500.00,2024-07-22
APP-0000169,BEN-000107,SCH-04,2024-25,INST-0052,ENROLLED,100K_TO_250K,APPROVED,14750.00,2024-10-17
APP-0001320,BEN-000375,SCH-04,2024-25,INST-0077,ENROLLED,UP_TO_100K,APPROVED,13000.00,2024-08-04
APP-0001264,BEN-000647,SCH-06,2025-26,INST-0082,ENROLLED,100K_TO_250K,PENDING,0.00,2025-08-13
APP-0000585,BEN-000597,SCH-02,2023-24,INST-0092,UNVERIFIED,UP_TO_100K,CANCELLED,0.00,2023-10-03
APP-0001290,BEN-000292,SCH-03,2024-25,INST-0067,ENROLLED,100K_TO_250K,APPROVED,6750.00,2024-10-29
APP-0001178,BEN-000591,SCH-03,2024-25,INST-0012,ENROLLED,UP_TO_100K,APPROVED,5000.00,2024-10-19
APP-0001174,BEN-000160,SCH-05,2024-25,INST-0052,ENROLLED,100K_TO_250K,APPROVED,18250.00,2024-09-26
APP-0000426,BEN-000021,SCH-04,2023-24,INST-0062,ENROLLED,UP_TO_100K,APPROVED,15250.00,2023-08-09
APP-0000061,BEN-000181,SCH-03,2024-25,INST-0035,ENROLLED,100K_TO_250K,APPROVED,7000.00,2024-08-10
APP-0000191,BEN-000673,SCH-02,2024-25,INST-0088,ENROLLED,100K_TO_250K,APPROVED,26250.00,2024-07-21
APP-0001315,BEN-000587,SCH-06,2023-24,INST-0085,ENROLLED,100K_TO_250K,APPROVED,8000.00,2023-10-23
APP-0000274,BEN-000989,SCH-05,2024-25,INST-0025,COMPLETED,100K_TO_250K,REJECTED,0.00,2024-08-13
APP-0000180,BEN-000196,SCH-01,2023-24,INST-0031,NOT_FOUND,UP_TO_100K,APPROVED,36250.00,2023-10-05
APP-0001113,BEN-000013,SCH-04,2025-26,INST-0019,ENROLLED,100K_TO_250K,REJECTED,0.00,2025-10-23
APP-0000332,BEN-000712,SCH-02,2024-25,INST-0047,ENROLLED,100K_TO_250K,REJECTED,0.00,2024-08-25
APP-0000268,BEN-000596,SCH-01,2023-24,INST-0030,ENROLLED,UP_TO_100K,APPROVED,56500.00,2023-08-07
APP-0000765,BEN-000266,SCH-04,2025-26,INST-0064,ENROLLED,100K_TO_250K,APPROVED,17750.00,2025-09-11
APP-0001023,BEN-000616,SCH-02,2025-26,INST-0051,ENROLLED,UP_TO_100K,APPROVED,46250.00,2025-10-18
APP-0001428,BEN-000514,SCH-01,2025-26,INST-0043,UNVERIFIED,100K_TO_250K,PENDING,0.00,2025-10-31
APP-0000214,BEN-000011,SCH-03,2024-25,INST-0006,ENROLLED,100K_TO_250K,APPROVED,3000.00,2024-08-09
APP-0000515,BEN-000706,SCH-04,2023-24,INST-0008,ENROLLED,UP_TO_100K,APPROVED,9750.00,2023-09-07
APP-0000292,BEN-000688,SCH-02,2025-26,INST-0079,ENROLLED,100K_TO_250K,APPROVED,33250.00,2025-10-21
APP-0000892,BEN-000748,SCH-02,2025-26,INST-0043,UNVERIFIED,100K_TO_250K,REJECTED,0.00,2025-08-12
APP-0000649,BEN-000913,SCH-04,2025-26,INST-0016,ENROLLED,100K_TO_250K,APPROVED,17500.00,2025-09-21
APP-0001298,BEN-000698,SCH-06,2025-26,INST-0046,UNVERIFIED,100K_TO_250K,REJECTED,0.00,2025-08-18
APP-0000633,BEN-000318,SCH-01,2024-25,INST-0034,ENROLLED,UP_TO_100K,APPROVED,25250.00,2024-10-30
APP-0000911,BEN-000883,SCH-06,2023-24,INST-0051,ENROLLED,100K_TO_250K,APPROVED,8000.00,2023-10-23
APP-0000162,BEN-000105,SCH-03,2023-24,INST-0002,ENROLLED,100K_TO_250K,APPROVED,5750.00,2023-07-31
APP-0001413,BEN-000394,SCH-06,2024-25,INST-0017,ENROLLED,100K_TO_250K,APPROVED,13250.00,2024-11-01
APP-0000966,BEN-000780,SCH-03,2024-25,INST-0005,ENROLLED,UP_TO_100K,APPROVED,7250.00,2024-10-25
APP-0001018,BEN-000607,SCH-03,2024-25,INST-0009,ENROLLED,UP_TO_100K,APPROVED,6500.00,2024-10-24
APP-0000901,BEN-000102,SCH-05,2025-26,INST-0041,COMPLETED,100K_TO_250K,CANCELLED,0.00,2025-09-07
APP-0000867,BEN-000193,SCH-03,2024-25,INST-0014,ENROLLED,UP_TO_100K,APPROVED,5750.00,2024-08-10
APP-0000930,BEN-000155,SCH-04,2025-26,INST-0007,ENROLLED,100K_TO_250K,PENDING,0.00,2025-10-25
APP-0001002,BEN-000312,SCH-03,2025-26,INST-0026,ENROLLED,100K_TO_250K,APPROVED,3000.00,2025-10-16
APP-0000478,BEN-000526,SCH-01,2023-24,INST-0090,ENROLLED,UP_TO_100K,APPROVED,42250.00,2023-07-21
APP-0000795,BEN-000346,SCH-01,2024-25,INST-0034,ENROLLED,100K_TO_250K,APPROVED,54750.00,2024-08-12
APP-0000910,BEN-000385,SCH-02,2024-25,INST-0013,ENROLLED,UP_TO_100K,APPROVED,30000.00,2024-09-29
APP-0000319,BEN-000063,SCH-01,2023-24,INST-0076,ENROLLED,100K_TO_250K,APPROVED,19250.00,2023-08-29
APP-0000262,BEN-000896,SCH-06,2023-24,INST-0011,ENROLLED,100K_TO_250K,APPROVED,9000.00,2023-08-22
APP-0001367,BEN-000360,SCH-04,2023-24,INST-0035,ENROLLED,UP_TO_100K,APPROVED,8250.00,2023-10-31
APP-0000710,BEN-000274,SCH-01,2025-26,INST-0010,ENROLLED,100K_TO_250K,APPROVED,25000.00,2025-10-11
APP-0000073,BEN-000221,SCH-04,2024-25,INST-0003,ENROLLED,UP_TO_100K,APPROVED,17250.00,2024-09-21
APP-0001302,BEN-000608,SCH-03,2024-25,INST-0040,ENROLLED,UP_TO_100K,APPROVED,3250.00,2024-08-24
APP-0000683,BEN-000420,SCH-03,2025-26,INST-0002,ENROLLED,100K_TO_250K,APPROVED,3750.00,2025-09-13
APP-0000507,BEN-000502,SCH-01,2023-24,INST-0014,ENROLLED,UP_TO_100K,APPROVED,32000.00,2023-08-29
APP-0000233,BEN-000758,SCH-02,2024-25,INST-0075,ENROLLED,UP_TO_100K,APPROVED,35250.00,2024-10-29
APP-0000744,BEN-000310,SCH-04,2023-24,INST-0031,NOT_FOUND,100K_TO_250K,APPROVED,14500.00,2023-10-26
APP-0000549,BEN-000598,SCH-02,2024-25,INST-0002,ENROLLED,UP_TO_100K,APPROVED,34250.00,2024-09-24
APP-0000816,BEN-000714,SCH-02,2024-25,INST-0072,ENROLLED,250K_TO_500K,APPROVED,38500.00,2024-10-05
APP-0000958,BEN-000131,SCH-06,2025-26,INST-0001,ENROLLED,UP_TO_100K,APPROVED,16500.00,2025-10-12
APP-0000533,BEN-000547,SCH-01,2023-24,INST-0052,ENROLLED,100K_TO_250K,APPROVED,25000.00,2023-08-18
APP-0000802,BEN-000602,SCH-03,2025-26,INST-0052,ENROLLED,UP_TO_100K,APPROVED,9500.00,2025-08-20
APP-0000539,BEN-000680,SCH-01,2023-24,INST-0012,ENROLLED,UP_TO_100K,APPROVED,18750.00,2023-10-12
APP-0000264,BEN-000397,SCH-06,2023-24,INST-0023,ENROLLED,100K_TO_250K,APPROVED,8750.00,2023-08-13
APP-0001143,BEN-000211,SCH-06,2023-24,INST-0038,ENROLLED,UP_TO_100K,APPROVED,13750.00,2023-08-29
APP-0000782,BEN-000991,SCH-01,2023-24,INST-0004,ENROLLED,100K_TO_250K,APPROVED,18750.00,2023-10-12
APP-0000975,BEN-000997,SCH-02,2024-25,INST-0088,ENROLLED,100K_TO_250K,APPROVED,26250.00,2024-10-07
APP-0000529,BEN-000556,SCH-05,2025-26,INST-0019,ENROLLED,UP_TO_100K,APPROVED,20250.00,2025-09-05
APP-0000783,BEN-000347,SCH-01,2023-24,INST-0088,ENROLLED,100K_TO_250K,APPROVED,25000.00,2023-10-04
APP-0000131,BEN-000120,SCH-04,2023-24,INST-0003,ENROLLED,UP_TO_100K,APPROVED,14000.00,2023-08-12
APP-0001087,BEN-000827,SCH-04,2025-26,INST-0033,ENROLLED,UP_TO_100K,APPROVED,15750.00,2025-10-06
APP-0000745,BEN-000377,SCH-04,2024-25,INST-0060,ENROLLED,100K_TO_250K,APPROVED,12000.00,2024-10-28
APP-0001122,BEN-000395,SCH-01,2023-24,INST-0088,ENROLLED,UP_TO_100K,APPROVED,25000.00,2023-09-18
APP-0000321,BEN-000388,SCH-03,2024-25,INST-0033,ENROLLED,250K_TO_500K,APPROVED,5250.00,2024-08-31
APP-0000155,BEN-000273,SCH-04,2025-26,INST-0026,ENROLLED,100K_TO_250K,APPROVED,9000.00,2025-10-17
APP-0000151,BEN-000052,SCH-03,2023-24,INST-0069,ENROLLED,UP_TO_100K,APPROVED,8250.00,2023-09-07
APP-0000288,BEN-000421,SCH-06,2023-24,INST-0039,ENROLLED,UP_TO_100K,APPROVED,14000.00,2023-08-16
APP-0001375,BEN-000610,SCH-06,2023-24,INST-0046,ENROLLED,100K_TO_250K,APPROVED,9000.00,2023-08-04
APP-0000185,BEN-000121,SCH-04,2023-24,INST-0062,ENROLLED,UP_TO_100K,APPROVED,23250.00,2023-09-27
APP-0000565,BEN-000195,SCH-05,2023-24,INST-0047,ENROLLED,UP_TO_100K,APPROVED,19750.00,2023-08-22
APP-0001238,BEN-000280,SCH-02,2023-24,INST-0010,ENROLLED,UP_TO_100K,APPROVED,39750.00,2023-10-17
APP-0000436,BEN-000885,SCH-01,2023-24,INST-0003,ENROLLED,100K_TO_250K,APPROVED,27500.00,2023-10-18
APP-0001137,BEN-000226,SCH-01,2023-24,INST-0088,ENROLLED,100K_TO_250K,APPROVED,25000.00,2023-09-29
APP-0000399,BEN-000856,SCH-01,2023-24,INST-0004,ENROLLED,100K_TO_250K,APPROVED,40750.00,2023-09-08
APP-0000825,BEN-000286,SCH-01,2023-24,INST-0003,ENROLLED,UP_TO_100K,APPROVED,22000.00,2023-08-05
APP-0001325,BEN-000665,SCH-01,2023-24,INST-0008,ENROLLED,100K_TO_250K,APPROVED,24750.00,2023-09-14
APP-0000368,BEN-000786,SCH-05,2025-26,INST-0030,ENROLLED,UP_TO_100K,APPROVED,23250.00,2025-07-17
APP-0000623,BEN-000159,SCH-03,2023-24,INST-0031,ENROLLED,250K_TO_500K,APPROVED,4250.00,2023-08-08
APP-0000621,BEN-000662,SCH-04,2025-26,INST-0073,ENROLLED,100K_TO_250K,APPROVED,9750.00,2025-10-12
APP-0000364,BEN-000057,SCH-05,2023-24,INST-0078,ENROLLED,UP_TO_100K,APPROVED,29000.00,2023-08-19
APP-0000999,BEN-000269,SCH-03,2024-25,INST-0030,NOT_FOUND,100K_TO_250K,REJECTED,0.00,2024-09-03
APP-0000439,BEN-000439,SCH-01,2025-26,INST-0008,ENROLLED,UP_TO_100K,APPROVED,29750.00,2025-10-02
APP-0000146,BEN-000157,SCH-01,2025-26,INST-0050,UNVERIFIED,100K_TO_250K,REJECTED,0.00,2025-10-30
APP-0001066,BEN-000465,SCH-02,2023-24,INST-0048,ENROLLED,UP_TO_100K,APPROVED,48500.00,2023-10-25
APP-0000905,BEN-000203,SCH-02,2025-26,INST-0029,ENROLLED,100K_TO_250K,APPROVED,42000.00,2025-08-17
APP-0000406,BEN-000848,SCH-04,2025-26,INST-0055,ENROLLED,UP_TO_100K,APPROVED,20500.00,2025-09-27
APP-0000891,BEN-000277,SCH-06,2023-24,INST-0073,ENROLLED,100K_TO_250K,APPROVED,10750.00,2023-07-16
APP-0001060,BEN-000973,SCH-04,2024-25,INST-0061,ENROLLED,100K_TO_250K,APPROVED,10000.00,2024-10-08
APP-0001095,BEN-000044,SCH-01,2023-24,INST-0061,ENROLLED,100K_TO_250K,APPROVED,22000.00,2023-08-15
APP-0001385,BEN-000922,SCH-06,2024-25,INST-0002,ENROLLED,UP_TO_100K,APPROVED,12000.00,2024-07-22
APP-0000089,BEN-000768,SCH-02,2023-24,INST-0040,ENROLLED,100K_TO_250K,APPROVED,52250.00,2023-09-03
APP-0001042,BEN-000065,SCH-05,2023-24,INST-0039,UNVERIFIED,100K_TO_250K,PENDING,0.00,2023-08-06
APP-0001032,BEN-000512,SCH-04,2023-24,INST-0071,ENROLLED,UP_TO_100K,APPROVED,11250.00,2023-10-19
APP-0001309,BEN-000543,SCH-01,2024-25,INST-0023,ENROLLED,UP_TO_100K,APPROVED,31500.00,2024-09-13
APP-0001237,BEN-000955,SCH-04,2024-25,INST-0008,ENROLLED,UP_TO_100K,APPROVED,14750.00,2024-09-28
APP-0000696,BEN-000693,SCH-02,2024-25,INST-0076,UNVERIFIED,UP_TO_100K,REJECTED,0.00,2024-08-08
APP-0000271,BEN-000801,SCH-02,2023-24,INST-0001,ENROLLED,250K_TO_500K,APPROVED,43250.00,2023-10-11
APP-0001216,BEN-000186,SCH-04,2025-26,INST-0002,ENROLLED,UP_TO_100K,APPROVED,12500.00,2025-10-06
APP-0000308,BEN-000677,SCH-01,2023-24,INST-0095,ENROLLED,UP_TO_100K,APPROVED,57250.00,2023-08-03
APP-0000266,BEN-000463,SCH-04,2023-24,INST-0038,ENROLLED,UP_TO_100K,APPROVED,14500.00,2023-07-31
APP-0001313,BEN-000960,SCH-06,2024-25,INST-0003,ENROLLED,UP_TO_100K,APPROVED,16000.00,2024-09-21
APP-0000929,BEN-000871,SCH-02,2024-25,INST-0083,ENROLLED,UP_TO_100K,APPROVED,39750.00,2024-08-04
APP-0000408,BEN-000014,SCH-03,2025-26,INST-0068,ENROLLED,UP_TO_100K,APPROVED,4250.00,2025-07-21
APP-0001114,BEN-000522,SCH-04,2024-25,INST-0016,ENROLLED,UP_TO_100K,APPROVED,13000.00,2024-08-30
APP-0000815,BEN-000190,SCH-04,2025-26,INST-0008,ENROLLED,UP_TO_100K,APPROVED,13500.00,2025-08-18
APP-0000193,BEN-000405,SCH-01,2023-24,INST-0052,ENROLLED,100K_TO_250K,APPROVED,48250.00,2023-07-22
APP-0000128,BEN-000133,SCH-02,2025-26,INST-0001,ENROLLED,100K_TO_250K,APPROVED,38000.00,2025-08-21
APP-0000666,BEN-000779,SCH-06,2024-25,INST-0016,ENROLLED,100K_TO_250K,APPROVED,11750.00,2024-07-28
APP-0000691,BEN-000118,SCH-04,2024-25,INST-0023,ENROLLED,UP_TO_100K,APPROVED,9750.00,2024-10-20
APP-0000156,BEN-000836,SCH-02,2024-25,INST-0039,ENROLLED,100K_TO_250K,APPROVED,38500.00,2024-08-03
APP-0000115,BEN-000845,SCH-01,2023-24,INST-0096,ENROLLED,UP_TO_100K,APPROVED,45750.00,2023-08-19
APP-0000019,BEN-000742,SCH-01,2025-26,INST-0076,UNVERIFIED,100K_TO_250K,REJECTED,0.00,2025-08-28
APP-0001115,BEN-000967,SCH-02,2025-26,INST-0036,ENROLLED,100K_TO_250K,APPROVED,24000.00,2025-07-21
APP-0000001,BEN-000217,SCH-04,2025-26,INST-0003,ENROLLED,UP_TO_100K,APPROVED,14500.00,2025-09-20
APP-0000995,BEN-000433,SCH-01,2025-26,INST-0045,ENROLLED,100K_TO_250K,APPROVED,17500.00,2025-10-25
APP-0000315,BEN-000391,SCH-02,2024-25,INST-0027,ENROLLED,250K_TO_500K,APPROVED,22250.00,2024-09-20
APP-0001179,BEN-000070,SCH-06,2024-25,INST-0064,ENROLLED,100K_TO_250K,APPROVED,9500.00,2024-10-15
APP-0000614,BEN-000565,SCH-01,2025-26,INST-0018,ENROLLED,100K_TO_250K,APPROVED,36500.00,2025-10-23
APP-0000586,BEN-000215,SCH-04,2025-26,INST-0003,ENROLLED,UP_TO_100K,APPROVED,19750.00,2025-08-23
APP-0001410,BEN-000296,SCH-05,2024-25,INST-0003,ENROLLED,100K_TO_250K,APPROVED,22500.00,2024-07-31
APP-0001435,BEN-000841,SCH-01,2023-24,INST-0003,ENROLLED,100K_TO_250K,APPROVED,28500.00,2023-09-13
APP-0001284,BEN-000880,SCH-04,2025-26,INST-0059,ENROLLED,UP_TO_100K,APPROVED,13250.00,2025-10-18
APP-0000452,BEN-000692,SCH-02,2024-25,INST-0037,ENROLLED,UP_TO_100K,APPROVED,33250.00,2024-09-09
APP-0001414,BEN-000056,SCH-06,2025-26,INST-0062,ENROLLED,UP_TO_100K,APPROVED,10750.00,2025-08-13
APP-0001365,BEN-000024,SCH-02,2023-24,INST-0024,ENROLLED,100K_TO_250K,APPROVED,48000.00,2023-08-20
APP-0000831,BEN-000820,SCH-04,2025-26,INST-0063,ENROLLED,100K_TO_250K,APPROVED,18750.00,2025-09-03
APP-0000629,BEN-000289,SCH-04,2025-26,INST-0047,ENROLLED,100K_TO_250K,APPROVED,16750.00,2025-07-19
APP-0001323,BEN-000602,SCH-04,2024-25,INST-0052,ENROLLED,UP_TO_100K,APPROVED,13500.00,2024-08-17
APP-0001057,BEN-000297,SCH-01,2023-24,INST-0015,ENROLLED,UP_TO_100K,APPROVED,18250.00,2023-07-15
APP-0000425,BEN-000028,SCH-02,2023-24,INST-0076,ENROLLED,250K_TO_500K,APPROVED,31750.00,2023-08-01
APP-0000030,BEN-000982,SCH-02,2023-24,INST-0011,ENROLLED,UP_TO_100K,APPROVED,42000.00,2023-10-18
APP-0000574,BEN-000238,SCH-04,2023-24,INST-0035,ENROLLED,UP_TO_100K,APPROVED,14250.00,2023-08-15
APP-0000688,BEN-000350,SCH-05,2024-25,INST-0078,ENROLLED,100K_TO_250K,APPROVED,14000.00,2024-09-27
APP-0000511,BEN-000432,SCH-05,2024-25,INST-0075,ENROLLED,100K_TO_250K,APPROVED,15250.00,2024-09-22
APP-0000956,BEN-000280,SCH-01,2023-24,INST-0010,ENROLLED,UP_TO_100K,APPROVED,29750.00,2023-09-04
APP-0001166,BEN-000302,SCH-02,2024-25,INST-0028,ENROLLED,100K_TO_250K,APPROVED,26250.00,2024-08-19
APP-0000105,BEN-000548,SCH-03,2023-24,INST-0008,ENROLLED,UP_TO_100K,APPROVED,11250.00,2023-08-10
APP-0000951,BEN-000194,SCH-03,2023-24,INST-0008,ENROLLED,UP_TO_100K,APPROVED,9500.00,2023-08-18
APP-0000693,BEN-000076,SCH-06,2024-25,INST-0075,ENROLLED,UP_TO_100K,APPROVED,8250.00,2024-10-18
APP-0000681,BEN-000510,SCH-04,2024-25,INST-0007,ENROLLED,UP_TO_100K,APPROVED,10000.00,2024-10-19
APP-0000590,BEN-000616,SCH-01,2024-25,INST-0051,ENROLLED,UP_TO_100K,APPROVED,41500.00,2024-09-11
APP-0001078,BEN-000166,SCH-01,2023-24,INST-0031,ENROLLED,UP_TO_100K,APPROVED,30750.00,2023-09-04
APP-0000487,BEN-000533,SCH-04,2023-24,INST-0001,ENROLLED,100K_TO_250K,APPROVED,9500.00,2023-07-15
APP-0000181,BEN-000661,SCH-02,2025-26,INST-0002,ENROLLED,UP_TO_100K,APPROVED,28000.00,2025-10-15
APP-0001417,BEN-000736,SCH-01,2023-24,INST-0040,ENROLLED,UP_TO_100K,APPROVED,27250.00,2023-09-26
APP-0001003,BEN-000977,SCH-02,2025-26,INST-0058,ENROLLED,100K_TO_250K,APPROVED,36250.00,2025-10-23
APP-0000799,BEN-000010,SCH-03,2023-24,INST-0005,ENROLLED,100K_TO_250K,APPROVED,5250.00,2023-07-27
APP-0000868,BEN-000468,SCH-01,2024-25,INST-0004,ENROLLED,UP_TO_100K,APPROVED,51250.00,2024-08-07
APP-0000414,BEN-000116,SCH-05,2025-26,INST-0055,ENROLLED,100K_TO_250K,APPROVED,14750.00,2025-08-11
APP-0000337,BEN-000509,SCH-01,2024-25,INST-0005,ENROLLED,100K_TO_250K,APPROVED,16750.00,2024-08-09
APP-0001049,BEN-000563,SCH-06,2023-24,INST-0080,ENROLLED,100K_TO_250K,APPROVED,7000.00,2023-08-31
APP-0000928,BEN-000305,SCH-01,2023-24,INST-0065,ENROLLED,100K_TO_250K,APPROVED,35250.00,2023-08-19
APP-0000142,BEN-000860,SCH-04,2023-24,INST-0017,ENROLLED,UP_TO_100K,APPROVED,12500.00,2023-07-18
APP-0001386,BEN-000851,SCH-01,2025-26,INST-0087,ENROLLED,UP_TO_100K,APPROVED,32500.00,2025-10-04
APP-0000908,BEN-000459,SCH-03,2025-26,INST-0078,ENROLLED,UP_TO_100K,APPROVED,4250.00,2025-08-29
APP-0000833,BEN-000314,SCH-01,2023-24,INST-0088,ENROLLED,100K_TO_250K,APPROVED,44250.00,2023-09-09
APP-0000883,BEN-000324,SCH-01,2025-26,INST-0020,ENROLLED,100K_TO_250K,APPROVED,38000.00,2025-09-07
APP-0001133,BEN-000853,SCH-02,2023-24,INST-0028,ENROLLED,UP_TO_100K,APPROVED,24500.00,2023-07-20
APP-0001019,BEN-000865,SCH-06,2025-26,INST-0047,ENROLLED,UP_TO_100K,APPROVED,10500.00,2025-10-01
APP-0001363,BEN-000127,SCH-04,2025-26,INST-0041,COMPLETED,UP_TO_100K,PENDING,0.00,2025-10-22
APP-0000380,BEN-000580,SCH-04,2023-24,INST-0032,ENROLLED,UP_TO_100K,APPROVED,11750.00,2023-08-18
APP-0000335,BEN-000412,SCH-05,2023-24,INST-0028,ENROLLED,100K_TO_250K,APPROVED,14500.00,2023-09-07
APP-0000631,BEN-000712,SCH-01,2024-25,INST-0047,ENROLLED,100K_TO_250K,APPROVED,22250.00,2024-08-29
APP-0001415,BEN-000673,SCH-02,2023-24,INST-0088,ENROLLED,100K_TO_250K,APPROVED,25000.00,2023-10-18
APP-0001273,BEN-000209,SCH-04,2023-24,INST-0061,ENROLLED,100K_TO_250K,APPROVED,13250.00,2023-10-29
APP-0000272,BEN-000119,SCH-01,2023-24,INST-0063,ENROLLED,100K_TO_250K,APPROVED,22250.00,2023-08-26
APP-0000127,BEN-000764,SCH-01,2025-26,INST-0080,COMPLETED,UP_TO_100K,PENDING,0.00,2025-09-09
APP-0001442,BEN-000402,SCH-01,2025-26,INST-0012,ENROLLED,100K_TO_250K,APPROVED,20250.00,2025-09-19
APP-0000670,BEN-000534,SCH-03,2024-25,INST-0039,ENROLLED,100K_TO_250K,APPROVED,3500.00,2024-09-23
APP-0000294,BEN-000545,SCH-02,2023-24,INST-0004,ENROLLED,UP_TO_100K,APPROVED,30500.00,2023-08-07
APP-0001202,BEN-000341,SCH-02,2024-25,INST-0086,ENROLLED,100K_TO_250K,APPROVED,39750.00,2024-08-15
APP-0001099,BEN-000368,SCH-04,2023-24,INST-0061,ENROLLED,UP_TO_100K,APPROVED,20250.00,2023-08-22
APP-0000907,BEN-000294,SCH-01,2023-24,INST-0017,ENROLLED,UP_TO_100K,APPROVED,25750.00,2023-10-06
APP-0001123,BEN-000325,SCH-03,2024-25,INST-0002,ENROLLED,100K_TO_250K,APPROVED,3750.00,2024-09-08
APP-0000569,BEN-000728,SCH-04,2025-26,INST-0035,ENROLLED,100K_TO_250K,APPROVED,17500.00,2025-07-16
APP-0000464,BEN-000052,SCH-01,2023-24,INST-0069,ENROLLED,UP_TO_100K,APPROVED,15500.00,2023-10-30
APP-0001048,BEN-000415,SCH-02,2025-26,INST-0039,ENROLLED,100K_TO_250K,APPROVED,27250.00,2025-09-18
APP-0000313,BEN-000487,SCH-01,2024-25,INST-0063,ENROLLED,100K_TO_250K,APPROVED,26250.00,2024-08-19
APP-0000424,BEN-000089,SCH-03,2023-24,INST-0006,ENROLLED,UP_TO_100K,APPROVED,5250.00,2023-08-01
APP-0001253,BEN-000598,SCH-02,2025-26,INST-0002,ENROLLED,UP_TO_100K,APPROVED,31250.00,2025-09-28
APP-0000371,BEN-000583,SCH-01,2023-24,INST-0011,ENROLLED,UP_TO_100K,APPROVED,18500.00,2023-07-23
APP-0001034,BEN-000962,SCH-02,2024-25,INST-0012,ENROLLED,UP_TO_100K,APPROVED,41000.00,2024-07-30
APP-0001362,BEN-000340,SCH-02,2023-24,INST-0006,ENROLLED,100K_TO_250K,APPROVED,24000.00,2023-09-01
APP-0000637,BEN-000354,SCH-01,2024-25,INST-0073,ENROLLED,100K_TO_250K,APPROVED,31250.00,2024-10-07
APP-0000189,BEN-000952,SCH-01,2025-26,INST-0084,ENROLLED,100K_TO_250K,REJECTED,0.00,2025-08-05
APP-0000391,BEN-000300,SCH-02,2024-25,INST-0038,ENROLLED,100K_TO_250K,APPROVED,52250.00,2024-10-22
APP-0000283,BEN-000749,SCH-04,2024-25,INST-0082,ENROLLED,UP_TO_100K,PENDING,0.00,2024-07-21
APP-0000612,BEN-000613,SCH-03,2025-26,INST-0087,ENROLLED,UP_TO_100K,APPROVED,3500.00,2025-10-08
APP-0000609,BEN-000815,SCH-03,2025-26,INST-0013,ENROLLED,UP_TO_100K,APPROVED,9500.00,2025-07-17
APP-0000007,BEN-000625,SCH-01,2025-26,INST-0005,ENROLLED,UP_TO_100K,APPROVED,18250.00,2025-10-09
APP-0001306,BEN-000873,SCH-02,2024-25,INST-0039,ENROLLED,100K_TO_250K,APPROVED,51000.00,2024-08-12
APP-0000243,BEN-000759,SCH-06,2025-26,INST-0096,NOT_FOUND,100K_TO_250K,PENDING,0.00,2025-09-06
APP-0000056,BEN-000744,SCH-04,2024-25,INST-0017,ENROLLED,100K_TO_250K,APPROVED,19750.00,2024-08-10
APP-0001300,BEN-000970,SCH-01,2023-24,INST-0039,ENROLLED,100K_TO_250K,APPROVED,36000.00,2023-07-19
APP-0000921,BEN-000702,SCH-04,2023-24,INST-0037,ENROLLED,100K_TO_250K,APPROVED,11250.00,2023-08-16
APP-0000661,BEN-000169,SCH-04,2023-24,INST-0033,NOT_FOUND,UP_TO_100K,REJECTED,0.00,2023-07-24
APP-0000167,BEN-000899,SCH-06,2023-24,INST-0052,UNVERIFIED,100K_TO_250K,REJECTED,0.00,2023-09-12
APP-0000455,BEN-000888,SCH-01,2024-25,INST-0025,ENROLLED,UP_TO_100K,APPROVED,25500.00,2024-09-01
APP-0001345,BEN-000666,SCH-03,2024-25,INST-0005,ENROLLED,UP_TO_100K,APPROVED,6750.00,2024-08-29
APP-0000721,BEN-000072,SCH-03,2023-24,INST-0090,ENROLLED,UP_TO_100K,APPROVED,5000.00,2023-08-19
APP-0000643,BEN-000954,SCH-03,2023-24,INST-0001,ENROLLED,UP_TO_100K,APPROVED,5250.00,2023-07-29
APP-0000811,BEN-000361,SCH-03,2023-24,INST-0001,ENROLLED,100K_TO_250K,APPROVED,5750.00,2023-08-11
APP-0000489,BEN-000796,SCH-04,2025-26,INST-0026,ENROLLED,100K_TO_250K,APPROVED,17500.00,2025-07-17
APP-0000020,BEN-000083,SCH-04,2025-26,INST-0016,ENROLLED,100K_TO_250K,APPROVED,22000.00,2025-09-02
APP-0001254,BEN-000279,SCH-04,2024-25,INST-0060,ENROLLED,100K_TO_250K,APPROVED,14500.00,2024-09-25
APP-0001436,BEN-000840,SCH-06,2025-26,INST-0027,ENROLLED,UP_TO_100K,APPROVED,7000.00,2025-09-15
APP-0000379,BEN-000808,SCH-01,2025-26,INST-0011,NOT_FOUND,UP_TO_100K,PENDING,0.00,2025-09-25
APP-0000028,BEN-000974,SCH-02,2023-24,INST-0009,ENROLLED,UP_TO_100K,APPROVED,50750.00,2023-08-23
APP-0000497,BEN-000742,SCH-06,2023-24,INST-0076,ENROLLED,100K_TO_250K,APPROVED,8500.00,2023-10-29
APP-0001207,BEN-000704,SCH-01,2025-26,INST-0015,ENROLLED,100K_TO_250K,APPROVED,34500.00,2025-10-12
APP-0001395,BEN-000861,SCH-05,2025-26,INST-0082,ENROLLED,100K_TO_250K,APPROVED,21500.00,2025-09-09
APP-0000058,BEN-000242,SCH-03,2025-26,INST-0074,ENROLLED,100K_TO_250K,APPROVED,5250.00,2025-08-11
APP-0000992,BEN-000140,SCH-04,2025-26,INST-0083,ENROLLED,100K_TO_250K,APPROVED,15250.00,2025-10-08
APP-0000258,BEN-000707,SCH-04,2025-26,INST-0036,NOT_FOUND,100K_TO_250K,REJECTED,0.00,2025-08-23
APP-0001197,BEN-000855,SCH-03,2024-25,INST-0028,ENROLLED,100K_TO_250K,APPROVED,3250.00,2024-09-07
APP-0000516,BEN-000011,SCH-01,2025-26,INST-0006,ENROLLED,100K_TO_250K,APPROVED,34250.00,2025-09-20
APP-0001110,BEN-000025,SCH-02,2023-24,INST-0033,ENROLLED,UP_TO_100K,APPROVED,25500.00,2023-10-05
APP-0000297,BEN-000348,SCH-03,2023-24,INST-0070,ENROLLED,250K_TO_500K,APPROVED,6500.00,2023-09-12
APP-0000107,BEN-000295,SCH-03,2023-24,INST-0032,ENROLLED,UP_TO_100K,APPROVED,4000.00,2023-09-26
APP-0000357,BEN-000905,SCH-02,2024-25,INST-0008,ENROLLED,100K_TO_250K,APPROVED,27000.00,2024-09-07
APP-0000381,BEN-000419,SCH-01,2025-26,INST-0083,ENROLLED,100K_TO_250K,APPROVED,42750.00,2025-09-08
APP-0001305,BEN-000232,SCH-01,2024-25,INST-0088,ENROLLED,100K_TO_250K,APPROVED,26250.00,2024-09-30
APP-0001327,BEN-000336,SCH-06,2025-26,INST-0061,ENROLLED,100K_TO_250K,REJECTED,0.00,2025-08-16
APP-0000086,BEN-000990,SCH-01,2024-25,INST-0025,ENROLLED,100K_TO_250K,APPROVED,31250.00,2024-10-05
APP-0001390,BEN-000675,SCH-06,2023-24,INST-0025,ENROLLED,250K_TO_500K,APPROVED,13000.00,2023-10-18
APP-0000817,BEN-000912,SCH-05,2024-25,INST-0060,COMPLETED,UP_TO_100K,PENDING,0.00,2024-10-18
APP-0001050,BEN-000766,SCH-01,2025-26,INST-0033,ENROLLED,100K_TO_250K,APPROVED,36750.00,2025-09-29
APP-0001156,BEN-000474,SCH-02,2023-24,INST-0029,ENROLLED,100K_TO_250K,APPROVED,44000.00,2023-08-29
APP-0000965,BEN-000395,SCH-03,2023-24,INST-0088,COMPLETED,UP_TO_100K,CANCELLED,0.00,2023-08-04
APP-0001229,BEN-000605,SCH-02,2023-24,INST-0088,ENROLLED,UP_TO_100K,APPROVED,25000.00,2023-08-30
APP-0000031,BEN-000413,SCH-01,2023-24,INST-0030,ENROLLED,100K_TO_250K,APPROVED,32500.00,2023-10-23
APP-0001080,BEN-000249,SCH-03,2023-24,INST-0054,ENROLLED,100K_TO_250K,APPROVED,6250.00,2023-08-29
APP-0000063,BEN-000637,SCH-02,2025-26,INST-0003,ENROLLED,UP_TO_100K,APPROVED,40250.00,2025-10-20
APP-0000658,BEN-000699,SCH-04,2024-25,INST-0016,ENROLLED,UP_TO_100K,APPROVED,17500.00,2024-10-27
APP-0001054,BEN-000448,SCH-04,2024-25,INST-0083,ENROLLED,100K_TO_250K,APPROVED,9750.00,2024-08-16
APP-0000596,BEN-000654,SCH-01,2025-26,INST-0047,ENROLLED,100K_TO_250K,APPROVED,52500.00,2025-08-15
APP-0000429,BEN-000929,SCH-06,2025-26,INST-0083,ENROLLED,100K_TO_250K,APPROVED,8750.00,2025-09-08
APP-0000805,BEN-000144,SCH-04,2025-26,INST-0036,COMPLETED,UP_TO_100K,CANCELLED,0.00,2025-07-15
APP-0001106,BEN-000379,SCH-03,2024-25,INST-0085,ENROLLED,UP_TO_100K,APPROVED,4000.00,2024-10-30
APP-0000938,BEN-000384,SCH-04,2023-24,INST-0017,NOT_FOUND,UP_TO_100K,PENDING,0.00,2023-08-04
APP-0001148,BEN-000738,SCH-04,2024-25,INST-0027,ENROLLED,UP_TO_100K,APPROVED,16500.00,2024-08-14
APP-0001182,BEN-000727,SCH-02,2023-24,INST-0002,ENROLLED,UP_TO_100K,APPROVED,55000.00,2023-10-22
APP-0000053,BEN-000911,SCH-01,2023-24,INST-0053,ENROLLED,100K_TO_250K,APPROVED,28750.00,2023-09-22
APP-0000960,BEN-000138,SCH-03,2023-24,INST-0005,ENROLLED,UP_TO_100K,APPROVED,11000.00,2023-09-10
APP-0000040,BEN-000927,SCH-06,2025-26,INST-0002,COMPLETED,100K_TO_250K,CANCELLED,0.00,2025-07-22
APP-0001192,BEN-000478,SCH-04,2023-24,INST-0015,ENROLLED,UP_TO_100K,APPROVED,15000.00,2023-07-16
APP-0000475,BEN-000767,SCH-05,2024-25,INST-0030,ENROLLED,UP_TO_100K,APPROVED,18250.00,2024-08-19
APP-0000398,BEN-000013,SCH-02,2023-24,INST-0019,ENROLLED,100K_TO_250K,APPROVED,29750.00,2023-09-17
APP-0001185,BEN-000691,SCH-06,2025-26,INST-0015,ENROLLED,UP_TO_100K,APPROVED,12000.00,2025-10-05
APP-0000224,BEN-000143,SCH-06,2024-25,INST-0010,ENROLLED,100K_TO_250K,APPROVED,11500.00,2024-08-11
APP-0000909,BEN-000465,SCH-01,2023-24,INST-0048,ENROLLED,UP_TO_100K,APPROVED,16000.00,2023-08-21
APP-0000026,BEN-000964,SCH-01,2023-24,INST-0045,ENROLLED,100K_TO_250K,APPROVED,36000.00,2023-07-17
APP-0000731,BEN-000307,SCH-01,2024-25,INST-0048,ENROLLED,100K_TO_250K,APPROVED,19500.00,2024-10-20
APP-0000741,BEN-000863,SCH-02,2023-24,INST-0030,ENROLLED,100K_TO_250K,APPROVED,24750.00,2023-09-16
APP-0000483,BEN-000222,SCH-05,2023-24,INST-0045,ENROLLED,100K_TO_250K,CANCELLED,0.00,2023-10-05
APP-0000196,BEN-000679,SCH-02,2023-24,INST-0010,ENROLLED,100K_TO_250K,PENDING,0.00,2023-09-22
APP-0000385,BEN-000606,SCH-01,2023-24,INST-0056,ENROLLED,UP_TO_100K,APPROVED,26000.00,2023-09-19
APP-0000004,BEN-000081,SCH-02,2023-24,INST-0063,ENROLLED,UP_TO_100K,APPROVED,38250.00,2023-09-26
APP-0000646,BEN-000570,SCH-05,2024-25,INST-0087,ENROLLED,100K_TO_250K,APPROVED,22000.00,2024-07-29
APP-0000228,BEN-000806,SCH-03,2024-25,INST-0032,ENROLLED,250K_TO_500K,APPROVED,5000.00,2024-10-03
APP-0000919,BEN-000377,SCH-05,2024-25,INST-0060,UNVERIFIED,100K_TO_250K,CANCELLED,0.00,2024-07-21
APP-0000231,BEN-000817,SCH-02,2025-26,INST-0003,ENROLLED,UP_TO_100K,APPROVED,29000.00,2025-08-26
APP-0000295,BEN-000542,SCH-02,2024-25,INST-0027,ENROLLED,UP_TO_100K,APPROVED,27000.00,2024-07-28
APP-0001213,BEN-000959,SCH-01,2024-25,INST-0017,ENROLLED,100K_TO_250K,APPROVED,18500.00,2024-09-18
APP-0000593,BEN-000838,SCH-02,2024-25,INST-0027,ENROLLED,100K_TO_250K,APPROVED,41250.00,2024-09-05
APP-0001088,BEN-000889,SCH-04,2025-26,INST-0070,ENROLLED,UP_TO_100K,APPROVED,14750.00,2025-10-01
APP-0001329,BEN-000395,SCH-01,2024-25,INST-0088,ENROLLED,UP_TO_100K,APPROVED,26250.00,2024-09-09
APP-0000713,BEN-000910,SCH-03,2024-25,INST-0023,NOT_FOUND,100K_TO_250K,CANCELLED,0.00,2024-09-11
APP-0000851,BEN-000539,SCH-06,2023-24,INST-0060,ENROLLED,250K_TO_500K,APPROVED,9500.00,2023-09-20
APP-0000735,BEN-000126,SCH-02,2023-24,INST-0012,ENROLLED,UP_TO_100K,APPROVED,43500.00,2023-10-23
APP-0000885,BEN-000250,SCH-02,2024-25,INST-0025,ENROLLED,UP_TO_100K,APPROVED,28750.00,2024-10-09
APP-0001228,BEN-000011,SCH-05,2024-25,INST-0006,ENROLLED,100K_TO_250K,APPROVED,17500.00,2024-09-01
APP-0000857,BEN-000422,SCH-01,2024-25,INST-0088,ENROLLED,100K_TO_250K,APPROVED,26250.00,2024-08-28
APP-0000650,BEN-000015,SCH-05,2024-25,INST-0018,ENROLLED,100K_TO_250K,APPROVED,20750.00,2024-08-24
APP-0000474,BEN-000886,SCH-01,2024-25,INST-0002,ENROLLED,100K_TO_250K,APPROVED,21500.00,2024-10-23
APP-0001153,BEN-000703,SCH-03,2023-24,INST-0051,ENROLLED,UP_TO_100K,APPROVED,5750.00,2023-10-02
APP-0000602,BEN-000417,SCH-02,2023-24,INST-0061,ENROLLED,100K_TO_250K,APPROVED,50500.00,2023-10-31
APP-0000057,BEN-000001,SCH-01,2023-24,INST-0055,ENROLLED,100K_TO_250K,APPROVED,32250.00,2023-07-19
APP-0000500,BEN-000141,SCH-06,2023-24,INST-0009,ENROLLED,UP_TO_100K,APPROVED,9250.00,2023-09-09
APP-0001070,BEN-000399,SCH-03,2024-25,INST-0070,UNVERIFIED,UP_TO_100K,REJECTED,0.00,2024-08-11
APP-0001356,BEN-000809,SCH-01,2023-24,INST-0002,ENROLLED,100K_TO_250K,APPROVED,41250.00,2023-09-26
APP-0000101,BEN-000230,SCH-01,2023-24,INST-0088,ENROLLED,100K_TO_250K,APPROVED,25000.00,2023-09-08
APP-0001374,BEN-000600,SCH-05,2025-26,INST-0053,ENROLLED,100K_TO_250K,APPROVED,16250.00,2025-10-10
APP-0001093,BEN-000979,SCH-01,2023-24,INST-0079,ENROLLED,100K_TO_250K,APPROVED,18250.00,2023-10-10
APP-0000559,BEN-000052,SCH-04,2023-24,INST-0069,ENROLLED,UP_TO_100K,APPROVED,13000.00,2023-09-30
APP-0000603,BEN-000178,SCH-02,2025-26,INST-0032,ENROLLED,250K_TO_500K,APPROVED,46250.00,2025-08-13
APP-0000588,BEN-000254,SCH-02,2023-24,INST-0057,ENROLLED,UP_TO_100K,APPROVED,62500.00,2023-10-04
