beneficiary_id,full_name,dob,gender,phone,address,district,state,pincode,bank_account_id,ifsc_code,institution_id,registration_date
BEN-000861,Neha Sachin Shah,2004-05-24,F,+91-000-9820377,"Flat 52, Building 11, Neelkamal Nagar, Nanded",Nanded,Maharashtra,431073,ACC-002970,SYNB0061620,INST-0082,2023-06-16T11:34:27+05:30
BEN-000286,Madhura Amol Shah,2002-03-19,F,+91-000-8920589,"Flat 59, Building 62, Abhinav Colony, Pune",Pune,Maharashtra,411041,ACC-002126,SYNB0036219,INST-0003,2023-06-27T14:47:50+05:30
BEN-000478,Aditya Amol Nair,2001-01-17,M,+91-000-8463259,"Flat 77, Building 344, Tarang Nagar, Nagpur",Nagpur,Maharashtra,440092,ACC-002949,SYNB0047559,INST-0015,2023-06-08T09:06:07+05:30
BEN-000266,Nikhil Hemant Nair,2004-05-21,M,+91-000-4139896,"Flat 34, Building 330, Abhinav Colony, Solapur",Solapur,Maharashtra,413071,ACC-001473,SYNB0019107,INST-0064,2025-07-02T11:15:59+05:30
BEN-000066,Dhruv Chirag Sawant,2004-06-16,M,+91-000-8264954,"Flat 52, Building 213, Suman Layout, Nashik",Nashik,Maharashtra,422096,ACC-002643,SYNB0010211,INST-0022,2025-06-25T13:27:21+05:30
BEN-000472,Harsh Pranav Ingale,2003-01-22,M,+91-000-6678044,"Flat 65, Building 393, Sahyadri Gardens, Solapur",Solapur,Maharashtra,413099,ACC-002346,SYNB0037178,INST-0060,2024-06-21T09:23:53+05:30
BEN-000878,Pooja Avinash Suryawanshi,2002-10-22,F,+91-000-9361693,"Flat 12, Building 143, Uday Society, Pune",Pune,Maharashtra,411063,ACC-002457,SYNB0023747,INST-0005,2024-06-11T09:56:35+05:30
BEN-000466,Aditi Mihir Kale,2003-03-27,F,+91-000-9419427,"Flat 19, Building 194, Suman Layout, Kolhapur",Kolhapur,Maharashtra,416021,ACC-001415,SYNB0039358,INST-0047,2023-06-29T12:56:04+05:30
BEN-000292,Chirag Shaurya Patil,2004-09-13,M,+91-000-3509220,"Flat 62, Building 317, Abhinav Colony, Amravati",Amravati,Maharashtra,444045,ACC-001183,SYNB0035967,INST-0067,2024-07-03T11:51:38+05:30
BEN-000424,Gaurav Pranav Banerjee,2002-07-05,M,+91-000-4337963,"Flat 1, Building 67, Chaitra Vihar, Nanded",Nanded,Maharashtra,431066,ACC-000090,SYNB0067227,INST-0083,2024-06-24T11:37:14+05:30
BEN-000853,Sanjay Raj Menon,2001-02-13,M,+91-000-5081447,"Flat 71, Building 202, Kalpataru Enclave, Thane",Thane,Maharashtra,400009,ACC-000925,SYNB0032398,INST-0028,2023-06-17T13:30:21+05:30
BEN-000144,Akanksha Sahil More,2006-11-01,F,+91-000-9688672,"Flat 5, Building 174, Suman Layout, Mumbai",Mumbai,Maharashtra,400034,ACC-002958,SYNB0057717,INST-0036,2025-06-22T15:57:38+05:30
BEN-000062,Amol Pranav Dsouza,2005-06-09,M,+91-000-1589802,"Flat 34, Building 219, Kalpataru Enclave, Mumbai",Mumbai,Maharashtra,400069,ACC-002211,SYNB0024569,INST-0036,2023-07-05T12:17:29+05:30
BEN-000516,Sonali Gaurav Mishra,2004-06-04,F,+91-000-2315459,"Flat 1, Building 96, Abhinav Colony, Nagpur",Nagpur,Maharashtra,440057,ACC-000625,SYNB0010449,INST-0010,2023-06-22T16:48:50+05:30
BEN-000946,Darshan Aditya Joshi,2002-03-27,M,+91-000-3932663,"Flat 21, Building 120, Kalpataru Enclave, Solapur",Solapur,Maharashtra,413094,ACC-002701,SYNB0069367,INST-0059,2023-06-13T16:31:48+05:30
BEN-000040,Ayesha Chirag Suryawanshi,2003-10-23,F,+91-000-2682396,"Flat 40, Building 105, Uday Society, Jalgaon",Jalgaon,Maharashtra,425053,ACC-001558,SYNB0024231,INST-0073,2025-06-27T16:29:46+05:30
BEN-000465,Ayesha Vikram Banerjee,2003-04-07,F,+91-000-3916715,"Flat 23, Building 228, Tarang Nagar, Kolhapur",Kolhapur,Maharashtra,416003,ACC-000826,SYNB0047725,INST-0048,2023-06-01T09:56:04+05:30
BEN-000791,Swara Vijay Pawar,2004-03-05,F,+91-000-7501017,"Flat 29, Building 263, Tarang Nagar, Mumbai",Mumbai,Maharashtra,400077,ACC-002035,SYNB0028833,INST-0037,2025-06-01T10:21:31+05:30
BEN-000171,Omkar Amol Gawande,2004-06-11,M,+91-000-2305896,"Flat 53, Building 334, Chaitra Vihar, Thane",Thane,Maharashtra,400061,ACC-000246,SYNB0032345,INST-0029,2023-06-02T10:27:33+05:30
BEN-000656,Diya Omkar Pawar,2001-02-18,F,+91-000-9900294,"Flat 22, Building 147, Abhinav Colony, Nanded",Nanded,Maharashtra,431024,ACC-001802,SYNB0055200,INST-0085,2023-06-06T10:24:13+05:30
BEN-000847,Siddharth Raj Nair,2004-06-05,M,+91-000-7393310,"Flat 75, Building 286, Sahyadri Gardens, Nashik",Nashik,Maharashtra,422017,ACC-000262,SYNB0041844,INST-0019,2023-06-02T16:23:38+05:30
BEN-000141,Ananya Avinash Ansari,2005-07-04,F,+91-000-8071943,"Flat 60, Building 279, Neelkamal Nagar, Nagpur",Nagpur,Maharashtra,440060,ACC-000320,SYNB0032806,INST-0009,2023-06-14T16:43:57+05:30
BEN-000704,Vijay Aarav Singh,2001-09-19,M,+91-000-7605473,"Flat 30, Building 295, Uday Society, Nagpur",Nagpur,Maharashtra,440001,ACC-000576,SYNB0026748,INST-0015,2025-06-23T12:14:54+05:30
BEN-000165,Janhavi Yusuf Shaikh,2003-12-05,F,+91-000-9371819,"Flat 5, Building 41, Kalpataru Enclave, Satara",Satara,Maharashtra,415076,ACC-000154,SYNB0065352,INST-0050,2023-06-10T09:58:48+05:30
BEN-000529,Varun Aditya Naik,2004-07-25,M,+91-000-4334029,"Flat 48, Building 298, Abhinav Colony, Nanded",Nanded,Maharashtra,431001,ACC-002241,SYNB0048078,INST-0082,2023-06-18T11:15:05+05:30
BEN-000146,Nidhi Zaid Sawant,2005-10-26,F,+91-000-3011227,"Flat 70, Building 96, Kalpataru Enclave, Jalgaon",Jalgaon,Maharashtra,425057,ACC-002585,SYNB0054101,INST-0080,2023-06-28T15:39:56+05:30
BEN-000047,Sameer Rohan Gupta,2005-02-12,M,+91-000-5682726,"Flat 12, Building 105, Uday Society, Thane",Thane,Maharashtra,400024,ACC-000718,SYNB0041844,INST-0027,2025-07-03T16:29:14+05:30
BEN-000592,Sneha Hemant Deshmukh,2002-04-16,F,+91-000-3002424,"Flat 46, Building 311, Kalpataru Enclave, Thane",Thane,Maharashtra,400001,ACC-001444,SYNB0019126,INST-0029,2023-07-03T14:38:24+05:30
BEN-000044,Ishan Dev More,2005-09-15,M,+91-000-2789949,"Flat 66, Building 63, Tarang Nagar, Solapur",Solapur,Maharashtra,413086,ACC-000550,SYNB0045531,INST-0061,2023-06-06T12:14:33+05:30
BEN-000345,Nikhil Rohan Iyer,2001-05-16,M,+91-000-4763253,"Flat 64, Building 119, Abhinav Colony, Thane",Thane,Maharashtra,400004,ACC-000278,SYNB0032415,INST-0026,2024-06-04T16:33:27+05:30
BEN-000233,Hemant Darshan Gawande,2003-09-15,M,+91-000-1387572,"Flat 70, Building 88, Neelkamal Nagar, Pune",Pune,Maharashtra,411012,ACC-000913,SYNB0062287,INST-0007,2023-06-04T16:39:18+05:30
BEN-000727,Ayesha Ashwin Nair,2003-06-11,F,+91-000-3641484,"Flat 11, Building 212, Chaitra Vihar, Pune",Pune,Maharashtra,411097,ACC-001184,SYNB0023851,INST-0002,2023-07-02T12:38:45+05:30
BEN-000127,Vaishnavi Chirag Gawande,2003-10-13,F,+91-000-7390162,"Flat 45, Building 209, Neelkamal Nagar, Kolhapur",Kolhapur,Maharashtra,416028,ACC-000895,SYNB0064359,INST-0041,2023-07-01T16:21:40+05:30
BEN-000559,Amol Harsh Banerjee,2002-11-11,M,+91-000-4370359,"Flat 30, Building 399, Neelkamal Nagar, Pune",Pune,Maharashtra,411042,ACC-001181,SYNB0059499,INST-0004,2023-06-07T11:09:29+05:30
BEN-000605,Amol O Jadhav,2002-07-09,M,+91-000-6824517,"Flat 55, Building 337, Kalpataru Enclave, Nanded",Nanded,Maharashtra,431010,ACC-001045,SYNB0065998,INST-0088,2023-06-09T09:41:15+05:30
BEN-000932,Swara Darshan Mishra,2002-03-07,F,+91-000-1517059,"Flat 28, Building 384, Sahyadri Gardens, Nanded",Nanded,Maharashtra,431095,ACC-002661,SYNB0027240,INST-0081,2024-06-24T15:36:28+05:30
BEN-000164,Isha Karan Chavan,2003-02-03,F,+91-000-3456660,"Flat 3, Building 397, Tarang Nagar, Amravati",Amravati,Maharashtra,444097,ACC-002338,SYNB0022134,INST-0071,2025-06-03T10:47:14+05:30
BEN-000736,Akshay Harsh Iyer,2002-04-21,M,+91-000-8475204,"Flat 26, Building 36, Chaitra Vihar, Mumbai",Mumbai,Maharashtra,400025,ACC-000328,SYNB0050895,INST-0040,2023-06-30T14:27:33+05:30
BEN-000242,Juhi Tejas Menon,2003-11-23,F,+91-000-5195637,"Flat 64, Building 165, Uday Society, Jalgaon",Jalgaon,Maharashtra,425053,ACC-001888,SYNB0041665,INST-0074,2025-06-12T11:24:01+05:30
BEN-000147,Madhura Pranav Thomas,2003-09-03,F,+91-000-2609881,"Flat 18, Building 385, Neelkamal Nagar, Amravati",Amravati,Maharashtra,444038,ACC-000683,SYNB0052576,INST-0072,2025-07-04T12:12:00+05:30
BEN-000970,Sanjay Madhav Ingale,2003-07-20,M,+91-000-2148634,"Flat 19, Building 166, Chaitra Vihar, Mumbai",Mumbai,Maharashtra,400074,ACC-001242,SYNB0038324,INST-0039,2023-06-26T11:44:58+05:30
BEN-000837,Vishal Sanjay Banerjee,2001-08-25,X,+91-000-7231009,"Flat 6, Building 246, Chaitra Vihar, Nanded",Nanded,Maharashtra,431024,ACC-001711,SYNB0021003,INST-0085,2024-06-13T11:36:46+05:30
BEN-000129,Ananya Akash Suryawanshi,2002-03-22,F,+91-000-3151093,"Flat 55, Building 77, Uday Society, Kolhapur",Kolhapur,Maharashtra,416080,ACC-000970,SYNB0022918,INST-0045,2023-06-23T16:58:05+05:30
BEN-000118,Manasi Tushar Banerjee,2004-02-12,F,+91-000-9436204,"Flat 55, Building 244, Neelkamal Nagar, Nashik",Nashik,Maharashtra,422094,ACC-001524,SYNB0029942,INST-0023,2024-06-19T14:31:35+05:30
BEN-000352,Raj Soham Sawant,2003-12-05,M,+91-000-4850140,"Flat 43, Building 38, Abhinav Colony, Amravati",Amravati,Maharashtra,444083,ACC-002871,SYNB0017061,INST-0070,2025-06-30T13:48:12+05:30
BEN-000425,Raj Siddharth Banerjee,2003-02-12,M,+91-000-7046955,"Flat 76, Building 215, Sahyadri Gardens, Solapur",Solapur,Maharashtra,413070,ACC-002525,SYNB0041914,INST-0061,2024-06-23T15:00:51+05:30
BEN-000930,Yusuf Ishan Reddy,2004-03-11,M,+91-000-9653916,"Flat 33, Building 154, Kalpataru Enclave, Satara",Satara,Maharashtra,415057,ACC-000788,SYNB0039458,INST-0055,2023-06-26T10:47:58+05:30
BEN-000488,Prachi Akash Ansari,2004-06-13,F,+91-000-9611521,"Flat 58, Building 311, Sahyadri Gardens, Amravati",Amravati,Maharashtra,444096,ACC-000448,SYNB0040454,INST-0067,2023-07-01T14:35:48+05:30
BEN-000948,Aarti Darshan Yadav,2006-10-24,F,+91-000-3578714,"Flat 63, Building 156, Chaitra Vihar, Pune",Pune,Maharashtra,411089,ACC-000152,SYNB0046638,INST-0007,2025-06-20T09:47:51+05:30
BEN-000753,Aditi Ashwin Kulkarni,2001-06-28,F,+91-000-4847954,"Flat 65, Building 129, Suman Layout, Nashik",Nashik,Maharashtra,422008,ACC-000414,SYNB0024603,INST-0017,2024-07-05T09:08:11+05:30
BEN-000462,Aishwarya Ramesh Naik,2003-09-06,F,+91-000-3552641,"Flat 50, Building 311, Tarang Nagar, Pune",Pune,Maharashtra,411016,ACC-001560,SYNB0010803,INST-0003,2024-06-13T12:28:08+05:30
BEN-000929,Vishal Yash Naik,2002-09-10,M,+91-000-9073692,"Flat 14, Building 1, Neelkamal Nagar, Nanded",Nanded,Maharashtra,431025,ACC-001980,SYNB0026516,INST-0083,2024-07-03T16:12:02+05:30
BEN-000684,Riya Ishan Iyer,2002-01-19,F,+91-000-3811450,"Flat 54, Building 241, Neelkamal Nagar, Pune",Pune,Maharashtra,411027,ACC-001934,SYNB0020929,INST-0008,2024-06-06T14:32:25+05:30
BEN-000389,Supriya Yusuf Shaikh,2001-10-18,F,+91-000-7326357,"Flat 25, Building 394, Abhinav Colony, Nagpur",Nagpur,Maharashtra,440099,ACC-001790,SYNB0052029,INST-0013,2024-07-01T13:34:30+05:30
BEN-000675,Kirti Aarav Gupta,2004-01-16,F,+91-000-5007754,"Flat 40, Building 3, Suman Layout, Thane",Thane,Maharashtra,400046,ACC-002626,SYNB0013561,INST-0025,2023-06-04T11:17:18+05:30
BEN-000549,Sonali Rohit Reddy,2002-08-21,F,+91-000-2660521,"Flat 70, Building 260, Tarang Nagar, Jalgaon",Jalgaon,Maharashtra,425097,ACC-002132,SYNB0061082,INST-0073,2024-06-29T09:50:03+05:30
BEN-000443,Aniket Mihir Deshmukh,2004-03-04,M,+91-000-2342843,"Flat 26, Building 325, Chaitra Vihar, Mumbai",Mumbai,Maharashtra,400038,ACC-000566,SYNB0022211,INST-0034,2024-06-23T14:29:12+05:30
BEN-000079,Aishwarya Yusuf Menon,2004-11-21,F,+91-000-4614941,"Flat 31, Building 189, Kalpataru Enclave, Mumbai",Mumbai,Maharashtra,400090,ACC-000842,SYNB0038592,INST-0037,2023-06-02T15:02:23+05:30
BEN-000081,Akshay Varun Khot,2004-12-12,M,+91-000-4296204,"Flat 16, Building 274, Sahyadri Gardens, Solapur",Solapur,Maharashtra,413057,ACC-001413,SYNB0039056,INST-0063,2023-06-01T12:34:37+05:30
BEN-000239,Akshay Rohit Fernandes,2003-01-12,M,+91-000-2936178,"Flat 47, Building 90, Neelkamal Nagar, Jalgaon",Jalgaon,Maharashtra,425072,ACC-002552,SYNB0011819,INST-0076,2023-06-09T12:02:54+05:30
BEN-000689,Nikhil Mohan Suryawanshi,2001-04-09,M,+91-000-4154127,"Flat 17, Building 41, Abhinav Colony, Thane",Thane,Maharashtra,400044,ACC-001364,SYNB0056264,INST-0029,2025-06-24T09:12:05+05:30
BEN-000803,Deepa Ishan Nair,2003-10-19,F,+91-000-9694039,"Flat 58, Building 140, Sahyadri Gardens, Thane",Thane,Maharashtra,400033,ACC-002038,SYNB0055216,INST-0032,2025-06-29T12:52:02+05:30
BEN-000630,Meera Chirag Khot,2002-12-03,F,+91-000-9769641,"Flat 59, Building 364, Tarang Nagar, Nagpur",Nagpur,Maharashtra,440097,ACC-000798,SYNB0043443,INST-0012,2023-06-17T12:07:01+05:30
BEN-000622,Akash Siddharth Kadam,2005-11-15,M,+91-000-8560584,"Flat 71, Building 365, Uday Society, Pune",Pune,Maharashtra,411074,ACC-002260,SYNB0052628,INST-0005,2023-06-15T12:51:22+05:30
BEN-000560,Aniket Vedant Wagh,2001-05-15,M,+91-000-4697401,"Flat 20, Building 151, Abhinav Colony, Nashik",Nashik,Maharashtra,422056,ACC-002255,SYNB0019058,INST-0021,2023-06-12T11:05:06+05:30
BEN-000209,Pranav Aditya Naik,2005-01-01,M,+91-000-9088689,"Flat 29, Building 166, Suman Layout, Solapur",Solapur,Maharashtra,413020,ACC-002086,SYNB0054814,INST-0061,2023-06-15T14:19:08+05:30
BEN-000683,Farhan Vijay Shaikh,2003-07-03,M,+91-000-7875379,"Flat 63, Building 210, Abhinav Colony, Solapur",Solapur,Maharashtra,413021,ACC-001710,SYNB0042440,INST-0062,2023-06-07T15:49:18+05:30
BEN-000402,Zaid Harsh Chavan,2006-03-12,M,+91-000-9924543,"Flat 8, Building 187, Sahyadri Gardens, Nagpur",Nagpur,Maharashtra,440029,ACC-000889,SYNB0064616,INST-0012,2025-06-17T10:50:29+05:30
BEN-000387,Vishal Shaurya Nair,2005-05-26,M,+91-000-2315459,"Flat 1, Building 96, Abhinav Colony, Nagpur",Nagpur,Maharashtra,440057,ACC-002348,SYNB0034304,INST-0010,2025-07-04T12:33:39+05:30
BEN-000924,Supriya Sanjay Reddy,2003-05-08,F,+91-000-7198093,"Flat 26, Building 380, Abhinav Colony, Thane",Thane,Maharashtra,400056,ACC-001085,SYNB0023207,INST-0028,2023-06-06T14:17:54+05:30
BEN-000518,Riya Vikram Verma,2005-06-12,F,+91-000-6909569,"Flat 35, Building 258, Suman Layout, Nagpur",Nagpur,Maharashtra,440036,ACC-001873,SYNB0063438,INST-0009,2024-06-05T12:23:36+05:30
BEN-000718,Nidhi Varun Chavan,2001-02-20,F,+91-000-8879825,"Flat 48, Building 181, Sahyadri Gardens, Thane",Thane,Maharashtra,400044,ACC-000125,SYNB0046994,INST-0031,2024-06-04T11:10:04+05:30
BEN-000310,Gaurav Varun Gupta,2002-05-03,M,+91-000-9111841,"Flat 14, Building 243, Kalpataru Enclave, Thane",Thane,Maharashtra,400098,ACC-001625,SYNB0019900,INST-0031,2023-07-04T16:22:30+05:30
BEN-000223,Priya Omkar Gaikwad,2005-02-20,F,+91-000-4548668,"Flat 79, Building 169, Abhinav Colony, Kolhapur",Kolhapur,Maharashtra,416078,ACC-002968,SYNB0052729,INST-0041,2024-06-02T16:18:13+05:30
BEN-000860,Aditi Sahil Jain,1999-06-10,F,+91-000-4680314,"Flat 5, Building 306, Neelkamal Nagar, Nashik",Nashik,Maharashtra,422046,ACC-002448,SYNB0024805,INST-0017,2023-07-05T15:43:25+05:30
BEN-000707,Aditya Shaurya Thomas,2000-03-05,M,+91-000-6307189,"Flat 60, Building 41, Neelkamal Nagar, Mumbai",Mumbai,Maharashtra,400092,ACC-001267,SYNB0049607,INST-0036,2025-06-14T16:20:59+05:30
BEN-000819,Fatima Vedant Suryawanshi,2001-01-04,F,+91-000-5014060,"Flat 7, Building 168, Tarang Nagar, Nanded",Nanded,Maharashtra,431048,ACC-000922,SYNB0044666,INST-0083,2023-06-21T16:34:16+05:30
BEN-000587,Aparna Tushar Naik,2002-10-03,F,+91-000-6314007,"Flat 2, Building 128, Abhinav Colony, Nanded",Nanded,Maharashtra,431024,ACC-000230,SYNB0011992,INST-0085,2023-06-20T10:13:24+05:30
BEN-000607,Kirti Rohit More,2005-09-14,F,+91-000-8932696,"Flat 69, Building 256, Suman Layout, Nagpur",Nagpur,Maharashtra,440039,ACC-000948,SYNB0066103,INST-0009,2024-06-07T15:57:00+05:30
BEN-000624,Raj Madhav Khot,2005-11-22,M,+91-000-7768215,"Flat 69, Building 305, Sahyadri Gardens, Nashik",Nashik,Maharashtra,422045,ACC-001172,SYNB0069529,INST-0021,2024-06-19T15:04:13+05:30
BEN-000545,Priya Pranav Kulkarni,2002-05-16,F,+91-000-7420191,"Flat 21, Building 87, Sahyadri Gardens, Pune",Pune,Maharashtra,411075,ACC-002999,SYNB0044177,INST-0004,2023-06-03T12:28:19+05:30
BEN-000408,Ramesh Sanjay Thomas,2004-11-16,M,+91-000-1088762,"Flat 79, Building 129, Chaitra Vihar, Pune",Pune,Maharashtra,411082,ACC-001807,SYNB0036337,INST-0008,2023-07-01T10:23:38+05:30
BEN-000004,Pranav Karan Mishra,2004-09-06,M,+91-000-4688734,"Flat 52, Building 359, Kalpataru Enclave, Thane",Thane,Maharashtra,400051,ACC-000107,SYNB0021630,INST-0032,2023-06-05T13:43:23+05:30
BEN-000935,Tejas Vishal Kadam,2002-05-20,M,+91-000-9743263,"Flat 66, Building 14, Chaitra Vihar, Amravati",Amravati,Maharashtra,444013,ACC-001690,SYNB0017070,INST-0068,2023-06-14T15:35:19+05:30
BEN-000379,Supriya Karan Yadav,2001-12-05,F,+91-000-8042991,"Flat 19, Building 312, Uday Society, Nanded",Nanded,Maharashtra,431050,ACC-002267,SYNB0067207,INST-0085,2024-06-15T09:15:17+05:30
BEN-000827,Sameer Dev Pawar,2004-04-22,M,+91-000-1902651,"Flat 60, Building 138, Suman Layout, Mumbai",Mumbai,Maharashtra,400073,ACC-002604,SYNB0068458,INST-0033,2025-07-04T10:49:34+05:30
BEN-000818,Pooja Aditya Banerjee,2006-12-08,F,+91-000-4956154,"Flat 67, Building 311, Sahyadri Gardens, Kolhapur",Kolhapur,Maharashtra,416042,ACC-001929,SYNB0023538,INST-0046,2023-06-16T13:44:06+05:30
BEN-000909,Ankita Atharva Kulkarni,2005-04-01,F,+91-000-9950103,"Flat 76, Building 294, Tarang Nagar, Kolhapur",Kolhapur,Maharashtra,416036,ACC-000465,SYNB0018016,INST-0042,2024-06-12T12:29:41+05:30
BEN-000879,Pooja Sahil Deshmukh,2001-12-07,F,+91-000-9430135,"Flat 28, Building 190, Neelkamal Nagar, Amravati",Amravati,Maharashtra,444005,ACC-000391,SYNB0018988,INST-0069,2023-06-01T14:20:51+05:30
BEN-000213,Aishwarya Madhav Dsouza,2003-07-18,F,+91-000-1546310,"Flat 3, Building 354, Neelkamal Nagar, Nagpur",Nagpur,Maharashtra,440014,ACC-001642,SYNB0043952,INST-0011,2024-06-15T12:44:18+05:30
BEN-000543,Sahil Darshan Fernandes,2003-06-24,M,+91-000-6840069,"Flat 45, Building 209, Abhinav Colony, Nashik",Nashik,Maharashtra,422075,ACC-001617,SYNB0066083,INST-0023,2024-06-24T13:15:18+05:30
BEN-000388,Atharva Kunal Menon,2006-03-12,M,+91-000-7169672,"Flat 61, Building 367, Chaitra Vihar, Mumbai",Mumbai,Maharashtra,400040,ACC-000277,SYNB0047781,INST-0033,2024-06-03T16:39:33+05:30
BEN-000249,Meera Raj Bhosale,2000-05-03,F,+91-000-9563292,"Flat 22, Building 348, Kalpataru Enclave, Satara",Satara,Maharashtra,415077,ACC-002561,SYNB0017776,INST-0054,2023-07-01T14:18:28+05:30
BEN-000502,Priya Omkar Gaikwad,2006-02-20,F,+91-000-6412330,"Flat 12, Building 171, Sahyadri Gardens, Nagpur",Nagpur,Maharashtra,440001,ACC-001161,SYNB0064913,INST-0014,2023-07-02T15:32:46+05:30
BEN-000354,Vijay Amol Kulkarni,2006-07-04,M,+91-000-9367972,"Flat 60, Building 257, Suman Layout, Jalgaon",Jalgaon,Maharashtra,425071,ACC-002704,SYNB0058273,INST-0073,2024-06-01T10:40:56+05:30
BEN-000934,Vishal Nikhil Bhosale,2003-03-16,M,+91-000-5205840,"Flat 12, Building 254, Abhinav Colony, Nagpur",Nagpur,Maharashtra,440059,ACC-001481,SYNB0043797,INST-0011,2024-06-12T10:43:08+05:30
BEN-000167,Riya Avinash Kadam,2001-07-16,F,+91-000-2222736,"Flat 53, Building 334, Chaitra Vihar, Thane",Thane,Maharashtra,400061,ACC-001293,SYNB0022562,INST-0029,2024-06-02T12:15:56+05:30
BEN-000638,Sachin Vikram More,2006-10-20,M,+91-000-7538471,"Flat 26, Building 359, Kalpataru Enclave, Thane",Thane,Maharashtra,400009,ACC-002819,SYNB0016906,INST-0025,2025-06-01T10:09:40+05:30
BEN-000911,Ashwin Ishan Banerjee,2002-02-28,M,+91-000-8988550,"Flat 77, Building 277, Suman Layout, Satara",Satara,Maharashtra,415091,ACC-000574,SYNB0062254,INST-0053,2023-06-12T11:26:15+05:30
BEN-000493,Kavya Dhruv Mishra,2005-06-08,F,+91-000-7313749,"Flat 59, Building 162, Neelkamal Nagar, Mumbai",Mumbai,Maharashtra,400089,ACC-001703,SYNB0033999,INST-0036,2023-06-29T15:40:12+05:30
BEN-000698,Kunal Ishan Kulkarni,2005-11-05,M,+91-000-8871835,"Flat 24, Building 225, Chaitra Vihar, Kolhapur",Kolhapur,Maharashtra,416073,ACC-000754,SYNB0062903,INST-0046,2025-06-04T09:05:46+05:30
BEN-000807,Sanjay Yusuf Jain,2004-12-08,M,+91-000-6923972,"Flat 21, Building 328, Kalpataru Enclave, Amravati",Amravati,Maharashtra,444009,ACC-001956,SYNB0044028,INST-0071,2024-06-09T09:00:18+05:30
BEN-000112,Aishwarya Aditya Wagh,2003-11-16,F,+91-000-2054635,"Flat 42, Building 390, Sahyadri Gardens, Kolhapur",Kolhapur,Maharashtra,416099,ACC-002628,SYNB0021582,INST-0044,2024-06-07T10:35:01+05:30
BEN-000900,Ankita Aniket Qureshi,2004-02-19,F,+91-000-2451316,"Flat 48, Building 66, Chaitra Vihar, Nagpur",Nagpur,Maharashtra,440049,ACC-000564,SYNB0069703,INST-0009,2025-06-20T09:33:47+05:30
BEN-000554,Zaid Yash Suryawanshi,2004-05-28,M,+91-000-3916715,"Flat 23, Building 228, Tarang Nagar, Kolhapur",Kolhapur,Maharashtra,416003,ACC-002842,SYNB0012037,INST-0048,2023-06-01T13:14:44+05:30
BEN-000544,Harsh Soham Bhosale,2002-02-28,M,+91-000-3390000,"Flat 34, Building 359, Sahyadri Gardens, Nanded",Nanded,Maharashtra,431024,ACC-001824,SYNB0068377,INST-0085,2023-06-13T13:18:48+05:30
BEN-000261,Ramesh Dhruv Singh,2004-10-28,M,+91-000-3940561,"Flat 8, Building 227, Abhinav Colony, Nashik",Nashik,Maharashtra,422065,ACC-001544,SYNB0053049,INST-0017,2024-06-06T10:36:02+05:30
BEN-000561,Sayali Gaurav Menon,2003-03-11,F,+91-000-7401806,"Flat 65, Building 33, Abhinav Colony, Pune",Pune,Maharashtra,411020,ACC-000690,SYNB0042525,INST-0006,2024-06-03T16:18:21+05:30
BEN-000452,Aniket Sanjay Iyer,2002-05-25,M,+91-000-5019180,"Flat 33, Building 154, Kalpataru Enclave, Satara",Satara,Maharashtra,415057,ACC-001545,SYNB0045932,INST-0055,2023-06-26T10:47:13+05:30
BEN-000342,Tejas Vedant Joshi,2005-04-05,M,+91-000-7855954,"Flat 29, Building 264, Abhinav Colony, Mumbai",Mumbai,Maharashtra,400019,ACC-000611,SYNB0048075,INST-0036,2024-06-06T15:45:52+05:30
BEN-000080,Dev Darshan Shah,2001-07-03,M,+91-000-7136825,"Flat 50, Building 278, Chaitra Vihar, Nanded",Nanded,Maharashtra,431001,ACC-002031,SYNB0067416,INST-0088,2023-06-05T09:32:10+05:30
BEN-000874,Sana Ishan Jadhav,2002-01-22,F,+91-000-3446851,"Flat 66, Building 223, Suman Layout, Solapur",Solapur,Maharashtra,413050,ACC-000336,SYNB0012691,INST-0058,2024-06-04T10:03:46+05:30
BEN-000986,Zara Raj Fernandes,2006-04-05,F,+91-000-5418274,"Flat 13, Building 152, Chaitra Vihar, Nagpur",Nagpur,Maharashtra,440007,ACC-002792,SYNB0027591,INST-0014,2023-06-30T12:31:06+05:30
BEN-000755,Vidya Mihir Reddy,2004-03-04,F,+91-000-7924719,"Flat 79, Building 193, Abhinav Colony, Pune",Pune,Maharashtra,411003,ACC-002979,SYNB0027188,INST-0008,2023-06-06T09:03:28+05:30
BEN-000881,Vikram Varun Deshmukh,2006-08-18,M,+91-000-9265544,"Flat 59, Building 199, Chaitra Vihar, Kolhapur",Kolhapur,Maharashtra,416083,ACC-001118,SYNB0063716,INST-0046,2025-06-13T09:22:55+05:30
BEN-000985,Radhika Akash Khan,2004-02-16,F,+91-000-4845464,"Flat 54, Building 238, Sahyadri Gardens, Kolhapur",Kolhapur,Maharashtra,416041,ACC-001166,SYNB0030294,INST-0044,2023-06-29T11:24:33+05:30
BEN-000895,Sachin Gaurav Kadam,2003-01-14,M,+91-000-2428191,"Flat 64, Building 195, Abhinav Colony, Satara",Satara,Maharashtra,415048,ACC-002012,SYNB0016014,INST-0050,2025-06-22T15:10:51+05:30
BEN-000380,Deepa Dev Iyer,2001-04-04,F,+91-000-6332789,"Flat 72, Building 115, Tarang Nagar, Jalgaon",Jalgaon,Maharashtra,425034,ACC-001271,SYNB0011044,INST-0078,2023-06-23T16:00:10+05:30
BEN-000627,Pranav Darshan Kadam,2002-08-14,M,+91-000-6190378,"Flat 19, Building 194, Suman Layout, Kolhapur",Kolhapur,Maharashtra,416021,ACC-002830,SYNB0012866,INST-0047,2023-06-09T15:57:08+05:30
BEN-000158,Vaishnavi Aditya Pawar,2003-06-06,F,+91-000-5858602,"Flat 19, Building 62, Neelkamal Nagar, Solapur",Solapur,Maharashtra,413048,ACC-000779,SYNB0051999,INST-0064,2024-06-06T14:04:11+05:30
BEN-000864,Prachi Farhan Ingale,2006-11-09,F,+91-000-5032368,"Flat 58, Building 140, Sahyadri Gardens, Thane",Thane,Maharashtra,400033,ACC-002038,SYNB0055216,INST-0032,2025-06-22T10:55:01+05:30
BEN-000786,Dhruv Suraj Mishra,2003-05-18,M,+91-000-1091762,"Flat 57, Building 61, Uday Society, Thane",Thane,Maharashtra,400084,ACC-000573,SYNB0047408,INST-0030,2025-06-22T10:41:45+05:30
BEN-000884,Sahil Rohit Sawant,2002-04-13,M,+91-000-9779789,"Flat 39, Building 208, Abhinav Colony, Latur",Latur,Maharashtra,413070,ACC-001673,SYNB0054975,INST-0089,2025-06-22T12:02:24+05:30
BEN-000329,Akshay Vedant Chavan,2004-02-01,M,+91-000-1964069,"Flat 56, Building 352, Sahyadri Gardens, Satara",Satara,Maharashtra,415027,ACC-002153,SYNB0021330,INST-0049,2023-06-06T12:31:17+05:30
BEN-000761,Juhi Sahil Fernandes,2003-06-08,F,+91-000-5750117,"Flat 34, Building 160, Suman Layout, Pune",Pune,Maharashtra,411093,ACC-000493,SYNB0018156,INST-0001,2024-06-20T14:57:46+05:30
BEN-000495,Pooja Yusuf Reddy,2002-10-11,F,+91-000-3970181,"Flat 13, Building 18, Kalpataru Enclave, Pune",Pune,Maharashtra,411026,ACC-001314,SYNB0062266,INST-0001,2023-06-30T16:36:11+05:30
BEN-000889,Priya Rahul Bhosale,2004-01-18,F,+91-000-2950658,"Flat 35, Building 106, Tarang Nagar, Amravati",Amravati,Maharashtra,444056,ACC-001935,SYNB0066300,INST-0070,2025-06-21T09:11:18+05:30
BEN-000614,Manasi S Ansari,2002-07-24,F,+91-000-6236326,"Flat 40, Building 397, Neelkamal Nagar, Mumbai",Mumbai,Maharashtra,400077,ACC-001310,SYNB0021490,INST-0039,2024-06-09T10:58:53+05:30
BEN-000120,Dhruv Mihir Thomas,2004-09-10,M,+91-000-8920589,"Flat 59, Building 62, Abhinav Colony, Pune",Pune,Maharashtra,411041,ACC-002126,SYNB0036219,INST-0003,2023-07-03T15:52:23+05:30
BEN-000748,Ankita Chirag Sawant,2002-08-18,F,+91-000-5216804,"Flat 56, Building 217, Kalpataru Enclave, Kolhapur",Kolhapur,Maharashtra,416026,ACC-001530,SYNB0014024,INST-0043,2024-06-18T10:14:30+05:30
BEN-000367,Tanmay Sameer Khan,2004-02-07,M,+91-000-9994347,"Flat 12, Building 47, Suman Layout, Nashik",Nashik,Maharashtra,422034,ACC-001946,SYNB0058819,INST-0019,2023-06-22T13:50:59+05:30
BEN-000311,Akanksha Tanmay Gaikwad,2000-01-07,F,+91-000-7802338,"Flat 24, Building 171, Sahyadri Gardens, Amravati",Amravati,Maharashtra,444064,ACC-002296,SYNB0054135,INST-0071,2023-06-21T13:10:03+05:30
BEN-000344,Isha Madhav Verma,2005-02-04,F,+91-000-2786185,"Flat 22, Building 72, Abhinav Colony, Thane",Thane,Maharashtra,400095,ACC-000828,SYNB0043748,INST-0025,2024-06-29T13:30:57+05:30
BEN-000091,Akshay Omkar Kale,2004-08-20,M,+91-000-5357055,"Flat 46, Building 9, Abhinav Colony, Satara",Satara,Maharashtra,415017,ACC-001072,SYNB0026721,INST-0050,2024-06-04T11:26:15+05:30
BEN-000084,Riya Madhav Qureshi,2003-03-15,F,+91-000-4020528,"Flat 70, Building 96, Kalpataru Enclave, Jalgaon",Jalgaon,Maharashtra,425057,ACC-001611,SYNB0061642,INST-0080,2023-06-28T15:39:11+05:30
BEN-000051,Ashwin Siddharth Pawar,2004-08-22,M,+91-000-5811072,"Flat 50, Building 28, Abhinav Colony, Solapur",Solapur,Maharashtra,413022,ACC-001542,SYNB0025383,INST-0057,2025-06-26T15:31:37+05:30
BEN-000691,Tushar Amol Deshmukh,2003-06-22,M,+91-000-7777264,"Flat 52, Building 6, Uday Society, Nagpur",Nagpur,Maharashtra,440044,ACC-002716,SYNB0037416,INST-0015,2025-06-24T10:53:50+05:30
BEN-000397,Amruta Zaid Kadam,2003-12-09,F,+91-000-5516344,"Flat 10, Building 40, Chaitra Vihar, Nashik",Nashik,Maharashtra,422043,ACC-002037,SYNB0061103,INST-0023,2023-06-18T09:09:14+05:30
BEN-000681,Rohit Aditya Joshi,2001-09-22,M,+91-000-1371294,"Flat 73, Building 79, Abhinav Colony, Nanded",Nanded,Maharashtra,431023,ACC-002623,SYNB0054785,INST-0086,2023-06-26T09:31:13+05:30
BEN-000240,Aparna Farhan Pawar,2005-01-05,F,+91-000-6765079,"Flat 62, Building 28, Suman Layout, Nashik",Nashik,Maharashtra,422016,ACC-001534,SYNB0031228,INST-0022,2025-06-11T13:21:46+05:30
BEN-000368,Supriya Madhav Thomas,2003-06-02,F,+91-000-1788191,"Flat 32, Building 127, Sahyadri Gardens, Solapur",Solapur,Maharashtra,413083,ACC-002270,SYNB0017015,INST-0061,2023-06-06T15:15:44+05:30
BEN-000770,Soham Sahil Gaikwad,2004-10-03,M,+91-000-5412076,"Flat 54, Building 350, Neelkamal Nagar, Thane",Thane,Maharashtra,400061,ACC-000781,SYNB0021164,INST-0029,2024-06-25T16:52:30+05:30
BEN-000337,Aarti Jay Kulkarni,2004-03-18,F,+91-000-9792431,"Flat 43, Building 55, Neelkamal Nagar, Nashik",Nashik,Maharashtra,422088,ACC-002994,SYNB0021552,INST-0023,2025-06-05T14:43:09+05:30
BEN-000834,Sachin Dev Jain,2005-01-22,M,+91-000-6756203,"Flat 44, Building 20, Uday Society, Nagpur",Nagpur,Maharashtra,440088,ACC-001257,SYNB0032200,INST-0009,2024-06-19T11:10:25+05:30
BEN-000797,Varun Atharva Naik,2004-12-14,M,+91-000-7611593,"Flat 69, Building 384, Chaitra Vihar, Latur",Latur,Maharashtra,413032,ACC-001170,SYNB0013116,INST-0089,2025-06-29T10:32:02+05:30
BEN-000979,Ayesha Avinash Shaikh,2004-09-03,F,+91-000-8823741,"Flat 6, Building 263, Neelkamal Nagar, Jalgaon",Jalgaon,Maharashtra,425066,ACC-000553,SYNB0028571,INST-0079,2023-06-27T09:51:36+05:30
BEN-000396,Vaishnavi Ishan Thomas,2005-07-14,F,+91-000-7721705,"Flat 44, Building 68, Chaitra Vihar, Thane",Thane,Maharashtra,400093,ACC-002298,SYNB0036010,INST-0029,2025-06-13T13:26:57+05:30
BEN-000915,Simran Hemant Ansari,2003-01-01,F,+91-000-5403218,"Flat 77, Building 336, Uday Society, Kolhapur",Kolhapur,Maharashtra,416018,ACC-001718,SYNB0039823,INST-0045,2023-07-04T14:16:57+05:30
BEN-000105,Vedant Tanmay Verma,2005-08-23,M,+91-000-7260091,"Flat 71, Building 209, Neelkamal Nagar, Pune",Pune,Maharashtra,411043,ACC-000483,SYNB0054056,INST-0002,2023-06-24T12:03:38+05:30
BEN-000744,Yusuf Atharva Sawant,2005-01-27,M,+91-000-3976650,"Flat 68, Building 117, Sahyadri Gardens, Nashik",Nashik,Maharashtra,422047,ACC-001583,SYNB0038173,INST-0017,2024-06-26T14:42:05+05:30
BEN-000160,Sakshi Atharva Thomas,2002-08-08,F,+91-000-7017692,"Flat 71, Building 209, Uday Society, Satara",Satara,Maharashtra,415055,ACC-000351,SYNB0037487,INST-0052,2024-06-05T16:39:19+05:30
BEN-000905,Soham Amol Nair,2002-10-25,M,+91-000-3998417,"Flat 23, Building 93, Kalpataru Enclave, Pune",Pune,Maharashtra,411084,ACC-000110,SYNB0042642,INST-0008,2024-06-08T12:01:12+05:30
BEN-000620,Nidhi Dhruv Shah,2005-06-25,F,+91-000-5383935,"Flat 21, Building 87, Chaitra Vihar, Mumbai",Mumbai,Maharashtra,400003,ACC-001228,SYNB0067954,INST-0034,2023-06-13T14:17:45+05:30
BEN-000998,Sachin Aarav Patil,2005-10-19,M,+91-000-5257682,"Flat 48, Building 36, Abhinav Colony, Nagpur",Nagpur,Maharashtra,440025,ACC-001088,SYNB0036304,INST-0016,2023-06-12T13:52:17+05:30
BEN-000670,Atharva Amol Patil,2003-04-07,M,+91-000-9111841,"Flat 14, Building 243, Kalpataru Enclave, Thane",Thane,Maharashtra,400098,ACC-001625,SYNB0019900,INST-0031,2023-07-04T16:21:00+05:30
BEN-000200,Mihir Yusuf Ansari,2001-10-04,M,+91-000-7908201,"Flat 11, Building 355, Suman Layout, Nashik",Nashik,Maharashtra,422043,ACC-002289,SYNB0064720,INST-0017,2023-06-09T16:44:45+05:30
BEN-000800,Aditi Yash Dsouza,2002-11-15,F,+91-000-3528052,"Flat 37, Building 246, Kalpataru Enclave, Pune",Pune,Maharashtra,411092,ACC-001519,SYNB0046196,INST-0001,2023-06-01T10:16:36+05:30
BEN-000053,Sana Mihir Yadav,2003-01-13,F,+91-000-3246185,"Flat 54, Building 205, Neelkamal Nagar, Nagpur",Nagpur,Maharashtra,440046,ACC-000160,SYNB0038336,INST-0014,2023-06-20T16:36:51+05:30
BEN-000456,Ishan Omkar More,2005-04-06,M,+91-000-8498243,"Flat 51, Building 149, Sahyadri Gardens, Nashik",Nashik,Maharashtra,422003,ACC-001736,SYNB0047587,INST-0022,2024-06-17T16:52:38+05:30
BEN-000253,Vaishnavi Ishan Sawant,2006-12-24,F,+91-000-1122986,"Flat 70, Building 134, Kalpataru Enclave, Satara",Satara,Maharashtra,415099,ACC-001440,SYNB0069897,INST-0053,2025-06-19T16:29:05+05:30
BEN-000121,Pooja Aniket Qureshi,2001-10-01,F,+91-000-9260100,"Flat 14, Building 245, Kalpataru Enclave, Solapur",Solapur,Maharashtra,413061,ACC-001054,SYNB0030853,INST-0062,2023-06-26T13:55:59+05:30
BEN-000314,Diya Yash Kale,2005-09-18,F,+91-000-5691405,"Flat 24, Building 224, Neelkamal Nagar, Nanded",Nanded,Maharashtra,431063,ACC-000548,SYNB0035580,INST-0088,2023-06-28T15:56:43+05:30
BEN-000726,Ankita Omkar Shah,2001-01-27,F,+91-000-7808902,"Flat 56, Building 13, Abhinav Colony, Jalgaon",Jalgaon,Maharashtra,425010,ACC-000836,SYNB0057699,INST-0075,2024-07-03T16:53:25+05:30
BEN-000896,Isha Madhav Nair,2006-09-17,F,+91-000-9143162,"Flat 57, Building 268, Kalpataru Enclave, Nagpur",Nagpur,Maharashtra,440061,ACC-002287,SYNB0021956,INST-0011,2023-06-30T14:26:59+05:30
BEN-000783,Mihir Sameer Naik,2003-07-23,M,+91-000-4263591,"Flat 14, Building 116, Tarang Nagar, Nashik",Nashik,Maharashtra,422020,ACC-000173,SYNB0056436,INST-0020,2023-06-01T16:13:24+05:30
BEN-000181,Radhika Dev Kadam,2002-06-18,F,+91-000-6957741,"Flat 35, Building 248, Abhinav Colony, Mumbai",Mumbai,Maharashtra,400049,ACC-000013,SYNB0037866,INST-0035,2024-06-03T11:57:43+05:30
BEN-000705,Deepa Akshay Ingale,2000-07-04,F,+91-000-8966781,"Flat 41, Building 73, Suman Layout, Nashik",Nashik,Maharashtra,422042,ACC-001584,SYNB0032974,INST-0021,2023-06-25T16:32:03+05:30
BEN-000268,Aarav Soham Suryawanshi,2001-04-02,M,+91-000-4633834,"Flat 28, Building 155, Suman Layout, Nashik",Nashik,Maharashtra,422012,ACC-002961,SYNB0041266,INST-0022,2024-06-25T14:57:11+05:30
BEN-000848,Yusuf Rohan Menon,2002-08-23,M,+91-000-6540252,"Flat 62, Building 264, Neelkamal Nagar, Satara",Satara,Maharashtra,415014,ACC-000208,SYNB0045129,INST-0055,2025-06-05T12:25:10+05:30
BEN-000169,Prachi Manish Chavan,2002-06-27,F,+91-000-6920646,"Flat 44, Building 303, Neelkamal Nagar, Mumbai",Mumbai,Maharashtra,400093,ACC-001394,SYNB0049125,INST-0033,2023-06-05T15:43:27+05:30
BEN-000392,Supriya Soham Patil,2004-05-01,F,+91-000-3714471,"Flat 31, Building 338, Chaitra Vihar, Nagpur",Nagpur,Maharashtra,440023,ACC-002148,SYNB0016251,INST-0015,2023-06-15T12:23:02+05:30
BEN-000678,Shaurya Farhan Verma,2002-02-08,M,+91-000-5433204,"Flat 64, Building 347, Neelkamal Nagar, Nashik",Nashik,Maharashtra,422043,ACC-002805,SYNB0018619,INST-0017,2024-06-19T15:12:05+05:30
BEN-000281,Ayesha Pranav Reddy,2002-02-06,F,+91-000-6737688,"Flat 5, Building 136, Tarang Nagar, Mumbai",Mumbai,Maharashtra,400009,ACC-002192,SYNB0054181,INST-0036,2025-06-30T10:30:26+05:30
BEN-000464,Tanvi Akshay Thomas,2005-08-22,F,+91-000-5733096,"Flat 47, Building 198, Neelkamal Nagar, Nagpur",Nagpur,Maharashtra,440072,ACC-002101,SYNB0036543,INST-0010,2023-07-01T09:24:35+05:30
BEN-000069,Atharva Sahil Shinde,2001-11-07,M,+91-000-4085559,"Flat 64, Building 111, Abhinav Colony, Thane",Thane,Maharashtra,400052,ACC-002378,SYNB0053255,INST-0030,2023-06-15T09:21:24+05:30
BEN-000706,Ashwin Farhan Jadhav,2003-09-28,M,+91-000-4926181,"Flat 10, Building 175, Abhinav Colony, Pune",Pune,Maharashtra,411088,ACC-002668,SYNB0020086,INST-0008,2023-06-13T16:34:36+05:30
BEN-000440,Vijay Mohan Menon,2006-11-06,M,+91-000-3916715,"Flat 23, Building 228, Tarang Nagar, Kolhapur",Kolhapur,Maharashtra,416003,ACC-002843,SYNB0017557,INST-0048,2024-06-08T15:06:51+05:30
BEN-000866,Yash Shaurya Joshi,2002-11-21,M,+91-000-2130159,"Flat 78, Building 283, Sahyadri Gardens, Kolhapur",Kolhapur,Maharashtra,416057,ACC-000714,SYNB0066259,INST-0044,2025-06-21T11:26:47+05:30
BEN-000358,Vijay Yash Jadhav,2003-11-15,M,+91-000-4394845,"Flat 55, Building 64, Neelkamal Nagar, Amravati",Amravati,Maharashtra,444019,ACC-002302,SYNB0036545,INST-0069,2024-06-08T15:34:18+05:30
BEN-000025,Rahul Ishan Yadav,2006-05-03,M,+91-000-2894625,"Flat 57, Building 294, Suman Layout, Mumbai",Mumbai,Maharashtra,400063,ACC-002537,SYNB0026751,INST-0033,2023-06-01T14:02:08+05:30
BEN-000609,Chirag Sahil Mishra,2005-05-07,M,+91-000-3790745,"Flat 44, Building 359, Uday Society, Nanded",Nanded,Maharashtra,431012,ACC-000095,SYNB0027109,INST-0084,2023-06-17T10:59:11+05:30
BEN-000606,Sonali Farhan Banerjee,2004-11-25,F,+91-000-6986802,"Flat 42, Building 124, Neelkamal Nagar, Satara",Satara,Maharashtra,415019,ACC-000890,SYNB0069052,INST-0056,2023-07-03T13:39:53+05:30
BEN-000409,Vidya Vedant Shaikh,2002-10-24,F,+91-000-3579573,"Flat 56, Building 235, Suman Layout, Jalgaon",Jalgaon,Maharashtra,425085,ACC-000308,SYNB0042870,INST-0075,2023-06-07T12:34:55+05:30
BEN-000404,Vedant Pranav Ansari,2005-05-14,M,+91-000-5061034,"Flat 12, Building 250, Chaitra Vihar, Amravati",Amravati,Maharashtra,444019,ACC-002327,SYNB0053015,INST-0065,2023-06-09T11:11:05+05:30
BEN-000463,Varun Pranav Dsouza,1999-10-07,M,+91-000-3253277,"Flat 10, Building 371, Abhinav Colony, Mumbai",Mumbai,Maharashtra,400042,ACC-002632,SYNB0069345,INST-0038,2023-06-01T10:22:11+05:30
BEN-000295,Tanmay Shaurya Banerjee,2002-02-03,X,+91-000-6826541,"Flat 33, Building 307, Sahyadri Gardens, Thane",Thane,Maharashtra,400006,ACC-000757,SYNB0021532,INST-0032,2023-06-18T13:55:29+05:30
BEN-000511,Riya Aniket Gawande,2004-09-26,F,+91-000-2743629,"Flat 51, Building 107, Suman Layout, Pune",Pune,Maharashtra,411041,ACC-000132,SYNB0061014,INST-0004,2023-06-27T15:27:24+05:30
BEN-000945,Hemant Sameer Menon,2002-03-27,M,+91-000-7528399,"Flat 1, Building 22, Suman Layout, Mumbai",Mumbai,Maharashtra,400023,ACC-000279,SYNB0016381,INST-0040,2023-06-29T14:48:35+05:30
BEN-000513,Gauri Avinash Suryawanshi,2002-12-20,F,+91-000-3417186,"Flat 55, Building 39, Uday Society, Pune",Pune,Maharashtra,411034,ACC-001586,SYNB0053540,INST-0007,2024-06-11T12:38:29+05:30
BEN-000018,Priya Madhav Menon,2006-06-08,F,+91-000-2414508,"Flat 25, Building 260, Kalpataru Enclave, Thane",Thane,Maharashtra,400055,ACC-002960,SYNB0019359,INST-0027,2024-06-16T16:48:03+05:30
BEN-000719,Chirag Raj Ansari,2003-09-11,M,+91-000-9769953,"Flat 38, Building 243, Uday Society, Thane",Thane,Maharashtra,400097,ACC-002589,SYNB0020071,INST-0027,2025-06-29T12:04:58+05:30
BEN-000651,Omkar Rohan Verma,2000-07-16,M,+91-000-6052539,"Flat 53, Building 334, Chaitra Vihar, Thane",Thane,Maharashtra,400061,ACC-000180,SYNB0059082,INST-0029,2025-07-04T09:10:23+05:30
BEN-000994,Suraj Omkar Ingale,2004-09-21,M,+91-000-4834713,"Flat 78, Building 389, Tarang Nagar, Pune",Pune,Maharashtra,411073,ACC-001531,SYNB0056159,INST-0003,2025-06-10T13:52:19+05:30
BEN-000190,Jay Dev Nair,2002-12-22,M,+91-000-7009053,"Flat 53, Building 40, Kalpataru Enclave, Pune",Pune,Maharashtra,411014,ACC-002535,SYNB0016189,INST-0008,2025-06-21T14:46:34+05:30
BEN-000285,Aditi Yusuf Patil,2004-11-16,F,+91-000-1949670,"Flat 16, Building 335, Uday Society, Mumbai",Mumbai,Maharashtra,400054,ACC-001194,SYNB0024304,INST-0035,2023-07-02T15:15:39+05:30
BEN-000003,Priya Dev Iyer,2005-04-10,F,+91-000-9168181,"Flat 64, Building 175, Kalpataru Enclave, Kolhapur",Kolhapur,Maharashtra,416073,ACC-002966,SYNB0069636,INST-0047,2023-06-19T11:56:17+05:30
BEN-000222,Ankita Harsh Gawande,2003-09-26,F,+91-000-6827024,"Flat 13, Building 258, Neelkamal Nagar, Kolhapur",Kolhapur,Maharashtra,416006,ACC-000039,SYNB0019404,INST-0045,2023-06-21T09:33:18+05:30
BEN-000840,Swara Yusuf More,2003-09-22,F,+91-000-7675310,"Flat 36, Building 228, Sahyadri Gardens, Thane",Thane,Maharashtra,400082,ACC-000792,SYNB0035327,INST-0027,2025-06-14T12:32:33+05:30
BEN-000274,Isha Avinash Thomas,2006-09-26,F,+91-000-9734324,"Flat 47, Building 16, Tarang Nagar, Nagpur",Nagpur,Maharashtra,440072,ACC-001940,SYNB0046707,INST-0010,2025-07-04T09:38:00+05:30
BEN-000486,Aniket Atharva More,2005-01-04,M,+91-000-8076906,"Flat 80, Building 370, Kalpataru Enclave, Kolhapur",Kolhapur,Maharashtra,416058,ACC-001176,SYNB0046598,INST-0043,2023-06-22T15:01:23+05:30
BEN-000037,Vishal Kunal Patil,2003-11-20,M,+91-000-4446353,"Flat 58, Building 140, Sahyadri Gardens, Thane",Thane,Maharashtra,400033,ACC-002038,SYNB0055216,INST-0032,2024-07-05T15:45:43+05:30
BEN-000958,Neha Vishal Shinde,2000-05-05,M,+91-000-7634639,"Flat 8, Building 238, Neelkamal Nagar, Pune",Pune,Maharashtra,411027,ACC-002209,SYNB0050500,INST-0001,2025-06-27T13:07:22+05:30
BEN-000854,Raj Aniket Khot,2004-05-02,M,+91-000-3463987,"Flat 76, Building 14, Sahyadri Gardens, Nanded",Nanded,Maharashtra,431078,ACC-001264,SYNB0033131,INST-0083,2024-06-09T14:08:35+05:30
BEN-000728,Sanjay Vijay Thomas,2003-08-12,M,+91-000-3097809,"Flat 24, Building 31, Tarang Nagar, Mumbai",Mumbai,Maharashtra,400001,ACC-002739,SYNB0053466,INST-0035,2024-06-02T11:18:30+05:30
BEN-000376,Karan Shaurya Fernandes,2003-07-25,M,+91-000-8221506,"Flat 21, Building 172, Chaitra Vihar, Nagpur",Nagpur,Maharashtra,440002,ACC-002299,SYNB0020337,INST-0012,2023-06-11T14:45:38+05:30
BEN-000350,Sana Soham Khan,2004-02-08,F,+91-000-9003857,"Flat 44, Building 316, Abhinav Colony, Jalgaon",Jalgaon,Maharashtra,425070,ACC-001232,SYNB0011180,INST-0078,2024-06-23T15:55:02+05:30
BEN-000966,Gauri Pranav Chavan,2002-05-15,F,+91-000-5205984,"Flat 15, Building 271, Sahyadri Gardens, Nagpur",Nagpur,Maharashtra,440076,ACC-000175,SYNB0051679,INST-0014,2023-06-14T09:11:48+05:30
BEN-000410,Dhruv Akshay Nair,2005-02-27,M,+91-000-7720828,"Flat 4, Building 198, Abhinav Colony, Amravati",Amravati,Maharashtra,444088,ACC-000898,SYNB0025920,INST-0072,2023-06-05T11:54:58+05:30
BEN-000838,Madhav Manish Reddy,2003-04-06,M,+91-000-3520615,"Flat 69, Building 203, Sahyadri Gardens, Thane",Thane,Maharashtra,400038,ACC-001911,SYNB0010807,INST-0027,2024-06-24T12:01:02+05:30
BEN-000824,Vikram Avinash Jadhav,2002-05-14,M,+91-000-3450947,"Flat 27, Building 336, Neelkamal Nagar, Thane",Thane,Maharashtra,400003,ACC-000943,SYNB0023194,INST-0029,2023-06-15T15:02:14+05:30
BEN-000460,Prachi Vijay Salunkhe,2001-05-16,F,+91-000-3438177,"Flat 68, Building 172, Neelkamal Nagar, Thane",Thane,Maharashtra,400076,ACC-002944,SYNB0029621,INST-0031,2024-06-06T09:03:36+05:30
BEN-000394,Rohan Ishan Joshi,2002-09-10,M,+91-000-2715864,"Flat 16, Building 335, Chaitra Vihar, Nashik",Nashik,Maharashtra,422020,ACC-001474,SYNB0020104,INST-0017,2024-06-05T11:00:00+05:30
BEN-000788,Nidhi Pranav Ansari,2004-04-04,F,+91-000-5723078,"Flat 51, Building 5, Tarang Nagar, Kolhapur",Kolhapur,Maharashtra,416041,ACC-002169,SYNB0032070,INST-0043,2024-06-19T16:37:13+05:30
BEN-000927,Amruta Atharva Chavan,2006-05-25,F,+91-000-3202464,"Flat 69, Building 315, Tarang Nagar, Pune",Pune,Maharashtra,411088,ACC-002926,SYNB0022526,INST-0002,2025-06-29T12:59:25+05:30
BEN-000401,Nidhi Mohan Ingale,2000-02-06,F,+91-000-5266272,"Flat 36, Building 278, Abhinav Colony, Jalgaon",Jalgaon,Maharashtra,425096,ACC-002474,SYNB0037482,INST-0078,2024-06-24T11:26:32+05:30
BEN-000869,Riya Mihir Singh,2006-04-08,F,+91-000-4384085,"Flat 76, Building 88, Kalpataru Enclave, Amravati",Amravati,Maharashtra,444089,ACC-002184,SYNB0038014,INST-0070,2023-06-27T13:13:55+05:30
BEN-000405,Ishan Yusuf Jadhav,2002-06-10,M,+91-000-7055937,"Flat 59, Building 56, Chaitra Vihar, Satara",Satara,Maharashtra,415042,ACC-000541,SYNB0015968,INST-0052,2023-06-07T10:58:17+05:30
BEN-000565,Priya Tejas Kulkarni,2005-01-26,F,+91-000-9741022,"Flat 17, Building 391, Neelkamal Nagar, Nashik",Nashik,Maharashtra,422032,ACC-001332,SYNB0065221,INST-0018,2025-06-12T12:23:55+05:30
BEN-000447,Gaurav Chirag Khan,2003-05-06,M,+91-000-2923047,"Flat 6, Building 66, Sahyadri Gardens, Pune",Pune,Maharashtra,411043,ACC-000483,SYNB0054056,INST-0002,2023-06-24T12:04:23+05:30
BEN-000730,Deepa Suraj Gawande,2005-01-07,F,+91-000-5767670,"Flat 68, Building 129, Sahyadri Gardens, Thane",Thane,Maharashtra,400095,ACC-001829,SYNB0012413,INST-0032,2024-06-22T11:04:30+05:30
BEN-000078,Pooja Madhav Jadhav,2002-12-18,M,+91-000-7640563,"Flat 16, Building 25, Sahyadri Gardens, Pune",Pune,Maharashtra,411035,ACC-000395,SYNB0011852,INST-0005,2024-06-20T11:19:09+05:30
BEN-000052,Prachi Yusuf Shinde,2004-11-10,F,+91-000-5588489,"Flat 69, Building 238, Suman Layout, Amravati",Amravati,Maharashtra,444074,ACC-001979,SYNB0019066,INST-0069,2023-06-11T12:28:14+05:30
BEN-000759,Soham Mihir Menon,2004-04-09,M,+91-000-6266549,"Flat 7, Building 100, Neelkamal Nagar, Latur",Latur,Maharashtra,413020,ACC-001734,SYNB0053593,INST-0096,2024-07-02T10:36:17+05:30
BEN-000101,Darshan Rohit Menon,2002-02-19,M,+91-000-1678132,"Flat 64, Building 189, Uday Society, Amravati",Amravati,Maharashtra,444051,ACC-000169,SYNB0027802,INST-0071,2024-06-07T13:13:23+05:30
BEN-000391,Janhavi Harsh Yadav,2004-12-22,F,+91-000-1283383,"Flat 19, Building 134, Tarang Nagar, Thane",Thane,Maharashtra,400088,ACC-001484,SYNB0015922,INST-0027,2024-06-17T11:15:07+05:30
BEN-000384,Aditi Farhan Gawande,2004-12-05,F,+91-000-1163128,"Flat 39, Building 203, Sahyadri Gardens, Nashik",Nashik,Maharashtra,422019,ACC-002867,SYNB0062412,INST-0017,2023-06-15T12:59:46+05:30
BEN-000515,Kirti Vijay Jain,2003-11-06,F,+91-000-9078508,"Flat 19, Building 149, Sahyadri Gardens, Nashik",Nashik,Maharashtra,422079,ACC-001574,SYNB0055282,INST-0022,2024-07-04T14:30:08+05:30
BEN-000973,Rohan Suraj Kadam,2002-11-10,M,+91-000-2971598,"Flat 34, Building 273, Sahyadri Gardens, Solapur",Solapur,Maharashtra,413044,ACC-002553,SYNB0038312,INST-0061,2024-07-03T11:48:38+05:30
BEN-000086,Aditi Atharva Naik,2006-07-01,F,+91-000-5146693,"Flat 74, Building 189, Abhinav Colony, Nanded",Nanded,Maharashtra,431010,ACC-001694,SYNB0014960,INST-0088,2023-06-29T09:29:15+05:30
BEN-000903,Nidhi Madhav Shaikh,2004-10-21,F,+91-000-2513254,"Flat 43, Building 94, Sahyadri Gardens, Pune",Pune,Maharashtra,411016,ACC-002182,SYNB0020506,INST-0003,2025-06-03T10:26:35+05:30
BEN-000652,Nidhi Ashwin Khan,2002-04-15,F,+91-000-8106183,"Flat 6, Building 126, Abhinav Colony, Nashik",Nashik,Maharashtra,422086,ACC-000069,SYNB0059341,INST-0021,2025-06-02T13:30:03+05:30
BEN-000360,Harsh Vishal Suryawanshi,2003-04-19,M,+91-000-6227389,"Flat 35, Building 210, Uday Society, Mumbai",Mumbai,Maharashtra,400003,ACC-002937,SYNB0024235,INST-0035,2023-06-10T11:02:37+05:30
BEN-000957,Dhruv Ishan Yadav,2002-08-14,M,+91-000-8568632,"Flat 65, Building 313, Suman Layout, Mumbai",Mumbai,Maharashtra,400098,ACC-000276,SYNB0015892,INST-0035,2023-07-01T09:10:49+05:30
BEN-000168,Shruti Karan Mishra,2003-12-27,F,+91-000-6554374,"Flat 78, Building 68, Abhinav Colony, Jalgaon",Jalgaon,Maharashtra,425065,ACC-000510,SYNB0045535,INST-0080,2024-06-29T15:04:23+05:30
BEN-000762,Priya Yusuf Kale,2006-01-11,F,+91-000-9563838,"Flat 24, Building 89, Abhinav Colony, Thane",Thane,Maharashtra,400074,ACC-000300,SYNB0059545,INST-0028,2025-06-27T10:33:29+05:30
BEN-000219,Ananya Manish Reddy,2004-10-08,F,+91-000-4739628,"Flat 58, Building 215, Sahyadri Gardens, Nanded",Nanded,Maharashtra,431073,ACC-001984,SYNB0051253,INST-0083,2025-07-05T11:13:46+05:30
BEN-000922,Ankita Chirag Naik,2006-09-08,F,+91-000-1832687,"Flat 72, Building 348, Abhinav Colony, Pune",Pune,Maharashtra,411091,ACC-001910,SYNB0015804,INST-0002,2024-07-02T15:03:50+05:30
BEN-000701,Varun Harsh Menon,2005-09-23,M,+91-000-7668174,"Flat 64, Building 108, Abhinav Colony, Pune",Pune,Maharashtra,411063,ACC-002457,SYNB0023747,INST-0005,2023-06-23T15:31:53+05:30
BEN-000955,Ankita Aditya Sawant,2001-04-14,F,+91-000-6412833,"Flat 69, Building 98, Neelkamal Nagar, Pune",Pune,Maharashtra,411039,ACC-001202,SYNB0013429,INST-0008,2024-06-10T13:18:51+05:30
BEN-000232,Sameer Dev Thomas,2003-01-25,M,+91-000-6824517,"Flat 74, Building 189, Abhinav Colony, Nanded",Nanded,Maharashtra,431010,ACC-001694,SYNB0014960,INST-0088,2023-06-15T09:32:04+05:30
BEN-000202,Pallavi Rohan Mishra,2005-05-20,F,+91-000-6316334,"Flat 9, Building 190, Tarang Nagar, Pune",Pune,Maharashtra,411076,ACC-001547,SYNB0067397,INST-0006,2023-06-24T11:35:40+05:30
BEN-000119,Yash Ishan Pawar,2004-05-27,M,+91-000-8239315,"Flat 48, Building 13, Chaitra Vihar, Solapur",Solapur,Maharashtra,413055,ACC-001614,SYNB0063314,INST-0063,2023-06-21T14:04:46+05:30
BEN-000773,Kirti Aarav Shah,2001-09-27,F,+91-000-6430463,"Flat 80, Building 27, Kalpataru Enclave, Nashik",Nashik,Maharashtra,422025,ACC-001896,SYNB0063506,INST-0021,2023-06-25T13:47:10+05:30
BEN-000590,Rahul Tejas Khot,2005-04-19,M,+91-000-1358241,"Flat 63, Building 291, Abhinav Colony, Nashik",Nashik,Maharashtra,422046,ACC-002975,SYNB0015478,INST-0022,2025-06-08T09:55:18+05:30
BEN-000576,Sayali Nikhil Banerjee,2005-11-06,F,+91-000-3740422,"Flat 4, Building 316, Tarang Nagar, Nashik",Nashik,Maharashtra,422036,ACC-001810,SYNB0047826,INST-0023,2023-06-05T14:35:20+05:30
BEN-000262,Darshan Rohan Yadav,2006-04-03,M,+91-000-4360650,"Flat 79, Building 55, Kalpataru Enclave, Latur",Latur,Maharashtra,413004,ACC-001121,SYNB0059777,INST-0089,2023-06-01T11:29:46+05:30
BEN-000775,Atharva Raj Kadam,2004-03-16,M,+91-000-9080774,"Flat 38, Building 198, Abhinav Colony, Nagpur",Nagpur,Maharashtra,440020,ACC-001231,SYNB0044765,INST-0016,2024-07-05T15:07:32+05:30
BEN-000550,Aparna Harsh More,2003-10-25,F,+91-000-8433377,"Flat 68, Building 129, Tarang Nagar, Kolhapur",Kolhapur,Maharashtra,416012,ACC-000067,SYNB0058197,INST-0044,2025-06-08T16:02:15+05:30
BEN-000315,Pallavi Rohan Menon,2004-07-18,F,+91-000-1912484,"Flat 50, Building 206, Uday Society, Latur",Latur,Maharashtra,413027,ACC-001190,SYNB0051229,INST-0091,2023-06-01T10:27:22+05:30
BEN-000649,Rohan Tushar Naik,2005-08-21,M,+91-000-9665502,"Flat 67, Building 182, Suman Layout, Thane",Thane,Maharashtra,400009,ACC-000817,SYNB0058872,INST-0025,2024-07-04T12:42:38+05:30
BEN-000995,Ayesha Chirag Verma,2002-05-07,F,+91-000-6568081,"Flat 24, Building 379, Tarang Nagar, Nashik",Nashik,Maharashtra,422001,ACC-001120,SYNB0040798,INST-0018,2025-06-23T09:36:53+05:30
BEN-000988,Amruta Jay Qureshi,2004-07-14,F,+91-000-4349848,"Flat 16, Building 330, Uday Society, Latur",Latur,Maharashtra,413091,ACC-000038,SYNB0065243,INST-0092,2024-07-01T14:58:21+05:30
BEN-000305,Gauri Siddharth Suryawanshi,2003-06-11,F,+91-000-7246319,"Flat 54, Building 40, Neelkamal Nagar, Amravati",Amravati,Maharashtra,444033,ACC-001506,SYNB0052423,INST-0065,2023-06-19T10:11:01+05:30
BEN-000568,Zaid Sanjay Gawande,2002-06-17,M,+91-000-2825908,"Flat 21, Building 224, Sahyadri Gardens, Kolhapur",Kolhapur,Maharashtra,416013,ACC-002621,SYNB0026397,INST-0043,2025-07-03T10:04:38+05:30
BEN-000757,Siddharth Siddharth More,2002-09-10,M,+91-000-1605005,"Flat 32, Building 193, Suman Layout, Amravati",Amravati,Maharashtra,444090,ACC-002286,SYNB0030993,INST-0065,2024-06-20T11:22:32+05:30
BEN-000520,Isha Ishan Patil,2002-02-26,F,+91-000-1187069,"Flat 16, Building 90, Uday Society, Solapur",Solapur,Maharashtra,413076,ACC-001073,SYNB0016180,INST-0064,2025-06-07T13:48:52+05:30
BEN-000258,Diya Rohit More,2002-01-24,F,+91-000-1098967,"Flat 24, Building 389, Sahyadri Gardens, Satara",Satara,Maharashtra,415034,ACC-002479,SYNB0049292,INST-0055,2025-06-29T14:42:20+05:30
BEN-000015,Sameer Ishan Gaikwad,2003-07-28,M,+91-000-4267304,"Flat 21, Building 250, Kalpataru Enclave, Nashik",Nashik,Maharashtra,422046,ACC-001452,SYNB0027972,INST-0018,2024-06-05T11:56:33+05:30
BEN-000621,Janhavi Yusuf Kadam,2005-06-28,F,+91-000-2821504,"Flat 21, Building 126, Tarang Nagar, Satara",Satara,Maharashtra,415093,ACC-000210,SYNB0048196,INST-0050,2024-06-01T15:48:50+05:30
BEN-000662,Riya Dev Khot,2004-11-20,F,+91-000-7019590,"Flat 16, Building 222, Abhinav Colony, Jalgaon",Jalgaon,Maharashtra,425082,ACC-002309,SYNB0054265,INST-0073,2025-06-12T10:17:22+05:30
BEN-000331,Tejas Aarav Deshmukh,2004-02-05,M,+91-000-8355410,"Flat 40, Building 38, Sahyadri Gardens, Nagpur",Nagpur,Maharashtra,440074,ACC-000404,SYNB0058129,INST-0012,2023-06-28T14:38:46+05:30
BEN-000014,Ashwin Madhav Ansari,2004-11-01,M,+91-000-6259356,"Flat 29, Building 360, Uday Society, Amravati",Amravati,Maharashtra,444005,ACC-001838,SYNB0032599,INST-0068,2025-06-04T10:08:05+05:30
BEN-000700,Sanika Soham Bhosale,2002-09-20,F,+91-000-9474848,"Flat 80, Building 334, Tarang Nagar, Pune",Pune,Maharashtra,411090,ACC-000150,SYNB0066619,INST-0006,2023-06-26T16:03:28+05:30
BEN-000558,Nidhi Vikram Patil,2002-03-07,F,+91-000-5774942,"Flat 71, Building 238, Chaitra Vihar, Nashik",Nashik,Maharashtra,422004,ACC-001043,SYNB0018513,INST-0019,2023-07-01T12:40:39+05:30
BEN-000891,Radhika Varun Chavan,2003-11-12,F,+91-000-5479152,"Flat 7, Building 149, Uday Society, Mumbai",Mumbai,Maharashtra,400068,ACC-000007,SYNB0032676,INST-0034,2023-07-03T10:45:50+05:30
BEN-000264,Ramesh Vishal Dsouza,2005-07-04,M,+91-000-2316802,"Flat 66, Building 398, Suman Layout, Amravati",Amravati,Maharashtra,444028,ACC-001918,SYNB0015574,INST-0067,2025-06-13T14:39:11+05:30
BEN-000949,Tanmay Karan Gaikwad,2005-08-01,M,+91-000-5270103,"Flat 36, Building 374, Chaitra Vihar, Pune",Pune,Maharashtra,411006,ACC-000562,SYNB0061384,INST-0003,2024-06-16T10:36:51+05:30
BEN-000572,Pallavi Mohan Chavan,2002-05-02,F,+91-000-7540534,"Flat 14, Building 204, Chaitra Vihar, Solapur",Solapur,Maharashtra,413078,ACC-000845,SYNB0063020,INST-0062,2024-06-15T09:29:19+05:30
BEN-000110,Gauri Soham Iyer,2002-06-24,F,+91-000-9758448,"Flat 62, Building 370, Tarang Nagar, Mumbai",Mumbai,Maharashtra,400006,ACC-001529,SYNB0044489,INST-0039,2023-07-02T11:16:26+05:30
BEN-000542,Deepa Rohan Patil,2003-07-21,F,+91-000-9973031,"Flat 37, Building 376, Suman Layout, Thane",Thane,Maharashtra,400022,ACC-000133,SYNB0011145,INST-0027,2024-06-24T10:41:47+05:30
BEN-000324,Supriya Ashwin Pawar,2004-11-11,F,+91-000-5745083,"Flat 33, Building 127, Neelkamal Nagar, Nashik",Nashik,Maharashtra,422061,ACC-002468,SYNB0047078,INST-0020,2025-06-22T16:34:39+05:30
BEN-000639,Diya Vijay Kale,2003-07-28,F,+91-000-3111034,"Flat 69, Building 59, Neelkamal Nagar, Latur",Latur,Maharashtra,413074,ACC-002252,SYNB0060487,INST-0092,2023-07-02T16:35:38+05:30
BEN-000260,Neha Vishal Shinde,2003-05-05,F,+91-000-8698199,"Flat 13, Building 381, Suman Layout, Pune",Pune,Maharashtra,411027,ACC-000216,SYNB0011152,INST-0001,2023-06-04T09:05:22+05:30
BEN-000215,Farhan Mihir Wagh,2005-08-24,M,+91-000-4690350,"Flat 13, Building 79, Chaitra Vihar, Pune",Pune,Maharashtra,411043,ACC-001632,SYNB0064787,INST-0003,2024-06-08T16:43:26+05:30
BEN-000667,Siddharth Nikhil Mishra,2005-01-23,M,+91-000-4237420,"Flat 1, Building 321, Chaitra Vihar, Satara",Satara,Maharashtra,415070,ACC-002875,SYNB0023425,INST-0054,2023-06-28T09:49:20+05:30
BEN-000148,Juhi Madhav Jadhav,2004-07-08,F,+91-000-1177097,"Flat 24, Building 36, Tarang Nagar, Satara",Satara,Maharashtra,415038,ACC-001306,SYNB0025764,INST-0052,2024-06-24T12:59:07+05:30
BEN-000714,Akshay Aarav Khot,2006-02-23,M,+91-000-3600333,"Flat 61, Building 122, Abhinav Colony, Amravati",Amravati,Maharashtra,444082,ACC-002486,SYNB0042093,INST-0072,2024-07-02T10:25:46+05:30
BEN-000137,Sameer D Thomas,2003-01-25,M,+91-000-6824517,"Flat 74, Building 189, Abhinav Colony, Nanded",Nanded,Maharashtra,431010,ACC-001045,SYNB0065998,INST-0088,2023-06-15T09:32:04+05:30
BEN-000041,Ankita Sachin Kadam,2002-10-13,F,+91-000-5332877,"Flat 76, Building 18, Chaitra Vihar, Thane",Thane,Maharashtra,400090,ACC-000369,SYNB0042291,INST-0026,2024-06-23T16:54:46+05:30
BEN-000072,Chirag Sameer Banerjee,2002-01-16,M,+91-000-8189168,"Flat 34, Building 84, Tarang Nagar, Latur",Latur,Maharashtra,413056,ACC-002633,SYNB0013096,INST-0090,2023-07-02T09:22:16+05:30
BEN-000325,Shruti Manish Pawar,2003-01-11,F,+91-000-1111126,"Flat 60, Building 44, Abhinav Colony, Pune",Pune,Maharashtra,411013,ACC-000790,SYNB0066104,INST-0002,2024-06-09T13:18:33+05:30
BEN-000444,Varun Aditya Wagh,2003-05-04,M,+91-000-1903041,"Flat 79, Building 50, Suman Layout, Thane",Thane,Maharashtra,400041,ACC-002719,SYNB0034562,INST-0025,2024-06-13T15:20:39+05:30
BEN-000436,Tushar T Fernandes,2003-02-22,X,+91-000-5210645,"Flat 34, Building 208, Abhinav Colony, Pune",Pune,Maharashtra,411094,ACC-000058,SYNB0040087,INST-0002,2024-07-04T14:55:41+05:30
BEN-000539,Vaishnavi Tushar Singh,2004-10-10,F,+91-000-4958849,"Flat 52, Building 142, Neelkamal Nagar, Solapur",Solapur,Maharashtra,413066,ACC-001126,SYNB0039162,INST-0060,2023-07-03T16:42:33+05:30
BEN-000880,Sachin Karan Ingale,2003-09-12,M,+91-000-3582322,"Flat 63, Building 169, Chaitra Vihar, Solapur",Solapur,Maharashtra,413097,ACC-002281,SYNB0067501,INST-0059,2024-07-04T15:45:10+05:30
BEN-000117,Sahil Gaurav Naik,2003-07-15,M,+91-000-3438206,"Flat 58, Building 228, Suman Layout, Thane",Thane,Maharashtra,400060,ACC-001716,SYNB0025783,INST-0030,2023-06-22T11:58:02+05:30
BEN-000533,Avinash Chirag Suryawanshi,2005-10-07,M,+91-000-2327277,"Flat 47, Building 180, Suman Layout, Pune",Pune,Maharashtra,411009,ACC-000555,SYNB0036154,INST-0001,2023-06-14T15:30:51+05:30
BEN-000227,Fatima Manish Deshmukh,2005-07-06,F,+91-000-4940319,"Flat 64, Building 238, Suman Layout, Pune",Pune,Maharashtra,411091,ACC-002696,SYNB0010515,INST-0006,2025-06-29T10:12:34+05:30
BEN-000615,Ananya Mohan Mishra,2001-08-07,F,+91-000-1314067,"Flat 59, Building 380, Tarang Nagar, Solapur",Solapur,Maharashtra,413095,ACC-001541,SYNB0062495,INST-0057,2025-06-25T09:04:51+05:30
BEN-000133,Vishal Aditya Khan,2005-02-05,M,+91-000-8251427,"Flat 73, Building 313, Suman Layout, Pune",Pune,Maharashtra,411044,ACC-002202,SYNB0015648,INST-0001,2025-06-10T12:41:51+05:30
BEN-000156,Shaurya Sachin Jain,2000-08-09,M,+91-000-3994493,"Flat 43, Building 261, Uday Society, Satara",Satara,Maharashtra,415064,ACC-002921,SYNB0054019,INST-0055,2023-06-04T14:23:08+05:30
BEN-000048,Diya Vedant Kulkarni,2005-06-04,F,+91-000-7227644,"Flat 13, Building 136, Chaitra Vihar, Pune",Pune,Maharashtra,411041,ACC-002550,SYNB0028601,INST-0002,2024-06-12T14:14:47+05:30
BEN-000831,Kunal Harsh Fernandes,2000-06-28,M,+91-000-2217848,"Flat 43, Building 52, Kalpataru Enclave, Thane",Thane,Maharashtra,400059,ACC-001843,SYNB0066529,INST-0031,2023-06-09T09:14:01+05:30
BEN-000846,Karan Siddharth Nair,2001-06-26,M,+91-000-7802428,"Flat 7, Building 47, Uday Society, Pune",Pune,Maharashtra,411099,ACC-002978,SYNB0029306,INST-0003,2024-06-23T13:10:31+05:30
BEN-000562,Sonali Aarav Fernandes,2003-05-18,F,+91-000-9782198,"Flat 19, Building 194, Suman Layout, Kolhapur",Kolhapur,Maharashtra,416021,ACC-000587,SYNB0053190,INST-0047,2023-06-30T16:08:39+05:30
BEN-000420,Riya Yash More,2005-09-05,F,+91-000-6093108,"Flat 61, Building 104, Uday Society, Pune",Pune,Maharashtra,411069,ACC-002149,SYNB0041444,INST-0002,2025-06-14T16:00:48+05:30
BEN-000254,Vidya Sahil Wagh,2002-04-22,F,+91-000-9052291,"Flat 74, Building 8, Chaitra Vihar, Solapur",Solapur,Maharashtra,413047,ACC-001844,SYNB0056186,INST-0057,2023-06-20T11:47:38+05:30
BEN-000619,Amol Sahil Kale,2006-07-26,M,+91-000-7988821,"Flat 29, Building 320, Neelkamal Nagar, Kolhapur",Kolhapur,Maharashtra,416092,ACC-001926,SYNB0034345,INST-0042,2023-06-22T11:29:17+05:30
BEN-000833,Karan Shaurya Mishra,2004-09-01,M,+91-000-4854922,"Flat 7, Building 156, Suman Layout, Pune",Pune,Maharashtra,411025,ACC-001968,SYNB0052841,INST-0006,2024-07-05T09:28:38+05:30
BEN-000393,Janhavi Aarav Gupta,2005-10-04,F,+91-000-4060284,"Flat 35, Building 93, Suman Layout, Amravati",Amravati,Maharashtra,444016,ACC-000063,SYNB0032240,INST-0069,2023-06-04T15:04:39+05:30
BEN-000693,Meera Ishan Shah,2004-02-21,M,+91-000-2396726,"Flat 67, Building 79, Neelkamal Nagar, Jalgaon",Jalgaon,Maharashtra,425047,ACC-001360,SYNB0056695,INST-0076,2023-06-25T15:21:41+05:30
BEN-000795,Amol Sahil Pawar,2003-07-27,M,+91-000-1669029,"Flat 77, Building 184, Suman Layout, Solapur",Solapur,Maharashtra,413023,ACC-002127,SYNB0067294,INST-0057,2024-06-08T13:12:41+05:30
BEN-000201,Sameer Harsh Ingale,2005-02-18,M,+91-000-3807840,"Flat 45, Building 213, Sahyadri Gardens, Nashik",Nashik,Maharashtra,422002,ACC-002872,SYNB0057762,INST-0019,2023-06-29T16:10:31+05:30
BEN-000540,Swara Varun Gaikwad,2004-03-28,F,+91-000-5629452,"Flat 18, Building 257, Chaitra Vihar, Satara",Satara,Maharashtra,415042,ACC-002003,SYNB0040695,INST-0055,2023-06-26T09:10:30+05:30
BEN-000364,Ishan Chirag Iyer,2006-08-26,M,+91-000-9814666,"Flat 59, Building 387, Neelkamal Nagar, Pune",Pune,Maharashtra,411014,ACC-002112,SYNB0051707,INST-0002,2024-06-03T13:37:03+05:30
BEN-000534,Akash Madhav Iyer,2003-12-06,M,+91-000-5639031,"Flat 74, Building 72, Sahyadri Gardens, Mumbai",Mumbai,Maharashtra,400089,ACC-000600,SYNB0062377,INST-0039,2024-06-06T16:29:42+05:30
BEN-000267,Rohan Chirag Deshmukh,2003-04-18,M,+91-000-8629590,"Flat 13, Building 98, Kalpataru Enclave, Nanded",Nanded,Maharashtra,431003,ACC-002678,SYNB0065023,INST-0081,2023-06-19T10:06:07+05:30
BEN-000483,Sakshi Tejas Gupta,2004-05-19,F,+91-000-8360481,"Flat 27, Building 195, Suman Layout, Jalgaon",Jalgaon,Maharashtra,425018,ACC-002201,SYNB0014134,INST-0080,2023-06-01T11:52:03+05:30
BEN-000369,Ashwin Raj Thomas,2006-01-11,M,+91-000-3936596,"Flat 40, Building 283, Tarang Nagar, Satara",Satara,Maharashtra,415028,ACC-001051,SYNB0065528,INST-0055,2023-06-07T09:05:37+05:30
BEN-000842,Juhi Sanjay Gaikwad,2004-12-22,F,+91-000-2902100,"Flat 69, Building 315, Uday Society, Pune",Pune,Maharashtra,411088,ACC-001739,SYNB0054495,INST-0008,2023-06-01T12:53:15+05:30
BEN-000290,Rahul Harsh Sawant,2004-07-13,M,+91-000-7790959,"Flat 44, Building 107, Kalpataru Enclave, Solapur",Solapur,Maharashtra,413085,ACC-001675,SYNB0053508,INST-0059,2023-06-30T14:55:19+05:30
BEN-000468,Zaid Karan Bhosale,2005-11-01,M,+91-000-6380354,"Flat 9, Building 186, Sahyadri Gardens, Pune",Pune,Maharashtra,411042,ACC-001682,SYNB0013099,INST-0004,2024-06-18T12:45:29+05:30
BEN-000297,Pallavi Aniket Pawar,2003-11-25,F,+91-000-5278461,"Flat 20, Building 62, Uday Society, Nagpur",Nagpur,Maharashtra,440063,ACC-001961,SYNB0022670,INST-0015,2023-06-20T15:14:04+05:30
BEN-000616,Tejas Dev Naik,2005-12-26,M,+91-000-6402667,"Flat 50, Building 180, Suman Layout, Satara",Satara,Maharashtra,415020,ACC-001740,SYNB0040063,INST-0051,2024-06-18T09:41:49+05:30
BEN-000096,Tanvi Karan Wagh,2004-01-15,F,+91-000-9453929,"Flat 60, Building 396, Abhinav Colony, Latur",Latur,Maharashtra,413091,ACC-001720,SYNB0067525,INST-0095,2025-06-12T16:11:22+05:30
BEN-000198,Ayesha Hemant Gupta,2004-11-26,F,+91-000-1257807,"Flat 4, Building 244, Abhinav Colony, Pune",Pune,Maharashtra,411002,ACC-002984,SYNB0021972,INST-0002,2025-06-06T15:35:50+05:30
BEN-000664,Aishwarya Sahil Qureshi,2003-04-03,F,+91-000-3673793,"Flat 76, Building 14, Sahyadri Gardens, Nanded",Nanded,Maharashtra,431078,ACC-002650,SYNB0042065,INST-0083,2024-06-11T09:12:47+05:30
BEN-000990,Sahil Akshay Shaikh,2006-10-25,M,+91-000-9747185,"Flat 44, Building 135, Sahyadri Gardens, Thane",Thane,Maharashtra,400097,ACC-001238,SYNB0018873,INST-0025,2024-06-22T15:36:22+05:30
BEN-000772,Deepa Sanjay Wagh,2004-06-17,F,+91-000-8547311,"Flat 78, Building 352, Chaitra Vihar, Jalgaon",Jalgaon,Maharashtra,425014,ACC-001825,SYNB0049653,INST-0076,2023-07-03T09:58:00+05:30
BEN-000926,Deepa Ishan Menon,2004-04-16,F,+91-000-1398508,"Flat 53, Building 391, Neelkamal Nagar, Satara",Satara,Maharashtra,415048,ACC-002750,SYNB0031094,INST-0050,2024-06-07T13:35:28+05:30
BEN-000114,Soham Rohit Gupta,2003-12-08,M,+91-000-9142018,"Flat 43, Building 276, Tarang Nagar, Mumbai",Mumbai,Maharashtra,400018,ACC-000866,SYNB0035242,INST-0040,2024-06-08T13:07:40+05:30
BEN-000296,Omkar Dev Patil,2006-05-23,M,+91-000-2512732,"Flat 37, Building 369, Tarang Nagar, Pune",Pune,Maharashtra,411073,ACC-002901,SYNB0050722,INST-0003,2024-06-02T15:06:35+05:30
BEN-000635,Sakshi Tanmay Wagh,2005-01-22,F,+91-000-2615622,"Flat 50, Building 202, Tarang Nagar, Nagpur",Nagpur,Maharashtra,440029,ACC-000302,SYNB0057898,INST-0011,2023-06-01T11:35:17+05:30
BEN-000673,Priya A Reddy,2001-08-07,F,+91-000-7018685,"Flat 55, Building 337, Kalpataru Enclave, Nanded",Nanded,Maharashtra,431010,ACC-001045,SYNB0065998,INST-0088,2023-06-16T09:22:22+05:30
BEN-000033,Harsh Kunal Gawande,2004-03-19,M,+91-000-3260430,"Flat 72, Building 280, Kalpataru Enclave, Jalgaon",Jalgaon,Maharashtra,425018,ACC-000196,SYNB0053644,INST-0080,2025-07-03T09:18:21+05:30
BEN-000241,Ramesh Vikram Menon,2004-12-05,M,+91-000-2315459,"Flat 1, Building 96, Abhinav Colony, Nagpur",Nagpur,Maharashtra,440057,ACC-002041,SYNB0010626,INST-0010,2023-06-04T13:02:08+05:30
BEN-000536,Shreya Tushar Naik,2004-08-23,F,+91-000-5755579,"Flat 32, Building 391, Neelkamal Nagar, Pune",Pune,Maharashtra,411050,ACC-000882,SYNB0063482,INST-0003,2025-06-21T15:56:43+05:30
BEN-000968,Aditi Suraj Verma,2004-02-05,F,+91-000-5707954,"Flat 37, Building 135, Abhinav Colony, Pune",Pune,Maharashtra,411012,ACC-000529,SYNB0011818,INST-0002,2024-07-02T16:41:16+05:30
BEN-000519,Raj Mihir Khot,2006-06-05,M,+91-000-3218169,"Flat 38, Building 34, Kalpataru Enclave, Nagpur",Nagpur,Maharashtra,440027,ACC-001641,SYNB0027737,INST-0016,2025-06-30T11:13:49+05:30
BEN-000749,Omkar Tanmay Wagh,2003-02-14,M,+91-000-5323377,"Flat 77, Building 16, Suman Layout, Nanded",Nanded,Maharashtra,431009,ACC-002404,SYNB0029814,INST-0082,2024-06-10T16:02:06+05:30
BEN-000061,Rohan Pranav Banerjee,2005-10-04,M,+91-000-2265001,"Flat 78, Building 197, Suman Layout, Solapur",Solapur,Maharashtra,413026,ACC-002123,SYNB0049771,INST-0062,2024-06-24T14:45:32+05:30
BEN-000690,Vikram Vedant Shinde,2004-08-05,M,+91-000-3452813,"Flat 29, Building 346, Abhinav Colony, Solapur",Solapur,Maharashtra,413039,ACC-002822,SYNB0063360,INST-0061,2024-06-01T16:19:58+05:30
BEN-000366,Sakshi Tushar Bhosale,1999-04-25,F,+91-000-7359295,"Flat 28, Building 2, Kalpataru Enclave, Latur",Latur,Maharashtra,413003,ACC-001203,SYNB0015887,INST-0089,2025-07-04T12:25:50+05:30
BEN-000265,Farhan Akshay Yadav,2003-11-06,M,+91-000-8858359,"Flat 8, Building 78, Kalpataru Enclave, Thane",Thane,Maharashtra,400005,ACC-000575,SYNB0012447,INST-0030,2024-06-16T12:33:29+05:30
BEN-000383,Chirag Omkar More,2004-04-16,M,+91-000-6768873,"Flat 51, Building 192, Uday Society, Pune",Pune,Maharashtra,411047,ACC-000556,SYNB0040114,INST-0007,2023-06-12T13:52:57+05:30
BEN-000814,Tushar Ashwin Kulkarni,2001-07-08,M,+91-000-9381860,"Flat 66, Building 343, Chaitra Vihar, Latur",Latur,Maharashtra,413017,ACC-002311,SYNB0052677,INST-0096,2023-07-02T13:58:15+05:30
BEN-000205,Dhruv Aniket Reddy,2006-08-16,M,+91-000-7720296,"Flat 14, Building 58, Sahyadri Gardens, Pune",Pune,Maharashtra,411005,ACC-000130,SYNB0043290,INST-0007,2023-06-12T09:45:39+05:30
BEN-000686,Sanika Harsh Mishra,2002-12-16,F,+91-000-3493647,"Flat 29, Building 48, Uday Society, Thane",Thane,Maharashtra,400099,ACC-001164,SYNB0048030,INST-0029,2025-06-06T12:12:47+05:30
BEN-000778,Sakshi Omkar Qureshi,2003-04-26,F,+91-000-5808610,"Flat 72, Building 315, Neelkamal Nagar, Pune",Pune,Maharashtra,411054,ACC-001446,SYNB0021679,INST-0008,2023-06-05T10:03:39+05:30
BEN-000501,Ashwin Pranav Kadam,2002-02-22,M,+91-000-5240303,"Flat 2, Building 350, Abhinav Colony, Thane",Thane,Maharashtra,400043,ACC-001424,SYNB0038050,INST-0030,2023-06-24T15:45:44+05:30
BEN-000899,Riya Mohan Jain,2005-01-25,F,+91-000-1908455,"Flat 31, Building 331, Tarang Nagar, Satara",Satara,Maharashtra,415050,ACC-001752,SYNB0027871,INST-0052,2023-07-03T14:50:33+05:30
BEN-000876,Aniket Akash Iyer,2004-12-05,M,+91-000-6545923,"Flat 64, Building 270, Neelkamal Nagar, Nagpur",Nagpur,Maharashtra,440038,ACC-000747,SYNB0037595,INST-0016,2024-06-28T09:43:14+05:30
BEN-000907,Juhi Chirag Kulkarni,2001-12-17,F,+91-000-4136946,"Flat 76, Building 14, Sahyadri Gardens, Nanded",Nanded,Maharashtra,431078,ACC-001362,SYNB0032788,INST-0083,2025-06-08T11:02:35+05:30
BEN-000294,Janhavi Jay Gupta,2004-09-26,F,+91-000-8284023,"Flat 69, Building 55, Suman Layout, Nashik",Nashik,Maharashtra,422038,ACC-001175,SYNB0055626,INST-0017,2023-06-17T11:38:23+05:30
BEN-000439,Farhan Avinash Kale,2004-03-20,M,+91-000-8302077,"Flat 74, Building 159, Sahyadri Gardens, Pune",Pune,Maharashtra,411065,ACC-002620,SYNB0037082,INST-0008,2025-06-18T10:50:09+05:30
BEN-000960,Vishal Akash Jadhav,2005-12-28,M,+91-000-4497162,"Flat 21, Building 33, Neelkamal Nagar, Pune",Pune,Maharashtra,411023,ACC-002431,SYNB0039403,INST-0003,2024-06-07T16:32:39+05:30
BEN-000758,Amol Siddharth Khan,2000-08-03,M,+91-000-5165071,"Flat 46, Building 170, Sahyadri Gardens, Jalgaon",Jalgaon,Maharashtra,425040,ACC-000243,SYNB0038398,INST-0075,2024-06-01T09:55:19+05:30
BEN-000883,Kavya Jay Singh,2002-04-27,F,+91-000-3915798,"Flat 37, Building 373, Sahyadri Gardens, Satara",Satara,Maharashtra,415054,ACC-000547,SYNB0042134,INST-0051,2023-06-27T16:12:47+05:30
BEN-000206,Zara Darshan Iyer,2006-06-15,F,+91-000-8185805,"Flat 17, Building 174, Uday Society, Satara",Satara,Maharashtra,415047,ACC-002810,SYNB0059974,INST-0055,2024-06-03T15:29:15+05:30
BEN-000414,Anjali Sahil Jain,2004-06-23,F,+91-000-3260294,"Flat 22, Building 301, Chaitra Vihar, Kolhapur",Kolhapur,Maharashtra,416067,ACC-002109,SYNB0020274,INST-0041,2023-06-26T12:47:23+05:30
BEN-000192,Nikhil Raj Reddy,2003-07-17,M,+91-000-7660764,"Flat 14, Building 116, Chaitra Vihar, Nanded",Nanded,Maharashtra,431080,ACC-001130,SYNB0021588,INST-0083,2023-06-26T14:42:12+05:30
BEN-000291,Ananya Yusuf Deshmukh,2004-10-06,F,+91-000-9387252,"Flat 55, Building 20, Tarang Nagar, Pune",Pune,Maharashtra,411065,ACC-002671,SYNB0063294,INST-0003,2023-06-05T12:12:34+05:30
BEN-000640,Rohit Kunal Shah,2004-07-09,M,+91-000-3120836,"Flat 40, Building 335, Chaitra Vihar, Mumbai",Mumbai,Maharashtra,400037,ACC-001003,SYNB0034397,INST-0040,2023-06-22T15:44:00+05:30
BEN-000008,Nikhil Ashwin Singh,2006-02-07,M,+91-000-3348838,"Flat 54, Building 193, Chaitra Vihar, Nashik",Nashik,Maharashtra,422082,ACC-001773,SYNB0016779,INST-0024,2023-06-11T10:38:11+05:30
BEN-000431,Radhika Akshay Banerjee,2004-12-07,F,+91-000-8670476,"Flat 47, Building 322, Uday Society, Nagpur",Nagpur,Maharashtra,440088,ACC-001326,SYNB0022204,INST-0015,2023-06-10T15:15:41+05:30
BEN-000263,Manish Sachin Iyer,2003-09-12,M,+91-000-5221936,"Flat 57, Building 6, Abhinav Colony, Pune",Pune,Maharashtra,411008,ACC-002444,SYNB0063820,INST-0001,2024-06-17T13:54:57+05:30
BEN-000064,Sameer Kunal Kale,2001-12-10,M,+91-000-9113963,"Flat 32, Building 106, Chaitra Vihar, Satara",Satara,Maharashtra,415024,ACC-002176,SYNB0049532,INST-0056,2024-06-24T11:14:08+05:30
BEN-000188,Aishwarya Rohan Iyer,2002-04-01,F,+91-000-7511121,"Flat 8, Building 14, Sahyadri Gardens, Nashik",Nashik,Maharashtra,422069,ACC-002980,SYNB0025739,INST-0023,2023-06-02T14:01:44+05:30
BEN-000711,Darshan Avinash Jadhav,2004-04-22,M,+91-000-7684074,"Flat 70, Building 222, Uday Society, Solapur",Solapur,Maharashtra,413065,ACC-002375,SYNB0030556,INST-0061,2025-06-09T11:42:49+05:30
BEN-000763,Nikhil Shaurya Patil,2006-07-08,X,+91-000-2098434,"Flat 30, Building 371, Sahyadri Gardens, Nashik",Nashik,Maharashtra,422061,ACC-001832,SYNB0048400,INST-0020,2025-07-04T14:20:34+05:30
BEN-000154,Shaurya Ishan Iyer,2000-07-21,X,+91-000-6698561,"Flat 63, Building 305, Neelkamal Nagar, Thane",Thane,Maharashtra,400061,ACC-000954,SYNB0056890,INST-0031,2023-06-25T11:51:01+05:30
BEN-000093,Akash Sahil Singh,2006-03-21,M,+91-000-5776085,"Flat 31, Building 371, Uday Society, Mumbai",Mumbai,Maharashtra,400092,ACC-000771,SYNB0051608,INST-0034,2024-06-25T11:23:59+05:30
BEN-000135,T. T. Fernandes,2003-02-22,X,+91-000-5210645,"Flat 34, Bldg 208, Abhinav Colony, Pune",Pune,Maharashtra,411094,ACC-001928,SYNB0062370,INST-0002,2024-07-04T14:55:41+05:30
BEN-000428,Akshay Darshan Suryawanshi,2004-02-14,M,+91-000-4828861,"Flat 55, Building 303, Kalpataru Enclave, Nagpur",Nagpur,Maharashtra,440053,ACC-001567,SYNB0051008,INST-0012,2023-06-09T10:09:04+05:30
BEN-000374,Shaurya Tushar Qureshi,2002-12-13,M,+91-000-7007679,"Flat 54, Building 345, Chaitra Vihar, Thane",Thane,Maharashtra,400061,ACC-000172,SYNB0057676,INST-0027,2023-06-14T11:34:15+05:30
BEN-000113,Ashwin Vedant Menon,2001-06-21,M,+91-000-5226314,"Flat 50, Building 348, Abhinav Colony, Kolhapur",Kolhapur,Maharashtra,416043,ACC-000585,SYNB0052810,INST-0043,2023-06-21T16:45:03+05:30
BEN-000812,Siddharth Mohan Nair,1999-08-03,M,+91-000-7838943,"Flat 25, Building 27, Abhinav Colony, Satara",Satara,Maharashtra,415027,ACC-000143,SYNB0033008,INST-0051,2023-06-06T10:34:51+05:30
BEN-000522,Siddharth Ashwin Kadam,2003-02-22,M,+91-000-1635626,"Flat 2, Building 347, Uday Society, Nagpur",Nagpur,Maharashtra,440020,ACC-001489,SYNB0032035,INST-0016,2024-06-23T10:37:10+05:30
BEN-000997,Mihir M Fernandes,2002-08-28,M,+91-000-7559766,"Flat 75, Building 170, Kalpataru Enclave, Nanded",Nanded,Maharashtra,431010,ACC-001045,SYNB0065998,INST-0088,2023-06-20T09:03:04+05:30
BEN-000756,Shreya H Jadhav,2003-09-06,F,+91-000-7559766,"Flat 55, Building 337, Kalpataru Enclave, Nanded",Nanded,Maharashtra,431010,ACC-001045,SYNB0065998,INST-0088,2023-06-17T09:24:42+05:30
BEN-000634,Pallavi Mohan Mishra,2006-11-20,F,+91-000-2249382,"Flat 30, Building 46, Tarang Nagar, Pune",Pune,Maharashtra,411026,ACC-002384,SYNB0020340,INST-0005,2025-06-11T09:27:11+05:30
BEN-000668,Harsh Avinash Patil,2002-09-10,X,+91-000-5417710,"Flat 19, Building 194, Suman Layout, Kolhapur",Kolhapur,Maharashtra,416021,ACC-001004,SYNB0034496,INST-0047,2023-06-24T11:26:46+05:30
BEN-000964,Darshan Aarav More,2004-02-17,M,+91-000-7534756,"Flat 25, Building 217, Abhinav Colony, Kolhapur",Kolhapur,Maharashtra,416055,ACC-001569,SYNB0016298,INST-0045,2023-06-20T13:33:25+05:30
BEN-000839,Tanvi Zaid Sawant,2005-08-09,F,+91-000-7092894,"Flat 56, Building 202, Suman Layout, Pune",Pune,Maharashtra,411020,ACC-000486,SYNB0056596,INST-0002,2023-06-23T14:19:34+05:30
BEN-000184,Vaishnavi Chirag Suryawanshi,2003-03-17,F,+91-000-6144785,"Flat 20, Building 228, Kalpataru Enclave, Nagpur",Nagpur,Maharashtra,440080,ACC-002370,SYNB0039405,INST-0009,2023-07-05T16:13:26+05:30
BEN-000448,Janhavi Rohan Singh,2003-04-10,F,+91-000-6931382,"Flat 32, Building 313, Abhinav Colony, Nanded",Nanded,Maharashtra,431044,ACC-000149,SYNB0049641,INST-0083,2023-06-21T14:24:06+05:30
BEN-000128,Simran Vikram Thomas,2002-02-06,F,+91-000-4784075,"Flat 28, Building 141, Tarang Nagar, Solapur",Solapur,Maharashtra,413053,ACC-001463,SYNB0063866,INST-0061,2025-06-04T13:27:48+05:30
BEN-000273,Janhavi Hemant Yadav,2002-07-01,F,+91-000-5888148,"Flat 15, Building 23, Kalpataru Enclave, Thane",Thane,Maharashtra,400099,ACC-001539,SYNB0012243,INST-0026,2025-07-03T10:06:58+05:30
BEN-000136,Juhi Atharva Reddy,2001-09-14,F,+91-000-5882155,"Flat 66, Building 171, Kalpataru Enclave, Satara",Satara,Maharashtra,415057,ACC-002602,SYNB0015807,INST-0053,2023-06-24T09:53:25+05:30
BEN-000617,Sanika Atharva Yadav,2003-05-15,F,+91-000-9059269,"Flat 80, Building 189, Neelkamal Nagar, Nashik",Nashik,Maharashtra,422025,ACC-000258,SYNB0068715,INST-0024,2024-06-06T09:43:47+05:30
BEN-000139,Prachi Soham Menon,2004-12-20,F,+91-000-9790972,"Flat 71, Building 226, Uday Society, Thane",Thane,Maharashtra,400065,ACC-000773,SYNB0054080,INST-0031,2024-06-20T15:16:06+05:30
BEN-000785,Sneha Aarav Shaikh,2006-04-09,F,+91-000-3556763,"Flat 11, Building 292, Kalpataru Enclave, Mumbai",Mumbai,Maharashtra,400073,ACC-000354,SYNB0029039,INST-0040,2023-06-03T09:26:14+05:30
BEN-000377,Sayali Omkar Pawar,2004-08-19,F,+91-000-5189194,"Flat 28, Building 274, Uday Society, Solapur",Solapur,Maharashtra,413015,ACC-002226,SYNB0055017,INST-0060,2024-06-25T14:06:14+05:30
BEN-000940,Manasi Sachin Ansari,2002-07-24,F,+91-000-6236326,"Flat 40, Building 397, Neelkamal Nagar, Mumbai",Mumbai,Maharashtra,400077,ACC-000619,SYNB0066353,INST-0039,2024-06-09T10:58:53+05:30
BEN-000288,Sayali Aniket Bhosale,2003-12-06,F,+91-000-8731522,"Flat 20, Building 304, Uday Society, Pune",Pune,Maharashtra,411015,ACC-000199,SYNB0052193,INST-0002,2023-06-21T16:52:14+05:30
BEN-000238,Fatima Sachin Deshmukh,2004-03-23,F,+91-000-5409875,"Flat 52, Building 317, Uday Society, Mumbai",Mumbai,Maharashtra,400093,ACC-000968,SYNB0044388,INST-0035,2023-07-04T14:12:04+05:30
BEN-000709,Manasi Akshay Gupta,2003-10-15,F,+91-000-8935405,"Flat 53, Building 322, Abhinav Colony, Kolhapur",Kolhapur,Maharashtra,416007,ACC-002362,SYNB0042904,INST-0046,2025-06-15T14:48:09+05:30
BEN-000541,Chirag Vishal Kadam,2004-05-16,M,+91-000-9151398,"Flat 53, Building 370, Chaitra Vihar, Mumbai",Mumbai,Maharashtra,400057,ACC-001915,SYNB0042296,INST-0033,2024-06-19T10:00:45+05:30
BEN-000645,Siddharth Atharva Salunkhe,2004-06-05,M,+91-000-4532148,"Flat 8, Building 40, Uday Society, Satara",Satara,Maharashtra,415078,ACC-000481,SYNB0013502,INST-0050,2023-06-08T16:55:35+05:30
BEN-000109,Jay Sameer Jain,2002-07-06,M,+91-000-3371859,"Flat 45, Building 380, Suman Layout, Nashik",Nashik,Maharashtra,422062,ACC-001067,SYNB0051624,INST-0019,2025-06-17T09:05:11+05:30
BEN-000579,Tanvi Chirag Sawant,2002-04-14,F,+91-000-1312392,"Flat 12, Building 371, Sahyadri Gardens, Thane",Thane,Maharashtra,400020,ACC-000987,SYNB0024937,INST-0030,2023-06-01T13:20:41+05:30
BEN-000088,Dev Tanmay Khan,2002-07-22,M,+91-000-2647562,"Flat 78, Building 97, Neelkamal Nagar, Mumbai",Mumbai,Maharashtra,400019,ACC-002084,SYNB0015082,INST-0034,2023-06-28T11:13:56+05:30
BEN-000284,Vikram Zaid Kadam,2000-04-10,M,+91-000-4900918,"Flat 52, Building 321, Chaitra Vihar, Nanded",Nanded,Maharashtra,431034,ACC-001941,SYNB0031793,INST-0086,2024-06-02T16:07:46+05:30
BEN-000340,Meera Sahil Nair,2002-05-28,F,+91-000-8428425,"Flat 37, Building 305, Sahyadri Gardens, Pune",Pune,Maharashtra,411041,ACC-000994,SYNB0051032,INST-0006,2023-06-16T14:09:07+05:30
BEN-000103,Sanjay Jay Kadam,2003-04-14,X,+91-000-2154992,"Flat 77, Building 143, Chaitra Vihar, Nagpur",Nagpur,Maharashtra,440099,ACC-001499,SYNB0026572,INST-0014,2024-06-07T15:02:45+05:30
BEN-000752,Ayesha Shaurya Pawar,2002-12-25,F,+91-000-9668165,"Flat 66, Building 298, Chaitra Vihar, Nashik",Nashik,Maharashtra,422028,ACC-000648,SYNB0019979,INST-0023,2023-06-03T14:58:50+05:30
BEN-000505,Deepa Mihir Joshi,2004-11-03,F,+91-000-3617171,"Flat 10, Building 80, Neelkamal Nagar, Nagpur",Nagpur,Maharashtra,440001,ACC-002764,SYNB0035071,INST-0012,2025-06-05T16:05:15+05:30
BEN-000618,Vidya Akshay Kulkarni,2005-03-12,F,+91-000-9977469,"Flat 76, Building 133, Tarang Nagar, Pune",Pune,Maharashtra,411082,ACC-002900,SYNB0031819,INST-0006,2023-06-03T12:59:14+05:30
BEN-000917,Tushar Tushar Dsouza,2002-05-11,M,+91-000-2315459,"Flat 1, Building 96, Abhinav Colony, Nagpur",Nagpur,Maharashtra,440057,ACC-002030,SYNB0069372,INST-0010,2023-06-13T16:11:11+05:30
BEN-000852,T. S. Qureshi,2001-01-14,M,+91-000-6026630,"Flat 63, Bldg 292, Kalpataru Enclave, Solapur",Solapur,Maharashtra,413083,ACC-001373,SYNB0068274,INST-0057,2023-06-26T14:11:56+05:30
BEN-000335,Tushar Vedant Qureshi,2003-07-22,M,+91-000-6964596,"Flat 67, Building 149, Uday Society, Jalgaon",Jalgaon,Maharashtra,425022,ACC-000331,SYNB0021560,INST-0077,2024-06-25T11:31:14+05:30
BEN-000102,Ankita Nikhil Verma,2004-11-19,F,+91-000-9575399,"Flat 16, Building 344, Sahyadri Gardens, Kolhapur",Kolhapur,Maharashtra,416017,ACC-001209,SYNB0024145,INST-0041,2024-06-15T11:16:31+05:30
BEN-000991,Dev Mohan Suryawanshi,2004-02-25,M,+91-000-7524435,"Flat 10, Building 339, Tarang Nagar, Pune",Pune,Maharashtra,411060,ACC-002155,SYNB0065357,INST-0004,2023-06-19T15:01:35+05:30
BEN-000984,Ayesha Vikram Jain,2005-12-20,F,+91-000-5951637,"Flat 31, Building 259, Neelkamal Nagar, Satara",Satara,Maharashtra,415013,ACC-000768,SYNB0055699,INST-0049,2023-07-04T10:58:30+05:30
BEN-000385,Gaurav Akshay Jain,2005-02-26,M,+91-000-6291817,"Flat 71, Building 296, Uday Society, Nagpur",Nagpur,Maharashtra,440071,ACC-001880,SYNB0039015,INST-0013,2024-06-07T12:40:26+05:30
BEN-000225,Aditya Ishan Reddy,2003-03-10,M,+91-000-9111841,"Flat 14, Building 243, Kalpataru Enclave, Thane",Thane,Maharashtra,400098,ACC-001625,SYNB0019900,INST-0031,2023-07-04T16:24:00+05:30
BEN-000421,Rohit Tushar Dsouza,2003-07-15,M,+91-000-8486336,"Flat 4, Building 287, Kalpataru Enclave, Mumbai",Mumbai,Maharashtra,400099,ACC-000632,SYNB0045804,INST-0039,2023-06-06T15:52:47+05:30
BEN-000527,Ishan Kunal Dsouza,2002-10-02,M,+91-000-1614990,"Flat 51, Building 153, Tarang Nagar, Solapur",Solapur,Maharashtra,413064,ACC-000924,SYNB0041307,INST-0058,2024-06-24T14:37:29+05:30
BEN-000796,Harsh Gaurav Kadam,2004-09-22,M,+91-000-4085098,"Flat 76, Building 305, Uday Society, Thane",Thane,Maharashtra,400075,ACC-000522,SYNB0037159,INST-0026,2023-06-29T16:20:44+05:30
BEN-000094,Harsh Mihir Khot,2000-01-11,M,+91-000-2228898,"Flat 25, Building 349, Neelkamal Nagar, Solapur",Solapur,Maharashtra,413029,ACC-002783,SYNB0021498,INST-0058,2023-06-11T15:35:24+05:30
BEN-000765,Madhura Aniket Wagh,2005-10-16,F,+91-000-2743602,"Flat 4, Building 96, Sahyadri Gardens, Mumbai",Mumbai,Maharashtra,400009,ACC-001782,SYNB0019059,INST-0039,2023-06-19T10:52:26+05:30
BEN-000978,Akash Yash Chavan,2002-06-08,M,+91-000-6880713,"Flat 27, Building 104, Uday Society, Pune",Pune,Maharashtra,411021,ACC-002049,SYNB0055711,INST-0007,2025-06-18T11:07:14+05:30
BEN-000326,Rohit Vikram Naik,2005-11-11,M,+91-000-1940167,"Flat 19, Building 292, Uday Society, Thane",Thane,Maharashtra,400049,ACC-002464,SYNB0050460,INST-0025,2023-06-10T16:19:28+05:30
BEN-000162,Ankita Harsh Naik,2006-11-24,F,+91-000-3622672,"Flat 49, Building 398, Neelkamal Nagar, Satara",Satara,Maharashtra,415060,ACC-001023,SYNB0044960,INST-0055,2024-06-18T14:45:20+05:30
BEN-000886,Tushar Tejas Fernandes,2003-02-22,X,+91-000-5210645,"Flat 34, Building 208, Abhinav Colony, Pune",Pune,Maharashtra,411094,ACC-000614,SYNB0015490,INST-0002,2024-07-04T14:55:41+05:30
BEN-000193,Sameer Rohit Bhosale,2006-08-22,M,+91-000-4532803,"Flat 7, Building 137, Kalpataru Enclave, Nagpur",Nagpur,Maharashtra,440076,ACC-002231,SYNB0046425,INST-0014,2024-06-15T15:29:36+05:30
BEN-000676,Vijay Ishan Bhosale,2002-07-12,M,+91-000-2678477,"Flat 41, Building 254, Suman Layout, Pune",Pune,Maharashtra,411062,ACC-000108,SYNB0015293,INST-0007,2025-06-22T10:15:29+05:30
BEN-000963,Kunal Sachin Mishra,2004-11-07,M,+91-000-3316405,"Flat 37, Building 165, Abhinav Colony, Mumbai",Mumbai,Maharashtra,400058,ACC-000211,SYNB0058716,INST-0036,2024-06-19T14:42:03+05:30
BEN-000353,Shruti Ashwin Singh,2003-11-11,F,+91-000-9111841,"Flat 14, Building 243, Kalpataru Enclave, Thane",Thane,Maharashtra,400098,ACC-001625,SYNB0019900,INST-0031,2023-07-04T16:25:30+05:30
BEN-000039,Riya Dhruv Patil,2002-02-11,F,+91-000-2533463,"Flat 24, Building 63, Tarang Nagar, Solapur",Solapur,Maharashtra,413089,ACC-001881,SYNB0039091,INST-0061,2023-06-27T11:58:25+05:30
BEN-000723,Nikhil Raj Verma,2005-10-10,M,+91-000-8995004,"Flat 24, Building 327, Sahyadri Gardens, Nagpur",Nagpur,Maharashtra,440082,ACC-000373,SYNB0043214,INST-0011,2023-07-05T15:43:47+05:30
BEN-000019,Supriya Karan Salunkhe,2006-01-07,F,+91-000-3260430,"Flat 72, Building 280, Kalpataru Enclave, Jalgaon",Jalgaon,Maharashtra,425018,ACC-002372,SYNB0030703,INST-0080,2025-06-14T09:04:31+05:30
BEN-000829,Kavya Rohan Deshmukh,2004-05-21,F,+91-000-4353806,"Flat 61, Building 356, Neelkamal Nagar, Kolhapur",Kolhapur,Maharashtra,416048,ACC-001759,SYNB0055928,INST-0041,2024-06-17T10:28:56+05:30
BEN-000939,Aarav Manish Khan,2004-12-12,M,+91-000-7115185,"Flat 17, Building 360, Neelkamal Nagar, Nashik",Nashik,Maharashtra,422043,ACC-000270,SYNB0048196,INST-0023,2023-07-03T09:55:09+05:30
BEN-000713,Sachin Ramesh Thomas,2005-09-04,M,+91-000-1277874,"Flat 64, Building 108, Abhinav Colony, Pune",Pune,Maharashtra,411063,ACC-002457,SYNB0023747,INST-0005,2025-06-04T11:39:59+05:30
BEN-000498,Aarav Yusuf Patil,2002-12-03,M,+91-000-9173698,"Flat 26, Building 72, Tarang Nagar, Pune",Pune,Maharashtra,411098,ACC-000498,SYNB0018887,INST-0008,2024-06-11T11:47:52+05:30
BEN-000801,Prachi Sameer Reddy,2003-11-22,F,+91-000-9955411,"Flat 63, Building 315, Neelkamal Nagar, Pune",Pune,Maharashtra,411047,ACC-002136,SYNB0059270,INST-0001,2023-06-24T16:18:27+05:30
BEN-000567,Supriya Darshan Kulkarni,2002-06-01,F,+91-000-2060950,"Flat 75, Building 121, Tarang Nagar, Jalgaon",Jalgaon,Maharashtra,425063,ACC-000629,SYNB0031405,INST-0074,2023-06-01T09:33:20+05:30
BEN-000858,Aniket Suraj Singh,2004-09-12,M,+91-000-6749069,"Flat 39, Building 150, Chaitra Vihar, Pune",Pune,Maharashtra,411058,ACC-000549,SYNB0055658,INST-0008,2023-06-02T10:25:08+05:30
BEN-000459,Aniket Tejas Gupta,2006-05-19,M,+91-000-2275551,"Flat 72, Building 281, Chaitra Vihar, Jalgaon",Jalgaon,Maharashtra,425081,ACC-000153,SYNB0036097,INST-0078,2025-07-04T10:24:58+05:30
BEN-000231,Varun Rohan Gupta,2005-07-17,M,+91-000-8765307,"Flat 43, Building 59, Abhinav Colony, Mumbai",Mumbai,Maharashtra,400059,ACC-001909,SYNB0046724,INST-0039,2023-06-24T10:36:36+05:30
BEN-000733,Kunal Manish Mishra,2005-02-02,M,+91-000-9347489,"Flat 8, Building 238, Abhinav Colony, Nagpur",Nagpur,Maharashtra,440029,ACC-002691,SYNB0014700,INST-0009,2024-06-17T12:52:54+05:30
BEN-000521,Sanika Shaurya Thomas,2004-05-26,F,+91-000-3705263,"Flat 79, Building 343, Tarang Nagar, Nagpur",Nagpur,Maharashtra,440027,ACC-000655,SYNB0039432,INST-0011,2024-06-01T16:07:49+05:30
BEN-000334,Aniket Yusuf Verma,2000-09-21,M,+91-000-3800292,"Flat 32, Building 91, Tarang Nagar, Pune",Pune,Maharashtra,411037,ACC-001738,SYNB0041844,INST-0004,2023-06-22T15:34:46+05:30
BEN-000696,Farhan Pranav Shah,2004-11-09,M,+91-000-8364728,"Flat 37, Building 387, Abhinav Colony, Thane",Thane,Maharashtra,400009,ACC-000710,SYNB0033945,INST-0025,2024-06-05T13:29:44+05:30
BEN-000556,Nidhi Tanmay Naik,2001-09-24,F,+91-000-3640018,"Flat 54, Building 11, Kalpataru Enclave, Nashik",Nashik,Maharashtra,422096,ACC-001096,SYNB0024424,INST-0019,2025-06-07T15:41:53+05:30
BEN-000870,Simran Tejas Chavan,2003-02-03,F,+91-000-9663280,"Flat 53, Building 216, Abhinav Colony, Solapur",Solapur,Maharashtra,413074,ACC-001903,SYNB0054265,INST-0064,2024-06-13T10:38:15+05:30
BEN-000644,Tanmay Vishal Chavan,2002-08-28,M,+91-000-3976712,"Flat 18, Building 134, Abhinav Colony, Satara",Satara,Maharashtra,415088,ACC-000425,SYNB0056723,INST-0054,2024-06-19T10:48:29+05:30
BEN-000278,Madhura Suraj Ingale,2001-02-16,F,+91-000-5358202,"Flat 77, Building 248, Abhinav Colony, Nagpur",Nagpur,Maharashtra,440007,ACC-002669,SYNB0018394,INST-0012,2025-07-04T16:34:56+05:30
BEN-000321,Sakshi Rahul Banerjee,2000-08-05,F,+91-000-1163448,"Flat 52, Building 391, Suman Layout, Nashik",Nashik,Maharashtra,422086,ACC-002164,SYNB0054613,INST-0019,2023-06-09T12:08:10+05:30
BEN-000307,Diya Rohan Patil,2002-02-25,F,+91-000-2563468,"Flat 56, Building 345, Uday Society, Kolhapur",Kolhapur,Maharashtra,416013,ACC-002503,SYNB0038349,INST-0048,2024-06-22T14:48:22+05:30
BEN-000382,Ishan Vedant Shinde,2002-02-12,M,+91-000-3286742,"Flat 51, Building 82, Sahyadri Gardens, Pune",Pune,Maharashtra,411073,ACC-000612,SYNB0045900,INST-0003,2023-06-01T14:24:26+05:30
BEN-000524,Pallavi Tejas Jain,2001-12-20,F,+91-000-2118702,"Flat 64, Building 397, Sahyadri Gardens, Solapur",Solapur,Maharashtra,413070,ACC-001108,SYNB0031441,INST-0058,2024-07-04T10:20:08+05:30
BEN-000586,Meera Ishan Shah,2006-05-07,M,+91-000-2396732,"Flat 67, Building 79, Neelkamal Nagar, Jalgaon",Jalgaon,Maharashtra,425047,ACC-001360,SYNB0056695,INST-0076,2023-06-25T15:26:11+05:30
BEN-000050,Aparna Sameer Khot,2000-12-24,F,+91-000-3585897,"Flat 23, Building 103, Abhinav Colony, Thane",Thane,Maharashtra,400073,ACC-002039,SYNB0052349,INST-0031,2024-06-05T12:11:36+05:30
BEN-000173,Yash Sachin Joshi,2001-01-26,M,+91-000-2196955,"Flat 72, Building 350, Suman Layout, Jalgaon",Jalgaon,Maharashtra,425081,ACC-000738,SYNB0024622,INST-0075,2023-06-22T16:49:35+05:30
BEN-000585,Prachi Dhruv Khan,2002-10-16,F,+91-000-3246154,"Flat 67, Building 222, Neelkamal Nagar, Nanded",Nanded,Maharashtra,431024,ACC-002257,SYNB0026598,INST-0085,2023-06-16T10:00:39+05:30
BEN-000476,Radhika Madhav Mishra,2005-03-03,F,+91-000-7268704,"Flat 22, Building 304, Suman Layout, Jalgaon",Jalgaon,Maharashtra,425040,ACC-002395,SYNB0058898,INST-0075,2024-06-26T09:25:21+05:30
BEN-000203,Riya Rahul Thomas,2004-02-10,F,+91-000-2007511,"Flat 29, Building 108, Suman Layout, Thane",Thane,Maharashtra,400018,ACC-000926,SYNB0029708,INST-0029,2025-06-25T14:43:34+05:30
BEN-000298,Akshay Ramesh Khot,2005-08-18,M,+91-000-3843451,"Flat 19, Building 140, Chaitra Vihar, Pune",Pune,Maharashtra,411063,ACC-001143,SYNB0020051,INST-0006,2023-07-05T10:49:15+05:30
BEN-000009,Siddharth Rohan Shaikh,2005-02-24,M,+91-000-9444462,"Flat 57, Building 399, Sahyadri Gardens, Pune",Pune,Maharashtra,411076,ACC-001146,SYNB0050158,INST-0008,2024-06-01T11:17:29+05:30
BEN-000151,Swara Vikram Dsouza,2002-05-25,F,+91-000-5944490,"Flat 61, Building 231, Kalpataru Enclave, Nagpur",Nagpur,Maharashtra,440033,ACC-002449,SYNB0053645,INST-0010,2024-06-15T15:31:49+05:30
BEN-000798,Omkar Hemant Yadav,2005-09-22,M,+91-000-7159129,"Flat 54, Building 65, Sahyadri Gardens, Kolhapur",Kolhapur,Maharashtra,416060,ACC-000645,SYNB0057012,INST-0047,2024-06-04T09:05:16+05:30
BEN-000694,Omkar Dhruv Sawant,2005-11-27,M,+91-000-8596173,"Flat 6, Building 391, Chaitra Vihar, Thane",Thane,Maharashtra,400020,ACC-002442,SYNB0040056,INST-0032,2023-07-05T09:34:20+05:30
BEN-000954,Fatima Sameer Kulkarni,2003-11-09,F,+91-000-7213902,"Flat 72, Building 272, Uday Society, Pune",Pune,Maharashtra,411089,ACC-002285,SYNB0044018,INST-0001,2023-06-09T16:01:40+05:30
BEN-000654,Darshan Shaurya Nair,2000-04-27,M,+91-000-2328918,"Flat 70, Building 142, Neelkamal Nagar, Kolhapur",Kolhapur,Maharashtra,416080,ACC-000212,SYNB0021956,INST-0047,2025-06-26T10:28:35+05:30
BEN-000269,Aishwarya Vikram Thomas,2006-01-05,F,+91-000-4171246,"Flat 5, Building 122, Abhinav Colony, Thane",Thane,Maharashtra,400051,ACC-002903,SYNB0060787,INST-0030,2024-06-01T14:12:26+05:30
BEN-000097,Rahul Sachin Kadam,2003-07-09,M,+91-000-9424968,"Flat 40, Building 98, Kalpataru Enclave, Mumbai",Mumbai,Maharashtra,400032,ACC-000383,SYNB0035716,INST-0039,2025-06-08T12:56:43+05:30
BEN-000067,Hemant Madhav Jadhav,2002-04-16,X,+91-000-9280890,"Flat 26, Building 20, Suman Layout, Thane",Thane,Maharashtra,400035,ACC-001696,SYNB0016664,INST-0031,2023-06-12T13:13:37+05:30
BEN-000375,Amol Raj Shinde,2005-04-20,M,+91-000-5176895,"Flat 20, Building 181, Neelkamal Nagar, Jalgaon",Jalgaon,Maharashtra,425076,ACC-002465,SYNB0044774,INST-0077,2024-06-23T10:37:19+05:30
BEN-000074,Shaurya Hemant Khot,2001-01-27,M,+91-000-7978168,"Flat 48, Building 133, Chaitra Vihar, Pune",Pune,Maharashtra,411016,ACC-000783,SYNB0036927,INST-0001,2025-06-08T13:05:04+05:30
BEN-000951,Pooja Hemant Jadhav,2004-10-23,F,+91-000-7640569,"Flat 16, Building 25, Sahyadri Gardens, Pune",Pune,Maharashtra,411035,ACC-000395,SYNB0011852,INST-0005,2024-06-20T11:23:39+05:30
BEN-000484,Vidya Dhruv Joshi,2004-10-02,F,+91-000-1524686,"Flat 11, Building 46, Uday Society, Nagpur",Nagpur,Maharashtra,440005,ACC-001515,SYNB0057320,INST-0009,2024-06-14T11:42:38+05:30
BEN-000720,Karan Omkar Shaikh,2003-12-05,M,+91-000-4978534,"Flat 48, Building 370, Suman Layout, Kolhapur",Kolhapur,Maharashtra,416028,ACC-000255,SYNB0020340,INST-0042,2023-06-20T16:05:03+05:30
BEN-000766,Aditya Sahil Kadam,2003-02-25,M,+91-000-1252794,"Flat 29, Building 1, Sahyadri Gardens, Mumbai",Mumbai,Maharashtra,400086,ACC-002058,SYNB0038760,INST-0033,2025-06-22T13:23:29+05:30
BEN-000423,Fatima Gaurav Dsouza,2004-09-09,F,+91-000-9116148,"Flat 3, Building 311, Kalpataru Enclave, Pune",Pune,Maharashtra,411072,ACC-001944,SYNB0061337,INST-0001,2023-06-24T09:52:09+05:30
BEN-000710,Ramesh Atharva Jadhav,2002-04-17,M,+91-000-2519244,"Flat 65, Building 86, Abhinav Colony, Pune",Pune,Maharashtra,411013,ACC-001241,SYNB0019295,INST-0002,2024-06-20T16:19:01+05:30
BEN-000419,Rahul Omkar Menon,2002-10-10,M,+91-000-2853280,"Flat 61, Building 240, Neelkamal Nagar, Nanded",Nanded,Maharashtra,431085,ACC-000797,SYNB0048367,INST-0083,2025-06-04T14:49:02+05:30
BEN-000068,Aarav Raj Thomas,2004-06-21,M,+91-000-7290752,"Flat 4, Building 233, Chaitra Vihar, Kolhapur",Kolhapur,Maharashtra,416076,ACC-001204,SYNB0047015,INST-0044,2025-06-07T09:56:04+05:30
BEN-000489,Sanika Vikram More,2006-01-14,F,+91-000-2901507,"Flat 64, Building 88, Tarang Nagar, Pune",Pune,Maharashtra,411018,ACC-001189,SYNB0023234,INST-0007,2023-06-26T09:05:03+05:30
BEN-000764,Zara Raj Kale,2006-09-16,F,+91-000-8360481,"Flat 27, Building 195, Suman Layout, Jalgaon",Jalgaon,Maharashtra,425018,ACC-002698,SYNB0041142,INST-0080,2025-06-06T10:58:31+05:30
BEN-000149,Neha Gaurav Banerjee,2000-08-03,F,+91-000-5358838,"Flat 56, Building 304, Chaitra Vihar, Solapur",Solapur,Maharashtra,413088,ACC-001411,SYNB0019331,INST-0057,2023-06-01T13:24:15+05:30
BEN-000902,Zaid Kunal Verma,2003-04-06,M,+91-000-9178787,"Flat 42, Building 335, Chaitra Vihar, Nanded",Nanded,Maharashtra,431024,ACC-002564,SYNB0014968,INST-0085,2023-07-05T10:50:58+05:30
BEN-000962,Tanmay Aniket Iyer,2002-05-08,M,+91-000-3612506,"Flat 19, Building 291, Tarang Nagar, Nagpur",Nagpur,Maharashtra,440053,ACC-001562,SYNB0055117,INST-0012,2024-06-27T12:08:12+05:30
BEN-000207,Rahul Siddharth Kale,2004-12-22,M,+91-000-5325497,"Flat 49, Building 87, Suman Layout, Mumbai",Mumbai,Maharashtra,400027,ACC-000412,SYNB0032368,INST-0036,2024-06-21T12:12:55+05:30
BEN-000849,Shreya Aditya Shinde,2000-12-24,F,+91-000-1707762,"Flat 22, Building 362, Kalpataru Enclave, Satara",Satara,Maharashtra,415008,ACC-002072,SYNB0027078,INST-0049,2023-06-23T10:47:25+05:30
BEN-000413,Deepa Manish Iyer,2004-07-17,F,+91-000-9181277,"Flat 9, Building 90, Abhinav Colony, Thane",Thane,Maharashtra,400046,ACC-000333,SYNB0053454,INST-0030,2023-06-30T15:30:35+05:30
BEN-000923,Pooja Yusuf Jadhav,2004-05-28,M,+91-000-7640564,"Flat 22, Building 57, Sahyadri Gardens, Pune",Pune,Maharashtra,411035,ACC-000569,SYNB0026304,INST-0005,2024-06-20T11:19:54+05:30
BEN-000610,Dhruv Mohan Fernandes,2003-04-01,M,+91-000-1723841,"Flat 76, Building 159, Chaitra Vihar, Kolhapur",Kolhapur,Maharashtra,416013,ACC-000778,SYNB0020175,INST-0046,2023-06-17T13:34:35+05:30
BEN-000214,Rahul Siddharth Mishra,2005-02-10,M,+91-000-2070258,"Flat 10, Building 110, Neelkamal Nagar, Latur",Latur,Maharashtra,413076,ACC-002330,SYNB0016962,INST-0092,2023-06-23T15:01:05+05:30
BEN-000648,Sahil Rohit Verma,2005-02-18,M,+91-000-4936391,"Flat 52, Building 134, Uday Society, Nanded",Nanded,Maharashtra,431069,ACC-000094,SYNB0038327,INST-0083,2023-06-11T15:53:52+05:30
BEN-000248,Radhika Karan Gupta,2004-06-25,F,+91-000-5172867,"Flat 19, Building 153, Tarang Nagar, Thane",Thane,Maharashtra,400046,ACC-002180,SYNB0043774,INST-0025,2024-06-08T16:35:04+05:30
BEN-000913,Gaurav Omkar Menon,1999-12-08,M,+91-000-8627651,"Flat 8, Building 40, Kalpataru Enclave, Nagpur",Nagpur,Maharashtra,440017,ACC-002040,SYNB0050751,INST-0016,2025-06-12T11:34:20+05:30
BEN-000702,Janhavi Sahil Gawande,2005-10-10,F,+91-000-6805039,"Flat 22, Building 1, Kalpataru Enclave, Mumbai",Mumbai,Maharashtra,400062,ACC-002033,SYNB0057402,INST-0037,2023-06-17T16:38:28+05:30
BEN-000904,Tushar Yash Pawar,2002-05-23,M,+91-000-7830585,"Flat 73, Building 199, Kalpataru Enclave, Satara",Satara,Maharashtra,415033,ACC-001963,SYNB0057282,INST-0050,2023-07-04T13:28:12+05:30
BEN-000625,Vikram Rohan Yadav,2004-10-03,M,+91-000-3962978,"Flat 34, Building 12, Suman Layout, Pune",Pune,Maharashtra,411068,ACC-001482,SYNB0040782,INST-0005,2025-06-05T10:46:38+05:30
BEN-000124,Rohan Kunal More,2004-08-27,M,+91-000-6562703,"Flat 17, Building 325, Tarang Nagar, Jalgaon",Jalgaon,Maharashtra,425082,ACC-002787,SYNB0066659,INST-0074,2023-06-03T10:59:23+05:30
BEN-000731,Gauri Soham Suryawanshi,2006-02-26,F,+91-000-3829301,"Flat 2, Building 74, Uday Society, Amravati",Amravati,Maharashtra,444081,ACC-002917,SYNB0012497,INST-0070,2024-07-02T09:51:23+05:30
BEN-000328,Omkar Tejas Kadam,2003-03-03,M,+91-000-4163696,"Flat 33, Building 237, Tarang Nagar, Nagpur",Nagpur,Maharashtra,440004,ACC-001591,SYNB0012318,INST-0011,2024-06-01T13:02:59+05:30
BEN-000406,Yusuf Dhruv Sawant,2002-07-21,M,+91-000-6373956,"Flat 32, Building 24, Sahyadri Gardens, Mumbai",Mumbai,Maharashtra,400032,ACC-001827,SYNB0056197,INST-0039,2024-06-10T11:58:57+05:30
BEN-000386,Rohit Darshan Kadam,2004-08-27,M,+91-000-9958741,"Flat 76, Building 275, Abhinav Colony, Solapur",Solapur,Maharashtra,413014,ACC-002244,SYNB0010230,INST-0060,2025-06-17T13:43:40+05:30
BEN-000882,Priya Darshan Shah,2000-11-23,F,+91-000-8704520,"Flat 60, Building 196, Chaitra Vihar, Solapur",Solapur,Maharashtra,413096,ACC-002612,SYNB0028292,INST-0063,2023-06-13T12:36:38+05:30
BEN-000473,Ananya Aniket Patil,2005-12-21,F,+91-000-4666931,"Flat 20, Building 27, Kalpataru Enclave, Thane",Thane,Maharashtra,400061,ACC-001627,SYNB0028854,INST-0027,2023-06-03T10:12:53+05:30
BEN-000595,Prachi Harsh Shaikh,2006-05-24,F,+91-000-8050508,"Flat 29, Building 158, Uday Society, Jalgaon",Jalgaon,Maharashtra,425010,ACC-000598,SYNB0034289,INST-0077,2025-06-08T12:36:00+05:30
BEN-000680,Aishwarya Mohan Khan,2006-06-25,F,+91-000-5519920,"Flat 38, Building 22, Abhinav Colony, Nagpur",Nagpur,Maharashtra,440052,ACC-000485,SYNB0066388,INST-0012,2023-06-24T12:05:38+05:30
BEN-000343,Diya Zaid Iyer,2002-01-22,F,+91-000-5192561,"Flat 13, Building 264, Abhinav Colony, Jalgaon",Jalgaon,Maharashtra,425022,ACC-002434,SYNB0035435,INST-0080,2025-06-11T09:00:39+05:30
BEN-000975,Vijay Raj Qureshi,2003-12-14,M,+91-000-2923047,"Flat 6, Building 66, Sahyadri Gardens, Pune",Pune,Maharashtra,411043,ACC-000483,SYNB0054056,INST-0002,2023-06-24T12:07:23+05:30
BEN-000197,Pooja Rohit Jadhav,2002-09-16,M,+91-000-7640566,"Flat 22, Building 57, Sahyadri Gardens, Pune",Pune,Maharashtra,411035,ACC-000569,SYNB0026304,INST-0005,2024-06-20T11:21:24+05:30
BEN-000735,Radhika Suraj Dsouza,2002-04-18,F,+91-000-2375290,"Flat 32, Building 372, Suman Layout, Solapur",Solapur,Maharashtra,413099,ACC-000746,SYNB0023928,INST-0061,2024-06-04T11:30:10+05:30
BEN-000471,Ishan Tejas Reddy,2003-01-02,M,+91-000-4407238,"Flat 11, Building 161, Uday Society, Pune",Pune,Maharashtra,411009,ACC-001039,SYNB0020692,INST-0007,2025-06-24T15:06:49+05:30
BEN-000332,Ankita Ishan Fernandes,2002-01-06,F,+91-000-4704207,"Flat 6, Building 1, Kalpataru Enclave, Thane",Thane,Maharashtra,400085,ACC-002736,SYNB0035752,INST-0030,2024-06-14T11:35:49+05:30
BEN-000372,Pranav Amol Yadav,2003-01-06,M,+91-000-4042682,"Flat 77, Building 141, Abhinav Colony, Thane",Thane,Maharashtra,400038,ACC-002221,SYNB0048582,INST-0025,2025-06-04T16:13:50+05:30
BEN-000449,Riya Farhan Shinde,2004-05-09,F,+91-000-5641917,"Flat 23, Building 43, Abhinav Colony, Nashik",Nashik,Maharashtra,422009,ACC-000514,SYNB0020376,INST-0021,2025-06-26T09:44:37+05:30
BEN-000938,Sana Sahil Jadhav,2002-09-22,F,+91-000-4796608,"Flat 22, Building 379, Sahyadri Gardens, Thane",Thane,Maharashtra,400088,ACC-002776,SYNB0051701,INST-0030,2024-07-02T10:03:51+05:30
BEN-000793,Akash Nikhil Yadav,2003-07-27,M,+91-000-5078362,"Flat 48, Building 85, Uday Society, Pune",Pune,Maharashtra,411005,ACC-000610,SYNB0035619,INST-0007,2025-06-10T16:10:01+05:30
BEN-000637,Manish Dhruv Bhosale,2003-06-19,M,+91-000-5413951,"Flat 58, Building 244, Chaitra Vihar, Pune",Pune,Maharashtra,411091,ACC-002056,SYNB0025040,INST-0003,2025-06-19T11:45:36+05:30
BEN-000411,Janhavi Amol Suryawanshi,2004-10-04,F,+91-000-1414493,"Flat 11, Building 32, Kalpataru Enclave, Pune",Pune,Maharashtra,411049,ACC-000740,SYNB0057185,INST-0006,2024-06-05T16:07:25+05:30
BEN-000643,Soham Aniket Shinde,2002-07-07,M,+91-000-4819259,"Flat 5, Building 122, Tarang Nagar, Solapur",Solapur,Maharashtra,413095,ACC-002778,SYNB0026137,INST-0062,2024-06-09T11:31:53+05:30
BEN-000593,Fatima Ishan Sawant,2003-02-16,F,+91-000-1938047,"Flat 46, Building 297, Chaitra Vihar, Nashik",Nashik,Maharashtra,422045,ACC-002879,SYNB0024833,INST-0024,2023-06-11T09:20:03+05:30
BEN-000732,Farhan Akash Bhosale,2004-10-13,M,+91-000-2576392,"Flat 30, Building 224, Sahyadri Gardens, Nanded",Nanded,Maharashtra,431060,ACC-000027,SYNB0055206,INST-0083,2023-06-27T10:34:07+05:30
BEN-000821,Mohan Akshay Joshi,2003-05-04,M,+91-000-8057906,"Flat 61, Building 69, Neelkamal Nagar, Nashik",Nashik,Maharashtra,422042,ACC-002883,SYNB0015615,INST-0023,2023-06-10T16:57:17+05:30
BEN-000063,Meera Yash Shah,2004-01-21,F,+91-000-2396725,"Flat 24, Building 30, Tarang Nagar, Jalgaon",Jalgaon,Maharashtra,425047,ACC-000463,SYNB0030808,INST-0076,2023-06-25T15:20:56+05:30
BEN-000695,Sonali Rohit Verma,2002-05-22,F,+91-000-4653880,"Flat 56, Building 322, Kalpataru Enclave, Nashik",Nashik,Maharashtra,422098,ACC-000049,SYNB0052663,INST-0024,2023-06-20T10:14:32+05:30
BEN-000089,Darshan Gaurav Reddy,2004-03-04,M,+91-000-7907781,"Flat 78, Building 372, Abhinav Colony, Pune",Pune,Maharashtra,411009,ACC-000995,SYNB0012965,INST-0006,2023-07-04T16:09:05+05:30
BEN-000877,Pranav Shaurya Shaikh,2004-11-22,M,+91-000-4535025,"Flat 26, Building 40, Abhinav Colony, Nashik",Nashik,Maharashtra,422014,ACC-001017,SYNB0036608,INST-0020,2025-06-18T10:37:23+05:30
BEN-000523,Sanika Siddharth Suryawanshi,2005-12-23,F,+91-000-1325400,"Flat 29, Building 182, Sahyadri Gardens, Satara",Satara,Maharashtra,415017,ACC-001160,SYNB0020024,INST-0052,2023-06-28T12:53:06+05:30
BEN-000956,Soham A Shinde,2002-07-07,M,+91-000-4819259,"Flat 5, Building 122, Tarang Nagar, Solapur",Solapur,Maharashtra,413095,ACC-001631,SYNB0063688,INST-0062,2024-06-09T11:31:53+05:30
BEN-000596,Sameer Vikram Nair,2002-06-20,M,+91-000-4018040,"Flat 16, Building 28, Neelkamal Nagar, Thane",Thane,Maharashtra,400086,ACC-000628,SYNB0026676,INST-0030,2023-06-29T15:17:26+05:30
BEN-000862,Vidya Tushar Shaikh,2005-07-05,F,+91-000-9094465,"Flat 70, Building 349, Chaitra Vihar, Satara",Satara,Maharashtra,415001,ACC-001261,SYNB0033811,INST-0049,2024-06-23T14:20:49+05:30
BEN-000646,Meera Darshan Shah,1999-05-21,M,+91-000-2396730,"Flat 67, Building 79, Neelkamal Nagar, Jalgaon",Jalgaon,Maharashtra,425047,ACC-001360,SYNB0056695,INST-0076,2023-06-25T15:24:41+05:30
BEN-000434,Ananya Sachin Thomas,2000-07-06,F,+91-000-6508733,"Flat 72, Building 310, Neelkamal Nagar, Nanded",Nanded,Maharashtra,431089,ACC-000532,SYNB0023472,INST-0088,2023-07-01T11:51:02+05:30
BEN-000245,Zaid Rahul Iyer,2005-06-04,M,+91-000-9081054,"Flat 23, Building 218, Suman Layout, Kolhapur",Kolhapur,Maharashtra,416087,ACC-001153,SYNB0037759,INST-0042,2024-06-10T09:03:47+05:30
BEN-000082,Anjali Mihir Iyer,2003-05-19,F,+91-000-1094709,"Flat 77, Building 217, Neelkamal Nagar, Kolhapur",Kolhapur,Maharashtra,416097,ACC-002588,SYNB0028022,INST-0047,2023-06-24T14:35:15+05:30
BEN-000583,Pooja Sameer Gaikwad,2005-02-16,F,+91-000-5487442,"Flat 50, Building 202, Tarang Nagar, Nagpur",Nagpur,Maharashtra,440029,ACC-000329,SYNB0017362,INST-0011,2023-06-01T11:34:32+05:30
BEN-000952,Vidya Yash Kadam,2004-03-22,F,+91-000-9569884,"Flat 37, Building 140, Kalpataru Enclave, Nanded",Nanded,Maharashtra,431053,ACC-000034,SYNB0038218,INST-0084,2024-06-02T16:07:06+05:30
BEN-000145,Shruti Farhan Kadam,2004-09-07,F,+91-000-5570355,"Flat 22, Building 75, Neelkamal Nagar, Jalgaon",Jalgaon,Maharashtra,425006,ACC-001185,SYNB0058433,INST-0074,2025-06-01T10:41:05+05:30
BEN-000485,Manish Suraj Khan,1999-03-17,M,+91-000-9407451,"Flat 80, Building 245, Uday Society, Nagpur",Nagpur,Maharashtra,440089,ACC-000513,SYNB0069770,INST-0012,2023-06-11T11:52:05+05:30
BEN-000967,Sayali Madhav Pawar,2002-12-12,F,+91-000-4469093,"Flat 9, Building 81, Uday Society, Mumbai",Mumbai,Maharashtra,400010,ACC-002344,SYNB0024750,INST-0036,2025-07-04T14:33:49+05:30
BEN-000928,Ashwin Vishal Jadhav,2003-01-19,M,+91-000-7221581,"Flat 47, Building 226, Abhinav Colony, Nanded",Nanded,Maharashtra,431058,ACC-000256,SYNB0026242,INST-0081,2024-07-02T15:06:52+05:30
BEN-000509,Pooja Pranav Jadhav,2002-06-23,F,+91-000-7640561,"Flat 16, Building 25, Sahyadri Gardens, Pune",Pune,Maharashtra,411035,ACC-000395,SYNB0011852,INST-0005,2024-06-20T11:17:39+05:30
BEN-000098,Harsh Varun Banerjee,2005-07-18,M,+91-000-5773013,"Flat 63, Building 119, Kalpataru Enclave, Nashik",Nashik,Maharashtra,422037,ACC-001556,SYNB0010723,INST-0022,2025-06-06T14:26:36+05:30
BEN-000178,Juhi Yash Mishra,2004-05-14,F,+91-000-3007387,"Flat 58, Building 292, Kalpataru Enclave, Thane",Thane,Maharashtra,400065,ACC-000439,SYNB0027181,INST-0032,2025-06-02T14:56:58+05:30
BEN-000226,Mihir Mohan Fernandes,2002-08-28,M,+91-000-7559766,"Flat 75, Building 170, Kalpataru Enclave, Nanded",Nanded,Maharashtra,431010,ACC-001694,SYNB0014960,INST-0088,2023-06-20T09:03:04+05:30
BEN-000152,Mihir Harsh Singh,2004-05-27,M,+91-000-7859282,"Flat 36, Building 129, Chaitra Vihar, Kolhapur",Kolhapur,Maharashtra,416054,ACC-001378,SYNB0067086,INST-0045,2023-06-23T09:45:22+05:30
BEN-000688,Soham Tanmay Shinde,2004-03-28,M,+91-000-5130133,"Flat 14, Building 149, Suman Layout, Jalgaon",Jalgaon,Maharashtra,425021,ACC-001678,SYNB0064012,INST-0079,2024-06-05T11:01:48+05:30
BEN-000867,Nidhi Darshan Shinde,2001-02-12,F,+91-000-6128383,"Flat 78, Building 399, Chaitra Vihar, Kolhapur",Kolhapur,Maharashtra,416004,ACC-002793,SYNB0036951,INST-0044,2023-06-19T10:28:53+05:30
BEN-000768,Tejas Tanmay Kale,2003-04-01,M,+91-000-7137418,"Flat 28, Building 240, Suman Layout, Mumbai",Mumbai,Maharashtra,400025,ACC-002873,SYNB0061279,INST-0040,2023-06-07T12:05:55+05:30
BEN-000034,Ankita Harsh Joshi,2004-08-25,F,+91-000-4390323,"Flat 72, Building 213, Kalpataru Enclave, Jalgaon",Jalgaon,Maharashtra,425096,ACC-000287,SYNB0068133,INST-0074,2024-06-25T10:24:58+05:30
BEN-000633,Nikhil Sachin Bhosale,2003-03-03,M,+91-000-6033738,"Flat 22, Building 93, Sahyadri Gardens, Amravati",Amravati,Maharashtra,444081,ACC-002605,SYNB0015982,INST-0070,2024-06-21T15:08:01+05:30
BEN-000339,Sakshi Rohan Jadhav,2003-10-11,F,+91-000-7797028,"Flat 76, Building 197, Sahyadri Gardens, Nashik",Nashik,Maharashtra,422074,ACC-000664,SYNB0036902,INST-0017,2023-06-19T09:09:44+05:30
BEN-000458,Rohit Dhruv Deshmukh,2002-01-02,M,+91-000-3509000,"Flat 9, Building 193, Kalpataru Enclave, Amravati",Amravati,Maharashtra,444079,ACC-002991,SYNB0013168,INST-0069,2025-06-06T11:40:02+05:30
BEN-000575,Aditya Jay Sawant,2002-09-21,M,+91-000-9957402,"Flat 43, Building 211, Chaitra Vihar, Thane",Thane,Maharashtra,400084,ACC-002048,SYNB0010362,INST-0030,2025-07-02T14:24:03+05:30
BEN-000965,Gauri Rohit Gaikwad,2002-08-04,F,+91-000-1542011,"Flat 67, Building 70, Tarang Nagar, Nashik",Nashik,Maharashtra,422098,ACC-002738,SYNB0041849,INST-0022,2024-06-19T14:04:16+05:30
BEN-000822,Ankita Aniket Kadam,2001-04-04,F,+91-000-8138527,"Flat 63, Building 380, Chaitra Vihar, Nagpur",Nagpur,Maharashtra,440096,ACC-002596,SYNB0059475,INST-0014,2024-06-27T10:44:18+05:30
BEN-000490,Pooja Sanjay Jadhav,2002-10-13,M,+91-000-7640568,"Flat 22, Building 57, Sahyadri Gardens, Pune",Pune,Maharashtra,411035,ACC-000569,SYNB0026304,INST-0005,2024-06-20T11:22:54+05:30
BEN-000432,Sayali Rohan Khan,2000-10-03,M,+91-000-1179690,"Flat 76, Building 395, Chaitra Vihar, Jalgaon",Jalgaon,Maharashtra,425069,ACC-001883,SYNB0017307,INST-0075,2023-06-17T15:37:07+05:30
BEN-000992,Soham Jay Menon,2006-01-09,M,+91-000-3739207,"Flat 12, Building 143, Uday Society, Pune",Pune,Maharashtra,411063,ACC-002457,SYNB0023747,INST-0005,2023-06-14T15:39:18+05:30
BEN-000211,Aditya Vedant Bhosale,2004-07-18,M,+91-000-1873883,"Flat 50, Building 392, Abhinav Colony, Mumbai",Mumbai,Maharashtra,400079,ACC-001685,SYNB0066403,INST-0038,2023-06-07T10:15:33+05:30
BEN-000574,Meera Karan Shah,2004-12-20,F,+91-000-2396723,"Flat 24, Building 30, Tarang Nagar, Jalgaon",Jalgaon,Maharashtra,425047,ACC-000463,SYNB0030808,INST-0076,2023-06-25T15:19:26+05:30
BEN-000647,Shreya Tanmay Khan,2006-04-09,F,+91-000-2282825,"Flat 23, Building 102, Uday Society, Nanded",Nanded,Maharashtra,431051,ACC-000509,SYNB0048124,INST-0082,2023-06-20T10:30:28+05:30
BEN-000378,Deepa Akash Khan,2004-02-07,F,+91-000-9493265,"Flat 62, Building 249, Sahyadri Gardens, Nagpur",Nagpur,Maharashtra,440001,ACC-000877,SYNB0055430,INST-0015,2023-06-12T16:01:52+05:30
BEN-000429,Akash Omkar Singh,2005-11-28,M,+91-000-1662507,"Flat 78, Building 321, Kalpataru Enclave, Pune",Pune,Maharashtra,411023,ACC-000942,SYNB0044262,INST-0005,2024-06-12T13:36:09+05:30
BEN-000016,Supriya Sameer Kale,2001-10-18,F,+91-000-7319298,"Flat 41, Building 33, Tarang Nagar, Pune",Pune,Maharashtra,411024,ACC-001219,SYNB0040960,INST-0005,2024-06-18T11:21:44+05:30
BEN-000403,Aditi Tejas Salunkhe,2004-04-08,F,+91-000-7701385,"Flat 75, Building 252, Kalpataru Enclave, Mumbai",Mumbai,Maharashtra,400045,ACC-002743,SYNB0051114,INST-0034,2023-06-24T13:38:03+05:30
BEN-000825,Kunal Aarav Naik,2004-01-24,M,+91-000-5304875,"Flat 29, Building 354, Suman Layout, Jalgaon",Jalgaon,Maharashtra,425010,ACC-001764,SYNB0025484,INST-0076,2023-06-13T10:29:49+05:30
BEN-000446,Ayesha Mohan Gawande,2001-08-06,F,+91-000-8952193,"Flat 7, Building 61, Chaitra Vihar, Amravati",Amravati,Maharashtra,444076,ACC-001142,SYNB0062757,INST-0071,2025-06-10T14:42:24+05:30
BEN-000892,Gaurav Sahil Gaikwad,2001-03-10,M,+91-000-8973718,"Flat 43, Building 374, Chaitra Vihar, Pune",Pune,Maharashtra,411028,ACC-001034,SYNB0030101,INST-0002,2024-06-11T15:23:07+05:30
BEN-000557,Amruta Ishan Reddy,2006-01-15,F,+91-000-8983760,"Flat 73, Building 268, Sahyadri Gardens, Pune",Pune,Maharashtra,411032,ACC-002066,SYNB0058811,INST-0005,2025-06-12T15:16:40+05:30
BEN-000475,Rohan Ashwin Banerjee,2003-09-02,M,+91-000-1139537,"Flat 46, Building 363, Chaitra Vihar, Nashik",Nashik,Maharashtra,422083,ACC-002933,SYNB0063134,INST-0017,2025-06-15T15:03:57+05:30
BEN-000497,Aishwarya Avinash Joshi,2002-09-19,F,+91-000-5418267,"Flat 12, Building 88, Suman Layout, Mumbai",Mumbai,Maharashtra,400070,ACC-001742,SYNB0019421,INST-0039,2024-06-19T15:40:02+05:30
BEN-000875,Aishwarya Rohit Shah,2005-11-17,F,+91-000-1312564,"Flat 46, Building 204, Kalpataru Enclave, Amravati",Amravati,Maharashtra,444015,ACC-000627,SYNB0056715,INST-0067,2023-06-21T12:54:30+05:30
BEN-001000,Aniket Darshan Mishra,2003-08-26,M,+91-000-1084386,"Flat 2, Building 218, Abhinav Colony, Pune",Pune,Maharashtra,411062,ACC-002507,SYNB0011386,INST-0008,2024-07-03T15:14:10+05:30
BEN-000865,Mihir Madhav Yadav,2001-04-01,M,+91-000-8779334,"Flat 6, Building 155, Uday Society, Kolhapur",Kolhapur,Maharashtra,416073,ACC-001210,SYNB0052162,INST-0047,2025-06-20T12:28:21+05:30
BEN-000974,Yash Atharva Khan,2002-12-21,M,+91-000-6111869,"Flat 73, Building 202, Sahyadri Gardens, Nagpur",Nagpur,Maharashtra,440040,ACC-000820,SYNB0037916,INST-0009,2023-06-30T14:37:22+05:30
BEN-000426,Yusuf Vishal Banerjee,2005-03-16,M,+91-000-1332781,"Flat 44, Building 262, Chaitra Vihar, Solapur",Solapur,Maharashtra,413095,ACC-000237,SYNB0057246,INST-0061,2023-07-05T14:45:15+05:30
BEN-000823,Shaurya Ramesh Gupta,2000-11-03,M,+91-000-9915915,"Flat 26, Building 245, Neelkamal Nagar, Nagpur",Nagpur,Maharashtra,440057,ACC-002834,SYNB0018798,INST-0010,2025-07-01T10:47:48+05:30
BEN-000467,Neha Yash Khot,2003-10-10,F,+91-000-4131076,"Flat 13, Building 325, Abhinav Colony, Mumbai",Mumbai,Maharashtra,400019,ACC-002415,SYNB0051234,INST-0037,2023-07-05T13:14:17+05:30
BEN-000936,Fatima Vijay Pawar,2002-05-28,F,+91-000-8907862,"Flat 38, Building 263, Kalpataru Enclave, Mumbai",Mumbai,Maharashtra,400099,ACC-001907,SYNB0061387,INST-0036,2024-06-07T12:21:10+05:30
BEN-000742,Meera Rohan Shah,2004-05-25,F,+91-000-2396729,"Flat 24, Building 30, Tarang Nagar, Jalgaon",Jalgaon,Maharashtra,425047,ACC-000463,SYNB0030808,INST-0076,2023-06-25T15:23:56+05:30
BEN-000887,Omkar Suraj Banerjee,2003-03-24,M,+91-000-6788681,"Flat 24, Building 371, Neelkamal Nagar, Jalgaon",Jalgaon,Maharashtra,425020,ACC-002485,SYNB0067139,INST-0073,2023-06-24T15:08:02+05:30
BEN-000252,Fatima Atharva Salunkhe,2003-09-12,F,+91-000-8084001,"Flat 54, Building 202, Tarang Nagar, Pune",Pune,Maharashtra,411097,ACC-001100,SYNB0040230,INST-0001,2024-06-25T11:07:43+05:30
BEN-000953,Shaurya Omkar More,2001-03-24,M,+91-000-5936726,"Flat 51, Building 6, Chaitra Vihar, Latur",Latur,Maharashtra,413008,ACC-002303,SYNB0050652,INST-0089,2023-06-08T13:46:28+05:30
BEN-000143,Vaishnavi Nikhil Ansari,2002-04-25,F,+91-000-3318275,"Flat 6, Building 304, Abhinav Colony, Nagpur",Nagpur,Maharashtra,440043,ACC-002248,SYNB0019437,INST-0010,2024-06-08T11:29:34+05:30
BEN-000224,Vedant Suraj Patil,2004-09-02,M,+91-000-6408662,"Flat 12, Building 143, Uday Society, Pune",Pune,Maharashtra,411063,ACC-002457,SYNB0023747,INST-0005,2023-06-06T14:38:51+05:30
BEN-000642,Aarav Darshan Ansari,2004-01-16,M,+91-000-8909005,"Flat 52, Building 217, Kalpataru Enclave, Amravati",Amravati,Maharashtra,444039,ACC-002639,SYNB0029416,INST-0071,2024-06-17T15:45:15+05:30
BEN-000075,Kavya Raj Suryawanshi,2002-12-11,F,+91-000-7260091,"Flat 71, Building 209, Neelkamal Nagar, Pune",Pune,Maharashtra,411043,ACC-000483,SYNB0054056,INST-0002,2023-06-24T12:06:38+05:30
BEN-000665,Riya Tejas Kulkarni,2001-10-13,F,+91-000-2343263,"Flat 12, Building 392, Neelkamal Nagar, Pune",Pune,Maharashtra,411021,ACC-001897,SYNB0023096,INST-0008,2023-06-18T16:12:14+05:30
BEN-000517,Gaurav Vikram Verma,2002-01-07,M,+91-000-4046805,"Flat 35, Building 367, Abhinav Colony, Pune",Pune,Maharashtra,411006,ACC-002002,SYNB0054233,INST-0003,2025-07-05T11:41:39+05:30
BEN-000255,Pooja Amol Shinde,2005-02-15,F,+91-000-5435176,"Flat 48, Building 311, Kalpataru Enclave, Satara",Satara,Maharashtra,415023,ACC-002363,SYNB0054104,INST-0054,2023-06-07T15:21:35+05:30
BEN-000993,Ananya Jay Iyer,2005-04-04,F,+91-000-3916715,"Flat 23, Building 228, Tarang Nagar, Kolhapur",Kolhapur,Maharashtra,416003,ACC-001819,SYNB0058957,INST-0048,2024-06-22T10:47:23+05:30
BEN-000563,Gaurav Varun Kulkarni,2006-01-12,M,+91-000-2171198,"Flat 70, Building 96, Kalpataru Enclave, Jalgaon",Jalgaon,Maharashtra,425057,ACC-002946,SYNB0025927,INST-0080,2023-06-28T15:40:41+05:30
BEN-000584,Radhika Sanjay Kulkarni,2005-03-24,F,+91-000-1657513,"Flat 12, Building 96, Chaitra Vihar, Mumbai",Mumbai,Maharashtra,400076,ACC-002043,SYNB0057586,INST-0033,2023-06-11T16:10:45+05:30
BEN-000196,Dhruv Atharva Gawande,2006-12-26,M,+91-000-9254323,"Flat 16, Building 394, Sahyadri Gardens, Thane",Thane,Maharashtra,400098,ACC-001625,SYNB0019900,INST-0031,2023-07-04T16:20:15+05:30
BEN-000065,Sana Sanjay Gaikwad,2004-04-20,F,+91-000-2603125,"Flat 6, Building 224, Abhinav Colony, Mumbai",Mumbai,Maharashtra,400034,ACC-000941,SYNB0038760,INST-0039,2023-07-01T10:22:39+05:30
BEN-000092,Mohan Vishal Bhosale,2003-10-24,M,+91-000-4886793,"Flat 35, Building 35, Tarang Nagar, Nashik",Nashik,Maharashtra,422050,ACC-001010,SYNB0055270,INST-0020,2023-06-18T15:28:47+05:30
BEN-000416,Akshay Rohit Fernandes,2005-05-19,M,+91-000-3200150,"Flat 24, Building 9, Tarang Nagar, Satara",Satara,Maharashtra,415033,ACC-001864,SYNB0059517,INST-0051,2024-06-26T15:52:59+05:30
BEN-000499,Diya Akash Salunkhe,2004-04-21,F,+91-000-4858604,"Flat 45, Building 248, Abhinav Colony, Mumbai",Mumbai,Maharashtra,400039,ACC-002110,SYNB0064311,INST-0036,2024-06-19T15:04:48+05:30
BEN-000751,Juhi Yash Pawar,2006-03-03,F,+91-000-3177250,"Flat 21, Building 190, Uday Society, Pune",Pune,Maharashtra,411026,ACC-002948,SYNB0031612,INST-0005,2025-06-06T16:18:04+05:30
BEN-000362,Pooja Dhruv Jadhav,2004-05-24,F,+91-000-7640565,"Flat 16, Building 25, Sahyadri Gardens, Pune",Pune,Maharashtra,411035,ACC-000395,SYNB0011852,INST-0005,2024-06-20T11:20:39+05:30
BEN-000418,Aarav Rahul Gawande,2003-06-08,M,+91-000-8887754,"Flat 8, Building 89, Uday Society, Thane",Thane,Maharashtra,400083,ACC-001055,SYNB0027838,INST-0030,2024-06-14T09:30:36+05:30
BEN-000832,Rohan Farhan Yadav,2003-08-05,X,+91-000-8316947,"Flat 28, Building 164, Kalpataru Enclave, Nashik",Nashik,Maharashtra,422077,ACC-000303,SYNB0014561,INST-0023,2024-06-04T16:21:34+05:30
BEN-000142,Zara Avinash Ansari,2001-09-22,F,+91-000-6565260,"Flat 32, Building 366, Tarang Nagar, Pune",Pune,Maharashtra,411018,ACC-001664,SYNB0067607,INST-0008,2024-06-18T16:39:36+05:30
BEN-000863,Raj Aditya Jadhav,2002-04-13,M,+91-000-6459913,"Flat 45, Building 326, Chaitra Vihar, Thane",Thane,Maharashtra,400012,ACC-002347,SYNB0050801,INST-0030,2023-07-04T11:30:13+05:30
BEN-000657,Chirag Siddharth Khan,2002-12-04,M,+91-000-8342987,"Flat 36, Building 362, Tarang Nagar, Nagpur",Nagpur,Maharashtra,440081,ACC-001504,SYNB0020563,INST-0012,2024-07-02T11:39:11+05:30
BEN-000338,Aditya Varun Kale,2002-12-22,M,+91-000-2478755,"Flat 73, Building 394, Abhinav Colony, Thane",Thane,Maharashtra,400083,ACC-002808,SYNB0049297,INST-0031,2024-06-13T10:22:17+05:30
BEN-000477,Karan Sahil Kulkarni,2002-04-02,M,+91-000-7108168,"Flat 7, Building 12, Uday Society, Pune",Pune,Maharashtra,411021,ACC-002504,SYNB0056968,INST-0007,2024-06-16T12:57:19+05:30
BEN-000724,Akash Tanmay Jain,2006-12-09,M,+91-000-3145556,"Flat 36, Building 321, Kalpataru Enclave, Pune",Pune,Maharashtra,411073,ACC-000653,SYNB0067844,INST-0003,2023-07-01T14:31:48+05:30
BEN-000272,Sana Soham Qureshi,2003-08-11,F,+91-000-3808418,"Flat 35, Building 196, Kalpataru Enclave, Nagpur",Nagpur,Maharashtra,440023,ACC-002826,SYNB0047392,INST-0016,2024-06-15T11:25:03+05:30
BEN-000333,Suraj Farhan Verma,2004-10-03,X,+91-000-8477055,"Flat 39, Building 46, Suman Layout, Satara",Satara,Maharashtra,415090,ACC-002835,SYNB0054610,INST-0050,2023-06-09T15:35:59+05:30
BEN-000230,Jay Karan Banerjee,2003-09-20,M,+91-000-5146693,"Flat 75, Building 170, Kalpataru Enclave, Nanded",Nanded,Maharashtra,431010,ACC-001694,SYNB0014960,INST-0088,2023-06-29T09:51:20+05:30
BEN-000159,Nikhil Siddharth Dsouza,2002-05-14,M,+91-000-2293325,"Flat 58, Building 167, Sahyadri Gardens, Thane",Thane,Maharashtra,400085,ACC-002799,SYNB0057881,INST-0031,2023-06-08T10:36:13+05:30
BEN-000799,Priya Tejas Banerjee,2003-06-28,F,+91-000-4552356,"Flat 26, Building 57, Sahyadri Gardens, Amravati",Amravati,Maharashtra,444037,ACC-000304,SYNB0022292,INST-0065,2023-06-09T12:35:28+05:30
BEN-000111,Pranav Vikram Iyer,2004-01-07,M,+91-000-8492618,"Flat 13, Building 235, Abhinav Colony, Amravati",Amravati,Maharashtra,444029,ACC-000699,SYNB0052922,INST-0070,2024-06-05T15:29:57+05:30
BEN-000774,Anjali Kunal Ansari,2006-07-14,F,+91-000-1910467,"Flat 16, Building 119, Sahyadri Gardens, Nagpur",Nagpur,Maharashtra,440014,ACC-000656,SYNB0053106,INST-0014,2024-06-21T10:34:49+05:30
BEN-000246,Meera Yash Shah,2003-05-28,M,+91-000-2396728,"Flat 67, Building 79, Neelkamal Nagar, Jalgaon",Jalgaon,Maharashtra,425047,ACC-001360,SYNB0056695,INST-0076,2023-06-25T15:23:11+05:30
BEN-000095,Sahil Madhav Menon,2000-07-04,M,+91-000-4986190,"Flat 50, Building 231, Chaitra Vihar, Mumbai",Mumbai,Maharashtra,400049,ACC-002229,SYNB0050290,INST-0040,2025-06-30T09:19:39+05:30
BEN-000470,Manasi Vedant Fernandes,2003-05-19,F,+91-000-2381527,"Flat 52, Building 327, Kalpataru Enclave, Mumbai",Mumbai,Maharashtra,400027,ACC-001746,SYNB0057919,INST-0036,2024-06-13T13:06:53+05:30
BEN-000538,Raj Rohan Ingale,2001-10-19,M,+91-000-2007243,"Flat 56, Building 259, Tarang Nagar, Pune",Pune,Maharashtra,411092,ACC-000477,SYNB0058069,INST-0003,2023-06-09T11:54:49+05:30
BEN-000804,Riya Raj Salunkhe,2004-11-01,F,+91-000-5752426,"Flat 40, Building 244, Tarang Nagar, Thane",Thane,Maharashtra,400033,ACC-001872,SYNB0057216,INST-0027,2023-06-21T14:58:28+05:30
BEN-000330,Akanksha Suraj Bhosale,2001-11-23,F,+91-000-6660436,"Flat 59, Building 210, Tarang Nagar, Nanded",Nanded,Maharashtra,431024,ACC-002515,SYNB0062487,INST-0085,2023-06-04T10:02:53+05:30
BEN-000336,Rohan Siddharth Gaikwad,2005-11-06,M,+91-000-4190481,"Flat 61, Building 232, Chaitra Vihar, Solapur",Solapur,Maharashtra,413066,ACC-001186,SYNB0064649,INST-0061,2023-06-19T14:56:53+05:30
BEN-000551,Vishal Raj Kadam,2004-07-14,M,+91-000-7345333,"Flat 25, Building 326, Kalpataru Enclave, Pune",Pune,Maharashtra,411080,ACC-002599,SYNB0061611,INST-0004,2023-06-09T14:32:58+05:30
BEN-000613,Shaurya Dhruv Khot,2002-06-10,M,+91-000-3292170,"Flat 28, Building 368, Kalpataru Enclave, Nanded",Nanded,Maharashtra,431058,ACC-000868,SYNB0026807,INST-0087,2025-06-15T14:59:14+05:30
BEN-000309,Ramesh Darshan Joshi,2004-06-08,M,+91-000-7622840,"Flat 62, Building 274, Sahyadri Gardens, Solapur",Solapur,Maharashtra,413009,ACC-000833,SYNB0049110,INST-0063,2024-06-10T13:37:43+05:30
BEN-000779,Aditi Tanmay Salunkhe,2005-03-15,F,+91-000-7035435,"Flat 49, Building 285, Abhinav Colony, Nagpur",Nagpur,Maharashtra,440077,ACC-001223,SYNB0016040,INST-0016,2024-06-21T09:58:50+05:30
BEN-000437,Aditi A Naik,2006-07-01,F,+91-000-5146693,"Flat 74, Building 189, Abhinav Colony, Nanded",Nanded,Maharashtra,431010,ACC-001045,SYNB0065998,INST-0088,2023-06-29T09:29:15+05:30
BEN-000843,Aarti Farhan Jadhav,2004-07-04,F,+91-000-9254323,"Flat 16, Building 394, Sahyadri Gardens, Thane",Thane,Maharashtra,400098,ACC-001625,SYNB0019900,INST-0031,2023-07-04T16:21:45+05:30
BEN-000777,Sahil Dhruv Singh,2005-09-28,M,+91-000-2656810,"Flat 64, Building 108, Abhinav Colony, Pune",Pune,Maharashtra,411063,ACC-002457,SYNB0023747,INST-0005,2023-06-24T16:08:22+05:30
BEN-000641,Tejas Avinash Bhosale,2000-12-21,M,+91-000-3067542,"Flat 48, Building 363, Sahyadri Gardens, Satara",Satara,Maharashtra,415087,ACC-001828,SYNB0049299,INST-0055,2024-06-30T10:39:59+05:30
BEN-000087,Swara Dhruv Patil,2004-08-01,F,+91-000-6973148,"Flat 13, Building 67, Uday Society, Satara",Satara,Maharashtra,415022,ACC-002850,SYNB0067037,INST-0053,2023-06-17T12:46:57+05:30
BEN-000013,Riya Ashwin Menon,2005-10-14,F,+91-000-8304421,"Flat 7, Building 103, Sahyadri Gardens, Nashik",Nashik,Maharashtra,422044,ACC-001692,SYNB0067411,INST-0019,2023-06-25T13:42:37+05:30
BEN-000548,Tanvi Vikram Gupta,2001-01-18,F,+91-000-6454109,"Flat 24, Building 368, Tarang Nagar, Pune",Pune,Maharashtra,411016,ACC-000893,SYNB0049074,INST-0008,2023-06-12T09:34:34+05:30
BEN-000363,Meera Gaurav Shah,2001-05-10,F,+91-000-2396731,"Flat 24, Building 30, Tarang Nagar, Jalgaon",Jalgaon,Maharashtra,425047,ACC-000463,SYNB0030808,INST-0076,2023-06-25T15:25:26+05:30
BEN-000026,Madhav Tushar Shaikh,2006-02-12,X,+91-000-7675150,"Flat 69, Building 175, Neelkamal Nagar, Mumbai",Mumbai,Maharashtra,400059,ACC-000325,SYNB0040905,INST-0037,2024-06-13T10:36:27+05:30
BEN-000961,Deepa Suraj Ingale,2006-07-28,F,+91-000-9720156,"Flat 26, Building 143, Kalpataru Enclave, Thane",Thane,Maharashtra,400052,ACC-000666,SYNB0022492,INST-0029,2024-06-25T13:44:56+05:30
BEN-000844,Aishwarya Sachin Kale,2002-02-10,F,+91-000-6890320,"Flat 39, Building 146, Suman Layout, Pune",Pune,Maharashtra,411050,ACC-001263,SYNB0066975,INST-0008,2024-06-10T13:32:50+05:30
BEN-000030,Shreya Tanmay Gaikwad,2002-10-26,F,+91-000-8838205,"Flat 14, Building 78, Neelkamal Nagar, Pune",Pune,Maharashtra,411083,ACC-002064,SYNB0057366,INST-0008,2023-06-02T12:34:01+05:30
BEN-000005,Shruti Omkar Naik,2003-12-03,F,+91-000-9254323,"Flat 16, Building 394, Sahyadri Gardens, Thane",Thane,Maharashtra,400098,ACC-001625,SYNB0019900,INST-0031,2023-07-04T16:24:45+05:30
BEN-000602,Dhruv Vijay Dsouza,2004-09-17,M,+91-000-2976835,"Flat 7, Building 273, Chaitra Vihar, Satara",Satara,Maharashtra,415070,ACC-001305,SYNB0059846,INST-0052,2024-07-04T10:31:04+05:30
BEN-000845,Neha Jay Naik,2003-10-11,F,+91-000-6254872,"Flat 48, Building 43, Suman Layout, Latur",Latur,Maharashtra,413065,ACC-001683,SYNB0042114,INST-0096,2023-06-17T16:59:10+05:30
BEN-000022,Manish Yusuf Gupta,2003-04-17,M,+91-000-6124966,"Flat 37, Building 138, Uday Society, Pune",Pune,Maharashtra,411073,ACC-000526,SYNB0046485,INST-0003,2023-06-16T09:02:16+05:30
BEN-000270,Madhav Sanjay Suryawanshi,2006-04-13,M,+91-000-8117053,"Flat 76, Building 14, Sahyadri Gardens, Nanded",Nanded,Maharashtra,431078,ACC-002962,SYNB0059403,INST-0083,2025-06-07T11:59:35+05:30
BEN-000893,Sakshi Farhan Thomas,2003-05-04,F,+91-000-5914425,"Flat 59, Building 276, Uday Society, Nashik",Nashik,Maharashtra,422024,ACC-001691,SYNB0034180,INST-0017,2023-06-12T15:01:15+05:30
BEN-000172,Varun Hemant Thomas,2003-02-17,X,+91-000-9091518,"Flat 47, Building 39, Tarang Nagar, Satara",Satara,Maharashtra,415040,ACC-001355,SYNB0024599,INST-0053,2023-06-27T09:12:24+05:30
BEN-000150,Zaid Shaurya Pawar,2006-11-26,M,+91-000-4224451,"Flat 17, Building 150, Kalpataru Enclave, Thane",Thane,Maharashtra,400048,ACC-002010,SYNB0017442,INST-0025,2024-06-29T16:24:43+05:30
BEN-000725,Sachin Rohit Bhosale,2002-06-05,M,+91-000-5416344,"Flat 29, Building 43, Abhinav Colony, Kolhapur",Kolhapur,Maharashtra,416035,ACC-000227,SYNB0025979,INST-0045,2023-07-01T10:48:48+05:30
BEN-000046,Riya Akash Bhosale,2005-12-17,F,+91-000-2406225,"Flat 22, Building 81, Neelkamal Nagar, Pune",Pune,Maharashtra,411002,ACC-002128,SYNB0040762,INST-0006,2024-06-15T09:50:18+05:30
BEN-000474,Kunal Aniket Ingale,2005-06-18,M,+91-000-7053183,"Flat 6, Building 344, Tarang Nagar, Thane",Thane,Maharashtra,400095,ACC-001508,SYNB0066712,INST-0029,2023-06-06T16:52:55+05:30
BEN-000001,Varun Vijay Iyer,2005-11-21,M,+91-000-3700366,"Flat 20, Building 118, Neelkamal Nagar, Satara",Satara,Maharashtra,415017,ACC-000360,SYNB0052969,INST-0055,2023-06-03T11:29:33+05:30
BEN-000805,Amol Kunal Kadam,2003-10-10,X,+91-000-7945583,"Flat 77, Building 255, Suman Layout, Nagpur",Nagpur,Maharashtra,440078,ACC-002549,SYNB0014187,INST-0016,2024-06-15T14:53:54+05:30
BEN-000027,Tushar Sanjay Qureshi,2001-01-14,M,+91-000-6026630,"Flat 63, Building 292, Kalpataru Enclave, Solapur",Solapur,Maharashtra,413083,ACC-000592,SYNB0020749,INST-0057,2023-06-26T14:11:56+05:30
BEN-000257,Kunal Tanmay Nair,2006-08-28,M,+91-000-5565653,"Flat 23, Building 374, Abhinav Colony, Pune",Pune,Maharashtra,411009,ACC-000838,SYNB0060748,INST-0005,2023-06-12T11:54:38+05:30
BEN-000371,Juhi Harsh Ingale,2004-08-03,F,+91-000-2923047,"Flat 6, Building 66, Sahyadri Gardens, Pune",Pune,Maharashtra,411043,ACC-000483,SYNB0054056,INST-0002,2023-06-24T12:05:53+05:30
BEN-000100,Nikhil Hemant Singh,2003-05-11,M,+91-000-5825775,"Flat 8, Building 15, Kalpataru Enclave, Amravati",Amravati,Maharashtra,444017,ACC-002080,SYNB0056190,INST-0070,2024-06-23T16:22:07+05:30
BEN-000228,Diya Sahil Ansari,2004-12-13,F,+91-000-9528589,"Flat 37, Building 275, Uday Society, Jalgaon",Jalgaon,Maharashtra,425037,ACC-000993,SYNB0024203,INST-0077,2025-06-07T15:55:36+05:30
BEN-000106,Suraj Sanjay Thomas,2006-05-14,M,+91-000-5623138,"Flat 48, Building 187, Sahyadri Gardens, Amravati",Amravati,Maharashtra,444041,ACC-001357,SYNB0064285,INST-0070,2024-06-05T15:18:34+05:30
BEN-000808,Soham Tushar Thomas,2005-06-07,M,+91-000-1562209,"Flat 58, Building 255, Uday Society, Nagpur",Nagpur,Maharashtra,440080,ACC-000139,SYNB0055724,INST-0011,2023-06-26T12:53:16+05:30
BEN-000454,Sachin Gaurav Shaikh,2003-03-02,M,+91-000-6437011,"Flat 31, Building 358, Tarang Nagar, Pune",Pune,Maharashtra,411084,ACC-001187,SYNB0069060,INST-0008,2023-06-08T09:11:37+05:30
BEN-000038,Tanvi Sameer Ingale,2004-09-01,F,+91-000-8099712,"Flat 20, Building 11, Chaitra Vihar, Nagpur",Nagpur,Maharashtra,440099,ACC-002581,SYNB0058683,INST-0015,2025-06-22T09:00:47+05:30
BEN-000674,Aditya Vedant Nair,2001-08-02,M,+91-000-2214435,"Flat 36, Building 224, Suman Layout, Nashik",Nashik,Maharashtra,422009,ACC-002207,SYNB0066035,INST-0018,2024-06-06T11:23:30+05:30
BEN-000921,Aditi Raj Qureshi,2003-08-21,F,+91-000-9254323,"Flat 16, Building 394, Sahyadri Gardens, Thane",Thane,Maharashtra,400098,ACC-001625,SYNB0019900,INST-0031,2023-07-04T16:23:15+05:30
BEN-000912,Mukta Soham Suryawanshi,2006-03-06,F,+91-000-1149818,"Flat 24, Building 64, Kalpataru Enclave, Solapur",Solapur,Maharashtra,413043,ACC-002195,SYNB0047827,INST-0060,2023-06-14T14:46:54+05:30
BEN-000856,Mihir Akshay Joshi,2005-03-01,M,+91-000-6331563,"Flat 19, Building 188, Abhinav Colony, Pune",Pune,Maharashtra,411011,ACC-001512,SYNB0069530,INST-0004,2023-06-05T09:06:48+05:30
BEN-000415,Vaishnavi Soham Jadhav,2005-08-16,F,+91-000-7337911,"Flat 24, Building 234, Kalpataru Enclave, Mumbai",Mumbai,Maharashtra,400032,ACC-001778,SYNB0062196,INST-0039,2025-06-25T12:43:50+05:30
BEN-000043,Sanjay Sachin Jadhav,2000-10-06,M,+91-000-3596753,"Flat 4, Building 323, Chaitra Vihar, Solapur",Solapur,Maharashtra,413013,ACC-002181,SYNB0047075,INST-0061,2024-06-27T16:17:56+05:30
BEN-000185,Vishal Mohan Reddy,2002-11-14,M,+91-000-9777848,"Flat 33, Building 310, Chaitra Vihar, Satara",Satara,Maharashtra,415021,ACC-001837,SYNB0021810,INST-0054,2023-06-17T14:13:56+05:30
BEN-000855,Amruta Ishan Salunkhe,2006-06-15,F,+91-000-9230079,"Flat 56, Building 11, Abhinav Colony, Thane",Thane,Maharashtra,400037,ACC-000818,SYNB0041916,INST-0028,2024-07-01T12:07:47+05:30
BEN-000947,Yusuf Yusuf Dsouza,2003-11-05,M,+91-000-1177698,"Flat 60, Building 349, Abhinav Colony, Solapur",Solapur,Maharashtra,413067,ACC-002059,SYNB0031806,INST-0061,2025-06-11T11:45:49+05:30
BEN-000302,Radhika Shaurya Naik,2005-07-23,F,+91-000-7661319,"Flat 37, Building 313, Suman Layout, Thane",Thane,Maharashtra,400050,ACC-002179,SYNB0024799,INST-0028,2024-06-17T14:34:07+05:30
BEN-000130,Akanksha Ishan Bhosale,2003-06-28,F,+91-000-7347794,"Flat 17, Building 357, Neelkamal Nagar, Pune",Pune,Maharashtra,411032,ACC-002818,SYNB0022150,INST-0006,2023-06-13T09:22:37+05:30
BEN-000287,Jay Ashwin Menon,2003-06-27,M,+91-000-8031212,"Flat 4, Building 301, Abhinav Colony, Mumbai",Mumbai,Maharashtra,400097,ACC-002382,SYNB0033701,INST-0039,2023-06-13T10:33:10+05:30
BEN-000650,Amol Tushar Dsouza,2006-12-01,M,+91-000-7932818,"Flat 77, Building 252, Suman Layout, Thane",Thane,Maharashtra,400091,ACC-002391,SYNB0014524,INST-0027,2024-06-26T10:57:31+05:30
BEN-000453,Rohan Yash Reddy,2003-09-09,M,+91-000-1119354,"Flat 59, Building 133, Tarang Nagar, Thane",Thane,Maharashtra,400033,ACC-002154,SYNB0039446,INST-0032,2024-07-05T10:08:56+05:30
BEN-000259,Soham Farhan Nair,2000-04-10,M,+91-000-8561977,"Flat 71, Building 3, Tarang Nagar, Mumbai",Mumbai,Maharashtra,400025,ACC-001959,SYNB0034758,INST-0038,2024-06-20T11:09:39+05:30
BEN-000663,S. A. Shinde,2002-07-07,M,+91-000-4819259,"Flat 5, Bldg 122, Tarang Nagar, Solapur",Solapur,Maharashtra,413095,ACC-002778,SYNB0026137,INST-0062,2024-06-09T11:31:53+05:30
BEN-000868,Meera Darshan Pawar,2004-07-19,F,+91-000-7401894,"Flat 66, Building 216, Uday Society, Pune",Pune,Maharashtra,411003,ACC-000084,SYNB0055344,INST-0008,2023-06-02T11:52:51+05:30
BEN-000104,Simran Vijay Gupta,2002-03-07,F,+91-000-1670091,"Flat 24, Building 41, Uday Society, Jalgaon",Jalgaon,Maharashtra,425087,ACC-001875,SYNB0067372,INST-0074,2024-06-28T13:51:50+05:30
BEN-000771,Akash Rohit Wagh,2003-06-09,M,+91-000-9488562,"Flat 56, Building 96, Abhinav Colony, Nashik",Nashik,Maharashtra,422092,ACC-002930,SYNB0013671,INST-0017,2024-06-11T09:36:00+05:30
BEN-000841,V. I. Khan,2004-10-25,M,+91-000-8729606,"Flat 35, Bldg 283, Chaitra Vihar, Pune",Pune,Maharashtra,411031,ACC-000971,SYNB0039640,INST-0003,2023-06-02T14:02:23+05:30
BEN-000873,Sneha Farhan Nair,2004-11-03,F,+91-000-1523352,"Flat 74, Building 331, Suman Layout, Mumbai",Mumbai,Maharashtra,400088,ACC-000675,SYNB0021687,INST-0039,2024-06-21T16:24:13+05:30
BEN-000131,Tanmay Ashwin Mishra,2002-10-22,M,+91-000-2788169,"Flat 78, Building 216, Suman Layout, Pune",Pune,Maharashtra,411092,ACC-002088,SYNB0011925,INST-0001,2025-06-23T14:53:23+05:30
BEN-000256,Swara Harsh Khan,2004-11-03,F,+91-000-1779091,"Flat 10, Building 129, Sahyadri Gardens, Pune",Pune,Maharashtra,411064,ACC-002569,SYNB0029931,INST-0006,2023-06-15T13:02:13+05:30
BEN-000569,Vidya Shaurya Ingale,2003-08-25,F,+91-000-5380657,"Flat 12, Building 244, Uday Society, Mumbai",Mumbai,Maharashtra,400070,ACC-001812,SYNB0038034,INST-0034,2025-06-06T11:14:00+05:30
BEN-000083,Sonali Chirag Bhosale,2002-01-05,F,+91-000-7893744,"Flat 66, Building 226, Suman Layout, Nagpur",Nagpur,Maharashtra,440086,ACC-001342,SYNB0027791,INST-0016,2025-06-21T11:45:14+05:30
BEN-000794,Suraj Pranav Ansari,2005-01-21,M,+91-000-1004819,"Flat 37, Building 166, Kalpataru Enclave, Satara",Satara,Maharashtra,415066,ACC-001220,SYNB0042917,INST-0049,2023-06-09T13:31:15+05:30
BEN-000802,Avinash Zaid Jadhav,2003-05-04,M,+91-000-9986747,"Flat 78, Building 212, Suman Layout, Nagpur",Nagpur,Maharashtra,440049,ACC-001177,SYNB0021203,INST-0013,2024-06-24T09:13:02+05:30
BEN-000289,Avinash Atharva Salunkhe,2005-09-02,M,+91-000-9888846,"Flat 66, Building 192, Kalpataru Enclave, Kolhapur",Kolhapur,Maharashtra,416073,ACC-000591,SYNB0046494,INST-0047,2025-06-03T13:35:22+05:30
BEN-000661,Shruti Ashwin Kale,2002-05-14,F,+91-000-2197636,"Flat 60, Building 226, Neelkamal Nagar, Pune",Pune,Maharashtra,411094,ACC-002695,SYNB0020164,INST-0002,2023-06-28T16:07:47+05:30
BEN-000703,Dhruv Hemant Ansari,2001-09-18,M,+91-000-2345920,"Flat 48, Building 25, Sahyadri Gardens, Satara",Satara,Maharashtra,415038,ACC-001352,SYNB0046356,INST-0051,2023-06-13T16:32:38+05:30
BEN-000186,Sameer Ramesh Bhosale,2005-10-14,M,+91-000-6832845,"Flat 27, Building 94, Abhinav Colony, Pune",Pune,Maharashtra,411048,ACC-001402,SYNB0066387,INST-0002,2025-07-02T16:39:50+05:30
BEN-000604,Omkar Dev Reddy,2001-03-27,M,+91-000-1890282,"Flat 49, Building 149, Tarang Nagar, Thane",Thane,Maharashtra,400006,ACC-000589,SYNB0049305,INST-0029,2024-06-20T13:29:50+05:30
BEN-000828,Prachi Mohan Khan,2004-02-03,F,+91-000-8471866,"Flat 14, Building 46, Kalpataru Enclave, Mumbai",Mumbai,Maharashtra,400079,ACC-002120,SYNB0067168,INST-0039,2024-06-07T13:31:06+05:30
BEN-000316,Priya Tejas Kulkarni,2000-01-26,F,+91-000-8148295,"Flat 34, Building 394, Abhinav Colony, Nashik",Nashik,Maharashtra,422032,ACC-002007,SYNB0034075,INST-0018,2023-06-26T15:51:24+05:30
BEN-000355,Tanvi Pranav Gaikwad,2004-05-17,F,+91-000-1734460,"Flat 65, Building 92, Neelkamal Nagar, Thane",Thane,Maharashtra,400068,ACC-000680,SYNB0033693,INST-0029,2023-06-27T13:53:11+05:30
BEN-000780,Pooja Rahul Jadhav,2003-08-28,F,+91-000-7640570,"Flat 22, Building 57, Sahyadri Gardens, Pune",Pune,Maharashtra,411035,ACC-000569,SYNB0026304,INST-0005,2024-06-20T11:24:24+05:30
BEN-000747,Meera Ishan Shah,2003-05-02,F,+91-000-2396724,"Flat 67, Building 79, Neelkamal Nagar, Jalgaon",Jalgaon,Maharashtra,425047,ACC-001360,SYNB0056695,INST-0076,2023-06-25T15:20:11+05:30
BEN-000417,Mukta Sahil Shah,2003-06-10,F,+91-000-7656950,"Flat 43, Building 266, Tarang Nagar, Solapur",Solapur,Maharashtra,413015,ACC-002517,SYNB0067971,INST-0061,2023-07-04T15:37:42+05:30
BEN-000857,Ashwin Chirag Reddy,2002-03-04,M,+91-000-8995273,"Flat 70, Building 259, Chaitra Vihar, Nashik",Nashik,Maharashtra,422053,ACC-001712,SYNB0023588,INST-0023,2025-06-27T14:09:25+05:30
BEN-000306,Radhika Rohit Khan,2004-04-10,F,+91-000-1700837,"Flat 12, Building 157, Suman Layout, Thane",Thane,Maharashtra,400099,ACC-000879,SYNB0037009,INST-0030,2024-06-06T14:46:37+05:30
BEN-000006,Gauri Harsh Khan,2000-09-18,F,+91-000-9837269,"Flat 49, Building 351, Abhinav Colony, Jalgaon",Jalgaon,Maharashtra,425010,ACC-001648,SYNB0062726,INST-0080,2024-06-23T15:30:03+05:30
BEN-000479,Yusuf Harsh Verma,2003-10-10,M,+91-000-3671308,"Flat 7, Building 387, Suman Layout, Pune",Pune,Maharashtra,411017,ACC-000702,SYNB0056114,INST-0007,2023-06-01T13:12:45+05:30
BEN-000399,Shreya Farhan Iyer,2005-04-07,F,+91-000-5249882,"Flat 62, Building 209, Neelkamal Nagar, Amravati",Amravati,Maharashtra,444065,ACC-000248,SYNB0056314,INST-0070,2024-06-08T14:44:40+05:30
BEN-000011,Ayesha Zaid Shaikh,2005-02-08,F,+91-000-3034027,"Flat 17, Building 330, Neelkamal Nagar, Pune",Pune,Maharashtra,411042,ACC-001894,SYNB0033762,INST-0006,2024-06-05T10:53:47+05:30
BEN-000236,Vishal Suraj Shah,2002-02-01,M,+91-000-3948933,"Flat 56, Building 6, Abhinav Colony, Kolhapur",Kolhapur,Maharashtra,416004,ACC-002408,SYNB0052606,INST-0042,2025-06-25T09:13:48+05:30
BEN-000469,Pranav Atharva Sawant,2004-09-28,M,+91-000-4051509,"Flat 32, Building 356, Kalpataru Enclave, Kolhapur",Kolhapur,Maharashtra,416048,ACC-002199,SYNB0054276,INST-0048,2025-06-14T15:55:27+05:30
BEN-000660,Chirag Darshan Salunkhe,2003-09-18,M,+91-000-4720687,"Flat 61, Building 359, Uday Society, Pune",Pune,Maharashtra,411089,ACC-001932,SYNB0018722,INST-0004,2025-06-08T15:02:33+05:30
BEN-000547,Vijay Omkar Wagh,2004-03-23,M,+91-000-4711087,"Flat 66, Building 271, Neelkamal Nagar, Satara",Satara,Maharashtra,415089,ACC-002686,SYNB0028287,INST-0052,2023-06-30T13:18:30+05:30
BEN-000552,Aarti Rohan Dsouza,2004-07-25,F,+91-000-4576485,"Flat 69, Building 154, Chaitra Vihar, Mumbai",Mumbai,Maharashtra,400076,ACC-001445,SYNB0033695,INST-0033,2023-06-03T10:15:59+05:30
BEN-000890,Priya Varun Shah,2005-03-17,F,+91-000-9461748,"Flat 37, Building 14, Sahyadri Gardens, Nashik",Nashik,Maharashtra,422048,ACC-001485,SYNB0054511,INST-0022,2024-06-19T11:47:28+05:30
BEN-000603,Aarti Aditya Bhosale,2004-06-06,F,+91-000-9170024,"Flat 12, Building 143, Uday Society, Pune",Pune,Maharashtra,411063,ACC-002457,SYNB0023747,INST-0005,2025-06-13T14:36:33+05:30
BEN-000580,Gauri Omkar Yadav,2005-08-28,F,+91-000-7044941,"Flat 59, Building 133, Tarang Nagar, Thane",Thane,Maharashtra,400033,ACC-002154,SYNB0039446,INST-0032,2023-06-10T15:20:43+05:30
BEN-000221,Mihir Dev Patil,2003-09-22,M,+91-000-8593275,"Flat 11, Building 62, Abhinav Colony, Pune",Pune,Maharashtra,411073,ACC-002145,SYNB0068056,INST-0003,2024-06-07T15:44:55+05:30
BEN-000212,Yash Kunal Joshi,2002-01-22,M,+91-000-6769431,"Flat 77, Building 53, Sahyadri Gardens, Pune",Pune,Maharashtra,411013,ACC-002775,SYNB0018084,INST-0002,2024-06-07T13:12:41+05:30
BEN-000933,Ankita Dhruv Kale,2003-05-09,F,+91-000-3256060,"Flat 76, Building 26, Abhinav Colony, Mumbai",Mumbai,Maharashtra,400075,ACC-000460,SYNB0041218,INST-0038,2025-06-04T10:16:55+05:30
BEN-000070,Amruta Farhan Fernandes,2001-06-23,F,+91-000-9509040,"Flat 2, Building 368, Chaitra Vihar, Solapur",Solapur,Maharashtra,413028,ACC-001246,SYNB0032377,INST-0064,2024-06-21T11:07:03+05:30
BEN-000612,Sonali Darshan Kadam,2002-05-14,F,+91-000-9086117,"Flat 75, Building 308, Suman Layout, Thane",Thane,Maharashtra,400058,ACC-001353,SYNB0024579,INST-0028,2023-06-15T09:54:48+05:30
BEN-000398,Sahil A Banerjee,2004-07-07,M,+91-000-7018685,"Flat 74, Building 189, Abhinav Colony, Nanded",Nanded,Maharashtra,431010,ACC-001045,SYNB0065998,INST-0088,2023-06-28T09:47:16+05:30
BEN-000750,Nikhil Ashwin Nair,2003-01-04,M,+91-000-4312117,"Flat 2, Building 391, Kalpataru Enclave, Thane",Thane,Maharashtra,400017,ACC-000919,SYNB0020194,INST-0028,2024-06-06T11:26:10+05:30
BEN-000815,Rohit Manish Dsouza,2005-08-14,M,+91-000-1718206,"Flat 49, Building 37, Neelkamal Nagar, Nagpur",Nagpur,Maharashtra,440017,ACC-000864,SYNB0059154,INST-0013,2025-06-07T10:04:24+05:30
BEN-000826,Ramesh Manish Shaikh,2003-10-17,M,+91-000-5203716,"Flat 44, Building 89, Uday Society, Amravati",Amravati,Maharashtra,444004,ACC-000986,SYNB0065941,INST-0066,2023-06-15T10:10:17+05:30
BEN-000218,Meera Zaid Thomas,2006-06-01,F,+91-000-1735708,"Flat 10, Building 184, Kalpataru Enclave, Nagpur",Nagpur,Maharashtra,440072,ACC-002708,SYNB0026559,INST-0010,2023-06-10T11:38:41+05:30
BEN-000741,Swara Tushar Pawar,2003-12-27,F,+91-000-8639388,"Flat 19, Building 114, Tarang Nagar, Kolhapur",Kolhapur,Maharashtra,416060,ACC-001962,SYNB0068668,INST-0048,2023-06-09T14:15:17+05:30
BEN-000195,Pooja Gaurav Bhosale,2004-12-14,F,+91-000-7104651,"Flat 47, Building 106, Neelkamal Nagar, Kolhapur",Kolhapur,Maharashtra,416025,ACC-002186,SYNB0038157,INST-0047,2023-06-07T11:29:35+05:30
BEN-000983,Akshay Kunal Gawande,2003-08-12,M,+91-000-7473923,"Flat 67, Building 389, Kalpataru Enclave, Kolhapur",Kolhapur,Maharashtra,416093,ACC-000324,SYNB0044490,INST-0044,2023-06-04T11:31:47+05:30
BEN-000894,Aarav Karan Chavan,2005-04-22,M,+91-000-6703681,"Flat 61, Building 245, Tarang Nagar, Satara",Satara,Maharashtra,415028,ACC-001113,SYNB0033993,INST-0050,2025-06-12T12:31:49+05:30
BEN-000908,Tushar Avinash Thomas,2003-04-27,M,+91-000-2542590,"Flat 47, Building 233, Neelkamal Nagar, Solapur",Solapur,Maharashtra,413019,ACC-002936,SYNB0054058,INST-0063,2023-06-27T09:44:45+05:30
BEN-000898,Kunal Akash Gawande,2005-11-27,M,+91-000-8380275,"Flat 5, Building 325, Kalpataru Enclave, Solapur",Solapur,Maharashtra,413032,ACC-000536,SYNB0018541,INST-0059,2023-06-25T16:56:17+05:30
BEN-000653,Ayesha Avinash Yadav,2002-12-22,F,+91-000-9005101,"Flat 38, Building 191, Suman Layout, Mumbai",Mumbai,Maharashtra,400021,ACC-001365,SYNB0011003,INST-0039,2024-06-12T10:35:22+05:30
BEN-000481,Tejas Dev Bhosale,1999-08-05,M,+91-000-5798393,"Flat 35, Building 173, Sahyadri Gardens, Pune",Pune,Maharashtra,411003,ACC-002238,SYNB0053014,INST-0008,2023-06-26T10:26:27+05:30
BEN-000739,Ishan Varun Khot,2004-08-17,M,+91-000-7001212,"Flat 53, Building 339, Sahyadri Gardens, Kolhapur",Kolhapur,Maharashtra,416001,ACC-001520,SYNB0037405,INST-0046,2024-06-02T14:46:07+05:30
BEN-000510,Swara Nikhil Fernandes,2004-04-10,F,+91-000-8297709,"Flat 1, Building 229, Chaitra Vihar, Pune",Pune,Maharashtra,411013,ACC-002359,SYNB0031418,INST-0007,2024-06-18T16:01:50+05:30
BEN-000275,Rahul Akshay Shaikh,2004-09-02,M,+91-000-9671603,"Flat 38, Building 196, Suman Layout, Pune",Pune,Maharashtra,411013,ACC-002235,SYNB0057076,INST-0007,2023-06-15T16:52:10+05:30
BEN-000076,Vishal Suraj Ansari,2002-07-16,M,+91-000-4855635,"Flat 60, Building 147, Tarang Nagar, Jalgaon",Jalgaon,Maharashtra,425021,ACC-001652,SYNB0058776,INST-0075,2024-06-26T11:37:30+05:30
BEN-000373,Pallavi Gaurav Sawant,2003-03-09,F,+91-000-2615677,"Flat 11, Building 351, Chaitra Vihar, Mumbai",Mumbai,Maharashtra,400024,ACC-002091,SYNB0059382,INST-0038,2025-07-01T10:37:09+05:30
BEN-000941,Radhika Hemant Pawar,2004-02-19,F,+91-000-8084001,"Flat 54, Building 202, Tarang Nagar, Pune",Pune,Maharashtra,411097,ACC-001100,SYNB0040230,INST-0001,2023-06-09T09:46:49+05:30
BEN-000125,Avinash Akshay Gaikwad,2001-08-13,M,+91-000-6295749,"Flat 75, Building 365, Abhinav Colony, Mumbai",Mumbai,Maharashtra,400007,ACC-001572,SYNB0068742,INST-0035,2025-07-05T16:58:18+05:30
BEN-000138,Yusuf Darshan Wagh,2003-08-21,M,+91-000-3186555,"Flat 77, Building 214, Uday Society, Pune",Pune,Maharashtra,411030,ACC-000528,SYNB0052575,INST-0005,2023-07-01T16:47:37+05:30
BEN-000577,Mukta Sanjay Gawande,2002-12-16,F,+91-000-8607966,"Flat 31, Building 193, Abhinav Colony, Kolhapur",Kolhapur,Maharashtra,416049,ACC-001084,SYNB0040384,INST-0042,2024-06-07T12:36:07+05:30
BEN-000317,Pooja Mohan Jadhav,2005-12-24,M,+91-000-7640567,"Flat 16, Building 25, Sahyadri Gardens, Pune",Pune,Maharashtra,411035,ACC-000395,SYNB0011852,INST-0005,2024-06-20T11:22:09+05:30
BEN-000012,Tejas Shaurya Jadhav,1999-10-17,M,+91-000-1763646,"Flat 35, Building 249, Tarang Nagar, Nagpur",Nagpur,Maharashtra,440097,ACC-002782,SYNB0013459,INST-0014,2024-06-28T12:03:48+05:30
BEN-000438,Atharva Atharva Reddy,2003-08-14,M,+91-000-9766777,"Flat 71, Building 43, Abhinav Colony, Pune",Pune,Maharashtra,411051,ACC-002512,SYNB0064845,INST-0004,2023-06-10T16:38:45+05:30
BEN-000901,Ramesh Mohan Patil,2002-07-04,M,+91-000-3019442,"Flat 11, Building 392, Abhinav Colony, Pune",Pune,Maharashtra,411028,ACC-002634,SYNB0026137,INST-0002,2023-06-10T12:46:40+05:30
BEN-000056,Raj Akshay Kulkarni,2004-06-20,M,+91-000-4005557,"Flat 13, Building 149, Tarang Nagar, Solapur",Solapur,Maharashtra,413089,ACC-002558,SYNB0014427,INST-0062,2025-06-04T10:06:19+05:30
BEN-000349,Darshan Vishal Menon,2006-12-16,M,+91-000-4422567,"Flat 47, Building 358, Abhinav Colony, Satara",Satara,Maharashtra,415057,ACC-002722,SYNB0011617,INST-0050,2025-06-12T16:35:52+05:30
BEN-000400,Chirag Akash Kale,2005-06-04,M,+91-000-9088465,"Flat 45, Building 146, Abhinav Colony, Thane",Thane,Maharashtra,400016,ACC-001281,SYNB0048506,INST-0029,2023-06-18T13:25:46+05:30
BEN-000348,Tanvi Karan Naik,2003-11-06,F,+91-000-4888118,"Flat 74, Building 363, Uday Society, Amravati",Amravati,Maharashtra,444017,ACC-000187,SYNB0017926,INST-0070,2023-06-23T14:19:12+05:30
BEN-000687,Yash Yash Patil,2003-02-09,M,+91-000-4084811,"Flat 48, Building 367, Suman Layout, Nagpur",Nagpur,Maharashtra,440047,ACC-002225,SYNB0027761,INST-0012,2023-06-10T15:51:21+05:30
BEN-000108,Deepa Soham Yadav,2006-01-14,F,+91-000-6265911,"Flat 52, Building 222, Abhinav Colony, Nashik",Nashik,Maharashtra,422054,ACC-000721,SYNB0061087,INST-0024,2024-06-02T12:02:17+05:30
BEN-000811,Aditya Suraj Shah,2005-04-12,M,+91-000-3097821,"Flat 79, Building 293, Tarang Nagar, Pune",Pune,Maharashtra,411019,ACC-000015,SYNB0018942,INST-0002,2025-06-06T13:02:43+05:30
BEN-000370,Tejas Vijay Pawar,2005-08-06,M,+91-000-8539415,"Flat 49, Building 316, Kalpataru Enclave, Pune",Pune,Maharashtra,411027,ACC-000368,SYNB0054450,INST-0003,2023-06-27T14:50:22+05:30
BEN-000251,Gauri Zaid Nair,2004-02-02,F,+91-000-8597490,"Flat 19, Building 251, Kalpataru Enclave, Satara",Satara,Maharashtra,415061,ACC-000884,SYNB0048792,INST-0049,2023-06-16T15:23:00+05:30
BEN-000925,Isha Avinash Yadav,2004-05-24,F,+91-000-5960564,"Flat 72, Building 13, Abhinav Colony, Kolhapur",Kolhapur,Maharashtra,416035,ACC-002662,SYNB0041293,INST-0046,2024-06-23T14:19:07+05:30
BEN-000525,Zaid Amol Bhosale,2001-02-16,M,+91-000-2963085,"Flat 66, Building 38, Abhinav Colony, Mumbai",Mumbai,Maharashtra,400032,ACC-000563,SYNB0062081,INST-0039,2025-06-24T11:03:04+05:30
BEN-000032,Jay Yash Kulkarni,2003-09-04,M,+91-000-5323737,"Flat 58, Building 140, Sahyadri Gardens, Thane",Thane,Maharashtra,400033,ACC-002038,SYNB0055216,INST-0032,2023-06-09T15:53:50+05:30
BEN-000632,Yusuf Harsh Dsouza,2003-11-22,M,+91-000-6379509,"Flat 28, Building 121, Abhinav Colony, Satara",Satara,Maharashtra,415022,ACC-001318,SYNB0026120,INST-0051,2025-06-29T11:03:53+05:30
BEN-000243,Aditya Tushar Dsouza,2003-02-17,M,+91-000-7128662,"Flat 57, Building 58, Neelkamal Nagar, Latur",Latur,Maharashtra,413031,ACC-000299,SYNB0050733,INST-0092,2024-06-21T14:11:29+05:30
BEN-000099,Aparna Vishal Singh,2005-11-04,F,+91-000-2075091,"Flat 9, Building 44, Kalpataru Enclave, Thane",Thane,Maharashtra,400002,ACC-001681,SYNB0038694,INST-0025,2024-06-22T16:45:38+05:30
BEN-000319,Yusuf Sanjay Ansari,2005-03-07,M,+91-000-3430151,"Flat 74, Building 48, Kalpataru Enclave, Kolhapur",Kolhapur,Maharashtra,416020,ACC-000283,SYNB0017541,INST-0043,2023-06-23T15:02:38+05:30
BEN-000996,Hemant Vijay Fernandes,2003-11-10,M,+91-000-2502467,"Flat 48, Building 249, Kalpataru Enclave, Amravati",Amravati,Maharashtra,444041,ACC-000250,SYNB0032161,INST-0071,2023-07-03T10:09:02+05:30
BEN-000692,Sneha Karan Ansari,2002-08-07,F,+91-000-7077092,"Flat 13, Building 136, Tarang Nagar, Mumbai",Mumbai,Maharashtra,400049,ACC-001842,SYNB0048395,INST-0037,2024-06-28T09:50:49+05:30
BEN-000631,Pallavi Sanjay Nair,2004-03-27,F,+91-000-1012076,"Flat 26, Building 167, Sahyadri Gardens, Thane",Thane,Maharashtra,400036,ACC-001970,SYNB0026440,INST-0029,2024-07-03T12:58:41+05:30
BEN-000180,Harsh Yash Kulkarni,2004-06-28,M,+91-000-5806156,"Flat 80, Building 37, Abhinav Colony, Pune",Pune,Maharashtra,411075,ACC-001960,SYNB0010159,INST-0008,2024-06-22T16:09:19+05:30
BEN-000600,Radhika Tanmay Sawant,2004-10-05,F,+91-000-7396087,"Flat 25, Building 396, Abhinav Colony, Satara",Satara,Maharashtra,415027,ACC-001645,SYNB0055811,INST-0053,2025-06-12T09:55:06+05:30
BEN-000435,Dhruv Madhav Nair,2004-11-22,M,+91-000-7326357,"Flat 25, Building 394, Abhinav Colony, Nagpur",Nagpur,Maharashtra,440099,ACC-002611,SYNB0066743,INST-0013,2023-06-13T15:15:15+05:30
BEN-000658,Sahil Tanmay Fernandes,2001-06-11,M,+91-000-7365745,"Flat 49, Building 345, Neelkamal Nagar, Pune",Pune,Maharashtra,411065,ACC-001351,SYNB0019911,INST-0005,2023-06-19T11:22:26+05:30
BEN-000177,Tanmay Yusuf Naik,2001-04-15,M,+91-000-2456980,"Flat 21, Building 60, Uday Society, Mumbai",Mumbai,Maharashtra,400030,ACC-002498,SYNB0062540,INST-0036,2024-06-04T14:52:07+05:30
BEN-000589,Meera Ishan Jadhav,2003-10-06,F,+91-000-6299951,"Flat 63, Building 389, Uday Society, Kolhapur",Kolhapur,Maharashtra,416029,ACC-002432,SYNB0044186,INST-0042,2023-06-06T15:39:38+05:30
BEN-000782,Amol Mihir Sawant,2006-02-08,M,+91-000-2719329,"Flat 55, Building 372, Tarang Nagar, Jalgaon",Jalgaon,Maharashtra,425036,ACC-001478,SYNB0033282,INST-0077,2024-06-26T12:14:28+05:30
BEN-000028,Meera Amol Shah,2003-04-17,F,+91-000-2396727,"Flat 24, Building 30, Tarang Nagar, Jalgaon",Jalgaon,Maharashtra,425047,ACC-000463,SYNB0030808,INST-0076,2023-06-25T15:22:26+05:30
BEN-000060,Aishwarya Suraj Bhosale,2005-11-08,F,+91-000-2227162,"Flat 27, Building 274, Neelkamal Nagar, Pune",Pune,Maharashtra,411001,ACC-000646,SYNB0032179,INST-0006,2023-06-24T11:57:15+05:30
BEN-000054,Nidhi Sanjay Jadhav,2001-07-16,F,+91-000-2155557,"Flat 19, Building 96, Neelkamal Nagar, Pune",Pune,Maharashtra,411004,ACC-001155,SYNB0068345,INST-0005,2024-06-21T16:55:12+05:30
BEN-000754,Vaishnavi Karan Mishra,2005-12-04,F,+91-000-4746463,"Flat 31, Building 9, Tarang Nagar, Pune",Pune,Maharashtra,411024,ACC-000805,SYNB0061673,INST-0005,2023-06-02T13:20:05+05:30
BEN-000021,Darshan Farhan Salunkhe,2004-01-11,M,+91-000-8938740,"Flat 24, Building 128, Kalpataru Enclave, Solapur",Solapur,Maharashtra,413033,ACC-001887,SYNB0013812,INST-0062,2023-07-03T09:51:33+05:30
BEN-000721,Vikram Omkar Kadam,2003-02-16,M,+91-000-9911007,"Flat 1, Building 233, Uday Society, Nagpur",Nagpur,Maharashtra,440020,ACC-001348,SYNB0041818,INST-0016,2024-06-27T09:29:22+05:30
BEN-000910,Darshan Tejas Iyer,2002-01-06,M,+91-000-6444432,"Flat 52, Building 72, Tarang Nagar, Nashik",Nashik,Maharashtra,422006,ACC-000071,SYNB0040163,INST-0023,2023-06-26T11:38:18+05:30
BEN-000508,Raj Atharva Salunkhe,2004-02-25,M,+91-000-4214793,"Flat 79, Building 241, Abhinav Colony, Solapur",Solapur,Maharashtra,413017,ACC-002856,SYNB0016992,INST-0060,2023-06-25T11:17:15+05:30
BEN-000422,Priya Atharva Reddy,2001-08-07,F,+91-000-7018685,"Flat 55, Building 337, Kalpataru Enclave, Nanded",Nanded,Maharashtra,431010,ACC-001694,SYNB0014960,INST-0088,2023-06-16T09:22:22+05:30
BEN-000301,Vikram Omkar Qureshi,2005-03-23,M,+91-000-5935483,"Flat 34, Building 260, Neelkamal Nagar, Solapur",Solapur,Maharashtra,413046,ACC-002692,SYNB0066921,INST-0063,2025-06-21T13:07:32+05:30
BEN-000591,Aishwarya Sanjay Jain,2002-10-23,F,+91-000-8796391,"Flat 52, Building 201, Suman Layout, Nagpur",Nagpur,Maharashtra,440013,ACC-002848,SYNB0021079,INST-0012,2024-06-18T13:30:25+05:30
BEN-000977,Tushar Nikhil Chavan,2004-11-07,M,+91-000-5702093,"Flat 15, Building 357, Kalpataru Enclave, Solapur",Solapur,Maharashtra,413053,ACC-002326,SYNB0024531,INST-0058,2025-06-22T10:52:41+05:30
BEN-000760,Tejas Dhruv Shaikh,2004-06-16,M,+91-000-6752216,"Flat 53, Building 334, Chaitra Vihar, Thane",Thane,Maharashtra,400061,ACC-000078,SYNB0066392,INST-0029,2025-06-09T09:19:29+05:30
BEN-000134,Sonali Ashwin Khot,2004-06-23,F,+91-000-5325249,"Flat 60, Building 343, Uday Society, Pune",Pune,Maharashtra,411098,ACC-002484,SYNB0024107,INST-0003,2023-06-21T12:50:28+05:30
BEN-000271,Ramesh Pranav Kale,2002-05-14,M,+91-000-6245463,"Flat 70, Building 161, Sahyadri Gardens, Pune",Pune,Maharashtra,411054,ACC-000179,SYNB0031257,INST-0007,2024-06-17T14:41:18+05:30
BEN-000187,Ramesh Nikhil Iyer,2002-10-06,M,+91-000-9441777,"Flat 26, Building 229, Chaitra Vihar, Pune",Pune,Maharashtra,411023,ACC-001111,SYNB0022254,INST-0005,2023-07-01T09:36:29+05:30
BEN-000817,Vidya Harsh Deshmukh,2003-07-01,F,+91-000-5510085,"Flat 48, Building 369, Uday Society, Pune",Pune,Maharashtra,411073,ACC-001964,SYNB0015994,INST-0003,2025-06-25T15:16:44+05:30
BEN-000532,Vijay Ishan Khan,2004-10-25,M,+91-000-8729606,"Flat 35, Building 283, Chaitra Vihar, Pune",Pune,Maharashtra,411031,ACC-000411,SYNB0043944,INST-0003,2023-06-02T14:02:23+05:30
BEN-000090,Mohan Gaurav Deshmukh,2005-03-07,M,+91-000-4518395,"Flat 79, Building 233, Abhinav Colony, Solapur",Solapur,Maharashtra,413050,ACC-000974,SYNB0049587,INST-0062,2024-06-09T13:09:59+05:30
BEN-000781,Tushar Pranav Bhosale,2004-11-23,M,+91-000-6000558,"Flat 25, Building 366, Chaitra Vihar, Thane",Thane,Maharashtra,400073,ACC-002301,SYNB0053339,INST-0027,2023-06-27T16:28:41+05:30
BEN-000611,Ananya Vishal Shaikh,2004-05-13,F,+91-000-7785511,"Flat 60, Building 157, Tarang Nagar, Solapur",Solapur,Maharashtra,413037,ACC-000967,SYNB0058802,INST-0063,2023-07-01T09:39:17+05:30
BEN-000183,Pranav Mohan Pawar,2001-02-22,X,+91-000-7260091,"Flat 71, Building 209, Neelkamal Nagar, Pune",Pune,Maharashtra,411043,ACC-000483,SYNB0054056,INST-0002,2023-06-24T12:02:08+05:30
BEN-000987,Akash Avinash Reddy,2004-04-15,M,+91-000-2786278,"Flat 46, Building 48, Chaitra Vihar, Satara",Satara,Maharashtra,415008,ACC-002111,SYNB0015048,INST-0052,2023-07-04T11:01:19+05:30
BEN-000776,Ishan Ramesh Kadam,2004-12-26,M,+91-000-6165171,"Flat 36, Building 3, Kalpataru Enclave, Nagpur",Nagpur,Maharashtra,440012,ACC-001750,SYNB0052670,INST-0016,2025-07-04T14:56:03+05:30
BEN-000441,Rohan Harsh Verma,2004-02-25,M,+91-000-7077878,"Flat 63, Building 288, Suman Layout, Pune",Pune,Maharashtra,411078,ACC-002078,SYNB0043628,INST-0007,2024-06-03T14:28:35+05:30
BEN-000029,Vishal Atharva Singh,2005-07-24,M,+91-000-7455837,"Flat 33, Building 128, Sahyadri Gardens, Pune",Pune,Maharashtra,411023,ACC-002001,SYNB0012829,INST-0005,2023-06-12T10:29:19+05:30
BEN-000182,Sanjay Varun Thomas,2001-06-06,M,+91-000-7211142,"Flat 13, Building 160, Chaitra Vihar, Pune",Pune,Maharashtra,411023,ACC-002974,SYNB0046248,INST-0007,2024-06-17T13:32:53+05:30
BEN-000571,Janhavi Vishal Suryawanshi,2004-07-04,F,+91-000-1147701,"Flat 35, Building 32, Chaitra Vihar, Jalgaon",Jalgaon,Maharashtra,425060,ACC-001389,SYNB0053875,INST-0079,2024-06-05T13:24:25+05:30
BEN-000059,Riya Sanjay Joshi,2005-02-04,F,+91-000-4864570,"Flat 72, Building 87, Sahyadri Gardens, Solapur",Solapur,Maharashtra,413063,ACC-000578,SYNB0065090,INST-0060,2023-06-06T10:17:11+05:30
BEN-000341,Karan Jay Joshi,2002-02-16,M,+91-000-6777340,"Flat 25, Building 309, Abhinav Colony, Nanded",Nanded,Maharashtra,431079,ACC-002366,SYNB0032956,INST-0086,2024-06-30T14:59:37+05:30
BEN-000682,Priya Tushar More,2004-02-14,F,+91-000-3807132,"Flat 49, Building 51, Abhinav Colony, Pune",Pune,Maharashtra,411028,ACC-002167,SYNB0046263,INST-0008,2024-06-19T09:26:49+05:30
BEN-000161,Gauri Chirag Menon,2003-07-06,F,+91-000-6924499,"Flat 26, Building 387, Uday Society, Jalgaon",Jalgaon,Maharashtra,425043,ACC-001966,SYNB0014611,INST-0076,2023-06-21T11:22:10+05:30
BEN-000407,Gauri Avinash Gaikwad,2004-02-14,F,+91-000-1198306,"Flat 70, Building 42, Chaitra Vihar, Nagpur",Nagpur,Maharashtra,440059,ACC-001830,SYNB0061465,INST-0011,2024-06-18T16:42:41+05:30
BEN-000492,Rahul Ishan Ansari,2004-01-07,M,+91-000-8718703,"Flat 52, Building 152, Suman Layout, Nagpur",Nagpur,Maharashtra,440099,ACC-001069,SYNB0039934,INST-0016,2023-06-06T16:57:42+05:30
BEN-000716,Swara Aniket Deshmukh,2004-09-24,F,+91-000-5220919,"Flat 54, Building 276, Neelkamal Nagar, Satara",Satara,Maharashtra,415068,ACC-001801,SYNB0029264,INST-0049,2024-07-01T15:00:00+05:30
BEN-000722,Aishwarya Avinash Singh,2002-05-20,F,+91-000-1681729,"Flat 34, Building 265, Chaitra Vihar, Pune",Pune,Maharashtra,411056,ACC-001387,SYNB0035908,INST-0003,2025-06-21T15:42:25+05:30
BEN-000356,Nikhil Karan Shaikh,2002-08-19,M,+91-000-1247041,"Flat 58, Building 159, Neelkamal Nagar, Thane",Thane,Maharashtra,400054,ACC-001282,SYNB0057132,INST-0028,2024-06-25T12:09:48+05:30
BEN-000170,Avinash Jay Gupta,2005-04-07,M,+91-000-4246367,"Flat 29, Building 29, Abhinav Colony, Amravati",Amravati,Maharashtra,444016,ACC-002345,SYNB0029036,INST-0067,2025-06-25T15:40:21+05:30
BEN-000351,Nidhi Sanjay Suryawanshi,2005-05-28,F,+91-000-2062698,"Flat 52, Building 222, Tarang Nagar, Thane",Thane,Maharashtra,400019,ACC-002570,SYNB0054103,INST-0025,2023-06-07T09:31:58+05:30
BEN-000555,Zara Nikhil Gupta,1999-09-17,F,+91-000-4112748,"Flat 74, Building 394, Neelkamal Nagar, Nagpur",Nagpur,Maharashtra,440016,ACC-000296,SYNB0029728,INST-0013,2023-06-08T12:41:50+05:30
BEN-000303,Avinash Mihir Singh,2004-02-21,M,+91-000-8413185,"Flat 52, Building 113, Chaitra Vihar, Pune",Pune,Maharashtra,411053,ACC-002414,SYNB0019413,INST-0005,2023-06-04T13:10:52+05:30
BEN-000942,Madhura Madhav Dsouza,2003-07-25,F,+91-000-1020136,"Flat 54, Building 3, Suman Layout, Amravati",Amravati,Maharashtra,444008,ACC-002640,SYNB0065167,INST-0071,2023-06-23T14:52:41+05:30
BEN-000208,Suraj Ishan Bhosale,2003-07-08,M,+91-000-7692945,"Flat 6, Building 23, Uday Society, Satara",Satara,Maharashtra,415002,ACC-000952,SYNB0023217,INST-0051,2023-06-13T12:48:29+05:30
BEN-000981,Supriya Dev Bhosale,2004-03-22,F,+91-000-7350486,"Flat 65, Building 226, Chaitra Vihar, Amravati",Amravati,Maharashtra,444006,ACC-001858,SYNB0050813,INST-0068,2023-06-04T15:30:14+05:30
BEN-000455,Vedant Mihir Iyer,2003-01-26,M,+91-000-8780468,"Flat 6, Building 104, Kalpataru Enclave, Nagpur",Nagpur,Maharashtra,440036,ACC-000247,SYNB0033026,INST-0013,2023-06-16T12:31:49+05:30
BEN-000163,Aishwarya Mihir Pawar,2003-07-26,F,+91-000-7124992,"Flat 6, Building 266, Neelkamal Nagar, Mumbai",Mumbai,Maharashtra,400015,ACC-000905,SYNB0033894,INST-0035,2024-06-28T16:06:09+05:30
BEN-000318,Vijay Vishal Qureshi,2004-04-10,X,+91-000-1709057,"Flat 69, Building 218, Uday Society, Mumbai",Mumbai,Maharashtra,400005,ACC-000462,SYNB0010533,INST-0034,2024-06-04T11:43:57+05:30
BEN-000320,Kirti Darshan Deshmukh,2001-03-23,F,+91-000-1081065,"Flat 59, Building 133, Tarang Nagar, Thane",Thane,Maharashtra,400033,ACC-002154,SYNB0039446,INST-0032,2023-06-09T10:07:42+05:30
BEN-000699,Sanika Sanjay Iyer,2001-11-18,F,+91-000-2780658,"Flat 60, Building 87, Tarang Nagar, Nagpur",Nagpur,Maharashtra,440015,ACC-002855,SYNB0012095,INST-0016,2024-07-05T11:11:33+05:30
BEN-000594,Harsh Aarav Jadhav,2003-08-02,M,+91-000-4135756,"Flat 21, Building 145, Uday Society, Thane",Thane,Maharashtra,400004,ACC-000502,SYNB0018628,INST-0028,2023-06-16T09:18:26+05:30
BEN-000220,Sachin Rohit Ansari,2005-02-05,M,+91-000-7585029,"Flat 29, Building 187, Suman Layout, Nagpur",Nagpur,Maharashtra,440058,ACC-001027,SYNB0037439,INST-0012,2024-06-26T10:42:38+05:30
BEN-000300,Meera Sanjay Patil,2002-02-15,F,+91-000-9184645,"Flat 60, Building 296, Kalpataru Enclave, Mumbai",Mumbai,Maharashtra,400048,ACC-002173,SYNB0019386,INST-0038,2024-06-10T14:05:59+05:30
BEN-000346,Ishan Dhruv Kadam,2004-12-11,M,+91-000-5452763,"Flat 79, Building 191, Chaitra Vihar, Mumbai",Mumbai,Maharashtra,400001,ACC-000440,SYNB0040630,INST-0034,2024-07-01T16:01:22+05:30
BEN-000283,Sonali Chirag Gawande,2002-05-23,F,+91-000-3916715,"Flat 23, Building 228, Tarang Nagar, Kolhapur",Kolhapur,Maharashtra,416003,ACC-002405,SYNB0022934,INST-0048,2023-07-05T10:58:29+05:30
BEN-000058,Mukta S Gawande,2002-12-16,F,+91-000-8607966,"Flat 31, Building 193, Abhinav Colony, Kolhapur",Kolhapur,Maharashtra,416049,ACC-001093,SYNB0035863,INST-0042,2024-06-07T12:36:07+05:30
BEN-000872,Ishan Soham Gaikwad,1999-12-26,M,+91-000-1479346,"Flat 14, Building 264, Neelkamal Nagar, Mumbai",Mumbai,Maharashtra,400092,ACC-000960,SYNB0033761,INST-0039,2025-06-29T13:18:57+05:30
BEN-000506,Vaishnavi Sahil Kale,2005-11-22,F,+91-000-2468357,"Flat 14, Building 200, Uday Society, Nanded",Nanded,Maharashtra,431024,ACC-002102,SYNB0040783,INST-0085,2025-06-01T09:26:34+05:30
BEN-000943,Tanmay Raj Naik,2003-02-06,M,+91-000-1137641,"Flat 55, Building 252, Tarang Nagar, Thane",Thane,Maharashtra,400030,ACC-001924,SYNB0019280,INST-0026,2025-06-12T10:12:00+05:30
BEN-000816,Ayesha Ashwin Gaikwad,2000-07-25,F,+91-000-7528076,"Flat 73, Building 62, Sahyadri Gardens, Nanded",Nanded,Maharashtra,431098,ACC-002997,SYNB0016246,INST-0081,2023-07-05T09:40:22+05:30
BEN-000608,Pooja Zaid Ingale,2001-08-13,F,+91-000-3049194,"Flat 69, Building 358, Suman Layout, Mumbai",Mumbai,Maharashtra,400021,ACC-002575,SYNB0029250,INST-0040,2024-06-28T11:13:17+05:30
BEN-000327,Tushar Chirag Sawant,2006-02-09,M,+91-000-4289394,"Flat 25, Building 398, Uday Society, Thane",Thane,Maharashtra,400052,ACC-001014,SYNB0055140,INST-0027,2024-06-16T14:20:54+05:30
BEN-000537,Aarti Kunal Wagh,2003-01-13,F,+91-000-7919359,"Flat 18, Building 86, Kalpataru Enclave, Nanded",Nanded,Maharashtra,431061,ACC-001949,SYNB0038410,INST-0083,2025-06-09T11:12:07+05:30
BEN-000666,Diya Farhan Reddy,2006-03-12,F,+91-000-1214253,"Flat 58, Building 277, Abhinav Colony, Pune",Pune,Maharashtra,411069,ACC-000068,SYNB0060569,INST-0005,2024-06-08T09:13:36+05:30
BEN-000480,Mohan Shaurya Shaikh,2006-02-04,M,+91-000-2984841,"Flat 74, Building 398, Chaitra Vihar, Nanded",Nanded,Maharashtra,431019,ACC-002324,SYNB0066744,INST-0085,2024-06-14T15:48:39+05:30
BEN-000598,Amruta Nikhil Suryawanshi,2004-08-15,F,+91-000-2209981,"Flat 60, Building 295, Kalpataru Enclave, Pune",Pune,Maharashtra,411095,ACC-000235,SYNB0028616,INST-0002,2023-06-19T14:52:57+05:30
BEN-000482,Fatima Yash Singh,2004-01-23,F,+91-000-4598010,"Flat 64, Building 108, Abhinav Colony, Pune",Pune,Maharashtra,411063,ACC-002457,SYNB0023747,INST-0005,2023-06-08T10:26:47+05:30
BEN-000045,Ayesha Vikram Shaikh,2005-02-21,F,+91-000-1217520,"Flat 27, Building 212, Uday Society, Nashik",Nashik,Maharashtra,422037,ACC-001585,SYNB0046722,INST-0019,2023-06-17T15:15:06+05:30
BEN-000897,Swara Sahil Khot,2004-06-18,F,+91-000-7231035,"Flat 42, Building 88, Abhinav Colony, Thane",Thane,Maharashtra,400075,ACC-001095,SYNB0055678,INST-0029,2024-06-11T15:12:03+05:30
BEN-000655,Shruti Vijay Shah,2001-11-01,F,+91-000-5164755,"Flat 5, Building 341, Suman Layout, Pune",Pune,Maharashtra,411035,ACC-002521,SYNB0040308,INST-0003,2025-06-22T12:33:43+05:30
BEN-000031,Vidya Ashwin Banerjee,2004-12-24,F,+91-000-3983202,"Flat 53, Building 112, Abhinav Colony, Thane",Thane,Maharashtra,400046,ACC-000977,SYNB0043941,INST-0029,2023-06-16T14:53:41+05:30
BEN-000237,Prachi Dev Dsouza,2003-12-14,F,+91-000-8464156,"Flat 77, Building 130, Tarang Nagar, Nagpur",Nagpur,Maharashtra,440004,ACC-001425,SYNB0058653,INST-0012,2024-06-08T14:06:31+05:30
BEN-000514,Pallavi Ishan Gupta,2003-06-10,F,+91-000-5196677,"Flat 61, Building 262, Tarang Nagar, Kolhapur",Kolhapur,Maharashtra,416050,ACC-000981,SYNB0065595,INST-0043,2023-07-01T12:04:05+05:30
BEN-000107,Dhruv Yash Joshi,2002-09-16,M,+91-000-9090660,"Flat 14, Building 351, Uday Society, Satara",Satara,Maharashtra,415079,ACC-000487,SYNB0023494,INST-0052,2023-06-10T11:56:49+05:30
BEN-000599,Amol Raj Shinde,2002-07-13,M,+91-000-4449052,"Flat 21, Building 57, Abhinav Colony, Nagpur",Nagpur,Maharashtra,440069,ACC-001125,SYNB0038496,INST-0015,2023-07-01T15:45:51+05:30
BEN-000057,Aparna Amol Mishra,2003-01-01,F,+91-000-5619177,"Flat 44, Building 239, Tarang Nagar, Jalgaon",Jalgaon,Maharashtra,425078,ACC-002828,SYNB0033221,INST-0078,2023-06-02T09:32:43+05:30
BEN-000734,Deepa Soham Wagh,2006-12-23,F,+91-000-8086467,"Flat 20, Building 83, Sahyadri Gardens, Nashik",Nashik,Maharashtra,422015,ACC-002196,SYNB0068771,INST-0017,2023-06-21T14:13:46+05:30
BEN-000669,Sakshi Rohit Mishra,2005-08-05,F,+91-000-3661058,"Flat 53, Building 302, Uday Society, Solapur",Solapur,Maharashtra,413074,ACC-000896,SYNB0061834,INST-0058,2023-06-11T13:40:32+05:30
BEN-000365,Dev Chirag Deshmukh,2003-11-22,M,+91-000-9998515,"Flat 10, Building 71, Uday Society, Pune",Pune,Maharashtra,411068,ACC-002705,SYNB0049566,INST-0004,2024-06-29T09:44:45+05:30
BEN-000024,Tejas Harsh Singh,2002-07-15,M,+91-000-4726098,"Flat 21, Building 32, Kalpataru Enclave, Nashik",Nashik,Maharashtra,422096,ACC-000719,SYNB0044488,INST-0024,2023-07-04T11:37:52+05:30
BEN-000969,Hemant Vijay Fernandes,2003-01-08,M,+91-000-9667792,"Flat 65, Building 56, Suman Layout, Thane",Thane,Maharashtra,400055,ACC-002071,SYNB0055536,INST-0029,2024-06-26T14:23:53+05:30
BEN-000042,Jay K Banerjee,2003-09-20,M,+91-000-5146693,"Flat 75, Building 170, Kalpataru Enclave, Nanded",Nanded,Maharashtra,431010,ACC-001045,SYNB0065998,INST-0088,2023-06-29T09:51:20+05:30
BEN-000950,Zara Siddharth Naik,2004-08-01,F,+91-000-6540652,"Flat 72, Building 221, Neelkamal Nagar, Thane",Thane,Maharashtra,400074,ACC-000804,SYNB0025420,INST-0028,2024-06-05T11:22:35+05:30
BEN-000629,Sachin Farhan Kadam,2001-03-07,M,+91-000-3928275,"Flat 59, Building 133, Tarang Nagar, Thane",Thane,Maharashtra,400033,ACC-002154,SYNB0039446,INST-0032,2025-06-01T14:42:22+05:30
BEN-000535,Aparna Harsh Iyer,2003-03-05,F,+91-000-6773715,"Flat 43, Building 286, Suman Layout, Thane",Thane,Maharashtra,400054,ACC-002697,SYNB0059140,INST-0025,2025-06-21T16:51:52+05:30
BEN-000049,Aarav Mohan Kale,2005-11-20,M,+91-000-3986212,"Flat 48, Building 23, Neelkamal Nagar, Pune",Pune,Maharashtra,411028,ACC-000128,SYNB0043607,INST-0007,2023-06-20T15:59:10+05:30
BEN-000626,Radhika Amol Mishra,2004-03-01,F,+91-000-6195254,"Flat 12, Building 68, Suman Layout, Pune",Pune,Maharashtra,411073,ACC-000906,SYNB0046178,INST-0003,2023-06-30T16:43:48+05:30
BEN-000789,Deepa Raj Salunkhe,2002-02-28,F,+91-000-6736345,"Flat 53, Building 334, Chaitra Vihar, Thane",Thane,Maharashtra,400061,ACC-000907,SYNB0063382,INST-0029,2023-06-26T12:10:25+05:30
BEN-000570,Hemant Ramesh Bhosale,2002-04-21,M,+91-000-3778404,"Flat 12, Building 265, Sahyadri Gardens, Nanded",Nanded,Maharashtra,431001,ACC-001518,SYNB0043066,INST-0087,2024-06-05T13:27:58+05:30
BEN-000980,Rahul Aditya Banerjee,2002-02-02,M,+91-000-7629401,"Flat 50, Building 55, Sahyadri Gardens, Thane",Thane,Maharashtra,400026,ACC-001429,SYNB0058386,INST-0029,2024-06-14T14:23:59+05:30
BEN-000830,Meera Vishal Shinde,2006-10-23,F,+91-000-7060792,"Flat 5, Building 178, Neelkamal Nagar, Pune",Pune,Maharashtra,411054,ACC-002532,SYNB0028087,INST-0002,2023-07-01T10:10:42+05:30
BEN-000743,Nidhi Mohan Jain,2003-07-02,F,+91-000-3605071,"Flat 42, Building 224, Uday Society, Nagpur",Nagpur,Maharashtra,440021,ACC-000065,SYNB0069122,INST-0009,2024-06-20T11:51:53+05:30
BEN-000888,Hemant Manish Shah,1999-12-22,M,+91-000-3597208,"Flat 60, Building 92, Abhinav Colony, Thane",Thane,Maharashtra,400051,ACC-000259,SYNB0051340,INST-0025,2024-06-06T12:47:19+05:30
BEN-000244,Aarti Avinash Joshi,2001-12-26,F,+91-000-5372416,"Flat 48, Building 276, Kalpataru Enclave, Pune",Pune,Maharashtra,411089,ACC-001418,SYNB0037139,INST-0001,2023-06-17T16:08:41+05:30
BEN-000740,Yusuf Tanmay More,2004-03-01,M,+91-000-3288101,"Flat 72, Building 229, Chaitra Vihar, Amravati",Amravati,Maharashtra,444016,ACC-000763,SYNB0021923,INST-0065,2023-06-09T14:14:04+05:30
BEN-000189,Supriya Sanjay Dsouza,2002-04-02,F,+91-000-4643811,"Flat 48, Building 304, Tarang Nagar, Thane",Thane,Maharashtra,400093,ACC-000188,SYNB0029328,INST-0025,2024-06-12T12:20:58+05:30
BEN-000919,Madhura Vijay Gawande,2004-11-27,F,+91-000-9024879,"Flat 78, Building 290, Chaitra Vihar, Thane",Thane,Maharashtra,400013,ACC-000356,SYNB0034456,INST-0031,2024-07-01T14:41:07+05:30
BEN-000217,Shaurya Yusuf Sawant,2002-07-16,M,+91-000-9628674,"Flat 80, Building 228, Abhinav Colony, Pune",Pune,Maharashtra,411032,ACC-001316,SYNB0052065,INST-0003,2024-06-03T09:33:02+05:30
BEN-000176,Aparna Ramesh Kale,2003-10-18,F,+91-000-6862008,"Flat 67, Building 399, Suman Layout, Pune",Pune,Maharashtra,411034,ACC-002983,SYNB0041280,INST-0008,2023-06-28T13:00:20+05:30
BEN-000071,Akanksha Sahil Jain,2005-02-18,F,+91-000-6550757,"Flat 38, Building 53, Suman Layout, Nashik",Nashik,Maharashtra,422019,ACC-000824,SYNB0068907,INST-0017,2023-06-15T09:13:06+05:30
BEN-000745,Vedant Vishal Shah,2003-06-15,M,+91-000-9975319,"Flat 34, Building 68, Abhinav Colony, Solapur",Solapur,Maharashtra,413027,ACC-001472,SYNB0054232,INST-0060,2024-06-10T10:17:21+05:30
BEN-000906,Rohan Aniket Qureshi,2005-04-11,M,+91-000-5255251,"Flat 40, Building 52, Neelkamal Nagar, Nashik",Nashik,Maharashtra,422082,ACC-002306,SYNB0038819,INST-0023,2024-06-21T14:39:35+05:30
BEN-000813,Ananya Rohan Pawar,2003-07-10,F,+91-000-2997927,"Flat 64, Building 395, Uday Society, Thane",Thane,Maharashtra,400099,ACC-002682,SYNB0041710,INST-0025,2023-07-04T16:33:58+05:30
BEN-000487,Harsh Mohan Salunkhe,2003-09-27,M,+91-000-5783807,"Flat 30, Building 197, Neelkamal Nagar, Solapur",Solapur,Maharashtra,413075,ACC-001479,SYNB0058145,INST-0063,2024-07-04T14:15:35+05:30
BEN-000166,Aishwarya Darshan Sawant,2003-08-26,F,+91-000-7923193,"Flat 17, Building 167, Suman Layout, Thane",Thane,Maharashtra,400065,ACC-001852,SYNB0044355,INST-0031,2023-06-09T09:59:55+05:30
BEN-000381,Akanksha Rohit Suryawanshi,2003-06-17,F,+91-000-1141240,"Flat 69, Building 48, Uday Society, Nagpur",Nagpur,Maharashtra,440034,ACC-000965,SYNB0051216,INST-0014,2023-06-09T16:32:15+05:30
BEN-000820,Diya Ashwin Chavan,2001-08-17,F,+91-000-3046175,"Flat 6, Building 121, Chaitra Vihar, Solapur",Solapur,Maharashtra,413089,ACC-000694,SYNB0011409,INST-0063,2025-06-04T15:05:41+05:30
BEN-000390,Yash Karan Wagh,2004-08-25,M,+91-000-9571853,"Flat 15, Building 292, Tarang Nagar, Pune",Pune,Maharashtra,411085,ACC-002079,SYNB0047057,INST-0008,2023-07-01T14:07:03+05:30
BEN-000767,Vidya Yusuf Shah,2003-06-06,F,+91-000-5088109,"Flat 4, Building 188, Tarang Nagar, Thane",Thane,Maharashtra,400099,ACC-002657,SYNB0061971,INST-0030,2024-06-28T10:56:45+05:30
BEN-000199,Ishan Pranav Naik,2002-03-07,M,+91-000-7583744,"Flat 26, Building 69, Abhinav Colony, Nagpur",Nagpur,Maharashtra,440080,ACC-002046,SYNB0032969,INST-0012,2023-06-01T10:14:26+05:30
BEN-000918,Aniket Jay Bhosale,2004-12-11,M,+91-000-5561139,"Flat 72, Building 357, Chaitra Vihar, Thane",Thane,Maharashtra,400035,ACC-002892,SYNB0033547,INST-0027,2024-06-07T15:10:55+05:30
BEN-000140,Shruti Sahil Qureshi,2004-08-08,F,+91-000-6297024,"Flat 55, Building 119, Sahyadri Gardens, Nanded",Nanded,Maharashtra,431015,ACC-002681,SYNB0068050,INST-0083,2024-07-05T15:12:12+05:30
BEN-000430,Dhruv Aditya Kulkarni,2006-09-13,M,+91-000-1423996,"Flat 25, Building 252, Chaitra Vihar, Solapur",Solapur,Maharashtra,413078,ACC-002356,SYNB0057299,INST-0057,2024-06-24T12:37:07+05:30
BEN-000247,Sameer Hemant Chavan,2000-01-27,M,+91-000-5876342,"Flat 46, Building 113, Uday Society, Pune",Pune,Maharashtra,411023,ACC-002613,SYNB0044832,INST-0005,2023-06-02T13:53:29+05:30
BEN-000920,Gaurav Harsh Gaikwad,2002-01-28,M,+91-000-7134489,"Flat 79, Building 248, Tarang Nagar, Nagpur",Nagpur,Maharashtra,440054,ACC-001509,SYNB0043539,INST-0012,2023-06-27T10:41:36+05:30
BEN-000357,Kirti Gaurav Thomas,2004-10-08,F,+91-000-2133372,"Flat 9, Building 232, Kalpataru Enclave, Thane",Thane,Maharashtra,400050,ACC-002813,SYNB0057696,INST-0030,2025-06-24T12:28:03+05:30
BEN-000566,Karan Aniket Khot,2002-08-21,M,+91-000-4246352,"Flat 58, Building 140, Sahyadri Gardens, Thane",Thane,Maharashtra,400033,ACC-002038,SYNB0055216,INST-0032,2025-06-06T16:29:34+05:30
BEN-000931,Sayali Rahul Chavan,2003-06-20,F,+91-000-5948917,"Flat 69, Building 262, Sahyadri Gardens, Jalgaon",Jalgaon,Maharashtra,425089,ACC-002121,SYNB0058036,INST-0074,2024-06-03T11:09:29+05:30
BEN-000738,Amruta Gaurav Kulkarni,2005-12-06,F,+91-000-4857587,"Flat 37, Building 281, Tarang Nagar, Thane",Thane,Maharashtra,400055,ACC-000647,SYNB0050855,INST-0027,2024-06-16T09:09:23+05:30
BEN-000588,Ishan Akshay Pawar,2003-08-13,M,+91-000-5819919,"Flat 43, Building 314, Tarang Nagar, Pune",Pune,Maharashtra,411045,ACC-000367,SYNB0053584,INST-0006,2024-06-19T12:20:57+05:30
BEN-000504,Zara Amol Deshmukh,2002-02-25,F,+91-000-6297082,"Flat 60, Building 284, Chaitra Vihar, Solapur",Solapur,Maharashtra,413093,ACC-001667,SYNB0014409,INST-0059,2025-06-10T13:51:26+05:30
BEN-000282,Shaurya Harsh Singh,2004-08-18,M,+91-000-7260091,"Flat 71, Building 209, Neelkamal Nagar, Pune",Pune,Maharashtra,411043,ACC-000483,SYNB0054056,INST-0002,2023-06-24T12:05:08+05:30
BEN-000937,Tanvi Varun Kulkarni,2000-06-13,F,+91-000-5862651,"Flat 36, Building 113, Uday Society, Nagpur",Nagpur,Maharashtra,440086,ACC-000315,SYNB0017126,INST-0016,2025-06-08T15:03:26+05:30
BEN-000784,Meera Vikram Chavan,2003-06-14,F,+91-000-9033176,"Flat 23, Building 77, Tarang Nagar, Nagpur",Nagpur,Maharashtra,440009,ACC-003000,SYNB0028592,INST-0009,2024-06-20T15:23:05+05:30
BEN-000204,Sameer Rahul Gupta,2005-03-26,M,+91-000-5797075,"Flat 34, Building 117, Tarang Nagar, Satara",Satara,Maharashtra,415048,ACC-002445,SYNB0039294,INST-0053,2023-06-04T10:21:00+05:30
BEN-000277,Sayali Dev Pawar,2004-10-15,F,+91-000-4664903,"Flat 11, Building 274, Chaitra Vihar, Jalgaon",Jalgaon,Maharashtra,425052,ACC-001639,SYNB0033372,INST-0073,2023-07-02T16:50:45+05:30
BEN-000972,Ananya Manish Gupta,2003-02-06,F,+91-000-4716584,"Flat 14, Building 204, Suman Layout, Thane",Thane,Maharashtra,400026,ACC-002355,SYNB0048768,INST-0031,2025-06-22T09:35:12+05:30
BEN-000359,Madhav Hemant Kadam,2004-07-13,M,+91-000-8360481,"Flat 27, Building 195, Suman Layout, Jalgaon",Jalgaon,Maharashtra,425018,ACC-000451,SYNB0037570,INST-0080,2023-06-13T12:03:26+05:30
BEN-000597,Isha Vishal Shaikh,2001-11-13,F,+91-000-3600895,"Flat 2, Building 74, Chaitra Vihar, Latur",Latur,Maharashtra,413024,ACC-002972,SYNB0032159,INST-0092,2023-06-18T15:52:30+05:30
BEN-000191,Shreya Nikhil Thomas,2005-06-17,F,+91-000-1376582,"Flat 11, Building 310, Sahyadri Gardens, Mumbai",Mumbai,Maharashtra,400022,ACC-002367,SYNB0047774,INST-0037,2023-06-10T16:38:41+05:30
BEN-000035,Vedant Siddharth Bhosale,2004-04-12,M,+91-000-6013251,"Flat 24, Building 237, Neelkamal Nagar, Pune",Pune,Maharashtra,411068,ACC-001999,SYNB0018857,INST-0008,2025-06-21T15:26:47+05:30
BEN-000503,Sayali Sanjay Sawant,2001-03-28,F,+91-000-9294125,"Flat 42, Building 388, Sahyadri Gardens, Latur",Latur,Maharashtra,413021,ACC-001286,SYNB0062032,INST-0095,2024-06-19T14:28:31+05:30
BEN-000507,Manasi Ashwin Naik,2003-02-15,F,+91-000-2501223,"Flat 9, Building 29, Chaitra Vihar, Amravati",Amravati,Maharashtra,444007,ACC-001626,SYNB0018231,INST-0065,2023-06-24T11:48:29+05:30
BEN-000717,Ankita Manish Naik,2003-08-20,F,+91-000-9632570,"Flat 53, Building 352, Sahyadri Gardens, Thane",Thane,Maharashtra,400004,ACC-000435,SYNB0062099,INST-0029,2024-06-18T13:37:09+05:30
BEN-000312,Soham Madhav Kale,2002-11-26,M,+91-000-4119515,"Flat 62, Building 126, Neelkamal Nagar, Thane",Thane,Maharashtra,400083,ACC-002969,SYNB0030808,INST-0026,2025-07-05T09:30:16+05:30
BEN-000179,Sameer Akshay Deshmukh,2003-01-25,M,+91-000-1153219,"Flat 31, Building 246, Uday Society, Thane",Thane,Maharashtra,400089,ACC-002256,SYNB0056339,INST-0027,2024-06-14T15:01:39+05:30
BEN-000885,Vijay I Khan,2004-10-25,M,+91-000-8729606,"Flat 35, Building 283, Chaitra Vihar, Pune",Pune,Maharashtra,411031,ACC-002028,SYNB0057455,INST-0003,2023-06-02T14:02:23+05:30
BEN-000002,Manasi Vijay Gaikwad,2003-02-12,F,+91-000-6677780,"Flat 55, Building 352, Tarang Nagar, Amravati",Amravati,Maharashtra,444025,ACC-000997,SYNB0048387,INST-0069,2023-06-18T16:54:47+05:30
BEN-000859,Meera Gaurav Mishra,2004-09-24,F,+91-000-9164132,"Flat 12, Building 143, Uday Society, Pune",Pune,Maharashtra,411063,ACC-002457,SYNB0023747,INST-0005,2024-06-04T12:39:54+05:30
BEN-000155,Atharva Rahul Singh,2005-12-24,M,+91-000-2560439,"Flat 73, Building 260, Neelkamal Nagar, Pune",Pune,Maharashtra,411020,ACC-002352,SYNB0048421,INST-0007,2023-06-22T15:00:47+05:30
BEN-000308,Sneha Vijay Joshi,2001-11-24,F,+91-000-3394312,"Flat 39, Building 217, Suman Layout, Nashik",Nashik,Maharashtra,422003,ACC-001171,SYNB0048399,INST-0019,2025-06-17T15:34:05+05:30
BEN-000461,Shaurya Varun Reddy,2004-02-24,M,+91-000-2151205,"Flat 20, Building 111, Neelkamal Nagar, Nagpur",Nagpur,Maharashtra,440051,ACC-002349,SYNB0034425,INST-0015,2023-06-02T09:20:17+05:30
BEN-000280,Yash Rohan Ingale,2003-10-15,M,+91-000-2315459,"Flat 1, Building 96, Abhinav Colony, Nagpur",Nagpur,Maharashtra,440057,ACC-002737,SYNB0061909,INST-0010,2023-06-11T09:30:16+05:30
BEN-000530,Omkar Sachin Kale,2000-07-11,M,+91-000-7031174,"Flat 39, Building 85, Sahyadri Gardens, Nashik",Nashik,Maharashtra,422045,ACC-001299,SYNB0064251,INST-0023,2023-07-01T13:19:41+05:30
BEN-000055,Chirag Siddharth Mishra,2003-02-05,M,+91-000-2690268,"Flat 23, Building 391, Uday Society, Pune",Pune,Maharashtra,411065,ACC-001237,SYNB0057812,INST-0001,2023-06-21T12:27:13+05:30
BEN-000836,Shruti Atharva Khot,2003-06-12,F,+91-000-7066680,"Flat 7, Building 188, Uday Society, Mumbai",Mumbai,Maharashtra,400022,ACC-000047,SYNB0042446,INST-0039,2024-06-03T14:01:45+05:30
BEN-000582,Shaurya Farhan Gaikwad,2004-12-17,M,+91-000-7326357,"Flat 25, Building 394, Abhinav Colony, Nagpur",Nagpur,Maharashtra,440099,ACC-001950,SYNB0031466,INST-0013,2024-06-01T15:59:52+05:30
BEN-000347,Sahil Ashwin Banerjee,2004-07-07,M,+91-000-7018685,"Flat 74, Building 189, Abhinav Colony, Nanded",Nanded,Maharashtra,431010,ACC-001694,SYNB0014960,INST-0088,2023-06-28T09:47:16+05:30
BEN-000850,Tanmay Tanmay Kadam,2001-07-07,M,+91-000-8529864,"Flat 40, Building 161, Neelkamal Nagar, Satara",Satara,Maharashtra,415015,ACC-002574,SYNB0067265,INST-0051,2024-06-16T13:42:00+05:30
BEN-000697,Farhan Harsh Iyer,2002-12-07,M,+91-000-7510106,"Flat 32, Building 218, Abhinav Colony, Kolhapur",Kolhapur,Maharashtra,416078,ACC-000518,SYNB0016984,INST-0044,2024-06-20T11:35:50+05:30
BEN-000122,Vikram Mohan Ingale,2004-09-25,M,+91-000-6455972,"Flat 20, Building 392, Kalpataru Enclave, Satara",Satara,Maharashtra,415040,ACC-000232,SYNB0059491,INST-0054,2023-07-01T14:16:05+05:30
BEN-000494,Mukta Shaurya Shaikh,2002-10-07,F,+91-000-3645741,"Flat 5, Building 171, Sahyadri Gardens, Solapur",Solapur,Maharashtra,413063,ACC-002098,SYNB0069357,INST-0057,2024-06-15T10:46:37+05:30
BEN-000036,Soham Shaurya Salunkhe,2002-05-17,M,+91-000-1633429,"Flat 4, Building 251, Chaitra Vihar, Latur",Latur,Maharashtra,413022,ACC-002125,SYNB0025984,INST-0089,2025-06-16T15:22:34+05:30
BEN-000115,Yash Rohan Yadav,2005-02-18,M,+91-000-5590177,"Flat 29, Building 2, Suman Layout, Mumbai",Mumbai,Maharashtra,400089,ACC-000022,SYNB0046618,INST-0040,2025-06-08T14:09:47+05:30
BEN-000210,Madhura Mohan Yadav,2003-03-13,F,+91-000-8536381,"Flat 67, Building 55, Tarang Nagar, Nagpur",Nagpur,Maharashtra,440011,ACC-000200,SYNB0014277,INST-0014,2025-06-07T14:58:11+05:30
BEN-000659,Ishan Avinash Iyer,2001-08-26,M,+91-000-9621722,"Flat 79, Building 34, Abhinav Colony, Nagpur",Nagpur,Maharashtra,440066,ACC-002469,SYNB0058012,INST-0015,2023-07-03T12:24:23+05:30
BEN-000914,Akshay Tanmay Fernandes,2002-08-02,M,+91-000-4646403,"Flat 14, Building 380, Kalpataru Enclave, Pune",Pune,Maharashtra,411069,ACC-000456,SYNB0033434,INST-0003,2023-06-11T16:08:59+05:30
BEN-000715,Rohit Shaurya Shinde,2000-05-22,M,+91-000-2040738,"Flat 2, Building 387, Neelkamal Nagar, Pune",Pune,Maharashtra,411016,ACC-001707,SYNB0041949,INST-0004,2025-06-13T10:40:54+05:30
BEN-000787,Aditya Varun Chavan,1999-01-22,M,+91-000-5090740,"Flat 23, Building 212, Tarang Nagar, Thane",Thane,Maharashtra,400098,ACC-001505,SYNB0060034,INST-0031,2024-07-05T09:44:19+05:30
BEN-000304,Omkar Akshay Reddy,2003-08-14,M,+91-000-5711201,"Flat 52, Building 134, Kalpataru Enclave, Nagpur",Nagpur,Maharashtra,440035,ACC-002656,SYNB0034287,INST-0016,2024-06-15T12:05:35+05:30
BEN-000491,M. S. Gawande,2002-12-16,F,+91-000-8607966,"Flat 31, Bldg 193, Abhinav Colony, Kolhapur",Kolhapur,Maharashtra,416049,ACC-001084,SYNB0040384,INST-0042,2024-06-07T12:36:07+05:30
BEN-000810,Pooja Ashwin Iyer,2006-03-05,F,+91-000-2614912,"Flat 31, Building 161, Uday Society, Nagpur",Nagpur,Maharashtra,440027,ACC-002923,SYNB0038202,INST-0013,2024-06-04T11:47:47+05:30
BEN-000999,Riya Manish Naik,2002-12-07,F,+91-000-7628900,"Flat 71, Building 202, Neelkamal Nagar, Thane",Thane,Maharashtra,400017,ACC-001288,SYNB0041177,INST-0030,2024-06-04T16:44:06+05:30
BEN-000601,Sakshi Ashwin Jain,2003-10-10,F,+91-000-4066614,"Flat 18, Building 34, Tarang Nagar, Nagpur",Nagpur,Maharashtra,440078,ACC-000764,SYNB0054775,INST-0013,2024-06-11T14:51:25+05:30
BEN-000194,Nikhil Ramesh Singh,2001-10-20,M,+91-000-5150624,"Flat 46, Building 228, Kalpataru Enclave, Pune",Pune,Maharashtra,411035,ACC-000138,SYNB0052095,INST-0008,2023-06-09T15:32:16+05:30
BEN-000526,Chirag Ishan Kulkarni,2001-05-06,M,+91-000-8189168,"Flat 34, Building 84, Tarang Nagar, Latur",Latur,Maharashtra,413056,ACC-002633,SYNB0013096,INST-0090,2023-06-29T09:29:09+05:30
BEN-000279,Varun Vedant Ansari,2002-06-15,M,+91-000-1728773,"Flat 30, Building 236, Chaitra Vihar, Solapur",Solapur,Maharashtra,413043,ACC-001498,SYNB0037305,INST-0060,2024-06-17T11:19:27+05:30
BEN-000126,Kirti Chirag Khan,1999-09-03,F,+91-000-3151610,"Flat 76, Building 233, Chaitra Vihar, Nagpur",Nagpur,Maharashtra,440039,ACC-001661,SYNB0032901,INST-0012,2023-06-29T10:49:43+05:30
BEN-000020,Mihir Harsh Jain,2005-03-21,M,+91-000-4260252,"Flat 78, Building 62, Kalpataru Enclave, Solapur",Solapur,Maharashtra,413076,ACC-000266,SYNB0029574,INST-0060,2023-06-13T15:24:50+05:30
BEN-000708,Nidhi Vijay Mishra,2002-04-14,F,+91-000-9686281,"Flat 48, Building 39, Uday Society, Nanded",Nanded,Maharashtra,431054,ACC-001179,SYNB0021594,INST-0081,2023-06-20T16:00:45+05:30
BEN-000677,Raj Kunal Chavan,2002-09-22,M,+91-000-1120696,"Flat 40, Building 107, Neelkamal Nagar, Latur",Latur,Maharashtra,413008,ACC-001610,SYNB0064916,INST-0095,2023-06-09T10:18:31+05:30
BEN-000628,Zara Gaurav Qureshi,2002-09-09,F,+91-000-5550787,"Flat 63, Building 154, Sahyadri Gardens, Pune",Pune,Maharashtra,411052,ACC-000545,SYNB0010784,INST-0003,2025-06-08T15:24:30+05:30
BEN-000323,Sanjay Madhav Ingale,2001-01-16,M,+91-000-9167227,"Flat 29, Building 2, Sahyadri Gardens, Satara",Satara,Maharashtra,415089,ACC-001344,SYNB0036860,INST-0052,2023-06-30T14:40:44+05:30
BEN-000500,Aarti Nikhil Khan,2005-01-07,F,+91-000-9253243,"Flat 75, Building 61, Kalpataru Enclave, Pune",Pune,Maharashtra,411021,ACC-002720,SYNB0063543,INST-0007,2025-06-09T09:17:09+05:30
BEN-000412,Sana Karan Bhosale,2004-02-13,F,+91-000-2728209,"Flat 19, Building 82, Chaitra Vihar, Thane",Thane,Maharashtra,400075,ACC-001554,SYNB0017274,INST-0028,2023-06-27T11:30:18+05:30
BEN-000737,Shreya Hemant Jadhav,2003-09-06,F,+91-000-7559766,"Flat 55, Building 337, Kalpataru Enclave, Nanded",Nanded,Maharashtra,431010,ACC-001694,SYNB0014960,INST-0088,2023-06-17T09:24:42+05:30
BEN-000746,Gaurav Raj Jain,2003-10-14,M,+91-000-4417412,"Flat 9, Building 88, Kalpataru Enclave, Satara",Satara,Maharashtra,415072,ACC-002683,SYNB0050872,INST-0056,2024-06-04T12:09:50+05:30
BEN-000299,Dhruv Sahil Naik,2004-06-26,M,+91-000-9739692,"Flat 23, Building 139, Sahyadri Gardens, Solapur",Solapur,Maharashtra,413068,ACC-001868,SYNB0021579,INST-0060,2023-06-01T12:14:01+05:30
BEN-000636,Aditi Shaurya Joshi,2001-10-17,F,+91-000-8112581,"Flat 2, Building 126, Suman Layout, Nagpur",Nagpur,Maharashtra,440043,ACC-001274,SYNB0036800,INST-0016,2023-07-02T11:24:07+05:30
BEN-000578,Neha Tejas Jain,2005-08-09,F,+91-000-3260430,"Flat 72, Building 280, Kalpataru Enclave, Jalgaon",Jalgaon,Maharashtra,425018,ACC-002760,SYNB0062888,INST-0080,2023-07-02T10:45:56+05:30
BEN-000546,Pooja Yash Jadhav,2004-02-16,F,+91-000-7640562,"Flat 22, Building 57, Sahyadri Gardens, Pune",Pune,Maharashtra,411035,ACC-000569,SYNB0026304,INST-0005,2024-06-20T11:18:24+05:30
BEN-000573,Zaid Amol Suryawanshi,2002-12-21,M,+91-000-3862327,"Flat 25, Building 17, Suman Layout, Pune",Pune,Maharashtra,411078,ACC-001798,SYNB0044046,INST-0004,2025-06-21T15:32:46+05:30
BEN-000017,Meera Akshay Ingale,2000-01-04,F,+91-000-2002860,"Flat 7, Building 273, Chaitra Vihar, Solapur",Solapur,Maharashtra,413062,ACC-002317,SYNB0059423,INST-0060,2024-06-02T13:50:09+05:30
BEN-000809,Sayali Soham Qureshi,2002-12-05,F,+91-000-2923047,"Flat 6, Building 66, Sahyadri Gardens, Pune",Pune,Maharashtra,411043,ACC-000483,SYNB0054056,INST-0002,2023-06-24T12:02:53+05:30
BEN-000073,Tejas Sanjay Suryawanshi,2006-08-20,M,+91-000-4295580,"Flat 77, Building 280, Kalpataru Enclave, Nashik",Nashik,Maharashtra,422021,ACC-002060,SYNB0011921,INST-0021,2025-06-08T10:45:19+05:30
BEN-000250,Avinash Yusuf Gupta,2002-01-09,M,+91-000-5807067,"Flat 71, Building 251, Tarang Nagar, Thane",Thane,Maharashtra,400046,ACC-002217,SYNB0040890,INST-0025,2024-06-23T15:13:20+05:30
BEN-000564,Kavya Shaurya Thomas,2005-07-16,F,+91-000-2731828,"Flat 3, Building 196, Suman Layout, Mumbai",Mumbai,Maharashtra,400057,ACC-002630,SYNB0031385,INST-0033,2023-06-15T10:52:21+05:30
BEN-000553,Avinash Chirag Dsouza,2002-11-27,M,+91-000-9599207,"Flat 44, Building 220, Kalpataru Enclave, Nanded",Nanded,Maharashtra,431056,ACC-000708,SYNB0050224,INST-0088,2024-06-19T11:34:07+05:30
BEN-000944,Aarti Yash Pawar,2004-02-11,F,+91-000-4535838,"Flat 22, Building 388, Neelkamal Nagar, Nashik",Nashik,Maharashtra,422011,ACC-001094,SYNB0060397,INST-0020,2025-07-01T16:19:50+05:30
BEN-000835,Aarti Soham Gupta,1999-12-06,F,+91-000-4524102,"Flat 52, Building 182, Kalpataru Enclave, Amravati",Amravati,Maharashtra,444013,ACC-000503,SYNB0034889,INST-0071,2023-07-02T10:47:53+05:30
BEN-000769,Vijay Rohan Kulkarni,2006-10-03,M,+91-000-6055825,"Flat 44, Building 194, Suman Layout, Pune",Pune,Maharashtra,411084,ACC-002351,SYNB0065453,INST-0007,2025-06-15T11:02:05+05:30
BEN-000729,Aarav Raj Khan,2003-09-02,M,+91-000-4569531,"Flat 44, Building 331, Kalpataru Enclave, Kolhapur",Kolhapur,Maharashtra,416009,ACC-001322,SYNB0026600,INST-0048,2023-06-07T16:33:12+05:30
BEN-000982,Sahil Sameer Salunkhe,2001-02-03,M,+91-000-1121097,"Flat 50, Building 202, Tarang Nagar, Nagpur",Nagpur,Maharashtra,440029,ACC-002171,SYNB0054150,INST-0011,2023-06-01T11:33:47+05:30
BEN-000685,Sanika Farhan Khot,2006-12-22,F,+91-000-8913286,"Flat 80, Building 187, Tarang Nagar, Satara",Satara,Maharashtra,415071,ACC-000621,SYNB0023129,INST-0055,2024-06-24T14:51:42+05:30
BEN-000496,Prachi Madhav Jadhav,2002-01-05,F,+91-000-7447920,"Flat 33, Building 154, Kalpataru Enclave, Satara",Satara,Maharashtra,415057,ACC-000850,SYNB0037506,INST-0055,2023-06-26T10:48:43+05:30
BEN-000216,Sayali Rohan Khan,2004-10-03,F,+91-000-8196691,"Flat 72, Building 400, Neelkamal Nagar, Jalgaon",Jalgaon,Maharashtra,425069,ACC-000816,SYNB0055469,INST-0075,2024-07-03T16:42:11+05:30
BEN-000077,Aditi Hemant Singh,2002-05-22,F,+91-000-1704531,"Flat 42, Building 191, Sahyadri Gardens, Kolhapur",Kolhapur,Maharashtra,416077,ACC-000787,SYNB0037871,INST-0047,2025-06-21T10:33:14+05:30
BEN-000175,Ankita Manish Sawant,2002-03-13,F,+91-000-9222379,"Flat 18, Building 179, Uday Society, Pune",Pune,Maharashtra,411022,ACC-000096,SYNB0056868,INST-0001,2025-06-17T09:37:02+05:30
BEN-000174,Harsh Madhav Bhosale,2005-09-14,M,+91-000-1001549,"Flat 5, Building 382, Suman Layout, Nagpur",Nagpur,Maharashtra,440058,ACC-001706,SYNB0048683,INST-0012,2023-06-15T15:31:59+05:30
BEN-000153,Janhavi Nikhil Wagh,2002-06-03,F,+91-000-7291957,"Flat 29, Building 142, Abhinav Colony, Thane",Thane,Maharashtra,400052,ACC-002526,SYNB0066866,INST-0026,2023-06-10T10:52:24+05:30
BEN-000672,M. S. Ansari,2002-07-24,F,+91-000-6236326,"Flat 40, Bldg 397, Neelkamal Nagar, Mumbai",Mumbai,Maharashtra,400077,ACC-001211,SYNB0013263,INST-0039,2024-06-09T10:58:53+05:30
BEN-000623,Janhavi Rahul Kulkarni,2002-11-20,F,+91-000-5006173,"Flat 72, Building 331, Chaitra Vihar, Pune",Pune,Maharashtra,411089,ACC-001460,SYNB0018576,INST-0005,2025-06-22T13:33:44+05:30
BEN-000023,Chirag Tushar Singh,2006-02-20,M,+91-000-6829664,"Flat 33, Building 71, Chaitra Vihar, Latur",Latur,Maharashtra,413046,ACC-001414,SYNB0068885,INST-0096,2023-06-29T15:51:37+05:30
BEN-000790,Isha Aniket Ingale,2001-05-25,F,+91-000-4183910,"Flat 36, Building 34, Kalpataru Enclave, Kolhapur",Kolhapur,Maharashtra,416008,ACC-001893,SYNB0015835,INST-0048,2024-06-18T09:54:27+05:30
BEN-000851,Chirag Gaurav Gaikwad,2001-12-26,M,+91-000-4879150,"Flat 5, Building 293, Kalpataru Enclave, Nanded",Nanded,Maharashtra,431083,ACC-002533,SYNB0035424,INST-0087,2025-06-03T12:14:30+05:30
BEN-000395,Amol Omkar Jadhav,2002-07-09,M,+91-000-6824517,"Flat 55, Building 337, Kalpataru Enclave, Nanded",Nanded,Maharashtra,431010,ACC-001694,SYNB0014960,INST-0088,2023-06-09T09:41:15+05:30
BEN-000806,Sahil Raj Qureshi,2004-02-12,M,+91-000-9036641,"Flat 59, Building 133, Tarang Nagar, Thane",Thane,Maharashtra,400033,ACC-002154,SYNB0039446,INST-0032,2024-06-13T11:29:57+05:30
BEN-000531,Akash Gaurav Verma,2003-01-08,M,+91-000-4401858,"Flat 58, Building 123, Suman Layout, Nashik",Nashik,Maharashtra,422001,ACC-001862,SYNB0036469,INST-0023,2023-06-04T09:41:33+05:30
BEN-000293,Aparna Ishan More,2002-02-11,F,+91-000-3331501,"Flat 21, Building 260, Chaitra Vihar, Mumbai",Mumbai,Maharashtra,400036,ACC-001634,SYNB0031296,INST-0040,2024-07-03T15:07:02+05:30
BEN-000679,Mukta Dhruv Nair,2004-07-24,F,+91-000-7139188,"Flat 29, Building 73, Neelkamal Nagar, Nagpur",Nagpur,Maharashtra,440012,ACC-002922,SYNB0039620,INST-0010,2023-06-30T13:47:22+05:30
BEN-000445,Neha Aditya Singh,2006-09-11,F,+91-000-6614605,"Flat 3, Building 313, Chaitra Vihar, Mumbai",Mumbai,Maharashtra,400097,ACC-000228,SYNB0054307,INST-0040,2025-06-19T16:30:29+05:30
BEN-000442,Yusuf Rohit Reddy,2001-12-07,M,+91-000-3782393,"Flat 56, Building 300, Neelkamal Nagar, Pune",Pune,Maharashtra,411038,ACC-000691,SYNB0021410,INST-0004,2024-06-03T13:18:25+05:30
BEN-000916,Suraj Sanjay Khot,2002-09-10,M,+91-000-2675536,"Flat 73, Building 317, Sahyadri Gardens, Solapur",Solapur,Maharashtra,413023,ACC-001704,SYNB0025413,INST-0060,2024-06-07T10:41:00+05:30
BEN-000976,Tanmay Varun Shinde,2006-10-06,M,+91-000-7915632,"Flat 60, Building 56, Neelkamal Nagar, Solapur",Solapur,Maharashtra,413041,ACC-000193,SYNB0011904,INST-0059,2024-06-28T09:44:09+05:30
BEN-000313,Priya Amol Khot,2002-09-11,F,+91-000-3696736,"Flat 8, Building 58, Neelkamal Nagar, Kolhapur",Kolhapur,Maharashtra,416053,ACC-000782,SYNB0058660,INST-0041,2023-06-11T15:35:26+05:30
BEN-000007,Tushar S Qureshi,2001-01-14,M,+91-000-6026630,"Flat 63, Building 292, Kalpataru Enclave, Solapur",Solapur,Maharashtra,413083,ACC-002519,SYNB0055286,INST-0057,2023-06-26T14:11:56+05:30
BEN-000157,Aditi Siddharth Verma,2004-09-19,F,+91-000-2181822,"Flat 2, Building 120, Kalpataru Enclave, Satara",Satara,Maharashtra,415079,ACC-002489,SYNB0046265,INST-0050,2024-06-20T11:09:06+05:30
BEN-000116,Sanika Jay Dsouza,2003-10-10,F,+91-000-4068080,"Flat 35, Building 128, Neelkamal Nagar, Satara",Satara,Maharashtra,415091,ACC-001381,SYNB0026628,INST-0055,2025-06-17T14:54:04+05:30
BEN-000361,Aparna Varun Yadav,2002-07-14,F,+91-000-9739850,"Flat 13, Building 160, Chaitra Vihar, Pune",Pune,Maharashtra,411081,ACC-000732,SYNB0010526,INST-0001,2023-06-05T16:14:13+05:30
BEN-000276,Ramesh Suraj Ingale,2006-08-11,M,+91-000-1078038,"Flat 45, Building 16, Uday Society, Nashik",Nashik,Maharashtra,422090,ACC-001419,SYNB0050687,INST-0024,2024-06-25T15:51:11+05:30
BEN-000581,Rohit Tanmay Dsouza,2005-03-16,M,+91-000-9535166,"Flat 40, Building 309, Chaitra Vihar, Pune",Pune,Maharashtra,411038,ACC-000421,SYNB0039563,INST-0006,2025-06-01T13:42:43+05:30
BEN-000671,Rohit Aniket Salunkhe,2003-01-22,M,+91-000-4700926,"Flat 8, Building 177, Sahyadri Gardens, Jalgaon",Jalgaon,Maharashtra,425057,ACC-000379,SYNB0030771,INST-0080,2023-06-30T12:14:20+05:30
BEN-000528,Sneha Vikram Ansari,2003-08-16,F,+91-000-4341683,"Flat 41, Building 88, Abhinav Colony, Kolhapur",Kolhapur,Maharashtra,416046,ACC-000305,SYNB0043821,INST-0043,2023-06-02T12:48:28+05:30
BEN-000085,Avinash Yash Verma,2002-08-04,M,+91-000-3717900,"Flat 19, Building 142, Sahyadri Gardens, Satara",Satara,Maharashtra,415055,ACC-001722,SYNB0040280,INST-0054,2024-06-21T13:54:42+05:30
BEN-000512,Aditya Tushar Chavan,2002-08-08,M,+91-000-4229821,"Flat 48, Building 191, Abhinav Colony, Amravati",Amravati,Maharashtra,444068,ACC-001256,SYNB0041819,INST-0071,2023-06-05T10:04:42+05:30
BEN-000427,Meera Zaid Mishra,2002-08-03,F,+91-000-3690116,"Flat 25, Building 386, Kalpataru Enclave, Pune",Pune,Maharashtra,411084,ACC-002447,SYNB0010426,INST-0008,2024-06-11T10:27:30+05:30
BEN-000229,Supriya Akshay Shaikh,2005-02-27,F,+91-000-3237608,"Flat 14, Building 59, Tarang Nagar, Kolhapur",Kolhapur,Maharashtra,416077,ACC-000613,SYNB0017475,INST-0044,2024-06-05T16:19:20+05:30
BEN-000322,Kavya Ramesh Khan,2003-08-24,F,+91-000-2985251,"Flat 51, Building 191, Neelkamal Nagar, Nagpur",Nagpur,Maharashtra,440058,ACC-001016,SYNB0068737,INST-0012,2024-06-02T12:37:00+05:30
BEN-000433,Suraj Soham Wagh,2001-09-16,M,+91-000-6793064,"Flat 28, Building 303, Tarang Nagar, Kolhapur",Kolhapur,Maharashtra,416060,ACC-000500,SYNB0059057,INST-0045,2025-06-01T15:38:41+05:30
BEN-000235,Farhan Aarav Sawant,2002-09-16,M,+91-000-7398370,"Flat 22, Building 283, Sahyadri Gardens, Jalgaon",Jalgaon,Maharashtra,425085,ACC-000339,SYNB0066490,INST-0075,2023-06-05T14:21:12+05:30
BEN-000451,Aishwarya Sachin Dsouza,2004-03-15,F,+91-000-4185480,"Flat 30, Building 184, Sahyadri Gardens, Nanded",Nanded,Maharashtra,431053,ACC-000158,SYNB0051148,INST-0085,2024-06-11T11:01:23+05:30
BEN-000234,Neha Shaurya Joshi,2003-12-22,F,+91-000-3182154,"Flat 62, Building 233, Uday Society, Latur",Latur,Maharashtra,413077,ACC-001904,SYNB0032520,INST-0089,2023-06-22T09:23:56+05:30
BEN-000450,Neha Zaid Chavan,2001-08-12,F,+91-000-9565571,"Flat 54, Building 127, Sahyadri Gardens, Pune",Pune,Maharashtra,411042,ACC-002663,SYNB0039263,INST-0004,2025-06-21T14:46:10+05:30
BEN-000132,Tejas Mihir Shah,2005-03-25,M,+91-000-4934808,"Flat 19, Building 164, Abhinav Colony, Amravati",Amravati,Maharashtra,444081,ACC-002024,SYNB0061252,INST-0070,2024-07-01T16:24:54+05:30
BEN-000871,Manasi Jay Gawande,2003-11-24,F,+91-000-2438621,"Flat 76, Building 14, Sahyadri Gardens, Nanded",Nanded,Maharashtra,431078,ACC-002390,SYNB0056453,INST-0083,2024-06-16T12:21:35+05:30
BEN-000712,Darshan Zaid Thomas,2006-02-19,M,+91-000-1458868,"Flat 19, Building 194, Suman Layout, Kolhapur",Kolhapur,Maharashtra,416021,ACC-001693,SYNB0028876,INST-0047,2024-06-16T16:41:41+05:30
BEN-000959,Akash Sachin Salunkhe,2002-12-11,M,+91-000-5339392,"Flat 44, Building 125, Sahyadri Gardens, Nashik",Nashik,Maharashtra,422070,ACC-001795,SYNB0064727,INST-0017,2024-06-16T16:17:41+05:30
BEN-000792,Kunal Vijay Mishra,2005-05-11,M,+91-000-3699938,"Flat 8, Building 381, Neelkamal Nagar, Kolhapur",Kolhapur,Maharashtra,416071,ACC-002849,SYNB0023464,INST-0047,2025-06-06T12:37:49+05:30
BEN-000971,Deepa Pranav Shinde,2004-10-02,F,+91-000-2143811,"Flat 67, Building 152, Suman Layout, Pune",Pune,Maharashtra,411052,ACC-001038,SYNB0040608,INST-0005,2024-06-21T12:07:57+05:30
BEN-000123,Amol Dhruv Iyer,2003-05-20,M,+91-000-9600719,"Flat 26, Building 353, Suman Layout, Amravati",Amravati,Maharashtra,444023,ACC-001913,SYNB0024369,INST-0065,2023-06-20T11:29:30+05:30
BEN-000457,Aishwarya Ashwin Gawande,2002-04-22,F,+91-000-9673937,"Flat 33, Building 53, Suman Layout, Amravati",Amravati,Maharashtra,444061,ACC-000253,SYNB0034666,INST-0066,2025-06-10T13:12:58+05:30
BEN-000989,Jay Hemant Suryawanshi,2001-04-18,M,+91-000-1110690,"Flat 66, Building 387, Abhinav Colony, Thane",Thane,Maharashtra,400004,ACC-001308,SYNB0013796,INST-0025,2024-07-05T13:53:46+05:30
BEN-000010,Ramesh Sameer Patil,2005-03-15,M,+91-000-3813903,"Flat 64, Building 108, Abhinav Colony, Pune",Pune,Maharashtra,411063,ACC-002457,SYNB0023747,INST-0005,2023-06-17T12:40:03+05:30
