transaction_id,timestamp,sender_account,receiver_account,amount,transaction_type,application_id
TXN-00000493,2023-07-31T13:41:51+05:30,GOV-DBT-001,ACC-000555,9500.00,DBT_DISBURSEMENT,APP-0000487
TXN-00000795,2023-08-02T15:47:26+05:30,GOV-DBT-001,ACC-001121,13500.00,DBT_DISBURSEMENT,APP-0001020
TXN-00001545,2023-08-03T14:01:51+05:30,GOV-DBT-001,ACC-002445,23500.00,DBT_DISBURSEMENT,APP-0000576
TXN-00000625,2023-08-04T12:20:57+05:30,GOV-DBT-001,ACC-001625,25000.00,DBT_DISBURSEMENT,APP-0000807
TXN-00000734,2023-08-05T12:40:56+05:30,GOV-DBT-001,ACC-001415,12250.00,DBT_DISBURSEMENT,APP-0000255
TXN-00000604,2023-08-06T13:01:46+05:30,GOV-DBT-001,ACC-002633,42250.00,DBT_DISBURSEMENT,APP-0000478
TXN-00001563,2023-08-06T14:40:05+05:30,GOV-DBT-001,ACC-002211,10500.00,DBT_DISBURSEMENT,APP-0001089
TXN-00000938,2023-08-07T10:06:32+05:30,GOV-DBT-001,ACC-002623,6250.00,DBT_DISBURSEMENT,APP-0000976
TXN-00000519,2023-08-08T11:32:13+05:30,GOV-DBT-001,ACC-001961,18250.00,DBT_DISBURSEMENT,APP-0001057
TXN-00000461,2023-08-10T10:50:41+05:30,GOV-DBT-001,ACC-000541,48250.00,DBT_DISBURSEMENT,APP-0000193
TXN-00000932,2023-08-11T13:10:43+05:30,GOV-DBT-001,ACC-000627,3750.00,DBT_DISBURSEMENT,APP-0001058
TXN-00000160,2023-08-12T14:17:20+05:30,GOV-DBT-001,ACC-001228,29000.00,DBT_DISBURSEMENT,APP-0000829
TXN-00000043,2023-08-12T15:26:37+05:30,GOV-DBT-001,ACC-000296,9500.00,DBT_DISBURSEMENT,APP-0001321
TXN-00000084,2023-08-13T10:30:40+05:30,GOV-DBT-001,ACC-000227,7500.00,DBT_DISBURSEMENT,APP-0000090
TXN-00000696,2023-08-13T11:10:19+05:30,GOV-DBT-001,ACC-002349,33250.00,DBT_DISBURSEMENT,APP-0000456
TXN-00001424,2023-08-13T12:43:56+05:30,GOV-DBT-001,ACC-001862,24250.00,DBT_DISBURSEMENT,APP-0000217
TXN-00000338,2023-08-14T12:42:12+05:30,GOV-DBT-001,ACC-002184,12000.00,DBT_DISBURSEMENT,APP-0000652
TXN-00001419,2023-08-14T14:25:58+05:30,GOV-DBT-001,ACC-001242,36000.00,DBT_DISBURSEMENT,APP-0001300
TXN-00001473,2023-08-15T12:43:29+05:30,GOV-DBT-001,ACC-002030,14000.00,DBT_DISBURSEMENT,APP-0000719
TXN-00000757,2023-08-16T11:14:46+05:30,GOV-DBT-001,ACC-002564,10000.00,DBT_DISBURSEMENT,APP-0001285
TXN-00000913,2023-08-17T12:12:55+05:30,GOV-DBT-001,ACC-000329,18500.00,DBT_DISBURSEMENT,APP-0000371
TXN-00000647,2023-08-18T10:41:42+05:30,GOV-DBT-001,ACC-002569,19000.00,DBT_DISBURSEMENT,APP-0000947
TXN-00001052,2023-08-18T14:45:33+05:30,GOV-DBT-001,ACC-002285,5250.00,DBT_DISBURSEMENT,APP-0000643
TXN-00000882,2023-08-19T10:40:34+05:30,GOV-DBT-001,ACC-002921,24750.00,DBT_DISBURSEMENT,APP-0000311
TXN-00000699,2023-08-19T15:28:07+05:30,GOV-DBT-001,ACC-002701,32500.00,DBT_DISBURSEMENT,APP-0001271
TXN-00000339,2023-08-20T14:04:02+05:30,GOV-DBT-001,ACC-001281,55750.00,DBT_DISBURSEMENT,APP-0000190
TXN-00000966,2023-08-20T15:33:16+05:30,GOV-DBT-001,ACC-000149,11000.00,DBT_DISBURSEMENT,APP-0000748
TXN-00001390,2023-08-21T11:58:04+05:30,GOV-DBT-001,ACC-001675,19500.00,DBT_DISBURSEMENT,APP-0000767
TXN-00000809,2023-08-21T13:38:34+05:30,GOV-DBT-001,ACC-000235,9000.00,DBT_DISBURSEMENT,APP-0000492
TXN-00000424,2023-08-21T15:13:43+05:30,GOV-DBT-001,ACC-001703,11500.00,DBT_DISBURSEMENT,APP-0001222
TXN-00001057,2023-08-21T15:24:21+05:30,GOV-DBT-001,ACC-002760,32500.00,DBT_DISBURSEMENT,APP-0000153
TXN-00000741,2023-08-22T13:01:15+05:30,GOV-DBT-001,ACC-000648,11500.00,DBT_DISBURSEMENT,APP-0001328
TXN-00001466,2023-08-24T10:39:41+05:30,GOV-DBT-001,ACC-001314,20500.00,DBT_DISBURSEMENT,APP-0001420
TXN-00000115,2023-08-26T11:00:33+05:30,GOV-DBT-001,ACC-000095,31500.00,DBT_DISBURSEMENT,APP-0001029
TXN-00001027,2023-08-26T11:42:48+05:30,GOV-DBT-001,ACC-002382,6750.00,DBT_DISBURSEMENT,APP-0000675
TXN-00000258,2023-08-26T13:50:46+05:30,GOV-DBT-001,ACC-001696,28000.00,DBT_DISBURSEMENT,APP-0000520
TXN-00000148,2023-08-27T11:37:21+05:30,GOV-DBT-001,ACC-002064,30750.00,DBT_DISBURSEMENT,APP-0000915
TXN-00000515,2023-08-27T12:12:08+05:30,GOV-DBT-001,ACC-002850,27250.00,DBT_DISBURSEMENT,APP-0001169
TXN-00000331,2023-08-27T14:40:05+05:30,ACC-002211,ACC-000476,323.00,ACCOUNT_TRANSFER,
TXN-00000705,2023-08-28T10:09:50+05:30,GOV-DBT-001,ACC-000360,32250.00,DBT_DISBURSEMENT,APP-0000057
TXN-00001532,2023-08-28T13:03:06+05:30,GOV-DBT-001,ACC-002448,12500.00,DBT_DISBURSEMENT,APP-0000142
TXN-00001078,2023-08-29T11:11:43+05:30,GOV-DBT-001,ACC-000483,41000.00,DBT_DISBURSEMENT,APP-0000725
TXN-00001117,2023-08-29T12:18:12+05:30,GOV-DBT-001,ACC-000232,57500.00,DBT_DISBURSEMENT,APP-0000587
TXN-00000393,2023-08-29T12:23:04+05:30,GOV-DBT-001,ACC-000757,17250.00,DBT_DISBURSEMENT,APP-0000242
TXN-00000969,2023-08-29T12:23:21+05:30,GOV-DBT-001,ACC-000556,49000.00,DBT_DISBURSEMENT,APP-0000578
TXN-00000369,2023-08-29T12:28:14+05:30,GOV-DBT-001,ACC-000502,15000.00,DBT_DISBURSEMENT,APP-0000130
TXN-00000229,2023-08-29T15:42:46+05:30,GOV-DBT-001,ACC-000967,5250.00,DBT_DISBURSEMENT,APP-0001343
TXN-00000644,2023-08-30T11:27:10+05:30,GOV-DBT-001,ACC-002469,7250.00,DBT_DISBURSEMENT,APP-0001282
TXN-00001179,2023-08-30T12:16:51+05:30,GOV-DBT-001,ACC-001569,36000.00,DBT_DISBURSEMENT,APP-0000026
TXN-00000833,2023-08-30T14:31:21+05:30,GOV-DBT-001,ACC-000977,20000.00,DBT_DISBURSEMENT,APP-0001075
TXN-00001060,2023-08-30T14:49:33+05:30,GOV-DBT-001,ACC-002602,5750.00,DBT_DISBURSEMENT,APP-0000369
TXN-00001075,2023-08-30T15:34:00+05:30,GOV-DBT-001,ACC-000339,6250.00,DBT_DISBURSEMENT,APP-0000173
TXN-00001529,2023-08-30T15:48:17+05:30,GOV-DBT-001,ACC-001088,7000.00,DBT_DISBURSEMENT,APP-0000407
TXN-00001541,2023-08-31T11:32:13+05:30,ACC-001961,ACC-000698,759.00,ACCOUNT_TRANSFER,
TXN-00000621,2023-08-31T12:18:05+05:30,GOV-DBT-001,ACC-000339,17750.00,DBT_DISBURSEMENT,APP-0000207
TXN-00001210,2023-09-01T12:17:10+05:30,GOV-DBT-001,ACC-002043,11500.00,DBT_DISBURSEMENT,APP-0000639
TXN-00000707,2023-09-01T15:26:37+05:30,ACC-000296,ACC-002147,380.00,ACCOUNT_TRANSFER,
TXN-00000879,2023-09-02T10:19:31+05:30,GOV-DBT-001,ACC-000320,22000.00,DBT_DISBURSEMENT,APP-0000375
TXN-00000191,2023-09-02T10:35:52+05:30,GOV-DBT-001,ACC-000283,6250.00,DBT_DISBURSEMENT,APP-0000237
TXN-00001016,2023-09-02T10:45:32+05:30,GOV-DBT-001,ACC-000509,14750.00,DBT_DISBURSEMENT,APP-0001258
TXN-00000497,2023-09-02T11:08:16+05:30,GOV-DBT-001,ACC-001710,26750.00,DBT_DISBURSEMENT,APP-0000627
TXN-00000310,2023-09-02T12:11:21+05:30,GOV-DBT-001,ACC-001887,15250.00,DBT_DISBURSEMENT,APP-0000426
TXN-00001375,2023-09-02T12:43:56+05:30,ACC-001862,ACC-002242,1270.00,ACCOUNT_TRANSFER,
TXN-00000387,2023-09-02T13:55:44+05:30,GOV-DBT-001,ACC-002033,11250.00,DBT_DISBURSEMENT,APP-0000921
TXN-00000760,2023-09-02T15:28:07+05:30,ACC-002701,ACC-000698,717.00,ACCOUNT_TRANSFER,
TXN-00000055,2023-09-03T11:54:28+05:30,GOV-DBT-001,ACC-002526,18750.00,DBT_DISBURSEMENT,APP-0001326
TXN-00000917,2023-09-03T12:19:05+05:30,GOV-DBT-001,ACC-002148,46750.00,DBT_DISBURSEMENT,APP-0000618
TXN-00000698,2023-09-03T12:27:56+05:30,GOV-DBT-001,ACC-002101,10250.00,DBT_DISBURSEMENT,APP-0001303
TXN-00000416,2023-09-03T12:55:16+05:30,GOV-DBT-001,ACC-000628,56500.00,DBT_DISBURSEMENT,APP-0000268
TXN-00000674,2023-09-04T10:33:41+05:30,GOV-DBT-001,ACC-000952,8000.00,DBT_DISBURSEMENT,APP-0000682
TXN-00000325,2023-09-04T12:57:52+05:30,GOV-DBT-001,ACC-000199,5000.00,DBT_DISBURSEMENT,APP-0000746
TXN-00001389,2023-09-04T13:13:41+05:30,GOV-DBT-001,ACC-000483,4250.00,DBT_DISBURSEMENT,APP-0000087
TXN-00000385,2023-09-05T10:19:06+05:30,GOV-DBT-001,ACC-000532,32000.00,DBT_DISBURSEMENT,APP-0001069
TXN-00000203,2023-09-05T11:04:04+05:30,GOV-DBT-001,ACC-001414,21500.00,DBT_DISBURSEMENT,APP-0001004
TXN-00000407,2023-09-05T14:02:33+05:30,GOV-DBT-001,ACC-001639,10750.00,DBT_DISBURSEMENT,APP-0000891
TXN-00000667,2023-09-06T10:49:26+05:30,GOV-DBT-001,ACC-001085,33500.00,DBT_DISBURSEMENT,APP-0000306
TXN-00001288,2023-09-06T12:05:54+05:30,GOV-DBT-001,ACC-002285,36250.00,DBT_DISBURSEMENT,APP-0000043
TXN-00000275,2023-09-06T12:12:49+05:30,GOV-DBT-001,ACC-001509,9750.00,DBT_DISBURSEMENT,APP-0000240
TXN-00000317,2023-09-08T11:24:34+05:30,GOV-DBT-001,ACC-001858,18250.00,DBT_DISBURSEMENT,APP-0001384
TXN-00000251,2023-09-08T11:43:12+05:30,GOV-DBT-001,ACC-001545,41250.00,DBT_DISBURSEMENT,APP-0000445
TXN-00000500,2023-09-08T12:58:05+05:30,GOV-DBT-001,ACC-001529,51000.00,DBT_DISBURSEMENT,APP-0000265
TXN-00001265,2023-09-08T13:41:12+05:30,GOV-DBT-001,ACC-000943,10500.00,DBT_DISBURSEMENT,APP-0001422
TXN-00001129,2023-09-08T15:32:58+05:30,GOV-DBT-001,ACC-002980,28500.00,DBT_DISBURSEMENT,APP-0000501
TXN-00000089,2023-09-09T10:40:34+05:30,ACC-002921,ACC-000709,1293.00,ACCOUNT_TRANSFER,
TXN-00000940,2023-09-09T11:45:45+05:30,GOV-DBT-001,ACC-002235,29750.00,DBT_DISBURSEMENT,APP-0000720
TXN-00001447,2023-09-09T12:35:22+05:30,GOV-DBT-001,ACC-000550,22000.00,DBT_DISBURSEMENT,APP-0001095
TXN-00001347,2023-09-09T13:49:50+05:30,GOV-DBT-001,ACC-002515,10000.00,DBT_DISBURSEMENT,APP-0000244
TXN-00001547,2023-09-10T10:21:04+05:30,GOV-DBT-001,ACC-000138,9500.00,DBT_DISBURSEMENT,APP-0000951
TXN-00000011,2023-09-10T11:20:43+05:30,GOV-DBT-001,ACC-002842,27000.00,DBT_DISBURSEMENT,APP-0001246
TXN-00001012,2023-09-10T12:11:04+05:30,GOV-DBT-001,ACC-002255,18750.00,DBT_DISBURSEMENT,APP-0001293
TXN-00001559,2023-09-10T15:12:32+05:30,GOV-DBT-001,ACC-001506,17625.00,DBT_DISBURSEMENT,APP-0000928
TXN-00001064,2023-09-11T10:53:04+05:30,GOV-DBT-001,ACC-002363,8500.00,DBT_DISBURSEMENT,APP-0000532
TXN-00000822,2023-09-11T11:23:01+05:30,GOV-DBT-001,ACC-000842,44250.00,DBT_DISBURSEMENT,APP-0000348
TXN-00000841,2023-09-11T12:41:19+05:30,GOV-DBT-001,ACC-002030,34750.00,DBT_DISBURSEMENT,APP-0000351
TXN-00000567,2023-09-12T11:29:20+05:30,GOV-DBT-001,ACC-001764,40250.00,DBT_DISBURSEMENT,APP-0000726
TXN-00000851,2023-09-12T12:57:03+05:30,GOV-DBT-001,ACC-002999,30500.00,DBT_DISBURSEMENT,APP-0000294
TXN-00001327,2023-09-12T14:20:50+05:30,GOV-DBT-001,ACC-002633,5000.00,DBT_DISBURSEMENT,APP-0000721
TXN-00001567,2023-09-12T14:55:46+05:30,GOV-DBT-001,ACC-002007,40000.00,DBT_DISBURSEMENT,APP-0000437
TXN-00000640,2023-09-13T10:05:46+05:30,GOV-DBT-001,ACC-000922,11500.00,DBT_DISBURSEMENT,APP-0001272
TXN-00000453,2023-09-13T10:13:04+05:30,GOV-DBT-001,ACC-000094,9000.00,DBT_DISBURSEMENT,APP-0000008
TXN-00001299,2023-09-13T11:46:58+05:30,GOV-DBT-001,ACC-000763,16750.00,DBT_DISBURSEMENT,APP-0001164
TXN-00001185,2023-09-13T12:12:33+05:30,GOV-DBT-001,ACC-001694,25000.00,DBT_DISBURSEMENT,APP-0000702
TXN-00001360,2023-09-13T12:16:20+05:30,GOV-DBT-001,ACC-001176,33500.00,DBT_DISBURSEMENT,APP-0001387
TXN-00001154,2023-09-13T13:58:22+05:30,GOV-DBT-001,ACC-001378,8000.00,DBT_DISBURSEMENT,APP-0000395
TXN-00000054,2023-09-13T14:45:26+05:30,GOV-DBT-001,ACC-002299,33000.00,DBT_DISBURSEMENT,APP-0000880
TXN-00000854,2023-09-13T15:06:16+05:30,GOV-DBT-001,ACC-001738,19500.00,DBT_DISBURSEMENT,APP-0000821
TXN-00000158,2023-09-13T15:32:26+05:30,GOV-DBT-001,ACC-001883,27250.00,DBT_DISBURSEMENT,APP-0000651
TXN-00000080,2023-09-14T10:01:46+05:30,GOV-DBT-001,ACC-000778,9000.00,DBT_DISBURSEMENT,APP-0001375
TXN-00000813,2023-09-14T12:50:10+05:30,GOV-DBT-001,ACC-002949,7500.00,DBT_DISBURSEMENT,APP-0001192
TXN-00000280,2023-09-14T12:56:58+05:30,GOV-DBT-001,ACC-000585,11000.00,DBT_DISBURSEMENT,APP-0001421
TXN-00001308,2023-09-14T13:58:59+05:30,GOV-DBT-001,ACC-001904,7250.00,DBT_DISBURSEMENT,APP-0000037
TXN-00001055,2023-09-15T12:14:19+05:30,GOV-DBT-001,ACC-000175,34750.00,DBT_DISBURSEMENT,APP-0000138
TXN-00000720,2023-09-15T13:07:35+05:30,GOV-DBT-001,ACC-002257,18500.00,DBT_DISBURSEMENT,APP-0000446
TXN-00001037,2023-09-15T15:08:31+05:30,GOV-DBT-001,ACC-001625,23500.00,DBT_DISBURSEMENT,APP-0001223
TXN-00000570,2023-09-15T15:39:08+05:30,GOV-DBT-001,ACC-000925,24500.00,DBT_DISBURSEMENT,APP-0001133
TXN-00000681,2023-09-16T10:49:47+05:30,GOV-DBT-001,ACC-001610,57250.00,DBT_DISBURSEMENT,APP-0000308
TXN-00001501,2023-09-16T11:27:10+05:30,ACC-002469,ACC-000156,181.00,ACCOUNT_TRANSFER,
TXN-00000038,2023-09-16T14:11:44+05:30,GOV-DBT-001,ACC-002037,8750.00,DBT_DISBURSEMENT,APP-0000264
TXN-00000132,2023-09-16T14:35:42+05:30,GOV-DBT-001,ACC-000049,36250.00,DBT_DISBURSEMENT,APP-0000572
TXN-00000551,2023-09-17T13:51:25+05:30,GOV-DBT-001,ACC-002126,11000.00,DBT_DISBURSEMENT,APP-0000825
TXN-00000388,2023-09-18T10:24:38+05:30,GOV-DBT-001,ACC-000632,14000.00,DBT_DISBURSEMENT,APP-0000288
TXN-00001164,2023-09-18T10:56:17+05:30,GOV-DBT-001,ACC-001685,13750.00,DBT_DISBURSEMENT,APP-0001143
TXN-00000277,2023-09-18T12:06:34+05:30,GOV-DBT-001,ACC-000995,5250.00,DBT_DISBURSEMENT,APP-0000424
TXN-00001257,2023-09-18T14:04:45+05:30,GOV-DBT-001,ACC-001807,8125.00,DBT_DISBURSEMENT,APP-0001269
TXN-00000903,2023-09-18T15:06:05+05:30,GOV-DBT-001,ACC-000968,14250.00,DBT_DISBURSEMENT,APP-0000574
TXN-00001051,2023-09-18T15:24:52+05:30,GOV-DBT-001,ACC-002415,46000.00,DBT_DISBURSEMENT,APP-0001373
TXN-00000481,2023-09-18T15:48:17+05:30,ACC-001088,ACC-002530,363.00,ACCOUNT_TRANSFER,
TXN-00001267,2023-09-19T10:59:35+05:30,GOV-DBT-001,ACC-000884,6750.00,DBT_DISBURSEMENT,APP-0001215
TXN-00001132,2023-09-19T12:58:04+05:30,GOV-DBT-001,ACC-002303,7250.00,DBT_DISBURSEMENT,APP-0000106
TXN-00001399,2023-09-19T13:36:55+05:30,GOV-DBT-001,ACC-000893,11250.00,DBT_DISBURSEMENT,APP-0000105
TXN-00000965,2023-09-20T11:18:31+05:30,GOV-DBT-001,ACC-000173,6500.00,DBT_DISBURSEMENT,APP-0001053
TXN-00001044,2023-09-20T11:48:21+05:30,GOV-DBT-001,ACC-001706,16750.00,DBT_DISBURSEMENT,APP-0001423
TXN-00001071,2023-09-20T12:35:22+05:30,ACC-000550,ACC-002147,1114.00,ACCOUNT_TRANSFER,
TXN-00000977,2023-09-20T12:54:05+05:30,GOV-DBT-001,ACC-000994,24000.00,DBT_DISBURSEMENT,APP-0001362
TXN-00000399,2023-09-20T13:43:15+05:30,GOV-DBT-001,ACC-000986,10875.00,DBT_DISBURSEMENT,APP-0001081
TXN-00000086,2023-09-20T13:51:43+05:30,GOV-DBT-001,ACC-002532,32250.00,DBT_DISBURSEMENT,APP-0000145
TXN-00000184,2023-09-20T13:55:44+05:30,ACC-002033,ACC-000201,243.00,ACCOUNT_TRANSFER,
TXN-00000049,2023-09-20T14:55:28+05:30,GOV-DBT-001,ACC-002588,3000.00,DBT_DISBURSEMENT,APP-0000458
TXN-00000630,2023-09-21T11:54:07+05:30,GOV-DBT-001,ACC-000373,34500.00,DBT_DISBURSEMENT,APP-0001383
TXN-00001363,2023-09-21T12:17:10+05:30,ACC-002043,ACC-000709,407.00,ACCOUNT_TRANSFER,
TXN-00001146,2023-09-21T13:22:36+05:30,GOV-DBT-001,ACC-000826,16000.00,DBT_DISBURSEMENT,APP-0000909
TXN-00000309,2023-09-21T15:23:45+05:30,GOV-DBT-001,ACC-002003,9500.00,DBT_DISBURSEMENT,APP-0001261
TXN-00001023,2023-09-21T15:56:13+05:30,GOV-DBT-001,ACC-000483,5750.00,DBT_DISBURSEMENT,APP-0000162
TXN-00000610,2023-09-22T11:21:09+05:30,GOV-DBT-001,ACC-002154,14250.00,DBT_DISBURSEMENT,APP-0000671
TXN-00001045,2023-09-22T11:21:48+05:30,GOV-DBT-001,ACC-000738,18250.00,DBT_DISBURSEMENT,APP-0000568
TXN-00001088,2023-09-22T12:05:29+05:30,GOV-DBT-001,ACC-001418,16250.00,DBT_DISBURSEMENT,APP-0001242
TXN-00000611,2023-09-22T15:53:43+05:30,GOV-DBT-001,ACC-002599,35500.00,DBT_DISBURSEMENT,APP-0000132
TXN-00000019,2023-09-23T14:17:02+05:30,GOV-DBT-001,ACC-002787,13750.00,DBT_DISBURSEMENT,APP-0000460
TXN-00001382,2023-09-23T14:54:49+05:30,GOV-DBT-001,ACC-002966,43500.00,DBT_DISBURSEMENT,APP-0000931
TXN-00001068,2023-09-24T11:01:28+05:30,GOV-DBT-001,ACC-000522,33750.00,DBT_DISBURSEMENT,APP-0000178
TXN-00000414,2023-09-24T11:30:56+05:30,GOV-DBT-001,ACC-001125,15250.00,DBT_DISBURSEMENT,APP-0000679
TXN-00000742,2023-09-24T13:05:34+05:30,GOV-DBT-001,ACC-000250,10250.00,DBT_DISBURSEMENT,APP-0000251
TXN-00001353,2023-09-24T13:49:58+05:30,GOV-DBT-001,ACC-001718,60250.00,DBT_DISBURSEMENT,APP-0000904
TXN-00000354,2023-09-24T15:06:16+05:30,ACC-001738,ACC-000698,875.00,ACCOUNT_TRANSFER,
TXN-00000365,2023-09-24T15:10:23+05:30,GOV-DBT-001,ACC-001353,21500.00,DBT_DISBURSEMENT,APP-0001154
TXN-00000095,2023-09-24T15:16:45+05:30,GOV-DBT-001,ACC-000247,14000.00,DBT_DISBURSEMENT,APP-0000006
TXN-00000215,2023-09-25T11:11:17+05:30,GOV-DBT-001,ACC-002457,5250.00,DBT_DISBURSEMENT,APP-0000799
TXN-00001449,2023-09-25T12:00:16+05:30,GOV-DBT-001,ACC-002512,56000.00,DBT_DISBURSEMENT,APP-0000836
TXN-00000210,2023-09-25T12:37:51+05:30,GOV-DBT-001,ACC-001683,45750.00,DBT_DISBURSEMENT,APP-0000115
TXN-00000645,2023-09-26T10:03:36+05:30,GOV-DBT-001,ACC-001271,32750.00,DBT_DISBURSEMENT,APP-0000761
TXN-00000015,2023-09-26T11:17:36+05:30,GOV-DBT-001,ACC-001360,19500.00,DBT_DISBURSEMENT,APP-0000794
TXN-00000628,2023-09-26T11:21:20+05:30,GOV-DBT-001,ACC-001186,19000.00,DBT_DISBURSEMENT,APP-0000166
TXN-00000071,2023-09-26T11:36:03+05:30,GOV-DBT-001,ACC-002634,18500.00,DBT_DISBURSEMENT,APP-0000834
TXN-00000525,2023-09-26T11:39:45+05:30,GOV-DBT-001,ACC-000463,9625.00,DBT_DISBURSEMENT,APP-0000319
TXN-00000918,2023-09-26T15:30:10+05:30,GOV-DBT-001,ACC-000379,4750.00,DBT_DISBURSEMENT,APP-0001336
TXN-00001319,2023-09-26T15:48:00+05:30,GOV-DBT-001,ACC-000027,7750.00,DBT_DISBURSEMENT,APP-0000790
TXN-00000870,2023-09-27T10:31:51+05:30,GOV-DBT-001,ACC-001161,32000.00,DBT_DISBURSEMENT,APP-0000507
TXN-00001187,2023-09-27T11:07:36+05:30,GOV-DBT-001,ACC-001228,7250.00,DBT_DISBURSEMENT,APP-0000769
TXN-00000914,2023-09-27T11:34:00+05:30,GOV-DBT-001,ACC-002632,14500.00,DBT_DISBURSEMENT,APP-0000266
TXN-00000422,2023-09-27T11:54:18+05:30,GOV-DBT-001,ACC-001360,13750.00,DBT_DISBURSEMENT,APP-0000583
TXN-00000574,2023-09-27T12:43:29+05:30,GOV-DBT-001,ACC-002030,14000.00,DBT_DISBURSEMENT,APP-0000719
TXN-00001571,2023-09-27T14:06:01+05:30,GOV-DBT-001,ACC-002079,7500.00,DBT_DISBURSEMENT,APP-0000820
TXN-00001076,2023-09-27T15:08:52+05:30,GOV-DBT-001,ACC-002686,25000.00,DBT_DISBURSEMENT,APP-0000533
TXN-00001128,2023-09-28T10:21:16+05:30,GOV-DBT-001,ACC-000463,31750.00,DBT_DISBURSEMENT,APP-0000425
TXN-00000199,2023-09-28T12:57:30+05:30,GOV-DBT-001,ACC-000732,5750.00,DBT_DISBURSEMENT,APP-0000811
TXN-00000088,2023-09-28T14:09:38+05:30,GOV-DBT-001,ACC-001739,34500.00,DBT_DISBURSEMENT,APP-0000871
TXN-00000164,2023-09-28T15:42:17+05:30,GOV-DBT-001,ACC-002972,3750.00,DBT_DISBURSEMENT,APP-0000241
TXN-00000680,2023-09-29T10:40:34+05:30,GOV-DBT-001,ACC-002867,30250.00,DBT_DISBURSEMENT,APP-0000459
TXN-00000242,2023-09-29T13:14:08+05:30,GOV-DBT-001,ACC-000702,27000.00,DBT_DISBURSEMENT,APP-0000971
TXN-00000569,2023-09-29T13:24:49+05:30,GOV-DBT-001,ACC-000906,10750.00,DBT_DISBURSEMENT,APP-0000269
TXN-00000934,2023-09-29T13:45:19+05:30,GOV-DBT-001,ACC-002296,22750.00,DBT_DISBURSEMENT,APP-0000480
TXN-00000892,2023-09-29T15:06:05+05:30,ACC-000968,ACC-002147,347.00,ACCOUNT_TRANSFER,
TXN-00001548,2023-09-30T10:06:31+05:30,GOV-DBT-001,ACC-001299,29500.00,DBT_DISBURSEMENT,APP-0000077
TXN-00000618,2023-09-30T11:42:29+05:30,GOV-DBT-001,ACC-001322,33250.00,DBT_DISBURSEMENT,APP-0001186
TXN-00000037,2023-09-30T12:10:38+05:30,GOV-DBT-001,ACC-000965,20250.00,DBT_DISBURSEMENT,APP-0000159
TXN-00001221,2023-09-30T13:11:09+05:30,GOV-DBT-001,ACC-002570,25250.00,DBT_DISBURSEMENT,APP-0000789
TXN-00000081,2023-09-30T13:16:51+05:30,GOV-DBT-001,ACC-000481,9000.00,DBT_DISBURSEMENT,APP-0000491
TXN-00000288,2023-09-30T13:41:12+05:30,ACC-000943,ACC-000698,160.00,ACCOUNT_TRANSFER,
TXN-00000709,2023-09-30T14:44:56+05:30,GOV-DBT-001,ACC-002405,33250.00,DBT_DISBURSEMENT,APP-0001389
TXN-00000358,2023-10-01T13:02:35+05:30,GOV-DBT-001,ACC-001626,19750.00,DBT_DISBURSEMENT,APP-0000117
TXN-00001430,2023-10-01T14:34:51+05:30,GOV-DBT-001,ACC-000128,30250.00,DBT_DISBURSEMENT,APP-0001015
TXN-00001455,2023-10-01T14:34:56+05:30,GOV-DBT-001,ACC-000578,14500.00,DBT_DISBURSEMENT,APP-0000161
TXN-00001333,2023-10-01T14:55:46+05:30,ACC-002007,ACC-002530,996.00,ACCOUNT_TRANSFER,
TXN-00001578,2023-10-02T14:52:25+05:30,GOV-DBT-001,ACC-001782,7500.00,DBT_DISBURSEMENT,APP-0000878
TXN-00000876,2023-10-02T15:36:09+05:30,GOV-DBT-001,ACC-001773,38500.00,DBT_DISBURSEMENT,APP-0001063
TXN-00000682,2023-10-03T12:06:45+05:30,GOV-DBT-001,ACC-002225,3500.00,DBT_DISBURSEMENT,APP-0000523
TXN-00000978,2023-10-03T12:19:18+05:30,GOV-DBT-001,ACC-001962,4750.00,DBT_DISBURSEMENT,APP-0000412
TXN-00000814,2023-10-03T13:20:24+05:30,GOV-DBT-001,ACC-002352,18500.00,DBT_DISBURSEMENT,APP-0000239
TXN-00000050,2023-10-04T11:04:19+05:30,GOV-DBT-001,ACC-001187,5500.00,DBT_DISBURSEMENT,APP-0000615
TXN-00000300,2023-10-04T11:57:41+05:30,GOV-DBT-001,ACC-000738,7000.00,DBT_DISBURSEMENT,APP-0000136
TXN-00000694,2023-10-04T12:06:30+05:30,GOV-DBT-001,ACC-001614,11125.00,DBT_DISBURSEMENT,APP-0000272
TXN-00001317,2023-10-04T13:19:47+05:30,GOV-DBT-001,ACC-002611,27250.00,DBT_DISBURSEMENT,APP-0000963
TXN-00000134,2023-10-04T14:35:42+05:30,ACC-000049,ACC-000156,1483.00,ACCOUNT_TRANSFER,
TXN-00000232,2023-10-04T15:20:36+05:30,GOV-DBT-001,ACC-001691,13250.00,DBT_DISBURSEMENT,APP-0000804
TXN-00001159,2023-10-05T10:00:42+05:30,GOV-DBT-001,ACC-000107,45250.00,DBT_DISBURSEMENT,APP-0000428
TXN-00001269,2023-10-05T10:10:37+05:30,GOV-DBT-001,ACC-000143,5750.00,DBT_DISBURSEMENT,APP-0000330
TXN-00001107,2023-10-05T10:13:04+05:30,ACC-000094,ACC-002242,511.00,ACCOUNT_TRANSFER,
TXN-00001409,2023-10-05T13:26:39+05:30,GOV-DBT-001,ACC-002552,23500.00,DBT_DISBURSEMENT,APP-0000202
TXN-00000075,2023-10-05T13:38:17+05:30,GOV-DBT-001,ACC-002287,9000.00,DBT_DISBURSEMENT,APP-0000262
TXN-00001242,2023-10-05T14:19:06+05:30,GOV-DBT-001,ACC-002799,2125.00,DBT_DISBURSEMENT,APP-0000623
TXN-00001203,2023-10-05T14:48:31+05:30,GOV-DBT-001,ACC-002922,25750.00,DBT_DISBURSEMENT,APP-0000872
TXN-00001518,2023-10-06T10:00:38+05:30,GOV-DBT-001,ACC-001360,46750.00,DBT_DISBURSEMENT,APP-0000630
TXN-00000112,2023-10-06T10:19:10+05:30,GOV-DBT-001,ACC-002415,8250.00,DBT_DISBURSEMENT,APP-0000503
TXN-00000560,2023-10-06T11:51:18+05:30,GOV-DBT-001,ACC-002347,24750.00,DBT_DISBURSEMENT,APP-0000741
TXN-00000127,2023-10-06T14:49:00+05:30,GOV-DBT-001,ACC-001946,40750.00,DBT_DISBURSEMENT,APP-0000462
TXN-00001118,2023-10-06T15:12:32+05:30,GOV-DBT-001,ACC-001506,17625.00,DBT_DISBURSEMENT,APP-0000928
TXN-00000462,2023-10-06T15:28:55+05:30,GOV-DBT-001,ACC-001010,3750.00,DBT_DISBURSEMENT,APP-0000072
TXN-00001583,2023-10-07T14:16:56+05:30,GOV-DBT-001,ACC-001394,27500.00,DBT_DISBURSEMENT,APP-0000051
TXN-00001229,2023-10-07T14:59:15+05:30,GOV-DBT-001,ACC-000970,19250.00,DBT_DISBURSEMENT,APP-0000644
TXN-00001216,2023-10-07T15:10:23+05:30,ACC-001353,ACC-000698,924.00,ACCOUNT_TRANSFER,
TXN-00001386,2023-10-08T12:08:33+05:30,GOV-DBT-001,ACC-001130,9250.00,DBT_DISBURSEMENT,APP-0000471
TXN-00000889,2023-10-08T12:47:37+05:30,GOV-DBT-001,ACC-000587,16250.00,DBT_DISBURSEMENT,APP-0001168
TXN-00000102,2023-10-08T14:00:01+05:30,GOV-DBT-001,ACC-002038,13250.00,DBT_DISBURSEMENT,APP-0000270
TXN-00001475,2023-10-08T14:16:31+05:30,GOV-DBT-001,ACC-001897,24750.00,DBT_DISBURSEMENT,APP-0001325
TXN-00000596,2023-10-08T14:46:10+05:30,GOV-DBT-001,ACC-000404,4750.00,DBT_DISBURSEMENT,APP-0001318
TXN-00001234,2023-10-09T11:25:22+05:30,GOV-DBT-001,ACC-001872,34750.00,DBT_DISBURSEMENT,APP-0000403
TXN-00000227,2023-10-09T13:55:30+05:30,GOV-DBT-001,ACC-002238,20250.00,DBT_DISBURSEMENT,APP-0001119
TXN-00000830,2023-10-09T14:03:03+05:30,GOV-DBT-001,ACC-000320,9250.00,DBT_DISBURSEMENT,APP-0000500
TXN-00000678,2023-10-09T14:04:45+05:30,GOV-DBT-001,ACC-001807,8125.00,DBT_DISBURSEMENT,APP-0001269
TXN-00001046,2023-10-09T14:05:13+05:30,GOV-DBT-001,ACC-002484,8500.00,DBT_DISBURSEMENT,APP-0001210
TXN-00000964,2023-10-09T14:40:57+05:30,GOV-DBT-001,ACC-000646,49250.00,DBT_DISBURSEMENT,APP-0000463
TXN-00001332,2023-10-09T15:08:52+05:30,ACC-002686,ACC-000156,1344.00,ACCOUNT_TRANSFER,
TXN-00001294,2023-10-09T15:38:50+05:30,GOV-DBT-001,ACC-001445,6750.00,DBT_DISBURSEMENT,APP-0001084
TXN-00001241,2023-10-10T11:00:34+05:30,GOV-DBT-001,ACC-000890,26000.00,DBT_DISBURSEMENT,APP-0000385
TXN-00000949,2023-10-10T12:28:14+05:30,GOV-DBT-001,ACC-000502,15000.00,DBT_DISBURSEMENT,APP-0000130
TXN-00001158,2023-10-10T12:33:25+05:30,GOV-DBT-001,ACC-001043,25750.00,DBT_DISBURSEMENT,APP-0000842
TXN-00001017,2023-10-10T13:01:52+05:30,GOV-DBT-001,ACC-000768,15500.00,DBT_DISBURSEMENT,APP-0001221
TXN-00001215,2023-10-10T13:27:07+05:30,GOV-DBT-001,ACC-002126,14000.00,DBT_DISBURSEMENT,APP-0000131
TXN-00000484,2023-10-10T13:37:15+05:30,GOV-DBT-001,ACC-002301,14500.00,DBT_DISBURSEMENT,APP-0001348
TXN-00001365,2023-10-10T14:16:07+05:30,GOV-DBT-001,ACC-000354,4750.00,DBT_DISBURSEMENT,APP-0000322
TXN-00000915,2023-10-10T14:23:50+05:30,GOV-DBT-001,ACC-002457,4000.00,DBT_DISBURSEMENT,APP-0001307
TXN-00000207,2023-10-11T10:09:14+05:30,GOV-DBT-001,ACC-000877,13250.00,DBT_DISBURSEMENT,APP-0001349
TXN-00000583,2023-10-11T10:22:48+05:30,GOV-DBT-001,ACC-001716,31000.00,DBT_DISBURSEMENT,APP-0001044
TXN-00001477,2023-10-11T11:24:24+05:30,GOV-DBT-001,ACC-002828,29000.00,DBT_DISBURSEMENT,APP-0000364
TXN-00000157,2023-10-11T15:24:45+05:30,GOV-DBT-001,ACC-001179,19500.00,DBT_DISBURSEMENT,APP-0000772
TXN-00000513,2023-10-12T10:01:06+05:30,GOV-DBT-001,ACC-002072,48000.00,DBT_DISBURSEMENT,APP-0001276
TXN-00000512,2023-10-12T10:19:31+05:30,GOV-DBT-001,ACC-000320,22000.00,DBT_DISBURSEMENT,APP-0000375
TXN-00000096,2023-10-12T12:18:06+05:30,GOV-DBT-001,ACC-000719,24000.00,DBT_DISBURSEMENT,APP-0001365
TXN-00000246,2023-10-12T12:35:38+05:30,GOV-DBT-001,ACC-000824,45000.00,DBT_DISBURSEMENT,APP-0001160
TXN-00000670,2023-10-12T13:21:59+05:30,GOV-DBT-001,ACC-000574,28750.00,DBT_DISBURSEMENT,APP-0000053
TXN-00000318,2023-10-12T13:36:55+05:30,ACC-000893,ACC-002530,427.00,ACCOUNT_TRANSFER,
TXN-00000342,2023-10-12T14:23:49+05:30,GOV-DBT-001,ACC-000997,34750.00,DBT_DISBURSEMENT,APP-0001077
TXN-00000958,2023-10-12T14:45:14+05:30,GOV-DBT-001,ACC-000483,41250.00,DBT_DISBURSEMENT,APP-0001356
TXN-00001172,2023-10-12T14:49:14+05:30,GOV-DBT-001,ACC-000039,9750.00,DBT_DISBURSEMENT,APP-0000289
TXN-00000128,2023-10-12T15:00:47+05:30,GOV-DBT-001,ACC-002997,6250.00,DBT_DISBURSEMENT,APP-0001132
TXN-00001379,2023-10-12T15:40:13+05:30,GOV-DBT-001,ACC-000625,21500.00,DBT_DISBURSEMENT,APP-0001024
TXN-00001195,2023-10-13T10:22:21+05:30,GOV-DBT-001,ACC-001413,38250.00,DBT_DISBURSEMENT,APP-0000004
TXN-00001092,2023-10-13T10:29:34+05:30,GOV-DBT-001,ACC-000483,20875.00,DBT_DISBURSEMENT,APP-0000716
TXN-00000533,2023-10-13T10:29:57+05:30,GOV-DBT-001,ACC-002154,11750.00,DBT_DISBURSEMENT,APP-0000380
TXN-00000489,2023-10-13T11:00:42+05:30,GOV-DBT-001,ACC-000547,41000.00,DBT_DISBURSEMENT,APP-0000317
TXN-00001000,2023-10-13T11:10:56+05:30,GOV-DBT-001,ACC-000279,31750.00,DBT_DISBURSEMENT,APP-0000732
TXN-00000208,2023-10-13T12:20:49+05:30,GOV-DBT-001,ACC-001610,16500.00,DBT_DISBURSEMENT,APP-0000404
TXN-00000846,2023-10-13T13:56:15+05:30,GOV-DBT-001,ACC-002432,9000.00,DBT_DISBURSEMENT,APP-0000854
TXN-00001457,2023-10-13T14:50:28+05:30,GOV-DBT-001,ACC-001004,19750.00,DBT_DISBURSEMENT,APP-0000226
TXN-00001104,2023-10-13T15:20:36+05:30,ACC-001691,ACC-000156,721.00,ACCOUNT_TRANSFER,
TXN-00001218,2023-10-14T10:29:17+05:30,GOV-DBT-001,ACC-002270,20250.00,DBT_DISBURSEMENT,APP-0001099
TXN-00000364,2023-10-14T11:56:14+05:30,GOV-DBT-001,ACC-001519,10500.00,DBT_DISBURSEMENT,APP-0001347
TXN-00000919,2023-10-14T13:10:51+05:30,GOV-DBT-001,ACC-000987,6750.00,DBT_DISBURSEMENT,APP-0000098
TXN-00001525,2023-10-14T13:17:35+05:30,GOV-DBT-001,ACC-001694,25000.00,DBT_DISBURSEMENT,APP-0001122
TXN-00000188,2023-10-14T14:06:01+05:30,ACC-002079,ACC-002147,265.00,ACCOUNT_TRANSFER,
TXN-00000761,2023-10-14T14:46:00+05:30,GOV-DBT-001,ACC-000820,50750.00,DBT_DISBURSEMENT,APP-0000028
TXN-00000437,2023-10-15T12:44:29+05:30,GOV-DBT-001,ACC-000513,14250.00,DBT_DISBURSEMENT,APP-0001376
TXN-00001464,2023-10-15T13:33:31+05:30,GOV-DBT-001,ACC-002186,19750.00,DBT_DISBURSEMENT,APP-0000565
TXN-00001338,2023-10-15T14:27:05+05:30,GOV-DBT-001,ACC-001929,4500.00,DBT_DISBURSEMENT,APP-0000206
TXN-00000179,2023-10-15T15:25:38+05:30,GOV-DBT-001,ACC-000328,13625.00,DBT_DISBURSEMENT,APP-0001417
TXN-00000972,2023-10-15T15:50:34+05:30,GOV-DBT-001,ACC-001694,25000.00,DBT_DISBURSEMENT,APP-0001137
TXN-00001198,2023-10-16T10:16:02+05:30,GOV-DBT-001,ACC-002818,46000.00,DBT_DISBURSEMENT,APP-0000194
TXN-00001423,2023-10-16T12:02:14+05:30,GOV-DBT-001,ACC-002678,29500.00,DBT_DISBURSEMENT,APP-0001173
TXN-00001366,2023-10-16T13:02:35+05:30,ACC-001626,ACC-000476,557.00,ACCOUNT_TRANSFER,
TXN-00000022,2023-10-16T13:27:09+05:30,GOV-DBT-001,ACC-002873,52250.00,DBT_DISBURSEMENT,APP-0000089
TXN-00000488,2023-10-16T15:15:02+05:30,GOV-DBT-001,ACC-001868,15750.00,DBT_DISBURSEMENT,APP-0000875
TXN-00001451,2023-10-17T10:19:10+05:30,ACC-002415,ACC-002147,1629.00,ACCOUNT_TRANSFER,
TXN-00000307,2023-10-17T10:59:02+05:30,GOV-DBT-001,ACC-000262,4250.00,DBT_DISBURSEMENT,APP-0000370
TXN-00001214,2023-10-17T11:17:12+05:30,GOV-DBT-001,ACC-002201,17750.00,DBT_DISBURSEMENT,APP-0001255
TXN-00000877,2023-10-17T11:19:23+05:30,GOV-DBT-001,ACC-000187,6500.00,DBT_DISBURSEMENT,APP-0000297
TXN-00000862,2023-10-17T12:27:46+05:30,GOV-DBT-001,ACC-001360,11000.00,DBT_DISBURSEMENT,APP-0001177
TXN-00000286,2023-10-17T12:50:10+05:30,GOV-DBT-001,ACC-002949,7500.00,DBT_DISBURSEMENT,APP-0001192
TXN-00000482,2023-10-17T13:35:45+05:30,GOV-DBT-001,ACC-001979,13000.00,DBT_DISBURSEMENT,APP-0000559
TXN-00000247,2023-10-17T14:12:41+05:30,GOV-DBT-001,ACC-000954,32750.00,DBT_DISBURSEMENT,APP-0000054
TXN-00001507,2023-10-17T14:23:16+05:30,GOV-DBT-001,ACC-001926,3500.00,DBT_DISBURSEMENT,APP-0000981
TXN-00001008,2023-10-18T10:00:16+05:30,GOV-DBT-001,ACC-002793,16500.00,DBT_DISBURSEMENT,APP-0001427
TXN-00000735,2023-10-18T10:05:14+05:30,GOV-DBT-001,ACC-002585,6500.00,DBT_DISBURSEMENT,APP-0000002
TXN-00001579,2023-10-18T10:37:47+05:30,GOV-DBT-001,ACC-000895,41500.00,DBT_DISBURSEMENT,APP-0000494
TXN-00001502,2023-10-18T11:40:53+05:30,GOV-DBT-001,ACC-001625,17000.00,DBT_DISBURSEMENT,APP-0000164
TXN-00001539,2023-10-18T12:57:52+05:30,GOV-DBT-001,ACC-000199,5000.00,DBT_DISBURSEMENT,APP-0000746
TXN-00001168,2023-10-19T10:45:27+05:30,GOV-DBT-001,ACC-001512,40750.00,DBT_DISBURSEMENT,APP-0000399
TXN-00000585,2023-10-19T11:02:53+05:30,GOV-DBT-001,ACC-002164,49250.00,DBT_DISBURSEMENT,APP-0000441
TXN-00000924,2023-10-19T11:42:21+05:30,GOV-DBT-001,ACC-001360,29250.00,DBT_DISBURSEMENT,APP-0000279
TXN-00000250,2023-10-19T14:03:27+05:30,GOV-DBT-001,ACC-001547,27500.00,DBT_DISBURSEMENT,APP-0000504
TXN-00000346,2023-10-19T15:34:48+05:30,GOV-DBT-001,ACC-002442,12125.00,DBT_DISBURSEMENT,APP-0000788
TXN-00000891,2023-10-20T10:06:31+05:30,ACC-001299,ACC-000156,624.00,ACCOUNT_TRANSFER,
TXN-00000173,2023-10-20T11:29:02+05:30,GOV-DBT-001,ACC-001010,8750.00,DBT_DISBURSEMENT,APP-0000530
TXN-00000319,2023-10-20T13:18:50+05:30,GOV-DBT-001,ACC-000463,4750.00,DBT_DISBURSEMENT,APP-0001234
TXN-00000371,2023-10-20T15:00:42+05:30,GOV-DBT-001,ACC-002671,8000.00,DBT_DISBURSEMENT,APP-0000470
TXN-00000400,2023-10-20T15:44:23+05:30,GOV-DBT-001,ACC-002414,35000.00,DBT_DISBURSEMENT,APP-0000423
TXN-00000520,2023-10-21T10:57:57+05:30,GOV-DBT-001,ACC-000270,14625.00,DBT_DISBURSEMENT,APP-0000298
TXN-00000564,2023-10-21T10:58:51+05:30,GOV-DBT-001,ACC-000483,45000.00,DBT_DISBURSEMENT,APP-0001295
TXN-00001180,2023-10-21T11:10:29+05:30,GOV-DBT-001,ACC-002682,22000.00,DBT_DISBURSEMENT,APP-0000084
TXN-00000323,2023-10-21T11:21:37+05:30,GOV-DBT-001,ACC-002561,13500.00,DBT_DISBURSEMENT,APP-0000326
TXN-00000031,2023-10-21T15:35:01+05:30,GOV-DBT-001,ACC-000160,19750.00,DBT_DISBURSEMENT,APP-0000253
TXN-00001562,2023-10-21T15:58:58+05:30,GOV-DBT-001,ACC-002561,6250.00,DBT_DISBURSEMENT,APP-0001080
TXN-00000600,2023-10-22T12:06:45+05:30,ACC-002225,ACC-000156,115.00,ACCOUNT_TRANSFER,
TXN-00000349,2023-10-22T13:16:10+05:30,GOV-DBT-001,ACC-001045,25000.00,DBT_DISBURSEMENT,APP-0001322
TXN-00001141,2023-10-22T13:38:17+05:30,ACC-002287,ACC-000156,277.00,ACCOUNT_TRANSFER,
TXN-00000908,2023-10-22T15:07:51+05:30,GOV-DBT-001,ACC-001444,32500.00,DBT_DISBURSEMENT,APP-0000396
TXN-00001201,2023-10-22T15:12:33+05:30,GOV-DBT-001,ACC-001045,25000.00,DBT_DISBURSEMENT,APP-0001229
TXN-00001189,2023-10-22T15:30:40+05:30,GOV-DBT-001,ACC-001625,3000.00,DBT_DISBURSEMENT,APP-0001431
TXN-00000455,2023-10-23T11:45:08+05:30,GOV-DBT-001,ACC-002330,37750.00,DBT_DISBURSEMENT,APP-0001441
TXN-00000025,2023-10-23T12:33:25+05:30,ACC-001043,ACC-000476,534.00,ACCOUNT_TRANSFER,
TXN-00000853,2023-10-23T13:04:27+05:30,GOV-DBT-001,ACC-001692,29750.00,DBT_DISBURSEMENT,APP-0000398
TXN-00000145,2023-10-23T13:09:50+05:30,GOV-DBT-001,ACC-000368,20750.00,DBT_DISBURSEMENT,APP-0000997
TXN-00000023,2023-10-23T14:52:06+05:30,GOV-DBT-001,ACC-002001,26500.00,DBT_DISBURSEMENT,APP-0000858
TXN-00001101,2023-10-23T15:00:47+05:30,ACC-002997,ACC-000709,114.00,ACCOUNT_TRANSFER,
TXN-00001271,2023-10-23T15:07:15+05:30,GOV-DBT-001,ACC-000941,8250.00,DBT_DISBURSEMENT,APP-0000435
TXN-00001427,2023-10-23T15:27:12+05:30,GOV-DBT-001,ACC-000324,5000.00,DBT_DISBURSEMENT,APP-0000624
TXN-00000607,2023-10-24T12:29:04+05:30,GOV-DBT-001,ACC-001896,15750.00,DBT_DISBURSEMENT,APP-0001117
TXN-00000357,2023-10-24T13:20:47+05:30,GOV-DBT-001,ACC-001569,11250.00,DBT_DISBURSEMENT,APP-0000751
TXN-00000234,2023-10-24T13:38:08+05:30,GOV-DBT-001,ACC-000664,15750.00,DBT_DISBURSEMENT,APP-0000367
TXN-00000642,2023-10-24T14:54:22+05:30,GOV-DBT-001,ACC-000971,28500.00,DBT_DISBURSEMENT,APP-0001435
TXN-00000384,2023-10-24T15:13:21+05:30,GOV-DBT-001,ACC-001694,25000.00,DBT_DISBURSEMENT,APP-0000101
TXN-00001570,2023-10-25T10:29:17+05:30,ACC-002270,ACC-000156,823.00,ACCOUNT_TRANSFER,
TXN-00001011,2023-10-25T11:09:07+05:30,GOV-DBT-001,ACC-000782,5500.00,DBT_DISBURSEMENT,APP-0000097
TXN-00000141,2023-10-25T11:23:06+05:30,GOV-DBT-001,ACC-000592,36750.00,DBT_DISBURSEMENT,APP-0001259
TXN-00000253,2023-10-25T12:43:55+05:30,GOV-DBT-001,ACC-001627,6750.00,DBT_DISBURSEMENT,APP-0001268
TXN-00000058,2023-10-25T14:39:20+05:30,GOV-DBT-001,ACC-000981,20375.00,DBT_DISBURSEMENT,APP-0001394
TXN-00000747,2023-10-25T14:55:28+05:30,GOV-DBT-001,ACC-002588,3000.00,DBT_DISBURSEMENT,APP-0000458
TXN-00001472,2023-10-25T15:14:30+05:30,GOV-DBT-001,ACC-001355,11250.00,DBT_DISBURSEMENT,APP-0000712
TXN-00001356,2023-10-26T11:24:08+05:30,GOV-DBT-001,ACC-000548,44250.00,DBT_DISBURSEMENT,APP-0000833
TXN-00001090,2023-10-26T11:40:21+05:30,GOV-DBT-001,ACC-001508,44000.00,DBT_DISBURSEMENT,APP-0001156
TXN-00000832,2023-10-26T12:51:54+05:30,GOV-DBT-001,ACC-000612,13750.00,DBT_DISBURSEMENT,APP-0000727
TXN-00001510,2023-10-26T13:19:09+05:30,GOV-DBT-001,ACC-000553,18250.00,DBT_DISBURSEMENT,APP-0001093
TXN-00000200,2023-10-26T14:46:00+05:30,ACC-000820,ACC-000698,897.00,ACCOUNT_TRANSFER,
TXN-00000113,2023-10-27T10:22:21+05:30,ACC-001413,ACC-000156,1742.00,ACCOUNT_TRANSFER,
TXN-00001133,2023-10-27T11:23:49+05:30,GOV-DBT-001,ACC-001810,26375.00,DBT_DISBURSEMENT,APP-0001266
TXN-00001384,2023-10-27T12:41:54+05:30,GOV-DBT-001,ACC-002883,40000.00,DBT_DISBURSEMENT,APP-0000634
TXN-00000163,2023-10-27T13:00:56+05:30,GOV-DBT-001,ACC-000528,11000.00,DBT_DISBURSEMENT,APP-0000960
TXN-00000904,2023-10-27T15:14:52+05:30,GOV-DBT-001,ACC-000150,39750.00,DBT_DISBURSEMENT,APP-0001245
TXN-00000691,2023-10-28T10:20:29+05:30,GOV-DBT-001,ACC-002405,29000.00,DBT_DISBURSEMENT,APP-0000454
TXN-00000744,2023-10-28T12:50:10+05:30,ACC-002949,ACC-002147,475.00,ACCOUNT_TRANSFER,
TXN-00001192,2023-10-28T13:28:31+05:30,GOV-DBT-001,ACC-002241,27250.00,DBT_DISBURSEMENT,APP-0001161
TXN-00000900,2023-10-28T13:47:11+05:30,GOV-DBT-001,ACC-001069,8750.00,DBT_DISBURSEMENT,APP-0000438
TXN-00001496,2023-10-28T15:47:47+05:30,GOV-DBT-001,ACC-000456,9250.00,DBT_DISBURSEMENT,APP-0000197
TXN-00001174,2023-10-29T10:10:37+05:30,ACC-000143,ACC-002147,193.00,ACCOUNT_TRANSFER,
TXN-00000178,2023-10-29T10:19:42+05:30,GOV-DBT-001,ACC-000898,26500.00,DBT_DISBURSEMENT,APP-0000465
TXN-00000718,2023-10-29T11:15:39+05:30,GOV-DBT-001,ACC-000305,4250.00,DBT_DISBURSEMENT,APP-0000273
TXN-00000195,2023-10-29T11:22:49+05:30,GOV-DBT-001,ACC-002946,7000.00,DBT_DISBURSEMENT,APP-0001049
TXN-00001059,2023-10-29T11:25:22+05:30,ACC-001872,ACC-000156,1952.00,ACCOUNT_TRANSFER,
TXN-00001039,2023-10-29T11:28:53+05:30,GOV-DBT-001,ACC-000255,4000.00,DBT_DISBURSEMENT,APP-0000358
TXN-00000492,2023-10-29T12:08:33+05:30,ACC-001130,ACC-002147,543.00,ACCOUNT_TRANSFER,
TXN-00000708,2023-10-29T12:56:36+05:30,GOV-DBT-001,ACC-000778,11500.00,DBT_DISBURSEMENT,APP-0000717
TXN-00001223,2023-10-29T13:12:22+05:30,GOV-DBT-001,ACC-001143,11250.00,DBT_DISBURSEMENT,APP-0000479
TXN-00000363,2023-10-29T14:27:05+05:30,ACC-001929,ACC-000709,228.00,ACCOUNT_TRANSFER,
TXN-00000042,2023-10-29T15:55:49+05:30,GOV-DBT-001,ACC-002872,31500.00,DBT_DISBURSEMENT,APP-0001010
TXN-00000893,2023-10-30T10:21:46+05:30,GOV-DBT-001,ACC-002842,18750.00,DBT_DISBURSEMENT,APP-0001092
TXN-00000129,2023-10-30T10:53:26+05:30,GOV-DBT-001,ACC-002196,21500.00,DBT_DISBURSEMENT,APP-0000801
TXN-00000602,2023-10-30T11:01:10+05:30,GOV-DBT-001,ACC-002311,18500.00,DBT_DISBURSEMENT,APP-0000373
TXN-00001085,2023-10-30T11:08:30+05:30,GOV-DBT-001,ACC-000625,39750.00,DBT_DISBURSEMENT,APP-0000964
TXN-00001414,2023-10-30T12:21:16+05:30,GOV-DBT-001,ACC-002783,4375.00,DBT_DISBURSEMENT,APP-0000204
TXN-00001043,2023-10-30T12:33:01+05:30,GOV-DBT-001,ACC-001111,45500.00,DBT_DISBURSEMENT,APP-0001086
TXN-00001506,2023-10-30T14:21:21+05:30,GOV-DBT-001,ACC-001843,34500.00,DBT_DISBURSEMENT,APP-0000768
TXN-00001495,2023-10-30T15:38:11+05:30,GOV-DBT-001,ACC-001237,13500.00,DBT_DISBURSEMENT,APP-0000797
TXN-00000035,2023-10-30T15:47:21+05:30,GOV-DBT-001,ACC-000451,4500.00,DBT_DISBURSEMENT,APP-0000806
TXN-00001034,2023-10-31T11:54:31+05:30,GOV-DBT-001,ACC-000302,29750.00,DBT_DISBURSEMENT,APP-0000810
TXN-00000542,2023-10-31T14:00:16+05:30,GOV-DBT-001,ACC-000276,7750.00,DBT_DISBURSEMENT,APP-0000221
TXN-00000723,2023-10-31T14:08:51+05:30,GOV-DBT-001,ACC-000536,16500.00,DBT_DISBURSEMENT,APP-0000257
TXN-00000154,2023-10-31T14:37:29+05:30,GOV-DBT-001,ACC-000235,8000.00,DBT_DISBURSEMENT,APP-0000256
TXN-00000643,2023-10-31T14:55:22+05:30,GOV-DBT-001,ACC-001963,13000.00,DBT_DISBURSEMENT,APP-0001341
TXN-00000554,2023-10-31T15:44:23+05:30,ACC-002414,ACC-000476,2007.00,ACCOUNT_TRANSFER,
TXN-00001491,2023-11-01T11:10:56+05:30,ACC-000279,ACC-000709,1773.00,ACCOUNT_TRANSFER,
TXN-00000898,2023-11-01T11:17:37+05:30,GOV-DBT-001,ACC-000486,3750.00,DBT_DISBURSEMENT,APP-0000665
TXN-00000504,2023-11-01T11:39:45+05:30,GOV-DBT-001,ACC-000463,9625.00,DBT_DISBURSEMENT,APP-0000319
TXN-00001428,2023-11-01T12:09:02+05:30,GOV-DBT-001,ACC-001446,33500.00,DBT_DISBURSEMENT,APP-0000182
TXN-00001209,2023-11-01T13:17:08+05:30,GOV-DBT-001,ACC-001852,30750.00,DBT_DISBURSEMENT,APP-0001078
TXN-00001050,2023-11-01T13:51:25+05:30,GOV-DBT-001,ACC-002126,11000.00,DBT_DISBURSEMENT,APP-0000825
TXN-00000986,2023-11-01T14:42:49+05:30,GOV-DBT-001,ACC-000175,14000.00,DBT_DISBURSEMENT,APP-0001287
TXN-00001136,2023-11-01T15:40:00+05:30,GOV-DBT-001,ACC-000487,13000.00,DBT_DISBURSEMENT,APP-0000879
TXN-00000553,2023-11-02T11:07:17+05:30,GOV-DBT-001,ACC-000503,14750.00,DBT_DISBURSEMENT,APP-0000415
TXN-00000067,2023-11-02T11:37:10+05:30,GOV-DBT-001,ACC-002936,49750.00,DBT_DISBURSEMENT,APP-0000946
TXN-00001018,2023-11-02T12:01:10+05:30,GOV-DBT-001,ACC-001944,29750.00,DBT_DISBURSEMENT,APP-0000948
TXN-00000945,2023-11-02T12:30:11+05:30,GOV-DBT-001,ACC-001979,8250.00,DBT_DISBURSEMENT,APP-0000151
TXN-00000314,2023-11-02T13:34:34+05:30,GOV-DBT-001,ACC-002830,5000.00,DBT_DISBURSEMENT,APP-0000993
TXN-00000802,2023-11-02T13:50:19+05:30,GOV-DBT-001,ACC-001966,5000.00,DBT_DISBURSEMENT,APP-0000467
TXN-00001152,2023-11-02T14:11:53+05:30,GOV-DBT-001,ACC-002737,29750.00,DBT_DISBURSEMENT,APP-0000956
TXN-00001083,2023-11-02T15:17:32+05:30,GOV-DBT-001,ACC-001913,43250.00,DBT_DISBURSEMENT,APP-0001230
TXN-00000792,2023-11-02T15:32:48+05:30,GOV-DBT-001,ACC-002708,6750.00,DBT_DISBURSEMENT,APP-0000510
TXN-00000703,2023-11-02T15:47:47+05:30,GOV-DBT-001,ACC-002111,10750.00,DBT_DISBURSEMENT,APP-0000791
TXN-00000839,2023-11-02T15:58:13+05:30,GOV-DBT-001,ACC-000448,37250.00,DBT_DISBURSEMENT,APP-0000453
TXN-00000233,2023-11-03T11:08:20+05:30,GOV-DBT-001,ACC-002457,9000.00,DBT_DISBURSEMENT,APP-0000796
TXN-00001302,2023-11-03T12:35:38+05:30,ACC-000824,ACC-000476,945.00,ACCOUNT_TRANSFER,
TXN-00000362,2023-11-03T13:04:08+05:30,GOV-DBT-001,ACC-001256,5625.00,DBT_DISBURSEMENT,APP-0001032
TXN-00000925,2023-11-03T14:19:16+05:30,GOV-DBT-001,ACC-001045,25000.00,DBT_DISBURSEMENT,APP-0001076
TXN-00000886,2023-11-03T14:55:28+05:30,ACC-002588,ACC-002242,221.00,ACCOUNT_TRANSFER,
TXN-00001077,2023-11-03T15:58:56+05:30,GOV-DBT-001,ACC-002028,27500.00,DBT_DISBURSEMENT,APP-0000436
TXN-00000239,2023-11-04T10:15:59+05:30,GOV-DBT-001,ACC-002737,39750.00,DBT_DISBURSEMENT,APP-0001238
TXN-00000677,2023-11-04T10:32:57+05:30,GOV-DBT-001,ACC-002537,25500.00,DBT_DISBURSEMENT,APP-0001110
TXN-00000065,2023-11-04T12:22:55+05:30,GOV-DBT-001,ACC-000266,15000.00,DBT_DISBURSEMENT,APP-0000597
TXN-00001436,2023-11-04T14:07:46+05:30,GOV-DBT-001,ACC-002041,29750.00,DBT_DISBURSEMENT,APP-0000912
TXN-00000810,2023-11-04T15:17:30+05:30,GOV-DBT-001,ACC-000216,11500.00,DBT_DISBURSEMENT,APP-0001312
TXN-00001500,2023-11-05T10:14:05+05:30,GOV-DBT-001,ACC-002612,11750.00,DBT_DISBURSEMENT,APP-0000988
TXN-00001030,2023-11-05T10:30:59+05:30,GOV-DBT-001,ACC-002668,9750.00,DBT_DISBURSEMENT,APP-0000515
TXN-00000827,2023-11-05T11:04:43+05:30,GOV-DBT-001,ACC-001190,21500.00,DBT_DISBURSEMENT,APP-0000323
TXN-00000957,2023-11-05T11:22:18+05:30,GOV-DBT-001,ACC-000308,42250.00,DBT_DISBURSEMENT,APP-0000962
TXN-00001066,2023-11-05T12:32:23+05:30,GOV-DBT-001,ACC-002743,24000.00,DBT_DISBURSEMENT,APP-0000055
TXN-00001443,2023-11-05T14:19:06+05:30,GOV-DBT-001,ACC-002799,2125.00,DBT_DISBURSEMENT,APP-0000623
TXN-00000863,2023-11-06T11:10:29+05:30,ACC-002682,ACC-000709,582.00,ACCOUNT_TRANSFER,
TXN-00000981,2023-11-06T11:25:35+05:30,GOV-DBT-001,ACC-001194,7500.00,DBT_DISBURSEMENT,APP-0001041
TXN-00001305,2023-11-06T11:29:08+05:30,GOV-DBT-001,ACC-000483,36500.00,DBT_DISBURSEMENT,APP-0000232
TXN-00000103,2023-11-06T12:10:44+05:30,GOV-DBT-001,ACC-002464,8750.00,DBT_DISBURSEMENT,APP-0001040
TXN-00000541,2023-11-06T12:14:10+05:30,GOV-DBT-001,ACC-001625,5500.00,DBT_DISBURSEMENT,APP-0000779
TXN-00000641,2023-11-06T12:18:06+05:30,GOV-DBT-001,ACC-000719,24000.00,DBT_DISBURSEMENT,APP-0001365
TXN-00001139,2023-11-06T13:38:18+05:30,GOV-DBT-001,ACC-002153,54000.00,DBT_DISBURSEMENT,APP-0000898
TXN-00001482,2023-11-06T14:27:04+05:30,GOV-DBT-001,ACC-001554,7250.00,DBT_DISBURSEMENT,APP-0000335
TXN-00001167,2023-11-07T11:30:09+05:30,GOV-DBT-001,ACC-001897,5875.00,DBT_DISBURSEMENT,APP-0000083
TXN-00000315,2023-11-07T11:45:14+05:30,GOV-DBT-001,ACC-001547,6250.00,DBT_DISBURSEMENT,APP-0000935
TXN-00001587,2023-11-07T11:49:48+05:30,GOV-DBT-001,ACC-000547,8000.00,DBT_DISBURSEMENT,APP-0000911
TXN-00000222,2023-11-08T11:36:33+05:30,GOV-DBT-001,ACC-000763,7000.00,DBT_DISBURSEMENT,APP-0000812
TXN-00000951,2023-11-08T11:51:41+05:30,GOV-DBT-001,ACC-000154,26750.00,DBT_DISBURSEMENT,APP-0001378
TXN-00000343,2023-11-08T14:01:32+05:30,GOV-DBT-001,ACC-001003,25250.00,DBT_DISBURSEMENT,APP-0001358
TXN-00000466,2023-11-09T10:16:02+05:30,ACC-002818,ACC-002147,954.00,ACCOUNT_TRANSFER,
TXN-00000398,2023-11-09T12:49:57+05:30,GOV-DBT-001,ACC-000132,12250.00,DBT_DISBURSEMENT,APP-0000998
TXN-00001445,2023-11-09T13:51:25+05:30,ACC-002126,ACC-002242,1096.00,ACCOUNT_TRANSFER,
TXN-00001080,2023-11-10T10:05:31+05:30,GOV-DBT-001,ACC-001837,23500.00,DBT_DISBURSEMENT,APP-0000359
TXN-00000579,2023-11-10T10:48:47+05:30,GOV-DBT-001,ACC-001694,25000.00,DBT_DISBURSEMENT,APP-0000542
TXN-00001053,2023-11-10T11:55:28+05:30,GOV-DBT-001,ACC-000463,52250.00,DBT_DISBURSEMENT,APP-0000853
TXN-00000406,2023-11-10T12:40:23+05:30,GOV-DBT-001,ACC-001625,36250.00,DBT_DISBURSEMENT,APP-0000180
TXN-00001376,2023-11-10T14:09:50+05:30,GOV-DBT-001,ACC-001126,9500.00,DBT_DISBURSEMENT,APP-0000851
TXN-00001321,2023-11-11T12:42:39+05:30,GOV-DBT-001,ACC-001825,15250.00,DBT_DISBURSEMENT,APP-0000223
TXN-00000635,2023-11-11T12:50:57+05:30,GOV-DBT-001,ACC-001625,22250.00,DBT_DISBURSEMENT,APP-0000286
TXN-00001093,2023-11-11T13:04:08+05:30,GOV-DBT-001,ACC-001802,55750.00,DBT_DISBURSEMENT,APP-0000777
TXN-00000685,2023-11-11T13:38:39+05:30,GOV-DBT-001,ACC-002613,2125.00,DBT_DISBURSEMENT,APP-0001359
TXN-00001328,2023-11-11T15:40:59+05:30,GOV-DBT-001,ACC-001844,62500.00,DBT_DISBURSEMENT,APP-0000588
TXN-00000979,2023-11-11T15:56:38+05:30,GOV-DBT-001,ACC-000477,18250.00,DBT_DISBURSEMENT,APP-0000140
TXN-00000219,2023-11-12T11:44:21+05:30,GOV-DBT-001,ACC-000895,3500.00,DBT_DISBURSEMENT,APP-0000152
TXN-00000626,2023-11-12T12:07:31+05:30,GOV-DBT-001,ACC-001045,25000.00,DBT_DISBURSEMENT,APP-0000281
TXN-00000048,2023-11-12T13:20:22+05:30,GOV-DBT-001,ACC-000757,4000.00,DBT_DISBURSEMENT,APP-0000107
TXN-00001112,2023-11-12T13:20:47+05:30,GOV-DBT-001,ACC-001045,25000.00,DBT_DISBURSEMENT,APP-0000913
TXN-00000259,2023-11-13T11:39:23+05:30,GOV-DBT-001,ACC-002041,47500.00,DBT_DISBURSEMENT,APP-0000238
TXN-00000562,2023-11-13T12:45:42+05:30,GOV-DBT-001,ACC-001175,12875.00,DBT_DISBURSEMENT,APP-0000907
TXN-00000612,2023-11-13T13:45:05+05:30,GOV-DBT-001,ACC-001274,17500.00,DBT_DISBURSEMENT,APP-0001107
TXN-00000848,2023-11-13T15:10:02+05:30,GOV-DBT-001,ACC-001181,22750.00,DBT_DISBURSEMENT,APP-0000103
TXN-00001282,2023-11-14T11:41:31+05:30,GOV-DBT-001,ACC-001706,3500.00,DBT_DISBURSEMENT,APP-0000648
TXN-00000721,2023-11-14T15:25:38+05:30,GOV-DBT-001,ACC-000328,13625.00,DBT_DISBURSEMENT,APP-0001417
TXN-00001217,2023-11-15T10:14:02+05:30,GOV-DBT-001,ACC-001373,17500.00,DBT_DISBURSEMENT,APP-0000697
TXN-00001097,2023-11-15T11:40:21+05:30,ACC-001508,ACC-002147,1759.00,ACCOUNT_TRANSFER,
TXN-00001523,2023-11-15T11:46:57+05:30,GOV-DBT-001,ACC-001825,10000.00,DBT_DISBURSEMENT,APP-0001139
TXN-00000085,2023-11-15T12:06:30+05:30,GOV-DBT-001,ACC-001614,11125.00,DBT_DISBURSEMENT,APP-0000272
TXN-00000474,2023-11-15T12:09:02+05:30,ACC-001446,ACC-000476,1528.00,ACCOUNT_TRANSFER,
TXN-00000911,2023-11-15T13:00:04+05:30,GOV-DBT-001,ACC-001585,6750.00,DBT_DISBURSEMENT,APP-0000071
TXN-00001120,2023-11-15T14:55:50+05:30,GOV-DBT-001,ACC-001567,15000.00,DBT_DISBURSEMENT,APP-0000405
TXN-00000194,2023-11-15T15:05:24+05:30,GOV-DBT-001,ACC-002367,8750.00,DBT_DISBURSEMENT,APP-0000032
TXN-00000073,2023-11-15T15:27:12+05:30,ACC-000324,ACC-000709,190.00,ACCOUNT_TRANSFER,
TXN-00000044,2023-11-15T15:30:57+05:30,GOV-DBT-001,ACC-000629,25000.00,DBT_DISBURSEMENT,APP-0000118
TXN-00000765,2023-11-15T15:38:11+05:30,ACC-001237,ACC-002147,460.00,ACCOUNT_TRANSFER,
TXN-00001147,2023-11-15T15:57:56+05:30,GOV-DBT-001,ACC-001661,43500.00,DBT_DISBURSEMENT,APP-0000735
TXN-00001013,2023-11-16T10:21:10+05:30,GOV-DBT-001,ACC-001054,23250.00,DBT_DISBURSEMENT,APP-0000185
TXN-00000220,2023-11-16T12:02:28+05:30,GOV-DBT-001,ACC-002792,53750.00,DBT_DISBURSEMENT,APP-0000287
TXN-00001530,2023-11-16T12:10:36+05:30,GOV-DBT-001,ACC-001184,27500.00,DBT_DISBURSEMENT,APP-0001182
TXN-00000828,2023-11-16T12:38:01+05:30,GOV-DBT-001,ACC-001569,7000.00,DBT_DISBURSEMENT,APP-0001355
TXN-00000468,2023-11-16T12:45:11+05:30,GOV-DBT-001,ACC-002970,9750.00,DBT_DISBURSEMENT,APP-0000758
TXN-00000842,2023-11-16T13:43:15+05:30,GOV-DBT-001,ACC-000986,10875.00,DBT_DISBURSEMENT,APP-0001081
TXN-00001082,2023-11-16T15:04:00+05:30,GOV-DBT-001,ACC-000304,8750.00,DBT_DISBURSEMENT,APP-0001301
TXN-00001028,2023-11-17T11:33:34+05:30,GOV-DBT-001,ACC-002086,13250.00,DBT_DISBURSEMENT,APP-0001273
TXN-00000436,2023-11-17T12:34:17+05:30,GOV-DBT-001,ACC-002519,29750.00,DBT_DISBURSEMENT,APP-0000722
TXN-00001581,2023-11-17T12:45:15+05:30,GOV-DBT-001,ACC-000391,33000.00,DBT_DISBURSEMENT,APP-0000468
TXN-00000510,2023-11-17T13:02:57+05:30,GOV-DBT-001,ACC-001694,25000.00,DBT_DISBURSEMENT,APP-0001188
TXN-00000605,2023-11-17T13:12:29+05:30,GOV-DBT-001,ACC-000246,34000.00,DBT_DISBURSEMENT,APP-0000553
TXN-00000002,2023-11-17T14:27:19+05:30,GOV-DBT-001,ACC-000071,33000.00,DBT_DISBURSEMENT,APP-0000990
TXN-00000135,2023-11-17T15:14:36+05:30,GOV-DBT-001,ACC-000838,27500.00,DBT_DISBURSEMENT,APP-0000707
TXN-00000456,2023-11-17T15:32:48+05:30,ACC-002708,ACC-000201,136.00,ACCOUNT_TRANSFER,
TXN-00001003,2023-11-17T15:57:08+05:30,GOV-DBT-001,ACC-001694,25000.00,DBT_DISBURSEMENT,APP-0000783
TXN-00001233,2023-11-18T10:02:35+05:30,GOV-DBT-001,ACC-002195,15000.00,DBT_DISBURSEMENT,APP-0000302
TXN-00000527,2023-11-18T10:31:49+05:30,GOV-DBT-001,ACC-002303,18000.00,DBT_DISBURSEMENT,APP-0000896
TXN-00000593,2023-11-18T11:24:01+05:30,GOV-DBT-001,ACC-001752,5000.00,DBT_DISBURSEMENT,APP-0001181
TXN-00001361,2023-11-18T14:17:58+05:30,GOV-DBT-001,ACC-001690,6500.00,DBT_DISBURSEMENT,APP-0000890
TXN-00001463,2023-11-18T15:47:09+05:30,GOV-DBT-001,ACC-000549,10750.00,DBT_DISBURSEMENT,APP-0000557
TXN-00001486,2023-11-19T10:16:57+05:30,GOV-DBT-001,ACC-002136,43250.00,DBT_DISBURSEMENT,APP-0000271
TXN-00000782,2023-11-19T12:01:10+05:30,ACC-001944,ACC-000709,686.00,ACCOUNT_TRANSFER,
TXN-00000332,2023-11-19T12:10:44+05:30,ACC-002464,ACC-000698,173.00,ACCOUNT_TRANSFER,
TXN-00001385,2023-11-19T13:06:10+05:30,GOV-DBT-001,ACC-002979,27750.00,DBT_DISBURSEMENT,APP-0000091
TXN-00000355,2023-11-19T14:01:32+05:30,ACC-001003,ACC-000698,1299.00,ACCOUNT_TRANSFER,
TXN-00000265,2023-11-19T15:21:15+05:30,GOV-DBT-001,ACC-002626,13000.00,DBT_DISBURSEMENT,APP-0001390
TXN-00000221,2023-11-19T15:53:07+05:30,GOV-DBT-001,ACC-002252,9000.00,DBT_DISBURSEMENT,APP-0001203
TXN-00000531,2023-11-20T10:14:09+05:30,GOV-DBT-001,ACC-001351,34000.00,DBT_DISBURSEMENT,APP-0000508
TXN-00001103,2023-11-20T10:15:39+05:30,GOV-DBT-001,ACC-002900,4625.00,DBT_DISBURSEMENT,APP-0000219
TXN-00000566,2023-11-20T10:38:21+05:30,GOV-DBT-001,ACC-002378,42500.00,DBT_DISBURSEMENT,APP-0000814
TXN-00001130,2023-11-20T11:30:39+05:30,GOV-DBT-001,ACC-001881,8250.00,DBT_DISBURSEMENT,APP-0001361
TXN-00001416,2023-11-20T11:45:14+05:30,ACC-001547,ACC-000698,517.00,ACCOUNT_TRANSFER,
TXN-00001536,2023-11-20T13:17:08+05:30,ACC-001852,ACC-002530,1659.00,ACCOUNT_TRANSFER,
TXN-00000601,2023-11-20T14:33:38+05:30,GOV-DBT-001,ACC-000007,7250.00,DBT_DISBURSEMENT,APP-0001098
TXN-00000609,2023-11-21T12:36:22+05:30,GOV-DBT-001,ACC-001611,45250.00,DBT_DISBURSEMENT,APP-0000849
TXN-00000045,2023-11-21T14:41:25+05:30,GOV-DBT-001,ACC-000483,11625.00,DBT_DISBURSEMENT,APP-0001045
TXN-00000743,2023-11-21T15:04:31+05:30,GOV-DBT-001,ACC-001625,14500.00,DBT_DISBURSEMENT,APP-0000744
TXN-00001208,2023-11-22T10:14:05+05:30,ACC-002612,ACC-002147,491.00,ACCOUNT_TRANSFER,
TXN-00000926,2023-11-22T10:29:34+05:30,GOV-DBT-001,ACC-000483,20875.00,DBT_DISBURSEMENT,APP-0000716
TXN-00001127,2023-11-22T12:18:06+05:30,ACC-000719,ACC-002530,2711.00,ACCOUNT_TRANSFER,
TXN-00001528,2023-11-22T12:20:51+05:30,GOV-DBT-001,ACC-000680,5000.00,DBT_DISBURSEMENT,APP-0001184
TXN-00000125,2023-11-22T13:27:24+05:30,GOV-DBT-001,ACC-001411,7250.00,DBT_DISBURSEMENT,APP-0000902
TXN-00001252,2023-11-22T13:42:45+05:30,GOV-DBT-001,ACC-000172,11750.00,DBT_DISBURSEMENT,APP-0001288
TXN-00001084,2023-11-22T14:49:51+05:30,GOV-DBT-001,ACC-002457,11750.00,DBT_DISBURSEMENT,APP-0000660
TXN-00000953,2023-11-23T10:38:31+05:30,GOV-DBT-001,ACC-000788,38000.00,DBT_DISBURSEMENT,APP-0000259
TXN-00000299,2023-11-23T14:34:56+05:30,GOV-DBT-001,ACC-000578,14500.00,DBT_DISBURSEMENT,APP-0000161
TXN-00000775,2023-11-23T15:34:15+05:30,GOV-DBT-001,ACC-000237,22250.00,DBT_DISBURSEMENT,APP-0000310
TXN-00000807,2023-11-24T11:16:16+05:30,GOV-DBT-001,ACC-000084,51000.00,DBT_DISBURSEMENT,APP-0000329
TXN-00000988,2023-11-24T12:13:21+05:30,GOV-DBT-001,ACC-002983,14000.00,DBT_DISBURSEMENT,APP-0000163
TXN-00000297,2023-11-24T12:41:33+05:30,GOV-DBT-001,ACC-000411,46250.00,DBT_DISBURSEMENT,APP-0000285
TXN-00000417,2023-11-24T15:38:42+05:30,GOV-DBT-001,ACC-000913,33750.00,DBT_DISBURSEMENT,APP-0001193
TXN-00000888,2023-11-25T11:41:31+05:30,ACC-001706,ACC-000156,1032.00,ACCOUNT_TRANSFER,
TXN-00001281,2023-11-25T11:54:18+05:30,GOV-DBT-001,ACC-001360,13750.00,DBT_DISBURSEMENT,APP-0000583
TXN-00000373,2023-11-25T14:41:12+05:30,GOV-DBT-001,ACC-001045,25000.00,DBT_DISBURSEMENT,APP-0000598
TXN-00000962,2023-11-26T10:40:42+05:30,GOV-DBT-001,ACC-001694,25000.00,DBT_DISBURSEMENT,APP-0001016
TXN-00001240,2023-11-26T10:59:02+05:30,GOV-DBT-001,ACC-000262,4250.00,DBT_DISBURSEMENT,APP-0000370
TXN-00000111,2023-11-26T11:13:19+05:30,GOV-DBT-001,ACC-000246,7625.00,DBT_DISBURSEMENT,APP-0000250
TXN-00001163,2023-11-26T11:36:07+05:30,GOV-DBT-001,ACC-002972,5250.00,DBT_DISBURSEMENT,APP-0001401
TXN-00000739,2023-11-26T11:37:10+05:30,ACC-002936,ACC-000476,1916.00,ACCOUNT_TRANSFER,
TXN-00001336,2023-11-26T13:25:22+05:30,GOV-DBT-001,ACC-000128,15500.00,DBT_DISBURSEMENT,APP-0000655
TXN-00000690,2023-11-26T13:39:11+05:30,GOV-DBT-001,ACC-002640,45750.00,DBT_DISBURSEMENT,APP-0000461
TXN-00000767,2023-11-26T13:39:49+05:30,GOV-DBT-001,ACC-000230,8000.00,DBT_DISBURSEMENT,APP-0001315
TXN-00001421,2023-11-26T13:56:15+05:30,GOV-DBT-001,ACC-002432,9000.00,DBT_DISBURSEMENT,APP-0000854
TXN-00000175,2023-11-26T15:54:21+05:30,GOV-DBT-001,ACC-002084,52750.00,DBT_DISBURSEMENT,APP-0000218
TXN-00000796,2023-11-27T11:29:02+05:30,GOV-DBT-001,ACC-001010,8750.00,DBT_DISBURSEMENT,APP-0000530
TXN-00000896,2023-11-27T11:44:21+05:30,ACC-000895,ACC-000476,682.00,ACCOUNT_TRANSFER,
TXN-00000421,2023-11-27T12:54:10+05:30,GOV-DBT-001,ACC-000404,12500.00,DBT_DISBURSEMENT,APP-0000309
TXN-00000912,2023-11-27T13:00:37+05:30,GOV-DBT-001,ACC-000063,10250.00,DBT_DISBURSEMENT,APP-0000352
TXN-00000257,2023-11-27T13:04:30+05:30,GOV-DBT-001,ACC-001352,5750.00,DBT_DISBURSEMENT,APP-0001153
TXN-00000568,2023-11-27T13:06:10+05:30,ACC-002979,ACC-000698,531.00,ACCOUNT_TRANSFER,
TXN-00000119,2023-11-27T14:34:52+05:30,GOV-DBT-001,ACC-001045,25000.00,DBT_DISBURSEMENT,APP-0000170
TXN-00000316,2023-11-28T10:31:49+05:30,ACC-002303,ACC-002530,1161.00,ACCOUNT_TRANSFER,
TXN-00000617,2023-11-28T10:34:57+05:30,GOV-DBT-001,ACC-002109,56250.00,DBT_DISBURSEMENT,APP-0000005
TXN-00000261,2023-11-28T10:36:47+05:30,GOV-DBT-001,ACC-002260,32000.00,DBT_DISBURSEMENT,APP-0000205
TXN-00000731,2023-11-28T15:47:09+05:30,ACC-000549,ACC-000698,510.00,ACCOUNT_TRANSFER,
TXN-00000558,2023-11-29T11:12:45+05:30,GOV-DBT-001,ACC-001100,35000.00,DBT_DISBURSEMENT,APP-0000524
TXN-00000171,2023-11-29T11:17:12+05:30,GOV-DBT-001,ACC-002201,17750.00,DBT_DISBURSEMENT,APP-0001255
TXN-00001134,2023-11-29T11:46:57+05:30,ACC-001825,ACC-000201,1229.00,ACCOUNT_TRANSFER,
TXN-00000989,2023-11-29T11:59:14+05:30,GOV-DBT-001,ACC-000130,23250.00,DBT_DISBURSEMENT,APP-0000303
TXN-00001311,2023-11-29T12:32:23+05:30,ACC-002743,ACC-000156,891.00,ACCOUNT_TRANSFER,
TXN-00000446,2023-11-29T13:10:51+05:30,GOV-DBT-001,ACC-000987,6750.00,DBT_DISBURSEMENT,APP-0000098
TXN-00001102,2023-11-29T13:20:05+05:30,GOV-DBT-001,ACC-000664,43500.00,DBT_DISBURSEMENT,APP-0001379
TXN-00000170,2023-11-30T12:12:58+05:30,GOV-DBT-001,ACC-000333,32500.00,DBT_DISBURSEMENT,APP-0000031
TXN-00000780,2023-12-01T10:05:31+05:30,ACC-001837,ACC-000698,541.00,ACCOUNT_TRANSFER,
TXN-00001196,2023-12-01T11:35:49+05:30,GOV-DBT-001,ACC-002031,17750.00,DBT_DISBURSEMENT,APP-0000325
TXN-00000423,2023-12-01T11:52:22+05:30,GOV-DBT-001,ACC-002289,53750.00,DBT_DISBURSEMENT,APP-0000411
TXN-00001095,2023-12-02T10:29:03+05:30,GOV-DBT-001,ACC-000487,4000.00,DBT_DISBURSEMENT,APP-0000401
TXN-00000559,2023-12-02T12:56:51+05:30,GOV-DBT-001,ACC-000826,48500.00,DBT_DISBURSEMENT,APP-0001066
TXN-00000788,2023-12-02T12:59:17+05:30,GOV-DBT-001,ACC-000653,15000.00,DBT_DISBURSEMENT,APP-0000645
TXN-00001144,2023-12-02T14:17:01+05:30,GOV-DBT-001,ACC-001189,28250.00,DBT_DISBURSEMENT,APP-0001152
TXN-00000116,2023-12-02T14:59:20+05:30,GOV-DBT-001,ACC-001051,17500.00,DBT_DISBURSEMENT,APP-0001297
TXN-00000487,2023-12-02T15:29:12+05:30,GOV-DBT-001,ACC-002879,30250.00,DBT_DISBURSEMENT,APP-0001416
TXN-00001219,2023-12-02T15:34:48+05:30,GOV-DBT-001,ACC-002442,12125.00,DBT_DISBURSEMENT,APP-0000788
TXN-00000855,2023-12-03T13:20:22+05:30,ACC-000757,ACC-002242,387.00,ACCOUNT_TRANSFER,
TXN-00001558,2023-12-03T13:21:01+05:30,GOV-DBT-001,ACC-002856,41250.00,DBT_DISBURSEMENT,APP-0001091
TXN-00001435,2023-12-04T13:12:19+05:30,GOV-DBT-001,ACC-000798,24000.00,DBT_DISBURSEMENT,APP-0001001
TXN-00001380,2023-12-04T15:47:47+05:30,GOV-DBT-001,ACC-002111,10750.00,DBT_DISBURSEMENT,APP-0000791
TXN-00001206,2023-12-04T15:56:38+05:30,ACC-000477,ACC-000709,964.00,ACCOUNT_TRANSFER,
TXN-00001193,2023-12-05T10:00:38+05:30,GOV-DBT-001,ACC-002875,33250.00,DBT_DISBURSEMENT,APP-0000418
TXN-00000522,2023-12-05T11:41:01+05:30,GOV-DBT-001,ACC-001627,39000.00,DBT_DISBURSEMENT,APP-0000936
TXN-00001237,2023-12-05T12:02:28+05:30,ACC-002792,ACC-002242,3045.00,ACCOUNT_TRANSFER,
TXN-00000378,2023-12-05T14:47:04+05:30,GOV-DBT-001,ACC-000485,18750.00,DBT_DISBURSEMENT,APP-0000539
TXN-00000762,2023-12-06T10:12:45+05:30,GOV-DBT-001,ACC-001584,3250.00,DBT_DISBURSEMENT,APP-0001079
TXN-00000702,2023-12-06T10:16:57+05:30,ACC-002136,ACC-000709,1736.00,ACCOUNT_TRANSFER,
TXN-00000410,2023-12-06T11:54:29+05:30,GOV-DBT-001,ACC-002630,28250.00,DBT_DISBURSEMENT,APP-0000752
TXN-00001456,2023-12-06T12:44:47+05:30,GOV-DBT-001,ACC-002046,13750.00,DBT_DISBURSEMENT,APP-0001171
TXN-00000805,2023-12-06T13:34:34+05:30,GOV-DBT-001,ACC-002830,5000.00,DBT_DISBURSEMENT,APP-0000993
TXN-00001224,2023-12-07T11:53:39+05:30,GOV-DBT-001,ACC-000139,6000.00,DBT_DISBURSEMENT,APP-0000017
TXN-00000528,2023-12-07T13:04:08+05:30,GOV-DBT-001,ACC-001256,5625.00,DBT_DISBURSEMENT,APP-0001032
TXN-00000695,2023-12-07T14:20:19+05:30,GOV-DBT-001,ACC-000850,26250.00,DBT_DISBURSEMENT,APP-0001277
TXN-00001138,2023-12-08T11:23:49+05:30,GOV-DBT-001,ACC-001810,26375.00,DBT_DISBURSEMENT,APP-0001266
TXN-00000052,2023-12-08T12:33:55+05:30,GOV-DBT-001,ACC-002695,7500.00,DBT_DISBURSEMENT,APP-0000088
TXN-00001124,2023-12-08T14:27:04+05:30,GOV-DBT-001,ACC-001554,7250.00,DBT_DISBURSEMENT,APP-0000335
TXN-00001131,2023-12-09T15:01:33+05:30,GOV-DBT-001,ACC-002457,29750.00,DBT_DISBURSEMENT,APP-0001142
TXN-00001284,2023-12-09T15:14:36+05:30,ACC-000838,ACC-000476,903.00,ACCOUNT_TRANSFER,
TXN-00000140,2023-12-10T10:15:39+05:30,GOV-DBT-001,ACC-002900,4625.00,DBT_DISBURSEMENT,APP-0000219
TXN-00001010,2023-12-10T13:00:46+05:30,GOV-DBT-001,ACC-002155,18750.00,DBT_DISBURSEMENT,APP-0000782
TXN-00000994,2023-12-10T15:40:13+05:30,GOV-DBT-001,ACC-002327,55750.00,DBT_DISBURSEMENT,APP-0001283
TXN-00001369,2023-12-11T10:02:35+05:30,GOV-DBT-001,ACC-002195,15000.00,DBT_DISBURSEMENT,APP-0000302
TXN-00000746,2023-12-11T10:57:57+05:30,GOV-DBT-001,ACC-000270,14625.00,DBT_DISBURSEMENT,APP-0000298
TXN-00000003,2023-12-11T13:26:23+05:30,GOV-DBT-001,ACC-001344,22250.00,DBT_DISBURSEMENT,APP-0000622
TXN-00001406,2023-12-11T14:41:25+05:30,GOV-DBT-001,ACC-000483,11625.00,DBT_DISBURSEMENT,APP-0001045
TXN-00000336,2023-12-12T11:30:09+05:30,GOV-DBT-001,ACC-001897,5875.00,DBT_DISBURSEMENT,APP-0000083
TXN-00000136,2023-12-12T12:05:38+05:30,GOV-DBT-001,ACC-000526,6750.00,DBT_DISBURSEMENT,APP-0000925
TXN-00000268,2023-12-12T13:13:10+05:30,GOV-DBT-001,ACC-001160,44500.00,DBT_DISBURSEMENT,APP-0000473
TXN-00001383,2023-12-12T14:25:38+05:30,GOV-DBT-001,ACC-000907,37500.00,DBT_DISBURSEMENT,APP-0001250
TXN-00000249,2023-12-12T15:40:27+05:30,GOV-DBT-001,ACC-001326,33750.00,DBT_DISBURSEMENT,APP-0001304
TXN-00000069,2023-12-13T11:48:26+05:30,GOV-DBT-001,ACC-001979,15500.00,DBT_DISBURSEMENT,APP-0000464
TXN-00000064,2023-12-13T13:39:11+05:30,ACC-002640,ACC-000698,1347.00,ACCOUNT_TRANSFER,
TXN-00001035,2023-12-13T14:18:31+05:30,GOV-DBT-001,ACC-001909,15000.00,DBT_DISBURSEMENT,APP-0000080
TXN-00001489,2023-12-13T14:39:20+05:30,GOV-DBT-001,ACC-000981,20375.00,DBT_DISBURSEMENT,APP-0001394
TXN-00000732,2023-12-13T15:37:52+05:30,GOV-DBT-001,ACC-001045,25000.00,DBT_DISBURSEMENT,APP-0001415
TXN-00001542,2023-12-14T10:11:43+05:30,GOV-DBT-001,ACC-002457,15500.00,DBT_DISBURSEMENT,APP-0000843
TXN-00000099,2023-12-14T12:45:42+05:30,GOV-DBT-001,ACC-001175,12875.00,DBT_DISBURSEMENT,APP-0000907
TXN-00000077,2023-12-15T12:21:16+05:30,GOV-DBT-001,ACC-002783,4375.00,DBT_DISBURSEMENT,APP-0000204
TXN-00001461,2023-12-16T10:54:03+05:30,GOV-DBT-001,ACC-002171,42000.00,DBT_DISBURSEMENT,APP-0000030
TXN-00000255,2023-12-16T11:13:19+05:30,GOV-DBT-001,ACC-000246,7625.00,DBT_DISBURSEMENT,APP-0000250
TXN-00000389,2023-12-16T13:04:30+05:30,ACC-001352,ACC-000476,310.00,ACCOUNT_TRANSFER,
TXN-00001113,2023-12-16T14:58:41+05:30,GOV-DBT-001,ACC-001166,22500.00,DBT_DISBURSEMENT,APP-0000943
TXN-00001538,2023-12-17T13:09:29+05:30,GOV-DBT-001,ACC-002370,37750.00,DBT_DISBURSEMENT,APP-0000248
TXN-00000413,2023-12-18T10:34:57+05:30,ACC-002109,ACC-000476,3067.00,ACCOUNT_TRANSFER,
TXN-00000996,2023-12-18T11:36:15+05:30,GOV-DBT-001,ACC-002599,8250.00,DBT_DISBURSEMENT,APP-0000970
TXN-00000584,2023-12-18T12:42:53+05:30,GOV-DBT-001,ACC-002517,50500.00,DBT_DISBURSEMENT,APP-0000602
TXN-00000752,2023-12-18T13:51:08+05:30,GOV-DBT-001,ACC-001220,16500.00,DBT_DISBURSEMENT,APP-0001033
TXN-00000840,2023-12-18T15:03:51+05:30,GOV-DBT-001,ACC-001424,12750.00,DBT_DISBURSEMENT,APP-0001332
TXN-00000700,2023-12-19T12:27:29+05:30,GOV-DBT-001,ACC-001824,18125.00,DBT_DISBURSEMENT,APP-0000122
TXN-00000151,2023-12-19T14:20:19+05:30,ACC-000850,ACC-002530,1413.00,ACCOUNT_TRANSFER,
TXN-00000005,2023-12-19T14:47:04+05:30,ACC-000485,ACC-002147,380.00,ACCOUNT_TRANSFER,
TXN-00000269,2023-12-20T10:36:47+05:30,ACC-002260,ACC-002147,1109.00,ACCOUNT_TRANSFER,
TXN-00001089,2023-12-20T11:14:22+05:30,GOV-DBT-001,ACC-002367,30750.00,DBT_DISBURSEMENT,APP-0001249
TXN-00001470,2023-12-20T15:49:24+05:30,GOV-DBT-001,ACC-002382,8750.00,DBT_DISBURSEMENT,APP-0001198
TXN-00000383,2023-12-21T14:12:26+05:30,GOV-DBT-001,ACC-002835,18250.00,DBT_DISBURSEMENT,APP-0000764
TXN-00000963,2023-12-22T11:59:14+05:30,GOV-DBT-001,ACC-000130,23250.00,DBT_DISBURSEMENT,APP-0000303
TXN-00001091,2023-12-22T12:31:36+05:30,GOV-DBT-001,ACC-000896,10000.00,DBT_DISBURSEMENT,APP-0000495
TXN-00001065,2023-12-23T14:39:41+05:30,GOV-DBT-001,ACC-000463,8500.00,DBT_DISBURSEMENT,APP-0000497
TXN-00000142,2023-12-24T11:23:49+05:30,ACC-001810,ACC-000156,2750.00,ACCOUNT_TRANSFER,
TXN-00000521,2023-12-24T13:25:44+05:30,GOV-DBT-001,ACC-000805,13750.00,DBT_DISBURSEMENT,APP-0000236
TXN-00000920,2023-12-24T14:18:31+05:30,ACC-001909,ACC-000201,809.00,ACCOUNT_TRANSFER,
TXN-00001556,2023-12-26T14:59:20+05:30,GOV-DBT-001,ACC-001051,17500.00,DBT_DISBURSEMENT,APP-0001297
TXN-00000970,2023-12-28T10:02:35+05:30,ACC-002195,ACC-002147,1346.00,ACCOUNT_TRANSFER,
TXN-00001270,2023-12-28T10:25:13+05:30,GOV-DBT-001,ACC-002937,8250.00,DBT_DISBURSEMENT,APP-0001367
TXN-00000449,2023-12-28T12:19:28+05:30,GOV-DBT-001,ACC-002485,38000.00,DBT_DISBURSEMENT,APP-0000541
TXN-00001318,2023-12-28T15:40:27+05:30,ACC-001326,ACC-000201,1733.00,ACCOUNT_TRANSFER,
TXN-00000381,2023-12-29T12:22:55+05:30,GOV-DBT-001,ACC-000266,15000.00,DBT_DISBURSEMENT,APP-0000597
TXN-00000235,2023-12-30T11:13:19+05:30,ACC-000246,ACC-000476,2065.00,ACCOUNT_TRANSFER,
TXN-00000598,2024-01-01T12:45:11+05:30,GOV-DBT-001,ACC-002970,9750.00,DBT_DISBURSEMENT,APP-0000758
TXN-00000887,2024-01-01T13:38:39+05:30,GOV-DBT-001,ACC-002613,2125.00,DBT_DISBURSEMENT,APP-0001359
TXN-00000177,2024-01-12T11:14:22+05:30,ACC-002367,ACC-002530,2204.00,ACCOUNT_TRANSFER,
TXN-00000880,2024-01-12T14:12:26+05:30,ACC-002835,ACC-000476,661.00,ACCOUNT_TRANSFER,
TXN-00000047,2024-01-13T12:27:29+05:30,GOV-DBT-001,ACC-001824,18125.00,DBT_DISBURSEMENT,APP-0000122
TXN-00001266,2024-01-14T12:10:36+05:30,GOV-DBT-001,ACC-001184,27500.00,DBT_DISBURSEMENT,APP-0001182
TXN-00000361,2024-01-16T12:22:55+05:30,ACC-000266,ACC-000201,932.00,ACCOUNT_TRANSFER,
TXN-00000057,2024-01-24T11:36:07+05:30,GOV-DBT-001,ACC-002972,5250.00,DBT_DISBURSEMENT,APP-0001401
TXN-00001263,2024-01-29T12:59:17+05:30,GOV-DBT-001,ACC-000653,15000.00,DBT_DISBURSEMENT,APP-0000645
TXN-00001205,2024-07-31T11:36:27+05:30,GOV-DBT-001,ACC-002810,25000.00,DBT_DISBURSEMENT,APP-0000318
TXN-00000010,2024-08-02T14:12:20+05:30,GOV-DBT-001,ACC-000974,15500.00,DBT_DISBURSEMENT,APP-0000444
TXN-00001460,2024-08-03T10:07:27+05:30,GOV-DBT-001,ACC-000090,23000.00,DBT_DISBURSEMENT,APP-0000548
TXN-00000575,2024-08-07T15:56:22+05:30,GOV-DBT-001,ACC-002078,46000.00,DBT_DISBURSEMENT,APP-0000356
TXN-00001259,2024-08-08T14:19:17+05:30,GOV-DBT-001,ACC-002662,18000.00,DBT_DISBURSEMENT,APP-0000667
TXN-00001135,2024-08-09T10:15:57+05:30,GOV-DBT-001,ACC-001172,47250.00,DBT_DISBURSEMENT,APP-0000844
TXN-00000144,2024-08-09T10:19:58+05:30,GOV-DBT-001,ACC-001893,9500.00,DBT_DISBURSEMENT,APP-0000346
TXN-00000303,2024-08-09T15:54:52+05:30,GOV-DBT-001,ACC-002098,10875.00,DBT_DISBURSEMENT,APP-0000577
TXN-00001220,2024-08-10T12:50:54+05:30,GOV-DBT-001,ACC-000367,15000.00,DBT_DISBURSEMENT,APP-0001051
TXN-00000639,2024-08-12T14:12:20+05:30,ACC-000974,ACC-000476,428.00,ACCOUNT_TRANSFER,
TXN-00000819,2024-08-13T15:18:52+05:30,GOV-DBT-001,ACC-001634,19250.00,DBT_DISBURSEMENT,APP-0000209
TXN-00001116,2024-08-16T11:41:56+05:30,GOV-DBT-001,ACC-002390,14750.00,DBT_DISBURSEMENT,APP-0000819
TXN-00000582,2024-08-16T11:45:20+05:30,GOV-DBT-001,ACC-000211,24500.00,DBT_DISBURSEMENT,APP-0001278
TXN-00000328,2024-08-17T12:02:50+05:30,GOV-DBT-001,ACC-000569,20250.00,DBT_DISBURSEMENT,APP-0000846
TXN-00000816,2024-08-17T13:01:46+05:30,GOV-DBT-001,ACC-001293,43000.00,DBT_DISBURSEMENT,APP-0001167
TXN-00000662,2024-08-18T10:21:32+05:30,GOV-DBT-001,ACC-001072,17250.00,DBT_DISBURSEMENT,APP-0000201
TXN-00000391,2024-08-18T12:28:25+05:30,GOV-DBT-001,ACC-000569,34500.00,DBT_DISBURSEMENT,APP-0000837
TXN-00001452,2024-08-18T15:53:30+05:30,GOV-DBT-001,ACC-000287,10750.00,DBT_DISBURSEMENT,APP-0000841
TXN-00001511,2024-08-19T14:23:06+05:30,GOV-DBT-001,ACC-001518,22000.00,DBT_DISBURSEMENT,APP-0000646
TXN-00000999,2024-08-19T14:35:47+05:30,GOV-DBT-001,ACC-001095,15500.00,DBT_DISBURSEMENT,APP-0001400
TXN-00000835,2024-08-19T14:39:01+05:30,GOV-DBT-001,ACC-001819,26000.00,DBT_DISBURSEMENT,APP-0000301
TXN-00001574,2024-08-20T12:49:31+05:30,GOV-DBT-001,ACC-000954,28250.00,DBT_DISBURSEMENT,APP-0000064
TXN-00001067,2024-08-20T13:23:17+05:30,GOV-DBT-001,ACC-002917,7250.00,DBT_DISBURSEMENT,APP-0000927
TXN-00001371,2024-08-20T14:53:11+05:30,GOV-DBT-001,ACC-002128,16750.00,DBT_DISBURSEMENT,APP-0001412
TXN-00001021,2024-08-20T15:37:23+05:30,GOV-DBT-001,ACC-000303,15750.00,DBT_DISBURSEMENT,APP-0000261
TXN-00000159,2024-08-21T10:17:21+05:30,GOV-DBT-001,ACC-001429,38250.00,DBT_DISBURSEMENT,APP-0000818
TXN-00000174,2024-08-21T12:11:46+05:30,GOV-DBT-001,ACC-001084,22750.00,DBT_DISBURSEMENT,APP-0001391
TXN-00000228,2024-08-21T14:03:59+05:30,GOV-DBT-001,ACC-002504,36000.00,DBT_DISBURSEMENT,APP-0000374
TXN-00001004,2024-08-22T14:10:27+05:30,GOV-DBT-001,ACC-001478,25000.00,DBT_DISBURSEMENT,APP-0001354
TXN-00001340,2024-08-22T14:13:48+05:30,GOV-DBT-001,ACC-000356,6500.00,DBT_DISBURSEMENT,APP-0000771
TXN-00001177,2024-08-23T11:48:20+05:30,GOV-DBT-001,ACC-001632,8000.00,DBT_DISBURSEMENT,APP-0001151
TXN-00001362,2024-08-24T10:52:34+05:30,GOV-DBT-001,ACC-000721,29250.00,DBT_DISBURSEMENT,APP-0000579
TXN-00000722,2024-08-24T11:09:14+05:30,GOV-DBT-001,ACC-002078,3750.00,DBT_DISBURSEMENT,APP-0000018
TXN-00000673,2024-08-24T13:18:20+05:30,GOV-DBT-001,ACC-001241,29250.00,DBT_DISBURSEMENT,APP-0001134
TXN-00000706,2024-08-27T10:21:32+05:30,ACC-001072,ACC-000201,541.00,ACCOUNT_TRANSFER,
TXN-00000956,2024-08-27T12:21:30+05:30,GOV-DBT-001,ACC-002248,11500.00,DBT_DISBURSEMENT,APP-0000224
TXN-00000902,2024-08-27T12:23:13+05:30,GOV-DBT-001,ACC-000435,30250.00,DBT_DISBURSEMENT,APP-0001409
TXN-00001431,2024-08-27T13:51:50+05:30,GOV-DBT-001,ACC-001894,3000.00,DBT_DISBURSEMENT,APP-0000214
TXN-00001519,2024-08-29T12:52:56+05:30,GOV-DBT-001,ACC-000645,36250.00,DBT_DISBURSEMENT,APP-0001267
TXN-00000293,2024-08-30T14:23:06+05:30,ACC-001518,ACC-000201,1248.00,ACCOUNT_TRANSFER,
TXN-00001249,2024-08-31T14:54:34+05:30,GOV-DBT-001,ACC-001014,25250.00,DBT_DISBURSEMENT,APP-0000042
TXN-00000869,2024-09-01T13:18:43+05:30,GOV-DBT-001,ACC-001045,26250.00,DBT_DISBURSEMENT,APP-0000305
TXN-00000356,2024-09-01T14:23:59+05:30,GOV-DBT-001,ACC-002465,13000.00,DBT_DISBURSEMENT,APP-0001320
TXN-00001070,2024-09-01T15:23:32+05:30,GOV-DBT-001,ACC-002681,18750.00,DBT_DISBURSEMENT,APP-0000793
TXN-00000030,2024-09-02T14:43:47+05:30,GOV-DBT-001,ACC-002504,4750.00,DBT_DISBURSEMENT,APP-0000762
TXN-00000688,2024-09-02T15:57:16+05:30,GOV-DBT-001,ACC-000325,19250.00,DBT_DISBURSEMENT,APP-0000050
TXN-00001413,2024-09-03T13:43:34+05:30,GOV-DBT-001,ACC-001348,31500.00,DBT_DISBURSEMENT,APP-0000632
TXN-00000212,2024-09-03T13:48:13+05:30,GOV-DBT-001,ACC-001746,11750.00,DBT_DISBURSEMENT,APP-0000899
TXN-00000326,2024-09-03T14:58:32+05:30,GOV-DBT-001,ACC-001801,7750.00,DBT_DISBURSEMENT,APP-0000249
TXN-00001351,2024-09-03T15:22:02+05:30,GOV-DBT-001,ACC-001045,26250.00,DBT_DISBURSEMENT,APP-0000191
TXN-00000750,2024-09-04T11:09:50+05:30,GOV-DBT-001,ACC-000699,24750.00,DBT_DISBURSEMENT,APP-0000517
TXN-00001225,2024-09-04T13:11:11+05:30,GOV-DBT-001,ACC-001264,13750.00,DBT_DISBURSEMENT,APP-0000536
TXN-00000396,2024-09-04T13:20:30+05:30,GOV-DBT-001,ACC-000879,5750.00,DBT_DISBURSEMENT,APP-0000036
TXN-00001565,2024-09-04T13:35:46+05:30,GOV-DBT-001,ACC-001146,18500.00,DBT_DISBURSEMENT,APP-0001225
TXN-00001009,2024-09-04T15:22:51+05:30,GOV-DBT-001,ACC-002628,26000.00,DBT_DISBURSEMENT,APP-0000328
TXN-00001561,2024-09-05T12:50:49+05:30,GOV-DBT-001,ACC-002498,12500.00,DBT_DISBURSEMENT,APP-0000984
TXN-00001160,2024-09-05T13:07:12+05:30,GOV-DBT-001,ACC-001910,12000.00,DBT_DISBURSEMENT,APP-0001385
TXN-00000778,2024-09-05T15:18:57+05:30,GOV-DBT-001,ACC-001093,43000.00,DBT_DISBURSEMENT,APP-0001007
TXN-00000204,2024-09-05T15:33:56+05:30,GOV-DBT-001,ACC-000493,10000.00,DBT_DISBURSEMENT,APP-0000186
TXN-00000491,2024-09-06T10:46:10+05:30,GOV-DBT-001,ACC-001084,24750.00,DBT_DISBURSEMENT,APP-0000390
TXN-00000198,2024-09-06T12:04:29+05:30,GOV-DBT-001,ACC-001282,10250.00,DBT_DISBURSEMENT,APP-0001144
TXN-00000759,2024-09-06T15:59:45+05:30,GOV-DBT-001,ACC-000655,5250.00,DBT_DISBURSEMENT,APP-0000754
TXN-00000155,2024-09-07T10:06:58+05:30,GOV-DBT-001,ACC-001711,6750.00,DBT_DISBURSEMENT,APP-0000227
TXN-00000394,2024-09-07T10:48:14+05:30,GOV-DBT-001,ACC-000414,7000.00,DBT_DISBURSEMENT,APP-0001162
TXN-00000272,2024-09-07T12:40:06+05:30,GOV-DBT-001,ACC-000566,43750.00,DBT_DISBURSEMENT,APP-0001187
TXN-00000419,2024-09-07T14:14:08+05:30,GOV-DBT-001,ACC-001153,9500.00,DBT_DISBURSEMENT,APP-0000940
TXN-00001283,2024-09-07T15:57:49+05:30,GOV-DBT-001,ACC-000336,27000.00,DBT_DISBURSEMENT,APP-0000400
TXN-00001564,2024-09-09T10:28:52+05:30,GOV-DBT-001,ACC-001499,34500.00,DBT_DISBURSEMENT,APP-0001235
TXN-00000241,2024-09-09T10:42:53+05:30,GOV-DBT-001,ACC-002656,13000.00,DBT_DISBURSEMENT,APP-0000839
TXN-00001569,2024-09-09T11:29:59+05:30,GOV-DBT-001,ACC-000395,15750.00,DBT_DISBURSEMENT,APP-0000394
TXN-00000471,2024-09-09T11:40:20+05:30,GOV-DBT-001,ACC-000510,47500.00,DBT_DISBURSEMENT,APP-0000540
TXN-00000676,2024-09-09T12:26:42+05:30,GOV-DBT-001,ACC-002391,16000.00,DBT_DISBURSEMENT,APP-0001294
TXN-00001307,2024-09-09T13:44:12+05:30,GOV-DBT-001,ACC-002808,28250.00,DBT_DISBURSEMENT,APP-0000978
TXN-00001531,2024-09-10T10:09:16+05:30,GOV-DBT-001,ACC-002719,29000.00,DBT_DISBURSEMENT,APP-0001129
TXN-00001264,2024-09-10T14:09:28+05:30,GOV-DBT-001,ACC-002900,25000.00,DBT_DISBURSEMENT,APP-0001028
TXN-00000464,2024-09-10T14:12:07+05:30,GOV-DBT-001,ACC-001263,45250.00,DBT_DISBURSEMENT,APP-0001334
TXN-00000027,2024-09-10T14:53:11+05:30,ACC-002128,ACC-000156,257.00,ACCOUNT_TRANSFER,
TXN-00000028,2024-09-11T11:46:01+05:30,GOV-DBT-001,ACC-000648,11000.00,DBT_DISBURSEMENT,APP-0001425
TXN-00000736,2024-09-11T13:43:41+05:30,GOV-DBT-001,ACC-002390,39750.00,DBT_DISBURSEMENT,APP-0000929
TXN-00000701,2024-09-11T13:48:36+05:30,GOV-DBT-001,ACC-001219,12500.00,DBT_DISBURSEMENT,APP-0001196
TXN-00001056,2024-09-11T15:47:11+05:30,GOV-DBT-001,ACC-000210,26500.00,DBT_DISBURSEMENT,APP-0000469
TXN-00001109,2024-09-12T10:22:39+05:30,GOV-DBT-001,ACC-002596,50750.00,DBT_DISBURSEMENT,APP-0001146
TXN-00000274,2024-09-12T12:12:18+05:30,GOV-DBT-001,ACC-001095,20750.00,DBT_DISBURSEMENT,APP-0000968
TXN-00000823,2024-09-12T14:12:59+05:30,GOV-DBT-001,ACC-000440,54750.00,DBT_DISBURSEMENT,APP-0000795
TXN-00001503,2024-09-13T12:21:47+05:30,GOV-DBT-001,ACC-000569,17000.00,DBT_DISBURSEMENT,APP-0001105
TXN-00001364,2024-09-13T12:35:24+05:30,GOV-DBT-001,ACC-002739,8750.00,DBT_DISBURSEMENT,APP-0001252
TXN-00000974,2024-09-13T13:57:22+05:30,GOV-DBT-001,ACC-002449,22750.00,DBT_DISBURSEMENT,APP-0000033
TXN-00000193,2024-09-13T14:46:32+05:30,GOV-DBT-001,ACC-000619,25250.00,DBT_DISBURSEMENT,APP-0001281
TXN-00001230,2024-09-13T15:04:26+05:30,GOV-DBT-001,ACC-001875,26750.00,DBT_DISBURSEMENT,APP-0000102
TXN-00000420,2024-09-14T10:21:29+05:30,GOV-DBT-001,ACC-000675,51000.00,DBT_DISBURSEMENT,APP-0001306
TXN-00000716,2024-09-14T10:33:42+05:30,GOV-DBT-001,ACC-002650,22000.00,DBT_DISBURSEMENT,APP-0001124
TXN-00000872,2024-09-14T14:02:06+05:30,GOV-DBT-001,ACC-002923,23250.00,DBT_DISBURSEMENT,APP-0000499
TXN-00000434,2024-09-15T11:03:20+05:30,GOV-DBT-001,ACC-002575,3250.00,DBT_DISBURSEMENT,APP-0001302
TXN-00001291,2024-09-15T12:19:31+05:30,GOV-DBT-001,ACC-001562,41000.00,DBT_DISBURSEMENT,APP-0001034
TXN-00001505,2024-09-15T12:42:50+05:30,GOV-DBT-001,ACC-002037,21250.00,DBT_DISBURSEMENT,APP-0000174
TXN-00001142,2024-09-16T10:31:06+05:30,GOV-DBT-001,ACC-001016,8250.00,DBT_DISBURSEMENT,APP-0001012
TXN-00000458,2024-09-16T14:14:05+05:30,GOV-DBT-001,ACC-002286,4250.00,DBT_DISBURSEMENT,APP-0000013
TXN-00001246,2024-09-16T14:29:17+05:30,GOV-DBT-001,ACC-002605,19250.00,DBT_DISBURSEMENT,APP-0001120
TXN-00001157,2024-09-16T14:35:28+05:30,GOV-DBT-001,ACC-001690,15000.00,DBT_DISBURSEMENT,APP-0000832
TXN-00000063,2024-09-16T14:50:52+05:30,GOV-DBT-001,ACC-000611,7750.00,DBT_DISBURSEMENT,APP-0000766
TXN-00000143,2024-09-16T14:52:54+05:30,GOV-DBT-001,ACC-000133,13500.00,DBT_DISBURSEMENT,APP-0000295
TXN-00000494,2024-09-16T15:52:37+05:30,GOV-DBT-001,ACC-000941,8500.00,DBT_DISBURSEMENT,APP-0000620
TXN-00000401,2024-09-17T11:02:10+05:30,GOV-DBT-001,ACC-001642,26750.00,DBT_DISBURSEMENT,APP-0000664
TXN-00000536,2024-09-17T11:09:14+05:30,ACC-002078,ACC-002242,1806.00,ACCOUNT_TRANSFER,
TXN-00000532,2024-09-17T11:21:15+05:30,GOV-DBT-001,ACC-000277,5250.00,DBT_DISBURSEMENT,APP-0000321
TXN-00000435,2024-09-17T12:44:02+05:30,GOV-DBT-001,ACC-000817,25250.00,DBT_DISBURSEMENT,APP-0001439
TXN-00000603,2024-09-17T13:33:03+05:30,GOV-DBT-001,ACC-000562,47000.00,DBT_DISBURSEMENT,APP-0001311
TXN-00000093,2024-09-17T13:49:54+05:30,GOV-DBT-001,ACC-000237,3500.00,DBT_DISBURSEMENT,APP-0001292
TXN-00000581,2024-09-17T14:30:14+05:30,GOV-DBT-001,ACC-002324,28250.00,DBT_DISBURSEMENT,APP-0001342
TXN-00001183,2024-09-17T15:29:25+05:30,GOV-DBT-001,ACC-000173,3500.00,DBT_DISBURSEMENT,APP-0001043
TXN-00001137,2024-09-17T15:35:36+05:30,GOV-DBT-001,ACC-002317,2250.00,DBT_DISBURSEMENT,APP-0000555
TXN-00001020,2024-09-18T10:18:31+05:30,GOV-DBT-001,ACC-000395,8375.00,DBT_DISBURSEMENT,APP-0000070
TXN-00000633,2024-09-18T14:38:25+05:30,GOV-DBT-001,ACC-002489,40750.00,DBT_DISBURSEMENT,APP-0001062
TXN-00000186,2024-09-19T10:16:22+05:30,GOV-DBT-001,ACC-000645,19250.00,DBT_DISBURSEMENT,APP-0000353
TXN-00000803,2024-09-19T10:33:28+05:30,GOV-DBT-001,ACC-001504,38000.00,DBT_DISBURSEMENT,APP-0001209
TXN-00000359,2024-09-19T10:45:38+05:30,GOV-DBT-001,ACC-000047,38500.00,DBT_DISBURSEMENT,APP-0000156
TXN-00000787,2024-09-19T11:06:32+05:30,GOV-DBT-001,ACC-001648,33250.00,DBT_DISBURSEMENT,APP-0000144
TXN-00000180,2024-09-19T11:38:03+05:30,GOV-DBT-001,ACC-002039,9500.00,DBT_DISBURSEMENT,APP-0001339
TXN-00000166,2024-09-19T11:58:29+05:30,GOV-DBT-001,ACC-001959,14000.00,DBT_DISBURSEMENT,APP-0000095
TXN-00000009,2024-09-20T12:59:53+05:30,GOV-DBT-001,ACC-003000,20500.00,DBT_DISBURSEMENT,APP-0000213
TXN-00000352,2024-09-21T12:04:39+05:30,GOV-DBT-001,ACC-001452,31500.00,DBT_DISBURSEMENT,APP-0001248
TXN-00001499,2024-09-21T12:35:13+05:30,GOV-DBT-001,ACC-002123,11250.00,DBT_DISBURSEMENT,APP-0001344
TXN-00000279,2024-09-21T12:59:18+05:30,GOV-DBT-001,ACC-002903,14750.00,DBT_DISBURSEMENT,APP-0000296
TXN-00001079,2024-09-21T13:04:34+05:30,GOV-DBT-001,ACC-002775,39750.00,DBT_DISBURSEMENT,APP-0001424
TXN-00000871,2024-09-21T14:30:40+05:30,GOV-DBT-001,ACC-002231,5750.00,DBT_DISBURSEMENT,APP-0000867
TXN-00001278,2024-09-21T15:30:48+05:30,GOV-DBT-001,ACC-001632,7375.00,DBT_DISBURSEMENT,APP-0001314
TXN-00000895,2024-09-22T12:42:53+05:30,GOV-DBT-001,ACC-002302,9250.00,DBT_DISBURSEMENT,APP-0000678
TXN-00001175,2024-09-22T13:42:06+05:30,GOV-DBT-001,ACC-000110,27000.00,DBT_DISBURSEMENT,APP-0000357
TXN-00001243,2024-09-22T14:20:18+05:30,GOV-DBT-001,ACC-001682,51250.00,DBT_DISBURSEMENT,APP-0000868
TXN-00000586,2024-09-22T14:55:54+05:30,GOV-DBT-001,ACC-000395,8750.00,DBT_DISBURSEMENT,APP-0000171
TXN-00001401,2024-09-22T14:56:52+05:30,GOV-DBT-001,ACC-001100,11000.00,DBT_DISBURSEMENT,APP-0000733
TXN-00000824,2024-09-22T15:33:00+05:30,GOV-DBT-001,ACC-001903,23000.00,DBT_DISBURSEMENT,APP-0000785
TXN-00001585,2024-09-23T13:01:49+05:30,GOV-DBT-001,ACC-002843,15750.00,DBT_DISBURSEMENT,APP-0000813
TXN-00000376,2024-09-24T10:46:44+05:30,GOV-DBT-001,ACC-002736,4500.00,DBT_DISBURSEMENT,APP-0001189
TXN-00000431,2024-09-24T13:23:45+05:30,GOV-DBT-001,ACC-000708,39250.00,DBT_DISBURSEMENT,APP-0000451
TXN-00000377,2024-09-24T15:00:13+05:30,GOV-DBT-001,ACC-001419,28750.00,DBT_DISBURSEMENT,APP-0000610
TXN-00001155,2024-09-25T12:54:58+05:30,GOV-DBT-001,ACC-002179,26250.00,DBT_DISBURSEMENT,APP-0001166
TXN-00001123,2024-09-25T13:59:02+05:30,GOV-DBT-001,ACC-001223,11750.00,DBT_DISBURSEMENT,APP-0000666
TXN-00000711,2024-09-25T14:37:21+05:30,GOV-DBT-001,ACC-002944,1875.00,DBT_DISBURSEMENT,APP-0000234
TXN-00000245,2024-09-26T12:04:29+05:30,ACC-001282,ACC-000201,212.00,ACCOUNT_TRANSFER,
TXN-00001467,2024-09-26T12:16:05+05:30,GOV-DBT-001,ACC-001264,53250.00,DBT_DISBURSEMENT,APP-0000923
TXN-00000811,2024-09-26T12:51:14+05:30,GOV-DBT-001,ACC-000278,28000.00,DBT_DISBURSEMENT,APP-0001211
TXN-00000856,2024-09-26T14:42:42+05:30,GOV-DBT-001,ACC-000948,32250.00,DBT_DISBURSEMENT,APP-0000594
TXN-00000285,2024-09-26T14:51:55+05:30,GOV-DBT-001,ACC-001722,9250.00,DBT_DISBURSEMENT,APP-0001352
TXN-00001029,2024-09-27T11:36:30+05:30,GOV-DBT-001,ACC-000154,13500.00,DBT_DISBURSEMENT,APP-0000149
TXN-00001110,2024-09-27T12:35:46+05:30,GOV-DBT-001,ACC-000498,10000.00,DBT_DISBURSEMENT,APP-0001239
TXN-00000905,2024-09-27T13:43:34+05:30,ACC-001348,ACC-000709,927.00,ACCOUNT_TRANSFER,
TXN-00000818,2024-09-27T14:07:24+05:30,GOV-DBT-001,ACC-001479,26250.00,DBT_DISBURSEMENT,APP-0000313
TXN-00000704,2024-09-28T10:07:49+05:30,GOV-DBT-001,ACC-001583,19750.00,DBT_DISBURSEMENT,APP-0000056
TXN-00000333,2024-09-28T12:12:18+05:30,ACC-001095,ACC-000201,2038.00,ACCOUNT_TRANSFER,
TXN-00000636,2024-09-28T13:00:48+05:30,GOV-DBT-001,ACC-000621,10750.00,DBT_DISBURSEMENT,APP-0000039
TXN-00000623,2024-09-28T13:56:18+05:30,GOV-DBT-001,ACC-001694,26250.00,DBT_DISBURSEMENT,APP-0000617
TXN-00001446,2024-09-28T13:58:31+05:30,GOV-DBT-001,ACC-000790,17250.00,DBT_DISBURSEMENT,APP-0000941
TXN-00001492,2024-09-29T10:25:46+05:30,GOV-DBT-001,ACC-002901,22500.00,DBT_DISBURSEMENT,APP-0001410
TXN-00000021,2024-09-29T11:33:20+05:30,GOV-DBT-001,ACC-001045,26250.00,DBT_DISBURSEMENT,APP-0000669
TXN-00000053,2024-09-29T13:53:40+05:30,GOV-DBT-001,ACC-001016,32250.00,DBT_DISBURSEMENT,APP-0000537
TXN-00001521,2024-09-29T13:54:45+05:30,GOV-DBT-001,ACC-002457,5500.00,DBT_DISBURSEMENT,APP-0001317
TXN-00001087,2024-09-29T14:21:20+05:30,GOV-DBT-001,ACC-002071,7500.00,DBT_DISBURSEMENT,APP-0000003
TXN-00000881,2024-09-29T14:43:39+05:30,GOV-DBT-001,ACC-000013,7000.00,DBT_DISBURSEMENT,APP-0000061
TXN-00001275,2024-09-29T15:47:56+05:30,GOV-DBT-001,ACC-002010,40500.00,DBT_DISBURSEMENT,APP-0001241
TXN-00000070,2024-09-29T15:57:49+05:30,ACC-000336,ACC-002530,1583.00,ACCOUNT_TRANSFER,
TXN-00000784,2024-09-30T10:47:30+05:30,GOV-DBT-001,ACC-002738,19500.00,DBT_DISBURSEMENT,APP-0000718
TXN-00001341,2024-09-30T14:59:10+05:30,GOV-DBT-001,ACC-002179,5500.00,DBT_DISBURSEMENT,APP-0001104
TXN-00001314,2024-09-30T15:15:00+05:30,GOV-DBT-001,ACC-001310,33500.00,DBT_DISBURSEMENT,APP-0000062
TXN-00000791,2024-10-01T11:19:59+05:30,GOV-DBT-001,ACC-000110,13750.00,DBT_DISBURSEMENT,APP-0000148
TXN-00000590,2024-10-01T12:12:23+05:30,GOV-DBT-001,ACC-002978,45000.00,DBT_DISBURSEMENT,APP-0000563
TXN-00000864,2024-10-01T12:25:08+05:30,GOV-DBT-001,ACC-000845,25000.00,DBT_DISBURSEMENT,APP-0000527
TXN-00000939,2024-10-01T14:21:55+05:30,GOV-DBT-001,ACC-002960,4000.00,DBT_DISBURSEMENT,APP-0001227
TXN-00000505,2024-10-01T15:04:26+05:30,ACC-001875,ACC-002530,1582.00,ACCOUNT_TRANSFER,
TXN-00000445,2024-10-02T10:19:57+05:30,GOV-DBT-001,ACC-000699,9250.00,DBT_DISBURSEMENT,APP-0000547
TXN-00001025,2024-10-02T12:11:22+05:30,GOV-DBT-001,ACC-002892,36250.00,DBT_DISBURSEMENT,APP-0000708
TXN-00000946,2024-10-02T12:20:26+05:30,GOV-DBT-001,ACC-001023,17750.00,DBT_DISBURSEMENT,APP-0001201
TXN-00001262,2024-10-02T12:28:10+05:30,GOV-DBT-001,ACC-000575,16500.00,DBT_DISBURSEMENT,APP-0000742
TXN-00001140,2024-10-02T12:44:02+05:30,ACC-000817,ACC-002242,636.00,ACCOUNT_TRANSFER,
TXN-00000859,2024-10-02T15:23:33+05:30,GOV-DBT-001,ACC-000574,5250.00,DBT_DISBURSEMENT,APP-0000108
TXN-00000014,2024-10-03T11:40:20+05:30,ACC-000510,ACC-002530,945.00,ACCOUNT_TRANSFER,
TXN-00000758,2024-10-03T13:52:15+05:30,GOV-DBT-001,ACC-001694,26250.00,DBT_DISBURSEMENT,APP-0000857
TXN-00000975,2024-10-03T13:58:57+05:30,GOV-DBT-001,ACC-000465,35500.00,DBT_DISBURSEMENT,APP-0001128
TXN-00001169,2024-10-03T15:10:07+05:30,GOV-DBT-001,ACC-001795,18500.00,DBT_DISBURSEMENT,APP-0001213
TXN-00000930,2024-10-03T15:54:52+05:30,GOV-DBT-001,ACC-002098,10875.00,DBT_DISBURSEMENT,APP-0000577
TXN-00001438,2024-10-04T13:33:18+05:30,GOV-DBT-001,ACC-001591,6250.00,DBT_DISBURSEMENT,APP-0000195
TXN-00001235,2024-10-04T13:38:16+05:30,GOV-DBT-001,ACC-001231,47000.00,DBT_DISBURSEMENT,APP-0000506
TXN-00000051,2024-10-04T14:28:09+05:30,GOV-DBT-001,ACC-002404,25750.00,DBT_DISBURSEMENT,APP-0000895
TXN-00000439,2024-10-04T14:48:12+05:30,GOV-DBT-001,ACC-000866,27750.00,DBT_DISBURSEMENT,APP-0000044
TXN-00000801,2024-10-05T10:18:01+05:30,GOV-DBT-001,ACC-001108,36000.00,DBT_DISBURSEMENT,APP-0000961
TXN-00001061,2024-10-05T11:20:04+05:30,GOV-DBT-001,ACC-001288,46750.00,DBT_DISBURSEMENT,APP-0001039
TXN-00001122,2024-10-05T12:37:30+05:30,GOV-DBT-001,ACC-001055,33250.00,DBT_DISBURSEMENT,APP-0000342
TXN-00000335,2024-10-05T13:51:27+05:30,GOV-DBT-001,ACC-001842,33250.00,DBT_DISBURSEMENT,APP-0000452
TXN-00000079,2024-10-05T14:12:28+05:30,GOV-DBT-001,ACC-002346,10750.00,DBT_DISBURSEMENT,APP-0000417
TXN-00000683,2024-10-05T14:23:42+05:30,GOV-DBT-001,ACC-000395,8375.00,DBT_DISBURSEMENT,APP-0000337
TXN-00001429,2024-10-05T14:30:08+05:30,GOV-DBT-001,ACC-001693,22250.00,DBT_DISBURSEMENT,APP-0000631
TXN-00000715,2024-10-06T12:24:58+05:30,GOV-DBT-001,ACC-000425,10500.00,DBT_DISBURSEMENT,APP-0001370
TXN-00000614,2024-10-06T13:14:27+05:30,GOV-DBT-001,ACC-002167,30250.00,DBT_DISBURSEMENT,APP-0000773
TXN-00000518,2024-10-06T15:26:04+05:30,GOV-DBT-001,ACC-000569,24750.00,DBT_DISBURSEMENT,APP-0000939
TXN-00000146,2024-10-07T13:16:51+05:30,GOV-DBT-001,ACC-002930,7000.00,DBT_DISBURSEMENT,APP-0001183
TXN-00000901,2024-10-07T14:48:11+05:30,GOV-DBT-001,ACC-000771,8875.00,DBT_DISBURSEMENT,APP-0001232
TXN-00000754,2024-10-07T14:50:52+05:30,ACC-000611,ACC-000201,236.00,ACCOUNT_TRANSFER,
TXN-00000292,2024-10-07T15:06:42+05:30,GOV-DBT-001,ACC-001864,28000.00,DBT_DISBURSEMENT,APP-0000874
TXN-00000409,2024-10-08T10:18:31+05:30,GOV-DBT-001,ACC-000395,8375.00,DBT_DISBURSEMENT,APP-0000070
TXN-00000004,2024-10-08T10:19:18+05:30,GOV-DBT-001,ACC-000532,35500.00,DBT_DISBURSEMENT,APP-0000546
TXN-00000007,2024-10-08T12:17:39+05:30,GOV-DBT-001,ACC-002110,22000.00,DBT_DISBURSEMENT,APP-0000293
TXN-00000302,2024-10-08T15:58:14+05:30,GOV-DBT-001,ACC-001934,14625.00,DBT_DISBURSEMENT,APP-0000918
TXN-00001485,2024-10-09T10:09:09+05:30,GOV-DBT-001,ACC-002038,31750.00,DBT_DISBURSEMENT,APP-0001195
TXN-00000327,2024-10-09T10:12:40+05:30,GOV-DBT-001,ACC-001445,9750.00,DBT_DISBURSEMENT,APP-0000333
TXN-00000943,2024-10-09T11:48:02+05:30,GOV-DBT-001,ACC-000627,15750.00,DBT_DISBURSEMENT,APP-0001068
TXN-00000763,2024-10-09T13:21:07+05:30,GOV-DBT-001,ACC-002366,39750.00,DBT_DISBURSEMENT,APP-0001202
TXN-00001513,2024-10-09T13:57:49+05:30,GOV-DBT-001,ACC-001894,17500.00,DBT_DISBURSEMENT,APP-0001228
TXN-00000260,2024-10-09T14:40:55+05:30,GOV-DBT-001,ACC-000188,13750.00,DBT_DISBURSEMENT,APP-0000116
TXN-00001258,2024-10-09T14:45:13+05:30,GOV-DBT-001,ACC-000816,22500.00,DBT_DISBURSEMENT,APP-0000944
TXN-00000024,2024-10-09T15:54:07+05:30,GOV-DBT-001,ACC-002120,26750.00,DBT_DISBURSEMENT,APP-0000763
TXN-00000287,2024-10-10T11:56:20+05:30,GOV-DBT-001,ACC-002657,18250.00,DBT_DISBURSEMENT,APP-0000475
TXN-00001481,2024-10-10T12:39:49+05:30,GOV-DBT-001,ACC-001489,13000.00,DBT_DISBURSEMENT,APP-0001114
TXN-00001015,2024-10-10T12:41:40+05:30,GOV-DBT-001,ACC-000259,12750.00,DBT_DISBURSEMENT,APP-0000455
TXN-00000799,2024-10-10T13:58:30+05:30,GOV-DBT-001,ACC-000169,14250.00,DBT_DISBURSEMENT,APP-0001125
TXN-00000278,2024-10-10T14:30:40+05:30,ACC-002231,ACC-000698,277.00,ACCOUNT_TRANSFER,
TXN-00000467,2024-10-11T11:02:55+05:30,GOV-DBT-001,ACC-001027,26000.00,DBT_DISBURSEMENT,APP-0001111
TXN-00000254,2024-10-11T11:30:14+05:30,GOV-DBT-001,ACC-001498,14500.00,DBT_DISBURSEMENT,APP-0001254
TXN-00000322,2024-10-11T14:00:17+05:30,GOV-DBT-001,ACC-001652,41500.00,DBT_DISBURSEMENT,APP-0000129
TXN-00001325,2024-10-11T14:52:21+05:30,GOV-DBT-001,ACC-001911,41250.00,DBT_DISBURSEMENT,APP-0000593
TXN-00000773,2024-10-12T10:18:35+05:30,GOV-DBT-001,ACC-001740,9000.00,DBT_DISBURSEMENT,APP-0001280
TXN-00000923,2024-10-12T10:45:12+05:30,GOV-DBT-001,ACC-002431,16000.00,DBT_DISBURSEMENT,APP-0001313
TXN-00000844,2024-10-12T13:02:55+05:30,GOV-DBT-001,ACC-001519,23250.00,DBT_DISBURSEMENT,APP-0000881
TXN-00001149,2024-10-12T15:43:37+05:30,GOV-DBT-001,ACC-000647,16500.00,DBT_DISBURSEMENT,APP-0001148
TXN-00001074,2024-10-13T10:27:52+05:30,GOV-DBT-001,ACC-000818,3250.00,DBT_DISBURSEMENT,APP-0001197
TXN-00000205,2024-10-13T14:12:28+05:30,ACC-002346,ACC-002530,550.00,ACCOUNT_TRANSFER,
TXN-00000595,2024-10-14T11:31:30+05:30,GOV-DBT-001,ACC-001305,13500.00,DBT_DISBURSEMENT,APP-0001323
TXN-00000270,2024-10-14T11:42:42+05:30,GOV-DBT-001,ACC-001485,10500.00,DBT_DISBURSEMENT,APP-0000484
TXN-00000985,2024-10-14T14:21:53+05:30,GOV-DBT-001,ACC-001481,49750.00,DBT_DISBURSEMENT,APP-0000570
TXN-00000726,2024-10-14T15:41:53+05:30,GOV-DBT-001,ACC-001045,26250.00,DBT_DISBURSEMENT,APP-0000591
TXN-00000313,2024-10-15T10:03:26+05:30,GOV-DBT-001,ACC-001357,28500.00,DBT_DISBURSEMENT,APP-0001291
TXN-00001534,2024-10-15T11:21:49+05:30,GOV-DBT-001,ACC-002256,41750.00,DBT_DISBURSEMENT,APP-0000729
TXN-00000062,2024-10-15T11:22:39+05:30,GOV-DBT-001,ACC-000529,55750.00,DBT_DISBURSEMENT,APP-0000756
TXN-00000995,2024-10-15T12:27:51+05:30,GOV-DBT-001,ACC-002489,19000.00,DBT_DISBURSEMENT,APP-0000986
TXN-00001407,2024-10-15T12:47:26+05:30,GOV-DBT-001,ACC-000258,10500.00,DBT_DISBURSEMENT,APP-0001217
TXN-00000438,2024-10-15T14:05:24+05:30,GOV-DBT-001,ACC-002010,10750.00,DBT_DISBURSEMENT,APP-0000312
TXN-00000793,2024-10-15T14:13:10+05:30,GOV-DBT-001,ACC-001246,4000.00,DBT_DISBURSEMENT,APP-0001335
TXN-00000271,2024-10-15T14:33:20+05:30,GOV-DBT-001,ACC-001472,8250.00,DBT_DISBURSEMENT,APP-0000933
TXN-00000580,2024-10-15T14:48:43+05:30,GOV-DBT-001,ACC-001452,20750.00,DBT_DISBURSEMENT,APP-0000650
TXN-00000867,2024-10-15T15:36:31+05:30,GOV-DBT-001,ACC-000299,14000.00,DBT_DISBURSEMENT,APP-0000780
TXN-00000936,2024-10-15T15:58:46+05:30,GOV-DBT-001,ACC-000149,9750.00,DBT_DISBURSEMENT,APP-0001054
TXN-00001239,2024-10-15T15:59:07+05:30,GOV-DBT-001,ACC-002356,29000.00,DBT_DISBURSEMENT,APP-0000498
TXN-00001301,2024-10-17T12:05:17+05:30,GOV-DBT-001,ACC-001734,17250.00,DBT_DISBURSEMENT,APP-0000757
TXN-00001350,2024-10-17T14:30:08+05:30,ACC-001693,ACC-002147,460.00,ACCOUNT_TRANSFER,
TXN-00000430,2024-10-17T14:48:12+05:30,ACC-000866,ACC-000201,702.00,ACCOUNT_TRANSFER,
TXN-00001231,2024-10-18T10:30:29+05:30,GOV-DBT-001,ACC-002127,8500.00,DBT_DISBURSEMENT,APP-0000692
TXN-00001100,2024-10-18T11:10:08+05:30,GOV-DBT-001,ACC-001830,20000.00,DBT_DISBURSEMENT,APP-0000280
TXN-00001126,2024-10-18T13:19:52+05:30,GOV-DBT-001,ACC-000828,21750.00,DBT_DISBURSEMENT,APP-0000945
TXN-00000906,2024-10-18T14:02:06+05:30,GOV-DBT-001,ACC-002923,23250.00,DBT_DISBURSEMENT,APP-0000499
TXN-00001143,2024-10-18T15:59:35+05:30,GOV-DBT-001,ACC-001045,26250.00,DBT_DISBURSEMENT,APP-0000365
TXN-00000781,2024-10-19T10:35:04+05:30,GOV-DBT-001,ACC-000836,10250.00,DBT_DISBURSEMENT,APP-0000175
TXN-00000091,2024-10-19T10:49:17+05:30,GOV-DBT-001,ACC-002550,43500.00,DBT_DISBURSEMENT,APP-0000600
TXN-00000571,2024-10-19T14:40:55+05:30,ACC-000188,ACC-000476,506.00,ACCOUNT_TRANSFER,
TXN-00001245,2024-10-19T14:53:14+05:30,GOV-DBT-001,ACC-002974,40250.00,DBT_DISBURSEMENT,APP-0001147
TXN-00001108,2024-10-19T14:55:07+05:30,GOV-DBT-001,ACC-000666,5750.00,DBT_DISBURSEMENT,APP-0001224
TXN-00000514,2024-10-19T14:56:52+05:30,GOV-DBT-001,ACC-001100,11000.00,DBT_DISBURSEMENT,APP-0000733
TXN-00001439,2024-10-19T15:47:28+05:30,GOV-DBT-001,ACC-000804,9500.00,DBT_DISBURSEMENT,APP-0000694
TXN-00000211,2024-10-20T11:41:31+05:30,GOV-DBT-001,ACC-002691,18250.00,DBT_DISBURSEMENT,APP-0000906
TXN-00000206,2024-10-20T12:07:33+05:30,GOV-DBT-001,ACC-000790,3750.00,DBT_DISBURSEMENT,APP-0001123
TXN-00001415,2024-10-20T12:17:39+05:30,ACC-002110,ACC-000698,641.00,ACCOUNT_TRANSFER,
TXN-00001418,2024-10-20T12:19:38+05:30,GOV-DBT-001,ACC-001740,41500.00,DBT_DISBURSEMENT,APP-0000590
TXN-00000572,2024-10-20T13:19:05+05:30,GOV-DBT-001,ACC-001177,11000.00,DBT_DISBURSEMENT,APP-0000860
TXN-00000100,2024-10-21T10:49:43+05:30,GOV-DBT-001,ACC-002552,26250.00,DBT_DISBURSEMENT,APP-0000937
TXN-00000106,2024-10-21T11:52:53+05:30,GOV-DBT-001,ACC-002207,16750.00,DBT_DISBURSEMENT,APP-0001353
TXN-00000460,2024-10-21T11:56:20+05:30,ACC-002657,ACC-000156,659.00,ACCOUNT_TRANSFER,
TXN-00000546,2024-10-21T15:15:04+05:30,GOV-DBT-001,ACC-001489,3500.00,DBT_DISBURSEMENT,APP-0000038
TXN-00000552,2024-10-21T15:54:07+05:30,ACC-002120,ACC-000156,1134.00,ACCOUNT_TRANSFER,
TXN-00000658,2024-10-22T11:19:26+05:30,GOV-DBT-001,ACC-000235,34250.00,DBT_DISBURSEMENT,APP-0000549
TXN-00000529,2024-10-22T12:20:26+05:30,ACC-001023,ACC-000709,586.00,ACCOUNT_TRANSFER,
TXN-00000719,2024-10-22T12:23:21+05:30,GOV-DBT-001,ACC-002080,52750.00,DBT_DISBURSEMENT,APP-0001141
TXN-00000652,2024-10-22T13:08:23+05:30,GOV-DBT-001,ACC-001045,26250.00,DBT_DISBURSEMENT,APP-0001021
TXN-00001388,2024-10-22T14:52:54+05:30,GOV-DBT-001,ACC-000133,13500.00,DBT_DISBURSEMENT,APP-0000295
TXN-00001576,2024-10-23T10:18:01+05:30,ACC-001108,ACC-000709,1532.00,ACCOUNT_TRANSFER,
TXN-00000301,2024-10-23T11:58:47+05:30,GOV-DBT-001,ACC-001694,26250.00,DBT_DISBURSEMENT,APP-0001329
TXN-00001349,2024-10-23T12:11:04+05:30,GOV-DBT-001,ACC-002639,8500.00,DBT_DISBURSEMENT,APP-0001031
TXN-00000506,2024-10-23T13:01:10+05:30,GOV-DBT-001,ACC-000063,28750.00,DBT_DISBURSEMENT,APP-0000876
TXN-00000066,2024-10-23T14:33:29+05:30,GOV-DBT-001,ACC-000193,9750.00,DBT_DISBURSEMENT,APP-0001366
TXN-00000825,2024-10-23T14:35:33+05:30,GOV-DBT-001,ACC-000600,3500.00,DBT_DISBURSEMENT,APP-0000670
TXN-00001098,2024-10-23T14:47:24+05:30,GOV-DBT-001,ACC-001873,6625.00,DBT_DISBURSEMENT,APP-0001102
TXN-00000382,2024-10-23T15:59:56+05:30,GOV-DBT-001,ACC-001238,31250.00,DBT_DISBURSEMENT,APP-0000086
TXN-00001186,2024-10-24T13:02:16+05:30,GOV-DBT-001,ACC-001694,26250.00,DBT_DISBURSEMENT,APP-0000959
TXN-00000516,2024-10-24T13:26:26+05:30,GOV-DBT-001,ACC-001828,33500.00,DBT_DISBURSEMENT,APP-0000635
TXN-00001253,2024-10-24T14:05:24+05:30,ACC-002010,ACC-000156,2998.00,ACCOUNT_TRANSFER,
TXN-00000329,2024-10-24T15:10:18+05:30,GOV-DBT-001,ACC-001209,34750.00,DBT_DISBURSEMENT,APP-0000953
TXN-00001344,2024-10-24T15:19:34+05:30,GOV-DBT-001,ACC-001530,31250.00,DBT_DISBURSEMENT,APP-0000025
TXN-00000380,2024-10-25T10:48:21+05:30,GOV-DBT-001,ACC-001880,30000.00,DBT_DISBURSEMENT,APP-0000910
TXN-00001462,2024-10-25T11:25:38+05:30,GOV-DBT-001,ACC-002180,19250.00,DBT_DISBURSEMENT,APP-0001056
TXN-00001422,2024-10-25T12:04:30+05:30,GOV-DBT-001,ACC-001829,19250.00,DBT_DISBURSEMENT,APP-0000698
TXN-00000076,2024-10-25T13:18:08+05:30,GOV-DBT-001,ACC-001293,8750.00,DBT_DISBURSEMENT,APP-0000739
TXN-00001248,2024-10-25T14:45:13+05:30,ACC-000816,ACC-002242,506.00,ACCOUNT_TRANSFER,
TXN-00000308,2024-10-26T11:46:48+05:30,GOV-DBT-001,ACC-002145,17250.00,DBT_DISBURSEMENT,APP-0000073
TXN-00000776,2024-10-26T13:31:50+05:30,GOV-DBT-001,ACC-000589,11750.00,DBT_DISBURSEMENT,APP-0000835
TXN-00000072,2024-10-26T14:14:28+05:30,GOV-DBT-001,ACC-000068,3375.00,DBT_DISBURSEMENT,APP-0001345
TXN-00001483,2024-10-26T15:24:35+05:30,GOV-DBT-001,ACC-000356,42250.00,DBT_DISBURSEMENT,APP-0000490
TXN-00001515,2024-10-26T15:30:48+05:30,GOV-DBT-001,ACC-001365,16250.00,DBT_DISBURSEMENT,APP-0000110
TXN-00001520,2024-10-27T10:18:10+05:30,GOV-DBT-001,ACC-002121,28000.00,DBT_DISBURSEMENT,APP-0001364
TXN-00000777,2024-10-27T11:14:00+05:30,GOV-DBT-001,ACC-000038,22750.00,DBT_DISBURSEMENT,APP-0001338
TXN-00000874,2024-10-27T15:54:34+05:30,GOV-DBT-001,ACC-000256,13000.00,DBT_DISBURSEMENT,APP-0001190
TXN-00000012,2024-10-28T10:02:23+05:30,GOV-DBT-001,ACC-001202,14750.00,DBT_DISBURSEMENT,APP-0001237
TXN-00000036,2024-10-28T10:48:37+05:30,GOV-DBT-001,ACC-000764,16250.00,DBT_DISBURSEMENT,APP-0001059
TXN-00000935,2024-10-28T14:48:34+05:30,GOV-DBT-001,ACC-001054,9750.00,DBT_DISBURSEMENT,APP-0000700
TXN-00000104,2024-10-29T11:08:05+05:30,GOV-DBT-001,ACC-001694,26250.00,DBT_DISBURSEMENT,APP-0001397
TXN-00000161,2024-10-29T13:48:20+05:30,GOV-DBT-001,ACC-002574,11250.00,DBT_DISBURSEMENT,APP-0000230
TXN-00000498,2024-10-29T14:03:02+05:30,GOV-DBT-001,ACC-002395,36750.00,DBT_DISBURSEMENT,APP-0000160
TXN-00000620,2024-10-29T14:34:54+05:30,GOV-DBT-001,ACC-001742,8500.00,DBT_DISBURSEMENT,APP-0001126
TXN-00000454,2024-10-29T15:01:02+05:30,GOV-DBT-001,ACC-000740,10250.00,DBT_DISBURSEMENT,APP-0001396
TXN-00000544,2024-10-29T15:29:39+05:30,GOV-DBT-001,ACC-001681,10250.00,DBT_DISBURSEMENT,APP-0000022
TXN-00000591,2024-10-30T10:43:16+05:30,GOV-DBT-001,ACC-002154,13500.00,DBT_DISBURSEMENT,APP-0001065
TXN-00000034,2024-10-30T14:01:32+05:30,GOV-DBT-001,ACC-001704,17250.00,DBT_DISBURSEMENT,APP-0000949
TXN-00000457,2024-10-30T14:42:29+05:30,GOV-DBT-001,ACC-000065,7750.00,DBT_DISBURSEMENT,APP-0001047
TXN-00001300,2024-10-30T15:14:25+05:30,GOV-DBT-001,ACC-000905,41000.00,DBT_DISBURSEMENT,APP-0000567
TXN-00000530,2024-10-30T15:30:48+05:30,GOV-DBT-001,ACC-001632,7375.00,DBT_DISBURSEMENT,APP-0001314
TXN-00001334,2024-10-31T10:27:42+05:30,GOV-DBT-001,ACC-001907,25250.00,DBT_DISBURSEMENT,APP-0000386
TXN-00000615,2024-10-31T10:43:41+05:30,GOV-DBT-001,ACC-001261,31500.00,DBT_DISBURSEMENT,APP-0000047
TXN-00000121,2024-10-31T13:07:28+05:30,GOV-DBT-001,ACC-000710,26000.00,DBT_DISBURSEMENT,APP-0001346
TXN-00001204,2024-10-31T13:14:57+05:30,GOV-DBT-001,ACC-000395,17750.00,DBT_DISBURSEMENT,APP-0000158
TXN-00001588,2024-10-31T14:41:03+05:30,GOV-DBT-001,ACC-000262,21750.00,DBT_DISBURSEMENT,APP-0000714
TXN-00000786,2024-10-31T15:58:14+05:30,GOV-DBT-001,ACC-001934,14625.00,DBT_DISBURSEMENT,APP-0000918
TXN-00001387,2024-11-01T10:49:25+05:30,GOV-DBT-001,ACC-002457,28000.00,DBT_DISBURSEMENT,APP-0000882
TXN-00000672,2024-11-01T11:24:41+05:30,GOV-DBT-001,ACC-002169,10000.00,DBT_DISBURSEMENT,APP-0000606
TXN-00001552,2024-11-01T13:31:07+05:30,GOV-DBT-001,ACC-001308,20000.00,DBT_DISBURSEMENT,APP-0001027
TXN-00000197,2024-11-01T13:33:32+05:30,GOV-DBT-001,ACC-000613,17000.00,DBT_DISBURSEMENT,APP-0000078
TXN-00000686,2024-11-02T10:40:52+05:30,GOV-DBT-001,ACC-000179,6000.00,DBT_DISBURSEMENT,APP-0000361
TXN-00000476,2024-11-02T11:02:04+05:30,GOV-DBT-001,ACC-002736,54500.00,DBT_DISBURSEMENT,APP-0000168
TXN-00001535,2024-11-02T13:55:39+05:30,GOV-DBT-001,ACC-002176,38750.00,DBT_DISBURSEMENT,APP-0000434
TXN-00000126,2024-11-02T14:01:59+05:30,GOV-DBT-001,ACC-001956,20000.00,DBT_DISBURSEMENT,APP-0000343
TXN-00000110,2024-11-02T15:00:26+05:30,GOV-DBT-001,ACC-001484,22250.00,DBT_DISBURSEMENT,APP-0000315
TXN-00000020,2024-11-02T15:35:36+05:30,GOV-DBT-001,ACC-002317,2250.00,DBT_DISBURSEMENT,APP-0000555
TXN-00001304,2024-11-03T10:29:56+05:30,GOV-DBT-001,ACC-000919,7000.00,DBT_DISBURSEMENT,APP-0000897
TXN-00001335,2024-11-03T10:49:45+05:30,GOV-DBT-001,ACC-002776,35500.00,DBT_DISBURSEMENT,APP-0000493
TXN-00001374,2024-11-03T13:36:26+05:30,GOV-DBT-001,ACC-001883,15250.00,DBT_DISBURSEMENT,APP-0000511
TXN-00001352,2024-11-03T13:43:50+05:30,GOV-DBT-001,ACC-001950,26250.00,DBT_DISBURSEMENT,APP-0000676
TXN-00001471,2024-11-03T14:10:26+05:30,GOV-DBT-001,ACC-000924,30000.00,DBT_DISBURSEMENT,APP-0000143
TXN-00000370,2024-11-03T14:39:25+05:30,GOV-DBT-001,ACC-001617,31500.00,DBT_DISBURSEMENT,APP-0001309
TXN-00000306,2024-11-03T14:52:54+05:30,ACC-000133,ACC-000709,545.00,ACCOUNT_TRANSFER,
TXN-00000443,2024-11-04T10:33:53+05:30,GOV-DBT-001,ACC-001790,35000.00,DBT_DISBURSEMENT,APP-0001393
TXN-00001405,2024-11-04T10:41:05+05:30,GOV-DBT-001,ACC-002474,23500.00,DBT_DISBURSEMENT,APP-0000894
TXN-00001153,2024-11-04T12:49:44+05:30,GOV-DBT-001,ACC-002444,14500.00,DBT_DISBURSEMENT,APP-0001440
TXN-00001272,2024-11-04T14:56:52+05:30,ACC-001100,ACC-000698,1728.00,ACCOUNT_TRANSFER,
TXN-00000120,2024-11-05T12:26:18+05:30,GOV-DBT-001,ACC-001414,4000.00,DBT_DISBURSEMENT,APP-0000154
TXN-00000710,2024-11-05T12:32:15+05:30,GOV-DBT-001,ACC-000369,19750.00,DBT_DISBURSEMENT,APP-0000740
TXN-00000955,2024-11-05T14:40:27+05:30,GOV-DBT-001,ACC-001652,8250.00,DBT_DISBURSEMENT,APP-0000693
TXN-00000415,2024-11-05T14:41:46+05:30,GOV-DBT-001,ACC-001694,26250.00,DBT_DISBURSEMENT,APP-0000823
TXN-00001211,2024-11-06T11:44:10+05:30,GOV-DBT-001,ACC-001759,16250.00,DBT_DISBURSEMENT,APP-0000969
TXN-00000412,2024-11-06T13:34:24+05:30,GOV-DBT-001,ACC-000351,31250.00,DBT_DISBURSEMENT,APP-0001286
TXN-00000954,2024-11-06T14:57:39+05:30,GOV-DBT-001,ACC-001257,18250.00,DBT_DISBURSEMENT,APP-0000338
TXN-00000894,2024-11-07T13:57:00+05:30,GOV-DBT-001,ACC-001524,4875.00,DBT_DISBURSEMENT,APP-0000691
TXN-00000032,2024-11-07T14:01:35+05:30,GOV-DBT-001,ACC-002431,20250.00,DBT_DISBURSEMENT,APP-0000260
TXN-00000576,2024-11-07T14:43:11+05:30,GOV-DBT-001,ACC-002750,41500.00,DBT_DISBURSEMENT,APP-0000977
TXN-00000987,2024-11-07T15:51:27+05:30,GOV-DBT-001,ACC-001232,14000.00,DBT_DISBURSEMENT,APP-0000688
TXN-00000225,2024-11-08T10:29:19+05:30,GOV-DBT-001,ACC-001915,47000.00,DBT_DISBURSEMENT,APP-0000736
TXN-00000448,2024-11-08T11:01:25+05:30,GOV-DBT-001,ACC-001211,31250.00,DBT_DISBURSEMENT,APP-0000184
TXN-00000669,2024-11-08T12:40:07+05:30,GOV-DBT-001,ACC-001574,19250.00,DBT_DISBURSEMENT,APP-0001357
TXN-00000411,2024-11-09T10:01:25+05:30,GOV-DBT-001,ACC-001694,26250.00,DBT_DISBURSEMENT,APP-0001072
TXN-00001526,2024-11-09T12:37:50+05:30,GOV-DBT-001,ACC-000270,13250.00,DBT_DISBURSEMENT,APP-0000192
TXN-00000947,2024-11-09T12:44:13+05:30,GOV-DBT-001,ACC-001980,33500.00,DBT_DISBURSEMENT,APP-0000111
TXN-00000594,2024-11-09T14:17:10+05:30,GOV-DBT-001,ACC-001970,24500.00,DBT_DISBURSEMENT,APP-0000656
TXN-00001322,2024-11-10T11:59:09+05:30,GOV-DBT-001,ACC-001736,6000.00,DBT_DISBURSEMENT,APP-0001200
TXN-00001151,2024-11-10T12:55:35+05:30,GOV-DBT-001,ACC-000125,32750.00,DBT_DISBURSEMENT,APP-0001333
TXN-00001054,2024-11-11T12:19:51+05:30,GOV-DBT-001,ACC-000614,21500.00,DBT_DISBURSEMENT,APP-0000474
TXN-00001162,2024-11-11T14:32:54+05:30,GOV-DBT-001,ACC-001968,35000.00,DBT_DISBURSEMENT,APP-0001005
TXN-00000284,2024-11-12T13:55:39+05:30,ACC-002176,ACC-000698,1407.00,ACCOUNT_TRANSFER,
TXN-00001081,2024-11-12T14:00:44+05:30,GOV-DBT-001,ACC-001246,9500.00,DBT_DISBURSEMENT,APP-0001179
TXN-00000849,2024-11-12T14:23:42+05:30,GOV-DBT-001,ACC-000395,8375.00,DBT_DISBURSEMENT,APP-0000337
TXN-00000650,2024-11-12T15:30:48+05:30,ACC-001365,ACC-000709,857.00,ACCOUNT_TRANSFER,
TXN-00000187,2024-11-13T10:48:52+05:30,GOV-DBT-001,ACC-001306,16625.00,DBT_DISBURSEMENT,APP-0000887
TXN-00000485,2024-11-13T13:26:51+05:30,GOV-DBT-001,ACC-000034,15250.00,DBT_DISBURSEMENT,APP-0001159
TXN-00000344,2024-11-13T14:40:27+05:30,ACC-001652,ACC-002530,2719.00,ACCOUNT_TRANSFER,
TXN-00000679,2024-11-13T15:14:25+05:30,ACC-000905,ACC-002242,1218.00,ACCOUNT_TRANSFER,
TXN-00000875,2024-11-14T11:31:25+05:30,GOV-DBT-001,ACC-001664,37000.00,DBT_DISBURSEMENT,APP-0000496
TXN-00001577,2024-11-14T13:07:28+05:30,ACC-000710,ACC-002147,470.00,ACCOUNT_TRANSFER,
TXN-00000039,2024-11-14T14:51:17+05:30,GOV-DBT-001,ACC-002848,14750.00,DBT_DISBURSEMENT,APP-0000345
TXN-00000534,2024-11-15T10:46:26+05:30,GOV-DBT-001,ACC-000781,24750.00,DBT_DISBURSEMENT,APP-0000068
TXN-00000613,2024-11-15T11:14:27+05:30,GOV-DBT-001,ACC-001631,33000.00,DBT_DISBURSEMENT,APP-0000065
TXN-00001007,2024-11-15T11:42:58+05:30,GOV-DBT-001,ACC-002226,12000.00,DBT_DISBURSEMENT,APP-0000745
TXN-00001005,2024-11-15T12:19:26+05:30,GOV-DBT-001,ACC-000773,31000.00,DBT_DISBURSEMENT,APP-0000198
TXN-00000061,2024-11-15T14:22:21+05:30,GOV-DBT-001,ACC-001827,34750.00,DBT_DISBURSEMENT,APP-0000100
TXN-00000927,2024-11-15T15:07:24+05:30,GOV-DBT-001,ACC-000351,18250.00,DBT_DISBURSEMENT,APP-0001174
TXN-00001330,2024-11-16T12:43:11+05:30,GOV-DBT-001,ACC-002503,9250.00,DBT_DISBURSEMENT,APP-0000220
TXN-00000486,2024-11-16T13:43:52+05:30,GOV-DBT-001,ACC-001038,38000.00,DBT_DISBURSEMENT,APP-0000582
TXN-00000298,2024-11-16T14:28:43+05:30,GOV-DBT-001,ACC-002778,33250.00,DBT_DISBURSEMENT,APP-0001170
TXN-00000440,2024-11-16T14:55:32+05:30,GOV-DBT-001,ACC-002705,41500.00,DBT_DISBURSEMENT,APP-0000485
TXN-00000348,2024-11-17T12:41:40+05:30,GOV-DBT-001,ACC-000259,12750.00,DBT_DISBURSEMENT,APP-0000455
TXN-00001286,2024-11-17T12:47:50+05:30,GOV-DBT-001,ACC-000158,7000.00,DBT_DISBURSEMENT,APP-0000625
TXN-00000866,2024-11-17T14:11:20+05:30,GOV-DBT-001,ACC-001544,38250.00,DBT_DISBURSEMENT,APP-0000575
TXN-00000465,2024-11-17T14:32:12+05:30,GOV-DBT-001,ACC-002112,12000.00,DBT_DISBURSEMENT,APP-0000212
TXN-00001145,2024-11-17T15:31:48+05:30,GOV-DBT-001,ACC-001694,26250.00,DBT_DISBURSEMENT,APP-0001305
TXN-00000858,2024-11-18T10:42:21+05:30,GOV-DBT-001,ACC-002553,10000.00,DBT_DISBURSEMENT,APP-0001060
TXN-00000728,2024-11-18T10:57:25+05:30,GOV-DBT-001,ACC-002267,4000.00,DBT_DISBURSEMENT,APP-0001106
TXN-00000244,2024-11-18T11:31:12+05:30,GOV-DBT-001,ACC-000746,26250.00,DBT_DISBURSEMENT,APP-0001433
TXN-00000689,2024-11-18T13:57:40+05:30,GOV-DBT-001,ACC-002447,4500.00,DBT_DISBURSEMENT,APP-0000979
TXN-00001002,2024-11-18T14:10:12+05:30,GOV-DBT-001,ACC-001520,5250.00,DBT_DISBURSEMENT,APP-0001369
TXN-00001026,2024-11-18T14:37:21+05:30,GOV-DBT-001,ACC-002944,1875.00,DBT_DISBURSEMENT,APP-0000234
TXN-00001527,2024-11-18T14:44:05+05:30,GOV-DBT-001,ACC-000942,7750.00,DBT_DISBURSEMENT,APP-0000350
TXN-00000606,2024-11-18T14:55:21+05:30,GOV-DBT-001,ACC-001155,40250.00,DBT_DISBURSEMENT,APP-0001205
TXN-00000890,2024-11-19T11:02:04+05:30,ACC-002736,ACC-000201,1004.00,ACCOUNT_TRANSFER,
TXN-00000046,2024-11-19T12:20:53+05:30,GOV-DBT-001,ACC-002154,5000.00,DBT_DISBURSEMENT,APP-0000228
TXN-00001468,2024-11-19T13:00:36+05:30,GOV-DBT-001,ACC-002822,28500.00,DBT_DISBURSEMENT,APP-0000662
TXN-00001033,2024-11-20T12:04:30+05:30,GOV-DBT-001,ACC-001829,19250.00,DBT_DISBURSEMENT,APP-0000698
TXN-00000441,2024-11-20T14:17:44+05:30,GOV-DBT-001,ACC-000879,10750.00,DBT_DISBURSEMENT,APP-0000774
TXN-00000990,2024-11-20T15:35:46+05:30,GOV-DBT-001,ACC-002855,17500.00,DBT_DISBURSEMENT,APP-0000658
TXN-00000845,2024-11-21T11:07:38+05:30,GOV-DBT-001,ACC-001583,29750.00,DBT_DISBURSEMENT,APP-0000531
TXN-00001550,2024-11-21T12:31:37+05:30,GOV-DBT-001,ACC-000655,24750.00,DBT_DISBURSEMENT,APP-0000640
TXN-00001184,2024-11-21T12:37:50+05:30,ACC-000270,ACC-000201,868.00,ACCOUNT_TRANSFER,
TXN-00000507,2024-11-21T13:04:24+05:30,GOV-DBT-001,ACC-002549,34250.00,DBT_DISBURSEMENT,APP-0001404
TXN-00001514,2024-11-21T13:09:22+05:30,GOV-DBT-001,ACC-002132,21500.00,DBT_DISBURSEMENT,APP-0000125
TXN-00000727,2024-11-21T13:11:28+05:30,GOV-DBT-001,ACC-000690,30500.00,DBT_DISBURSEMENT,APP-0000728
TXN-00001024,2024-11-21T14:17:14+05:30,GOV-DBT-001,ACC-001692,15250.00,DBT_DISBURSEMENT,APP-0001406
TXN-00000202,2024-11-21T15:41:37+05:30,GOV-DBT-001,ACC-001183,6750.00,DBT_DISBURSEMENT,APP-0001290
TXN-00000360,2024-11-22T10:10:39+05:30,GOV-DBT-001,ACC-002281,13000.00,DBT_DISBURSEMENT,APP-0000659
TXN-00000397,2024-11-22T10:30:13+05:30,GOV-DBT-001,ACC-001045,26250.00,DBT_DISBURSEMENT,APP-0000120
TXN-00000123,2024-11-22T12:26:55+05:30,GOV-DBT-001,ACC-001742,19250.00,DBT_DISBURSEMENT,APP-0001381
TXN-00001551,2024-11-22T13:52:58+05:30,GOV-DBT-001,ACC-000518,24250.00,DBT_DISBURSEMENT,APP-0000852
TXN-00001197,2024-11-23T11:05:07+05:30,GOV-DBT-001,ACC-000248,49500.00,DBT_DISBURSEMENT,APP-0000012
TXN-00001408,2024-11-23T11:07:46+05:30,GOV-DBT-001,ACC-000779,15875.00,DBT_DISBURSEMENT,APP-0000942
TXN-00000577,2024-11-23T12:49:23+05:30,GOV-DBT-001,ACC-001941,42250.00,DBT_DISBURSEMENT,APP-0001310
TXN-00001036,2024-11-23T14:01:15+05:30,GOV-DBT-001,ACC-000948,6500.00,DBT_DISBURSEMENT,APP-0001018
TXN-00000857,2024-11-23T14:44:05+05:30,ACC-002613,ACC-002001,1062.00,ACCOUNT_TRANSFER,
TXN-00000501,2024-11-23T14:48:09+05:30,GOV-DBT-001,ACC-001286,16750.00,DBT_DISBURSEMENT,APP-0000388
TXN-00001119,2024-11-23T14:56:05+05:30,ACC-002001,ACC-001111,1062.00,ACCOUNT_TRANSFER,
TXN-00001454,2024-11-23T15:08:05+05:30,ACC-001111,ACC-000942,1062.00,ACCOUNT_TRANSFER,
TXN-00001555,2024-11-23T15:20:05+05:30,ACC-000942,ACC-002613,1062.00,ACCOUNT_TRANSFER,
TXN-00000165,2024-11-24T10:27:42+05:30,ACC-001907,ACC-000698,1256.00,ACCOUNT_TRANSFER,
TXN-00000101,2024-11-24T10:34:40+05:30,GOV-DBT-001,ACC-001004,4250.00,DBT_DISBURSEMENT,APP-0000703
TXN-00000290,2024-11-24T11:08:46+05:30,GOV-DBT-001,ACC-002826,47500.00,DBT_DISBURSEMENT,APP-0001206
TXN-00001575,2024-11-24T13:13:44+05:30,GOV-DBT-001,ACC-000805,9000.00,DBT_DISBURSEMENT,APP-0001437
TXN-00000899,2024-11-24T15:06:24+05:30,GOV-DBT-001,ACC-002683,24500.00,DBT_DISBURSEMENT,APP-0001127
TXN-00000740,2024-11-24T15:56:16+05:30,GOV-DBT-001,ACC-001819,36250.00,DBT_DISBURSEMENT,APP-0000034
TXN-00000181,2024-11-25T14:17:10+05:30,ACC-001970,ACC-002147,1087.00,ACCOUNT_TRANSFER,
TXN-00001276,2024-11-26T10:04:51+05:30,GOV-DBT-001,ACC-002217,28750.00,DBT_DISBURSEMENT,APP-0000885
TXN-00001397,2024-11-26T13:31:27+05:30,GOV-DBT-001,ACC-001586,10500.00,DBT_DISBURSEMENT,APP-0000486
TXN-00000998,2024-11-27T10:46:27+05:30,GOV-DBT-001,ACC-001014,5000.00,DBT_DISBURSEMENT,APP-0001263
TXN-00001247,2024-11-27T11:04:35+05:30,GOV-DBT-001,ACC-002359,10000.00,DBT_DISBURSEMENT,APP-0000681
TXN-00000367,2024-11-27T13:47:30+05:30,GOV-DBT-001,ACC-002782,31250.00,DBT_DISBURSEMENT,APP-0000284
TXN-00001433,2024-11-28T11:32:06+05:30,GOV-DBT-001,ACC-002843,27500.00,DBT_DISBURSEMENT,APP-0001251
TXN-00000992,2024-11-28T12:41:34+05:30,GOV-DBT-001,ACC-000764,7500.00,DBT_DISBURSEMENT,APP-0000384
TXN-00000374,2024-11-28T13:23:42+05:30,GOV-DBT-001,ACC-002024,8750.00,DBT_DISBURSEMENT,APP-0000556
TXN-00001121,2024-11-28T13:27:26+05:30,GOV-DBT-001,ACC-002704,31250.00,DBT_DISBURSEMENT,APP-0000637
TXN-00000483,2024-11-28T14:21:09+05:30,GOV-DBT-001,ACC-000058,25250.00,DBT_DISBURSEMENT,APP-0000642
TXN-00001393,2024-11-29T11:20:17+05:30,GOV-DBT-001,ACC-002486,38500.00,DBT_DISBURSEMENT,APP-0000816
TXN-00000724,2024-11-29T11:40:01+05:30,GOV-DBT-001,ACC-002968,16375.00,DBT_DISBURSEMENT,APP-0000433
TXN-00000753,2024-11-29T12:57:24+05:30,GOV-DBT-001,ACC-000833,11250.00,DBT_DISBURSEMENT,APP-0000447
TXN-00001469,2024-11-29T12:57:27+05:30,GOV-DBT-001,ACC-002805,44250.00,DBT_DISBURSEMENT,APP-0000580
TXN-00000587,2024-11-29T14:10:52+05:30,GOV-DBT-001,ACC-002173,52250.00,DBT_DISBURSEMENT,APP-0000391
TXN-00000766,2024-11-30T15:26:08+05:30,GOV-DBT-001,ACC-000013,26750.00,DBT_DISBURSEMENT,APP-0000016
TXN-00000909,2024-12-01T13:39:34+05:30,GOV-DBT-001,ACC-002961,25750.00,DBT_DISBURSEMENT,APP-0001191
TXN-00001313,2024-12-01T14:47:24+05:30,GOV-DBT-001,ACC-001873,6625.00,DBT_DISBURSEMENT,APP-0001102
TXN-00000114,2024-12-02T12:06:16+05:30,GOV-DBT-001,ACC-001316,35750.00,DBT_DISBURSEMENT,APP-0000749
TXN-00000712,2024-12-02T12:49:03+05:30,GOV-DBT-001,ACC-000788,11750.00,DBT_DISBURSEMENT,APP-0001158
TXN-00000375,2024-12-02T12:59:53+05:30,GOV-DBT-001,ACC-001734,30000.00,DBT_DISBURSEMENT,APP-0000856
TXN-00001450,2024-12-02T13:48:52+05:30,GOV-DBT-001,ACC-000656,40250.00,DBT_DISBURSEMENT,APP-0000776
TXN-00000092,2024-12-02T13:57:00+05:30,GOV-DBT-001,ACC-001524,4875.00,DBT_DISBURSEMENT,APP-0000691
TXN-00000627,2024-12-02T14:56:10+05:30,GOV-DBT-001,ACC-002503,19500.00,DBT_DISBURSEMENT,APP-0000731
TXN-00000082,2024-12-02T15:51:42+05:30,GOV-DBT-001,ACC-000462,25250.00,DBT_DISBURSEMENT,APP-0000633
TXN-00000730,2024-12-03T11:08:46+05:30,ACC-002826,ACC-000201,2050.00,ACCOUNT_TRANSFER,
TXN-00001544,2024-12-03T12:24:28+05:30,GOV-DBT-001,ACC-001045,26250.00,DBT_DISBURSEMENT,APP-0000975
TXN-00001425,2024-12-03T13:56:21+05:30,GOV-DBT-001,ACC-000569,7250.00,DBT_DISBURSEMENT,APP-0000966
TXN-00000948,2024-12-04T10:48:16+05:30,GOV-DBT-001,ACC-002848,5000.00,DBT_DISBURSEMENT,APP-0001178
TXN-00000138,2024-12-04T12:38:46+05:30,GOV-DBT-001,ACC-000425,32750.00,DBT_DISBURSEMENT,APP-0001408
TXN-00001359,2024-12-05T12:24:28+05:30,ACC-001045,ACC-001026,143500.00,ACCOUNT_TRANSFER,
TXN-00000083,2024-12-05T12:25:28+05:30,ACC-001694,ACC-001026,143500.00,ACCOUNT_TRANSFER,
TXN-00000324,2024-12-06T13:27:26+05:30,ACC-002704,ACC-000201,877.00,ACCOUNT_TRANSFER,
TXN-00000511,2024-12-06T14:34:24+05:30,GOV-DBT-001,ACC-002366,8000.00,DBT_DISBURSEMENT,APP-0000482
TXN-00001493,2024-12-06T14:37:21+05:30,ACC-002944,ACC-002147,89.00,ACCOUNT_TRANSFER,
TXN-00000756,2024-12-06T14:48:11+05:30,GOV-DBT-001,ACC-000771,8875.00,DBT_DISBURSEMENT,APP-0001232
TXN-00000432,2024-12-06T15:48:13+05:30,GOV-DBT-001,ACC-001960,25250.00,DBT_DISBURSEMENT,APP-0000972
TXN-00000262,2024-12-07T11:11:13+05:30,GOV-DBT-001,ACC-001560,6500.00,DBT_DISBURSEMENT,APP-0000267
TXN-00000693,2024-12-07T12:41:40+05:30,ACC-000259,ACC-002147,672.00,ACCOUNT_TRANSFER,
TXN-00000826,2024-12-08T10:56:53+05:30,GOV-DBT-001,ACC-001389,39250.00,DBT_DISBURSEMENT,APP-0001055
TXN-00001279,2024-12-08T11:06:04+05:30,GOV-DBT-001,ACC-001034,52250.00,DBT_DISBURSEMENT,APP-0000747
TXN-00000549,2024-12-08T12:24:28+05:30,ACC-001694,ACC-001026,5000.00,ACCOUNT_TRANSFER,
TXN-00000276,2024-12-08T12:36:28+05:30,ACC-001026,ACC-001045,5000.00,ACCOUNT_TRANSFER,
TXN-00000168,2024-12-08T12:48:28+05:30,ACC-001045,ACC-001694,5000.00,ACCOUNT_TRANSFER,
TXN-00001047,2024-12-08T13:04:33+05:30,GOV-DBT-001,ACC-002306,24500.00,DBT_DISBURSEMENT,APP-0000778
TXN-00000982,2024-12-09T10:19:02+05:30,GOV-DBT-001,ACC-000691,21375.00,DBT_DISBURSEMENT,APP-0000397
TXN-00000555,2024-12-09T12:17:48+05:30,GOV-DBT-001,ACC-001928,30750.00,DBT_DISBURSEMENT,APP-0000045
TXN-00001166,2024-12-09T14:11:20+05:30,ACC-001544,ACC-000156,2262.00,ACCOUNT_TRANSFER,
TXN-00001170,2024-12-09T14:47:24+05:30,ACC-001873,ACC-000698,371.00,ACCOUNT_TRANSFER,
TXN-00000538,2024-12-10T10:38:53+05:30,GOV-DBT-001,ACC-002661,5500.00,DBT_DISBURSEMENT,APP-0000075
TXN-00000517,2024-12-11T13:07:13+05:30,GOV-DBT-001,ACC-001515,11000.00,DBT_DISBURSEMENT,APP-0000327
TXN-00001290,2024-12-11T13:48:52+05:30,ACC-000656,ACC-000156,2211.00,ACCOUNT_TRANSFER,
TXN-00001572,2024-12-12T12:31:37+05:30,ACC-000655,ACC-002242,1296.00,ACCOUNT_TRANSFER,
TXN-00000545,2024-12-12T13:19:44+05:30,GOV-DBT-001,ACC-000302,11250.00,DBT_DISBURSEMENT,APP-0000695
TXN-00000755,2024-12-12T13:32:33+05:30,GOV-DBT-001,ACC-002181,5000.00,DBT_DISBURSEMENT,APP-0000172
TXN-00000185,2024-12-13T13:41:39+05:30,GOV-DBT-001,ACC-000331,11250.00,DBT_DISBURSEMENT,APP-0001038
TXN-00000311,2024-12-13T13:46:26+05:30,GOV-DBT-001,ACC-001176,4750.00,DBT_DISBURSEMENT,APP-0000420
TXN-00000817,2024-12-13T14:11:52+05:30,GOV-DBT-001,ACC-000487,14750.00,DBT_DISBURSEMENT,APP-0000169
TXN-00000425,2024-12-13T14:18:37+05:30,GOV-DBT-001,ACC-001678,39000.00,DBT_DISBURSEMENT,APP-0000009
TXN-00001156,2024-12-13T14:55:07+05:30,GOV-DBT-001,ACC-000666,5750.00,DBT_DISBURSEMENT,APP-0001224
TXN-00000478,2024-12-13T15:35:46+05:30,ACC-002855,ACC-000201,577.00,ACCOUNT_TRANSFER,
TXN-00001549,2024-12-14T14:14:28+05:30,GOV-DBT-001,ACC-000068,3375.00,DBT_DISBURSEMENT,APP-0001345
TXN-00000616,2024-12-15T11:20:17+05:30,ACC-002486,ACC-002242,1063.00,ACCOUNT_TRANSFER,
TXN-00000403,2024-12-15T13:43:00+05:30,GOV-DBT-001,ACC-002778,28250.00,DBT_DISBURSEMENT,APP-0000222
TXN-00000236,2024-12-16T11:24:41+05:30,GOV-DBT-001,ACC-002169,10000.00,DBT_DISBURSEMENT,APP-0000606
TXN-00001125,2024-12-16T13:31:27+05:30,ACC-001586,ACC-000709,213.00,ACCOUNT_TRANSFER,
TXN-00000017,2024-12-16T13:49:42+05:30,GOV-DBT-001,ACC-000842,9750.00,DBT_DISBURSEMENT,APP-0000584
TXN-00000508,2024-12-17T10:58:52+05:30,GOV-DBT-001,ACC-001505,2000.00,DBT_DISBURSEMENT,APP-0001150
TXN-00000368,2024-12-17T11:11:13+05:30,ACC-001560,ACC-002530,138.00,ACCOUNT_TRANSFER,
TXN-00001303,2024-12-17T14:48:11+05:30,ACC-000771,ACC-000709,582.00,ACCOUNT_TRANSFER,
TXN-00000013,2024-12-17T14:50:29+05:30,GOV-DBT-001,ACC-002169,7750.00,DBT_DISBURSEMENT,APP-0001262
TXN-00001260,2024-12-18T11:06:04+05:30,ACC-001034,ACC-000156,2848.00,ACCOUNT_TRANSFER,
TXN-00000659,2024-12-18T13:20:48+05:30,GOV-DBT-001,ACC-002507,23750.00,DBT_DISBURSEMENT,APP-0000200
TXN-00000664,2024-12-19T14:29:10+05:30,GOV-DBT-001,ACC-001425,11750.00,DBT_DISBURSEMENT,APP-0000989
TXN-00001580,2024-12-20T10:48:52+05:30,GOV-DBT-001,ACC-001306,16625.00,DBT_DISBURSEMENT,APP-0000887
TXN-00001115,2024-12-21T13:22:32+05:30,GOV-DBT-001,ACC-000412,5250.00,DBT_DISBURSEMENT,APP-0000096
TXN-00000495,2024-12-21T15:45:19+05:30,GOV-DBT-001,ACC-000747,18750.00,DBT_DISBURSEMENT,APP-0000059
TXN-00000347,2024-12-21T15:48:13+05:30,ACC-001960,ACC-000698,981.00,ACCOUNT_TRANSFER,
TXN-00000209,2024-12-22T13:08:24+05:30,GOV-DBT-001,ACC-000243,35250.00,DBT_DISBURSEMENT,APP-0000233
TXN-00000473,2024-12-23T14:56:10+05:30,ACC-002503,ACC-002242,1168.00,ACCOUNT_TRANSFER,
TXN-00001403,2024-12-24T13:57:00+05:30,ACC-001524,ACC-000709,311.00,ACCOUNT_TRANSFER,
TXN-00000442,2024-12-26T13:14:57+05:30,GOV-DBT-001,ACC-000395,17750.00,DBT_DISBURSEMENT,APP-0000158
TXN-00001238,2024-12-27T14:04:01+05:30,GOV-DBT-001,ACC-001474,13250.00,DBT_DISBURSEMENT,APP-0001413
TXN-00001494,2024-12-27T15:54:47+05:30,GOV-DBT-001,ACC-002525,20250.00,DBT_DISBURSEMENT,APP-0000826
TXN-00001331,2025-01-01T11:07:46+05:30,GOV-DBT-001,ACC-000779,15875.00,DBT_DISBURSEMENT,APP-0000942
TXN-00000984,2025-01-02T12:26:55+05:30,GOV-DBT-001,ACC-001742,19250.00,DBT_DISBURSEMENT,APP-0001381
TXN-00000176,2025-01-06T14:11:52+05:30,ACC-000487,ACC-000156,686.00,ACCOUNT_TRANSFER,
TXN-00001315,2025-01-07T14:32:12+05:30,GOV-DBT-001,ACC-002112,12000.00,DBT_DISBURSEMENT,APP-0000212
TXN-00000480,2025-01-08T13:57:40+05:30,GOV-DBT-001,ACC-002447,4500.00,DBT_DISBURSEMENT,APP-0000979
TXN-00001474,2025-01-09T13:32:33+05:30,GOV-DBT-001,ACC-002181,5000.00,DBT_DISBURSEMENT,APP-0000172
TXN-00000834,2025-01-17T10:58:52+05:30,GOV-DBT-001,ACC-001505,2000.00,DBT_DISBURSEMENT,APP-0001150
TXN-00001504,2025-01-19T11:40:01+05:30,GOV-DBT-001,ACC-002968,16375.00,DBT_DISBURSEMENT,APP-0000433
TXN-00001289,2025-01-22T14:32:12+05:30,ACC-002112,ACC-002147,571.00,ACCOUNT_TRANSFER,
TXN-00000379,2025-01-30T10:19:02+05:30,GOV-DBT-001,ACC-000691,21375.00,DBT_DISBURSEMENT,APP-0000397
TXN-00001381,2025-08-03T14:16:38+05:30,GOV-DBT-001,ACC-002024,14000.00,DBT_DISBURSEMENT,APP-0000450
TXN-00000774,2025-08-06T14:16:38+05:30,ACC-002605,ACC-002024,725.00,ACCOUNT_TRANSFER,
TXN-00001001,2025-08-06T19:16:38+05:30,ACC-002024,ACC-002917,725.00,ACCOUNT_TRANSFER,
TXN-00000772,2025-08-07T00:16:38+05:30,ACC-002917,ACC-002605,725.00,ACCOUNT_TRANSFER,
TXN-00001426,2025-08-09T12:09:59+05:30,GOV-DBT-001,ACC-001675,27500.00,DBT_DISBURSEMENT,APP-0000124
TXN-00001244,2025-08-11T10:36:39+05:30,GOV-DBT-001,ACC-002038,8500.00,DBT_DISBURSEMENT,APP-0000141
TXN-00000006,2025-08-11T12:45:07+05:30,GOV-DBT-001,ACC-001014,8000.00,DBT_DISBURSEMENT,APP-0000672
TXN-00000183,2025-08-11T13:28:07+05:30,GOV-DBT-001,ACC-002948,28750.00,DBT_DISBURSEMENT,APP-0000668
TXN-00001222,2025-08-12T14:58:03+05:30,GOV-DBT-001,ACC-000564,14000.00,DBT_DISBURSEMENT,APP-0000701
TXN-00001522,2025-08-12T14:59:12+05:30,GOV-DBT-001,ACC-002991,51250.00,DBT_DISBURSEMENT,APP-0001220
TXN-00001306,2025-08-13T12:23:40+05:30,GOV-DBT-001,ACC-002035,5250.00,DBT_DISBURSEMENT,APP-0000848
TXN-00001277,2025-08-15T14:14:08+05:30,GOV-DBT-001,ACC-000864,9500.00,DBT_DISBURSEMENT,APP-0000609
TXN-00000714,2025-08-15T14:29:00+05:30,GOV-DBT-001,ACC-002298,28750.00,DBT_DISBURSEMENT,APP-0001025
TXN-00000556,2025-08-16T10:22:02+05:30,GOV-DBT-001,ACC-002035,14500.00,DBT_DISBURSEMENT,APP-0000786
TXN-00000428,2025-08-16T10:50:00+05:30,GOV-DBT-001,ACC-002764,10000.00,DBT_DISBURSEMENT,APP-0001145
TXN-00000573,2025-08-16T13:44:29+05:30,GOV-DBT-001,ACC-000783,14250.00,DBT_DISBURSEMENT,APP-0000419
TXN-00001099,2025-08-17T13:35:22+05:30,GOV-DBT-001,ACC-002091,4750.00,DBT_DISBURSEMENT,APP-0000715
TXN-00001320,2025-08-17T15:14:37+05:30,GOV-DBT-001,ACC-000015,51500.00,DBT_DISBURSEMENT,APP-0000893
TXN-00001343,2025-08-21T14:14:36+05:30,GOV-DBT-001,ACC-002012,10500.00,DBT_DISBURSEMENT,APP-0000440
TXN-00000150,2025-08-22T12:28:55+05:30,GOV-DBT-001,ACC-001673,38500.00,DBT_DISBURSEMENT,APP-0000561
TXN-00000794,2025-08-22T13:14:56+05:30,GOV-DBT-001,ACC-001039,17250.00,DBT_DISBURSEMENT,APP-0000982
TXN-00001437,2025-08-22T13:27:01+05:30,GOV-DBT-001,ACC-001750,4500.00,DBT_DISBURSEMENT,APP-0000372
TXN-00001487,2025-08-22T15:41:36+05:30,GOV-DBT-001,ACC-002002,13500.00,DBT_DISBURSEMENT,APP-0000863
TXN-00000094,2025-08-24T10:30:23+05:30,GOV-DBT-001,ACC-000683,48250.00,DBT_DISBURSEMENT,APP-0000430
TXN-00001227,2025-08-25T11:03:37+05:30,GOV-DBT-001,ACC-001094,24250.00,DBT_DISBURSEMENT,APP-0000519
TXN-00001459,2025-08-25T12:13:46+05:30,GOV-DBT-001,ACC-001556,9500.00,DBT_DISBURSEMENT,APP-0000784
TXN-00000499,2025-08-25T15:36:49+05:30,GOV-DBT-001,ACC-002080,15250.00,DBT_DISBURSEMENT,APP-0000800
TXN-00000535,2025-08-28T10:38:40+05:30,GOV-DBT-001,ACC-002344,24000.00,DBT_DISBURSEMENT,APP-0001115
TXN-00001566,2025-08-29T12:01:52+05:30,GOV-DBT-001,ACC-002739,17500.00,DBT_DISBURSEMENT,APP-0000569
TXN-00000860,2025-08-31T10:49:27+05:30,GOV-DBT-001,ACC-000773,18250.00,DBT_DISBURSEMENT,APP-0000362
TXN-00000748,2025-08-31T14:54:41+05:30,GOV-DBT-001,ACC-002834,8000.00,DBT_DISBURSEMENT,APP-0000275
TXN-00000524,2025-09-01T10:07:54+05:30,GOV-DBT-001,ACC-000065,14750.00,DBT_DISBURSEMENT,APP-0000085
TXN-00001293,2025-09-01T12:14:51+05:30,GOV-DBT-001,ACC-000573,23250.00,DBT_DISBURSEMENT,APP-0000368
TXN-00001062,2025-09-02T13:51:29+05:30,GOV-DBT-001,ACC-002604,8000.00,DBT_DISBURSEMENT,APP-0001074
TXN-00000130,2025-09-02T15:06:00+05:30,GOV-DBT-001,ACC-000787,18500.00,DBT_DISBURSEMENT,APP-0000291
TXN-00001358,2025-09-02T15:14:37+05:30,ACC-000015,ACC-000201,953.00,ACCOUNT_TRANSFER,
TXN-00001337,2025-09-02T15:24:15+05:30,GOV-DBT-001,ACC-002535,13500.00,DBT_DISBURSEMENT,APP-0000815
TXN-00000829,2025-09-02T15:24:57+05:30,GOV-DBT-001,ACC-002621,19250.00,DBT_DISBURSEMENT,APP-0000378
TXN-00000868,2025-09-03T14:49:04+05:30,GOV-DBT-001,ACC-000522,17500.00,DBT_DISBURSEMENT,APP-0000489
TXN-00001488,2025-09-03T14:58:58+05:30,GOV-DBT-001,ACC-001387,27250.00,DBT_DISBURSEMENT,APP-0000472
TXN-00001346,2025-09-04T10:29:15+05:30,GOV-DBT-001,ACC-001146,5250.00,DBT_DISBURSEMENT,APP-0001405
TXN-00000472,2025-09-04T11:39:18+05:30,GOV-DBT-001,ACC-001832,4750.00,DBT_DISBURSEMENT,APP-0000276
TXN-00000592,2025-09-04T14:44:35+05:30,GOV-DBT-001,ACC-001305,9500.00,DBT_DISBURSEMENT,APP-0000802
TXN-00001295,2025-09-04T15:46:35+05:30,GOV-DBT-001,ACC-000919,24000.00,DBT_DISBURSEMENT,APP-0000809
TXN-00001391,2025-09-05T10:47:59+05:30,GOV-DBT-001,ACC-000248,28500.00,DBT_DISBURSEMENT,APP-0000900
TXN-00000550,2025-09-05T11:44:31+05:30,GOV-DBT-001,ACC-001481,18750.00,DBT_DISBURSEMENT,APP-0000608
TXN-00001191,2025-09-05T12:57:01+05:30,GOV-DBT-001,ACC-002962,4875.00,DBT_DISBURSEMENT,APP-0000709
TXN-00000622,2025-09-06T13:04:54+05:30,GOV-DBT-001,ACC-002871,4875.00,DBT_DISBURSEMENT,APP-0001083
TXN-00000273,2025-09-07T10:03:47+05:30,GOV-DBT-001,ACC-002933,17000.00,DBT_DISBURSEMENT,APP-0000653
TXN-00001194,2025-09-07T12:25:52+05:30,GOV-DBT-001,ACC-001639,36250.00,DBT_DISBURSEMENT,APP-0000282
TXN-00000738,2025-09-07T13:01:06+05:30,GOV-DBT-001,ACC-002132,10500.00,DBT_DISBURSEMENT,APP-0000952
TXN-00001546,2025-09-07T13:36:20+05:30,GOV-DBT-001,ACC-002442,3750.00,DBT_DISBURSEMENT,APP-0000613
TXN-00001298,2025-09-07T15:18:56+05:30,GOV-DBT-001,ACC-000993,34000.00,DBT_DISBURSEMENT,APP-0000341
TXN-00000944,2025-09-08T11:56:32+05:30,GOV-DBT-001,ACC-002372,7250.00,DBT_DISBURSEMENT,APP-0001149
TXN-00001554,2025-09-08T12:44:03+05:30,GOV-DBT-001,ACC-002202,38000.00,DBT_DISBURSEMENT,APP-0000128
TXN-00000337,2025-09-08T13:00:17+05:30,GOV-DBT-001,ACC-000356,26250.00,DBT_DISBURSEMENT,APP-0001256
TXN-00001378,2025-09-08T14:05:41+05:30,GOV-DBT-001,ACC-001932,28750.00,DBT_DISBURSEMENT,APP-0001130
TXN-00001342,2025-09-08T14:22:26+05:30,GOV-DBT-001,ACC-002088,18250.00,DBT_DISBURSEMENT,APP-0001371
TXN-00001032,2025-09-09T10:06:54+05:30,GOV-DBT-001,ACC-000096,5500.00,DBT_DISBURSEMENT,APP-0000314
TXN-00000405,2025-09-09T10:56:47+05:30,GOV-DBT-001,ACC-002125,10000.00,DBT_DISBURSEMENT,APP-0000534
TXN-00001031,2025-09-09T13:35:22+05:30,ACC-002091,ACC-000201,200.00,ACCOUNT_TRANSFER,
TXN-00000831,2025-09-09T14:47:21+05:30,GOV-DBT-001,ACC-002871,13000.00,DBT_DISBURSEMENT,APP-0001240
TXN-00000589,2025-09-10T12:51:08+05:30,GOV-DBT-001,ACC-001888,5250.00,DBT_DISBURSEMENT,APP-0000058
TXN-00001479,2025-09-11T10:38:40+05:30,ACC-002344,ACC-000476,1438.00,ACCOUNT_TRANSFER,
TXN-00001106,2025-09-11T11:40:33+05:30,GOV-DBT-001,ACC-001924,6500.00,DBT_DISBURSEMENT,APP-0001331
TXN-00001476,2025-09-11T12:07:41+05:30,GOV-DBT-001,ACC-000498,10750.00,DBT_DISBURSEMENT,APP-0001212
TXN-00000942,2025-09-11T12:30:49+05:30,GOV-DBT-001,ACC-001203,8250.00,DBT_DISBURSEMENT,APP-0000187
TXN-00000836,2025-09-11T15:23:08+05:30,GOV-DBT-001,ACC-001387,15500.00,DBT_DISBURSEMENT,APP-0000290
TXN-00001200,2025-09-12T11:52:28+05:30,GOV-DBT-001,ACC-000460,7500.00,DBT_DISBURSEMENT,APP-0000573
TXN-00000029,2025-09-12T12:00:40+05:30,GOV-DBT-001,ACC-002037,17750.00,DBT_DISBURSEMENT,APP-0001204
TXN-00001251,2025-09-12T14:57:23+05:30,GOV-DBT-001,ACC-002066,28500.00,DBT_DISBURSEMENT,APP-0000466
TXN-00001212,2025-09-12T15:00:54+05:30,GOV-DBT-001,ACC-000591,16750.00,DBT_DISBURSEMENT,APP-0000629
TXN-00000692,2025-09-12T15:46:35+05:30,ACC-000919,ACC-002530,1308.00,ACCOUNT_TRANSFER,
TXN-00000847,2025-09-13T10:29:15+05:30,ACC-001146,ACC-000476,1215.00,ACCOUNT_TRANSFER,
TXN-00001420,2025-09-13T10:38:10+05:30,GOV-DBT-001,ACC-000882,3750.00,DBT_DISBURSEMENT,APP-0000792
TXN-00000821,2025-09-14T11:13:11+05:30,GOV-DBT-001,ACC-001667,8000.00,DBT_DISBURSEMENT,APP-0000830
TXN-00000068,2025-09-15T10:07:54+05:30,ACC-000065,ACC-000156,1114.00,ACCOUNT_TRANSFER,
TXN-00000921,2025-09-15T11:24:14+05:30,GOV-DBT-001,ACC-000232,12750.00,DBT_DISBURSEMENT,APP-0000082
TXN-00001432,2025-09-15T12:28:47+05:30,GOV-DBT-001,ACC-002244,15500.00,DBT_DISBURSEMENT,APP-0000104
TXN-00000427,2025-09-15T15:39:25+05:30,GOV-DBT-001,ACC-001096,7750.00,DBT_DISBURSEMENT,APP-0000093
TXN-00001509,2025-09-17T11:03:06+05:30,GOV-DBT-001,ACC-001342,22000.00,DBT_DISBURSEMENT,APP-0000020
TXN-00000961,2025-09-17T11:53:32+05:30,GOV-DBT-001,ACC-000153,27500.00,DBT_DISBURSEMENT,APP-0000179
TXN-00000697,2025-09-17T14:37:05+05:30,GOV-DBT-001,ACC-000196,6750.00,DBT_DISBURSEMENT,APP-0001052
TXN-00000922,2025-09-17T15:38:02+05:30,GOV-DBT-001,ACC-000439,46250.00,DBT_DISBURSEMENT,APP-0000603
TXN-00000320,2025-09-18T10:59:12+05:30,GOV-DBT-001,ACC-002698,37500.00,DBT_DISBURSEMENT,APP-0000684
TXN-00001096,2025-09-18T11:12:17+05:30,GOV-DBT-001,ACC-002994,8875.00,DBT_DISBURSEMENT,APP-0000673
TXN-00001312,2025-09-18T13:04:03+05:30,GOV-DBT-001,ACC-001632,19750.00,DBT_DISBURSEMENT,APP-0000586
TXN-00000109,2025-09-18T13:15:11+05:30,GOV-DBT-001,ACC-001807,43000.00,DBT_DISBURSEMENT,APP-0000873
TXN-00000237,2025-09-18T13:30:35+05:30,GOV-DBT-001,ACC-002521,17500.00,DBT_DISBURSEMENT,APP-0001419
TXN-00001370,2025-09-18T14:47:20+05:30,GOV-DBT-001,ACC-001838,4250.00,DBT_DISBURSEMENT,APP-0000408
TXN-00000737,2025-09-18T15:24:57+05:30,ACC-002621,ACC-002530,973.00,ACCOUNT_TRANSFER,
TXN-00001181,2025-09-19T11:34:24+05:30,GOV-DBT-001,ACC-001918,15500.00,DBT_DISBURSEMENT,APP-0001275
TXN-00000883,2025-09-19T14:24:30+05:30,GOV-DBT-001,ACC-000421,14500.00,DBT_DISBURSEMENT,APP-0000147
TXN-00000548,2025-09-19T15:54:08+05:30,GOV-DBT-001,ACC-002060,7750.00,DBT_DISBURSEMENT,APP-0001243
TXN-00001434,2025-09-20T10:40:33+05:30,GOV-DBT-001,ACC-001073,17750.00,DBT_DISBURSEMENT,APP-0000980
TXN-00000797,2025-09-20T13:01:06+05:30,ACC-002132,ACC-000201,1710.00,ACCOUNT_TRANSFER,
TXN-00000078,2025-09-20T14:24:28+05:30,GOV-DBT-001,ACC-001984,17250.00,DBT_DISBURSEMENT,APP-0000838
TXN-00001394,2025-09-21T10:29:07+05:30,GOV-DBT-001,ACC-001812,7000.00,DBT_DISBURSEMENT,APP-0000203
TXN-00000248,2025-09-21T10:36:39+05:30,GOV-DBT-001,ACC-002038,8500.00,DBT_DISBURSEMENT,APP-0000141
TXN-00000213,2025-09-21T11:08:39+05:30,GOV-DBT-001,ACC-002533,9250.00,DBT_DISBURSEMENT,APP-0000229
TXN-00000725,2025-09-21T15:07:48+05:30,GOV-DBT-001,ACC-002384,21250.00,DBT_DISBURSEMENT,APP-0000595
TXN-00000172,2025-09-21T15:52:55+05:30,GOV-DBT-001,ACC-001742,7500.00,DBT_DISBURSEMENT,APP-0000522
TXN-00000800,2025-09-22T12:44:03+05:30,ACC-002202,ACC-002242,693.00,ACCOUNT_TRANSFER,
TXN-00000040,2025-09-22T14:30:39+05:30,GOV-DBT-001,ACC-000610,25250.00,DBT_DISBURSEMENT,APP-0000877
TXN-00000539,2025-09-23T14:05:41+05:30,ACC-001932,ACC-000709,952.00,ACCOUNT_TRANSFER,
TXN-00000341,2025-09-23T14:16:09+05:30,GOV-DBT-001,ACC-000994,11750.00,DBT_DISBURSEMENT,APP-0000566
TXN-00000266,2025-09-25T10:56:27+05:30,GOV-DBT-001,ACC-002849,9750.00,DBT_DISBURSEMENT,APP-0000955
TXN-00000771,2025-09-25T11:42:39+05:30,GOV-DBT-001,ACC-002697,8500.00,DBT_DISBURSEMENT,APP-0001399
TXN-00001417,2025-09-25T12:19:31+05:30,GOV-DBT-001,ACC-002558,10750.00,DBT_DISBURSEMENT,APP-0001414
TXN-00001540,2025-09-25T13:16:59+05:30,GOV-DBT-001,ACC-000212,52500.00,DBT_DISBURSEMENT,APP-0000596
TXN-00000214,2025-09-25T13:46:30+05:30,GOV-DBT-001,ACC-001381,45000.00,DBT_DISBURSEMENT,APP-0000347
TXN-00000447,2025-09-26T12:14:41+05:30,GOV-DBT-001,ACC-000792,12250.00,DBT_DISBURSEMENT,APP-0000409
TXN-00000117,2025-09-26T15:17:39+05:30,GOV-DBT-001,ACC-000498,29250.00,DBT_DISBURSEMENT,APP-0001233
TXN-00000395,2025-09-27T11:43:07+05:30,GOV-DBT-001,ACC-001964,14500.00,DBT_DISBURSEMENT,APP-0000231
TXN-00000429,2025-09-27T12:09:47+05:30,GOV-DBT-001,ACC-001204,18000.00,DBT_DISBURSEMENT,APP-0001337
TXN-00000264,2025-09-27T13:02:59+05:30,GOV-DBT-001,ACC-002209,18500.00,DBT_DISBURSEMENT,APP-0000932
TXN-00000294,2025-09-27T15:15:07+05:30,GOV-DBT-001,ACC-000232,14000.00,DBT_DISBURSEMENT,APP-0000850
TXN-00001297,2025-09-28T11:02:00+05:30,GOV-DBT-001,ACC-002038,9250.00,DBT_DISBURSEMENT,APP-0001308
TXN-00001584,2025-09-28T11:49:22+05:30,GOV-DBT-001,ACC-001118,7250.00,DBT_DISBURSEMENT,APP-0001218
TXN-00000865,2025-09-28T11:52:26+05:30,GOV-DBT-001,ACC-000367,4250.00,DBT_DISBURSEMENT,APP-0000889
TXN-00001560,2025-09-28T13:49:21+05:30,GOV-DBT-001,ACC-001364,29500.00,DBT_DISBURSEMENT,APP-0001407
TXN-00001111,2025-09-28T14:21:17+05:30,GOV-DBT-001,ACC-000792,26250.00,DBT_DISBURSEMENT,APP-0001165
TXN-00000305,2025-09-28T14:31:40+05:30,GOV-DBT-001,ACC-000228,12500.00,DBT_DISBURSEMENT,APP-0000571
TXN-00000663,2025-09-29T12:06:13+05:30,GOV-DBT-001,ACC-002875,58000.00,DBT_DISBURSEMENT,APP-0000903
TXN-00000060,2025-09-29T13:28:50+05:30,GOV-DBT-001,ACC-002468,19000.00,DBT_DISBURSEMENT,APP-0000883
TXN-00001465,2025-09-29T15:07:48+05:30,ACC-002384,ACC-000476,401.00,ACCOUNT_TRANSFER,
TXN-00000304,2025-09-30T11:56:18+05:30,GOV-DBT-001,ACC-001558,26750.00,DBT_DISBURSEMENT,APP-0000416
TXN-00001348,2025-09-30T12:35:30+05:30,GOV-DBT-001,ACC-002229,16250.00,DBT_DISBURSEMENT,APP-0000685
TXN-00000997,2025-09-30T15:49:28+05:30,GOV-DBT-001,ACC-000694,18750.00,DBT_DISBURSEMENT,APP-0000831
TXN-00001339,2025-10-01T10:17:34+05:30,GOV-DBT-001,ACC-002324,17250.00,DBT_DISBURSEMENT,APP-0000599
TXN-00001324,2025-10-01T12:38:22+05:30,GOV-DBT-001,ACC-001473,8875.00,DBT_DISBURSEMENT,APP-0000765
TXN-00001498,2025-10-01T12:53:06+05:30,GOV-DBT-001,ACC-001381,14750.00,DBT_DISBURSEMENT,APP-0000414
TXN-00000018,2025-10-01T15:05:34+05:30,GOV-DBT-001,ACC-002229,6000.00,DBT_DISBURSEMENT,APP-0000427
TXN-00001094,2025-10-02T11:37:23+05:30,GOV-DBT-001,ACC-002663,36000.00,DBT_DISBURSEMENT,APP-0000521
TXN-00001442,2025-10-02T15:31:04+05:30,GOV-DBT-001,ACC-000792,7000.00,DBT_DISBURSEMENT,APP-0001436
TXN-00001357,2025-10-03T11:42:39+05:30,ACC-002697,ACC-002242,179.00,ACCOUNT_TRANSFER,
TXN-00000684,2025-10-03T13:27:01+05:30,GOV-DBT-001,ACC-001750,4500.00,DBT_DISBURSEMENT,APP-0000372
TXN-00001323,2025-10-03T14:04:16+05:30,GOV-DBT-001,ACC-002738,24750.00,DBT_DISBURSEMENT,APP-0001022
TXN-00001072,2025-10-04T11:41:23+05:30,GOV-DBT-001,ACC-001572,6750.00,DBT_DISBURSEMENT,APP-0000808
TXN-00000537,2025-10-04T13:04:54+05:30,GOV-DBT-001,ACC-002871,4875.00,DBT_DISBURSEMENT,APP-0001083
TXN-00000668,2025-10-05T10:29:07+05:30,ACC-001812,ACC-002530,260.00,ACCOUNT_TRANSFER,
TXN-00000283,2025-10-05T11:28:26+05:30,GOV-DBT-001,ACC-002457,19750.00,DBT_DISBURSEMENT,APP-0000336
TXN-00000933,2025-10-06T11:43:10+05:30,GOV-DBT-001,ACC-002975,7000.00,DBT_DISBURSEMENT,APP-0000502
TXN-00000991,2025-10-06T13:30:35+05:30,ACC-002521,ACC-000709,871.00,ACCOUNT_TRANSFER,
TXN-00000806,2025-10-06T15:52:55+05:30,ACC-001742,ACC-002242,1049.00,ACCOUNT_TRANSFER,
TXN-00001190,2025-10-07T10:20:06+05:30,GOV-DBT-001,ACC-001120,11250.00,DBT_DISBURSEMENT,APP-0000449
TXN-00000651,2025-10-07T11:55:21+05:30,GOV-DBT-001,ACC-002970,21500.00,DBT_DISBURSEMENT,APP-0001395
TXN-00001280,2025-10-07T12:16:41+05:30,GOV-DBT-001,ACC-002958,21000.00,DBT_DISBURSEMENT,APP-0000392
TXN-00001553,2025-10-07T15:19:47+05:30,GOV-DBT-001,ACC-000926,42000.00,DBT_DISBURSEMENT,APP-0000905
TXN-00000477,2025-10-07T15:25:48+05:30,GOV-DBT-001,ACC-001980,8750.00,DBT_DISBURSEMENT,APP-0000429
TXN-00000808,2025-10-08T10:28:57+05:30,GOV-DBT-001,ACC-002102,13000.00,DBT_DISBURSEMENT,APP-0000410
TXN-00000372,2025-10-08T11:56:18+05:30,ACC-001558,ACC-002242,1388.00,ACCOUNT_TRANSFER,
TXN-00001006,2025-10-08T11:57:25+05:30,GOV-DBT-001,ACC-002348,30000.00,DBT_DISBURSEMENT,APP-0001121
TXN-00001049,2025-10-08T12:32:35+05:30,GOV-DBT-001,ACC-001956,8500.00,DBT_DISBURSEMENT,APP-0001319
TXN-00000632,2025-10-08T12:42:35+05:30,GOV-DBT-001,ACC-000078,24750.00,DBT_DISBURSEMENT,APP-0001035
TXN-00000105,2025-10-09T10:23:36+05:30,GOV-DBT-001,ACC-002722,26625.00,DBT_DISBURSEMENT,APP-0000094
TXN-00000281,2025-10-09T11:34:24+05:30,ACC-001918,ACC-000476,853.00,ACCOUNT_TRANSFER,
TXN-00000543,2025-10-09T12:17:20+05:30,GOV-DBT-001,ACC-002692,6750.00,DBT_DISBURSEMENT,APP-0001135
TXN-00000624,2025-10-09T13:15:11+05:30,ACC-001807,ACC-000156,2176.00,ACCOUNT_TRANSFER,
TXN-00000968,2025-10-10T10:28:57+05:30,ACC-000230,ACC-001996,2800.00,ACCOUNT_TRANSFER,
TXN-00000526,2025-10-10T10:29:57+05:30,ACC-001711,ACC-001996,2362.00,ACCOUNT_TRANSFER,
TXN-00000386,2025-10-10T10:30:57+05:30,ACC-001802,ACC-001996,19512.00,ACCOUNT_TRANSFER,
TXN-00000033,2025-10-10T10:31:57+05:30,ACC-001824,ACC-001996,12687.00,ACCOUNT_TRANSFER,
TXN-00001114,2025-10-10T10:32:57+05:30,ACC-002102,ACC-001996,4550.00,ACCOUNT_TRANSFER,
TXN-00000656,2025-10-10T10:33:57+05:30,ACC-002257,ACC-001996,6475.00,ACCOUNT_TRANSFER,
TXN-00000169,2025-10-10T10:34:57+05:30,ACC-002515,ACC-001996,3500.00,ACCOUNT_TRANSFER,
TXN-00000751,2025-10-10T10:35:57+05:30,ACC-002564,ACC-001996,3500.00,ACCOUNT_TRANSFER,
TXN-00000240,2025-10-10T13:34:47+05:30,GOV-DBT-001,ACC-002123,13500.00,DBT_DISBURSEMENT,APP-0001030
TXN-00000016,2025-10-10T14:00:33+05:30,GOV-DBT-001,ACC-001696,9750.00,DBT_DISBURSEMENT,APP-0000855
TXN-00000993,2025-10-10T14:04:07+05:30,GOV-DBT-001,ACC-002372,16250.00,DBT_DISBURSEMENT,APP-0001085
TXN-00001537,2025-10-10T14:55:06+05:30,GOV-DBT-001,ACC-001739,16500.00,DBT_DISBURSEMENT,APP-0001377
TXN-00000608,2025-10-11T15:05:34+05:30,ACC-002229,ACC-000476,446.00,ACCOUNT_TRANSFER,
TXN-00001395,2025-10-12T14:32:58+05:30,GOV-DBT-001,ACC-002149,3750.00,DBT_DISBURSEMENT,APP-0000683
TXN-00001309,2025-10-12T14:53:12+05:30,GOV-DBT-001,ACC-001641,25000.00,DBT_DISBURSEMENT,APP-0000157
TXN-00001073,2025-10-13T10:51:17+05:30,GOV-DBT-001,ACC-002589,24250.00,DBT_DISBURSEMENT,APP-0000235
TXN-00001373,2025-10-13T11:52:59+05:30,GOV-DBT-001,ACC-001531,18250.00,DBT_DISBURSEMENT,APP-0000081
TXN-00001178,2025-10-13T12:28:14+05:30,GOV-DBT-001,ACC-001460,11250.00,DBT_DISBURSEMENT,APP-0001296
TXN-00001367,2025-10-13T12:30:12+05:30,GOV-DBT-001,ACC-002059,8750.00,DBT_DISBURSEMENT,APP-0000069
TXN-00000770,2025-10-13T13:16:59+05:30,ACC-000212,ACC-000709,2745.00,ACCOUNT_TRANSFER,
TXN-00001063,2025-10-14T11:27:28+05:30,GOV-DBT-001,ACC-001541,12625.00,DBT_DISBURSEMENT,APP-0000150
TXN-00001014,2025-10-14T11:37:23+05:30,ACC-002663,ACC-002242,1497.00,ACCOUNT_TRANSFER,
TXN-00000745,2025-10-14T12:48:52+05:30,GOV-DBT-001,ACC-002408,28250.00,DBT_DISBURSEMENT,APP-0000737
TXN-00001161,2025-10-15T11:33:50+05:30,GOV-DBT-001,ACC-000797,42750.00,DBT_DISBURSEMENT,APP-0000381
TXN-00001236,2025-10-15T13:33:46+05:30,GOV-DBT-001,ACC-002040,6000.00,DBT_DISBURSEMENT,APP-0001402
TXN-00000108,2025-10-15T14:04:16+05:30,ACC-002738,ACC-000709,1739.00,ACCOUNT_TRANSFER,
TXN-00000433,2025-10-15T14:56:40+05:30,GOV-DBT-001,ACC-001746,16750.00,DBT_DISBURSEMENT,APP-0001136
TXN-00000897,2025-10-16T13:14:14+05:30,GOV-DBT-001,ACC-002375,13000.00,DBT_DISBURSEMENT,APP-0000023
TXN-00001355,2025-10-16T13:15:41+05:30,GOV-DBT-001,ACC-002698,8750.00,DBT_DISBURSEMENT,APP-0001096
TXN-00000218,2025-10-17T11:12:17+05:30,GOV-DBT-001,ACC-002994,8875.00,DBT_DISBURSEMENT,APP-0000673
TXN-00000687,2025-10-17T12:56:30+05:30,GOV-DBT-001,ACC-002948,18500.00,DBT_DISBURSEMENT,APP-0000545
TXN-00001586,2025-10-18T13:07:07+05:30,GOV-DBT-001,ACC-002643,4500.00,DBT_DISBURSEMENT,APP-0001360
TXN-00000402,2025-10-18T15:32:00+05:30,GOV-DBT-001,ACC-001164,9500.00,DBT_DISBURSEMENT,APP-0000884
TXN-00000910,2025-10-19T10:13:52+05:30,GOV-DBT-001,ACC-002813,39500.00,DBT_DISBURSEMENT,APP-0001006
TXN-00001517,2025-10-19T14:55:04+05:30,GOV-DBT-001,ACC-002049,13500.00,DBT_DISBURSEMENT,APP-0000619
TXN-00000008,2025-10-19T15:44:25+05:30,GOV-DBT-001,ACC-002696,26250.00,DBT_DISBURSEMENT,APP-0000112
TXN-00000843,2025-10-20T10:17:53+05:30,GOV-DBT-001,ACC-000514,21750.00,DBT_DISBURSEMENT,APP-0000512
TXN-00001396,2025-10-20T13:07:31+05:30,GOV-DBT-001,ACC-000022,23500.00,DBT_DISBURSEMENT,APP-0000866
TXN-00001326,2025-10-20T13:12:37+05:30,GOV-DBT-001,ACC-000152,23250.00,DBT_DISBURSEMENT,APP-0001388
TXN-00001453,2025-10-20T13:38:35+05:30,GOV-DBT-001,ACC-002121,18500.00,DBT_DISBURSEMENT,APP-0001257
TXN-00001171,2025-10-20T15:06:54+05:30,GOV-DBT-001,ACC-000889,20250.00,DBT_DISBURSEMENT,APP-0001442
TXN-00001444,2025-10-21T11:49:22+05:30,ACC-001118,ACC-002147,295.00,ACCOUNT_TRANSFER,
TXN-00001316,2025-10-22T14:05:55+05:30,GOV-DBT-001,ACC-001832,7250.00,DBT_DISBURSEMENT,APP-0001011
TXN-00000238,2025-10-23T10:47:09+05:30,GOV-DBT-001,ACC-002581,9750.00,DBT_DISBURSEMENT,APP-0000994
TXN-00000392,2025-10-23T13:34:47+05:30,ACC-002123,ACC-000698,1215.00,ACCOUNT_TRANSFER,
TXN-00001512,2025-10-23T13:57:14+05:30,GOV-DBT-001,ACC-001364,22750.00,DBT_DISBURSEMENT,APP-0000663
TXN-00000097,2025-10-24T13:21:48+05:30,GOV-DBT-001,ACC-002698,7500.00,DBT_DISBURSEMENT,APP-0000562
TXN-00001543,2025-10-24T14:29:54+05:30,GOV-DBT-001,ACC-000169,12250.00,DBT_DISBURSEMENT,APP-0000605
TXN-00000717,2025-10-24T14:33:24+05:30,GOV-DBT-001,ACC-000153,4250.00,DBT_DISBURSEMENT,APP-0000908
TXN-00000937,2025-10-24T15:44:35+05:30,GOV-DBT-001,ACC-002434,38250.00,DBT_DISBURSEMENT,APP-0000245
TXN-00000916,2025-10-25T10:35:00+05:30,GOV-DBT-001,ACC-001170,54000.00,DBT_DISBURSEMENT,APP-0000803
TXN-00000267,2025-10-25T10:55:41+05:30,GOV-DBT-001,ACC-001984,5750.00,DBT_DISBURSEMENT,APP-0000014
TXN-00000296,2025-10-25T11:31:36+05:30,GOV-DBT-001,ACC-002395,14000.00,DBT_DISBURSEMENT,APP-0000015
TXN-00000224,2025-10-25T11:53:23+05:30,GOV-DBT-001,ACC-001073,8250.00,DBT_DISBURSEMENT,APP-0000316
TXN-00001261,2025-10-25T12:56:30+05:30,ACC-002948,ACC-000201,1412.00,ACCOUNT_TRANSFER,
TXN-00000470,2025-10-25T15:13:53+05:30,GOV-DBT-001,ACC-001210,12500.00,DBT_DISBURSEMENT,APP-0000021
TXN-00000190,2025-10-26T10:12:31+05:30,GOV-DBT-001,ACC-000253,12750.00,DBT_DISBURSEMENT,APP-0000657
TXN-00001086,2025-10-26T11:32:14+05:30,GOV-DBT-001,ACC-002066,15750.00,DBT_DISBURSEMENT,APP-0000389
TXN-00000885,2025-10-26T12:57:01+05:30,GOV-DBT-001,ACC-002962,4875.00,DBT_DISBURSEMENT,APP-0000709
TXN-00000578,2025-10-26T14:53:30+05:30,GOV-DBT-001,ACC-002298,4375.00,DBT_DISBURSEMENT,APP-0000476
TXN-00001392,2025-10-26T15:17:06+05:30,GOV-DBT-001,ACC-000180,27000.00,DBT_DISBURSEMENT,APP-0001226
TXN-00000231,2025-10-27T11:56:46+05:30,GOV-DBT-001,ACC-002169,28750.00,DBT_DISBURSEMENT,APP-0000616
TXN-00000156,2025-10-27T13:15:43+05:30,GOV-DBT-001,ACC-001096,20250.00,DBT_DISBURSEMENT,APP-0000529
TXN-00000779,2025-10-27T13:53:17+05:30,GOV-DBT-001,ACC-001966,11500.00,DBT_DISBURSEMENT,APP-0000349
TXN-00001533,2025-10-27T14:41:54+05:30,GOV-DBT-001,ACC-002058,36750.00,DBT_DISBURSEMENT,APP-0001050
TXN-00000540,2025-10-27T15:50:12+05:30,GOV-DBT-001,ACC-001067,7500.00,DBT_DISBURSEMENT,APP-0000277
TXN-00000321,2025-10-28T12:48:52+05:30,ACC-002408,ACC-000201,856.00,ACCOUNT_TRANSFER,
TXN-00001329,2025-10-28T13:20:26+05:30,GOV-DBT-001,ACC-000714,13750.00,DBT_DISBURSEMENT,APP-0001008
TXN-00000162,2025-10-28T13:38:41+05:30,GOV-DBT-001,ACC-000792,5500.00,DBT_DISBURSEMENT,APP-0001247
TXN-00001292,2025-10-28T13:53:28+05:30,GOV-DBT-001,ACC-002038,33750.00,DBT_DISBURSEMENT,APP-0001372
TXN-00000971,2025-10-30T10:51:39+05:30,GOV-DBT-001,ACC-001798,14750.00,DBT_DISBURSEMENT,APP-0000165
TXN-00000216,2025-10-30T13:15:36+05:30,GOV-DBT-001,ACC-002849,28250.00,DBT_DISBURSEMENT,APP-0000457
TXN-00000973,2025-10-30T13:28:50+05:30,GOV-DBT-001,ACC-002468,19000.00,DBT_DISBURSEMENT,APP-0000883
TXN-00001582,2025-10-30T14:00:14+05:30,GOV-DBT-001,ACC-001210,10500.00,DBT_DISBURSEMENT,APP-0001019
TXN-00000675,2025-10-31T10:16:31+05:30,GOV-DBT-001,ACC-001171,38000.00,DBT_DISBURSEMENT,APP-0001064
TXN-00000884,2025-10-31T10:50:38+05:30,GOV-DBT-001,ACC-002720,2125.00,DBT_DISBURSEMENT,APP-0000770
TXN-00000201,2025-11-01T11:01:34+05:30,GOV-DBT-001,ACC-001185,4000.00,DBT_DISBURSEMENT,APP-0000973
TXN-00001150,2025-11-01T13:07:31+05:30,ACC-000022,ACC-000698,570.00,ACCOUNT_TRANSFER,
TXN-00001478,2025-11-01T13:23:19+05:30,GOV-DBT-001,ACC-002088,16500.00,DBT_DISBURSEMENT,APP-0000958
TXN-00001458,2025-11-01T14:33:08+05:30,GOV-DBT-001,ACC-000315,3000.00,DBT_DISBURSEMENT,APP-0000049
TXN-00000653,2025-11-02T11:10:36+05:30,GOV-DBT-001,ACC-000563,3000.00,DBT_DISBURSEMENT,APP-0000076
TXN-00001508,2025-11-02T12:02:46+05:30,GOV-DBT-001,ACC-000096,13250.00,DBT_DISBURSEMENT,APP-0000246
TXN-00000907,2025-11-02T12:17:20+05:30,GOV-DBT-001,ACC-002692,6750.00,DBT_DISBURSEMENT,APP-0001135
TXN-00000366,2025-11-02T12:24:50+05:30,GOV-DBT-001,ACC-002507,32750.00,DBT_DISBURSEMENT,APP-0001118
TXN-00001040,2025-11-02T13:26:49+05:30,GOV-DBT-001,ACC-000069,31500.00,DBT_DISBURSEMENT,APP-0000360
TXN-00000764,2025-11-02T15:06:54+05:30,ACC-000889,ACC-000156,1068.00,ACCOUNT_TRANSFER,
TXN-00000509,2025-11-02T15:42:16+05:30,GOV-DBT-001,ACC-002355,18250.00,DBT_DISBURSEMENT,APP-0000340
TXN-00000426,2025-11-03T13:38:35+05:30,ACC-002121,ACC-002530,2201.00,ACCOUNT_TRANSFER,
TXN-00000340,2025-11-03T14:04:07+05:30,ACC-002372,ACC-002147,549.00,ACCOUNT_TRANSFER,
TXN-00001148,2025-11-04T11:04:11+05:30,GOV-DBT-001,ACC-002182,24750.00,DBT_DISBURSEMENT,APP-0001082
TXN-00000671,2025-11-04T12:06:44+05:30,GOV-DBT-001,ACC-002199,38500.00,DBT_DISBURSEMENT,APP-0000215
TXN-00000837,2025-11-04T13:14:20+05:30,GOV-DBT-001,ACC-002716,12000.00,DBT_DISBURSEMENT,APP-0001185
TXN-00000657,2025-11-04T14:29:39+05:30,GOV-DBT-001,ACC-002098,7500.00,DBT_DISBURSEMENT,APP-0000041
TXN-00001165,2025-11-04T14:31:27+05:30,GOV-DBT-001,ACC-000439,3250.00,DBT_DISBURSEMENT,APP-0000177
TXN-00001182,2025-11-05T13:15:42+05:30,GOV-DBT-001,ACC-001798,4250.00,DBT_DISBURSEMENT,APP-0001236
TXN-00000655,2025-11-05T15:46:43+05:30,GOV-DBT-001,ACC-001387,9750.00,DBT_DISBURSEMENT,APP-0000432
TXN-00000588,2025-11-06T10:35:40+05:30,GOV-DBT-001,ACC-001736,15000.00,DBT_DISBURSEMENT,APP-0001260
TXN-00000137,2025-11-06T10:47:09+05:30,ACC-002581,ACC-000709,493.00,ACCOUNT_TRANSFER,
TXN-00001048,2025-11-06T10:56:20+05:30,GOV-DBT-001,ACC-001177,18000.00,DBT_DISBURSEMENT,APP-0000704
TXN-00000090,2025-11-06T15:03:45+05:30,GOV-DBT-001,ACC-001210,55250.00,DBT_DISBURSEMENT,APP-0000048
TXN-00000638,2025-11-06T15:34:01+05:30,GOV-DBT-001,ACC-001935,14750.00,DBT_DISBURSEMENT,APP-0001088
TXN-00000463,2025-11-07T11:59:39+05:30,GOV-DBT-001,ACC-002695,28000.00,DBT_DISBURSEMENT,APP-0000181
TXN-00000118,2025-11-07T12:45:10+05:30,GOV-DBT-001,ACC-001402,5250.00,DBT_DISBURSEMENT,APP-0000010
TXN-00000928,2025-11-07T13:46:35+05:30,GOV-DBT-001,ACC-002969,1500.00,DBT_DISBURSEMENT,APP-0001002
TXN-00000182,2025-11-07T14:01:07+05:30,GOV-DBT-001,ACC-002479,11500.00,DBT_DISBURSEMENT,APP-0000538
TXN-00000850,2025-11-07T14:33:42+05:30,GOV-DBT-001,ACC-002739,13000.00,DBT_DISBURSEMENT,APP-0000647
TXN-00000649,2025-11-07T15:48:22+05:30,GOV-DBT-001,ACC-000235,31250.00,DBT_DISBURSEMENT,APP-0001253
TXN-00001207,2025-11-08T11:45:46+05:30,GOV-DBT-001,ACC-002819,35250.00,DBT_DISBURSEMENT,APP-0001097
TXN-00001038,2025-11-08T13:32:57+05:30,GOV-DBT-001,ACC-001999,35500.00,DBT_DISBURSEMENT,APP-0000798
TXN-00000418,2025-11-08T14:05:55+05:30,ACC-001832,ACC-000156,447.00,ACCOUNT_TRANSFER,
TXN-00000404,2025-11-09T10:17:53+05:30,ACC-000514,ACC-000698,409.00,ACCOUNT_TRANSFER,
TXN-00000345,2025-11-09T10:23:36+05:30,GOV-DBT-001,ACC-002722,26625.00,DBT_DISBURSEMENT,APP-0000094
TXN-00000469,2025-11-09T11:31:36+05:30,ACC-002395,ACC-000156,2323.00,ACCOUNT_TRANSFER,
TXN-00000452,2025-11-09T11:51:41+05:30,GOV-DBT-001,ACC-001038,9000.00,DBT_DISBURSEMENT,APP-0000363
TXN-00000629,2025-11-09T14:23:20+05:30,GOV-DBT-001,ACC-000787,38750.00,DBT_DISBURSEMENT,APP-0001131
TXN-00000563,2025-11-09T15:46:54+05:30,GOV-DBT-001,ACC-000421,46500.00,DBT_DISBURSEMENT,APP-0000824
TXN-00000475,2025-11-10T10:02:50+05:30,GOV-DBT-001,ACC-000545,30750.00,DBT_DISBURSEMENT,APP-0001071
TXN-00000785,2025-11-10T10:14:41+05:30,GOV-DBT-001,ACC-002326,36250.00,DBT_DISBURSEMENT,APP-0001003
TXN-00001398,2025-11-10T11:12:15+05:30,GOV-DBT-001,ACC-000200,11000.00,DBT_DISBURSEMENT,APP-0000607
TXN-00000196,2025-11-10T13:15:43+05:30,ACC-001096,ACC-002242,476.00,ACCOUNT_TRANSFER,
TXN-00001213,2025-11-10T15:51:39+05:30,GOV-DBT-001,ACC-001142,53000.00,DBT_DISBURSEMENT,APP-0001155
TXN-00001402,2025-11-11T10:13:30+05:30,GOV-DBT-001,ACC-001894,34250.00,DBT_DISBURSEMENT,APP-0000516
TXN-00000523,2025-11-11T10:24:16+05:30,GOV-DBT-001,ACC-000573,15750.00,DBT_DISBURSEMENT,APP-0000092
TXN-00000960,2025-11-11T11:45:46+05:30,ACC-000710,ACC-000817,2525.00,ACCOUNT_TRANSFER,
TXN-00000330,2025-11-11T15:17:06+05:30,ACC-000180,ACC-002147,1359.00,ACCOUNT_TRANSFER,
TXN-00001368,2025-11-11T16:45:46+05:30,ACC-000817,ACC-002819,2525.00,ACCOUNT_TRANSFER,
TXN-00000001,2025-11-11T21:45:46+05:30,ACC-002819,ACC-000710,2525.00,ACCOUNT_TRANSFER,
TXN-00001448,2025-11-12T12:20:26+05:30,GOV-DBT-001,ACC-001316,14500.00,DBT_DISBURSEMENT,APP-0000001
TXN-00000967,2025-11-12T13:12:37+05:30,ACC-000152,ACC-000201,930.00,ACCOUNT_TRANSFER,
TXN-00000768,2025-11-12T15:07:22+05:30,GOV-DBT-001,ACC-001120,29000.00,DBT_DISBURSEMENT,APP-0000985
TXN-00000820,2025-11-13T10:24:37+05:30,GOV-DBT-001,ACC-002060,16750.00,DBT_DISBURSEMENT,APP-0000183
TXN-00001296,2025-11-13T10:52:26+05:30,GOV-DBT-001,ACC-002382,29000.00,DBT_DISBURSEMENT,APP-0000488
TXN-00001490,2025-11-13T13:49:09+05:30,GOV-DBT-001,ACC-002984,5000.00,DBT_DISBURSEMENT,APP-0001340
TXN-00000167,2025-11-13T15:04:43+05:30,GOV-DBT-001,ACC-002681,15250.00,DBT_DISBURSEMENT,APP-0000992
TXN-00001573,2025-11-14T10:12:31+05:30,ACC-000253,ACC-000476,718.00,ACCOUNT_TRANSFER,
TXN-00000223,2025-11-15T10:50:22+05:30,GOV-DBT-001,ACC-002362,5250.00,DBT_DISBURSEMENT,APP-0000035
TXN-00000950,2025-11-15T14:17:59+05:30,GOV-DBT-001,ACC-001778,27250.00,DBT_DISBURSEMENT,APP-0001048
TXN-00000192,2025-11-15T14:46:34+05:30,GOV-DBT-001,ACC-000208,20500.00,DBT_DISBURSEMENT,APP-0000406
TXN-00000074,2025-11-16T10:07:47+05:30,GOV-DBT-001,ACC-000718,20500.00,DBT_DISBURSEMENT,APP-0000861
TXN-00000334,2025-11-16T11:43:07+05:30,GOV-DBT-001,ACC-001964,14500.00,DBT_DISBURSEMENT,APP-0000231
TXN-00000789,2025-11-16T13:21:03+05:30,GOV-DBT-001,ACC-000067,18750.00,DBT_DISBURSEMENT,APP-0000320
TXN-00000059,2025-11-16T14:29:39+05:30,ACC-002098,ACC-000698,691.00,ACCOUNT_TRANSFER,
TXN-00001254,2025-11-18T11:43:07+05:30,ACC-000526,ACC-001527,2362.00,ACCOUNT_TRANSFER,
TXN-00000976,2025-11-18T11:44:07+05:30,ACC-000612,ACC-001527,4812.00,ACCOUNT_TRANSFER,
TXN-00000769,2025-11-18T11:45:07+05:30,ACC-000653,ACC-001527,10500.00,ACCOUNT_TRANSFER,
TXN-00000713,2025-11-18T11:46:07+05:30,ACC-000906,ACC-001527,3762.00,ACCOUNT_TRANSFER,
TXN-00000149,2025-11-18T11:47:07+05:30,ACC-001531,ACC-001527,6387.00,ACCOUNT_TRANSFER,
TXN-00000931,2025-11-18T11:48:07+05:30,ACC-001964,ACC-001527,10150.00,ACCOUNT_TRANSFER,
TXN-00000565,2025-11-18T11:49:07+05:30,ACC-002145,ACC-001527,6037.00,ACCOUNT_TRANSFER,
TXN-00000041,2025-11-18T11:50:07+05:30,ACC-002901,ACC-001527,7874.00,ACCOUNT_TRANSFER,
TXN-00000503,2025-11-18T11:52:40+05:30,GOV-DBT-001,ACC-002984,27500.00,DBT_DISBURSEMENT,APP-0000074
TXN-00000479,2025-11-18T12:25:50+05:30,GOV-DBT-001,ACC-002533,32500.00,DBT_DISBURSEMENT,APP-0001386
TXN-00001268,2025-11-18T14:06:34+05:30,GOV-DBT-001,ACC-001463,16000.00,DBT_DISBURSEMENT,APP-0001000
TXN-00001273,2025-11-19T13:33:16+05:30,GOV-DBT-001,ACC-002289,36250.00,DBT_DISBURSEMENT,APP-0000052
TXN-00001377,2025-11-19T13:50:36+05:30,GOV-DBT-001,ACC-002457,12250.00,DBT_DISBURSEMENT,APP-0000210
TXN-00000459,2025-11-19T14:30:50+05:30,GOV-DBT-001,ACC-002375,7000.00,DBT_DISBURSEMENT,APP-0001219
TXN-00000350,2025-11-19T14:53:30+05:30,GOV-DBT-001,ACC-002298,4375.00,DBT_DISBURSEMENT,APP-0000476
TXN-00001410,2025-11-19T15:51:39+05:30,ACC-001142,ACC-000476,3066.00,ACCOUNT_TRANSFER,
TXN-00001199,2025-11-20T12:44:52+05:30,GOV-DBT-001,ACC-000960,31750.00,DBT_DISBURSEMENT,APP-0000544
TXN-00001226,2025-11-20T13:17:45+05:30,GOV-DBT-001,ACC-001267,10000.00,DBT_DISBURSEMENT,APP-0000690
TXN-00001232,2025-11-20T14:17:31+05:30,GOV-DBT-001,ACC-002040,17500.00,DBT_DISBURSEMENT,APP-0000649
TXN-00001069,2025-11-21T10:16:18+05:30,GOV-DBT-001,ACC-002199,28750.00,DBT_DISBURSEMENT,APP-0000382
TXN-00000597,2025-11-21T11:19:20+05:30,GOV-DBT-001,ACC-002620,29750.00,DBT_DISBURSEMENT,APP-0000439
TXN-00000666,2025-11-21T13:13:25+05:30,GOV-DBT-001,ACC-001542,37000.00,DBT_DISBURSEMENT,APP-0000926
TXN-00001412,2025-11-21T15:24:17+05:30,GOV-DBT-001,ACC-002154,20750.00,DBT_DISBURSEMENT,APP-0000611
TXN-00000252,2025-11-22T13:15:36+05:30,ACC-002849,ACC-000709,2022.00,ACCOUNT_TRANSFER,
TXN-00000729,2025-11-22T15:42:16+05:30,ACC-002355,ACC-000709,889.00,ACCOUNT_TRANSFER,
TXN-00000390,2025-11-23T11:18:41+05:30,GOV-DBT-001,ACC-002960,22250.00,DBT_DISBURSEMENT,APP-0000983
TXN-00000852,2025-11-24T15:46:43+05:30,ACC-001387,ACC-002242,2949.00,ACCOUNT_TRANSFER,
TXN-00001524,2025-11-25T11:47:23+05:30,GOV-DBT-001,ACC-000970,23000.00,DBT_DISBURSEMENT,APP-0001380
TXN-00000749,2025-11-25T11:51:25+05:30,GOV-DBT-001,ACC-001055,7500.00,DBT_DISBURSEMENT,APP-0000387
TXN-00001256,2025-11-25T12:14:04+05:30,GOV-DBT-001,ACC-000691,33250.00,DBT_DISBURSEMENT,APP-0000299
TXN-00000444,2025-11-25T14:21:40+05:30,GOV-DBT-001,ACC-001482,18250.00,DBT_DISBURSEMENT,APP-0000007
TXN-00000087,2025-11-25T15:11:51+05:30,GOV-DBT-001,ACC-002623,8000.00,DBT_DISBURSEMENT,APP-0000638
TXN-00000798,2025-11-26T10:37:29+05:30,GOV-DBT-001,ACC-000576,17250.00,DBT_DISBURSEMENT,APP-0001207
TXN-00001497,2025-11-26T10:52:49+05:30,GOV-DBT-001,ACC-000553,6000.00,DBT_DISBURSEMENT,APP-0000188
TXN-00001255,2025-11-26T14:41:10+05:30,GOV-DBT-001,ACC-001402,12500.00,DBT_DISBURSEMENT,APP-0001216
TXN-00000351,2025-11-27T11:17:51+05:30,GOV-DBT-001,ACC-001189,16000.00,DBT_DISBURSEMENT,APP-0001116
TXN-00000026,2025-11-27T12:38:22+05:30,GOV-DBT-001,ACC-001473,8875.00,DBT_DISBURSEMENT,APP-0000765
TXN-00000124,2025-11-27T13:20:26+05:30,GOV-DBT-001,ACC-000714,13750.00,DBT_DISBURSEMENT,APP-0001008
TXN-00000450,2025-11-28T15:12:28+05:30,GOV-DBT-001,ACC-002589,29750.00,DBT_DISBURSEMENT,APP-0000448
TXN-00000952,2025-11-29T14:10:20+05:30,GOV-DBT-001,ACC-001113,23500.00,DBT_DISBURSEMENT,APP-0000114
TXN-00000291,2025-11-30T14:35:09+05:30,GOV-DBT-001,ACC-002669,37750.00,DBT_DISBURSEMENT,APP-0000628
TXN-00001404,2025-11-30T15:18:49+05:30,GOV-DBT-001,ACC-001332,36500.00,DBT_DISBURSEMENT,APP-0000614
TXN-00001022,2025-12-01T12:20:47+05:30,GOV-DBT-001,ACC-001999,9250.00,DBT_DISBURSEMENT,APP-0001244
TXN-00000230,2025-12-01T13:46:35+05:30,GOV-DBT-001,ACC-002969,1500.00,DBT_DISBURSEMENT,APP-0001002
TXN-00001441,2025-12-02T10:01:30+05:30,GOV-DBT-001,ACC-002221,55500.00,DBT_DISBURSEMENT,APP-0000641
TXN-00000133,2025-12-02T13:21:03+05:30,ACC-000067,ACC-000201,434.00,ACCOUNT_TRANSFER,
TXN-00000408,2025-12-02T13:30:53+05:30,GOV-DBT-001,ACC-000797,11000.00,DBT_DISBURSEMENT,APP-0000914
TXN-00000122,2025-12-02T15:56:34+05:30,GOV-DBT-001,ACC-002604,15750.00,DBT_DISBURSEMENT,APP-0001087
TXN-00000557,2025-12-03T11:10:56+05:30,GOV-DBT-001,ACC-001707,27250.00,DBT_DISBURSEMENT,APP-0000862
TXN-00000660,2025-12-03T11:51:25+05:30,ACC-001055,ACC-002147,2273.00,ACCOUNT_TRANSFER,
TXN-00000189,2025-12-03T11:58:37+05:30,GOV-DBT-001,ACC-002281,13250.00,DBT_DISBURSEMENT,APP-0001284
TXN-00001042,2025-12-03T13:47:32+05:30,GOV-DBT-001,ACC-001720,17750.00,DBT_DISBURSEMENT,APP-0001026
TXN-00001058,2025-12-03T14:02:44+05:30,GOV-DBT-001,ACC-001440,7250.00,DBT_DISBURSEMENT,APP-0000067
TXN-00001287,2025-12-03T14:16:44+05:30,GOV-DBT-001,ACC-001362,25250.00,DBT_DISBURSEMENT,APP-0000917
TXN-00000561,2025-12-03T15:29:52+05:30,GOV-DBT-001,ACC-002338,46250.00,DBT_DISBURSEMENT,APP-0000724
TXN-00000941,2025-12-04T14:19:56+05:30,GOV-DBT-001,ACC-001318,52250.00,DBT_DISBURSEMENT,APP-0000247
TXN-00000665,2025-12-04T15:07:22+05:30,ACC-001120,ACC-000156,932.00,ACCOUNT_TRANSFER,
TXN-00001480,2025-12-05T11:27:28+05:30,GOV-DBT-001,ACC-001541,12625.00,DBT_DISBURSEMENT,APP-0000150
TXN-00000243,2025-12-05T13:13:51+05:30,GOV-DBT-001,ACC-002822,10000.00,DBT_DISBURSEMENT,APP-0001101
TXN-00001250,2025-12-05T13:54:06+05:30,GOV-DBT-001,ACC-002850,48500.00,DBT_DISBURSEMENT,APP-0000066
TXN-00000502,2025-12-05T15:15:25+05:30,GOV-DBT-001,ACC-002309,9750.00,DBT_DISBURSEMENT,APP-0000621
TXN-00000353,2025-12-05T15:50:27+05:30,GOV-DBT-001,ACC-001740,46250.00,DBT_DISBURSEMENT,APP-0001023
TXN-00000783,2025-12-05T15:55:02+05:30,GOV-DBT-001,ACC-001712,4000.00,DBT_DISBURSEMENT,APP-0000680
TXN-00000056,2025-12-06T11:14:45+05:30,GOV-DBT-001,ACC-001940,25000.00,DBT_DISBURSEMENT,APP-0000710
TXN-00000451,2025-12-06T11:25:55+05:30,GOV-DBT-001,ACC-001664,21750.00,DBT_DISBURSEMENT,APP-0000263
TXN-00000226,2025-12-06T14:07:48+05:30,GOV-DBT-001,ACC-002351,44250.00,DBT_DISBURSEMENT,APP-0000119
TXN-00000929,2025-12-06T14:45:47+05:30,GOV-DBT-001,ACC-001645,16250.00,DBT_DISBURSEMENT,APP-0001374
TXN-00000098,2025-12-07T13:16:55+05:30,GOV-DBT-001,ACC-002348,17125.00,DBT_DISBURSEMENT,APP-0000869
TXN-00000496,2025-12-07T14:49:13+05:30,GOV-DBT-001,ACC-002192,25250.00,DBT_DISBURSEMENT,APP-0001274
TXN-00001105,2025-12-07T15:11:39+05:30,GOV-DBT-001,ACC-001864,17500.00,DBT_DISBURSEMENT,APP-0000560
TXN-00000654,2025-12-07T15:14:47+05:30,GOV-DBT-001,ACC-000868,3500.00,DBT_DISBURSEMENT,APP-0000612
TXN-00000153,2025-12-08T12:40:06+05:30,GOV-DBT-001,ACC-001534,51500.00,DBT_DISBURSEMENT,APP-0000554
TXN-00000295,2025-12-09T13:14:43+05:30,GOV-DBT-001,ACC-001203,24750.00,DBT_DISBURSEMENT,APP-0000954
TXN-00000838,2025-12-09T13:57:44+05:30,GOV-DBT-001,ACC-002066,10000.00,DBT_DISBURSEMENT,APP-0001324
TXN-00000547,2025-12-10T14:42:56+05:30,GOV-DBT-001,ACC-000864,30500.00,DBT_DISBURSEMENT,APP-0001100
TXN-00000490,2025-12-10T15:26:05+05:30,GOV-DBT-001,ACC-000108,22250.00,DBT_DISBURSEMENT,APP-0000847
TXN-00000282,2025-12-10T15:55:34+05:30,GOV-DBT-001,ACC-001539,9000.00,DBT_DISBURSEMENT,APP-0000155
TXN-00001285,2025-12-11T10:49:45+05:30,GOV-DBT-001,ACC-000598,21750.00,DBT_DISBURSEMENT,APP-0001176
TXN-00000152,2025-12-11T11:52:40+05:30,GOV-DBT-001,ACC-002984,27500.00,DBT_DISBURSEMENT,APP-0000074
TXN-00000599,2025-12-11T12:41:03+05:30,GOV-DBT-001,ACC-001017,2250.00,DBT_DISBURSEMENT,APP-0001061
TXN-00001041,2025-12-11T12:51:36+05:30,GOV-DBT-001,ACC-000500,17500.00,DBT_DISBURSEMENT,APP-0000995
TXN-00001176,2025-12-11T15:44:54+05:30,GOV-DBT-001,ACC-001949,3500.00,DBT_DISBURSEMENT,APP-0000366
TXN-00001400,2025-12-12T12:40:23+05:30,GOV-DBT-001,ACC-002345,28750.00,DBT_DISBURSEMENT,APP-0001017
TXN-00000256,2025-12-12T13:38:15+05:30,GOV-DBT-001,ACC-002926,28500.00,DBT_DISBURSEMENT,APP-0000525
TXN-00001557,2025-12-12T15:27:56+05:30,GOV-DBT-001,ACC-000153,8750.00,DBT_DISBURSEMENT,APP-0001163
TXN-00000733,2025-12-13T10:24:34+05:30,GOV-DBT-001,ACC-002235,39500.00,DBT_DISBURSEMENT,APP-0000916
TXN-00001188,2025-12-13T12:57:48+05:30,GOV-DBT-001,ACC-002449,7250.00,DBT_DISBURSEMENT,APP-0000840
TXN-00000878,2025-12-13T13:20:26+05:30,ACC-000714,ACC-002147,828.00,ACCOUNT_TRANSFER,
TXN-00001345,2025-12-15T11:47:58+05:30,GOV-DBT-001,ACC-001678,33250.00,DBT_DISBURSEMENT,APP-0000292
TXN-00000861,2025-12-15T11:54:58+05:30,GOV-DBT-001,ACC-002048,14750.00,DBT_DISBURSEMENT,APP-0000079
TXN-00001310,2025-12-16T14:35:09+05:30,ACC-002669,ACC-000698,577.00,ACCOUNT_TRANSFER,
TXN-00001173,2025-12-17T12:01:26+05:30,GOV-DBT-001,ACC-002040,3250.00,DBT_DISBURSEMENT,APP-0000481
TXN-00000790,2025-12-17T13:22:59+05:30,GOV-DBT-001,ACC-002639,31500.00,DBT_DISBURSEMENT,APP-0000626
TXN-00000217,2025-12-18T12:01:45+05:30,GOV-DBT-001,ACC-002056,40250.00,DBT_DISBURSEMENT,APP-0000063
TXN-00001516,2025-12-19T13:03:56+05:30,GOV-DBT-001,ACC-002873,18000.00,DBT_DISBURSEMENT,APP-0000991
TXN-00001411,2025-12-19T14:38:03+05:30,GOV-DBT-001,ACC-000383,52250.00,DBT_DISBURSEMENT,APP-0000996
TXN-00000619,2025-12-20T14:41:10+05:30,ACC-001402,ACC-000709,364.00,ACCOUNT_TRANSFER,
TXN-00000983,2025-12-20T15:29:52+05:30,ACC-002338,ACC-000709,1282.00,ACCOUNT_TRANSFER,
TXN-00000804,2025-12-21T15:56:34+05:30,ACC-002604,ACC-000476,1019.00,ACCOUNT_TRANSFER,
TXN-00000634,2025-12-22T12:28:29+05:30,GOV-DBT-001,ACC-000250,27000.00,DBT_DISBURSEMENT,APP-0000442
TXN-00001568,2025-12-22T14:45:47+05:30,ACC-001645,ACC-002242,650.00,ACCOUNT_TRANSFER,
TXN-00000289,2025-12-22T15:44:54+05:30,ACC-001949,ACC-002147,206.00,ACCOUNT_TRANSFER,
TXN-00001202,2025-12-23T13:57:44+05:30,ACC-002066,ACC-000156,3034.00,ACCOUNT_TRANSFER,
TXN-00001228,2025-12-23T15:31:36+05:30,GOV-DBT-001,ACC-001357,9000.00,DBT_DISBURSEMENT,APP-0000699
TXN-00000107,2025-12-24T13:13:51+05:30,ACC-002822,ACC-000698,1561.00,ACCOUNT_TRANSFER,
TXN-00000312,2025-12-24T14:38:03+05:30,ACC-000563,ACC-000383,750.00,ACCOUNT_TRANSFER,
TXN-00000648,2025-12-24T14:50:03+05:30,ACC-000383,ACC-001827,750.00,ACCOUNT_TRANSFER,
TXN-00000661,2025-12-24T15:02:03+05:30,ACC-001827,ACC-001778,750.00,ACCOUNT_TRANSFER,
TXN-00001274,2025-12-24T15:14:03+05:30,ACC-001778,ACC-000563,750.00,ACCOUNT_TRANSFER,
TXN-00001019,2025-12-24T15:18:58+05:30,GOV-DBT-001,ACC-000329,32000.00,DBT_DISBURSEMENT,APP-0000526
TXN-00000959,2025-12-25T13:18:16+05:30,GOV-DBT-001,ACC-001682,24750.00,DBT_DISBURSEMENT,APP-0000723
TXN-00000646,2025-12-25T13:44:03+05:30,GOV-DBT-001,ACC-000754,42750.00,DBT_DISBURSEMENT,APP-0000421
TXN-00001354,2025-12-27T10:24:34+05:30,ACC-002235,ACC-000201,2466.00,ACCOUNT_TRANSFER,
TXN-00000131,2025-12-27T15:50:27+05:30,ACC-001740,ACC-000156,4352.00,ACCOUNT_TRANSFER,
TXN-00000631,2025-12-28T10:37:29+05:30,GOV-DBT-001,ACC-000576,17250.00,DBT_DISBURSEMENT,APP-0001207
TXN-00000815,2025-12-28T10:50:38+05:30,GOV-DBT-001,ACC-002720,2125.00,DBT_DISBURSEMENT,APP-0000770
TXN-00000139,2025-12-28T15:30:11+05:30,GOV-DBT-001,ACC-000300,28250.00,DBT_DISBURSEMENT,APP-0000304
TXN-00001484,2025-12-29T13:38:15+05:30,ACC-002926,ACC-000698,484.00,ACCOUNT_TRANSFER,
TXN-00000980,2025-12-29T15:27:56+05:30,ACC-000153,ACC-000698,1101.00,ACCOUNT_TRANSFER,
TXN-00000637,2025-12-31T10:50:38+05:30,ACC-002049,ACC-002720,425.00,ACCOUNT_TRANSFER,
TXN-00000147,2025-12-31T12:57:48+05:30,ACC-002449,ACC-000476,1260.00,ACCOUNT_TRANSFER,
TXN-00000873,2025-12-31T15:50:38+05:30,ACC-002720,ACC-002504,425.00,ACCOUNT_TRANSFER,
TXN-00000812,2025-12-31T20:50:38+05:30,ACC-002504,ACC-002049,425.00,ACCOUNT_TRANSFER,
TXN-00000263,2026-01-04T12:41:03+05:30,GOV-DBT-001,ACC-001017,2250.00,DBT_DISBURSEMENT,APP-0001061
TXN-00001372,2026-01-06T10:37:29+05:30,ACC-000576,ACC-000709,1765.00,ACCOUNT_TRANSFER,
TXN-00001440,2026-01-09T13:16:55+05:30,GOV-DBT-001,ACC-002348,17125.00,DBT_DISBURSEMENT,APP-0000869
